id,category,source,case_id,key_path,ko,en,ja,zh-CN,notes
hardcoded_source_literal_src_components_pc_evidence_EvidenceSubViewers.tsx_line:44,hardcoded_source_literal,src/components/pc/evidence/EvidenceSubViewers.tsx,,line:44,속도,Speed,速度,速度,Visible Korean/CJK source literal outside i18n/data. Review whether it should move into i18n or remain developer-only.
hardcoded_source_literal_src_components_pc_evidence_EvidenceSubViewers.tsx_line:45,hardcoded_source_literal,src/components/pc/evidence/EvidenceSubViewers.tsx,,line:45,조회 기간 미상,Lookup period unknown,照会期間不明,查询期间不明,Visible Korean/CJK source literal outside i18n/data. Review whether it should move into i18n or remain developer-only.
hardcoded_source_literal_src_components_pc_evidence_EvidenceSubViewers.tsx_line:46,hardcoded_source_literal,src/components/pc/evidence/EvidenceSubViewers.tsx,,line:46,금융거래 내역 조회표,Financial Transaction Lookup Sheet,金融取引明細照会表,金融交易明细查询表,Visible Korean/CJK source literal outside i18n/data. Review whether it should move into i18n or remain developer-only.
hardcoded_source_literal_src_components_pc_evidence_EvidenceSubViewers.tsx_line:47,hardcoded_source_literal,src/components/pc/evidence/EvidenceSubViewers.tsx,,line:47,{period} / 거래 원장 출력본,{period} / Transaction ledger printout,{period} / 取引元帳出力,{period} / 交易台账打印件,Visible Korean/CJK source literal outside i18n/data. Review whether it should move into i18n or remain developer-only.
hardcoded_source_literal_src_components_pc_evidence_EvidenceSubViewers.tsx_line:48,hardcoded_source_literal,src/components/pc/evidence/EvidenceSubViewers.tsx,,line:48,거래확인,Transaction Check,取引確認,交易确认,Visible Korean/CJK source literal outside i18n/data. Review whether it should move into i18n or remain developer-only.
hardcoded_source_literal_src_components_pc_evidence_EvidenceSubViewers.tsx_line:49,hardcoded_source_literal,src/components/pc/evidence/EvidenceSubViewers.tsx,,line:49,중점 거래 {count}건 표시 · 제출용 사본,{count} key transactions shown · Copy for submission,重点取引{count}件を表示・提出用写し,显示{count}笔重点交易 · 提交用副本,Visible Korean/CJK source literal outside i18n/data. Review whether it should move into i18n or remain developer-only.
hardcoded_source_literal_src_components_pc_evidence_EvidenceSubViewers.tsx_line:50,hardcoded_source_literal,src/components/pc/evidence/EvidenceSubViewers.tsx,,line:50,조회 계좌,Queried Account,照会口座,查询账户,Visible Korean/CJK source literal outside i18n/data. Review whether it should move into i18n or remain developer-only.
hardcoded_source_literal_src_components_pc_evidence_EvidenceSubViewers.tsx_line:51,hardcoded_source_literal,src/components/pc/evidence/EvidenceSubViewers.tsx,,line:51,제출자 보관 계좌,Submitter-held Account,提出者保管口座,提交人保管账户,Visible Korean/CJK source literal outside i18n/data. Review whether it should move into i18n or remain developer-only.
hardcoded_source_literal_src_components_pc_evidence_EvidenceSubViewers.tsx_line:52,hardcoded_source_literal,src/components/pc/evidence/EvidenceSubViewers.tsx,,line:52,표시 기준,Display Basis,表示基準,显示标准,Visible Korean/CJK source literal outside i18n/data. Review whether it should move into i18n or remain developer-only.
hardcoded_source_literal_src_components_pc_evidence_EvidenceSubViewers.tsx_line:53,hardcoded_source_literal,src/components/pc/evidence/EvidenceSubViewers.tsx,,line:53,입출금·잔액 대조,Deposits/Withdrawals & Balance Check,入出金・残高照合,收支与余额核对,Visible Korean/CJK source literal outside i18n/data. Review whether it should move into i18n or remain developer-only.
hardcoded_source_literal_src_components_pc_evidence_EvidenceSubViewers.tsx_line:54,hardcoded_source_literal,src/components/pc/evidence/EvidenceSubViewers.tsx,,line:54,금융거래 내역,Financial Transactions,金融取引明細,金融交易明细,Visible Korean/CJK source literal outside i18n/data. Review whether it should move into i18n or remain developer-only.
hardcoded_source_literal_src_components_pc_evidence_EvidenceSubViewers.tsx_line:55,hardcoded_source_literal,src/components/pc/evidence/EvidenceSubViewers.tsx,,line:55,거래일,Transaction Date,取引日,交易日,Visible Korean/CJK source literal outside i18n/data. Review whether it should move into i18n or remain developer-only.
hardcoded_source_literal_src_components_pc_evidence_EvidenceSubViewers.tsx_line:56,hardcoded_source_literal,src/components/pc/evidence/EvidenceSubViewers.tsx,,line:56,적요,Description,摘要,摘要,Visible Korean/CJK source literal outside i18n/data. Review whether it should move into i18n or remain developer-only.
hardcoded_source_literal_src_components_pc_evidence_EvidenceSubViewers.tsx_line:57,hardcoded_source_literal,src/components/pc/evidence/EvidenceSubViewers.tsx,,line:57,거래금액,Transaction Amount,取引金額,交易金额,Visible Korean/CJK source literal outside i18n/data. Review whether it should move into i18n or remain developer-only.
hardcoded_source_literal_src_components_pc_evidence_EvidenceSubViewers.tsx_line:58,hardcoded_source_literal,src/components/pc/evidence/EvidenceSubViewers.tsx,,line:58,잔액,Balance,残高,余额,Visible Korean/CJK source literal outside i18n/data. Review whether it should move into i18n or remain developer-only.
hardcoded_source_literal_src_components_pc_evidence_EvidenceSubViewers.tsx_line:59,hardcoded_source_literal,src/components/pc/evidence/EvidenceSubViewers.tsx,,line:59,대화 캡처 페이지,Chat Screenshot Page,会話スクリーンショットページ,对话截图页面,Visible Korean/CJK source literal outside i18n/data. Review whether it should move into i18n or remain developer-only.
hardcoded_source_literal_src_components_pc_evidence_EvidenceSubViewers.tsx_line:60,hardcoded_source_literal,src/components/pc/evidence/EvidenceSubViewers.tsx,,line:60,{index}쪽,Page {index},{index}ページ,第{index}页,Visible Korean/CJK source literal outside i18n/data. Review whether it should move into i18n or remain developer-only.
hardcoded_source_literal_src_components_pc_evidence_EvidenceSubViewers.tsx_line:61,hardcoded_source_literal,src/components/pc/evidence/EvidenceSubViewers.tsx,,line:61,상대방,Counterparty,相手方,对方,Visible Korean/CJK source literal outside i18n/data. Review whether it should move into i18n or remain developer-only.
hardcoded_source_literal_src_components_pc_evidence_EvidenceSubViewers.tsx_line:63,hardcoded_source_literal,src/components/pc/evidence/EvidenceSubViewers.tsx,,line:63,채팅 입력 상태,Chat Input Status,チャット入力状態,聊天输入状态,Visible Korean/CJK source literal outside i18n/data. Review whether it should move into i18n or remain developer-only.
hardcoded_source_literal_src_components_pc_evidence_EvidenceSubViewers.tsx_line:64,hardcoded_source_literal,src/components/pc/evidence/EvidenceSubViewers.tsx,,line:64,단체 대화방,Group Chat Room,グループチャットルーム,群聊房间,Visible Korean/CJK source literal outside i18n/data. Review whether it should move into i18n or remain developer-only.
hardcoded_source_literal_src_components_pc_evidence_EvidenceSubViewers.tsx_line:65,hardcoded_source_literal,src/components/pc/evidence/EvidenceSubViewers.tsx,,line:65,발신자 미상,Unknown Sender,送信者不明,未知发件人,Visible Korean/CJK source literal outside i18n/data. Review whether it should move into i18n or remain developer-only.
hardcoded_source_literal_src_components_pc_evidence_EvidenceSubViewers.tsx_line:66,hardcoded_source_literal,src/components/pc/evidence/EvidenceSubViewers.tsx,,line:66,확인,Check,確認,确认,Visible Korean/CJK source literal outside i18n/data. Review whether it should move into i18n or remain developer-only.
hardcoded_source_literal_src_components_pc_evidence_EvidenceSubViewers.tsx_line:67,hardcoded_source_literal,src/components/pc/evidence/EvidenceSubViewers.tsx,,line:67,항목,Item,項目,项目,Visible Korean/CJK source literal outside i18n/data. Review whether it should move into i18n or remain developer-only.
hardcoded_source_literal_src_components_pc_evidence_EvidenceSubViewers.tsx_line:68,hardcoded_source_literal,src/components/pc/evidence/EvidenceSubViewers.tsx,,line:68,공증,Notarization,公証,公证,Visible Korean/CJK source literal outside i18n/data. Review whether it should move into i18n or remain developer-only.
hardcoded_source_literal_src_components_pc_evidence_EvidenceSubViewers.tsx_line:69,hardcoded_source_literal,src/components/pc/evidence/EvidenceSubViewers.tsx,,line:69,전 요양보호사 음성증언,Former Caregiver Audio Testimony,元介護職員の音声証言,前护理员语音证言,Visible Korean/CJK source literal outside i18n/data. Review whether it should move into i18n or remain developer-only.
hardcoded_source_literal_src_components_pc_evidence_EvidenceSubViewers.tsx_line:70,hardcoded_source_literal,src/components/pc/evidence/EvidenceSubViewers.tsx,,line:70,속기사 녹취 요약 / 음성 원본 대조,Stenographer Transcript Summary / Audio Original Cross-check,速記録要約／音声原本照合,速记转录摘要 / 原始音频核对,Visible Korean/CJK source literal outside i18n/data. Review whether it should move into i18n or remain developer-only.
hardcoded_source_literal_src_components_pc_evidence_EvidenceSubViewers.tsx_line:71,hardcoded_source_literal,src/components/pc/evidence/EvidenceSubViewers.tsx,,line:71,증언 정보,Testimony Info,証言情報,证言信息,Visible Korean/CJK source literal outside i18n/data. Review whether it should move into i18n or remain developer-only.
hardcoded_source_literal_src_components_pc_evidence_EvidenceSubViewers.tsx_line:72,hardcoded_source_literal,src/components/pc/evidence/EvidenceSubViewers.tsx,,line:72,증언자,Testifier,証言者,证言人,Visible Korean/CJK source literal outside i18n/data. Review whether it should move into i18n or remain developer-only.
hardcoded_source_literal_src_components_pc_evidence_EvidenceSubViewers.tsx_line:73,hardcoded_source_literal,src/components/pc/evidence/EvidenceSubViewers.tsx,,line:73,관계,Relationship,関係,关系,Visible Korean/CJK source literal outside i18n/data. Review whether it should move into i18n or remain developer-only.
hardcoded_source_literal_src_components_pc_evidence_EvidenceSubViewers.tsx_line:74,hardcoded_source_literal,src/components/pc/evidence/EvidenceSubViewers.tsx,,line:74,확실도,Certainty,確実度,确信度,Visible Korean/CJK source literal outside i18n/data. Review whether it should move into i18n or remain developer-only.
hardcoded_source_literal_src_components_pc_evidence_EvidenceSubViewers.tsx_line:75,hardcoded_source_literal,src/components/pc/evidence/EvidenceSubViewers.tsx,,line:75,편향도,Bias,偏り度,偏向度,Visible Korean/CJK source literal outside i18n/data. Review whether it should move into i18n or remain developer-only.
hardcoded_source_literal_src_components_pc_evidence_EvidenceSubViewers.tsx_line:76,hardcoded_source_literal,src/components/pc/evidence/EvidenceSubViewers.tsx,,line:76,A편,A-leaning,A寄り,偏A方,Visible Korean/CJK source literal outside i18n/data. Review whether it should move into i18n or remain developer-only.
hardcoded_source_literal_src_components_pc_evidence_EvidenceSubViewers.tsx_line:77,hardcoded_source_literal,src/components/pc/evidence/EvidenceSubViewers.tsx,,line:77,중립,Neutral,中立,中立,Visible Korean/CJK source literal outside i18n/data. Review whether it should move into i18n or remain developer-only.
hardcoded_source_literal_src_components_pc_evidence_EvidenceSubViewers.tsx_line:78,hardcoded_source_literal,src/components/pc/evidence/EvidenceSubViewers.tsx,,line:78,B편,B-leaning,B寄り,偏B方,Visible Korean/CJK source literal outside i18n/data. Review whether it should move into i18n or remain developer-only.
hardcoded_source_literal_src_components_pc_evidence_EvidenceSubViewers.tsx_line:79,hardcoded_source_literal,src/components/pc/evidence/EvidenceSubViewers.tsx,,line:79,속기사 녹취 내용,Stenographer Transcript,速記録内容,速记转录内容,Visible Korean/CJK source literal outside i18n/data. Review whether it should move into i18n or remain developer-only.
hardcoded_source_literal_src_components_pc_evidence_EvidenceSubViewers.tsx_line:80,hardcoded_source_literal,src/components/pc/evidence/EvidenceSubViewers.tsx,,line:80,직접 목격 진술,Direct Eyewitness Statement,直接目撃陳述,直接目击陈述,Visible Korean/CJK source literal outside i18n/data. Review whether it should move into i18n or remain developer-only.
hardcoded_source_literal_src_components_pc_evidence_EvidenceSubViewers.tsx_line:81,hardcoded_source_literal,src/components/pc/evidence/EvidenceSubViewers.tsx,,line:81,전언 포함,Includes Hearsay,伝聞含む,含转述,Visible Korean/CJK source literal outside i18n/data. Review whether it should move into i18n or remain developer-only.
hardcoded_source_literal_src_components_pc_evidence_EvidenceSubViewers.tsx_line:82,hardcoded_source_literal,src/components/pc/evidence/EvidenceSubViewers.tsx,,line:82,관련 참조,Related References,関連参照,相关参照,Visible Korean/CJK source literal outside i18n/data. Review whether it should move into i18n or remain developer-only.
hardcoded_source_literal_src_components_pc_evidence_EvidenceSubViewers.tsx_line:83,hardcoded_source_literal,src/components/pc/evidence/EvidenceSubViewers.tsx,,line:83,← 이전 프레임,← Previous Frame,← 前のフレーム,← 上一帧,Visible Korean/CJK source literal outside i18n/data. Review whether it should move into i18n or remain developer-only.
hardcoded_source_literal_src_components_pc_evidence_EvidenceSubViewers.tsx_line:84,hardcoded_source_literal,src/components/pc/evidence/EvidenceSubViewers.tsx,,line:84,다음 프레임 →,Next Frame →,次のフレーム →,下一帧 →,Visible Korean/CJK source literal outside i18n/data. Review whether it should move into i18n or remain developer-only.
hardcoded_source_literal_src_components_pc_evidence_EvidenceSubViewers.tsx_line:85,hardcoded_source_literal,src/components/pc/evidence/EvidenceSubViewers.tsx,,line:85,발신,Outgoing,発信,发出,Visible Korean/CJK source literal outside i18n/data. Review whether it should move into i18n or remain developer-only.
hardcoded_source_literal_src_components_pc_evidence_EvidenceSubViewers.tsx_line:86,hardcoded_source_literal,src/components/pc/evidence/EvidenceSubViewers.tsx,,line:86,수신·방문,Incoming/Visit,受信・訪問,接收·访问,Visible Korean/CJK source literal outside i18n/data. Review whether it should move into i18n or remain developer-only.
hardcoded_source_literal_src_components_pc_evidence_EvidenceSubViewers.tsx_line:87,hardcoded_source_literal,src/components/pc/evidence/EvidenceSubViewers.tsx,,line:87,부재중·변경,Missed/Changed,不在・変更,未接·变更,Visible Korean/CJK source literal outside i18n/data. Review whether it should move into i18n or remain developer-only.
hardcoded_source_literal_src_components_pc_evidence_EvidenceSubViewers.tsx_line:88,hardcoded_source_literal,src/components/pc/evidence/EvidenceSubViewers.tsx,,line:88,통화 기록 대장,Call Log Register,通話記録台帳,通话记录台账,Visible Korean/CJK source literal outside i18n/data. Review whether it should move into i18n or remain developer-only.
hardcoded_source_literal_src_components_pc_evidence_EvidenceSubViewers.tsx_line:89,hardcoded_source_literal,src/components/pc/evidence/EvidenceSubViewers.tsx,,line:89,기록 대장,Record Register,記録台帳,记录台账,Visible Korean/CJK source literal outside i18n/data. Review whether it should move into i18n or remain developer-only.
hardcoded_source_literal_src_components_pc_evidence_EvidenceSubViewers.tsx_line:90,hardcoded_source_literal,src/components/pc/evidence/EvidenceSubViewers.tsx,,line:90,기록 페이지,Record Page,記録ページ,记录页面,Visible Korean/CJK source literal outside i18n/data. Review whether it should move into i18n or remain developer-only.
hardcoded_source_literal_src_components_pc_evidence_EvidenceSubViewers.tsx_line:91,hardcoded_source_literal,src/components/pc/evidence/EvidenceSubViewers.tsx,,line:91,기록 필터,Record Filter,記録フィルター,记录筛选,Visible Korean/CJK source literal outside i18n/data. Review whether it should move into i18n or remain developer-only.
hardcoded_source_literal_src_components_pc_evidence_EvidenceSubViewers.tsx_line:92,hardcoded_source_literal,src/components/pc/evidence/EvidenceSubViewers.tsx,,line:92,{total}건 중 {shown}건 표시 / {source} 제출 사본,"{total} total, {shown} shown / {source} submission copy",{total}件中{shown}件を表示／{source}提出写し,显示{total}条中的{shown}条 / {source}提交副本,Visible Korean/CJK source literal outside i18n/data. Review whether it should move into i18n or remain developer-only.
hardcoded_source_literal_src_components_pc_evidence_EvidenceSubViewers.tsx_line:93,hardcoded_source_literal,src/components/pc/evidence/EvidenceSubViewers.tsx,,line:93,통신사,Carrier,通信会社,通信运营商,Visible Korean/CJK source literal outside i18n/data. Review whether it should move into i18n or remain developer-only.
hardcoded_source_literal_src_components_pc_evidence_EvidenceSubViewers.tsx_line:94,hardcoded_source_literal,src/components/pc/evidence/EvidenceSubViewers.tsx,,line:94,기관,Agency,機関,机构,Visible Korean/CJK source literal outside i18n/data. Review whether it should move into i18n or remain developer-only.
hardcoded_source_literal_src_components_pc_evidence_EvidenceSubViewers.tsx_line:95,hardcoded_source_literal,src/components/pc/evidence/EvidenceSubViewers.tsx,,line:95,통신확인,Communications Check,通信確認,通信确认,Visible Korean/CJK source literal outside i18n/data. Review whether it should move into i18n or remain developer-only.
hardcoded_source_literal_src_components_pc_evidence_EvidenceSubViewers.tsx_line:96,hardcoded_source_literal,src/components/pc/evidence/EvidenceSubViewers.tsx,,line:96,기관확인,Agency Check,機関確認,机构确认,Visible Korean/CJK source literal outside i18n/data. Review whether it should move into i18n or remain developer-only.
hardcoded_source_literal_src_components_pc_evidence_EvidenceSubViewers.tsx_line:97,hardcoded_source_literal,src/components/pc/evidence/EvidenceSubViewers.tsx,,line:97,통화 기록,Call Records,通話記録,通话记录,Visible Korean/CJK source literal outside i18n/data. Review whether it should move into i18n or remain developer-only.
hardcoded_source_literal_src_components_pc_evidence_EvidenceSubViewers.tsx_line:98,hardcoded_source_literal,src/components/pc/evidence/EvidenceSubViewers.tsx,,line:98,방문 및 처리 기록,Visit & Handling Records,訪問および処理記録,访问及处理记录,Visible Korean/CJK source literal outside i18n/data. Review whether it should move into i18n or remain developer-only.
hardcoded_source_literal_src_components_pc_evidence_EvidenceSubViewers.tsx_line:99,hardcoded_source_literal,src/components/pc/evidence/EvidenceSubViewers.tsx,,line:99,일자·시각,Date & Time,日付・時刻,日期·时间,Visible Korean/CJK source literal outside i18n/data. Review whether it should move into i18n or remain developer-only.
hardcoded_source_literal_src_components_pc_evidence_EvidenceSubViewers.tsx_line:996,hardcoded_source_literal,src/components/pc/evidence/EvidenceSubViewers.tsx,,line:996,A편,A-leaning,A寄り,偏A方,Visible Korean/CJK source literal outside i18n/data. Review whether it should move into i18n or remain developer-only.
hardcoded_source_literal_src_components_pc_evidence_EvidenceSubViewers.tsx_line:996,hardcoded_source_literal,src/components/pc/evidence/EvidenceSubViewers.tsx,,line:996,중립,Neutral,中立,中立,Visible Korean/CJK source literal outside i18n/data. Review whether it should move into i18n or remain developer-only.
hardcoded_source_literal_src_components_pc_evidence_EvidenceSubViewers.tsx_line:996,hardcoded_source_literal,src/components/pc/evidence/EvidenceSubViewers.tsx,,line:996,B편,B-leaning,B寄り,偏B方,Visible Korean/CJK source literal outside i18n/data. Review whether it should move into i18n or remain developer-only.
hardcoded_source_literal_src_components_pc_feedback_DiscoveryFeedbackWatcher.tsx_line:1035,hardcoded_source_literal,src/components/pc/feedback/DiscoveryFeedbackWatcher.tsx,,line:1035,증인 재심문,Re-question Witness,証人再尋問,重新询问证人,Visible Korean/CJK source literal outside i18n/data. Review whether it should move into i18n or remain developer-only.
hardcoded_source_literal_src_components_pc_feedback_DiscoveryFeedbackWatcher.tsx_line:1035,hardcoded_source_literal,src/components/pc/feedback/DiscoveryFeedbackWatcher.tsx,,line:1035,증인 심문,Witness Questioning,証人尋問,证人询问,Visible Korean/CJK source literal outside i18n/data. Review whether it should move into i18n or remain developer-only.
hardcoded_source_literal_src_components_pc_feedback_DiscoveryFeedbackWatcher.tsx_line:1039,hardcoded_source_literal,src/components/pc/feedback/DiscoveryFeedbackWatcher.tsx,,line:1039,증인 심문,Witness Questioning,証人尋問,证人询问,Visible Korean/CJK source literal outside i18n/data. Review whether it should move into i18n or remain developer-only.
hardcoded_source_literal_src_components_pc_feedback_DiscoveryFeedbackWatcher.tsx_line:1042,hardcoded_source_literal,src/components/pc/feedback/DiscoveryFeedbackWatcher.tsx,,line:1042,앞선 답변을 바탕으로 더 좁혀 물어볼 질문을 선택하세요.,Select a question that narrows the issue based on the previous answer.,前の回答をもとに、さらに絞って尋ねる質問を選んでください。,请根据先前的回答，选择进一步缩小范围的问题。,Visible Korean/CJK source literal outside i18n/data. Review whether it should move into i18n or remain developer-only.
hardcoded_source_literal_src_components_pc_feedback_DiscoveryFeedbackWatcher.tsx_line:1043,hardcoded_source_literal,src/components/pc/feedback/DiscoveryFeedbackWatcher.tsx,,line:1043,먼저 표면 정황을 확인할 질문을 선택하세요. 답변이 이어질수록 질문이 구체화됩니다.,"First choose a question to check the surface circumstances. As answers continue, the questions become more specific.",まず表面上の状況を確認する質問を選んでください。回答が続くほど、質問は具体化します。,请先选择用于确认表面情况的问题。随着回答推进，问题会逐渐具体。,Visible Korean/CJK source literal outside i18n/data. Review whether it should move into i18n or remain developer-only.
hardcoded_source_literal_src_components_pc_feedback_DiscoveryFeedbackWatcher.tsx_line:125,hardcoded_source_literal,src/components/pc/feedback/DiscoveryFeedbackWatcher.tsx,,line:125,알겠습니다. 더 돌려 말하지 않겠습니다. 숨긴 이유와 제가 한 행동을 이어서 말씀드리겠습니다.,Understood. I will not talk around it anymore. I will explain why I hid it and what I did.,わかりました。これ以上遠回しには言いません。隠した理由と、私がしたことを続けてお話しします。,我明白了。我不会再绕着说了。接下来会说明我隐瞒的理由，以及我做过的事。,Visible Korean/CJK source literal outside i18n/data. Review whether it should move into i18n or remain developer-only.
hardcoded_source_literal_src_components_pc_feedback_DiscoveryFeedbackWatcher.tsx_line:126,hardcoded_source_literal,src/components/pc/feedback/DiscoveryFeedbackWatcher.tsx,,line:126,"말씀드리겠습니다. 감정이 앞섰지만, 피하지 않고 사실관계를 이어서 말하겠습니다.","I will explain. My emotions got ahead of me, but I will not avoid it and will continue with the facts.",お話しします。感情が先走りましたが、避けずに事実関係を続けて話します。,我会说明。虽然情绪先冲了出来，但我不会回避，会继续说明事实关系。,Visible Korean/CJK source literal outside i18n/data. Review whether it should move into i18n or remain developer-only.
hardcoded_source_literal_src_components_pc_feedback_DiscoveryFeedbackWatcher.tsx_line:129,hardcoded_source_literal,src/components/pc/feedback/DiscoveryFeedbackWatcher.tsx,,line:129,네. 흥분해서 앞뒤가 흐려졌습니다. 사실관계부터 다시 정리하겠습니다.,Yes. I was upset and lost the thread. I will organize the facts again from the start.,はい。興奮して前後が曖昧になりました。事実関係から改めて整理します。,是的。我太激动，前后说得不清楚。我会先重新整理事实关系。,Visible Korean/CJK source literal outside i18n/data. Review whether it should move into i18n or remain developer-only.
hardcoded_source_literal_src_components_pc_feedback_DiscoveryFeedbackWatcher.tsx_line:130,hardcoded_source_literal,src/components/pc/feedback/DiscoveryFeedbackWatcher.tsx,,line:130,네. 잠시 정리하겠습니다. 제가 아는 사실부터 차례대로 말하겠습니다.,Yes. Let me gather myself. I will explain what I know in order.,はい。少し整理します。私が知っている事実から順に話します。,是的。请让我稍微整理一下。我会从自己知道的事实开始按顺序说明。,Visible Korean/CJK source literal outside i18n/data. Review whether it should move into i18n or remain developer-only.
hardcoded_source_literal_src_components_pc_feedback_DiscoveryFeedbackWatcher.tsx_line:139,hardcoded_source_literal,src/components/pc/feedback/DiscoveryFeedbackWatcher.tsx,,line:139,...그건... 상황이 복잡했습니다. 제가 처음에 말씀드린 것과 다른 부분이 있었습니다.,...That... the situation was complicated. Some parts were different from what I first said.,…それは…状況が複雑でした。最初にお話ししたことと違う部分がありました。,……那件事……情况很复杂。和我一开始说的有些地方不一样。,Visible Korean/CJK source literal outside i18n/data. Review whether it should move into i18n or remain developer-only.
hardcoded_source_literal_src_components_pc_feedback_DiscoveryFeedbackWatcher.tsx_line:140,hardcoded_source_literal,src/components/pc/feedback/DiscoveryFeedbackWatcher.tsx,,line:140,"재판관님, 제 기억이 혼란스러웠던 것 같습니다. 다시 정리하겠습니다.","Your Honor, I think my memory was confused. I will sort it out again.",裁判官、私の記憶が混乱していたようです。改めて整理します。,法官，我的记忆可能有些混乱。我会重新整理。,Visible Korean/CJK source literal outside i18n/data. Review whether it should move into i18n or remain developer-only.
hardcoded_source_literal_src_components_pc_feedback_DiscoveryFeedbackWatcher.tsx_line:141,hardcoded_source_literal,src/components/pc/feedback/DiscoveryFeedbackWatcher.tsx,,line:141,그건... 제가 말한 것과 다르지 않습니다. 맥락이 다른 것입니다.,That is... not different from what I said. The context is different.,それは…私が言ったことと違うわけではありません。文脈が違うのです。,那个……并不是和我说的不一样。只是语境不同。,Visible Korean/CJK source literal outside i18n/data. Review whether it should move into i18n or remain developer-only.
hardcoded_source_literal_src_components_pc_feedback_DiscoveryFeedbackWatcher.tsx_line:15,hardcoded_source_literal,src/components/pc/feedback/DiscoveryFeedbackWatcher.tsx,,line:15,진술 흐름에서 확인할 지점이 생겼습니다. 추가 질문으로 맥락을 확인하세요.,A point to check has emerged in the statement flow. Use follow-up questions to confirm the context.,陳述の流れに確認すべき点が生まれました。追加質問で文脈を確認してください。,陈述流向中出现了需要确认的点。请通过追加提问确认语境。,Visible Korean/CJK source literal outside i18n/data. Review whether it should move into i18n or remain developer-only.
hardcoded_source_literal_src_components_pc_feedback_DiscoveryFeedbackWatcher.tsx_line:16,hardcoded_source_literal,src/components/pc/feedback/DiscoveryFeedbackWatcher.tsx,,line:16,"감정이 격해졌습니다. 반응을 더 밀어붙일지, 잠시 정리할지 판단하세요.",Emotions have escalated. Decide whether to push the reaction further or pause to regroup.,感情が高ぶっています。反応をさらに押すか、少し整理するか判断してください。,情绪已经激化。请判断是继续施压，还是暂时整理。,Visible Korean/CJK source literal outside i18n/data. Review whether it should move into i18n or remain developer-only.
hardcoded_source_literal_src_components_pc_feedback_DiscoveryFeedbackWatcher.tsx_line:178,hardcoded_source_literal,src/components/pc/feedback/DiscoveryFeedbackWatcher.tsx,,line:178,진실 공방이 열렸다. 양측 주장을 비교해 판결을 내려야 한다.,The dispute over the truth has begun. Compare both sides' claims and render a verdict.,真実をめぐる攻防が始まった。双方の主張を比較し、判決を下さなければならない。,真相攻防已经开启。必须比较双方主张并作出裁决。,Visible Korean/CJK source literal outside i18n/data. Review whether it should move into i18n or remain developer-only.
hardcoded_source_literal_src_components_pc_feedback_DiscoveryFeedbackWatcher.tsx_line:200,hardcoded_source_literal,src/components/pc/feedback/DiscoveryFeedbackWatcher.tsx,,line:200,진실 공방,Truth Dispute,真実攻防,真相攻防,Visible Korean/CJK source literal outside i18n/data. Review whether it should move into i18n or remain developer-only.
hardcoded_source_literal_src_components_pc_feedback_DiscoveryFeedbackWatcher.tsx_line:209,hardcoded_source_literal,src/components/pc/feedback/DiscoveryFeedbackWatcher.tsx,,line:209,A의,A's,Aの,A的,Visible Korean/CJK source literal outside i18n/data. Review whether it should move into i18n or remain developer-only.
hardcoded_source_literal_src_components_pc_feedback_DiscoveryFeedbackWatcher.tsx_line:209,hardcoded_source_literal,src/components/pc/feedback/DiscoveryFeedbackWatcher.tsx,,line:209,B의,B's,Bの,B的,Visible Korean/CJK source literal outside i18n/data. Review whether it should move into i18n or remain developer-only.
hardcoded_source_literal_src_components_pc_feedback_DiscoveryFeedbackWatcher.tsx_line:24,hardcoded_source_literal,src/components/pc/feedback/DiscoveryFeedbackWatcher.tsx,,line:24,증거로 새 쟁점이 드러났습니다.,New evidence has revealed a new issue.,証拠によって新しい争点が明らかになりました。,证据揭示了新的争议点。,Visible Korean/CJK source literal outside i18n/data. Review whether it should move into i18n or remain developer-only.
hardcoded_source_literal_src_components_pc_feedback_DiscoveryFeedbackWatcher.tsx_line:246,hardcoded_source_literal,src/components/pc/feedback/DiscoveryFeedbackWatcher.tsx,,line:246,기존 판단,Prior Judgment,既存判断,原有判断,Visible Korean/CJK source literal outside i18n/data. Review whether it should move into i18n or remain developer-only.
hardcoded_source_literal_src_components_pc_feedback_DiscoveryFeedbackWatcher.tsx_line:25,hardcoded_source_literal,src/components/pc/feedback/DiscoveryFeedbackWatcher.tsx,,line:25,진실 공방에서 새 쟁점이 튀어나왔습니다.,A new issue has surfaced in the truth dispute.,真実攻防の中で新しい争点が浮上しました。,真相攻防中冒出了新的争议点。,Visible Korean/CJK source literal outside i18n/data. Review whether it should move into i18n or remain developer-only.
hardcoded_source_literal_src_components_pc_feedback_DiscoveryFeedbackWatcher.tsx_line:256,hardcoded_source_literal,src/components/pc/feedback/DiscoveryFeedbackWatcher.tsx,,line:256,기존 판단 · 양측 일부 사실,Prior Judgment · Partial Truth on Both Sides,既存判断・双方一部事実,原有判断 · 双方各有部分事实,Visible Korean/CJK source literal outside i18n/data. Review whether it should move into i18n or remain developer-only.
hardcoded_source_literal_src_components_pc_feedback_DiscoveryFeedbackWatcher.tsx_line:257,hardcoded_source_literal,src/components/pc/feedback/DiscoveryFeedbackWatcher.tsx,,line:257,양측 주장에 각자 맞는 부분과 과장이 섞여 있다고 보았습니다.,You judged that both sides' claims contain truths and exaggerations.,双方の主張には、それぞれ正しい部分と誇張が混ざっていると見ました。,你判断双方主张中各自混有符合事实的部分和夸大。,Visible Korean/CJK source literal outside i18n/data. Review whether it should move into i18n or remain developer-only.
hardcoded_source_literal_src_components_pc_feedback_DiscoveryFeedbackWatcher.tsx_line:259,hardcoded_source_literal,src/components/pc/feedback/DiscoveryFeedbackWatcher.tsx,,line:259,기존 판단 · 보류,Prior Judgment · Deferred,既存判断・保留,原有判断 · 暂缓,Visible Korean/CJK source literal outside i18n/data. Review whether it should move into i18n or remain developer-only.
hardcoded_source_literal_src_components_pc_feedback_DiscoveryFeedbackWatcher.tsx_line:26,hardcoded_source_literal,src/components/pc/feedback/DiscoveryFeedbackWatcher.tsx,,line:26,증인 진술이 다른 갈래를 열었습니다.,Witness testimony has opened another branch.,証人の陳述が別の分岐を開きました。,证人陈述开启了另一条分支。,Visible Korean/CJK source literal outside i18n/data. Review whether it should move into i18n or remain developer-only.
hardcoded_source_literal_src_components_pc_feedback_DiscoveryFeedbackWatcher.tsx_line:260,hardcoded_source_literal,src/components/pc/feedback/DiscoveryFeedbackWatcher.tsx,,line:260,추가 자료가 더 필요하다고 보았습니다.,You judged that more materials are needed.,追加資料がさらに必要だと見ました。,你判断还需要更多资料。,Visible Korean/CJK source literal outside i18n/data. Review whether it should move into i18n or remain developer-only.
hardcoded_source_literal_src_components_pc_feedback_DiscoveryFeedbackWatcher.tsx_line:267,hardcoded_source_literal,src/components/pc/feedback/DiscoveryFeedbackWatcher.tsx,,line:267,기존 판단과 새 정보가 충돌하고 있다.,The prior judgment conflicts with new information.,既存の判断と新情報が衝突しています。,原有判断正在与新信息冲突。,Visible Korean/CJK source literal outside i18n/data. Review whether it should move into i18n or remain developer-only.
hardcoded_source_literal_src_components_pc_feedback_DiscoveryFeedbackWatcher.tsx_line:27,hardcoded_source_literal,src/components/pc/feedback/DiscoveryFeedbackWatcher.tsx,,line:27,거짓 붕괴로 숨은 쟁점이 드러났습니다.,A collapsed lie has revealed a hidden issue.,嘘の崩壊により隠れた争点が明らかになりました。,谎言崩塌揭示了隐藏争议点。,Visible Korean/CJK source literal outside i18n/data. Review whether it should move into i18n or remain developer-only.
hardcoded_source_literal_src_components_pc_feedback_DiscoveryFeedbackWatcher.tsx_line:28,hardcoded_source_literal,src/components/pc/feedback/DiscoveryFeedbackWatcher.tsx,,line:28,감정 반응에서 확인할 단서가 생겼습니다.,An emotional reaction has produced a clue to check.,感情反応から確認すべき手がかりが生まれました。,情绪反应中出现了需要确认的线索。,Visible Korean/CJK source literal outside i18n/data. Review whether it should move into i18n or remain developer-only.
hardcoded_source_literal_src_components_pc_feedback_DiscoveryFeedbackWatcher.tsx_line:284,hardcoded_source_literal,src/components/pc/feedback/DiscoveryFeedbackWatcher.tsx,,line:284,판단 충돌,Judgment Conflict,判断衝突,判断冲突,Visible Korean/CJK source literal outside i18n/data. Review whether it should move into i18n or remain developer-only.
hardcoded_source_literal_src_components_pc_feedback_DiscoveryFeedbackWatcher.tsx_line:288,hardcoded_source_literal,src/components/pc/feedback/DiscoveryFeedbackWatcher.tsx,,line:288,새 충돌 정보,New Conflicting Info,新たな衝突情報,新的冲突信息,Visible Korean/CJK source literal outside i18n/data. Review whether it should move into i18n or remain developer-only.
hardcoded_source_literal_src_components_pc_feedback_DiscoveryFeedbackWatcher.tsx_line:29,hardcoded_source_literal,src/components/pc/feedback/DiscoveryFeedbackWatcher.tsx,,line:29,끼어든 발언이 새 쟁점을 열었습니다.,An interruption has opened a new issue.,割り込んだ発言が新しい争点を開きました。,插入的发言开启了新的争议点。,Visible Korean/CJK source literal outside i18n/data. Review whether it should move into i18n or remain developer-only.
hardcoded_source_literal_src_components_pc_feedback_DiscoveryFeedbackWatcher.tsx_line:293,hardcoded_source_literal,src/components/pc/feedback/DiscoveryFeedbackWatcher.tsx,,line:293,현재 판단 유지,Keep Current Judgment,現在の判断を維持,维持当前判断,Visible Korean/CJK source literal outside i18n/data. Review whether it should move into i18n or remain developer-only.
hardcoded_source_literal_src_components_pc_feedback_DiscoveryFeedbackWatcher.tsx_line:301,hardcoded_source_literal,src/components/pc/feedback/DiscoveryFeedbackWatcher.tsx,,line:301,새 정보 기준으로 수정,Revise Based on New Info,新情報を基準に修正,根据新信息修正,Visible Korean/CJK source literal outside i18n/data. Review whether it should move into i18n or remain developer-only.
hardcoded_source_literal_src_components_pc_feedback_DiscoveryFeedbackWatcher.tsx_line:328,hardcoded_source_literal,src/components/pc/feedback/DiscoveryFeedbackWatcher.tsx,,line:328,새 단서가 갈래를 바꿨습니다.,A new clue changed the branch.,新しい手がかりが分岐を変えました。,新线索改变了分支。,Visible Korean/CJK source literal outside i18n/data. Review whether it should move into i18n or remain developer-only.
hardcoded_source_literal_src_components_pc_feedback_DiscoveryFeedbackWatcher.tsx_line:33,hardcoded_source_literal,src/components/pc/feedback/DiscoveryFeedbackWatcher.tsx,,line:33,A의 주장이 더 설득력 있습니다,A's claim is more persuasive,Aの主張のほうが説得力があります,A方主张更有说服力,Visible Korean/CJK source literal outside i18n/data. Review whether it should move into i18n or remain developer-only.
hardcoded_source_literal_src_components_pc_feedback_DiscoveryFeedbackWatcher.tsx_line:334,hardcoded_source_literal,src/components/pc/feedback/DiscoveryFeedbackWatcher.tsx,,line:334,새 쟁점 발견,New Issue Found,新しい争点発見,发现新争议点,Visible Korean/CJK source literal outside i18n/data. Review whether it should move into i18n or remain developer-only.
hardcoded_source_literal_src_components_pc_feedback_DiscoveryFeedbackWatcher.tsx_line:336,hardcoded_source_literal,src/components/pc/feedback/DiscoveryFeedbackWatcher.tsx,,line:336,확인해야 할 범위가 넓어졌습니다,The scope to check has widened,確認すべき範囲が広がりました,需要确认的范围扩大了,Visible Korean/CJK source literal outside i18n/data. Review whether it should move into i18n or remain developer-only.
hardcoded_source_literal_src_components_pc_feedback_DiscoveryFeedbackWatcher.tsx_line:337,hardcoded_source_literal,src/components/pc/feedback/DiscoveryFeedbackWatcher.tsx,,line:337,아직 결론이 아닙니다. 관련 기록과 진술을 더 확인해 쟁점으로 다룰지 판단하십시오.,"This is not a conclusion yet. Check related records and statements further, then decide whether to treat it as an issue.",まだ結論ではありません。関連記録と陳述をさらに確認し、争点として扱うか判断してください。,这还不是结论。请进一步确认相关记录和陈述，再判断是否作为争议点处理。,Visible Korean/CJK source literal outside i18n/data. Review whether it should move into i18n or remain developer-only.
hardcoded_source_literal_src_components_pc_feedback_DiscoveryFeedbackWatcher.tsx_line:338,hardcoded_source_literal,src/components/pc/feedback/DiscoveryFeedbackWatcher.tsx,,line:338,쟁점 보드 갱신,Issue Board Updated,争点ボード更新,争议点板已更新,Visible Korean/CJK source literal outside i18n/data. Review whether it should move into i18n or remain developer-only.
hardcoded_source_literal_src_components_pc_feedback_DiscoveryFeedbackWatcher.tsx_line:34,hardcoded_source_literal,src/components/pc/feedback/DiscoveryFeedbackWatcher.tsx,,line:34,B의 주장이 더 설득력 있습니다,B's claim is more persuasive,Bの主張のほうが説得力があります,B方主张更有说服力,Visible Korean/CJK source literal outside i18n/data. Review whether it should move into i18n or remain developer-only.
hardcoded_source_literal_src_components_pc_feedback_DiscoveryFeedbackWatcher.tsx_line:35,hardcoded_source_literal,src/components/pc/feedback/DiscoveryFeedbackWatcher.tsx,,line:35,양쪽 모두 일부만 사실입니다,Both sides are only partly true,双方とも一部だけが事実です,双方都只有一部分属实,Visible Korean/CJK source literal outside i18n/data. Review whether it should move into i18n or remain developer-only.
hardcoded_source_literal_src_components_pc_feedback_DiscoveryFeedbackWatcher.tsx_line:36,hardcoded_source_literal,src/components/pc/feedback/DiscoveryFeedbackWatcher.tsx,,line:36,지금은 보류 (나중에 다시 판단),Defer for Now (Judge Later),今は保留（後で再判断）,现在暂缓（稍后再判断）,Visible Korean/CJK source literal outside i18n/data. Review whether it should move into i18n or remain developer-only.
hardcoded_source_literal_src_components_pc_feedback_DiscoveryFeedbackWatcher.tsx_line:371,hardcoded_source_literal,src/components/pc/feedback/DiscoveryFeedbackWatcher.tsx,,line:371,새 쟁점 발견,New Issue Found,新しい争点発見,发现新争议点,Visible Korean/CJK source literal outside i18n/data. Review whether it should move into i18n or remain developer-only.
hardcoded_source_literal_src_components_pc_feedback_DiscoveryFeedbackWatcher.tsx_line:377,hardcoded_source_literal,src/components/pc/feedback/DiscoveryFeedbackWatcher.tsx,,line:377,쟁점 보드 + 재판관 수첩,Issue Board + Judge's Notebook,争点ボード＋裁判官の手帳,争议点板 + 法官笔记,Visible Korean/CJK source literal outside i18n/data. Review whether it should move into i18n or remain developer-only.
hardcoded_source_literal_src_components_pc_feedback_DiscoveryFeedbackWatcher.tsx_line:381,hardcoded_source_literal,src/components/pc/feedback/DiscoveryFeedbackWatcher.tsx,,line:381,확인했습니다,Confirmed,確認しました,已确认,Visible Korean/CJK source literal outside i18n/data. Review whether it should move into i18n or remain developer-only.
hardcoded_source_literal_src_components_pc_feedback_DiscoveryFeedbackWatcher.tsx_line:40,hardcoded_source_literal,src/components/pc/feedback/DiscoveryFeedbackWatcher.tsx,,line:40,높음,High,高,高,Visible Korean/CJK source literal outside i18n/data. Review whether it should move into i18n or remain developer-only.
hardcoded_source_literal_src_components_pc_feedback_DiscoveryFeedbackWatcher.tsx_line:41,hardcoded_source_literal,src/components/pc/feedback/DiscoveryFeedbackWatcher.tsx,,line:41,보통,Medium,普通,中等,Visible Korean/CJK source literal outside i18n/data. Review whether it should move into i18n or remain developer-only.
hardcoded_source_literal_src_components_pc_feedback_DiscoveryFeedbackWatcher.tsx_line:42,hardcoded_source_literal,src/components/pc/feedback/DiscoveryFeedbackWatcher.tsx,,line:42,낮음,Low,低,低,Visible Korean/CJK source literal outside i18n/data. Review whether it should move into i18n or remain developer-only.
hardcoded_source_literal_src_components_pc_feedback_DiscoveryFeedbackWatcher.tsx_line:433,hardcoded_source_literal,src/components/pc/feedback/DiscoveryFeedbackWatcher.tsx,,line:433,"…사실, 그것만이 아니었습니다.","...Actually, that was not all.",…実は、それだけではありませんでした。,……其实，不只是那样。,Visible Korean/CJK source literal outside i18n/data. Review whether it should move into i18n or remain developer-only.
hardcoded_source_literal_src_components_pc_feedback_DiscoveryFeedbackWatcher.tsx_line:458,hardcoded_source_literal,src/components/pc/feedback/DiscoveryFeedbackWatcher.tsx,,line:458,시선이 흔들리며 잠시 멈춘다.,"Their gaze wavers, and they pause briefly.",視線が揺れ、しばらく止まる。,视线动摇，短暂停住。,Visible Korean/CJK source literal outside i18n/data. Review whether it should move into i18n or remain developer-only.
hardcoded_source_literal_src_components_pc_feedback_DiscoveryFeedbackWatcher.tsx_line:46,hardcoded_source_literal,src/components/pc/feedback/DiscoveryFeedbackWatcher.tsx,,line:46,높음,High,高,高,Visible Korean/CJK source literal outside i18n/data. Review whether it should move into i18n or remain developer-only.
hardcoded_source_literal_src_components_pc_feedback_DiscoveryFeedbackWatcher.tsx_line:47,hardcoded_source_literal,src/components/pc/feedback/DiscoveryFeedbackWatcher.tsx,,line:47,보통,Medium,普通,中等,Visible Korean/CJK source literal outside i18n/data. Review whether it should move into i18n or remain developer-only.
hardcoded_source_literal_src_components_pc_feedback_DiscoveryFeedbackWatcher.tsx_line:48,hardcoded_source_literal,src/components/pc/feedback/DiscoveryFeedbackWatcher.tsx,,line:48,보통,Medium,普通,中等,Visible Korean/CJK source literal outside i18n/data. Review whether it should move into i18n or remain developer-only.
hardcoded_source_literal_src_components_pc_feedback_DiscoveryFeedbackWatcher.tsx_line:49,hardcoded_source_literal,src/components/pc/feedback/DiscoveryFeedbackWatcher.tsx,,line:49,낮음,Low,低,低,Visible Korean/CJK source literal outside i18n/data. Review whether it should move into i18n or remain developer-only.
hardcoded_source_literal_src_components_pc_feedback_DiscoveryFeedbackWatcher.tsx_line:50,hardcoded_source_literal,src/components/pc/feedback/DiscoveryFeedbackWatcher.tsx,,line:50,낮음,Low,低,低,Visible Korean/CJK source literal outside i18n/data. Review whether it should move into i18n or remain developer-only.
hardcoded_source_literal_src_components_pc_feedback_DiscoveryFeedbackWatcher.tsx_line:504,hardcoded_source_literal,src/components/pc/feedback/DiscoveryFeedbackWatcher.tsx,,line:504,감정 실수 포착,Emotional Slip Detected,感情の失言を捕捉,捕捉情绪失误,Visible Korean/CJK source literal outside i18n/data. Review whether it should move into i18n or remain developer-only.
hardcoded_source_literal_src_components_pc_feedback_DiscoveryFeedbackWatcher.tsx_line:511,hardcoded_source_literal,src/components/pc/feedback/DiscoveryFeedbackWatcher.tsx,,line:511,지금은 넘긴다,Let It Pass for Now,今は流す,现在略过,Visible Korean/CJK source literal outside i18n/data. Review whether it should move into i18n or remain developer-only.
hardcoded_source_literal_src_components_pc_feedback_DiscoveryFeedbackWatcher.tsx_line:519,hardcoded_source_literal,src/components/pc/feedback/DiscoveryFeedbackWatcher.tsx,,line:519,관찰에 기록,Record in Observation,観察に記録,记录到观察,Visible Korean/CJK source literal outside i18n/data. Review whether it should move into i18n or remain developer-only.
hardcoded_source_literal_src_components_pc_feedback_DiscoveryFeedbackWatcher.tsx_line:601,hardcoded_source_literal,src/components/pc/feedback/DiscoveryFeedbackWatcher.tsx,,line:601,진술이 엇갈리기 시작했다. 지금 압박하면 효과적이다.,Statements are starting to diverge. Pressing now will be effective.,陳述が食い違い始めました。今圧迫すれば効果的です。,陈述开始出现分歧。现在施压会很有效。,Visible Korean/CJK source literal outside i18n/data. Review whether it should move into i18n or remain developer-only.
hardcoded_source_literal_src_components_pc_feedback_DiscoveryFeedbackWatcher.tsx_line:61,hardcoded_source_literal,src/components/pc/feedback/DiscoveryFeedbackWatcher.tsx,,line:61,새 쟁점,New Issue,新しい争点,新争议点,Visible Korean/CJK source literal outside i18n/data. Review whether it should move into i18n or remain developer-only.
hardcoded_source_literal_src_components_pc_feedback_DiscoveryFeedbackWatcher.tsx_line:64,hardcoded_source_literal,src/components/pc/feedback/DiscoveryFeedbackWatcher.tsx,,line:64,목돈 출금 흔적과 설명되지 않은 사용처를 확인해야 합니다.,Check the large withdrawal trail and where the money went without explanation.,まとまった出金の痕跡と、説明されていない使途を確認する必要があります。,需要确认大额取款痕迹，以及未说明的用途。,Visible Korean/CJK source literal outside i18n/data. Review whether it should move into i18n or remain developer-only.
hardcoded_source_literal_src_components_pc_feedback_DiscoveryFeedbackWatcher.tsx_line:649,hardcoded_source_literal,src/components/pc/feedback/DiscoveryFeedbackWatcher.tsx,,line:649,이전 진술,Previous Statement,以前の陳述,先前陈述,Visible Korean/CJK source literal outside i18n/data. Review whether it should move into i18n or remain developer-only.
hardcoded_source_literal_src_components_pc_feedback_DiscoveryFeedbackWatcher.tsx_line:650,hardcoded_source_literal,src/components/pc/feedback/DiscoveryFeedbackWatcher.tsx,,line:650,지금 진술,Current Statement,現在の陳述,当前陈述,Visible Korean/CJK source literal outside i18n/data. Review whether it should move into i18n or remain developer-only.
hardcoded_source_literal_src_components_pc_feedback_DiscoveryFeedbackWatcher.tsx_line:660,hardcoded_source_literal,src/components/pc/feedback/DiscoveryFeedbackWatcher.tsx,,line:660,이전 진술,Previous Statement,以前の陳述,先前陈述,Visible Korean/CJK source literal outside i18n/data. Review whether it should move into i18n or remain developer-only.
hardcoded_source_literal_src_components_pc_feedback_DiscoveryFeedbackWatcher.tsx_line:661,hardcoded_source_literal,src/components/pc/feedback/DiscoveryFeedbackWatcher.tsx,,line:661,지금 진술,Current Statement,現在の陳述,当前陈述,Visible Korean/CJK source literal outside i18n/data. Review whether it should move into i18n or remain developer-only.
hardcoded_source_literal_src_components_pc_feedback_DiscoveryFeedbackWatcher.tsx_line:672,hardcoded_source_literal,src/components/pc/feedback/DiscoveryFeedbackWatcher.tsx,,line:672,이전 진술과 지금 진술이 어긋난다. 모순을 찌를 기회다.,The previous and current statements conflict. This is a chance to press the contradiction.,以前の陳述と現在の陳述が食い違っています。矛盾を突く機会です。,先前陈述与当前陈述不一致。这是追问矛盾的机会。,Visible Korean/CJK source literal outside i18n/data. Review whether it should move into i18n or remain developer-only.
hardcoded_source_literal_src_components_pc_feedback_DiscoveryFeedbackWatcher.tsx_line:686,hardcoded_source_literal,src/components/pc/feedback/DiscoveryFeedbackWatcher.tsx,,line:686,모순 발견,Contradiction Found,矛盾発見,发现矛盾,Visible Korean/CJK source literal outside i18n/data. Review whether it should move into i18n or remain developer-only.
hardcoded_source_literal_src_components_pc_feedback_DiscoveryFeedbackWatcher.tsx_line:690,hardcoded_source_literal,src/components/pc/feedback/DiscoveryFeedbackWatcher.tsx,,line:690,왜 어긋나는지,Why They Conflict,食い違う理由,为何不一致,Visible Korean/CJK source literal outside i18n/data. Review whether it should move into i18n or remain developer-only.
hardcoded_source_literal_src_components_pc_feedback_DiscoveryFeedbackWatcher.tsx_line:696,hardcoded_source_literal,src/components/pc/feedback/DiscoveryFeedbackWatcher.tsx,,line:696,지금은 넘긴다,Let It Pass for Now,今は流す,现在略过,Visible Korean/CJK source literal outside i18n/data. Review whether it should move into i18n or remain developer-only.
hardcoded_source_literal_src_components_pc_feedback_DiscoveryFeedbackWatcher.tsx_line:705,hardcoded_source_literal,src/components/pc/feedback/DiscoveryFeedbackWatcher.tsx,,line:705,모순을 찌른다,Press the Contradiction,矛盾を突く,追问矛盾,Visible Korean/CJK source literal outside i18n/data. Review whether it should move into i18n or remain developer-only.
hardcoded_source_literal_src_components_pc_feedback_DiscoveryFeedbackWatcher.tsx_line:722,hardcoded_source_literal,src/components/pc/feedback/DiscoveryFeedbackWatcher.tsx,,line:722,"재판관님, 잠깐만요. 저도 할 말이 있습니다.","Your Honor, wait a moment. I have something to say too.",裁判官、少し待ってください。私にも言いたいことがあります。,法官，请等一下。我也有话要说。,Visible Korean/CJK source literal outside i18n/data. Review whether it should move into i18n or remain developer-only.
hardcoded_source_literal_src_components_pc_feedback_DiscoveryFeedbackWatcher.tsx_line:723,hardcoded_source_literal,src/components/pc/feedback/DiscoveryFeedbackWatcher.tsx,,line:723,"재판관님, 지금 하신 말씀은 사실과 다릅니다.","Your Honor, what you just said is not true.",裁判官、今のお言葉は事実と違います。,法官，您刚才说的话与事实不符。,Visible Korean/CJK source literal outside i18n/data. Review whether it should move into i18n or remain developer-only.
hardcoded_source_literal_src_components_pc_feedback_DiscoveryFeedbackWatcher.tsx_line:727,hardcoded_source_literal,src/components/pc/feedback/DiscoveryFeedbackWatcher.tsx,,line:727,발언을 허용합니다.,I will allow the statement.,発言を許可します。,允许发言。,Visible Korean/CJK source literal outside i18n/data. Review whether it should move into i18n or remain developer-only.
hardcoded_source_literal_src_components_pc_feedback_DiscoveryFeedbackWatcher.tsx_line:759,hardcoded_source_literal,src/components/pc/feedback/DiscoveryFeedbackWatcher.tsx,,line:759,끼어들기,Interruption,割り込み,插话,Visible Korean/CJK source literal outside i18n/data. Review whether it should move into i18n or remain developer-only.
hardcoded_source_literal_src_components_pc_feedback_DiscoveryFeedbackWatcher.tsx_line:765,hardcoded_source_literal,src/components/pc/feedback/DiscoveryFeedbackWatcher.tsx,,line:765,제지한다,Stop Them,制止する,制止,Visible Korean/CJK source literal outside i18n/data. Review whether it should move into i18n or remain developer-only.
hardcoded_source_literal_src_components_pc_feedback_DiscoveryFeedbackWatcher.tsx_line:773,hardcoded_source_literal,src/components/pc/feedback/DiscoveryFeedbackWatcher.tsx,,line:773,허용한다,Allow It,許可する,允许,Visible Korean/CJK source literal outside i18n/data. Review whether it should move into i18n or remain developer-only.
hardcoded_source_literal_src_components_pc_feedback_DiscoveryFeedbackWatcher.tsx_line:78,hardcoded_source_literal,src/components/pc/feedback/DiscoveryFeedbackWatcher.tsx,,line:78,양측 진술과 새로 나온 단서를 대조해 사실관계를 확정합니다.,Compare both statements against new clues to establish the facts.,双方の陳述と新たに出た手がかりを照合し、事実関係を確定します。,对照双方陈述和新出现的线索，确认事实关系。,Visible Korean/CJK source literal outside i18n/data. Review whether it should move into i18n or remain developer-only.
hardcoded_source_literal_src_components_pc_feedback_DiscoveryFeedbackWatcher.tsx_line:799,hardcoded_source_literal,src/components/pc/feedback/DiscoveryFeedbackWatcher.tsx,,line:799,계속 말해보세요. 지금의 흐름을 더 확인하겠습니다.,Continue. I will check this flow further.,続けて話してください。今の流れをさらに確認します。,请继续说。我会进一步确认当前流向。,Visible Korean/CJK source literal outside i18n/data. Review whether it should move into i18n or remain developer-only.
hardcoded_source_literal_src_components_pc_feedback_DiscoveryFeedbackWatcher.tsx_line:80,hardcoded_source_literal,src/components/pc/feedback/DiscoveryFeedbackWatcher.tsx,,line:80,절차상 책임이나 위법성도 별도 판단해야 합니다.,Procedural responsibility or illegality must also be judged separately.,手続き上の責任や違法性も別途判断する必要があります。,程序责任或违法性也需要另行判断。,Visible Korean/CJK source literal outside i18n/data. Review whether it should move into i18n or remain developer-only.
hardcoded_source_literal_src_components_pc_feedback_DiscoveryFeedbackWatcher.tsx_line:81,hardcoded_source_literal,src/components/pc/feedback/DiscoveryFeedbackWatcher.tsx,,line:81,현재 단계에서는 결론이 아니라 검토 범위만 추가됩니다.,"At this stage, only the review scope is added, not a conclusion.",現段階では結論ではなく、検討範囲だけが追加されます。,当前阶段增加的只是审查范围，并非结论。,Visible Korean/CJK source literal outside i18n/data. Review whether it should move into i18n or remain developer-only.
hardcoded_source_literal_src_components_pc_feedback_DiscoveryFeedbackWatcher.tsx_line:816,hardcoded_source_literal,src/components/pc/feedback/DiscoveryFeedbackWatcher.tsx,,line:816,격앙 상태가 이어지고 있다. 사실 추궁과 동기 탐색이 더 강하게 작용할 수 있다.,The heightened state continues. Fact press and motive probe may work more strongly.,激高状態が続いています。事実追及と動機探索がより強く作用する可能性があります。,激昂状态仍在持续。事实追问和动机探查可能会更强烈地起效。,Visible Korean/CJK source literal outside i18n/data. Review whether it should move into i18n or remain developer-only.
hardcoded_source_literal_src_components_pc_feedback_DiscoveryFeedbackWatcher.tsx_line:827,hardcoded_source_literal,src/components/pc/feedback/DiscoveryFeedbackWatcher.tsx,,line:827,"잠시 진정하고, 사실만 다시 정리해 주세요.",Please calm down for a moment and restate only the facts.,少し落ち着いて、事実だけを改めて整理してください。,请暂时冷静下来，只重新整理事实。,Visible Korean/CJK source literal outside i18n/data. Review whether it should move into i18n or remain developer-only.
hardcoded_source_literal_src_components_pc_feedback_DiscoveryFeedbackWatcher.tsx_line:845,hardcoded_source_literal,src/components/pc/feedback/DiscoveryFeedbackWatcher.tsx,,line:845,감정이 가라앉고 있다. 공감 접근으로 다시 사실관계를 정리하기 좋은 흐름이다.,Emotions are settling. This is a good flow to reframe the facts through an empathy approach.,感情が落ち着きつつあります。共感アプローチで事実関係を改めて整理しやすい流れです。,情绪正在平复。适合用共情接近重新梳理事实关系。,Visible Korean/CJK source literal outside i18n/data. Review whether it should move into i18n or remain developer-only.
hardcoded_source_literal_src_components_pc_feedback_DiscoveryFeedbackWatcher.tsx_line:85,hardcoded_source_literal,src/components/pc/feedback/DiscoveryFeedbackWatcher.tsx,,line:85,검토 축,Review Axis,検討軸,审查轴,Visible Korean/CJK source literal outside i18n/data. Review whether it should move into i18n or remain developer-only.
hardcoded_source_literal_src_components_pc_feedback_DiscoveryFeedbackWatcher.tsx_line:865,hardcoded_source_literal,src/components/pc/feedback/DiscoveryFeedbackWatcher.tsx,,line:865,감정 폭발,Emotional Outburst,感情爆発,情绪爆发,Visible Korean/CJK source literal outside i18n/data. Review whether it should move into i18n or remain developer-only.
hardcoded_source_literal_src_components_pc_feedback_DiscoveryFeedbackWatcher.tsx_line:873,hardcoded_source_literal,src/components/pc/feedback/DiscoveryFeedbackWatcher.tsx,,line:873,진정시킨다,Calm Them Down,落ち着かせる,安抚,Visible Korean/CJK source literal outside i18n/data. Review whether it should move into i18n or remain developer-only.
hardcoded_source_literal_src_components_pc_feedback_DiscoveryFeedbackWatcher.tsx_line:880,hardcoded_source_literal,src/components/pc/feedback/DiscoveryFeedbackWatcher.tsx,,line:880,밀어붙인다,Push Harder,押し切る,继续施压,Visible Korean/CJK source literal outside i18n/data. Review whether it should move into i18n or remain developer-only.
hardcoded_source_literal_src_components_pc_feedback_DiscoveryFeedbackWatcher.tsx_line:89,hardcoded_source_literal,src/components/pc/feedback/DiscoveryFeedbackWatcher.tsx,,line:89,확인 방향,Direction to Check,確認方向,确认方向,Visible Korean/CJK source literal outside i18n/data. Review whether it should move into i18n or remain developer-only.
hardcoded_source_literal_src_components_pc_feedback_DiscoveryFeedbackWatcher.tsx_line:916,hardcoded_source_literal,src/components/pc/feedback/DiscoveryFeedbackWatcher.tsx,,line:916,증거 제시가 충분히 먹히지 않았다. 완충 스킬을 쓸 수 있다.,Presenting the evidence did not land well enough. You can use a buffer skill.,証拠提示が十分に効きませんでした。緩衝スキルを使えます。,证据出示没有充分奏效。可以使用缓冲技能。,Visible Korean/CJK source literal outside i18n/data. Review whether it should move into i18n or remain developer-only.
hardcoded_source_literal_src_components_pc_feedback_DiscoveryFeedbackWatcher.tsx_line:922,hardcoded_source_literal,src/components/pc/feedback/DiscoveryFeedbackWatcher.tsx,,line:922,판결 완충,Verdict Buffer,判決緩衝,裁决缓冲,Visible Korean/CJK source literal outside i18n/data. Review whether it should move into i18n or remain developer-only.
hardcoded_source_literal_src_components_pc_feedback_DiscoveryFeedbackWatcher.tsx_line:924,hardcoded_source_literal,src/components/pc/feedback/DiscoveryFeedbackWatcher.tsx,,line:924,증거 제시가 충분히 먹히지 않았습니다. 완충 스킬로 한 번 수습할 수 있습니다.,The evidence presentation did not land well enough. You can recover once with a buffer skill.,証拠提示が十分に効きませんでした。緩衝スキルで一度立て直せます。,证据出示没有充分奏效。可以用缓冲技能挽回一次。,Visible Korean/CJK source literal outside i18n/data. Review whether it should move into i18n or remain developer-only.
hardcoded_source_literal_src_components_pc_feedback_DiscoveryFeedbackWatcher.tsx_line:928,hardcoded_source_literal,src/components/pc/feedback/DiscoveryFeedbackWatcher.tsx,,line:928,제시를 철회한다,Withdraw the Presentation,提示を撤回する,撤回出示,Visible Korean/CJK source literal outside i18n/data. Review whether it should move into i18n or remain developer-only.
hardcoded_source_literal_src_components_pc_feedback_DiscoveryFeedbackWatcher.tsx_line:93,hardcoded_source_literal,src/components/pc/feedback/DiscoveryFeedbackWatcher.tsx,,line:93,절차 책임,Procedural Responsibility,手続き上の責任,程序责任,Visible Korean/CJK source literal outside i18n/data. Review whether it should move into i18n or remain developer-only.
hardcoded_source_literal_src_components_pc_feedback_DiscoveryFeedbackWatcher.tsx_line:93,hardcoded_source_literal,src/components/pc/feedback/DiscoveryFeedbackWatcher.tsx,,line:93,판단 상태,Judgment Status,判断状態,判断状态,Visible Korean/CJK source literal outside i18n/data. Review whether it should move into i18n or remain developer-only.
hardcoded_source_literal_src_components_pc_feedback_DiscoveryFeedbackWatcher.tsx_line:945,hardcoded_source_literal,src/components/pc/feedback/DiscoveryFeedbackWatcher.tsx,,line:945,관점을 바꿔 제시한다,Present from Another Angle,観点を変えて提示する,换个角度出示,Visible Korean/CJK source literal outside i18n/data. Review whether it should move into i18n or remain developer-only.
hardcoded_source_literal_src_components_pc_feedback_DiscoveryFeedbackWatcher.tsx_line:974,hardcoded_source_literal,src/components/pc/feedback/DiscoveryFeedbackWatcher.tsx,,line:974,같은 쟁점을 너무 오래 밀었다. 질문 각도를 초기화할 수 있다.,You pushed the same issue too long. You can reset the question angle.,同じ争点を長く押しすぎました。質問の角度を初期化できます。,同一个争议点追得太久了。可以重置提问角度。,Visible Korean/CJK source literal outside i18n/data. Review whether it should move into i18n or remain developer-only.
hardcoded_source_literal_src_components_pc_feedback_DiscoveryFeedbackWatcher.tsx_line:981,hardcoded_source_literal,src/components/pc/feedback/DiscoveryFeedbackWatcher.tsx,,line:981,집요함 추가,Add Persistence,粘り強さ追加,增加执着,Visible Korean/CJK source literal outside i18n/data. Review whether it should move into i18n or remain developer-only.
hardcoded_source_literal_src_components_pc_feedback_DiscoveryFeedbackWatcher.tsx_line:983,hardcoded_source_literal,src/components/pc/feedback/DiscoveryFeedbackWatcher.tsx,,line:983,같은 쟁점을 너무 오래 밀었습니다. 스킬을 써서 질문 각도를 초기화할 수 있습니다.,You pushed the same issue too long. Use a skill to reset the question angle.,同じ争点を長く押しすぎました。スキルを使って質問の角度を初期化できます。,同一个争议点追得太久了。可以使用技能重置提问角度。,Visible Korean/CJK source literal outside i18n/data. Review whether it should move into i18n or remain developer-only.
hardcoded_source_literal_src_components_pc_feedback_DiscoveryFeedbackWatcher.tsx_line:987,hardcoded_source_literal,src/components/pc/feedback/DiscoveryFeedbackWatcher.tsx,,line:987,지금은 넘긴다,Let It Pass for Now,今は流す,现在略过,Visible Korean/CJK source literal outside i18n/data. Review whether it should move into i18n or remain developer-only.
hardcoded_source_literal_src_components_pc_feedback_DiscoveryFeedbackWatcher.tsx_line:995,hardcoded_source_literal,src/components/pc/feedback/DiscoveryFeedbackWatcher.tsx,,line:995,질문 각도 초기화,Reset Question Angle,質問角度を初期化,重置提问角度,Visible Korean/CJK source literal outside i18n/data. Review whether it should move into i18n or remain developer-only.
hardcoded_source_literal_src_components_pc_feedback_EventFeedbackCard.tsx_line:210,hardcoded_source_literal,src/components/pc/feedback/EventFeedbackCard.tsx,,line:210,동요,Shaken,動揺,动摇,Visible Korean/CJK source literal outside i18n/data. Review whether it should move into i18n or remain developer-only.
hardcoded_source_literal_src_components_pc_feedback_EventFeedbackCard.tsx_line:211,hardcoded_source_literal,src/components/pc/feedback/EventFeedbackCard.tsx,,line:211,방어,Defense,防御,防御,Visible Korean/CJK source literal outside i18n/data. Review whether it should move into i18n or remain developer-only.
hardcoded_source_literal_src_components_pc_feedback_EventFeedbackCard.tsx_line:212,hardcoded_source_literal,src/components/pc/feedback/EventFeedbackCard.tsx,,line:212,체념,Resigned,諦め,认命,Visible Korean/CJK source literal outside i18n/data. Review whether it should move into i18n or remain developer-only.
hardcoded_source_literal_src_components_pc_feedback_EventFeedbackCard.tsx_line:213,hardcoded_source_literal,src/components/pc/feedback/EventFeedbackCard.tsx,,line:213,완화,Eased,緩和,缓和,Visible Korean/CJK source literal outside i18n/data. Review whether it should move into i18n or remain developer-only.
hardcoded_source_literal_src_components_pc_feedback_EventFeedbackCard.tsx_line:214,hardcoded_source_literal,src/components/pc/feedback/EventFeedbackCard.tsx,,line:214,중립,Neutral,中立,中立,Visible Korean/CJK source literal outside i18n/data. Review whether it should move into i18n or remain developer-only.
hardcoded_source_literal_src_components_pc_feedback_EventFeedbackCard.tsx_line:215,hardcoded_source_literal,src/components/pc/feedback/EventFeedbackCard.tsx,,line:215,방어,Defense,防御,防御,Visible Korean/CJK source literal outside i18n/data. Review whether it should move into i18n or remain developer-only.
hardcoded_source_literal_src_components_pc_feedback_EventFeedbackCard.tsx_line:224,hardcoded_source_literal,src/components/pc/feedback/EventFeedbackCard.tsx,,line:224,기록,Record,記録,记录,Visible Korean/CJK source literal outside i18n/data. Review whether it should move into i18n or remain developer-only.
hardcoded_source_literal_src_components_pc_feedback_EventFeedbackCard.tsx_line:237,hardcoded_source_literal,src/components/pc/feedback/EventFeedbackCard.tsx,,line:237,당사자,Party,当事者,当事人,Visible Korean/CJK source literal outside i18n/data. Review whether it should move into i18n or remain developer-only.
hardcoded_source_literal_src_components_pc_feedback_EventFeedbackCard.tsx_line:239,hardcoded_source_literal,src/components/pc/feedback/EventFeedbackCard.tsx,,line:239,방금 진술,Latest Statement,直前の陳述,刚才陈述,Visible Korean/CJK source literal outside i18n/data. Review whether it should move into i18n or remain developer-only.
hardcoded_source_literal_src_components_pc_feedback_EventFeedbackCard.tsx_line:268,hardcoded_source_literal,src/components/pc/feedback/EventFeedbackCard.tsx,,line:268,검토,Review,検討,审查,Visible Korean/CJK source literal outside i18n/data. Review whether it should move into i18n or remain developer-only.
hardcoded_source_literal_src_components_pc_feedback_EventFeedbackCard.tsx_line:272,hardcoded_source_literal,src/components/pc/feedback/EventFeedbackCard.tsx,,line:272,증거,Evidence,証拠,证据,Visible Korean/CJK source literal outside i18n/data. Review whether it should move into i18n or remain developer-only.
hardcoded_source_literal_src_components_pc_feedback_EventFeedbackCard.tsx_line:304,hardcoded_source_literal,src/components/pc/feedback/EventFeedbackCard.tsx,,line:304,당사자,Party,当事者,当事人,Visible Korean/CJK source literal outside i18n/data. Review whether it should move into i18n or remain developer-only.
hardcoded_source_literal_src_components_pc_feedback_EventFeedbackCard.tsx_line:310,hardcoded_source_literal,src/components/pc/feedback/EventFeedbackCard.tsx,,line:310,관찰,Observation,観察,观察,Visible Korean/CJK source literal outside i18n/data. Review whether it should move into i18n or remain developer-only.
hardcoded_source_literal_src_components_pc_feedback_EventFeedbackCard.tsx_line:310,hardcoded_source_literal,src/components/pc/feedback/EventFeedbackCard.tsx,,line:310,수첩,Notebook,手帳,笔记,Visible Korean/CJK source literal outside i18n/data. Review whether it should move into i18n or remain developer-only.
hardcoded_source_literal_src_components_pc_feedback_EventFeedbackCard.tsx_line:316,hardcoded_source_literal,src/components/pc/feedback/EventFeedbackCard.tsx,,line:316,재판관,Judge,裁判官,法官,Visible Korean/CJK source literal outside i18n/data. Review whether it should move into i18n or remain developer-only.
hardcoded_source_literal_src_components_pc_feedback_EventFeedbackCard.tsx_line:323,hardcoded_source_literal,src/components/pc/feedback/EventFeedbackCard.tsx,,line:323,재판관의 수첩,Judge's Notebook,裁判官の手帳,法官笔记,Visible Korean/CJK source literal outside i18n/data. Review whether it should move into i18n or remain developer-only.
hardcoded_source_literal_src_components_pc_feedback_EventFeedbackCard.tsx_line:517,hardcoded_source_literal,src/components/pc/feedback/EventFeedbackCard.tsx,,line:517,닫기,Close,閉じる,关闭,Visible Korean/CJK source literal outside i18n/data. Review whether it should move into i18n or remain developer-only.
hardcoded_source_literal_src_components_pc_feedback_EventFeedbackCard.tsx_line:526,hardcoded_source_literal,src/components/pc/feedback/EventFeedbackCard.tsx,,line:526,일시 보류,Temporarily Deferred,一時保留,暂时搁置,Visible Korean/CJK source literal outside i18n/data. Review whether it should move into i18n or remain developer-only.
hardcoded_source_literal_src_components_pc_feedback_EventFeedbackCard.tsx_line:650,hardcoded_source_literal,src/components/pc/feedback/EventFeedbackCard.tsx,,line:650,닫기,Close,閉じる,关闭,Visible Korean/CJK source literal outside i18n/data. Review whether it should move into i18n or remain developer-only.
hardcoded_source_literal_src_components_pc_feedback_EventFeedbackCard.tsx_line:650,hardcoded_source_literal,src/components/pc/feedback/EventFeedbackCard.tsx,,line:650,확인,Check,確認,确认,Visible Korean/CJK source literal outside i18n/data. Review whether it should move into i18n or remain developer-only.
hardcoded_source_literal_src_components_pc_home_PCHomeScreen.tsx_line:1068,hardcoded_source_literal,src/components/pc/home/PCHomeScreen.tsx,,line:1068,判決要約,Verdict Summary,判決要約,裁决摘要,Visible Korean/CJK source literal outside i18n/data. Review whether it should move into i18n or remain developer-only.
hardcoded_source_literal_src_components_pc_home_PCHomeScreen.tsx_line:1068,hardcoded_source_literal,src/components/pc/home/PCHomeScreen.tsx,,line:1068,判决摘要,Verdict Summary,判決要約,裁决摘要,Visible Korean/CJK source literal outside i18n/data. Review whether it should move into i18n or remain developer-only.
hardcoded_source_literal_src_components_pc_home_PCHomeScreen.tsx_line:1068,hardcoded_source_literal,src/components/pc/home/PCHomeScreen.tsx,,line:1068,판결문 요약,Verdict Summary,判決要約,裁决摘要,Visible Korean/CJK source literal outside i18n/data. Review whether it should move into i18n or remain developer-only.
hardcoded_source_literal_src_components_pc_home_PCHomeScreen.tsx_line:1075,hardcoded_source_literal,src/components/pc/home/PCHomeScreen.tsx,,line:1075,判決要約,Verdict Summary,判決要約,裁决摘要,Visible Korean/CJK source literal outside i18n/data. Review whether it should move into i18n or remain developer-only.
hardcoded_source_literal_src_components_pc_home_PCHomeScreen.tsx_line:1075,hardcoded_source_literal,src/components/pc/home/PCHomeScreen.tsx,,line:1075,判决摘要,Verdict Summary,判決要約,裁决摘要,Visible Korean/CJK source literal outside i18n/data. Review whether it should move into i18n or remain developer-only.
hardcoded_source_literal_src_components_pc_home_PCHomeScreen.tsx_line:1075,hardcoded_source_literal,src/components/pc/home/PCHomeScreen.tsx,,line:1075,판결문 요약,Verdict Summary,判決要約,裁决摘要,Visible Korean/CJK source literal outside i18n/data. Review whether it should move into i18n or remain developer-only.
hardcoded_source_literal_src_components_pc_home_PCHomeScreen.tsx_line:1097,hardcoded_source_literal,src/components/pc/home/PCHomeScreen.tsx,,line:1097,以前のプレイ記録には後日談が保存されていません。今後完了したプレイでは後日談も保存されます。,Previous play records do not have epilogues saved. Future completed playthroughs will save epilogues as well.,以前のプレイ記録には後日談が保存されていません。今後完了したプレイでは後日談も保存されます。,之前的游玩记录没有保存后日谈。之后完成的游玩会一并保存后日谈。,Visible Korean/CJK source literal outside i18n/data. Review whether it should move into i18n or remain developer-only.
hardcoded_source_literal_src_components_pc_home_PCHomeScreen.tsx_line:1098,hardcoded_source_literal,src/components/pc/home/PCHomeScreen.tsx,,line:1098,该历史游玩记录没有保存后日谈。之后完成的游玩会一并保存后日谈。,Previous play records do not have epilogues saved. Future completed playthroughs will save epilogues as well.,以前のプレイ記録には後日談が保存されていません。今後完了したプレイでは後日談も保存されます。,之前的游玩记录没有保存后日谈。之后完成的游玩会一并保存后日谈。,Visible Korean/CJK source literal outside i18n/data. Review whether it should move into i18n or remain developer-only.
hardcoded_source_literal_src_components_pc_home_PCHomeScreen.tsx_line:1099,hardcoded_source_literal,src/components/pc/home/PCHomeScreen.tsx,,line:1099,이전 플레이 기록에는 후일담이 저장되어 있지 않습니다. 앞으로 완료되는 플레이는 후일담까지 함께 저장됩니다.,Previous play records do not have epilogues saved. Future completed playthroughs will save epilogues as well.,以前のプレイ記録には後日談が保存されていません。今後完了したプレイでは後日談も保存されます。,之前的游玩记录没有保存后日谈。之后完成的游玩会一并保存后日谈。,Visible Korean/CJK source literal outside i18n/data. Review whether it should move into i18n or remain developer-only.
hardcoded_source_literal_src_components_pc_home_PCHomeScreen.tsx_line:1117,hardcoded_source_literal,src/components/pc/home/PCHomeScreen.tsx,,line:1117,獲得カード,Acquired Cards,獲得カード,获得卡片,Visible Korean/CJK source literal outside i18n/data. Review whether it should move into i18n or remain developer-only.
hardcoded_source_literal_src_components_pc_home_PCHomeScreen.tsx_line:1117,hardcoded_source_literal,src/components/pc/home/PCHomeScreen.tsx,,line:1117,获得卡片,Acquired Cards,獲得カード,获得卡片,Visible Korean/CJK source literal outside i18n/data. Review whether it should move into i18n or remain developer-only.
hardcoded_source_literal_src_components_pc_home_PCHomeScreen.tsx_line:1117,hardcoded_source_literal,src/components/pc/home/PCHomeScreen.tsx,,line:1117,획득 카드,Acquired Cards,獲得カード,获得卡片,Visible Korean/CJK source literal outside i18n/data. Review whether it should move into i18n or remain developer-only.
hardcoded_source_literal_src_components_pc_home_PCHomeScreen.tsx_line:1133,hardcoded_source_literal,src/components/pc/home/PCHomeScreen.tsx,,line:1133,保存された称号記録がありません。,No saved title records.,保存された称号記録がありません。,没有保存的称号记录。,Visible Korean/CJK source literal outside i18n/data. Review whether it should move into i18n or remain developer-only.
hardcoded_source_literal_src_components_pc_home_PCHomeScreen.tsx_line:1134,hardcoded_source_literal,src/components/pc/home/PCHomeScreen.tsx,,line:1134,没有保存的称号记录。,No saved title records.,保存された称号記録がありません。,没有保存的称号记录。,Visible Korean/CJK source literal outside i18n/data. Review whether it should move into i18n or remain developer-only.
hardcoded_source_literal_src_components_pc_home_PCHomeScreen.tsx_line:1135,hardcoded_source_literal,src/components/pc/home/PCHomeScreen.tsx,,line:1135,저장된 칭호 기록이 없습니다.,No saved title records.,保存された称号記録がありません。,没有保存的称号记录。,Visible Korean/CJK source literal outside i18n/data. Review whether it should move into i18n or remain developer-only.
hardcoded_source_literal_src_components_pc_home_PCHomeScreen.tsx_line:1140,hardcoded_source_literal,src/components/pc/home/PCHomeScreen.tsx,,line:1140,報酬フラグメント,Reward Fragments,報酬フラグメント,奖励碎片,Visible Korean/CJK source literal outside i18n/data. Review whether it should move into i18n or remain developer-only.
hardcoded_source_literal_src_components_pc_home_PCHomeScreen.tsx_line:1140,hardcoded_source_literal,src/components/pc/home/PCHomeScreen.tsx,,line:1140,奖励碎片,Reward Fragments,報酬フラグメント,奖励碎片,Visible Korean/CJK source literal outside i18n/data. Review whether it should move into i18n or remain developer-only.
hardcoded_source_literal_src_components_pc_home_PCHomeScreen.tsx_line:1140,hardcoded_source_literal,src/components/pc/home/PCHomeScreen.tsx,,line:1140,보상 조각,Reward Fragments,報酬フラグメント,奖励碎片,Visible Korean/CJK source literal outside i18n/data. Review whether it should move into i18n or remain developer-only.
hardcoded_source_literal_src_components_pc_home_PCHomeScreen.tsx_line:1186,hardcoded_source_literal,src/components/pc/home/PCHomeScreen.tsx,,line:1186,保存された報酬記録がありません。,No saved reward records.,保存された報酬記録がありません。,没有保存的奖励记录。,Visible Korean/CJK source literal outside i18n/data. Review whether it should move into i18n or remain developer-only.
hardcoded_source_literal_src_components_pc_home_PCHomeScreen.tsx_line:1187,hardcoded_source_literal,src/components/pc/home/PCHomeScreen.tsx,,line:1187,没有保存的奖励记录。,No saved reward records.,保存された報酬記録がありません。,没有保存的奖励记录。,Visible Korean/CJK source literal outside i18n/data. Review whether it should move into i18n or remain developer-only.
hardcoded_source_literal_src_components_pc_home_PCHomeScreen.tsx_line:1188,hardcoded_source_literal,src/components/pc/home/PCHomeScreen.tsx,,line:1188,저장된 보상 기록이 없습니다.,No saved reward records.,保存された報酬記録がありません。,没有保存的奖励记录。,Visible Korean/CJK source literal outside i18n/data. Review whether it should move into i18n or remain developer-only.
hardcoded_source_literal_src_components_pc_home_PCHomeScreen.tsx_line:748,hardcoded_source_literal,src/components/pc/home/PCHomeScreen.tsx,,line:748,사실,True,事実,事实,Visible Korean/CJK source literal outside i18n/data. Review whether it should move into i18n or remain developer-only.
hardcoded_source_literal_src_components_pc_home_PCHomeScreen.tsx_line:748,hardcoded_source_literal,src/components/pc/home/PCHomeScreen.tsx,,line:748,거짓,False,虚偽,虚假,Visible Korean/CJK source literal outside i18n/data. Review whether it should move into i18n or remain developer-only.
hardcoded_source_literal_src_components_pc_home_PCHomeScreen.tsx_line:748,hardcoded_source_literal,src/components/pc/home/PCHomeScreen.tsx,,line:748,보류,Deferred,保留,暂缓,Visible Korean/CJK source literal outside i18n/data. Review whether it should move into i18n or remain developer-only.
hardcoded_source_literal_src_components_pc_home_PCHomeScreen.tsx_line:748,hardcoded_source_literal,src/components/pc/home/PCHomeScreen.tsx,,line:748,미기록,Unrecorded,未記録,未记录,Visible Korean/CJK source literal outside i18n/data. Review whether it should move into i18n or remain developer-only.
hardcoded_source_literal_src_components_pc_home_PCHomeScreen.tsx_line:750,hardcoded_source_literal,src/components/pc/home/PCHomeScreen.tsx,,line:750,事実,True,事実,事实,Visible Korean/CJK source literal outside i18n/data. Review whether it should move into i18n or remain developer-only.
hardcoded_source_literal_src_components_pc_home_PCHomeScreen.tsx_line:750,hardcoded_source_literal,src/components/pc/home/PCHomeScreen.tsx,,line:750,虚偽,False,虚偽,虚假,Visible Korean/CJK source literal outside i18n/data. Review whether it should move into i18n or remain developer-only.
hardcoded_source_literal_src_components_pc_home_PCHomeScreen.tsx_line:750,hardcoded_source_literal,src/components/pc/home/PCHomeScreen.tsx,,line:750,保留,Deferred,保留,暂缓,Visible Korean/CJK source literal outside i18n/data. Review whether it should move into i18n or remain developer-only.
hardcoded_source_literal_src_components_pc_home_PCHomeScreen.tsx_line:750,hardcoded_source_literal,src/components/pc/home/PCHomeScreen.tsx,,line:750,未記録,Unrecorded,未記録,未记录,Visible Korean/CJK source literal outside i18n/data. Review whether it should move into i18n or remain developer-only.
hardcoded_source_literal_src_components_pc_home_PCHomeScreen.tsx_line:751,hardcoded_source_literal,src/components/pc/home/PCHomeScreen.tsx,,line:751,事实,True,事実,事实,Visible Korean/CJK source literal outside i18n/data. Review whether it should move into i18n or remain developer-only.
hardcoded_source_literal_src_components_pc_home_PCHomeScreen.tsx_line:751,hardcoded_source_literal,src/components/pc/home/PCHomeScreen.tsx,,line:751,虚假,False,虚偽,虚假,Visible Korean/CJK source literal outside i18n/data. Review whether it should move into i18n or remain developer-only.
hardcoded_source_literal_src_components_pc_home_PCHomeScreen.tsx_line:751,hardcoded_source_literal,src/components/pc/home/PCHomeScreen.tsx,,line:751,暂缓,Deferred,保留,暂缓,Visible Korean/CJK source literal outside i18n/data. Review whether it should move into i18n or remain developer-only.
hardcoded_source_literal_src_components_pc_home_PCHomeScreen.tsx_line:751,hardcoded_source_literal,src/components/pc/home/PCHomeScreen.tsx,,line:751,未记录,Unrecorded,未記録,未记录,Visible Korean/CJK source literal outside i18n/data. Review whether it should move into i18n or remain developer-only.
hardcoded_source_literal_src_components_pc_home_PCHomeScreen.tsx_line:801,hardcoded_source_literal,src/components/pc/home/PCHomeScreen.tsx,,line:801,二人は結論を大きく語るよりも、確認すべき記録と残った言葉を先に書き分けました。,"The two did not rush to declare a conclusion; instead, they first separated the records to check again from the words left unsaid.",二人はすぐに結論を大きく語るよりも、再確認すべき記録と残った言葉を先に分けて書き出した。,两人没有急着大声宣告结论，而是先把需要重新确认的记录和没说完的话分别写下。,Visible Korean/CJK source literal outside i18n/data. Review whether it should move into i18n or remain developer-only.
hardcoded_source_literal_src_components_pc_home_PCHomeScreen.tsx_line:803,hardcoded_source_literal,src/components/pc/home/PCHomeScreen.tsx,,line:803,遅い警告も、説明されなければ傷として残る。,Even a late warning leaves a wound if it is never explained.,遅い警告も、説明されなければ傷として残る。,迟来的警告若不被说明，也会留下伤口。,Visible Korean/CJK source literal outside i18n/data. Review whether it should move into i18n or remain developer-only.
hardcoded_source_literal_src_components_pc_home_PCHomeScreen.tsx_line:805,hardcoded_source_literal,src/components/pc/home/PCHomeScreen.tsx,,line:805,家族の心も、事実の前で読み直されなければならない。,A family's feelings must also be reread in the face of facts.,家族の思いも、事実の前で読み直されなければならない。,家人的心意，也要在事实面前重新读过。,Visible Korean/CJK source literal outside i18n/data. Review whether it should move into i18n or remain developer-only.
hardcoded_source_literal_src_components_pc_home_PCHomeScreen.tsx_line:807,hardcoded_source_literal,src/components/pc/home/PCHomeScreen.tsx,,line:807,沈黙は時に、善意より長く疑いを残す。,Silence sometimes leaves suspicion longer than goodwill.,沈黙は時に、善意より長く疑いを残す。,沉默有时比善意更久地留下怀疑。,Visible Korean/CJK source literal outside i18n/data. Review whether it should move into i18n or remain developer-only.
hardcoded_source_literal_src_components_pc_home_PCHomeScreen.tsx_line:808,hardcoded_source_literal,src/components/pc/home/PCHomeScreen.tsx,,line:808,確かめない心は、関係の外から戻ってくる。,Unchecked feelings return from outside the relationship.,確かめない思いは、関係の外から戻ってくる。,未经确认的心意，会从关系之外再次回来。,Visible Korean/CJK source literal outside i18n/data. Review whether it should move into i18n or remain developer-only.
hardcoded_source_literal_src_components_pc_home_PCHomeScreen.tsx_line:812,hardcoded_source_literal,src/components/pc/home/PCHomeScreen.tsx,,line:812,時間が経つにつれ、事件は勝敗よりも残った距離の問題へ変わりました。二人は簡単に以前のようには戻れませんでしたが、同じ傷がどこから始まったのかは少しはっきり分かるようになりました。その理解は和解と呼ぶには小さくても、次の言葉を壊さないための最低限の変化でした。,"As time passed, the case shifted from winning or losing to the distance that remained. They could not easily return to how they had been, but they came to see more clearly where the same wound had begun. That understanding was too small to call reconciliation, but it was the smallest change needed to keep the next words from falling apart.",時間が経つにつれ、事件は勝敗よりも残された距離の問題へと変わった。二人は簡単に以前のようには戻れなかったが、同じ傷がどこから始まったのかは少しはっきり分かるようになった。その理解は和解と呼ぶには小さかったが、次の言葉を壊さないための最低限の変化だった。,随着时间过去，案件从胜负转成了剩余距离的问题。两人很难轻易回到从前，但他们更清楚同一道伤是从哪里开始的。那份理解还小得不能称作和解，却至少成了不让下一句话立刻崩坏的变化。,Visible Korean/CJK source literal outside i18n/data. Review whether it should move into i18n or remain developer-only.
hardcoded_source_literal_src_components_pc_home_PCHomeScreen.tsx_line:819,hardcoded_source_literal,src/components/pc/home/PCHomeScreen.tsx,,line:819,两人没有急着大声宣告结论，而是先把需要重新确认的记录和没说完的话分别写下。,"The two did not rush to declare a conclusion; instead, they first separated the records to check again from the words left unsaid.",二人はすぐに結論を大きく語るよりも、再確認すべき記録と残った言葉を先に分けて書き出した。,两人没有急着大声宣告结论，而是先把需要重新确认的记录和没说完的话分别写下。,Visible Korean/CJK source literal outside i18n/data. Review whether it should move into i18n or remain developer-only.
hardcoded_source_literal_src_components_pc_home_PCHomeScreen.tsx_line:821,hardcoded_source_literal,src/components/pc/home/PCHomeScreen.tsx,,line:821,迟来的提醒若不被说明，也会留下伤口。,Even a late warning leaves a wound if it is never explained.,遅い警告も、説明されなければ傷として残る。,迟来的警告若不被说明，也会留下伤口。,Visible Korean/CJK source literal outside i18n/data. Review whether it should move into i18n or remain developer-only.
hardcoded_source_literal_src_components_pc_home_PCHomeScreen.tsx_line:823,hardcoded_source_literal,src/components/pc/home/PCHomeScreen.tsx,,line:823,家人的心意，也要在事实面前重新读过。,A family's feelings must also be reread in the face of facts.,家族の思いも、事実の前で読み直されなければならない。,家人的心意，也要在事实面前重新读过。,Visible Korean/CJK source literal outside i18n/data. Review whether it should move into i18n or remain developer-only.
hardcoded_source_literal_src_components_pc_home_PCHomeScreen.tsx_line:825,hardcoded_source_literal,src/components/pc/home/PCHomeScreen.tsx,,line:825,沉默有时比善意更久地留下怀疑。,Silence sometimes leaves suspicion longer than goodwill.,沈黙は時に、善意より長く疑いを残す。,沉默有时比善意更久地留下怀疑。,Visible Korean/CJK source literal outside i18n/data. Review whether it should move into i18n or remain developer-only.
hardcoded_source_literal_src_components_pc_home_PCHomeScreen.tsx_line:826,hardcoded_source_literal,src/components/pc/home/PCHomeScreen.tsx,,line:826,未经确认的心意，会从关系之外再次回来。,Unchecked feelings return from outside the relationship.,確かめない思いは、関係の外から戻ってくる。,未经确认的心意，会从关系之外再次回来。,Visible Korean/CJK source literal outside i18n/data. Review whether it should move into i18n or remain developer-only.
hardcoded_source_literal_src_components_pc_home_PCHomeScreen.tsx_line:830,hardcoded_source_literal,src/components/pc/home/PCHomeScreen.tsx,,line:830,随着时间过去，案件从胜负变成了剩余距离的问题。两人很难轻易回到过去，但他们更清楚同一道伤是从哪里开始的。那份理解还小得不能称作和解，却至少成了不让下一句话立刻崩坏的变化。,"As time passed, the case shifted from winning or losing to the distance that remained. They could not easily return to how they had been, but they came to see more clearly where the same wound had begun. That understanding was too small to call reconciliation, but it was the smallest change needed to keep the next words from falling apart.",時間が経つにつれ、事件は勝敗よりも残された距離の問題へと変わった。二人は簡単に以前のようには戻れなかったが、同じ傷がどこから始まったのかは少しはっきり分かるようになった。その理解は和解と呼ぶには小さかったが、次の言葉を壊さないための最低限の変化だった。,随着时间过去，案件从胜负转成了剩余距离的问题。两人很难轻易回到从前，但他们更清楚同一道伤是从哪里开始的。那份理解还小得不能称作和解，却至少成了不让下一句话立刻崩坏的变化。,Visible Korean/CJK source literal outside i18n/data. Review whether it should move into i18n or remain developer-only.
hardcoded_source_literal_src_components_pc_home_PCHomeScreen.tsx_line:837,hardcoded_source_literal,src/components/pc/home/PCHomeScreen.tsx,,line:837,"두 사람은 당장 결론을 크게 말하기보다, 다시 확인해야 할 기록과 남은 말을 먼저 나누어 적었다.","The two did not rush to declare a conclusion; instead, they first separated the records to check again from the words left unsaid.",二人はすぐに結論を大きく語るよりも、再確認すべき記録と残った言葉を先に分けて書き出した。,两人没有急着大声宣告结论，而是先把需要重新确认的记录和没说完的话分别写下。,Visible Korean/CJK source literal outside i18n/data. Review whether it should move into i18n or remain developer-only.
hardcoded_source_literal_src_components_pc_home_PCHomeScreen.tsx_line:839,hardcoded_source_literal,src/components/pc/home/PCHomeScreen.tsx,,line:839,늦은 경고도 설명되지 않으면 상처로 남는다.,Even a late warning leaves a wound if it is never explained.,遅い警告も、説明されなければ傷として残る。,迟来的警告若不被说明，也会留下伤口。,Visible Korean/CJK source literal outside i18n/data. Review whether it should move into i18n or remain developer-only.
hardcoded_source_literal_src_components_pc_home_PCHomeScreen.tsx_line:841,hardcoded_source_literal,src/components/pc/home/PCHomeScreen.tsx,,line:841,가족의 마음도 사실 앞에서 다시 읽혀야 한다.,A family's feelings must also be reread in the face of facts.,家族の思いも、事実の前で読み直されなければならない。,家人的心意，也要在事实面前重新读过。,Visible Korean/CJK source literal outside i18n/data. Review whether it should move into i18n or remain developer-only.
hardcoded_source_literal_src_components_pc_home_PCHomeScreen.tsx_line:843,hardcoded_source_literal,src/components/pc/home/PCHomeScreen.tsx,,line:843,침묵은 때로 선의보다 오래 의심을 남긴다.,Silence sometimes leaves suspicion longer than goodwill.,沈黙は時に、善意より長く疑いを残す。,沉默有时比善意更久地留下怀疑。,Visible Korean/CJK source literal outside i18n/data. Review whether it should move into i18n or remain developer-only.
hardcoded_source_literal_src_components_pc_home_PCHomeScreen.tsx_line:844,hardcoded_source_literal,src/components/pc/home/PCHomeScreen.tsx,,line:844,확인하지 않은 마음은 관계 밖에서 다시 돌아온다.,Unchecked feelings return from outside the relationship.,確かめない思いは、関係の外から戻ってくる。,未经确认的心意，会从关系之外再次回来。,Visible Korean/CJK source literal outside i18n/data. Review whether it should move into i18n or remain developer-only.
hardcoded_source_literal_src_components_pc_home_PCHomeScreen.tsx_line:849,hardcoded_source_literal,src/components/pc/home/PCHomeScreen.tsx,,line:849,"시간이 지나면서 사건은 승패보다 남은 거리의 문제로 바뀌었다. 두 사람은 쉽게 예전처럼 돌아가지는 못했지만, 같은 상처가 어디서 시작됐는지는 조금 더 선명하게 알게 되었다. 그 이해는 화해라고 부르기에는 작았지만, 다음 말을 망치지 않기 위한 최소한의 변화였다.","As time passed, the case shifted from winning or losing to the distance that remained. They could not easily return to how they had been, but they came to see more clearly where the same wound had begun. That understanding was too small to call reconciliation, but it was the smallest change needed to keep the next words from falling apart.",時間が経つにつれ、事件は勝敗よりも残された距離の問題へと変わった。二人は簡単に以前のようには戻れなかったが、同じ傷がどこから始まったのかは少しはっきり分かるようになった。その理解は和解と呼ぶには小さかったが、次の言葉を壊さないための最低限の変化だった。,随着时间过去，案件从胜负转成了剩余距离的问题。两人很难轻易回到从前，但他们更清楚同一道伤是从哪里开始的。那份理解还小得不能称作和解，却至少成了不让下一句话立刻崩坏的变化。,Visible Korean/CJK source literal outside i18n/data. Review whether it should move into i18n or remain developer-only.
hardcoded_source_literal_src_components_pc_home_pcHomeShared.ts_line:10,hardcoded_source_literal,src/components/pc/home/pcHomeShared.ts,,line:10,무작위,Random,ランダム,随机,Visible Korean/CJK source literal outside i18n/data. Review whether it should move into i18n or remain developer-only.
hardcoded_source_literal_src_components_pc_home_pcHomeShared.ts_line:100,hardcoded_source_literal,src/components/pc/home/pcHomeShared.ts,,line:100,믿고 맡긴 만큼 더 무거워지는 책임,Responsibility Grows Heavier with Trust,信じて任せた分だけ重くなる責任,越是信任托付，责任越重,Visible Korean/CJK source literal outside i18n/data. Review whether it should move into i18n or remain developer-only.
hardcoded_source_literal_src_components_pc_home_pcHomeShared.ts_line:101,hardcoded_source_literal,src/components/pc/home/pcHomeShared.ts,,line:101,"전문성, 보호 의무, 해명의 온도가 정면으로 충돌합니다.","Expertise, duty of care, and the tone of explanation collide head-on.",専門性、保護義務、説明の温度が正面から衝突します。,专业性、保护义务与说明的温度正面冲突。,Visible Korean/CJK source literal outside i18n/data. Review whether it should move into i18n or remain developer-only.
hardcoded_source_literal_src_components_pc_home_pcHomeShared.ts_line:106,hardcoded_source_literal,src/components/pc/home/pcHomeShared.ts,,line:106,공공·제도,Public & Institutional,公共・制度,公共·制度,Visible Korean/CJK source literal outside i18n/data. Review whether it should move into i18n or remain developer-only.
hardcoded_source_literal_src_components_pc_home_pcHomeShared.ts_line:108,hardcoded_source_literal,src/components/pc/home/pcHomeShared.ts,,line:108,제도가 흔들리면 모두가 불안해진다,"When institutions waver, everyone becomes uneasy",制度が揺らぐと、誰もが不安になる,当制度动摇，所有人都会不安,Visible Korean/CJK source literal outside i18n/data. Review whether it should move into i18n or remain developer-only.
hardcoded_source_literal_src_components_pc_home_pcHomeShared.ts_line:109,hardcoded_source_literal,src/components/pc/home/pcHomeShared.ts,,line:109,공적 절차와 개인의 사정이 같은 장면 안에서 맞붙습니다.,Public procedure and private circumstances clash in the same scene.,公的手続きと個人の事情が同じ場面でぶつかります。,公共程序与个人情况在同一场景中交锋。,Visible Korean/CJK source literal outside i18n/data. Review whether it should move into i18n or remain developer-only.
hardcoded_source_literal_src_components_pc_home_pcHomeShared.ts_line:11,hardcoded_source_literal,src/components/pc/home/pcHomeShared.ts,,line:11,부부,Married Couple,夫婦,夫妻,Visible Korean/CJK source literal outside i18n/data. Review whether it should move into i18n or remain developer-only.
hardcoded_source_literal_src_components_pc_home_pcHomeShared.ts_line:114,hardcoded_source_literal,src/components/pc/home/pcHomeShared.ts,,line:114,연인,Lovers,恋人,恋人,Visible Korean/CJK source literal outside i18n/data. Review whether it should move into i18n or remain developer-only.
hardcoded_source_literal_src_components_pc_home_pcHomeShared.ts_line:116,hardcoded_source_literal,src/components/pc/home/pcHomeShared.ts,,line:116,"사랑과 의심 사이, 감정이 증거가 되는 순간","Between love and suspicion, emotion becomes evidence",愛と疑いの間で、感情が証拠になる瞬間,在爱与怀疑之间，情绪成为证据的瞬间,Visible Korean/CJK source literal outside i18n/data. Review whether it should move into i18n or remain developer-only.
hardcoded_source_literal_src_components_pc_home_pcHomeShared.ts_line:117,hardcoded_source_literal,src/components/pc/home/pcHomeShared.ts,,line:117,"약속과 배신, 질투와 진심이 가장 가까운 사이를 시험합니다.","Promises and betrayal, jealousy and sincerity test the closest bonds.",約束と裏切り、嫉妬と本心が最も近い関係を試します。,承诺与背叛、嫉妒与真心考验最亲近的关系。,Visible Korean/CJK source literal outside i18n/data. Review whether it should move into i18n or remain developer-only.
hardcoded_source_literal_src_components_pc_home_pcHomeShared.ts_line:12,hardcoded_source_literal,src/components/pc/home/pcHomeShared.ts,,line:12,가족,Family,家族,家人,Visible Korean/CJK source literal outside i18n/data. Review whether it should move into i18n or remain developer-only.
hardcoded_source_literal_src_components_pc_home_pcHomeShared.ts_line:13,hardcoded_source_literal,src/components/pc/home/pcHomeShared.ts,,line:13,친구,Friends,友人,朋友,Visible Korean/CJK source literal outside i18n/data. Review whether it should move into i18n or remain developer-only.
hardcoded_source_literal_src_components_pc_home_pcHomeShared.ts_line:14,hardcoded_source_literal,src/components/pc/home/pcHomeShared.ts,,line:14,이웃,Neighbors,隣人,邻里,Visible Korean/CJK source literal outside i18n/data. Review whether it should move into i18n or remain developer-only.
hardcoded_source_literal_src_components_pc_home_pcHomeShared.ts_line:15,hardcoded_source_literal,src/components/pc/home/pcHomeShared.ts,,line:15,동업,Partnership,共同事業,合伙,Visible Korean/CJK source literal outside i18n/data. Review whether it should move into i18n or remain developer-only.
hardcoded_source_literal_src_components_pc_home_pcHomeShared.ts_line:16,hardcoded_source_literal,src/components/pc/home/pcHomeShared.ts,,line:16,세입자,Tenant,賃借人,租户,Visible Korean/CJK source literal outside i18n/data. Review whether it should move into i18n or remain developer-only.
hardcoded_source_literal_src_components_pc_home_pcHomeShared.ts_line:17,hardcoded_source_literal,src/components/pc/home/pcHomeShared.ts,,line:17,직장,Workplace,職場,职场,Visible Korean/CJK source literal outside i18n/data. Review whether it should move into i18n or remain developer-only.
hardcoded_source_literal_src_components_pc_home_pcHomeShared.ts_line:18,hardcoded_source_literal,src/components/pc/home/pcHomeShared.ts,,line:18,헤드라인,Headline,ヘッドライン,头条,Visible Korean/CJK source literal outside i18n/data. Review whether it should move into i18n or remain developer-only.
hardcoded_source_literal_src_components_pc_home_pcHomeShared.ts_line:26,hardcoded_source_literal,src/components/pc/home/pcHomeShared.ts,,line:26,부부,Married Couple,夫婦,夫妻,Visible Korean/CJK source literal outside i18n/data. Review whether it should move into i18n or remain developer-only.
hardcoded_source_literal_src_components_pc_home_pcHomeShared.ts_line:28,hardcoded_source_literal,src/components/pc/home/pcHomeShared.ts,,line:28,가장 가깝고도 먼 사이,The closest yet most distant bond,最も近くて遠い関係,最近也最远的关系,Visible Korean/CJK source literal outside i18n/data. Review whether it should move into i18n or remain developer-only.
hardcoded_source_literal_src_components_pc_home_pcHomeShared.ts_line:29,hardcoded_source_literal,src/components/pc/home/pcHomeShared.ts,,line:29,"사랑, 생활비, 침묵이 한 식탁에서 부딪힙니다.","Love, living expenses, and silence collide at one table.",愛、生活費、沈黙が一つの食卓でぶつかります。,爱、生活费与沉默在同一张餐桌上碰撞。,Visible Korean/CJK source literal outside i18n/data. Review whether it should move into i18n or remain developer-only.
hardcoded_source_literal_src_components_pc_home_pcHomeShared.ts_line:34,hardcoded_source_literal,src/components/pc/home/pcHomeShared.ts,,line:34,가족,Family,家族,家人,Visible Korean/CJK source literal outside i18n/data. Review whether it should move into i18n or remain developer-only.
hardcoded_source_literal_src_components_pc_home_pcHomeShared.ts_line:36,hardcoded_source_literal,src/components/pc/home/pcHomeShared.ts,,line:36,가까워서 더 쉽게 상처가 남는 관계,A bond where closeness makes wounds linger,近いからこそ傷が残りやすい関係,因亲近而更容易留下伤口的关系,Visible Korean/CJK source literal outside i18n/data. Review whether it should move into i18n or remain developer-only.
hardcoded_source_literal_src_components_pc_home_pcHomeShared.ts_line:37,hardcoded_source_literal,src/components/pc/home/pcHomeShared.ts,,line:37,"돌봄과 기대, 의무와 애틋함이 서로를 시험합니다.","Care and expectation, duty and affection test one another.",介護と期待、義務と愛惜が互いを試します。,照护与期待、义务与眷恋相互考验。,Visible Korean/CJK source literal outside i18n/data. Review whether it should move into i18n or remain developer-only.
hardcoded_source_literal_src_components_pc_home_pcHomeShared.ts_line:42,hardcoded_source_literal,src/components/pc/home/pcHomeShared.ts,,line:42,친구,Friends,友人,朋友,Visible Korean/CJK source literal outside i18n/data. Review whether it should move into i18n or remain developer-only.
hardcoded_source_literal_src_components_pc_home_pcHomeShared.ts_line:44,hardcoded_source_literal,src/components/pc/home/pcHomeShared.ts,,line:44,편함과 선 넘음의 한 끗 차이,The fine line between comfort and crossing a line,気安さと一線越えの紙一重,亲近与越界只差一线,Visible Korean/CJK source literal outside i18n/data. Review whether it should move into i18n or remain developer-only.
hardcoded_source_literal_src_components_pc_home_pcHomeShared.ts_line:45,hardcoded_source_literal,src/components/pc/home/pcHomeShared.ts,,line:45,"우정과 거래가 겹치는 순간, 감정의 온도가 달라집니다.","When friendship and transactions overlap, the emotional temperature changes.",友情と取引が重なる瞬間、感情の温度が変わります。,当友情与交易重叠，情绪的温度会随之改变。,Visible Korean/CJK source literal outside i18n/data. Review whether it should move into i18n or remain developer-only.
hardcoded_source_literal_src_components_pc_home_pcHomeShared.ts_line:50,hardcoded_source_literal,src/components/pc/home/pcHomeShared.ts,,line:50,이웃,Neighbors,隣人,邻里,Visible Korean/CJK source literal outside i18n/data. Review whether it should move into i18n or remain developer-only.
hardcoded_source_literal_src_components_pc_home_pcHomeShared.ts_line:52,hardcoded_source_literal,src/components/pc/home/pcHomeShared.ts,,line:52,문 하나 사이의 생활 전쟁,A domestic war across a single door,扉一枚を挟んだ生活戦争,一门之隔的生活战争,Visible Korean/CJK source literal outside i18n/data. Review whether it should move into i18n or remain developer-only.
hardcoded_source_literal_src_components_pc_home_pcHomeShared.ts_line:53,hardcoded_source_literal,src/components/pc/home/pcHomeShared.ts,,line:53,"소음과 시선, 경계와 배려가 일상 전체를 흔듭니다.","Noise and gazes, boundaries and consideration shake everyday life.",騒音と視線、境界と配慮が日常全体を揺さぶります。,噪音与视线、界限与体谅撼动整个日常。,Visible Korean/CJK source literal outside i18n/data. Review whether it should move into i18n or remain developer-only.
hardcoded_source_literal_src_components_pc_home_pcHomeShared.ts_line:58,hardcoded_source_literal,src/components/pc/home/pcHomeShared.ts,,line:58,동업,Partnership,共同事業,合伙,Visible Korean/CJK source literal outside i18n/data. Review whether it should move into i18n or remain developer-only.
hardcoded_source_literal_src_components_pc_home_pcHomeShared.ts_line:60,hardcoded_source_literal,src/components/pc/home/pcHomeShared.ts,,line:60,돈과 믿음이 어긋나는 순간,When money and trust fall out of alignment,お金と信頼がずれる瞬間,金钱与信任错位的瞬间,Visible Korean/CJK source literal outside i18n/data. Review whether it should move into i18n or remain developer-only.
hardcoded_source_literal_src_components_pc_home_pcHomeShared.ts_line:61,hardcoded_source_literal,src/components/pc/home/pcHomeShared.ts,,line:61,"정산과 분담, 약속과 책임이 서로 다른 계산을 드러냅니다.","Settlements and shares, promises and responsibilities reveal different calculations.",精算と分担、約束と責任が異なる計算を露わにします。,结算与分担、承诺与责任显露出不同的计算。,Visible Korean/CJK source literal outside i18n/data. Review whether it should move into i18n or remain developer-only.
hardcoded_source_literal_src_components_pc_home_pcHomeShared.ts_line:66,hardcoded_source_literal,src/components/pc/home/pcHomeShared.ts,,line:66,세입자,Tenant,賃借人,租户,Visible Korean/CJK source literal outside i18n/data. Review whether it should move into i18n or remain developer-only.
hardcoded_source_literal_src_components_pc_home_pcHomeShared.ts_line:68,hardcoded_source_literal,src/components/pc/home/pcHomeShared.ts,,line:68,계약서 밖에서 터지는 현실,Reality that erupts beyond the contract,契約書の外で噴き出す現実,合同之外爆发的现实,Visible Korean/CJK source literal outside i18n/data. Review whether it should move into i18n or remain developer-only.
hardcoded_source_literal_src_components_pc_home_pcHomeShared.ts_line:69,hardcoded_source_literal,src/components/pc/home/pcHomeShared.ts,,line:69,"보증금, 하자, 책임 회피가 좁은 공간 안에서 충돌합니다.","Deposits, defects, and evasion of responsibility collide in a narrow space.",保証金、瑕疵、責任回避が狭い空間で衝突します。,押金、瑕疵与责任回避在狭小空间中冲突。,Visible Korean/CJK source literal outside i18n/data. Review whether it should move into i18n or remain developer-only.
hardcoded_source_literal_src_components_pc_home_pcHomeShared.ts_line:74,hardcoded_source_literal,src/components/pc/home/pcHomeShared.ts,,line:74,직장,Workplace,職場,职场,Visible Korean/CJK source literal outside i18n/data. Review whether it should move into i18n or remain developer-only.
hardcoded_source_literal_src_components_pc_home_pcHomeShared.ts_line:76,hardcoded_source_literal,src/components/pc/home/pcHomeShared.ts,,line:76,기록과 관계가 동시에 흔들리는 자리,Where records and relationships shake at once,記録と関係が同時に揺らぐ場所,记录与关系同时动摇的位置,Visible Korean/CJK source literal outside i18n/data. Review whether it should move into i18n or remain developer-only.
hardcoded_source_literal_src_components_pc_home_pcHomeShared.ts_line:77,hardcoded_source_literal,src/components/pc/home/pcHomeShared.ts,,line:77,"메일과 규정, 평가와 소문이 일의 얼굴을 바꿔 놓습니다.","Emails and rules, evaluations and rumors change the face of work.",メールと規定、評価と噂が仕事の顔を変えてしまいます。,邮件与规定、评价与传闻改变工作的面貌。,Visible Korean/CJK source literal outside i18n/data. Review whether it should move into i18n or remain developer-only.
hardcoded_source_literal_src_components_pc_home_pcHomeShared.ts_line:82,hardcoded_source_literal,src/components/pc/home/pcHomeShared.ts,,line:82,헤드라인,Headline,ヘッドライン,头条,Visible Korean/CJK source literal outside i18n/data. Review whether it should move into i18n or remain developer-only.
hardcoded_source_literal_src_components_pc_home_pcHomeShared.ts_line:84,hardcoded_source_literal,src/components/pc/home/pcHomeShared.ts,,line:84,세상이 보는 사건은 무게가 다르다,A case seen by the world carries a different weight,世間が見る事件は重みが違う,被世人注视的案件有不同分量,Visible Korean/CJK source literal outside i18n/data. Review whether it should move into i18n or remain developer-only.
hardcoded_source_literal_src_components_pc_home_pcHomeShared.ts_line:85,hardcoded_source_literal,src/components/pc/home/pcHomeShared.ts,,line:85,공개성과 파장이 커질수록 판단은 더 무거워집니다.,"As publicity and impact grow, judgment becomes heavier.",公開性と波紋が大きくなるほど、判断は重くなります。,公开性与影响越大，判断越沉重。,Visible Korean/CJK source literal outside i18n/data. Review whether it should move into i18n or remain developer-only.
hardcoded_source_literal_src_components_pc_home_pcHomeShared.ts_line:90,hardcoded_source_literal,src/components/pc/home/pcHomeShared.ts,,line:90,온라인,Online,オンライン,线上,Visible Korean/CJK source literal outside i18n/data. Review whether it should move into i18n or remain developer-only.
hardcoded_source_literal_src_components_pc_home_pcHomeShared.ts_line:92,hardcoded_source_literal,src/components/pc/home/pcHomeShared.ts,,line:92,화면 밖 진실은 더 늦게 드러난다,The truth beyond the screen emerges later,画面の外の真実はもっと遅れて明らかになる,屏幕外的真相更晚浮现,Visible Korean/CJK source literal outside i18n/data. Review whether it should move into i18n or remain developer-only.
hardcoded_source_literal_src_components_pc_home_pcHomeShared.ts_line:93,hardcoded_source_literal,src/components/pc/home/pcHomeShared.ts,,line:93,"댓글과 게시물, 캡처와 여론이 사건의 흐름을 바꿉니다.","Comments and posts, screenshots and public opinion change the flow of a case.",コメントと投稿、スクリーンショットと世論が事件の流れを変えます。,评论与帖子、截图与舆论改变案件的流向。,Visible Korean/CJK source literal outside i18n/data. Review whether it should move into i18n or remain developer-only.
hardcoded_source_literal_src_components_pc_home_pcHomeShared.ts_line:98,hardcoded_source_literal,src/components/pc/home/pcHomeShared.ts,,line:98,의료·교육,Medical & Education,医療・教育,医疗·教育,Visible Korean/CJK source literal outside i18n/data. Review whether it should move into i18n or remain developer-only.
hardcoded_source_literal_src_components_pc_home_PCLobbyOverlay.tsx_line:33,hardcoded_source_literal,src/components/pc/home/PCLobbyOverlay.tsx,,line:33,닫기,Close,閉じる,关闭,Visible Korean/CJK source literal outside i18n/data. Review whether it should move into i18n or remain developer-only.
hardcoded_source_literal_src_components_pc_hotbar_PCDeferredVerdictIcon.tsx_line:33,hardcoded_source_literal,src/components/pc/hotbar/PCDeferredVerdictIcon.tsx,,line:33,보류된 판결,Deferred Verdict,保留中の判決,已暂缓裁决,Visible Korean/CJK source literal outside i18n/data. Review whether it should move into i18n or remain developer-only.
hardcoded_source_literal_src_components_pc_hotbar_PCDeferredVerdictIcon.tsx_line:34,hardcoded_source_literal,src/components/pc/hotbar/PCDeferredVerdictIcon.tsx,,line:34,판결 재개,Resume Verdict,判決を再開,恢复裁决,Visible Korean/CJK source literal outside i18n/data. Review whether it should move into i18n or remain developer-only.
hardcoded_source_literal_src_components_pc_icons_pcIconUtils.ts_line:22,hardcoded_source_literal,src/components/pc/icons/pcIconUtils.ts,,line:22,아내,Wife,妻,妻子,Visible Korean/CJK source literal outside i18n/data. Review whether it should move into i18n or remain developer-only.
hardcoded_source_literal_src_components_pc_icons_pcIconUtils.ts_line:22,hardcoded_source_literal,src/components/pc/icons/pcIconUtils.ts,,line:22,언니,Older Sister,姉,姐姐,Visible Korean/CJK source literal outside i18n/data. Review whether it should move into i18n or remain developer-only.
hardcoded_source_literal_src_components_pc_icons_pcIconUtils.ts_line:22,hardcoded_source_literal,src/components/pc/icons/pcIconUtils.ts,,line:22,누나,Older Sister,姉,姐姐,Visible Korean/CJK source literal outside i18n/data. Review whether it should move into i18n or remain developer-only.
hardcoded_source_literal_src_components_pc_icons_pcIconUtils.ts_line:23,hardcoded_source_literal,src/components/pc/icons/pcIconUtils.ts,,line:23,남편,Husband,夫,丈夫,Visible Korean/CJK source literal outside i18n/data. Review whether it should move into i18n or remain developer-only.
hardcoded_source_literal_src_components_pc_icons_pcIconUtils.ts_line:23,hardcoded_source_literal,src/components/pc/icons/pcIconUtils.ts,,line:23,오빠,Older Brother,兄,哥哥,Visible Korean/CJK source literal outside i18n/data. Review whether it should move into i18n or remain developer-only.
hardcoded_source_literal_src_components_pc_icons_pcIconUtils.ts_line:34,hardcoded_source_literal,src/components/pc/icons/pcIconUtils.ts,,line:34,민아,Min-a,ミナ,敏雅,Visible Korean/CJK source literal outside i18n/data. Review whether it should move into i18n or remain developer-only.
hardcoded_source_literal_src_components_pc_icons_pcIconUtils.ts_line:35,hardcoded_source_literal,src/components/pc/icons/pcIconUtils.ts,,line:35,유진,Yu-jin,ユジン,裕珍,Visible Korean/CJK source literal outside i18n/data. Review whether it should move into i18n or remain developer-only.
hardcoded_source_literal_src_components_pc_icons_pcIconUtils.ts_line:36,hardcoded_source_literal,src/components/pc/icons/pcIconUtils.ts,,line:36,서연,Seo-yeon,ソヨン,瑞妍,Visible Korean/CJK source literal outside i18n/data. Review whether it should move into i18n or remain developer-only.
hardcoded_source_literal_src_components_pc_icons_pcIconUtils.ts_line:37,hardcoded_source_literal,src/components/pc/icons/pcIconUtils.ts,,line:37,다혜,Da-hye,ダヘ,多惠,Visible Korean/CJK source literal outside i18n/data. Review whether it should move into i18n or remain developer-only.
hardcoded_source_literal_src_components_pc_icons_pcIconUtils.ts_line:38,hardcoded_source_literal,src/components/pc/icons/pcIconUtils.ts,,line:38,수아,Su-a,スア,秀雅,Visible Korean/CJK source literal outside i18n/data. Review whether it should move into i18n or remain developer-only.
hardcoded_source_literal_src_components_pc_icons_pcIconUtils.ts_line:48,hardcoded_source_literal,src/components/pc/icons/pcIconUtils.ts,,line:48,진우,Jin-woo,ジヌ,振宇,Visible Korean/CJK source literal outside i18n/data. Review whether it should move into i18n or remain developer-only.
hardcoded_source_literal_src_components_pc_icons_pcIconUtils.ts_line:49,hardcoded_source_literal,src/components/pc/icons/pcIconUtils.ts,,line:49,민준,Min-jun,ミンジュン,民俊,Visible Korean/CJK source literal outside i18n/data. Review whether it should move into i18n or remain developer-only.
hardcoded_source_literal_src_components_pc_icons_pcIconUtils.ts_line:50,hardcoded_source_literal,src/components/pc/icons/pcIconUtils.ts,,line:50,인호,In-ho,イノ,仁浩,Visible Korean/CJK source literal outside i18n/data. Review whether it should move into i18n or remain developer-only.
hardcoded_source_literal_src_components_pc_icons_pcIconUtils.ts_line:51,hardcoded_source_literal,src/components/pc/icons/pcIconUtils.ts,,line:51,기현,Gi-hyeon,ギヒョン,基贤,Visible Korean/CJK source literal outside i18n/data. Review whether it should move into i18n or remain developer-only.
hardcoded_source_literal_src_components_pc_icons_pcIconUtils.ts_line:52,hardcoded_source_literal,src/components/pc/icons/pcIconUtils.ts,,line:52,우람,U-ram,ウラム,禹蓝,Visible Korean/CJK source literal outside i18n/data. Review whether it should move into i18n or remain developer-only.
hardcoded_source_literal_src_components_pc_icons_pcIconUtils.ts_line:53,hardcoded_source_literal,src/components/pc/icons/pcIconUtils.ts,,line:53,태준,Tae-jun,テジュン,泰俊,Visible Korean/CJK source literal outside i18n/data. Review whether it should move into i18n or remain developer-only.
hardcoded_source_literal_src_components_pc_layout_PCDialogueLog.tsx_line:25,hardcoded_source_literal,src/components/pc/layout/PCDialogueLog.tsx,,line:25,정리,Summary,整理,整理,Visible Korean/CJK source literal outside i18n/data. Review whether it should move into i18n or remain developer-only.
hardcoded_source_literal_src_components_pc_layout_PCDialogueLog.tsx_line:25,hardcoded_source_literal,src/components/pc/layout/PCDialogueLog.tsx,,line:25,설명,Explanation,説明,说明,Visible Korean/CJK source literal outside i18n/data. Review whether it should move into i18n or remain developer-only.
hardcoded_source_literal_src_components_pc_layout_PCDialogueLog.tsx_line:25,hardcoded_source_literal,src/components/pc/layout/PCDialogueLog.tsx,,line:25,힌트,Hint,ヒント,提示,Visible Korean/CJK source literal outside i18n/data. Review whether it should move into i18n or remain developer-only.
hardcoded_source_literal_src_components_pc_layout_PCDialogueLog.tsx_line:25,hardcoded_source_literal,src/components/pc/layout/PCDialogueLog.tsx,,line:25,구분,Division,区分,区分,Visible Korean/CJK source literal outside i18n/data. Review whether it should move into i18n or remain developer-only.
hardcoded_source_literal_src_components_pc_layout_PCDialogueLog.tsx_line:25,hardcoded_source_literal,src/components/pc/layout/PCDialogueLog.tsx,,line:25,주의,Caution,注意,注意,Visible Korean/CJK source literal outside i18n/data. Review whether it should move into i18n or remain developer-only.
hardcoded_source_literal_src_components_pc_layout_PCDialogueLog.tsx_line:25,hardcoded_source_literal,src/components/pc/layout/PCDialogueLog.tsx,,line:25,필요,Needed,必要,需要,Visible Korean/CJK source literal outside i18n/data. Review whether it should move into i18n or remain developer-only.
hardcoded_source_literal_src_components_pc_layout_PCDialogueLog.tsx_line:278,hardcoded_source_literal,src/components/pc/layout/PCDialogueLog.tsx,,line:278,모호,Ambiguous,曖昧,模糊,Visible Korean/CJK source literal outside i18n/data. Review whether it should move into i18n or remain developer-only.
hardcoded_source_literal_src_components_pc_layout_PCDialogueLog.tsx_line:279,hardcoded_source_literal,src/components/pc/layout/PCDialogueLog.tsx,,line:279,부분,Partial,部分,部分,Visible Korean/CJK source literal outside i18n/data. Review whether it should move into i18n or remain developer-only.
hardcoded_source_literal_src_components_pc_layout_PCDialogueLog.tsx_line:280,hardcoded_source_literal,src/components/pc/layout/PCDialogueLog.tsx,,line:280,핵심,Key Point,核心,核心,Visible Korean/CJK source literal outside i18n/data. Review whether it should move into i18n or remain developer-only.
hardcoded_source_literal_src_components_pc_layout_PCGameplayOverlay.tsx_line:153,hardcoded_source_literal,src/components/pc/layout/PCGameplayOverlay.tsx,,line:153,"""그 말, 아까와 다릅니다"" — 사실 추궁","""That differs from what you said earlier"" — Press for Facts",「その言葉、さっきと違います」— 事実追及,“这话和刚才不一样” — 事实追问,Visible Korean/CJK source literal outside i18n/data. Review whether it should move into i18n or remain developer-only.
hardcoded_source_literal_src_components_pc_layout_PCGameplayOverlay.tsx_line:154,hardcoded_source_literal,src/components/pc/layout/PCGameplayOverlay.tsx,,line:154,"""왜 숨기셨습니까?"" — 동기 탐색","""Why did you hide it?"" — Motive Probe",「なぜ隠したのですか？」— 動機探索,“为什么要隐瞒？” — 动机探查,Visible Korean/CJK source literal outside i18n/data. Review whether it should move into i18n or remain developer-only.
hardcoded_source_literal_src_components_pc_layout_PCGameplayOverlay.tsx_line:155,hardcoded_source_literal,src/components/pc/layout/PCGameplayOverlay.tsx,,line:155,"""이 증거를 보십시오"" — 증거 제시","""Look at this evidence"" — Present Evidence",「この証拠を見てください」— 証拠提示,“请看这项证据” — 出示证据,Visible Korean/CJK source literal outside i18n/data. Review whether it should move into i18n or remain developer-only.
hardcoded_source_literal_src_components_pc_layout_PCGameplayOverlay.tsx_line:159,hardcoded_source_literal,src/components/pc/layout/PCGameplayOverlay.tsx,,line:159,"""더 숨길 게 있습니까?"" — 정면 추궁","""Is there anything else you are hiding?"" — Direct Press",「まだ隠していることがありますか？」— 正面追及,“还有什么要隐瞒的吗？” — 正面追问,Visible Korean/CJK source literal outside i18n/data. Review whether it should move into i18n or remain developer-only.
hardcoded_source_literal_src_components_pc_layout_PCGameplayOverlay.tsx_line:16,hardcoded_source_literal,src/components/pc/layout/PCGameplayOverlay.tsx,,line:16,방어가 흔들린다,Defense Is Shaking,防御が揺らぐ,防御开始动摇,Visible Korean/CJK source literal outside i18n/data. Review whether it should move into i18n or remain developer-only.
hardcoded_source_literal_src_components_pc_layout_PCGameplayOverlay.tsx_line:160,hardcoded_source_literal,src/components/pc/layout/PCGameplayOverlay.tsx,,line:160,"""사정이 있었겠지요"" — 공감 접근","""There must have been circumstances"" — Empathy Approach",「事情があったのでしょう」— 共感アプローチ,“想必是有些情况吧” — 共情接近,Visible Korean/CJK source literal outside i18n/data. Review whether it should move into i18n or remain developer-only.
hardcoded_source_literal_src_components_pc_layout_PCGameplayOverlay.tsx_line:161,hardcoded_source_literal,src/components/pc/layout/PCGameplayOverlay.tsx,,line:161,다른 쟁점으로 화제 전환,Shift to Another Issue,別の争点へ話題転換,转向其他争议点,Visible Korean/CJK source literal outside i18n/data. Review whether it should move into i18n or remain developer-only.
hardcoded_source_literal_src_components_pc_layout_PCGameplayOverlay.tsx_line:164,hardcoded_source_literal,src/components/pc/layout/PCGameplayOverlay.tsx,,line:164,"""마지막으로 묻겠습니다"" — 결정적 질문","""I will ask one last time"" — Decisive Question",「最後にお聞きします」— 決定的質問,“最后问一次” — 决定性问题,Visible Korean/CJK source literal outside i18n/data. Review whether it should move into i18n or remain developer-only.
hardcoded_source_literal_src_components_pc_layout_PCGameplayOverlay.tsx_line:165,hardcoded_source_literal,src/components/pc/layout/PCGameplayOverlay.tsx,,line:165,"""이것으로 끝내겠습니다"" — 증거 제시","""I will end with this"" — Present Evidence",「これで終わりにします」— 証拠提示,“我就以此作结” — 出示证据,Visible Korean/CJK source literal outside i18n/data. Review whether it should move into i18n or remain developer-only.
hardcoded_source_literal_src_components_pc_layout_PCGameplayOverlay.tsx_line:166,hardcoded_source_literal,src/components/pc/layout/PCGameplayOverlay.tsx,,line:166,"""솔직히 말씀하시지요"" — 자백 유도","""Please speak honestly"" — Draw a Confession",「正直にお話しください」— 自白誘導,“请坦白说吧” — 引导自白,Visible Korean/CJK source literal outside i18n/data. Review whether it should move into i18n or remain developer-only.
hardcoded_source_literal_src_components_pc_layout_PCGameplayOverlay.tsx_line:18,hardcoded_source_literal,src/components/pc/layout/PCGameplayOverlay.tsx,,line:18,말이 달라지기 시작했습니다. 지금 파고들면 숨기고 있던 것이 나올 수 있습니다.,"Their story is starting to change. Dig in now, and something hidden may come out.",発言が変わり始めました。今踏み込めば、隠していたことが出てくるかもしれません。,对方的话开始变化。现在深入追问，可能会带出隐藏的内容。,Visible Korean/CJK source literal outside i18n/data. Review whether it should move into i18n or remain developer-only.
hardcoded_source_literal_src_components_pc_layout_PCGameplayOverlay.tsx_line:21,hardcoded_source_literal,src/components/pc/layout/PCGameplayOverlay.tsx,,line:21,도망칠 곳이 줄어든다,The Escape Routes Are Shrinking,逃げ場が減っていく,可逃避的余地正在减少,Visible Korean/CJK source literal outside i18n/data. Review whether it should move into i18n or remain developer-only.
hardcoded_source_literal_src_components_pc_layout_PCGameplayOverlay.tsx_line:23,hardcoded_source_literal,src/components/pc/layout/PCGameplayOverlay.tsx,,line:23,변명이 통하지 않는다는 걸 본인도 느끼고 있습니다. 어떻게 압박하시겠습니까?,They can feel their excuses no longer work. How will you press them?,言い訳が通じないことを本人も感じています。どう圧迫しますか？,对方也感觉到借口已经行不通。你要如何施压？,Visible Korean/CJK source literal outside i18n/data. Review whether it should move into i18n or remain developer-only.
hardcoded_source_literal_src_components_pc_layout_PCGameplayOverlay.tsx_line:26,hardcoded_source_literal,src/components/pc/layout/PCGameplayOverlay.tsx,,line:26,입을 열 준비가 됐다,Ready to Speak,口を開く準備ができた,已准备开口,Visible Korean/CJK source literal outside i18n/data. Review whether it should move into i18n or remain developer-only.
hardcoded_source_literal_src_components_pc_layout_PCGameplayOverlay.tsx_line:28,hardcoded_source_literal,src/components/pc/layout/PCGameplayOverlay.tsx,,line:28,더 숨기는 것보다 말하는 게 나을 수 있다고 느끼기 시작했습니다.,They are starting to feel that talking may be better than hiding more.,これ以上隠すより、話したほうがいいかもしれないと感じ始めています。,对方开始觉得，与其继续隐瞒，不如说出来。,Visible Korean/CJK source literal outside i18n/data. Review whether it should move into i18n or remain developer-only.
hardcoded_source_literal_src_components_pc_layout_PCGameplayOverlay.tsx_line:48,hardcoded_source_literal,src/components/pc/layout/PCGameplayOverlay.tsx,,line:48,직접 진술 붕괴,Direct Statement Collapse,直接陳述崩壊,直接陈述崩塌,Visible Korean/CJK source literal outside i18n/data. Review whether it should move into i18n or remain developer-only.
hardcoded_source_literal_src_components_pc_layout_PCGameplayOverlay.tsx_line:49,hardcoded_source_literal,src/components/pc/layout/PCGameplayOverlay.tsx,,line:49,상대 진술이 크게 흔들렸습니다. 지금이 다음 질문이나 이의 제기를 붙일 타이밍입니다.,The opposing statement has shaken badly. Now is the time to add the next question or objection.,相手の陳述が大きく揺らぎました。今が次の質問や異議を差し込むタイミングです。,对方陈述大幅动摇。现在正是接上下一问或提出异议的时机。,Visible Korean/CJK source literal outside i18n/data. Review whether it should move into i18n or remain developer-only.
hardcoded_source_literal_src_components_pc_layout_PCGameplayOverlay.tsx_line:55,hardcoded_source_literal,src/components/pc/layout/PCGameplayOverlay.tsx,,line:55,균열 포착,Crack Detected,亀裂を捕捉,捕捉裂痕,Visible Korean/CJK source literal outside i18n/data. Review whether it should move into i18n or remain developer-only.
hardcoded_source_literal_src_components_pc_layout_PCGameplayOverlay.tsx_line:56,hardcoded_source_literal,src/components/pc/layout/PCGameplayOverlay.tsx,,line:56,증거가 진술 사이의 틈을 만들었습니다. 관련 쟁점으로 이어서 압박해 보세요.,The evidence opened a gap between statements. Continue pressing through the related issue.,証拠が陳述の間に隙間を作りました。関連争点につなげて圧迫してみてください。,证据在陈述之间撕开了缝隙。请接到相关争议点继续施压。,Visible Korean/CJK source literal outside i18n/data. Review whether it should move into i18n or remain developer-only.
hardcoded_source_literal_src_components_pc_layout_PCGameplayOverlay.tsx_line:61,hardcoded_source_literal,src/components/pc/layout/PCGameplayOverlay.tsx,,line:61,보류,Deferred,保留,暂缓,Visible Korean/CJK source literal outside i18n/data. Review whether it should move into i18n or remain developer-only.
hardcoded_source_literal_src_components_pc_layout_PCGameplayOverlay.tsx_line:62,hardcoded_source_literal,src/components/pc/layout/PCGameplayOverlay.tsx,,line:62,직접 붕괴까지는 아니지만 기록 가치가 생겼습니다. 다른 증거나 발언과 연결해 다시 시도해 보세요.,"It is not a direct collapse, but it is worth recording. Connect it with other evidence or statements and try again.",直接崩壊とまではいきませんが、記録する価値が生まれました。他の証拠や発言とつなげて再度試してください。,还不到直接崩塌，但已有记录价值。请与其他证据或发言关联后再试。,Visible Korean/CJK source literal outside i18n/data. Review whether it should move into i18n or remain developer-only.
hardcoded_source_literal_src_components_pc_minigame_MemoryMatchGame.tsx_line:427,hardcoded_source_literal,src/components/pc/minigame/MemoryMatchGame.tsx,,line:427,같은 증거 카드를 두 장씩 찾으세요.,Find matching pairs of evidence cards.,同じ証拠カードを2枚ずつ見つけてください。,请找出成对的相同证据卡。,Visible Korean/CJK source literal outside i18n/data. Review whether it should move into i18n or remain developer-only.
hardcoded_source_literal_src_components_pc_minigame_MemoryMatchGame.tsx_line:481,hardcoded_source_literal,src/components/pc/minigame/MemoryMatchGame.tsx,,line:481,증거 확보 완료,Evidence Secured,証拠確保完了,证据已取得,Visible Korean/CJK source literal outside i18n/data. Review whether it should move into i18n or remain developer-only.
hardcoded_source_literal_src_components_pc_minigame_MemoryMatchGame.tsx_line:482,hardcoded_source_literal,src/components/pc/minigame/MemoryMatchGame.tsx,,line:482,조사 토큰을 지급하고 다음 흐름으로 돌아갑니다.,Award investigation tokens and return to the next flow.,調査トークンを支給し、次の流れに戻ります。,发放调查代币，并返回下一段流程。,Visible Korean/CJK source literal outside i18n/data. Review whether it should move into i18n or remain developer-only.
hardcoded_source_literal_src_components_pc_minigame_MemoryMatchGame.tsx_line:491,hardcoded_source_literal,src/components/pc/minigame/MemoryMatchGame.tsx,,line:491,시간이 초과되었습니다,Time Expired,時間切れです,时间已到,Visible Korean/CJK source literal outside i18n/data. Review whether it should move into i18n or remain developer-only.
hardcoded_source_literal_src_components_pc_minigame_MemoryMatchGame.tsx_line:492,hardcoded_source_literal,src/components/pc/minigame/MemoryMatchGame.tsx,,line:492,같은 회차를 다시 시도하거나 이번 보상은 건너뛸 수 있습니다.,You can retry the same round or skip this reward.,同じ回を再試行するか、今回の報酬をスキップできます。,可以重新尝试同一回合，或跳过本次奖励。,Visible Korean/CJK source literal outside i18n/data. Review whether it should move into i18n or remain developer-only.
hardcoded_source_literal_src_components_pc_minigame_MemoryMatchGame.tsx_line:496,hardcoded_source_literal,src/components/pc/minigame/MemoryMatchGame.tsx,,line:496,재도전,Retry,再挑戦,重新挑战,Visible Korean/CJK source literal outside i18n/data. Review whether it should move into i18n or remain developer-only.
hardcoded_source_literal_src_components_pc_minigame_MemoryMatchGame.tsx_line:499,hardcoded_source_literal,src/components/pc/minigame/MemoryMatchGame.tsx,,line:499,스킵,Skip,スキップ,跳过,Visible Korean/CJK source literal outside i18n/data. Review whether it should move into i18n or remain developer-only.
hardcoded_source_literal_src_components_pc_minigame_MemoryMatchGame.tsx_line:50,hardcoded_source_literal,src/components/pc/minigame/MemoryMatchGame.tsx,,line:50,영수증,Receipt,レシート,收据,Visible Korean/CJK source literal outside i18n/data. Review whether it should move into i18n or remain developer-only.
hardcoded_source_literal_src_components_pc_minigame_MemoryMatchGame.tsx_line:52,hardcoded_source_literal,src/components/pc/minigame/MemoryMatchGame.tsx,,line:52,통화,Call,通話,通话,Visible Korean/CJK source literal outside i18n/data. Review whether it should move into i18n or remain developer-only.
hardcoded_source_literal_src_components_pc_minigame_MemoryMatchGame.tsx_line:53,hardcoded_source_literal,src/components/pc/minigame/MemoryMatchGame.tsx,,line:53,문자,Text,メッセージ,短信,Visible Korean/CJK source literal outside i18n/data. Review whether it should move into i18n or remain developer-only.
hardcoded_source_literal_src_components_pc_minigame_MemoryMatchGame.tsx_line:54,hardcoded_source_literal,src/components/pc/minigame/MemoryMatchGame.tsx,,line:54,계좌,Account,口座,账户,Visible Korean/CJK source literal outside i18n/data. Review whether it should move into i18n or remain developer-only.
hardcoded_source_literal_src_components_pc_minigame_MemoryMatchGame.tsx_line:55,hardcoded_source_literal,src/components/pc/minigame/MemoryMatchGame.tsx,,line:55,카톡,KakaoTalk,カカオトーク,KakaoTalk,Visible Korean/CJK source literal outside i18n/data. Review whether it should move into i18n or remain developer-only.
hardcoded_source_literal_src_components_pc_minigame_MemoryMatchGame.tsx_line:56,hardcoded_source_literal,src/components/pc/minigame/MemoryMatchGame.tsx,,line:56,서류,Documents,書類,文件,Visible Korean/CJK source literal outside i18n/data. Review whether it should move into i18n or remain developer-only.
hardcoded_source_literal_src_components_pc_minigame_MemoryMatchGame.tsx_line:57,hardcoded_source_literal,src/components/pc/minigame/MemoryMatchGame.tsx,,line:57,돋보기,Magnifier,虫眼鏡,放大镜,Visible Korean/CJK source literal outside i18n/data. Review whether it should move into i18n or remain developer-only.
hardcoded_source_literal_src_components_pc_minigame_MemoryMatchGame.tsx_line:58,hardcoded_source_literal,src/components/pc/minigame/MemoryMatchGame.tsx,,line:58,지문,Fingerprint,指紋,指纹,Visible Korean/CJK source literal outside i18n/data. Review whether it should move into i18n or remain developer-only.
hardcoded_source_literal_src_components_pc_minigame_MemoryMatchGame.tsx_line:59,hardcoded_source_literal,src/components/pc/minigame/MemoryMatchGame.tsx,,line:59,자물쇠,Lock,錠前,锁,Visible Korean/CJK source literal outside i18n/data. Review whether it should move into i18n or remain developer-only.
hardcoded_source_literal_src_components_pc_minigame_MemoryMatchGame.tsx_line:60,hardcoded_source_literal,src/components/pc/minigame/MemoryMatchGame.tsx,,line:60,망치,Gavel,木槌,法槌,Visible Korean/CJK source literal outside i18n/data. Review whether it should move into i18n or remain developer-only.
hardcoded_source_literal_src_components_pc_minigame_MemoryMatchGame.tsx_line:61,hardcoded_source_literal,src/components/pc/minigame/MemoryMatchGame.tsx,,line:61,저울,Scales,天秤,天平,Visible Korean/CJK source literal outside i18n/data. Review whether it should move into i18n or remain developer-only.
hardcoded_source_literal_src_components_pc_minigame_MiniGameFrame.tsx_line:15,hardcoded_source_literal,src/components/pc/minigame/MiniGameFrame.tsx,,line:15,조사 토큰,Investigation Tokens,調査トークン,调查代币,Visible Korean/CJK source literal outside i18n/data. Review whether it should move into i18n or remain developer-only.
hardcoded_source_literal_src_components_pc_minigame_MiniGameFrame.tsx_line:16,hardcoded_source_literal,src/components/pc/minigame/MiniGameFrame.tsx,,line:16,스킬 포인트,Skill Points,スキルポイント,技能点,Visible Korean/CJK source literal outside i18n/data. Review whether it should move into i18n or remain developer-only.
hardcoded_source_literal_src_components_pc_minigame_MiniGameFrame.tsx_line:17,hardcoded_source_literal,src/components/pc/minigame/MiniGameFrame.tsx,,line:17,법정 장악,Courtroom Control,法廷掌握,法庭掌控,Visible Korean/CJK source literal outside i18n/data. Review whether it should move into i18n or remain developer-only.
hardcoded_source_literal_src_components_pc_minigame_MiniGameFrame.tsx_line:82,hardcoded_source_literal,src/components/pc/minigame/MiniGameFrame.tsx,,line:82,성공 시:,On Success:,成功時：,成功时：,Visible Korean/CJK source literal outside i18n/data. Review whether it should move into i18n or remain developer-only.
hardcoded_source_literal_src_components_pc_minigame_MiniGameFrame.tsx_line:84,hardcoded_source_literal,src/components/pc/minigame/MiniGameFrame.tsx,,line:84,스킵,Skip,スキップ,跳过,Visible Korean/CJK source literal outside i18n/data. Review whether it should move into i18n or remain developer-only.
hardcoded_source_literal_src_components_pc_minigame_MiniGameFrame.tsx_line:84,hardcoded_source_literal,src/components/pc/minigame/MiniGameFrame.tsx,,line:84,미니게임 스킵,Skip Minigame,ミニゲームをスキップ,跳过小游戏,Visible Korean/CJK source literal outside i18n/data. Review whether it should move into i18n or remain developer-only.
hardcoded_source_literal_src_components_pc_minigame_SkillRunnerGame.tsx_line:1043,hardcoded_source_literal,src/components/pc/minigame/SkillRunnerGame.tsx,,line:1043,일시정지,Paused,一時停止,已暂停,Visible Korean/CJK source literal outside i18n/data. Review whether it should move into i18n or remain developer-only.
hardcoded_source_literal_src_components_pc_minigame_SkillRunnerGame.tsx_line:1064,hardcoded_source_literal,src/components/pc/minigame/SkillRunnerGame.tsx,,line:1064,포커스가 이동해 잠시 멈췄습니다.,"Focus moved, so the game paused briefly.",フォーカスが移動したため、一時停止しました。,焦点已移动，游戏暂时暂停。,Visible Korean/CJK source literal outside i18n/data. Review whether it should move into i18n or remain developer-only.
hardcoded_source_literal_src_components_pc_minigame_SkillRunnerGame.tsx_line:1101,hardcoded_source_literal,src/components/pc/minigame/SkillRunnerGame.tsx,,line:1101,스킬 러너 게임 화면,Skill Runner Game Screen,スキルランナーゲーム画面,技能跑酷游戏画面,Visible Korean/CJK source literal outside i18n/data. Review whether it should move into i18n or remain developer-only.
hardcoded_source_literal_src_components_pc_minigame_SkillRunnerGame.tsx_line:1133,hardcoded_source_literal,src/components/pc/minigame/SkillRunnerGame.tsx,,line:1133,스킬 포인트 확보,Skill Points Secured,スキルポイント確保,已取得技能点,Visible Korean/CJK source literal outside i18n/data. Review whether it should move into i18n or remain developer-only.
hardcoded_source_literal_src_components_pc_minigame_SkillRunnerGame.tsx_line:1133,hardcoded_source_literal,src/components/pc/minigame/SkillRunnerGame.tsx,,line:1133,다시 도전할 수 있습니다,You can try again,再挑戦できます,可以再次挑战,Visible Korean/CJK source literal outside i18n/data. Review whether it should move into i18n or remain developer-only.
hardcoded_source_literal_src_components_pc_minigame_SkillRunnerGame.tsx_line:1133,hardcoded_source_literal,src/components/pc/minigame/SkillRunnerGame.tsx,,line:1133,게임 일시정지,Game Paused,ゲーム一時停止,游戏暂停,Visible Korean/CJK source literal outside i18n/data. Review whether it should move into i18n or remain developer-only.
hardcoded_source_literal_src_components_pc_minigame_SkillRunnerGame.tsx_line:1135,hardcoded_source_literal,src/components/pc/minigame/SkillRunnerGame.tsx,,line:1135,Space로 다시 시작할 수 있습니다.,Press Space to restart.,Spaceで再開できます。,可按 Space 重新开始。,Visible Korean/CJK source literal outside i18n/data. Review whether it should move into i18n or remain developer-only.
hardcoded_source_literal_src_components_pc_minigame_SkillRunnerGame.tsx_line:1140,hardcoded_source_literal,src/components/pc/minigame/SkillRunnerGame.tsx,,line:1140,보상 획득,Reward Acquired,報酬獲得,获得奖励,Visible Korean/CJK source literal outside i18n/data. Review whether it should move into i18n or remain developer-only.
hardcoded_source_literal_src_components_pc_minigame_SkillRunnerGame.tsx_line:1147,hardcoded_source_literal,src/components/pc/minigame/SkillRunnerGame.tsx,,line:1147,다시 도전,Try Again,再挑戦,再次挑战,Visible Korean/CJK source literal outside i18n/data. Review whether it should move into i18n or remain developer-only.
hardcoded_source_literal_src_components_pc_minigame_SkillRunnerGame.tsx_line:1150,hardcoded_source_literal,src/components/pc/minigame/SkillRunnerGame.tsx,,line:1150,스킵,Skip,スキップ,跳过,Visible Korean/CJK source literal outside i18n/data. Review whether it should move into i18n or remain developer-only.
hardcoded_source_literal_src_components_pc_minigame_SkillRunnerGame.tsx_line:1158,hardcoded_source_literal,src/components/pc/minigame/SkillRunnerGame.tsx,,line:1158,계속,Continue,続ける,继续,Visible Korean/CJK source literal outside i18n/data. Review whether it should move into i18n or remain developer-only.
hardcoded_source_literal_src_components_pc_minigame_SkillRunnerGame.tsx_line:1161,hardcoded_source_literal,src/components/pc/minigame/SkillRunnerGame.tsx,,line:1161,종료,Exit,終了,结束,Visible Korean/CJK source literal outside i18n/data. Review whether it should move into i18n or remain developer-only.
hardcoded_source_literal_src_components_pc_minigame_SkillRunnerGame.tsx_line:1172,hardcoded_source_literal,src/components/pc/minigame/SkillRunnerGame.tsx,,line:1172,"Space/↑/W를 짧게 누르면 낮게, 길게 누르면 더 높이 점프합니다.","Press Space/↑/W briefly for a low jump, or hold longer to jump higher.",Space/↑/Wを短く押すと低く、長く押すとより高くジャンプします。,短按 Space/↑/W 可低跳，长按可跳得更高。,Visible Korean/CJK source literal outside i18n/data. Review whether it should move into i18n or remain developer-only.
hardcoded_source_literal_src_components_pc_minigame_SkillRunnerGame.tsx_line:461,hardcoded_source_literal,src/components/pc/minigame/SkillRunnerGame.tsx,,line:461,구멍에 빠졌습니다,You fell into a hole,穴に落ちました,掉进了洞里,Visible Korean/CJK source literal outside i18n/data. Review whether it should move into i18n or remain developer-only.
hardcoded_source_literal_src_components_pc_minigame_SkillRunnerGame.tsx_line:517,hardcoded_source_literal,src/components/pc/minigame/SkillRunnerGame.tsx,,line:517,장애물에 연속으로 걸려 스킬 조각을 놓쳤습니다.,You hit obstacles in a row and missed the skill fragment.,障害物に連続で引っかかり、スキルのかけらを逃しました。,连续撞上障碍，错过了技能碎片。,Visible Korean/CJK source literal outside i18n/data. Review whether it should move into i18n or remain developer-only.
hardcoded_source_literal_src_components_pc_minigame_SkillRunnerGame.tsx_line:525,hardcoded_source_literal,src/components/pc/minigame/SkillRunnerGame.tsx,,line:525,낭떠러지로 떨어져 재판이 중단되었습니다.,"You fell off a cliff, interrupting the trial.",崖から落ち、裁判が中断されました。,从悬崖坠落，审理被中断。,Visible Korean/CJK source literal outside i18n/data. Review whether it should move into i18n or remain developer-only.
hardcoded_source_literal_src_components_pc_minigame_WhackAMoleGame.tsx_line:378,hardcoded_source_literal,src/components/pc/minigame/WhackAMoleGame.tsx,,line:378,시간 종료,Time Up,時間終了,时间结束,Visible Korean/CJK source literal outside i18n/data. Review whether it should move into i18n or remain developer-only.
hardcoded_source_literal_src_components_pc_minigame_WhackAMoleGame.tsx_line:493,hardcoded_source_literal,src/components/pc/minigame/WhackAMoleGame.tsx,,line:493,범인 +1,Culprit +1,犯人 +1,犯人 +1,Visible Korean/CJK source literal outside i18n/data. Review whether it should move into i18n or remain developer-only.
hardcoded_source_literal_src_components_pc_minigame_WhackAMoleGame.tsx_line:494,hardcoded_source_literal,src/components/pc/minigame/WhackAMoleGame.tsx,,line:494,보스 +3,Boss +3,ボス +3,Boss +3,Visible Korean/CJK source literal outside i18n/data. Review whether it should move into i18n or remain developer-only.
hardcoded_source_literal_src_components_pc_minigame_WhackAMoleGame.tsx_line:495,hardcoded_source_literal,src/components/pc/minigame/WhackAMoleGame.tsx,,line:495,시민 -2,Civilian -2,市民 -2,市民 -2,Visible Korean/CJK source literal outside i18n/data. Review whether it should move into i18n or remain developer-only.
hardcoded_source_literal_src_components_pc_minigame_WhackAMoleGame.tsx_line:568,hardcoded_source_literal,src/components/pc/minigame/WhackAMoleGame.tsx,,line:568,클리어!,Cleared!,クリア！,通关！,Visible Korean/CJK source literal outside i18n/data. Review whether it should move into i18n or remain developer-only.
hardcoded_source_literal_src_components_pc_minigame_WhackAMoleGame.tsx_line:570,hardcoded_source_literal,src/components/pc/minigame/WhackAMoleGame.tsx,,line:570,법정 장악을 확보했습니다.,Courtroom Control secured.,法廷掌握を確保しました。,已取得法庭掌控。,Visible Korean/CJK source literal outside i18n/data. Review whether it should move into i18n or remain developer-only.
hardcoded_source_literal_src_components_pc_minigame_WhackAMoleGame.tsx_line:579,hardcoded_source_literal,src/components/pc/minigame/WhackAMoleGame.tsx,,line:579,시간 종료,Time Up,時間終了,时间结束,Visible Korean/CJK source literal outside i18n/data. Review whether it should move into i18n or remain developer-only.
hardcoded_source_literal_src_components_pc_minigame_WhackAMoleGame.tsx_line:581,hardcoded_source_literal,src/components/pc/minigame/WhackAMoleGame.tsx,,line:581,현재 점수는,Current score:,現在のスコアは,当前分数为,Visible Korean/CJK source literal outside i18n/data. Review whether it should move into i18n or remain developer-only.
hardcoded_source_literal_src_components_pc_minigame_WhackAMoleGame.tsx_line:581,hardcoded_source_literal,src/components/pc/minigame/WhackAMoleGame.tsx,,line:581,점입니다. 목표까지,points. ,点です。目標まで,分。距离目标还差,Visible Korean/CJK source literal outside i18n/data. Review whether it should move into i18n or remain developer-only.
hardcoded_source_literal_src_components_pc_minigame_WhackAMoleGame.tsx_line:581,hardcoded_source_literal,src/components/pc/minigame/WhackAMoleGame.tsx,,line:581,점 남았습니다.,points remaining.,点残っています。,分。,Visible Korean/CJK source literal outside i18n/data. Review whether it should move into i18n or remain developer-only.
hardcoded_source_literal_src_components_pc_minigame_WhackAMoleGame.tsx_line:585,hardcoded_source_literal,src/components/pc/minigame/WhackAMoleGame.tsx,,line:585,다시 도전,Try Again,再挑戦,再次挑战,Visible Korean/CJK source literal outside i18n/data. Review whether it should move into i18n or remain developer-only.
hardcoded_source_literal_src_components_pc_minigame_WhackAMoleGame.tsx_line:588,hardcoded_source_literal,src/components/pc/minigame/WhackAMoleGame.tsx,,line:588,스킵,Skip,スキップ,跳过,Visible Korean/CJK source literal outside i18n/data. Review whether it should move into i18n or remain developer-only.
hardcoded_source_literal_src_components_pc_minigame_WhackAMoleGame.tsx_line:71,hardcoded_source_literal,src/components/pc/minigame/WhackAMoleGame.tsx,,line:71,범인 제압 +1,Subdue Culprit +1,犯人制圧 +1,制服犯人 +1,Visible Korean/CJK source literal outside i18n/data. Review whether it should move into i18n or remain developer-only.
hardcoded_source_literal_src_components_pc_minigame_WhackAMoleGame.tsx_line:72,hardcoded_source_literal,src/components/pc/minigame/WhackAMoleGame.tsx,,line:72,시민 오인 타격 -2,Mistaken Civilian Hit -2,市民誤認攻撃 -2,误击市民 -2,Visible Korean/CJK source literal outside i18n/data. Review whether it should move into i18n or remain developer-only.
hardcoded_source_literal_src_components_pc_minigame_WhackAMoleGame.tsx_line:73,hardcoded_source_literal,src/components/pc/minigame/WhackAMoleGame.tsx,,line:73,보스 범인 제압 +3,Subdue Boss Culprit +3,ボス犯人制圧 +3,制服Boss犯人 +3,Visible Korean/CJK source literal outside i18n/data. Review whether it should move into i18n or remain developer-only.
hardcoded_source_literal_src_components_pc_observation_JudgeObservationSection.tsx_line:25,hardcoded_source_literal,src/components/pc/observation/JudgeObservationSection.tsx,,line:25,단서 접근,Clue Approach,手がかりアプローチ,线索接近,Visible Korean/CJK source literal outside i18n/data. Review whether it should move into i18n or remain developer-only.
hardcoded_source_literal_src_components_pc_observation_JudgeObservationSection.tsx_line:25,hardcoded_source_literal,src/components/pc/observation/JudgeObservationSection.tsx,,line:25,모순 단서,Contradiction Clue,矛盾の手がかり,矛盾线索,Visible Korean/CJK source literal outside i18n/data. Review whether it should move into i18n or remain developer-only.
hardcoded_source_literal_src_components_pc_observation_JudgeObservationSection.tsx_line:25,hardcoded_source_literal,src/components/pc/observation/JudgeObservationSection.tsx,,line:25,방어 완화,Defense Eased,防御緩和,防御缓和,Visible Korean/CJK source literal outside i18n/data. Review whether it should move into i18n or remain developer-only.
hardcoded_source_literal_src_components_pc_observation_JudgeObservationSection.tsx_line:27,hardcoded_source_literal,src/components/pc/observation/JudgeObservationSection.tsx,,line:27,새 증인 추가,New Witness Added,新しい証人追加,新增证人,Visible Korean/CJK source literal outside i18n/data. Review whether it should move into i18n or remain developer-only.
hardcoded_source_literal_src_components_pc_observation_JudgeObservationSection.tsx_line:28,hardcoded_source_literal,src/components/pc/observation/JudgeObservationSection.tsx,,line:28,쟁점 추가,Issue Added,争点追加,新增争议点,Visible Korean/CJK source literal outside i18n/data. Review whether it should move into i18n or remain developer-only.
hardcoded_source_literal_src_components_pc_observation_JudgeObservationSection.tsx_line:29,hardcoded_source_literal,src/components/pc/observation/JudgeObservationSection.tsx,,line:29,결정적 질문 해금,Decisive Question Unlocked,決定的質問を解放,解锁决定性问题,Visible Korean/CJK source literal outside i18n/data. Review whether it should move into i18n or remain developer-only.
hardcoded_source_literal_src_components_pc_observation_JudgeObservationSection.tsx_line:30,hardcoded_source_literal,src/components/pc/observation/JudgeObservationSection.tsx,,line:30,질문 경로 추가,Question Route Added,質問経路追加,新增提问路径,Visible Korean/CJK source literal outside i18n/data. Review whether it should move into i18n or remain developer-only.
hardcoded_source_literal_src_components_pc_observation_JudgeObservationSection.tsx_line:31,hardcoded_source_literal,src/components/pc/observation/JudgeObservationSection.tsx,,line:31,판결 힌트 추가,Verdict Hint Added,判決ヒント追加,新增裁决提示,Visible Korean/CJK source literal outside i18n/data. Review whether it should move into i18n or remain developer-only.
hardcoded_source_literal_src_components_pc_observation_JudgeObservationSection.tsx_line:32,hardcoded_source_literal,src/components/pc/observation/JudgeObservationSection.tsx,,line:32,단서 기록 추가,Clue Record Added,手がかり記録追加,新增线索记录,Visible Korean/CJK source literal outside i18n/data. Review whether it should move into i18n or remain developer-only.
hardcoded_source_literal_src_components_pc_observation_JudgeObservationSection.tsx_line:33,hardcoded_source_literal,src/components/pc/observation/JudgeObservationSection.tsx,,line:33,진술 기록 추가,Statement Record Added,陳述記録追加,新增陈述记录,Visible Korean/CJK source literal outside i18n/data. Review whether it should move into i18n or remain developer-only.
hardcoded_source_literal_src_components_pc_panels_PCLeftPanel.tsx_line:357,hardcoded_source_literal,src/components/pc/panels/PCLeftPanel.tsx,,line:357,증거 제시는 증거 정리 단계부터 가능합니다.,Evidence can be presented starting from the evidence organization stage.,証拠提示は証拠整理段階から可能です。,从证据整理阶段起可以出示证据。,Visible Korean/CJK source literal outside i18n/data. Review whether it should move into i18n or remain developer-only.
hardcoded_source_literal_src_components_pc_panels_PCLeftPanel.tsx_line:359,hardcoded_source_literal,src/components/pc/panels/PCLeftPanel.tsx,,line:359,증거를 1단계 이상 조사한 뒤 제시할 수 있습니다.,You can present evidence after investigating it to stage 1 or higher.,証拠を1段階以上調査した後に提示できます。,证据调查到1阶段以上后即可出示。,Visible Korean/CJK source literal outside i18n/data. Review whether it should move into i18n or remain developer-only.
hardcoded_source_literal_src_components_pc_panels_PCRightPanel.tsx_line:1381,hardcoded_source_literal,src/components/pc/panels/PCRightPanel.tsx,,line:1381,비어 있음,Empty,空,空,Visible Korean/CJK source literal outside i18n/data. Review whether it should move into i18n or remain developer-only.
hardcoded_source_literal_src_components_pc_pcUiLabels.ts_line:13,hardcoded_source_literal,src/components/pc/pcUiLabels.ts,,line:13,직접 충돌을 피하고 다른 맥락으로 비켜 가려는 성향입니다. 사실 확인 질문에 상대적으로 민감합니다.,A tendency to avoid direct conflict and sidestep into another context. Relatively sensitive to fact-checking questions.,直接衝突を避け、別の文脈へそらそうとする傾向です。事実確認の質問に比較的敏感です。,倾向于避开直接冲突，转向其他语境。对事实确认类问题相对敏感。,Visible Korean/CJK source literal outside i18n/data. Review whether it should move into i18n or remain developer-only.
hardcoded_source_literal_src_components_pc_pcUiLabels.ts_line:14,hardcoded_source_literal,src/components/pc/pcUiLabels.ts,,line:14,갈등 자체를 피하려하고 불편한 자리가 생기면 말을 줄이거나 결론부터 내리려는 경향이 있습니다.,"Tends to avoid conflict itself; when an uncomfortable scene arises, they speak less or jump straight to conclusions.",葛藤そのものを避け、不快な場になると口数を減らしたり結論から出そうとする傾向があります。,倾向于回避冲突本身；一旦出现不舒服的场面，就减少发言或先下结论。,Visible Korean/CJK source literal outside i18n/data. Review whether it should move into i18n or remain developer-only.
hardcoded_source_literal_src_components_pc_pcUiLabels.ts_line:15,hardcoded_source_literal,src/components/pc/pcUiLabels.ts,,line:15,지적을 받으면 공격적으로 반응하며 주도권을 빼앗기지 않으려는 성향입니다.,"When challenged, they react aggressively and try not to lose control.",指摘を受けると攻撃的に反応し、主導権を奪われまいとする傾向です。,被指出问题时会攻击性反应，并试图不失去主导权。,Visible Korean/CJK source literal outside i18n/data. Review whether it should move into i18n or remain developer-only.
hardcoded_source_literal_src_components_pc_pcUiLabels.ts_line:16,hardcoded_source_literal,src/components/pc/pcUiLabels.ts,,line:16,억울함과 상처를 앞세워 자신의 책임을 희석하려는 경향이 있습니다.,Tends to foreground grievance and hurt to dilute their own responsibility.,悔しさや傷を前面に出し、自分の責任を薄めようとする傾向があります。,倾向于把委屈和伤害摆在前面，以淡化自己的责任。,Visible Korean/CJK source literal outside i18n/data. Review whether it should move into i18n or remain developer-only.
hardcoded_source_literal_src_components_pc_pcUiLabels.ts_line:17,hardcoded_source_literal,src/components/pc/pcUiLabels.ts,,line:17,"감정보다 숫자, 순서, 기록을 앞세워 논리적으로 방어하려는 타입입니다.","A type that defends logically by putting numbers, sequence, and records ahead of emotion.",感情より数字、順序、記録を前面に出して論理的に防御しようとするタイプです。,比起情绪，更倾向于用数字、顺序和记录进行逻辑防御的类型。,Visible Korean/CJK source literal outside i18n/data. Review whether it should move into i18n or remain developer-only.
hardcoded_source_literal_src_components_pc_pcUiLabels.ts_line:18,hardcoded_source_literal,src/components/pc/pcUiLabels.ts,,line:18,"감정보다 숫자, 순서, 기록을 앞세워 논리적으로 방어하려는 타입입니다.","A type that defends logically by putting numbers, sequence, and records ahead of emotion.",感情より数字、順序、記録を前面に出して論理的に防御しようとするタイプです。,比起情绪，更倾向于用数字、顺序和记录进行逻辑防御的类型。,Visible Korean/CJK source literal outside i18n/data. Review whether it should move into i18n or remain developer-only.
hardcoded_source_literal_src_components_pc_pcUiLabels.ts_line:19,hardcoded_source_literal,src/components/pc/pcUiLabels.ts,,line:19,감정을 최소화하고 사실만 건조하게 말해 긴장감을 지우려는 경향이 있습니다.,Tends to minimize emotion and state only facts dryly to erase tension.,感情を最小限に抑え、事実だけを淡々と話して緊張感を消そうとする傾向があります。,倾向于尽量压低情绪，只干巴巴地陈述事实，以消除紧张感。,Visible Korean/CJK source literal outside i18n/data. Review whether it should move into i18n or remain developer-only.
hardcoded_source_literal_src_components_pc_pcUiLabels.ts_line:2,hardcoded_source_literal,src/components/pc/pcUiLabels.ts,,line:2,회피형,Evasive Type,回避型,回避型,Visible Korean/CJK source literal outside i18n/data. Review whether it should move into i18n or remain developer-only.
hardcoded_source_literal_src_components_pc_pcUiLabels.ts_line:20,hardcoded_source_literal,src/components/pc/pcUiLabels.ts,,line:20,전체 흐름을 일찍 닫고 결론부터 요약하려는 경향이 있습니다.,Tends to close the overall flow early and summarize from the conclusion.,全体の流れを早く閉じ、結論から要約しようとする傾向があります。,倾向于过早收束整体流程，并先从结论开始概括。,Visible Korean/CJK source literal outside i18n/data. Review whether it should move into i18n or remain developer-only.
hardcoded_source_literal_src_components_pc_pcUiLabels.ts_line:24,hardcoded_source_literal,src/components/pc/pcUiLabels.ts,,line:24,과정밀 진술,Over-Precise Statement,過精密な陳述,过度精确陈述,Visible Korean/CJK source literal outside i18n/data. Review whether it should move into i18n or remain developer-only.
hardcoded_source_literal_src_components_pc_pcUiLabels.ts_line:25,hardcoded_source_literal,src/components/pc/pcUiLabels.ts,,line:25,농담 방패,Joke Shield,冗談の盾,玩笑盾牌,Visible Korean/CJK source literal outside i18n/data. Review whether it should move into i18n or remain developer-only.
hardcoded_source_literal_src_components_pc_pcUiLabels.ts_line:26,hardcoded_source_literal,src/components/pc/pcUiLabels.ts,,line:26,농담 방패,Joke Shield,冗談の盾,玩笑盾牌,Visible Korean/CJK source literal outside i18n/data. Review whether it should move into i18n or remain developer-only.
hardcoded_source_literal_src_components_pc_pcUiLabels.ts_line:27,hardcoded_source_literal,src/components/pc/pcUiLabels.ts,,line:27,역질문,Counterquestion,逆質問,反问,Visible Korean/CJK source literal outside i18n/data. Review whether it should move into i18n or remain developer-only.
hardcoded_source_literal_src_components_pc_pcUiLabels.ts_line:28,hardcoded_source_literal,src/components/pc/pcUiLabels.ts,,line:28,동선 늘리기,Stretching the Route,動線引き延ばし,拉长动线,Visible Korean/CJK source literal outside i18n/data. Review whether it should move into i18n or remain developer-only.
hardcoded_source_literal_src_components_pc_pcUiLabels.ts_line:29,hardcoded_source_literal,src/components/pc/pcUiLabels.ts,,line:29,증거 과장,Evidence Exaggeration,証拠誇張,证据夸大,Visible Korean/CJK source literal outside i18n/data. Review whether it should move into i18n or remain developer-only.
hardcoded_source_literal_src_components_pc_pcUiLabels.ts_line:3,hardcoded_source_literal,src/components/pc/pcUiLabels.ts,,line:3,갈등 회피,Conflict Avoidance,葛藤回避,冲突回避,Visible Korean/CJK source literal outside i18n/data. Review whether it should move into i18n or remain developer-only.
hardcoded_source_literal_src_components_pc_pcUiLabels.ts_line:30,hardcoded_source_literal,src/components/pc/pcUiLabels.ts,,line:30,동기 비약,Motive Leap,動機の飛躍,动机跳跃,Visible Korean/CJK source literal outside i18n/data. Review whether it should move into i18n or remain developer-only.
hardcoded_source_literal_src_components_pc_pcUiLabels.ts_line:31,hardcoded_source_literal,src/components/pc/pcUiLabels.ts,,line:31,선택 인용,Selective Quoting,選択引用,选择性引用,Visible Korean/CJK source literal outside i18n/data. Review whether it should move into i18n or remain developer-only.
hardcoded_source_literal_src_components_pc_pcUiLabels.ts_line:32,hardcoded_source_literal,src/components/pc/pcUiLabels.ts,,line:32,영수증 나열,Receipt Listing,レシート羅列,罗列收据,Visible Korean/CJK source literal outside i18n/data. Review whether it should move into i18n or remain developer-only.
hardcoded_source_literal_src_components_pc_pcUiLabels.ts_line:36,hardcoded_source_literal,src/components/pc/pcUiLabels.ts,,line:36,시간과 숫자를 지나치게 정확히 말하며 사실감을 만들려는 버릇입니다.,A habit of stating times and numbers with excessive precision to create a sense of reality.,時間と数字を過度に正確に述べ、事実味を作ろうとする癖です。,习惯把时间和数字说得过分精确，以制造真实感。,Visible Korean/CJK source literal outside i18n/data. Review whether it should move into i18n or remain developer-only.
hardcoded_source_literal_src_components_pc_pcUiLabels.ts_line:37,hardcoded_source_literal,src/components/pc/pcUiLabels.ts,,line:37,불편한 지적을 농담으로 흉려 긴장을 피하려는 버릇입니다.,A habit of brushing off uncomfortable criticism with jokes to avoid tension.,不快な指摘を冗談で流し、緊張を避けようとする癖です。,习惯用玩笑带过不舒服的指摘，以回避紧张。,Visible Korean/CJK source literal outside i18n/data. Review whether it should move into i18n or remain developer-only.
hardcoded_source_literal_src_components_pc_pcUiLabels.ts_line:38,hardcoded_source_literal,src/components/pc/pcUiLabels.ts,,line:38,불편한 지적을 농담으로 흉려 긴장을 피하려는 버릇입니다.,A habit of brushing off uncomfortable criticism with jokes to avoid tension.,不快な指摘を冗談で流し、緊張を避けようとする癖です。,习惯用玩笑带过不舒服的指摘，以回避紧张。,Visible Korean/CJK source literal outside i18n/data. Review whether it should move into i18n or remain developer-only.
hardcoded_source_literal_src_components_pc_pcUiLabels.ts_line:39,hardcoded_source_literal,src/components/pc/pcUiLabels.ts,,line:39,질문을 받자마자 역질문으로 반사하거나 주제를 틀려는 습관입니다.,A habit of bouncing back with a counterquestion or changing the subject as soon as a question is asked.,質問を受けるとすぐ逆質問で返したり、話題をそらしたりする癖です。,一被提问就立刻反问或转移话题的习惯。,Visible Korean/CJK source literal outside i18n/data. Review whether it should move into i18n or remain developer-only.
hardcoded_source_literal_src_components_pc_pcUiLabels.ts_line:4,hardcoded_source_literal,src/components/pc/pcUiLabels.ts,,line:4,공격형,Aggressive Type,攻撃型,攻击型,Visible Korean/CJK source literal outside i18n/data. Review whether it should move into i18n or remain developer-only.
hardcoded_source_literal_src_components_pc_pcUiLabels.ts_line:40,hardcoded_source_literal,src/components/pc/pcUiLabels.ts,,line:40,불리한 순서를 동선과 기사로 길게 늘어 말하며 핵심을 흐리는 습관입니다.,"A habit of stretching unfavorable sequences into long explanations of movements and accounts, blurring the key point.",不利な順序を動線や事情で長く引き延ばして話し、核心をぼかす癖です。,习惯把不利顺序用动线和说法拖长，模糊核心。,Visible Korean/CJK source literal outside i18n/data. Review whether it should move into i18n or remain developer-only.
hardcoded_source_literal_src_components_pc_pcUiLabels.ts_line:41,hardcoded_source_literal,src/components/pc/pcUiLabels.ts,,line:41,증거 하나를 과장해 전체 결론으로 바꾸려는 습관입니다.,A habit of exaggerating one piece of evidence into an overall conclusion.,証拠一つを誇張し、全体の結論に変えようとする癖です。,习惯夸大一项证据，并把它变成整体结论。,Visible Korean/CJK source literal outside i18n/data. Review whether it should move into i18n or remain developer-only.
hardcoded_source_literal_src_components_pc_pcUiLabels.ts_line:42,hardcoded_source_literal,src/components/pc/pcUiLabels.ts,,line:42,행동과 결과만 보고 의도까지 단정하려는 습관입니다.,A habit of judging intent from actions and results alone.,行動と結果だけを見て、意図まで断定しようとする癖です。,习惯只看行动和结果，就连意图也一起断定。,Visible Korean/CJK source literal outside i18n/data. Review whether it should move into i18n or remain developer-only.
hardcoded_source_literal_src_components_pc_pcUiLabels.ts_line:43,hardcoded_source_literal,src/components/pc/pcUiLabels.ts,,line:43,상대 발언 중 유리한 부분만 떼어 반복 인용하는 습관입니다.,A habit of repeatedly quoting only favorable parts of the other party's statement.,相手の発言のうち有利な部分だけを切り出し、繰り返し引用する癖です。,习惯只截取对方发言中有利的部分反复引用。,Visible Korean/CJK source literal outside i18n/data. Review whether it should move into i18n or remain developer-only.
hardcoded_source_literal_src_components_pc_pcUiLabels.ts_line:44,hardcoded_source_literal,src/components/pc/pcUiLabels.ts,,line:44,영수증이나 숫자를 떼어 나열하며 맥락보다 정보량으로 압도하려는 습관입니다.,"A habit of listing receipts or numbers in isolation, overwhelming with volume instead of context.",レシートや数字を切り出して並べ、文脈より情報量で圧倒しようとする癖です。,习惯把收据或数字单独罗列，用信息量而不是语境压倒对方。,Visible Korean/CJK source literal outside i18n/data. Review whether it should move into i18n or remain developer-only.
hardcoded_source_literal_src_components_pc_pcUiLabels.ts_line:48,hardcoded_source_literal,src/components/pc/pcUiLabels.ts,,line:48,성향,Trait,性向,倾向,Visible Korean/CJK source literal outside i18n/data. Review whether it should move into i18n or remain developer-only.
hardcoded_source_literal_src_components_pc_pcUiLabels.ts_line:5,hardcoded_source_literal,src/components/pc/pcUiLabels.ts,,line:5,피해자 서사,Victim Narrative,被害者の物語,受害者叙事,Visible Korean/CJK source literal outside i18n/data. Review whether it should move into i18n or remain developer-only.
hardcoded_source_literal_src_components_pc_pcUiLabels.ts_line:53,hardcoded_source_literal,src/components/pc/pcUiLabels.ts,,line:53,현재 대상의 반응 방식과 흔들림 포인트를 요약한 성향 정보입니다.,Trait info summarizing the current target's response style and weak points.,現在の対象の反応方式と揺らぎポイントを要約した性向情報です。,概括当前对象的反应方式与动摇点的倾向信息。,Visible Korean/CJK source literal outside i18n/data. Review whether it should move into i18n or remain developer-only.
hardcoded_source_literal_src_components_pc_pcUiLabels.ts_line:57,hardcoded_source_literal,src/components/pc/pcUiLabels.ts,,line:57,말버릇,Speech Habit,口癖,口头习惯,Visible Korean/CJK source literal outside i18n/data. Review whether it should move into i18n or remain developer-only.
hardcoded_source_literal_src_components_pc_pcUiLabels.ts_line:6,hardcoded_source_literal,src/components/pc/pcUiLabels.ts,,line:6,냉정 논리,Cool Logic,冷静な論理,冷静逻辑,Visible Korean/CJK source literal outside i18n/data. Review whether it should move into i18n or remain developer-only.
hardcoded_source_literal_src_components_pc_pcUiLabels.ts_line:62,hardcoded_source_literal,src/components/pc/pcUiLabels.ts,,line:62,대화 중 반복적으로 드러나는 말버릇 정보입니다.,Speech habit info that appears repeatedly in conversation.,会話中に繰り返し現れる口癖情報です。,对话中反复显现的口头习惯信息。,Visible Korean/CJK source literal outside i18n/data. Review whether it should move into i18n or remain developer-only.
hardcoded_source_literal_src_components_pc_pcUiLabels.ts_line:7,hardcoded_source_literal,src/components/pc/pcUiLabels.ts,,line:7,냉정 논리,Cool Logic,冷静な論理,冷静逻辑,Visible Korean/CJK source literal outside i18n/data. Review whether it should move into i18n or remain developer-only.
hardcoded_source_literal_src_components_pc_pcUiLabels.ts_line:8,hardcoded_source_literal,src/components/pc/pcUiLabels.ts,,line:8,감정 무력화,Emotional Neutralization,感情無力化,情绪钝化,Visible Korean/CJK source literal outside i18n/data. Review whether it should move into i18n or remain developer-only.
hardcoded_source_literal_src_components_pc_pcUiLabels.ts_line:9,hardcoded_source_literal,src/components/pc/pcUiLabels.ts,,line:9,성급한 정리,Hasty Summary,性急な整理,草率整理,Visible Korean/CJK source literal outside i18n/data. Review whether it should move into i18n or remain developer-only.
hardcoded_source_literal_src_components_pc_profile_PCJudgeProgressionPanel.tsx_line:142,hardcoded_source_literal,src/components/pc/profile/PCJudgeProgressionPanel.tsx,,line:142,재판관 관리 메뉴,Judge Management Menu,裁判官管理メニュー,法官管理菜单,Visible Korean/CJK source literal outside i18n/data. Review whether it should move into i18n or remain developer-only.
hardcoded_source_literal_src_components_pc_profile_PCJudgeProgressionPanel.tsx_line:245,hardcoded_source_literal,src/components/pc/profile/PCJudgeProgressionPanel.tsx,,line:245,장착 중인 칭호,Equipped Title,装着中の称号,已装备称号,Visible Korean/CJK source literal outside i18n/data. Review whether it should move into i18n or remain developer-only.
hardcoded_source_literal_src_components_pc_profile_PCJudgeProgressionPanel.tsx_line:248,hardcoded_source_literal,src/components/pc/profile/PCJudgeProgressionPanel.tsx,,line:248,장착 중인 칭호,Equipped Title,装着中の称号,已装备称号,Visible Korean/CJK source literal outside i18n/data. Review whether it should move into i18n or remain developer-only.
hardcoded_source_literal_src_components_pc_profile_PCJudgeProgressionPanel.tsx_line:252,hardcoded_source_literal,src/components/pc/profile/PCJudgeProgressionPanel.tsx,,line:252,슬롯 1,Slot 1,スロット1,槽位1,Visible Korean/CJK source literal outside i18n/data. Review whether it should move into i18n or remain developer-only.
hardcoded_source_literal_src_components_pc_profile_PCJudgeProgressionPanel.tsx_line:258,hardcoded_source_literal,src/components/pc/profile/PCJudgeProgressionPanel.tsx,,line:258,슬롯 2,Slot 2,スロット2,槽位2,Visible Korean/CJK source literal outside i18n/data. Review whether it should move into i18n or remain developer-only.
hardcoded_source_literal_src_components_pc_profile_PCJudgeProgressionPanel.tsx_line:274,hardcoded_source_literal,src/components/pc/profile/PCJudgeProgressionPanel.tsx,,line:274,현재 슬롯에 장착 중,Equipped in Current Slot,現在のスロットに装着中,已装备在当前槽位,Visible Korean/CJK source literal outside i18n/data. Review whether it should move into i18n or remain developer-only.
hardcoded_source_literal_src_components_pc_profile_PCJudgeProgressionPanel.tsx_line:275,hardcoded_source_literal,src/components/pc/profile/PCJudgeProgressionPanel.tsx,,line:275,장착 하기,Equip,装着する,装备,Visible Korean/CJK source literal outside i18n/data. Review whether it should move into i18n or remain developer-only.
hardcoded_source_literal_src_components_pc_profile_PCJudgeProgressionPanel.tsx_line:361,hardcoded_source_literal,src/components/pc/profile/PCJudgeProgressionPanel.tsx,,line:361,강화 항목 선택,Select Enhancement Item,強化項目を選択,选择强化项目,Visible Korean/CJK source literal outside i18n/data. Review whether it should move into i18n or remain developer-only.
hardcoded_source_literal_src_components_pc_profile_PCJudgeProgressionPanel.tsx_line:393,hardcoded_source_literal,src/components/pc/profile/PCJudgeProgressionPanel.tsx,,line:393,최고 레벨에 도달하여,"Max level reached,",最高レベルに到達したため,已达到最高等级，,Visible Korean/CJK source literal outside i18n/data. Review whether it should move into i18n or remain developer-only.
hardcoded_source_literal_src_components_pc_profile_PCJudgeProgressionPanel.tsx_line:394,hardcoded_source_literal,src/components/pc/profile/PCJudgeProgressionPanel.tsx,,line:394,더 이상 레벨업이 불가합니다.,No further level-up is possible.,これ以上レベルアップできません。,无法继续升级。,Visible Korean/CJK source literal outside i18n/data. Review whether it should move into i18n or remain developer-only.
hardcoded_source_literal_src_components_pc_profile_PCJudgeProgressionPanel.tsx_line:400,hardcoded_source_literal,src/components/pc/profile/PCJudgeProgressionPanel.tsx,,line:400,취소,Cancel,キャンセル,取消,Visible Korean/CJK source literal outside i18n/data. Review whether it should move into i18n or remain developer-only.
hardcoded_source_literal_src_components_pc_profile_PCJudgeProgressionPanel.tsx_line:401,hardcoded_source_literal,src/components/pc/profile/PCJudgeProgressionPanel.tsx,,line:401,강화,Enhance,強化,强化,Visible Korean/CJK source literal outside i18n/data. Review whether it should move into i18n or remain developer-only.
hardcoded_source_literal_src_components_pc_profile_PCJudgeProgressionPanel.tsx_line:405,hardcoded_source_literal,src/components/pc/profile/PCJudgeProgressionPanel.tsx,,line:405,각 재료 슬롯을 필요한 수량까지 채우면 강화 버튼이 활성화됩니다. 강화가 완료되면 해당 항목 레벨과 칭호 총 레벨이 함께 올라갑니다.,"Fill each material slot to the required quantity to activate the Enhance button. When enhancement is complete, the item level and total title level both increase.",各素材スロットを必要数まで満たすと、強化ボタンが有効になります。強化が完了すると、該当項目のレベルと称号総レベルが一緒に上がります。,将各材料槽位填至所需数量后，强化按钮会启用。强化完成后，该项目等级与称号总等级会一起提升。,Visible Korean/CJK source literal outside i18n/data. Review whether it should move into i18n or remain developer-only.
hardcoded_source_literal_src_components_pc_profile_PCJudgeProgressionPanel.tsx_line:416,hardcoded_source_literal,src/components/pc/profile/PCJudgeProgressionPanel.tsx,,line:416,+1 강화 시 효과,Effect at +1 Enhancement,+1強化時の効果,+1强化时效果,Visible Korean/CJK source literal outside i18n/data. Review whether it should move into i18n or remain developer-only.
hardcoded_source_literal_src_components_pc_profile_PCJudgeProgressionPanel.tsx_line:417,hardcoded_source_literal,src/components/pc/profile/PCJudgeProgressionPanel.tsx,,line:417,최대 단계에 가까워졌습니다.,Nearing the maximum stage.,最大段階に近づきました。,已接近最高阶段。,Visible Korean/CJK source literal outside i18n/data. Review whether it should move into i18n or remain developer-only.
hardcoded_source_literal_src_components_pc_profile_PCJudgeProgressionPanel.tsx_line:450,hardcoded_source_literal,src/components/pc/profile/PCJudgeProgressionPanel.tsx,,line:450,Lv.1부터 장착 효과가 열립니다.,Equip effects unlock from Lv.1.,Lv.1から装着効果が解放されます。,从Lv.1起解锁装备效果。,Visible Korean/CJK source literal outside i18n/data. Review whether it should move into i18n or remain developer-only.
hardcoded_source_literal_src_components_pc_profile_PCJudgeProgressionPanel.tsx_line:453,hardcoded_source_literal,src/components/pc/profile/PCJudgeProgressionPanel.tsx,,line:453,보유 칭호,Owned Titles,所持称号,拥有称号,Visible Korean/CJK source literal outside i18n/data. Review whether it should move into i18n or remain developer-only.
hardcoded_source_literal_src_components_pc_profile_PCJudgeProgressionPanel.tsx_line:455,hardcoded_source_literal,src/components/pc/profile/PCJudgeProgressionPanel.tsx,,line:455,칭호 선택,Select Title,称号選択,选择称号,Visible Korean/CJK source literal outside i18n/data. Review whether it should move into i18n or remain developer-only.
hardcoded_source_literal_src_components_pc_profile_PCJudgeProgressionPanel.tsx_line:475,hardcoded_source_literal,src/components/pc/profile/PCJudgeProgressionPanel.tsx,,line:475,현재 효과,Current Effect,現在の効果,当前效果,Visible Korean/CJK source literal outside i18n/data. Review whether it should move into i18n or remain developer-only.
hardcoded_source_literal_src_components_pc_profile_PCJudgeProgressionPanel.tsx_line:476,hardcoded_source_literal,src/components/pc/profile/PCJudgeProgressionPanel.tsx,,line:476,상세보기,Details,詳細を見る,查看详情,Visible Korean/CJK source literal outside i18n/data. Review whether it should move into i18n or remain developer-only.
hardcoded_source_literal_src_components_pc_profile_PCJudgeProgressionPanel.tsx_line:485,hardcoded_source_literal,src/components/pc/profile/PCJudgeProgressionPanel.tsx,,line:485,+1 강화 시 효과,Effect at +1 Enhancement,+1強化時の効果,+1强化时效果,Visible Korean/CJK source literal outside i18n/data. Review whether it should move into i18n or remain developer-only.
hardcoded_source_literal_src_components_pc_profile_PCJudgeProgressionPanel.tsx_line:49,hardcoded_source_literal,src/components/pc/profile/PCJudgeProgressionPanel.tsx,,line:49,조사 토큰,Investigation Tokens,調査トークン,调查代币,Visible Korean/CJK source literal outside i18n/data. Review whether it should move into i18n or remain developer-only.
hardcoded_source_literal_src_components_pc_profile_PCJudgeProgressionPanel.tsx_line:50,hardcoded_source_literal,src/components/pc/profile/PCJudgeProgressionPanel.tsx,,line:50,스킬 포인트,Skill Points,スキルポイント,技能点,Visible Korean/CJK source literal outside i18n/data. Review whether it should move into i18n or remain developer-only.
hardcoded_source_literal_src_components_pc_profile_PCJudgeProgressionPanel.tsx_line:506,hardcoded_source_literal,src/components/pc/profile/PCJudgeProgressionPanel.tsx,,line:506,칭호 상세보기,Title Details,称号詳細,称号详情,Visible Korean/CJK source literal outside i18n/data. Review whether it should move into i18n or remain developer-only.
hardcoded_source_literal_src_components_pc_profile_PCJudgeProgressionPanel.tsx_line:507,hardcoded_source_literal,src/components/pc/profile/PCJudgeProgressionPanel.tsx,,line:507,닫기,Close,閉じる,关闭,Visible Korean/CJK source literal outside i18n/data. Review whether it should move into i18n or remain developer-only.
hardcoded_source_literal_src_components_pc_profile_PCJudgeProgressionPanel.tsx_line:51,hardcoded_source_literal,src/components/pc/profile/PCJudgeProgressionPanel.tsx,,line:51,법정 장악,Courtroom Control,法廷掌握,法庭掌控,Visible Korean/CJK source literal outside i18n/data. Review whether it should move into i18n or remain developer-only.
hardcoded_source_literal_src_components_pc_profile_PCJudgeProgressionPanel.tsx_line:519,hardcoded_source_literal,src/components/pc/profile/PCJudgeProgressionPanel.tsx,,line:519,레벨별 효과,Effects by Level,レベル別効果,分等级效果,Visible Korean/CJK source literal outside i18n/data. Review whether it should move into i18n or remain developer-only.
hardcoded_source_literal_src_components_pc_profile_PCJudgeProgressionPanel.tsx_line:548,hardcoded_source_literal,src/components/pc/profile/PCJudgeProgressionPanel.tsx,,line:548,장착 슬롯 선택,Select Equip Slot,装着スロット選択,选择装备槽位,Visible Korean/CJK source literal outside i18n/data. Review whether it should move into i18n or remain developer-only.
hardcoded_source_literal_src_components_pc_profile_PCJudgeProgressionPanel.tsx_line:549,hardcoded_source_literal,src/components/pc/profile/PCJudgeProgressionPanel.tsx,,line:549,닫기,Close,閉じる,关闭,Visible Korean/CJK source literal outside i18n/data. Review whether it should move into i18n or remain developer-only.
hardcoded_source_literal_src_components_pc_profile_PCJudgeProgressionPanel.tsx_line:55,hardcoded_source_literal,src/components/pc/profile/PCJudgeProgressionPanel.tsx,,line:55,장착,Equip,装着,装备,Visible Korean/CJK source literal outside i18n/data. Review whether it should move into i18n or remain developer-only.
hardcoded_source_literal_src_components_pc_profile_PCJudgeProgressionPanel.tsx_line:55,hardcoded_source_literal,src/components/pc/profile/PCJudgeProgressionPanel.tsx,,line:55,보유 칭호를 슬롯에 배치합니다.,Place an owned title in a slot.,所持称号をスロットに配置します。,将拥有称号放入槽位。,Visible Korean/CJK source literal outside i18n/data. Review whether it should move into i18n or remain developer-only.
hardcoded_source_literal_src_components_pc_profile_PCJudgeProgressionPanel.tsx_line:552,hardcoded_source_literal,src/components/pc/profile/PCJudgeProgressionPanel.tsx,,line:552,장착 슬롯 선택,Select Equip Slot,装着スロット選択,选择装备槽位,Visible Korean/CJK source literal outside i18n/data. Review whether it should move into i18n or remain developer-only.
hardcoded_source_literal_src_components_pc_profile_PCJudgeProgressionPanel.tsx_line:554,hardcoded_source_literal,src/components/pc/profile/PCJudgeProgressionPanel.tsx,,line:554,두 슬롯이 모두 사용 중입니다.,Both slots are in use.,両方のスロットが使用中です。,两个槽位都在使用中。,Visible Korean/CJK source literal outside i18n/data. Review whether it should move into i18n or remain developer-only.
hardcoded_source_literal_src_components_pc_profile_PCJudgeProgressionPanel.tsx_line:554,hardcoded_source_literal,src/components/pc/profile/PCJudgeProgressionPanel.tsx,,line:554,을 어느 슬롯에 장착할지 선택하세요.,Choose which slot to equip it in.,どちらのスロットに装着するか選択してください。,请选择要装备到哪个槽位。,Visible Korean/CJK source literal outside i18n/data. Review whether it should move into i18n or remain developer-only.
hardcoded_source_literal_src_components_pc_profile_PCJudgeProgressionPanel.tsx_line:56,hardcoded_source_literal,src/components/pc/profile/PCJudgeProgressionPanel.tsx,,line:56,강화,Enhance,強化,强化,Visible Korean/CJK source literal outside i18n/data. Review whether it should move into i18n or remain developer-only.
hardcoded_source_literal_src_components_pc_profile_PCJudgeProgressionPanel.tsx_line:56,hardcoded_source_literal,src/components/pc/profile/PCJudgeProgressionPanel.tsx,,line:56,판결 조각을 넣어 칭호 레벨을 올립니다.,Use verdict fragments to raise title levels.,判決のかけらを入れて称号レベルを上げます。,投入裁决碎片以提升称号等级。,Visible Korean/CJK source literal outside i18n/data. Review whether it should move into i18n or remain developer-only.
hardcoded_source_literal_src_components_pc_profile_PCJudgeProgressionPanel.tsx_line:561,hardcoded_source_literal,src/components/pc/profile/PCJudgeProgressionPanel.tsx,,line:561,슬롯,Slot,スロット,槽位,Visible Korean/CJK source literal outside i18n/data. Review whether it should move into i18n or remain developer-only.
hardcoded_source_literal_src_components_pc_profile_PCJudgeProgressionPanel.tsx_line:562,hardcoded_source_literal,src/components/pc/profile/PCJudgeProgressionPanel.tsx,,line:562,비어 있음,Empty,空,空,Visible Korean/CJK source literal outside i18n/data. Review whether it should move into i18n or remain developer-only.
hardcoded_source_literal_src_components_pc_profile_PCJudgeProgressionPanel.tsx_line:563,hardcoded_source_literal,src/components/pc/profile/PCJudgeProgressionPanel.tsx,,line:563,선택한 칭호를 장착합니다.,Equip the selected title.,選択した称号を装着します。,装备所选称号。,Visible Korean/CJK source literal outside i18n/data. Review whether it should move into i18n or remain developer-only.
hardcoded_source_literal_src_components_pc_profile_PCJudgeProgressionPanel.tsx_line:57,hardcoded_source_literal,src/components/pc/profile/PCJudgeProgressionPanel.tsx,,line:57,판결 조각,Verdict Fragments,判決のかけら,裁决碎片,Visible Korean/CJK source literal outside i18n/data. Review whether it should move into i18n or remain developer-only.
hardcoded_source_literal_src_components_pc_profile_PCJudgeProgressionPanel.tsx_line:57,hardcoded_source_literal,src/components/pc/profile/PCJudgeProgressionPanel.tsx,,line:57,보유 조각을 확인하고 교환합니다.,Check and exchange owned fragments.,所持しているかけらを確認し、交換します。,查看并交换持有碎片。,Visible Korean/CJK source literal outside i18n/data. Review whether it should move into i18n or remain developer-only.
hardcoded_source_literal_src_components_pc_profile_PCJudgeProgressionPanel.tsx_line:596,hardcoded_source_literal,src/components/pc/profile/PCJudgeProgressionPanel.tsx,,line:596,보유,Owned,所持,拥有,Visible Korean/CJK source literal outside i18n/data. Review whether it should move into i18n or remain developer-only.
hardcoded_source_literal_src_components_pc_profile_PCJudgeProgressionPanel.tsx_line:632,hardcoded_source_literal,src/components/pc/profile/PCJudgeProgressionPanel.tsx,,line:632,보유,Owned,所持,拥有,Visible Korean/CJK source literal outside i18n/data. Review whether it should move into i18n or remain developer-only.
hardcoded_source_literal_src_components_pc_profile_PCJudgeProgressionPanel.tsx_line:637,hardcoded_source_literal,src/components/pc/profile/PCJudgeProgressionPanel.tsx,,line:637,사용처,Uses,使途,用途,Visible Korean/CJK source literal outside i18n/data. Review whether it should move into i18n or remain developer-only.
hardcoded_source_literal_src_components_pc_profile_PCJudgeProgressionPanel.tsx_line:643,hardcoded_source_literal,src/components/pc/profile/PCJudgeProgressionPanel.tsx,,line:643,조각 교환,Fragment Exchange,かけら交換,碎片交换,Visible Korean/CJK source literal outside i18n/data. Review whether it should move into i18n or remain developer-only.
hardcoded_source_literal_src_components_pc_profile_PCJudgeProgressionPanel.tsx_line:644,hardcoded_source_literal,src/components/pc/profile/PCJudgeProgressionPanel.tsx,,line:644,같은 조각,Same Fragment,同じかけら,相同碎片,Visible Korean/CJK source literal outside i18n/data. Review whether it should move into i18n or remain developer-only.
hardcoded_source_literal_src_components_pc_profile_PCJudgeProgressionPanel.tsx_line:644,hardcoded_source_literal,src/components/pc/profile/PCJudgeProgressionPanel.tsx,,line:644,개를 다른 판결 조각 1개로 교환할 수 있습니다.,can be exchanged for 1 different verdict fragment.,個で別の判決のかけら1個と交換できます。,个可交换为1个其他裁决碎片。,Visible Korean/CJK source literal outside i18n/data. Review whether it should move into i18n or remain developer-only.
hardcoded_source_literal_src_components_pc_profile_PCJudgeProgressionPanel.tsx_line:648,hardcoded_source_literal,src/components/pc/profile/PCJudgeProgressionPanel.tsx,,line:648,조각 교환,Fragment Exchange,かけら交換,碎片交换,Visible Korean/CJK source literal outside i18n/data. Review whether it should move into i18n or remain developer-only.
hardcoded_source_literal_src_components_pc_profile_PCJudgeProgressionPanel.tsx_line:652,hardcoded_source_literal,src/components/pc/profile/PCJudgeProgressionPanel.tsx,,line:652,판결 조각 보유 현황,Verdict Fragment Inventory,判決のかけら所持状況,裁决碎片持有情况,Visible Korean/CJK source literal outside i18n/data. Review whether it should move into i18n or remain developer-only.
hardcoded_source_literal_src_components_pc_profile_PCJudgeProgressionPanel.tsx_line:700,hardcoded_source_literal,src/components/pc/profile/PCJudgeProgressionPanel.tsx,,line:700,닫기,Close,閉じる,关闭,Visible Korean/CJK source literal outside i18n/data. Review whether it should move into i18n or remain developer-only.
hardcoded_source_literal_src_components_pc_profile_PCJudgeProgressionPanel.tsx_line:703,hardcoded_source_literal,src/components/pc/profile/PCJudgeProgressionPanel.tsx,,line:703,조각 교환,Fragment Exchange,かけら交換,碎片交换,Visible Korean/CJK source literal outside i18n/data. Review whether it should move into i18n or remain developer-only.
hardcoded_source_literal_src_components_pc_profile_PCJudgeProgressionPanel.tsx_line:707,hardcoded_source_literal,src/components/pc/profile/PCJudgeProgressionPanel.tsx,,line:707,교환 재료,Exchange Materials,交換素材,交换材料,Visible Korean/CJK source literal outside i18n/data. Review whether it should move into i18n or remain developer-only.
hardcoded_source_literal_src_components_pc_profile_PCJudgeProgressionPanel.tsx_line:711,hardcoded_source_literal,src/components/pc/profile/PCJudgeProgressionPanel.tsx,,line:711,· 보유,· Owned,・所持,· 拥有,Visible Korean/CJK source literal outside i18n/data. Review whether it should move into i18n or remain developer-only.
hardcoded_source_literal_src_components_pc_profile_PCJudgeProgressionPanel.tsx_line:717,hardcoded_source_literal,src/components/pc/profile/PCJudgeProgressionPanel.tsx,,line:717,교환 대상,Exchange Target,交換対象,交换目标,Visible Korean/CJK source literal outside i18n/data. Review whether it should move into i18n or remain developer-only.
hardcoded_source_literal_src_components_pc_profile_PCJudgeProgressionPanel.tsx_line:729,hardcoded_source_literal,src/components/pc/profile/PCJudgeProgressionPanel.tsx,,line:729,개 사용,used,個使用,个使用,Visible Korean/CJK source literal outside i18n/data. Review whether it should move into i18n or remain developer-only.
hardcoded_source_literal_src_components_pc_profile_PCJudgeProgressionPanel.tsx_line:735,hardcoded_source_literal,src/components/pc/profile/PCJudgeProgressionPanel.tsx,,line:735,1개 획득,Get 1,1個獲得,获得1个,Visible Korean/CJK source literal outside i18n/data. Review whether it should move into i18n or remain developer-only.
hardcoded_source_literal_src_components_pc_profile_PCJudgeProgressionPanel.tsx_line:738,hardcoded_source_literal,src/components/pc/profile/PCJudgeProgressionPanel.tsx,,line:738,현재 보유:,Currently Owned:,現在所持：,当前拥有：,Visible Korean/CJK source literal outside i18n/data. Review whether it should move into i18n or remain developer-only.
hardcoded_source_literal_src_components_pc_profile_PCJudgeProgressionPanel.tsx_line:738,hardcoded_source_literal,src/components/pc/profile/PCJudgeProgressionPanel.tsx,,line:738,개 · 교환 비율,items · Exchange Ratio,個・交換比率,个 · 交换比例,Visible Korean/CJK source literal outside i18n/data. Review whether it should move into i18n or remain developer-only.
hardcoded_source_literal_src_components_pc_profile_PCJudgeProgressionPanel.tsx_line:740,hardcoded_source_literal,src/components/pc/profile/PCJudgeProgressionPanel.tsx,,line:740,취소,Cancel,キャンセル,取消,Visible Korean/CJK source literal outside i18n/data. Review whether it should move into i18n or remain developer-only.
hardcoded_source_literal_src_components_pc_profile_PCJudgeProgressionPanel.tsx_line:742,hardcoded_source_literal,src/components/pc/profile/PCJudgeProgressionPanel.tsx,,line:742,교환 실행,Execute Exchange,交換実行,执行交换,Visible Korean/CJK source literal outside i18n/data. Review whether it should move into i18n or remain developer-only.
hardcoded_source_literal_src_components_pc_profile_PCJudgeProgressionPanel.tsx_line:767,hardcoded_source_literal,src/components/pc/profile/PCJudgeProgressionPanel.tsx,,line:767,칭호를 장착하세요,Equip a title,称号を装着してください,请装备称号,Visible Korean/CJK source literal outside i18n/data. Review whether it should move into i18n or remain developer-only.
hardcoded_source_literal_src_components_pc_profile_PCJudgeProgressionPanel.tsx_line:773,hardcoded_source_literal,src/components/pc/profile/PCJudgeProgressionPanel.tsx,,line:773,비어 있음,Empty,空,空,Visible Korean/CJK source literal outside i18n/data. Review whether it should move into i18n or remain developer-only.
hardcoded_source_literal_src_components_pc_profile_PCJudgeProgressionPanel.tsx_line:776,hardcoded_source_literal,src/components/pc/profile/PCJudgeProgressionPanel.tsx,,line:776,해제,Unequip,解除,解除,Visible Korean/CJK source literal outside i18n/data. Review whether it should move into i18n or remain developer-only.
hardcoded_source_literal_src_components_pc_profile_PCPerkEquipPanel.tsx_line:111,hardcoded_source_literal,src/components/pc/profile/PCPerkEquipPanel.tsx,,line:111,비어 있음,Empty,空,空,Visible Korean/CJK source literal outside i18n/data. Review whether it should move into i18n or remain developer-only.
hardcoded_source_literal_src_components_pc_profile_PCPerkEquipPanel.tsx_line:129,hardcoded_source_literal,src/components/pc/profile/PCPerkEquipPanel.tsx,,line:129,해금,Unlock,解放,解锁,Visible Korean/CJK source literal outside i18n/data. Review whether it should move into i18n or remain developer-only.
hardcoded_source_literal_src_components_pc_profile_PCPerkEquipPanel.tsx_line:155,hardcoded_source_literal,src/components/pc/profile/PCPerkEquipPanel.tsx,,line:155,장착 중,Equipped,装着中,装备中,Visible Korean/CJK source literal outside i18n/data. Review whether it should move into i18n or remain developer-only.
hardcoded_source_literal_src_components_pc_profile_PCPerkEquipPanel.tsx_line:171,hardcoded_source_literal,src/components/pc/profile/PCPerkEquipPanel.tsx,,line:171,잠김,Locked,ロック中,已锁定,Visible Korean/CJK source literal outside i18n/data. Review whether it should move into i18n or remain developer-only.
hardcoded_source_literal_src_components_pc_profile_PCPerkEquipPanel.tsx_line:171,hardcoded_source_literal,src/components/pc/profile/PCPerkEquipPanel.tsx,,line:171,해제,Unequip,解除,解除,Visible Korean/CJK source literal outside i18n/data. Review whether it should move into i18n or remain developer-only.
hardcoded_source_literal_src_components_pc_profile_PCPerkEquipPanel.tsx_line:171,hardcoded_source_literal,src/components/pc/profile/PCPerkEquipPanel.tsx,,line:171,장착,Equip,装着,装备,Visible Korean/CJK source literal outside i18n/data. Review whether it should move into i18n or remain developer-only.
hardcoded_source_literal_src_components_pc_profile_PCPerkEquipPanel.tsx_line:30,hardcoded_source_literal,src/components/pc/profile/PCPerkEquipPanel.tsx,,line:30,Major 퍼크,Major Perk,Majorパーク,主要特权,Visible Korean/CJK source literal outside i18n/data. Review whether it should move into i18n or remain developer-only.
hardcoded_source_literal_src_components_pc_profile_PCPerkEquipPanel.tsx_line:32,hardcoded_source_literal,src/components/pc/profile/PCPerkEquipPanel.tsx,,line:32,Lv3 성향을 달성하면 장착할 수 있습니다.,Can be equipped after reaching a Lv3 trait.,Lv3性向を達成すると装着できます。,达成Lv3倾向后可装备。,Visible Korean/CJK source literal outside i18n/data. Review whether it should move into i18n or remain developer-only.
hardcoded_source_literal_src_components_pc_profile_PCPerkEquipPanel.tsx_line:36,hardcoded_source_literal,src/components/pc/profile/PCPerkEquipPanel.tsx,,line:36,Minor 퍼크,Minor Perk,Minorパーク,次要特权,Visible Korean/CJK source literal outside i18n/data. Review whether it should move into i18n or remain developer-only.
hardcoded_source_literal_src_components_pc_profile_PCPerkEquipPanel.tsx_line:38,hardcoded_source_literal,src/components/pc/profile/PCPerkEquipPanel.tsx,,line:38,Lv1 성향을 달성하면 장착할 수 있습니다.,Can be equipped after reaching a Lv1 trait.,Lv1性向を達成すると装着できます。,达成Lv1倾向后可装备。,Visible Korean/CJK source literal outside i18n/data. Review whether it should move into i18n or remain developer-only.
hardcoded_source_literal_src_components_pc_profile_PCPerkEquipPanel.tsx_line:95,hardcoded_source_literal,src/components/pc/profile/PCPerkEquipPanel.tsx,,line:95,퍼크 장착,Equip Perk,パーク装着,装备特权,Visible Korean/CJK source literal outside i18n/data. Review whether it should move into i18n or remain developer-only.
hardcoded_source_literal_src_components_pc_profile_PCTraitEnhancePanel.tsx_line:102,hardcoded_source_literal,src/components/pc/profile/PCTraitEnhancePanel.tsx,,line:102,강화 가능,Enhancement Available,強化可能,可强化,Visible Korean/CJK source literal outside i18n/data. Review whether it should move into i18n or remain developer-only.
hardcoded_source_literal_src_components_pc_profile_PCTraitEnhancePanel.tsx_line:136,hardcoded_source_literal,src/components/pc/profile/PCTraitEnhancePanel.tsx,,line:136,강화 재료를 모아 다음 레벨을 해금합니다.,Collect enhancement materials to unlock the next level.,強化素材を集めて次のレベルを解放します。,收集强化材料以解锁下一等级。,Visible Korean/CJK source literal outside i18n/data. Review whether it should move into i18n or remain developer-only.
hardcoded_source_literal_src_components_pc_profile_PCTraitEnhancePanel.tsx_line:136,hardcoded_source_literal,src/components/pc/profile/PCTraitEnhancePanel.tsx,,line:136,Major 퍼크,Major Perk,Majorパーク,主要特权,Visible Korean/CJK source literal outside i18n/data. Review whether it should move into i18n or remain developer-only.
hardcoded_source_literal_src_components_pc_profile_PCTraitEnhancePanel.tsx_line:153,hardcoded_source_literal,src/components/pc/profile/PCTraitEnhancePanel.tsx,,line:153,축 전용 성장 경로,Axis-Specific Growth Path,軸専用成長経路,轴专用成长路径,Visible Korean/CJK source literal outside i18n/data. Review whether it should move into i18n or remain developer-only.
hardcoded_source_literal_src_components_pc_profile_PCTraitEnhancePanel.tsx_line:154,hardcoded_source_literal,src/components/pc/profile/PCTraitEnhancePanel.tsx,,line:154,Major 퍼크,Major Perk,Majorパーク,主要特权,Visible Korean/CJK source literal outside i18n/data. Review whether it should move into i18n or remain developer-only.
hardcoded_source_literal_src_components_pc_profile_PCTraitEnhancePanel.tsx_line:195,hardcoded_source_literal,src/components/pc/profile/PCTraitEnhancePanel.tsx,,line:195,Major 퍼크,Major Perk,Majorパーク,主要特权,Visible Korean/CJK source literal outside i18n/data. Review whether it should move into i18n or remain developer-only.
hardcoded_source_literal_src_components_pc_profile_PCTraitEnhancePanel.tsx_line:196,hardcoded_source_literal,src/components/pc/profile/PCTraitEnhancePanel.tsx,,line:196,최대 레벨에 도달했습니다.,Maximum level reached.,最大レベルに到達しました。,已达到最高等级。,Visible Korean/CJK source literal outside i18n/data. Review whether it should move into i18n or remain developer-only.
hardcoded_source_literal_src_components_pc_profile_PCTraitEnhancePanel.tsx_line:207,hardcoded_source_literal,src/components/pc/profile/PCTraitEnhancePanel.tsx,,line:207,강화,Enhance,強化,强化,Visible Korean/CJK source literal outside i18n/data. Review whether it should move into i18n or remain developer-only.
hardcoded_source_literal_src_components_pc_profile_PCTraitEnhancePanel.tsx_line:218,hardcoded_source_literal,src/components/pc/profile/PCTraitEnhancePanel.tsx,,line:218,조각 변환,Fragment Conversion,かけら変換,碎片转换,Visible Korean/CJK source literal outside i18n/data. Review whether it should move into i18n or remain developer-only.
hardcoded_source_literal_src_components_pc_profile_PCTraitEnhancePanel.tsx_line:220,hardcoded_source_literal,src/components/pc/profile/PCTraitEnhancePanel.tsx,,line:220,중립 조각,Neutral Fragment,中立のかけら,中立碎片,Visible Korean/CJK source literal outside i18n/data. Review whether it should move into i18n or remain developer-only.
hardcoded_source_literal_src_components_pc_profile_PCTraitEnhancePanel.tsx_line:220,hardcoded_source_literal,src/components/pc/profile/PCTraitEnhancePanel.tsx,,line:220,개 → 방향 조각 1개,items → 1 Direction Fragment,個 → 方向のかけら1個,个 → 1个方向碎片,Visible Korean/CJK source literal outside i18n/data. Review whether it should move into i18n or remain developer-only.
hardcoded_source_literal_src_components_pc_profile_PCTraitEnhancePanel.tsx_line:230,hardcoded_source_literal,src/components/pc/profile/PCTraitEnhancePanel.tsx,,line:230,중립 재고,Neutral Stock,中立在庫,中立库存,Visible Korean/CJK source literal outside i18n/data. Review whether it should move into i18n or remain developer-only.
hardcoded_source_literal_src_components_pc_profile_PCTraitEnhancePanel.tsx_line:249,hardcoded_source_literal,src/components/pc/profile/PCTraitEnhancePanel.tsx,,line:249,중립 조각 ×,Neutral Fragment ×,中立のかけら×,中立碎片×,Visible Korean/CJK source literal outside i18n/data. Review whether it should move into i18n or remain developer-only.
hardcoded_source_literal_src_components_pc_profile_PCTraitEnhancePanel.tsx_line:249,hardcoded_source_literal,src/components/pc/profile/PCTraitEnhancePanel.tsx,,line:249,조각 ×1,Fragment ×1,かけら×1,碎片×1,Visible Korean/CJK source literal outside i18n/data. Review whether it should move into i18n or remain developer-only.
hardcoded_source_literal_src_components_pc_profile_PCTraitEnhancePanel.tsx_line:31,hardcoded_source_literal,src/components/pc/profile/PCTraitEnhancePanel.tsx,,line:31,탐구 축,Inquiry Axis,探究軸,探究轴,Visible Korean/CJK source literal outside i18n/data. Review whether it should move into i18n or remain developer-only.
hardcoded_source_literal_src_components_pc_profile_PCTraitEnhancePanel.tsx_line:32,hardcoded_source_literal,src/components/pc/profile/PCTraitEnhancePanel.tsx,,line:32,판결 균형,Verdict Balance,判決バランス,裁决平衡,Visible Korean/CJK source literal outside i18n/data. Review whether it should move into i18n or remain developer-only.
hardcoded_source_literal_src_components_pc_profile_PCTraitEnhancePanel.tsx_line:33,hardcoded_source_literal,src/components/pc/profile/PCTraitEnhancePanel.tsx,,line:33,해결 축,Resolution Axis,解決軸,解决轴,Visible Korean/CJK source literal outside i18n/data. Review whether it should move into i18n or remain developer-only.
hardcoded_source_literal_src_components_pc_profile_PCTraitEnhancePanel.tsx_line:99,hardcoded_source_literal,src/components/pc/profile/PCTraitEnhancePanel.tsx,,line:99,6성향 강화,Six-Trait Enhancement,6性向強化,六项倾向强化,Visible Korean/CJK source literal outside i18n/data. Review whether it should move into i18n or remain developer-only.
hardcoded_source_literal_src_components_pc_progression_PCJudgeProgressionShared.tsx_line:20,hardcoded_source_literal,src/components/pc/progression/PCJudgeProgressionShared.tsx,,line:20,추론의 조각,Reasoning Fragment,推論のかけら,推理碎片,Visible Korean/CJK source literal outside i18n/data. Review whether it should move into i18n or remain developer-only.
hardcoded_source_literal_src_components_pc_progression_PCJudgeProgressionShared.tsx_line:20,hardcoded_source_literal,src/components/pc/progression/PCJudgeProgressionShared.tsx,,line:20,논리,Logic,論理,逻辑,Visible Korean/CJK source literal outside i18n/data. Review whether it should move into i18n or remain developer-only.
hardcoded_source_literal_src_components_pc_progression_PCJudgeProgressionShared.tsx_line:21,hardcoded_source_literal,src/components/pc/progression/PCJudgeProgressionShared.tsx,,line:21,탐구의 조각,Inquiry Fragment,探究のかけら,探究碎片,Visible Korean/CJK source literal outside i18n/data. Review whether it should move into i18n or remain developer-only.
hardcoded_source_literal_src_components_pc_progression_PCJudgeProgressionShared.tsx_line:21,hardcoded_source_literal,src/components/pc/progression/PCJudgeProgressionShared.tsx,,line:21,탐구,Inquiry,探究,探究,Visible Korean/CJK source literal outside i18n/data. Review whether it should move into i18n or remain developer-only.
hardcoded_source_literal_src_components_pc_progression_PCJudgeProgressionShared.tsx_line:22,hardcoded_source_literal,src/components/pc/progression/PCJudgeProgressionShared.tsx,,line:22,공감의 조각,Empathy Fragment,共感のかけら,共情碎片,Visible Korean/CJK source literal outside i18n/data. Review whether it should move into i18n or remain developer-only.
hardcoded_source_literal_src_components_pc_progression_PCJudgeProgressionShared.tsx_line:22,hardcoded_source_literal,src/components/pc/progression/PCJudgeProgressionShared.tsx,,line:22,공감,Empathy,共感,共情,Visible Korean/CJK source literal outside i18n/data. Review whether it should move into i18n or remain developer-only.
hardcoded_source_literal_src_components_pc_progression_PCJudgeProgressionShared.tsx_line:23,hardcoded_source_literal,src/components/pc/progression/PCJudgeProgressionShared.tsx,,line:23,엄정의 조각,Strictness Fragment,厳正のかけら,严正碎片,Visible Korean/CJK source literal outside i18n/data. Review whether it should move into i18n or remain developer-only.
hardcoded_source_literal_src_components_pc_progression_PCJudgeProgressionShared.tsx_line:23,hardcoded_source_literal,src/components/pc/progression/PCJudgeProgressionShared.tsx,,line:23,엄정,Strictness,厳正,严正,Visible Korean/CJK source literal outside i18n/data. Review whether it should move into i18n or remain developer-only.
hardcoded_source_literal_src_components_pc_progression_PCJudgeProgressionShared.tsx_line:24,hardcoded_source_literal,src/components/pc/progression/PCJudgeProgressionShared.tsx,,line:24,숙의의 조각,Deliberation Fragment,熟議のかけら,审议碎片,Visible Korean/CJK source literal outside i18n/data. Review whether it should move into i18n or remain developer-only.
hardcoded_source_literal_src_components_pc_progression_PCJudgeProgressionShared.tsx_line:24,hardcoded_source_literal,src/components/pc/progression/PCJudgeProgressionShared.tsx,,line:24,숙의,Deliberation,熟議,审议,Visible Korean/CJK source literal outside i18n/data. Review whether it should move into i18n or remain developer-only.
hardcoded_source_literal_src_components_pc_progression_PCJudgeProgressionShared.tsx_line:25,hardcoded_source_literal,src/components/pc/progression/PCJudgeProgressionShared.tsx,,line:25,관용의 조각,Leniency Fragment,寛容のかけら,宽容碎片,Visible Korean/CJK source literal outside i18n/data. Review whether it should move into i18n or remain developer-only.
hardcoded_source_literal_src_components_pc_progression_PCJudgeProgressionShared.tsx_line:25,hardcoded_source_literal,src/components/pc/progression/PCJudgeProgressionShared.tsx,,line:25,관용,Leniency,寛容,宽容,Visible Korean/CJK source literal outside i18n/data. Review whether it should move into i18n or remain developer-only.
hardcoded_source_literal_src_components_pc_progression_PCJudgeProgressionShared.tsx_line:26,hardcoded_source_literal,src/components/pc/progression/PCJudgeProgressionShared.tsx,,line:26,법리의 조각,Legal Reasoning Fragment,法理のかけら,法理碎片,Visible Korean/CJK source literal outside i18n/data. Review whether it should move into i18n or remain developer-only.
hardcoded_source_literal_src_components_pc_progression_PCJudgeProgressionShared.tsx_line:26,hardcoded_source_literal,src/components/pc/progression/PCJudgeProgressionShared.tsx,,line:26,법리,Legal Reasoning,法理,法理,Visible Korean/CJK source literal outside i18n/data. Review whether it should move into i18n or remain developer-only.
hardcoded_source_literal_src_components_pc_progression_PCJudgeProgressionShared.tsx_line:27,hardcoded_source_literal,src/components/pc/progression/PCJudgeProgressionShared.tsx,,line:27,균형의 조각,Balance Fragment,バランスのかけら,平衡碎片,Visible Korean/CJK source literal outside i18n/data. Review whether it should move into i18n or remain developer-only.
hardcoded_source_literal_src_components_pc_progression_PCJudgeProgressionShared.tsx_line:27,hardcoded_source_literal,src/components/pc/progression/PCJudgeProgressionShared.tsx,,line:27,균형,Balance,バランス,平衡,Visible Korean/CJK source literal outside i18n/data. Review whether it should move into i18n or remain developer-only.
hardcoded_source_literal_src_components_pc_progression_PCJudgeProgressionShared.tsx_line:28,hardcoded_source_literal,src/components/pc/progression/PCJudgeProgressionShared.tsx,,line:28,화해의 조각,Reconciliation Fragment,和解のかけら,和解碎片,Visible Korean/CJK source literal outside i18n/data. Review whether it should move into i18n or remain developer-only.
hardcoded_source_literal_src_components_pc_progression_PCJudgeProgressionShared.tsx_line:28,hardcoded_source_literal,src/components/pc/progression/PCJudgeProgressionShared.tsx,,line:28,화해,Reconciliation,和解,和解,Visible Korean/CJK source literal outside i18n/data. Review whether it should move into i18n or remain developer-only.
hardcoded_source_literal_src_components_pc_progression_PCJudgeProgressionShared.tsx_line:39,hardcoded_source_literal,src/components/pc/progression/PCJudgeProgressionShared.tsx,,line:39,논리,Logic,論理,逻辑,Visible Korean/CJK source literal outside i18n/data. Review whether it should move into i18n or remain developer-only.
hardcoded_source_literal_src_components_pc_progression_PCJudgeProgressionShared.tsx_line:40,hardcoded_source_literal,src/components/pc/progression/PCJudgeProgressionShared.tsx,,line:40,탐구,Inquiry,探究,探究,Visible Korean/CJK source literal outside i18n/data. Review whether it should move into i18n or remain developer-only.
hardcoded_source_literal_src_components_pc_progression_PCJudgeProgressionShared.tsx_line:46,hardcoded_source_literal,src/components/pc/progression/PCJudgeProgressionShared.tsx,,line:46,직감,Intuition,直感,直觉,Visible Korean/CJK source literal outside i18n/data. Review whether it should move into i18n or remain developer-only.
hardcoded_source_literal_src_components_pc_progression_PCJudgeProgressionShared.tsx_line:47,hardcoded_source_literal,src/components/pc/progression/PCJudgeProgressionShared.tsx,,line:47,탐구,Inquiry,探究,探究,Visible Korean/CJK source literal outside i18n/data. Review whether it should move into i18n or remain developer-only.
hardcoded_source_literal_src_components_pc_progression_PCJudgeProgressionShared.tsx_line:53,hardcoded_source_literal,src/components/pc/progression/PCJudgeProgressionShared.tsx,,line:53,엄정,Strictness,厳正,严正,Visible Korean/CJK source literal outside i18n/data. Review whether it should move into i18n or remain developer-only.
