id,category,source,case_id,key_path,ko,en,ja,zh-CN,notes
mediation_judge_line_src_data_dialogues_mediation_family-01_paths_conditional_.judge,mediation_judge_line,src/data/dialogues/mediation,family-01,paths[conditional].judge,"핵심 책임을 분리한 조건부 조정을 먼저 제시하겠습니다. 유서 작성 절차, 공증본과 자필 연습본의 차이, 장기간 돌봄과 계좌 흐름을 한 덩어리로 처리하지는 않겠습니다.","I will first present a conditional mediation that separates the core responsibilities. The will-drafting procedure, the difference between the notarized copy and the handwritten draft, and the long-running care and account trail will not be treated as one bundle.",まず、核心となる責任を切り分けた条件付き調停案を提示します。遺言書作成の手続き、公証本と自筆下書きの違い、長期の介護と口座の流れを一つの塊として扱うことはしません。,我先提出一份把核心责任分开的条件式调解方案。遗嘱制作程序、公证本与亲笔草稿的差异、长期照护和账户流水，不会被合并成一个问题处理。,Mediation path judge line. Party a/b mediation dialogue entries are excluded.
mediation_judge_line_src_data_dialogues_mediation_family-01_paths_fact_first_.judge,mediation_judge_line,src/data/dialogues/mediation,family-01,paths[fact_first].judge,"해결책보다 사실관계부터 정리하겠습니다. 유서 작성 절차, 자필 연습본과 공증본의 차이, 장기간 돌봄과 계좌 흐름의 순서부터 고정하겠습니다.","Before moving to a solution, I will organize the facts. We will first fix the order of the will-drafting procedure, the difference between the handwritten draft and the notarized copy, and the long-running care and account trail.",解決策に入る前に、まず事実関係を整理します。遺言書作成の手続き、自筆下書きと公証本の違い、長期の介護と口座の流れの順序から確定します。,在谈解决方案之前，先整理事实关系。遗嘱制作程序、亲笔草稿与公证本的差异、长期照护和账户流水的先后顺序，将先固定下来。,Mediation path judge line. Party a/b mediation dialogue entries are excluded.
mediation_judge_line_src_data_dialogues_mediation_family-01_paths_immediate_.judge,mediation_judge_line,src/data/dialogues/mediation,family-01,paths[immediate].judge,정리된 쟁점을 기준으로 즉시 판단하겠습니다. 판결 단계로 넘어가겠습니다.,I will make an immediate judgment based on the issues as organized. We will move to the verdict stage.,整理された争点を基準に、ただちに判断します。判決段階へ進みます。,我将依据已经整理的争点立即作出判断。进入裁决阶段。,Mediation path judge line. Party a/b mediation dialogue entries are excluded.
mediation_judge_line_src_data_dialogues_mediation_family-01_paths_postpone_.judge,mediation_judge_line,src/data/dialogues/mediation,family-01,paths[postpone].judge,확정 가능한 사실만 먼저 고정하고 나머지는 보류하겠습니다. 어머니 뜻을 누가 어떻게 이해했는지는 기록과 증언을 나눠 보겠습니다.,"I will first fix only the facts that can be confirmed and reserve the rest. We will separate records and testimony when examining who understood Mother's wishes, and how.",確定できる事実だけを先に固め、残りは保留します。母の意思を誰がどう理解していたのかは、記録と証言を分けて見ていきます。,先固定能够确认的事实，其余部分暂时保留。谁如何理解母亲的意愿，将分开记录与证言来审视。,Mediation path judge line. Party a/b mediation dialogue entries are excluded.
non_party_scripted_text_src_data_scriptedText_family-01_channels_aftermath_.entries_a_primary_fault_.variants_a_primary_fault-v1_.behaviorHint,non_party_scripted_text,src/data/scriptedText,family-01,channels[aftermath].entries[a_primary_fault].variants[a_primary_fault-v1].behaviorHint,"윤태성 책임이 중심에 놓이되, 윤정후의 문서 책임은 지워지지 않는 결말이다.","Ending centered on Yoon Tae-seong's responsibility, while Yoon Jeong-hu's document responsibility is not erased.",ユン・テソンの責任を中心に置きつつ、ユン・ジョンフの文書責任は消えない結末。,以尹泰成责任为中心，但不抹去尹正厚文件责任的结局。,"Scripted text channel without party a/b as speaker: system, judge, witness, dossier, mediation, aftermath, and milestone copy."
non_party_scripted_text_src_data_scriptedText_family-01_channels_aftermath_.entries_a_primary_fault_.variants_a_primary_fault-v1_.text,non_party_scripted_text,src/data/scriptedText,family-01,channels[aftermath].entries[a_primary_fault].variants[a_primary_fault-v1].text,"판결 뒤 윤태성은 자신이 붙잡은 장남의 자리가 어머니 뜻을 제대로 듣는 데 방해가 되었음을 인정해야 했다. 윤정후가 문서를 손댄 책임은 별도로 남았지만, 태성의 전면 무효 주장과 동생에 대한 단정은 핵심 사실을 오래 가렸다. 재산 정산은 자필 연습본과 오래 도운 일을 확인하는 절차로 넘어갔고, 태성은 더 받아야 한다는 말보다 먼저 자신이 무엇을 당연시했는지 설명해야 했다. 두 형제의 대화는 사과보다 사실 확인에서 다시 시작됐다.","After the verdict, Yoon Tae-seong had to admit that the eldest-son role he had clung to had kept him from properly hearing Mother's wishes. Yoon Jeong-hu's responsibility for touching the document remained separate, but Tae-seong's claim that everything was void and his quick judgment of his younger brother long obscured the core facts. The property settlement moved into a process of verifying the handwritten draft and the long-running support. Before saying he deserved more, Tae-seong had to explain what he had taken for granted. The brothers' conversation began again not with apology, but with confirming the facts.",判決後、ユン・テソンは、自分が握りしめていた長男という立場が母の意思を正しく聞く妨げになっていたことを認めなければならなかった。ユン・ジョンフが文書に手を加えた責任は別に残ったが、テソンの全面無効の主張と弟への決めつけは、核心事実を長く覆い隠していた。財産の精算は、自筆下書きと長年の支援を確認する手続きへ移り、テソンは「もっと受け取るべきだ」と言う前に、自分が何を当然視していたのかを説明しなければならなかった。兄弟の対話は、謝罪よりも事実確認から再び始まった。,判决之后，尹泰成必须承认，自己紧抓的长子位置妨碍了他真正听见母亲的意愿。尹正厚动过文件的责任另行存在，但泰成主张全盘无效、并武断认定弟弟的做法，长期遮住了核心事实。财产清算进入确认亲笔草稿和长期帮助的程序；在说自己该多拿之前，泰成必须先说明自己把什么当成了理所当然。两兄弟的对话不是从道歉，而是从事实确认重新开始。,"Scripted text channel without party a/b as speaker: system, judge, witness, dossier, mediation, aftermath, and milestone copy."
non_party_scripted_text_src_data_scriptedText_family-01_channels_aftermath_.entries_a_primary_fault_.variants_a_primary_fault-v2_.behaviorHint,non_party_scripted_text,src/data/scriptedText,family-01,channels[aftermath].entries[a_primary_fault].variants[a_primary_fault-v2].behaviorHint,윤태성의 과잉 단정과 장남 당연시를 후일담 중심축으로 둔다.,Sets Yoon Tae-seong's over-certainty and eldest-son entitlement as the epilogue's axis.,ユン・テソンの過剰な決めつけと長男としての当然視を後日談の軸に置く。,以后日谈聚焦尹泰成的过度断定和长子理所当然心态。,"Scripted text channel without party a/b as speaker: system, judge, witness, dossier, mediation, aftermath, and milestone copy."
non_party_scripted_text_src_data_scriptedText_family-01_channels_aftermath_.entries_a_primary_fault_.variants_a_primary_fault-v2_.text,non_party_scripted_text,src/data/scriptedText,family-01,channels[aftermath].entries[a_primary_fault].variants[a_primary_fault-v2].text,"윤태성은 동생이 어머니를 이용했다는 말로 재판을 밀고 왔지만, 마지막에는 그 말이 자신의 상처와 체면에서 출발했다는 판정을 받아들여야 했다. 윤정후의 유서 개입은 위법으로 남았으나, 자기 몫을 줄인 방향과 오래 숨긴 도움이 드러나면서 태성의 공격은 힘을 잃었다. 이후 정산 과정에서 태성은 어머니 돈이라고 믿었던 그 돈의 출처를 다시 확인했고, 동생에게 돌려야 할 말과 돈을 따로 적어 내려갔다. 관계 회복은 즉시 오지 않았지만, 분노만으로는 더 갈 수 없다는 선은 분명해졌다.","Yoon Tae-seong had pushed the trial with the claim that his younger brother had used their mother, but in the end he had to accept that this claim had begun in his own hurt and pride. Yoon Jeong-hu's involvement in the will remained unlawful, but once it was revealed that he had reduced his own share and hidden years of support, Tae-seong's attack lost force. In the later settlement, Tae-seong checked again where the money he had believed was Mother's had actually come from, and wrote separately the words and money he owed his brother. Their relationship did not recover at once, but it became clear that anger alone could take them no further.",ユン・テソンは、弟が母を利用したという言葉で裁判を進めてきたが、最後にはその言葉が自分の傷と体面から出ていたという判断を受け入れなければならなかった。ユン・ジョンフの遺言書への関与は違法なものとして残ったものの、自分の取り分を減らした方向と長く隠していた支援が明らかになるにつれ、テソンの攻撃は力を失った。その後の精算過程で、テソンは母の金だと信じていた金の出所を改めて確認し、弟に返すべき言葉と金を別々に書き出していった。関係の回復はすぐには来なかったが、怒りだけではこれ以上進めないという線ははっきりした。,尹泰成一直以“弟弟利用母亲”为说法推进审判，但最后他必须接受，这句话其实源于自己的伤和体面。尹正厚介入遗嘱仍属违法，可当他把自己的份额调低、以及多年隐瞒的帮助被揭开后，泰成的攻击失去了力量。之后的清算过程中，泰成重新核对那笔他以为是母亲的钱究竟来自哪里，并分别写下自己该还给弟弟的话和钱。关系没有立刻修复，但只靠愤怒已经走不下去，这一点变得明确。,"Scripted text channel without party a/b as speaker: system, judge, witness, dossier, mediation, aftermath, and milestone copy."
non_party_scripted_text_src_data_scriptedText_family-01_channels_aftermath_.entries_a_primary_fault_.variants_a_primary_fault-v3_.behaviorHint,non_party_scripted_text,src/data/scriptedText,family-01,channels[aftermath].entries[a_primary_fault].variants[a_primary_fault-v3].behaviorHint,법적 위조보다 윤태성의 해석 왜곡이 더 큰 후일담이다.,Epilogue where Yoon Tae-seong's interpretive distortion weighs more than legal forgery.,法的な偽造よりも、ユン・テソンの解釈の歪みが大きい後日談。,尹泰成的解释歪曲比法律伪造更重的后日谈。,"Scripted text channel without party a/b as speaker: system, judge, witness, dossier, mediation, aftermath, and milestone copy."
non_party_scripted_text_src_data_scriptedText_family-01_channels_aftermath_.entries_a_primary_fault_.variants_a_primary_fault-v3_.text,non_party_scripted_text,src/data/scriptedText,family-01,channels[aftermath].entries[a_primary_fault].variants[a_primary_fault-v3].text,"재판은 윤정후의 조작을 가볍게 보지 않았지만, 윤태성이 어머니의 말년을 자기 공로의 증거처럼 붙들어 온 책임을 더 크게 짚었다. 태성은 유산 비율이 모욕처럼 느껴졌다는 말 뒤에, 자신이 동생의 침묵을 곧바로 탐욕으로 읽은 이유를 인정했다. 남은 절차에서는 유서 효력과 오래된 자금 흐름금 정산이 분리됐고, 태성은 먼저 받은 도움의 실체를 확인하는 자리에 앉게 됐다. 그에게 판결은 패소보다 자기 기억을 다시 쓰는 일에 가까웠다.","The trial did not take Yoon Jeong-hu's manipulation lightly, but it placed greater weight on Yoon Tae-seong's responsibility for treating Mother's final years as proof of his own merit. After saying the inheritance ratio felt like an insult, Tae-seong admitted why he had read his brother's silence as greed so quickly. In the remaining procedure, the validity of the will was separated from settlement of the old account trail, and Tae-seong had to sit down and confirm the substance of the help he had received first. For him, the verdict was less a defeat than a rewriting of his own memory.",裁判はユン・ジョンフの操作を軽く見なかったが、ユン・テソンが母の晩年を自分の功績の証拠のように握りしめてきた責任をより重く指摘した。テソンは、相続比率が侮辱のように感じられたと言ったうえで、弟の沈黙をすぐに貪欲と読んだ理由を認めた。残る手続きでは、遺言書の効力と古い口座の流れの精算が分けられ、テソンは先に受けていた支援の実態を確認する席に着くことになった。彼にとって判決は、敗訴というより、自分の記憶を書き直すことに近かった。,审判并没有轻看尹正厚的操纵，但更重地指出尹泰成把母亲晚年当成自己功劳证明的责任。泰成在说遗产比例像羞辱之后，也承认了自己为什么立刻把弟弟的沉默解读成贪婪。后续程序中，遗嘱效力与旧账户流水的清算被分开处理，泰成要坐下来确认自己先前接受过的帮助究竟是什么。对他来说，判决与其说是败诉，不如说更像是在重写自己的记忆。,"Scripted text channel without party a/b as speaker: system, judge, witness, dossier, mediation, aftermath, and milestone copy."
non_party_scripted_text_src_data_scriptedText_family-01_channels_aftermath_.entries_a_primary_fault_.variants_a_primary_fault-v4_.behaviorHint,non_party_scripted_text,src/data/scriptedText,family-01,channels[aftermath].entries[a_primary_fault].variants[a_primary_fault-v4].behaviorHint,감정 회복보다 안전한 거리와 절차적 조정을 강조한다.,Emphasizes safe distance and procedural adjustment over emotional recovery.,感情の回復より、安全な距離と手続き上の調整を強調する。,比起情感修复，更强调安全距离和程序性调整。,"Scripted text channel without party a/b as speaker: system, judge, witness, dossier, mediation, aftermath, and milestone copy."
non_party_scripted_text_src_data_scriptedText_family-01_channels_aftermath_.entries_a_primary_fault_.variants_a_primary_fault-v4_.text,non_party_scripted_text,src/data/scriptedText,family-01,channels[aftermath].entries[a_primary_fault].variants[a_primary_fault-v4].text,"윤태성에게 가장 어려웠던 일은 동생을 용서하는 것이 아니라, 자신이 어머니 뜻을 이미 결론 내린 채 싸움을 시작했다는 사실을 보는 일이었다. 윤정후는 문서 책임을 피하지 않았고, 태성은 그 책임만으로 모든 문제를 닫을 수 없다는 판정을 받았다. 형제는 당분간 직접 연락을 줄이고, 변호인과 조정인을 통해 재산과 도운 내역을 맞추기로 했다. 차갑지만, 예전처럼 소리만 높이는 자리로 돌아가지는 않겠다는 최소한의 합의였다.","For Yoon Tae-seong, the hardest task was not forgiving his brother, but seeing that he had begun the fight after already deciding what Mother's wishes meant. Yoon Jeong-hu did not avoid responsibility for the document, and Tae-seong was told he could not close every issue with that responsibility alone. For the time being, the brothers agreed to limit direct contact and match the property and support records through counsel and a mediator. It was cold, but it was a minimum agreement not to return to the old place where voices only grew louder.",ユン・テソンにとって最も難しかったのは、弟を許すことではなく、自分が母の意思をすでに結論づけたまま争いを始めていた事実を見ることだった。ユン・ジョンフは文書責任を避けず、テソンもその責任だけで全ての問題を閉じることはできないと判断された。兄弟は当面、直接連絡を減らし、弁護人と調停人を通して財産と支援の内訳を照合することにした。冷たいが、以前のように声だけを荒げる場へ戻らないための最低限の合意だった。,对尹泰成来说，最难的不是原谅弟弟，而是看见自己是在已经替母亲的意愿下好结论之后才开始这场争斗。尹正厚没有回避文件责任，而泰成也被判定不能仅凭那份责任就结束所有问题。两兄弟暂时减少直接联系，通过律师和调解人核对财产与帮助明细。这个约定很冷，但至少是不再回到过去那种只会越吵越大的场面的最低限度协议。,"Scripted text channel without party a/b as speaker: system, judge, witness, dossier, mediation, aftermath, and milestone copy."
non_party_scripted_text_src_data_scriptedText_family-01_channels_aftermath_.entries_a_primary_fault_.variants_a_primary_fault-v5_.behaviorHint,non_party_scripted_text,src/data/scriptedText,family-01,channels[aftermath].entries[a_primary_fault].variants[a_primary_fault-v5].behaviorHint,어머니 뜻을 두 형제가 어떻게 왜곡했는지 윤태성 중심으로 정리한다.,"Organizes how both brothers distorted Mother's wishes, with Yoon Tae-seong at the center.",母の意思を二人の兄弟がどう歪めたのかを、ユン・テソン中心に整理する。,以尹泰成为中心，整理两兄弟如何扭曲母亲意愿。,"Scripted text channel without party a/b as speaker: system, judge, witness, dossier, mediation, aftermath, and milestone copy."
non_party_scripted_text_src_data_scriptedText_family-01_channels_aftermath_.entries_a_primary_fault_.variants_a_primary_fault-v5_.text,non_party_scripted_text,src/data/scriptedText,family-01,channels[aftermath].entries[a_primary_fault].variants[a_primary_fault-v5].text,"윤태성은 판결문을 읽는 동안 동생의 조작보다 자신의 확신이 더 오래 어머니를 가둬 두었을지 모른다는 문장에서 멈췄다. 어머니가 왜 그런 자필 연습본을 남겼는지 묻기 전에, 그는 장남이라는 이름으로 어떤 답을 미리 정해 두었는지 돌아보게 됐다. 윤정후의 책임 절차는 이어졌지만, 태성 역시 무효 주장으로 어머니의 남은 의사를 지운 부분을 바로잡아야 했다. 이 결말에서 형제에게 남은 숙제는 승패가 아니라, 어머니를 각자의 증거로 쓰지 않는 법을 배우는 일이었다.","While reading the verdict, Yoon Tae-seong stopped at the line suggesting that his certainty, more than his brother's manipulation, might have trapped Mother for longer. Before asking why Mother had left such a handwritten draft, he had to look back on what answer he had already chosen under the name of eldest son. The procedure for Yoon Jeong-hu's responsibility continued, but Tae-seong also had to correct the part where his claim of nullity erased Mother's remaining intent. In this ending, what the brothers were left with was not victory or defeat, but learning not to use Mother as evidence for themselves.",判決文を読むなかで、ユン・テソンは、弟の操作よりも自分の確信のほうが母を長く閉じ込めていたのかもしれないという一文で立ち止まった。母がなぜあのような自筆下書きを残したのかを問う前に、彼は長男という名でどんな答えを先に決めていたのかを振り返ることになった。ユン・ジョンフの責任手続きは続いたが、テソンも無効主張によって母の残された意思を消してしまった部分を正さなければならなかった。この結末で兄弟に残された宿題は勝敗ではなく、母をそれぞれの証拠として使わない方法を学ぶことだった。,尹泰成读判决书时，在一句话前停住了：或许比起弟弟的操纵，更长久困住母亲的是他自己的确信。在追问母亲为什么留下那样的亲笔草稿之前，他必须回头看见，自己以长子的名义预先定下了什么答案。尹正厚的责任程序仍会继续，但泰成也必须纠正自己用无效主张抹去母亲残余意愿的部分。这个结局留给两兄弟的课题不是胜败，而是学会不再把母亲当成各自的证据。,"Scripted text channel without party a/b as speaker: system, judge, witness, dossier, mediation, aftermath, and milestone copy."
non_party_scripted_text_src_data_scriptedText_family-01_channels_aftermath_.entries_b_primary_fault_.variants_b_primary_fault-v1_.behaviorHint,non_party_scripted_text,src/data/scriptedText,family-01,channels[aftermath].entries[b_primary_fault].variants[b_primary_fault-v1].behaviorHint,윤정후의 위법 행위가 중심인 결말이다.,Ending centered on Yoon Jeong-hu's unlawful act.,ユン・ジョンフの違法行為を中心に置く結末。,以尹正厚违法行为为中心的结局。,"Scripted text channel without party a/b as speaker: system, judge, witness, dossier, mediation, aftermath, and milestone copy."
non_party_scripted_text_src_data_scriptedText_family-01_channels_aftermath_.entries_b_primary_fault_.variants_b_primary_fault-v1_.text,non_party_scripted_text,src/data/scriptedText,family-01,channels[aftermath].entries[b_primary_fault].variants[b_primary_fault-v1].text,"판결은 윤정후가 유서를 직접 고친 책임을 가장 무겁게 보았다. 자기 몫을 줄인 조작이고 형을 지키려는 동기가 있었다 해도, 어머니가 남긴 자필 연습본을 당사자가 바꿔 제출한 사실은 절차상 그냥 넘길 수 없었다. 윤태성의 분노와 오해에도 이유가 있었고, 정후는 별도 책임 절차와 재산 정산을 받아들이기로 했다. 지키려던 비밀은 남았지만, 그 비밀을 지킨 방식까지 정당화되지는 않았다.","The verdict placed the greatest weight on Yoon Jeong-hu's responsibility for directly altering the will. Even if the manipulation reduced his own share and was motivated by protecting his brother, a party altering and submitting Mother's handwritten draft could not be passed over procedurally. Yoon Tae-seong's anger and misunderstanding had reasons behind them, and Jeong-hu agreed to a separate responsibility procedure and property settlement. The secret he had tried to protect remained, but the way he protected it was not justified as well.",判決は、ユン・ジョンフが遺言書を直接直した責任を最も重く見た。自分の取り分を減らす操作であり、兄を守ろうとする動機があったとしても、母が残した自筆下書きを当事者が変えて提出した事実は、手続き上そのまま見過ごすことはできなかった。ユン・テソンの怒りと誤解にも理由があり、ジョンフは別途の責任手続きと財産精算を受け入れることにした。守ろうとした秘密は残ったが、その秘密を守った方法まで正当化されることはなかった。,判决最重地看待尹正厚亲自修改遗嘱的责任。即使那是减少自己份额的操纵，也有保护哥哥的动机，当事人改动并提交母亲留下的亲笔草稿，在程序上也不能轻易放过。尹泰成的愤怒和误解也有其理由，正厚决定接受另行责任程序和财产清算。他想守住的秘密仍然存在，但守住秘密的方式并没有因此正当化。,"Scripted text channel without party a/b as speaker: system, judge, witness, dossier, mediation, aftermath, and milestone copy."
non_party_scripted_text_src_data_scriptedText_family-01_channels_aftermath_.entries_b_primary_fault_.variants_b_primary_fault-v2_.behaviorHint,non_party_scripted_text,src/data/scriptedText,family-01,channels[aftermath].entries[b_primary_fault].variants[b_primary_fault-v2].behaviorHint,윤정후의 침묵과 문서 개입을 함께 묶어 후일담을 만든다.,Builds the epilogue by tying Yoon Jeong-hu's silence to his document intervention.,ユン・ジョンフの沈黙と文書介入を結びつけて後日談を作る。,将尹正厚的沉默与文件介入并置，形成后日谈。,"Scripted text channel without party a/b as speaker: system, judge, witness, dossier, mediation, aftermath, and milestone copy."
non_party_scripted_text_src_data_scriptedText_family-01_channels_aftermath_.entries_b_primary_fault_.variants_b_primary_fault-v2_.text,non_party_scripted_text,src/data/scriptedText,family-01,channels[aftermath].entries[b_primary_fault].variants[b_primary_fault-v2].text,"윤정후는 법정을 나오며 처음으로 자신의 침묵이 형을 지킨 것이 아니라 형에게 선택권을 빼앗은 일이었다고 받아들였다. 자필 연습본과 오래된 자금 흐름, 출생 비밀의 맥락은 모두 참작됐지만, 문서를 고친 행위와 그 뒤의 은폐는 판결의 중심 책임으로 남았다. 윤태성은 동생을 탐욕으로만 몰아간 부분을 돌아봐야 했지만, 적어도 조작 사실을 문제 삼은 것 자체는 정당하다는 판단을 받았다. 형제 관계는 당분간 회복보다 책임 이행을 먼저 지나가게 됐다.","As he left the courtroom, Yoon Jeong-hu accepted for the first time that his silence had not protected his brother, but had taken choices away from him. The handwritten draft, the old account trail, and the context of the birth secret were all taken into account, but the act of altering the document and the concealment that followed remained the central responsibility in the verdict. Yoon Tae-seong had to reconsider the way he had driven his brother into the frame of greed, but at least his challenge to the manipulation itself was found justified. For now, the brothers' relationship had to pass through fulfillment of responsibility before recovery.",ユン・ジョンフは法廷を出るとき、初めて自分の沈黙が兄を守ったのではなく、兄から選択権を奪ったのだと受け入れた。自筆下書き、古い口座の流れ、出生の秘密という文脈はいずれも考慮されたが、文書を直した行為とその後の隠蔽は判決の中心責任として残った。ユン・テソンは弟を貪欲だけで追い詰めた部分を振り返らなければならなかったが、少なくとも操作の事実を問題にしたこと自体は正当だと判断された。兄弟関係は当面、回復より先に責任の履行を通ることになった。,尹正厚走出法庭时，第一次接受了自己的沉默并不是保护哥哥，而是夺走了哥哥的选择权。亲笔草稿、旧账户流水和出生秘密的背景都被纳入考量，但修改文件的行为及其后的隐瞒，仍是判决中的中心责任。尹泰成必须回头看自己把弟弟一味推向贪婪的部分，但至少，他质疑操纵事实本身被认定为正当。两兄弟的关系暂时要先经过责任履行，才谈得上恢复。,"Scripted text channel without party a/b as speaker: system, judge, witness, dossier, mediation, aftermath, and milestone copy."
non_party_scripted_text_src_data_scriptedText_family-01_channels_aftermath_.entries_b_primary_fault_.variants_b_primary_fault-v3_.behaviorHint,non_party_scripted_text,src/data/scriptedText,family-01,channels[aftermath].entries[b_primary_fault].variants[b_primary_fault-v3].behaviorHint,선의와 위법의 충돌을 윤정후 책임 우세로 정리한다.,Frames the clash between good intent and illegality with Yoon Jeong-hu's responsibility prevailing.,善意と違法の衝突を、ユン・ジョンフの責任優勢として整理する。,将善意与违法的冲突整理为尹正厚责任更重。,"Scripted text channel without party a/b as speaker: system, judge, witness, dossier, mediation, aftermath, and milestone copy."
non_party_scripted_text_src_data_scriptedText_family-01_channels_aftermath_.entries_b_primary_fault_.variants_b_primary_fault-v3_.text,non_party_scripted_text,src/data/scriptedText,family-01,channels[aftermath].entries[b_primary_fault].variants[b_primary_fault-v3].text,"재판관은 윤정후의 동기가 선의에 가까웠다는 점을 인정하면서도, 선의가 유서의 숫자를 바꿀 권한이 되지는 않는다고 정리했다. 정후는 자필 연습본을 보전하고 공증본 작성 경위를 공식 기록으로 남기며, 형에게는 필요한 범위 안에서만 숨은 사실을 설명하기로 했다. 윤태성은 그 설명을 곧바로 받아들이지 못했지만, 최소한 동생이 더 가지려 한 게 아니었다는 점은 더 부인하지 않았다. 판결 뒤의 시간은 사과보다 책임 문서를 쓰는 일에서 시작됐다.","The Judge acknowledged that Yoon Jeong-hu's motive was close to good faith, but made clear that good faith did not give him authority to change the numbers in the will. Jeong-hu agreed to preserve the handwritten draft, leave the circumstances of the notarized copy in the official record, and explain the hidden facts to his brother only within the necessary scope. Yoon Tae-seong could not accept the explanation right away, but at least he no longer denied that his brother had not been trying to take more. The time after the verdict began with responsibility documents, not apologies.",裁判官は、ユン・ジョンフの動機が善意に近かったことを認めつつも、善意が遺言書の数字を変える権限になるわけではないと整理した。ジョンフは自筆下書きを保全し、公証本作成の経緯を公式記録に残し、兄には必要な範囲でだけ隠された事実を説明することにした。ユン・テソンはその説明をすぐには受け入れられなかったが、少なくとも弟がより多く取ろうとしたわけではない点は、もう否定しなかった。判決後の時間は、謝罪より責任文書を書くことから始まった。,法官承认尹正厚的动机接近善意，但也明确整理出：善意并不等于有权改动遗嘱上的数字。正厚决定保全亲笔草稿，把公证本形成经过留入正式记录，并只在必要范围内向哥哥说明隐藏的事实。尹泰成没能立刻接受说明，但至少不再否认弟弟并不是想多拿。判决之后的时间，不是从道歉，而是从写下责任文件开始。,"Scripted text channel without party a/b as speaker: system, judge, witness, dossier, mediation, aftermath, and milestone copy."
non_party_scripted_text_src_data_scriptedText_family-01_channels_aftermath_.entries_b_primary_fault_.variants_b_primary_fault-v4_.behaviorHint,non_party_scripted_text,src/data/scriptedText,family-01,channels[aftermath].entries[b_primary_fault].variants[b_primary_fault-v4].behaviorHint,윤정후의 보호 명분이 실패한 방식에 초점을 둔다.,Focuses on how Yoon Jeong-hu's protective reason failed.,ユン・ジョンフの保護の名分が失敗した形に焦点を当てる。,聚焦尹正厚的保护理由如何失败。,"Scripted text channel without party a/b as speaker: system, judge, witness, dossier, mediation, aftermath, and milestone copy."
non_party_scripted_text_src_data_scriptedText_family-01_channels_aftermath_.entries_b_primary_fault_.variants_b_primary_fault-v4_.text,non_party_scripted_text,src/data/scriptedText,family-01,channels[aftermath].entries[b_primary_fault].variants[b_primary_fault-v4].text,"윤정후에게 남은 가장 큰 벌은 법적 책임만이 아니었다. 형이 무너질까 봐 숨겼다는 말이, 결국 형을 아무것도 모르는 사람으로 만든 선택이었다는 판단이 남았다. 법원은 유서 변경 효력을 엄격히 다시 보게 했고, 정후에게는 지원금과 가족 비밀을 섞지 않은 별도 설명 절차를 권했다. 윤태성은 여전히 상처를 입었지만, 이제 분노의 초점은 동생의 탐욕이 아니라 동생이 혼자 택한 방식으로 옮겨갔다.","Yoon Jeong-hu's greatest punishment was not only legal responsibility. What remained was the finding that his claim of hiding things because his brother might collapse had in fact made his brother someone who knew nothing. The court ordered a strict reexamination of the effect of the changed will, and advised Jeong-hu to explain the support and the family secret through separate procedures. Yoon Tae-seong was still hurt, but the focus of his anger shifted from his brother's greed to the method his brother had chosen alone.",ユン・ジョンフに残った最も大きな罰は、法的責任だけではなかった。兄が崩れるかもしれないから隠したという言葉が、結局は兄を何も知らない人にした選択だったという判断が残った。裁判所は遺言書変更の効力を厳格に見直すようにし、ジョンフには支援金と家族の秘密を混ぜない別途の説明手続きを勧めた。ユン・テソンはなお傷ついていたが、怒りの焦点は弟の貪欲ではなく、弟が一人で選んだ方法へ移っていった。,尹正厚留下的最大惩罚不只是法律责任。判决认定，他所谓“怕哥哥崩溃才隐瞒”，最终成了让哥哥什么都不知道的选择。法院要求严格重新审视遗嘱变更的效力，并建议正厚把支援款和家庭秘密分开，通过另行程序说明。尹泰成依然受伤，但愤怒的焦点从弟弟的贪婪，转向弟弟独自选择的方式。,"Scripted text channel without party a/b as speaker: system, judge, witness, dossier, mediation, aftermath, and milestone copy."
non_party_scripted_text_src_data_scriptedText_family-01_channels_aftermath_.entries_b_primary_fault_.variants_b_primary_fault-v5_.behaviorHint,non_party_scripted_text,src/data/scriptedText,family-01,channels[aftermath].entries[b_primary_fault].variants[b_primary_fault-v5].behaviorHint,책임은 B에 두되 보호 맥락을 지우지 않는다.,Places responsibility on B without erasing the protective context.,責任はBに置きつつ、保護の文脈は消さない。,将责任放在B身上，但不抹去保护语境。,"Scripted text channel without party a/b as speaker: system, judge, witness, dossier, mediation, aftermath, and milestone copy."
non_party_scripted_text_src_data_scriptedText_family-01_channels_aftermath_.entries_b_primary_fault_.variants_b_primary_fault-v5_.text,non_party_scripted_text,src/data/scriptedText,family-01,channels[aftermath].entries[b_primary_fault].variants[b_primary_fault-v5].text,"이 결론에서 윤정후는 가족을 지키려 했다는 말로 더는 문서 위조를 덮을 수 없었다. 어머니의 자필 연습본 의사를 알고도 숫자를 바꿨고, 형이 알아야 할 사정을 자신이 대신 재단했기 때문이다. 다만 판결은 그가 얻으려 한 이익이 아니라 막으려 한 파국을 함께 기록했다. 그래서 정후의 책임은 무거웠지만, 형제에게 남은 길은 단순한 단절이 아니라 제한된 공개와 재정산, 그리고 늦은 설명으로 이어졌다.","In this conclusion, Yoon Jeong-hu could no longer cover document forgery with the words that he had tried to protect the family. He had known Mother's intent in the handwritten draft, changed the numbers, and decided on his brother's behalf what his brother needed to know. Still, the verdict recorded not only the benefit he sought, but also the catastrophe he had tried to prevent. His responsibility was heavy, but the path left for the brothers was not simple severance. It led to limited disclosure, recalculation, and a delayed explanation.",この結論で、ユン・ジョンフは、家族を守ろうとしたという言葉で文書偽造をこれ以上覆うことはできなかった。母の自筆下書きの意思を知りながら数字を変え、兄が知るべき事情を自分が代わりに裁断したからだ。ただし判決は、彼が得ようとした利益ではなく、彼が防ごうとした破局も合わせて記録した。ジョンフの責任は重かったが、兄弟に残された道は単純な断絶ではなく、限定的な公開と再精算、そして遅れた説明へとつながった。,在这个结论里，尹正厚已经不能再用“想保护家人”来遮盖文件伪造。他明知母亲在亲笔草稿里的意思，却改了数字；哥哥应当知道的情况，也由他代为裁断。不过，判决记录的不只是他试图获得的利益，也记录了他试图阻止的破局。所以正厚的责任很重，但留给两兄弟的路并不是单纯断绝，而是有限公开、重新清算，以及迟来的说明。,"Scripted text channel without party a/b as speaker: system, judge, witness, dossier, mediation, aftermath, and milestone copy."
non_party_scripted_text_src_data_scriptedText_family-01_channels_aftermath_.entries_procedural_caution_.variants_procedural_caution-v1_.behaviorHint,non_party_scripted_text,src/data/scriptedText,family-01,channels[aftermath].entries[procedural_caution].variants[procedural_caution-v1].behaviorHint,추가 절차를 요구하는 신중한 결말이다.,Cautious ending that calls for additional procedure.,追加手続きを求める慎重な結末。,要求追加程序的谨慎结局。,"Scripted text channel without party a/b as speaker: system, judge, witness, dossier, mediation, aftermath, and milestone copy."
non_party_scripted_text_src_data_scriptedText_family-01_channels_aftermath_.entries_procedural_caution_.variants_procedural_caution-v1_.text,non_party_scripted_text,src/data/scriptedText,family-01,channels[aftermath].entries[procedural_caution].variants[procedural_caution-v1].text,"재판관은 이 사건을 바로 끝낼 수 없다고 보았다. 유서 변경의 위법성, 어머니의 판단 능력, 자필 연습본의 효력, 장기간 도운 내역이 서로 다른 기준으로 확인되어야 했기 때문이다. 윤정후의 선의는 참작될 수 있어도 문서 절차를 대신할 수 없고, 윤태성의 분노도 판단 능력 문제를 곧바로 전면 무효로 만들 수 없었다. 두 형제는 추가 감정과 조정, 비공개 상담 절차를 순서대로 밟게 됐다.","The Judge found that this case could not be ended immediately. The illegality of the will change, Mother's capacity, the effect of the handwritten draft, and the long-running support history each had to be confirmed under different standards. Yoon Jeong-hu's good faith could be considered, but it could not replace document procedure, and Yoon Tae-seong's anger could not turn the capacity issue straight into total invalidity. The two brothers would proceed in order through additional evaluation, mediation, and private counseling.",裁判官は、この事件をすぐに終わらせることはできないと見た。遺言書変更の違法性、母の判断能力、自筆下書きの効力、長期にわたる支援の内訳は、それぞれ異なる基準で確認されなければならなかったからだ。ユン・ジョンフの善意は参酌できても文書手続きを代替できず、ユン・テソンの怒りも判断能力の問題をただちに全面無効へ変えることはできなかった。二人の兄弟は、追加鑑定、調停、非公開相談の手続きを順に踏むことになった。,法官认为这起案件不能立刻结束。遗嘱变更的违法性、母亲的判断能力、亲笔草稿的效力，以及长期帮助的明细，都必须按不同标准确认。尹正厚的善意可以被酌情考虑，却不能替代文件程序；尹泰成的愤怒也不能把判断能力问题直接变成全盘无效。两兄弟将按顺序走追加鉴定、调解和非公开咨询程序。,"Scripted text channel without party a/b as speaker: system, judge, witness, dossier, mediation, aftermath, and milestone copy."
non_party_scripted_text_src_data_scriptedText_family-01_channels_aftermath_.entries_procedural_caution_.variants_procedural_caution-v2_.behaviorHint,non_party_scripted_text,src/data/scriptedText,family-01,channels[aftermath].entries[procedural_caution].variants[procedural_caution-v2].behaviorHint,증거 보전과 단계별 절차를 강조한다.,Emphasizes evidence preservation and step-by-step procedure.,証拠保全と段階的な手続きを強調する。,强调证据保全和分阶段程序。,"Scripted text channel without party a/b as speaker: system, judge, witness, dossier, mediation, aftermath, and milestone copy."
non_party_scripted_text_src_data_scriptedText_family-01_channels_aftermath_.entries_procedural_caution_.variants_procedural_caution-v2_.text,non_party_scripted_text,src/data/scriptedText,family-01,channels[aftermath].entries[procedural_caution].variants[procedural_caution-v2].text,"판결은 결론보다 절차를 먼저 세웠다. 공증 경위는 다시 확인하고, 자필 연습본과 공증본은 별도로 보전하며, 오래된 자금 흐름금은 상속분과 섞지 않고 정산하도록 했다. 출생 비밀은 상속 다툼의 압박 속에서 즉시 공개하지 말고, 당사자를 지킬 장치를 둔 뒤 다루라는 권고가 붙었다. 잘못된 절차로 한 번 무너진 가족을, 또 다른 성급한 절차로 다시 무너뜨리지 말라는 뜻이었다.","The verdict put procedure before conclusion. The notarization process would be checked again, the handwritten draft and notarized copy would be preserved separately, and the old account trail would be settled without being mixed into inheritance shares. The birth secret was not to be disclosed immediately under the pressure of the inheritance dispute; it was to be handled only after safeguards for the parties were in place. It meant that a family once broken by faulty procedure should not be broken again by another hurried procedure.",判決は結論より手続きを先に立てた。公証の経緯は再確認し、自筆下書きと公証本は別々に保全し、古い資金の流れは相続分と混ぜずに精算するようにした。出生の秘密は相続争いの圧力の中ですぐに公開せず、当事者を守る仕組みを置いたあとで扱うよう勧告が付いた。誤った手続きで一度崩れた家族を、別の性急な手続きで再び崩すなという意味だった。,判决先确立程序，而不是急于下结论。公证经过要重新确认，亲笔草稿和公证本要分别保全，旧资金流水则不得和继承份额混在一起清算。出生秘密不应在继承争议的压力下立即公开，而应在设置保护当事人的机制后再处理。其意思是，一个已经被错误程序击垮过的家庭，不应再被另一个仓促程序再次击垮。,"Scripted text channel without party a/b as speaker: system, judge, witness, dossier, mediation, aftermath, and milestone copy."
non_party_scripted_text_src_data_scriptedText_family-01_channels_aftermath_.entries_procedural_caution_.variants_procedural_caution-v3_.behaviorHint,non_party_scripted_text,src/data/scriptedText,family-01,channels[aftermath].entries[procedural_caution].variants[procedural_caution-v3].behaviorHint,절차 분리를 중심에 둔 후일담이다.,Epilogue centered on separating procedures.,手続きの分離を中心に置く後日談。,以程序分离为中心的后日谈。,"Scripted text channel without party a/b as speaker: system, judge, witness, dossier, mediation, aftermath, and milestone copy."
non_party_scripted_text_src_data_scriptedText_family-01_channels_aftermath_.entries_procedural_caution_.variants_procedural_caution-v3_.text,non_party_scripted_text,src/data/scriptedText,family-01,channels[aftermath].entries[procedural_caution].variants[procedural_caution-v3].text,"윤정후가 문서를 고친 사실은 분명했지만, 그 사실만으로 모든 후속 결정을 한 번에 끝낼 수는 없었다. 재판관은 위조 책임과 재산 정산, 가족 비밀의 공개 문제를 분리했다. 윤태성에게도 동생을 탐욕으로만 단정한 주장과 실제 손해를 구분하라고 했다. 마지막 주문은 처벌보다 순서였다. 무엇을 먼저 확인하고, 무엇을 나중에 공개할지 정하지 않으면 같은 상처가 반복될 수 있다는 경고였다.","It was clear that Yoon Jeong-hu had altered the document, but that fact alone could not end all later decisions at once. The Judge separated forgery responsibility, property settlement, and disclosure of the family secret. Yoon Tae-seong was also told to distinguish his claim that his brother was simply greedy from actual loss. The final order was about sequence more than punishment. It warned that the same wound could repeat unless they decided what to confirm first and what to disclose later.",ユン・ジョンフが文書を直した事実は明らかだったが、その事実だけで全ての後続判断を一度に終えることはできなかった。裁判官は、偽造責任、財産精算、家族の秘密の公開問題を分けた。ユン・テソンにも、弟を貪欲だけで決めつけた主張と実際の損害を区別するよう求めた。最後の命令は、処罰よりも順序だった。何を先に確認し、何を後で公開するかを決めなければ、同じ傷が繰り返されるという警告だった。,尹正厚修改文件的事实很明确，但仅凭这个事实，不能一次结束所有后续判断。法官把伪造责任、财产清算和家庭秘密的公开问题分开。尹泰成也被要求区分“弟弟只是贪婪”的主张与实际损害。最后的命令比起惩罚，更关乎顺序。它警告说，如果不决定先确认什么、之后公开什么，同样的伤口可能会反复出现。,"Scripted text channel without party a/b as speaker: system, judge, witness, dossier, mediation, aftermath, and milestone copy."
non_party_scripted_text_src_data_scriptedText_family-01_channels_aftermath_.entries_procedural_caution_.variants_procedural_caution-v4_.behaviorHint,non_party_scripted_text,src/data/scriptedText,family-01,channels[aftermath].entries[procedural_caution].variants[procedural_caution-v4].behaviorHint,민감 증거 취급과 열람 제한을 강조한다.,Emphasizes handling sensitive evidence and limiting access.,繊細な証拠の取り扱いと閲覧制限を強調する。,强调敏感证据处理和阅览限制。,"Scripted text channel without party a/b as speaker: system, judge, witness, dossier, mediation, aftermath, and milestone copy."
non_party_scripted_text_src_data_scriptedText_family-01_channels_aftermath_.entries_procedural_caution_.variants_procedural_caution-v4_.text,non_party_scripted_text,src/data/scriptedText,family-01,channels[aftermath].entries[procedural_caution].variants[procedural_caution-v4].text,"법원은 어머니 일기장과 계좌 흐름이 감정적으로 강한 자료일수록 더 엄격히 다뤄야 한다고 봤다. 형제 중 누구도 그 자료를 상대를 무너뜨리는 무기로 쓰지 못하게, 열람 범위와 제출 순서가 따로 정해졌다. 유서 변경의 책임은 피할 수 없지만, 출생 비밀과 어머니의 말년 상태는 별도 보호 절차 없이 공개하지 않기로 했다. 이 결말은 시원한 판결보다 안전한 다음 단계를 택한 결말이었다.","The court held that the more emotionally powerful Mother's diary and the account trail were, the more strictly they had to be handled. To prevent either brother from using those materials as weapons to destroy the other, the scope of access and order of submission were set separately. Responsibility for the will change could not be avoided, but the birth secret and Mother's condition in her final years would not be disclosed without separate protective procedures. This ending chose a safe next step over a satisfying verdict.",裁判所は、母の日記帳と口座の流れが感情的に強い資料であるほど、より厳格に扱うべきだと見た。兄弟の誰もその資料を相手を壊す武器として使えないよう、閲覧範囲と提出順序が別に定められた。遺言書変更の責任は避けられないが、出生の秘密と母の晩年の状態は、別途の保護手続きなしには公開しないことにした。この結末は、すっきりした判決よりも安全な次の段階を選んだ結末だった。,法院认为，母亲日记和账户流水越是情感冲击强烈的资料，就越必须严格处理。为了防止两兄弟中任何一方把这些资料当成击垮对方的武器，阅览范围和提交顺序被分别确定。遗嘱变更的责任无法回避，但出生秘密和母亲晚年状态不会在没有另行保护程序的情况下公开。这个结局选择的不是痛快的判决，而是安全的下一步。,"Scripted text channel without party a/b as speaker: system, judge, witness, dossier, mediation, aftermath, and milestone copy."
non_party_scripted_text_src_data_scriptedText_family-01_channels_aftermath_.entries_procedural_caution_.variants_procedural_caution-v5_.behaviorHint,non_party_scripted_text,src/data/scriptedText,family-01,channels[aftermath].entries[procedural_caution].variants[procedural_caution-v5].behaviorHint,후속 과제를 목록처럼 정리하는 절차 주의 결말이다.,Procedure-focused ending that lists the follow-up tasks.,後続課題をリストのように整理する手続き重視の結末。,像清单一样整理后续任务的程序导向结局。,"Scripted text channel without party a/b as speaker: system, judge, witness, dossier, mediation, aftermath, and milestone copy."
non_party_scripted_text_src_data_scriptedText_family-01_channels_aftermath_.entries_procedural_caution_.variants_procedural_caution-v5_.text,non_party_scripted_text,src/data/scriptedText,family-01,channels[aftermath].entries[procedural_caution].variants[procedural_caution-v5].text,"재판 뒤 형제에게 주어진 것은 완성된 화해가 아니라 숙제 목록이었다. 유서 효력 확인, 위조 책임 절차, 지원금 정산, 가족 상담, 비공개 열람 약속이 차례로 남았다. 윤태성은 더 받느냐보다 왜 그렇게 확신하고 주장했는지를 설명해야 했고, 윤정후는 왜 그 절차를 혼자 바꿨는지 책임 있게 말해야 했다. 판결은 두 사람에게 한 번에 끝내려 하지 말고, 순서를 지켜 다시 다루라고 경고했다.","After the trial, the brothers were given not a completed reconciliation but a list of tasks. Confirmation of the will's effect, the forgery responsibility procedure, settlement of support payments, family counseling, and a promise of private access all remained in order. Yoon Tae-seong had to explain why he had been so certain and insistent before asking whether he would receive more, and Yoon Jeong-hu had to speak responsibly about why he had changed the procedure alone. The verdict warned them not to try to end everything at once, but to return to it in order.",裁判後、兄弟に与えられたのは完成した和解ではなく、宿題の一覧だった。遺言書効力の確認、偽造責任の手続き、支援金の精算、家族相談、非公開閲覧の約束が順に残った。ユン・テソンは、より多く受け取るかどうかの前に、なぜそこまで確信し主張したのかを説明しなければならず、ユン・ジョンフは、なぜその手続きを一人で変えたのか責任を持って語らなければならなかった。判決は二人に、一度に終わらせようとせず、順序を守って再び扱うよう警告した。,审判之后，兄弟得到的不是完成的和解，而是一张课题清单。遗嘱效力确认、伪造责任程序、支援款清算、家庭咨询、非公开阅览承诺，都按顺序留下。尹泰成在谈是否多拿之前，必须说明自己为何如此确信并主张；尹正厚则必须负责说明为何独自改变程序。判决警告两人，不要试图一次结束所有事，而要遵守顺序重新处理。,"Scripted text channel without party a/b as speaker: system, judge, witness, dossier, mediation, aftermath, and milestone copy."
non_party_scripted_text_src_data_scriptedText_family-01_channels_aftermath_.entries_protective_resolution_.variants_protective_resolution-v1_.behaviorHint,non_party_scripted_text,src/data/scriptedText,family-01,channels[aftermath].entries[protective_resolution].variants[protective_resolution-v1].behaviorHint,민감 가족사를 보호하며 절차를 단순화하는 결말이다.,Ending that protects sensitive family history while simplifying procedure.,繊細な家族史を守りつつ手続きを簡素化する結末。,保护敏感家族史并简化程序的结局。,"Scripted text channel without party a/b as speaker: system, judge, witness, dossier, mediation, aftermath, and milestone copy."
non_party_scripted_text_src_data_scriptedText_family-01_channels_aftermath_.entries_protective_resolution_.variants_protective_resolution-v1_.text,non_party_scripted_text,src/data/scriptedText,family-01,channels[aftermath].entries[protective_resolution].variants[protective_resolution-v1].text,"재판은 모든 사실을 공개 기록으로 밀어 넣지 않는 방식으로 마무리됐다. 유서 조작과 자필 연습본 비율은 필요한 범위에서 기록됐지만, 출생 비밀과 어머니 일기의 세부 내용은 별도 비공개 절차에 묶였다. 윤태성과 윤정후는 재산 정산보다 먼저, 어떤 진실을 누구에게까지 말할지 정하는 조정에 들어갔다. 지키는 일은 더 이상 문서를 고치는 방식이 아니라, 절차와 공개 범위를 정하는 방식으로 바뀌었다.","The trial ended without pushing every fact into the public record. The will manipulation and the ratio in the handwritten draft were recorded within the necessary scope, but the birth secret and details of Mother's diary were placed in a separate private procedure. Before settling property, Yoon Tae-seong and Yoon Jeong-hu entered mediation to decide which truths would be told, and to whom. Protection no longer meant changing a document; it meant setting procedure and the scope of disclosure.",裁判は、すべての事実を公開記録に押し込まない形で終わった。遺言書操作と自筆下書きの比率は必要な範囲で記録されたが、出生の秘密と母の日記の詳細は別途の非公開手続きに置かれた。ユン・テソンとユン・ジョンフは、財産精算より先に、どの真実を誰にどこまで伝えるかを決める調停に入った。守るということは、もはや文書を直すことではなく、手続きと公開範囲を定めることへ変わった。,审判以不把所有事实推入公开记录的方式结束。遗嘱操纵和亲笔草稿中的比例在必要范围内被记录，但出生秘密和母亲日记的细节被纳入另行非公开程序。尹泰成和尹正厚在财产清算之前，先进入调解，决定哪些真相要告诉谁、告诉到什么程度。所谓保护，不再是改动文件，而是确定程序和公开范围。,"Scripted text channel without party a/b as speaker: system, judge, witness, dossier, mediation, aftermath, and milestone copy."
non_party_scripted_text_src_data_scriptedText_family-01_channels_aftermath_.entries_protective_resolution_.variants_protective_resolution-v2_.behaviorHint,non_party_scripted_text,src/data/scriptedText,family-01,channels[aftermath].entries[protective_resolution].variants[protective_resolution-v2].behaviorHint,비공개 공개 범위와 조정 절차를 강조한다.,Emphasizes limited disclosure and mediation procedure.,非公開の開示範囲と調停手続きを強調する。,强调非公开披露范围与调解程序。,"Scripted text channel without party a/b as speaker: system, judge, witness, dossier, mediation, aftermath, and milestone copy."
non_party_scripted_text_src_data_scriptedText_family-01_channels_aftermath_.entries_protective_resolution_.variants_protective_resolution-v2_.text,non_party_scripted_text,src/data/scriptedText,family-01,channels[aftermath].entries[protective_resolution].variants[protective_resolution-v2].text,"결론은 단죄와 폭로 사이에서 멈췄다. 윤정후의 유서 개입은 인정됐고, 윤태성의 오해도 정리됐지만, 형의 정체성을 흔들 수 있는 내용은 법정 밖에서 조심스럽게 다루기로 했다. 두 사람은 자필 연습본과 계좌 흐름을 기준으로 재산 합의를 진행하고, 일기장 내용은 상담자와 대리인에게만 제한적으로 공개했다. 어머니가 숨기려 한 모든 것을 다시 숨기는 결말은 아니었지만, 한꺼번에 터뜨리는 결말도 아니었다.","The conclusion stopped between condemnation and exposure. Yoon Jeong-hu's involvement in the will was acknowledged, and Yoon Tae-seong's misunderstanding was sorted out, but content that could shake the older brother's identity would be handled carefully outside the courtroom. The two proceeded with a property agreement based on the handwritten draft and account trail, while the diary contents were disclosed only in limited form to counselors and representatives. It was not an ending that hid again everything Mother had tried to hide, but it was not an ending that burst it all open at once either.",結論は、断罪と暴露の間で止まった。ユン・ジョンフの遺言書への関与は認められ、ユン・テソンの誤解も整理されたが、兄のアイデンティティを揺るがしかねない内容は法廷の外で慎重に扱うことにした。二人は自筆下書きと口座の流れを基準に財産合意を進め、日記帳の内容は相談者と代理人にだけ限定的に公開した。母が隠そうとしたすべてを再び隠す結末ではなかったが、一度に爆発させる結末でもなかった。,结论停在定罪与揭露之间。尹正厚介入遗嘱的事实被承认，尹泰成的误解也被整理，但可能动摇哥哥身份认同的内容决定在法庭之外谨慎处理。两人依据亲笔草稿和账户流水推进财产协议，日记内容只有限地向咨询人员和代理人公开。这不是把母亲想隐藏的一切重新隐藏的结局，也不是一次性全部爆开的结局。,"Scripted text channel without party a/b as speaker: system, judge, witness, dossier, mediation, aftermath, and milestone copy."
non_party_scripted_text_src_data_scriptedText_family-01_channels_aftermath_.entries_protective_resolution_.variants_protective_resolution-v3_.behaviorHint,non_party_scripted_text,src/data/scriptedText,family-01,channels[aftermath].entries[protective_resolution].variants[protective_resolution-v3].behaviorHint,상담·합의서 기반 보호 해결 후일담이다.,Protective epilogue based on counseling and a written agreement.,相談と合意書を基盤にした保護的解決の後日談。,基于咨询和协议书的保护性解决后日谈。,"Scripted text channel without party a/b as speaker: system, judge, witness, dossier, mediation, aftermath, and milestone copy."
non_party_scripted_text_src_data_scriptedText_family-01_channels_aftermath_.entries_protective_resolution_.variants_protective_resolution-v3_.text,non_party_scripted_text,src/data/scriptedText,family-01,channels[aftermath].entries[protective_resolution].variants[protective_resolution-v3].text,"윤태성은 모든 진실을 즉시 듣겠다는 요구를 잠시 멈췄고, 윤정후는 지키겠다는 이유로 혼자 판단하던 태도를 내려놓았다. 판결 후 두 형제는 재산 합의서와 비밀 취급 합의서를 따로 작성했다. 유서의 효력은 법적 기준으로 다시 보되, 출생 비밀은 당사자 동의와 상담 절차를 거쳐 단계적으로 다루기로 했다. 그 조심스러운 속도 덕분에 사건은 더 큰 가족 폭로로 번지지 않았다.","Yoon Tae-seong paused his demand to hear every truth immediately, and Yoon Jeong-hu set down the attitude of deciding alone in the name of protection. After the verdict, the brothers drafted a property agreement and a confidentiality agreement separately. The effect of the will would be reexamined by legal standards, while the birth secret would be handled step by step with party consent and counseling procedures. Because of that cautious pace, the case did not spread into a larger family exposure.",ユン・テソンはすべての真実をすぐに聞くという要求をいったん止め、ユン・ジョンフは守るという理由で一人で判断してきた態度を下ろした。判決後、兄弟は財産合意書と秘密取扱合意書を別々に作成した。遺言書の効力は法的基準で改めて見る一方、出生の秘密は当事者の同意と相談手続きを経て段階的に扱うことにした。その慎重な速度のおかげで、事件はさらに大きな家族の暴露へ広がらなかった。,尹泰成暂时停下了立即听到所有真相的要求，尹正厚也放下了以保护为理由独自判断的态度。判决后，两兄弟分别起草财产协议和保密处理协议。遗嘱效力按法律标准重新审视，出生秘密则经当事人同意与咨询程序分阶段处理。正因如此谨慎的速度，案件没有扩散成更大的家庭揭露。,"Scripted text channel without party a/b as speaker: system, judge, witness, dossier, mediation, aftermath, and milestone copy."
non_party_scripted_text_src_data_scriptedText_family-01_channels_aftermath_.entries_protective_resolution_.variants_protective_resolution-v4_.behaviorHint,non_party_scripted_text,src/data/scriptedText,family-01,channels[aftermath].entries[protective_resolution].variants[protective_resolution-v4].behaviorHint,법적 판단과 사생활 보호를 동시에 둔다.,Places legal judgment and privacy protection side by side.,法的判断と私生活の保護を同時に置く。,同时保留法律判断与隐私保护。,"Scripted text channel without party a/b as speaker: system, judge, witness, dossier, mediation, aftermath, and milestone copy."
non_party_scripted_text_src_data_scriptedText_family-01_channels_aftermath_.entries_protective_resolution_.variants_protective_resolution-v4_.text,non_party_scripted_text,src/data/scriptedText,family-01,channels[aftermath].entries[protective_resolution].variants[protective_resolution-v4].text,"법정의 마지막 권고는 간단했다. 유서의 잘못은 바로잡되, 가족의 가장 민감한 사정까지 공개 처벌처럼 다루지는 말라는 것이었다. 윤정후는 문서 책임을 지고, 윤태성은 동생의 지원과 어머니의 자필 연습본 뜻을 인정하는 선에서 절차를 정리했다. 출생 비밀은 공적 기록에서 최소한으로만 남았고, 두 형제는 그 내용을 가족 밖으로 옮기지 않겠다는 약속을 했다. 완전한 화해는 아니었지만, 더 큰 파괴를 막는 결말이었다.","The court's final recommendation was simple: correct the wrong in the will, but do not treat the family's most sensitive circumstances like a public punishment. Yoon Jeong-hu took responsibility for the document, and Yoon Tae-seong arranged the procedure on the line of acknowledging his brother's support and Mother's intent in the handwritten draft. The birth secret remained only minimally in the public record, and the brothers promised not to carry its details outside the family. It was not complete reconciliation, but it was an ending that prevented greater destruction.",法廷の最後の勧告は単純だった。遺言書の誤りは正すが、家族の最も敏感な事情まで公開の処罰のように扱うなというものだった。ユン・ジョンフは文書責任を負い、ユン・テソンは弟の支援と母の自筆下書きの意思を認める線で手続きを整理した。出生の秘密は公的記録には最小限にだけ残り、兄弟はその内容を家族の外へ移さないと約束した。完全な和解ではなかったが、より大きな破壊を防ぐ結末だった。,法庭最后的建议很简单：纠正遗嘱中的错误，但不要把家庭中最敏感的事情当成公开惩罚来处理。尹正厚承担文件责任，尹泰成则在承认弟弟的支援和母亲亲笔草稿意愿的范围内整理程序。出生秘密只在公开记录中最低限度保留，两兄弟承诺不把内容带到家庭之外。这不是完全和解，却是防止更大破坏的结局。,"Scripted text channel without party a/b as speaker: system, judge, witness, dossier, mediation, aftermath, and milestone copy."
non_party_scripted_text_src_data_scriptedText_family-01_channels_aftermath_.entries_protective_resolution_.variants_protective_resolution-v5_.behaviorHint,non_party_scripted_text,src/data/scriptedText,family-01,channels[aftermath].entries[protective_resolution].variants[protective_resolution-v5].behaviorHint,절차적 보호와 당사자 자율을 함께 세운다.,Establishes procedural protection together with party autonomy.,手続き上の保護と当事者の自律をともに立てる。,同时确立程序保护与当事人自主。,"Scripted text channel without party a/b as speaker: system, judge, witness, dossier, mediation, aftermath, and milestone copy."
non_party_scripted_text_src_data_scriptedText_family-01_channels_aftermath_.entries_protective_resolution_.variants_protective_resolution-v5_.text,non_party_scripted_text,src/data/scriptedText,family-01,channels[aftermath].entries[protective_resolution].variants[protective_resolution-v5].text,"판결 뒤 두 사람은 변호인 없이 마주 앉지 않기로 했다. 대신 조정인은 자필 연습본, 공증본, 계좌 흐름, 일기장 내용을 네 갈래로 나눠 공개 범위를 정리했다. 윤태성에게 필요한 진실은 숨기지 않되, 감당할 준비 없이 모든 세부를 던지지 않는 방식이었다. 윤정후에게도 그 절차는 편한 방패가 아니라, 더는 혼자 결정하지 않겠다는 약속으로 남았다.","After the verdict, the two agreed not to sit face to face without counsel. Instead, the mediator divided the handwritten draft, the notarized copy, the account trail, and the diary contents into four tracks and organized the scope of disclosure. The truth Yoon Tae-seong needed would not be hidden, but all details would not be thrown at him before he was ready to bear them. For Yoon Jeong-hu, the procedure was not a convenient shield; it remained as a promise that he would no longer decide alone.",判決後、二人は弁護人なしで向かい合わないことにした。代わりに調停人は、自筆下書き、公証本、口座の流れ、日記帳の内容を四つに分け、公開範囲を整理した。ユン・テソンに必要な真実は隠さないが、受け止める準備のないまますべての詳細を投げつけない方法だった。ユン・ジョンフにとっても、その手続きは都合のよい盾ではなく、もう一人で決めないという約束として残った。,判决后，两人决定不在没有律师的情况下直接面对面坐下。调解人则把亲笔草稿、公证本、账户流水和日记内容分成四个方向，整理公开范围。尹泰成需要知道的真相不会被隐藏，但也不会在他尚未准备承受时把所有细节一次丢给他。对尹正厚来说，这个程序不是方便的盾牌，而是一个不再独自决定的承诺。,"Scripted text channel without party a/b as speaker: system, judge, witness, dossier, mediation, aftermath, and milestone copy."
non_party_scripted_text_src_data_scriptedText_family-01_channels_aftermath_.entries_shared_fault_.variants_shared_fault-v1_.behaviorHint,non_party_scripted_text,src/data/scriptedText,family-01,channels[aftermath].entries[shared_fault].variants[shared_fault-v1].behaviorHint,가장 자연스러운 공동 책임 결말이다.,Most natural joint-responsibility ending.,最も自然な共同責任の結末。,最自然的共同责任结局。,"Scripted text channel without party a/b as speaker: system, judge, witness, dossier, mediation, aftermath, and milestone copy."
non_party_scripted_text_src_data_scriptedText_family-01_channels_aftermath_.entries_shared_fault_.variants_shared_fault-v1_.text,non_party_scripted_text,src/data/scriptedText,family-01,channels[aftermath].entries[shared_fault].variants[shared_fault-v1].text,"판결이 끝난 뒤 두 형제는 바로 화해하지 못했다. 윤정후는 유서를 손댄 책임을, 윤태성은 장남이라는 이름으로 어머니 뜻을 자기 기준에 맞춰 읽은 책임을 각각 인정해야 했다. 자필 연습본, 오래된 자금 흐름, 출생 비밀은 한 문장으로 정리되지 않았고, 그래서 재산 정산도 관계 회복도 따로 시간을 두기로 했다. 두 사람은 처음으로 같은 사실 위에서 다투기 시작했다는 점만 달라져 있었다.","After the verdict, the brothers could not reconcile immediately. Yoon Jeong-hu had to acknowledge his responsibility for touching the will, and Yoon Tae-seong had to acknowledge his responsibility for reading Mother's wishes through his own standard under the name of eldest son. The handwritten draft, the old account trail, and the birth secret could not be reduced to one sentence, so property settlement and recovery of the relationship were each given time. The only thing that had changed was that, for the first time, the two began fighting on the same facts.",判決後、兄弟はすぐには和解できなかった。ユン・ジョンフは遺言書に手を加えた責任を、ユン・テソンは長男という名で母の意思を自分の基準に合わせて読んだ責任を、それぞれ認めなければならなかった。自筆下書き、古い口座の流れ、出生の秘密は一文で整理できず、そのため財産精算も関係回復も別々に時間を置くことになった。変わったのは、二人が初めて同じ事実の上で争い始めたという点だけだった。,判决结束后，两兄弟没有立刻和解。尹正厚要承认自己动过遗嘱的责任，尹泰成要承认自己以长子之名按自己的标准解读母亲意愿的责任。亲笔草稿、旧账户流水和出生秘密无法用一句话整理，因此财产清算和关系修复都各自需要时间。唯一改变的是，两人第一次开始站在同一组事实之上争执。,"Scripted text channel without party a/b as speaker: system, judge, witness, dossier, mediation, aftermath, and milestone copy."
non_party_scripted_text_src_data_scriptedText_family-01_channels_aftermath_.entries_shared_fault_.variants_shared_fault-v2_.behaviorHint,non_party_scripted_text,src/data/scriptedText,family-01,channels[aftermath].entries[shared_fault].variants[shared_fault-v2].behaviorHint,어머니의 숨겨진 마음을 후일담으로 확장한다.,Expands the epilogue around Mother's hidden feelings.,母の隠された思いを後日談として広げる。,以后日谈展开母亲隐藏的心意。,"Scripted text channel without party a/b as speaker: system, judge, witness, dossier, mediation, aftermath, and milestone copy."
non_party_scripted_text_src_data_scriptedText_family-01_channels_aftermath_.entries_shared_fault_.variants_shared_fault-v2_.text,non_party_scripted_text,src/data/scriptedText,family-01,channels[aftermath].entries[shared_fault].variants[shared_fault-v2].text,"재판은 누구 하나만 나쁜 사람으로 세우지 않았다. 윤정후는 지키겠다는 이유로 어머니 뜻을 고쳐 썼고, 윤태성은 돌본 시간을 근거로 어머니 뜻을 이미 자기 편으로 해석했다. 두 사람은 서로 다른 방식으로 어머니를 있는 그대로 두지 못했다는 결론을 받아들였다. 이후 형제는 자필 연습본과 도운 내역을 기준으로 정산을 다시 하되, 출생 비밀의 공개 범위는 별도 절차에서 조심스럽게 정하기로 했다.","The trial did not set up only one person as the villain. Yoon Jeong-hu rewrote Mother's wishes in the name of protection, and Yoon Tae-seong had already interpreted Mother's wishes in his own favor based on the time he had cared for her. The two accepted that neither had left Mother as she was, though they had done so in different ways. Afterward, the brothers would redo the settlement based on the handwritten draft and the support records, while the scope of disclosure for the birth secret would be decided carefully in a separate procedure.",裁判は、誰か一人だけを悪人として立てなかった。ユン・ジョンフは守るという理由で母の意思を書き直し、ユン・テソンは介護した時間を根拠に母の意思をすでに自分の側へ解釈していた。二人は、互いに違う方法で母をそのままにはしておけなかったという結論を受け入れた。その後、兄弟は自筆下書きと支援の内訳を基準に精算をやり直し、出生の秘密の公開範囲は別途の手続きで慎重に決めることにした。,审判没有把某一个人单独立成坏人。尹正厚以保护为理由改写了母亲的意愿，尹泰成则依据自己照护的时间，早已把母亲的意愿解读到自己一边。两人接受了一个结论：他们以不同方式都没能让母亲保持原样。之后，兄弟将依据亲笔草稿和帮助明细重新清算，而出生秘密的公开范围则在另行程序中谨慎决定。,"Scripted text channel without party a/b as speaker: system, judge, witness, dossier, mediation, aftermath, and milestone copy."
non_party_scripted_text_src_data_scriptedText_family-01_channels_aftermath_.entries_shared_fault_.variants_shared_fault-v3_.behaviorHint,non_party_scripted_text,src/data/scriptedText,family-01,channels[aftermath].entries[shared_fault].variants[shared_fault-v3].behaviorHint,돈의 실체와 위조 책임을 함께 정리한다.,Organizes both the true nature of the money and responsibility for forgery.,お金の実態と偽造責任をあわせて整理する。,同时整理金钱实质与伪造责任。,"Scripted text channel without party a/b as speaker: system, judge, witness, dossier, mediation, aftermath, and milestone copy."
non_party_scripted_text_src_data_scriptedText_family-01_channels_aftermath_.entries_shared_fault_.variants_shared_fault-v3_.text,non_party_scripted_text,src/data/scriptedText,family-01,channels[aftermath].entries[shared_fault].variants[shared_fault-v3].text,"윤태성은 동생이 더 가지려 했다는 의심을 내려놓아야 했고, 윤정후는 덜 가지려 했다는 이유만으로 문서를 고친 책임이 사라지지 않는다는 말을 받아들여야 했다. 판결 뒤 두 사람은 오래된 계좌 흐름을 처음부터 다시 보며, 어머니 돈이라고 믿은 것과 동생 돈이었던 것을 나눠 적었다. 그 작업은 화해라기보다 상처의 목록을 정확히 쓰는 일에 가까웠다. 그래도 예전처럼 모르는 사실 위에서 서로를 몰아붙이는 일은 줄어들었다.","Yoon Tae-seong had to set down the suspicion that his brother had tried to take more, and Yoon Jeong-hu had to accept that reducing his own share did not erase his responsibility for altering the document. After the verdict, the two reviewed the old account trail from the beginning and wrote down separately what had been believed to be Mother's money and what had in fact been the younger brother's. The work was closer to writing an accurate list of wounds than to reconciliation. Still, they were less likely than before to attack each other over facts they did not know.",ユン・テソンは、弟がより多く取ろうとしたという疑いを下ろさなければならず、ユン・ジョンフは、少なく取ろうとしたという理由だけで文書を直した責任が消えるわけではないという言葉を受け入れなければならなかった。判決後、二人は古い口座の流れを最初から見直し、母の金だと信じていたものと弟の金だったものを分けて書き出した。その作業は和解というより、傷の一覧を正確に書くことに近かった。それでも、以前のように知らない事実の上で互いを追い詰めることは減った。,尹泰成必须放下弟弟想多拿的怀疑，尹正厚也必须接受：即使是想少拿，也不能抹去修改文件的责任。判决后，两人从头重新查看旧账户流水，把以为是母亲的钱和其实是弟弟的钱分开写下。那项工作与其说是和解，不如说更像准确写出伤口清单。即便如此，像过去那样在不知道的事实之上互相逼迫的情况减少了。,"Scripted text channel without party a/b as speaker: system, judge, witness, dossier, mediation, aftermath, and milestone copy."
non_party_scripted_text_src_data_scriptedText_family-01_channels_aftermath_.entries_shared_fault_.variants_shared_fault-v4_.behaviorHint,non_party_scripted_text,src/data/scriptedText,family-01,channels[aftermath].entries[shared_fault].variants[shared_fault-v4].behaviorHint,형제 관계의 거리 조정을 포함한 공동 책임 결말이다.,Joint-responsibility ending that includes adjusting distance between the brothers.,兄弟関係の距離調整を含む共同責任の結末。,包含调整兄弟关系距离的共同责任结局。,"Scripted text channel without party a/b as speaker: system, judge, witness, dossier, mediation, aftermath, and milestone copy."
non_party_scripted_text_src_data_scriptedText_family-01_channels_aftermath_.entries_shared_fault_.variants_shared_fault-v4_.text,non_party_scripted_text,src/data/scriptedText,family-01,channels[aftermath].entries[shared_fault].variants[shared_fault-v4].text,"결국 판결은 유서의 숫자보다 그 숫자를 둘러싼 침묵을 더 오래 남겼다. 태성은 어머니 곁에 있었다는 사실만으로 모든 뜻을 안다고 여긴 자신을 보게 됐고, 정후는 형을 보호한다며 형이 알아야 할 사실까지 막아 세운 자신을 보게 됐다. 두 형제는 합의 이혼처럼 끊어지는 관계가 아니라, 아주 제한된 가족으로 남는 길을 택했다. 제사와 재산 문제는 함께 처리하되, 서로의 삶에는 당분간 깊이 들어가지 않기로 했다.","In the end, the verdict left behind the silence around the numbers longer than the numbers in the will themselves. Tae-seong saw himself assuming that staying beside Mother meant he knew all her wishes, while Jeong-hu saw himself blocking even the facts his brother needed to know in the name of protecting him. The brothers chose not a relationship cut off like an agreed divorce, but a path of remaining a very limited family. They would handle ancestral rites and property matters together, but for the time being would not enter deeply into each other's lives.",結局、判決が長く残したのは、遺言書の数字そのものより、その数字を取り巻く沈黙だった。テソンは、母のそばにいたという事実だけで全ての意思を知っていると思っていた自分を見つめ、ジョンフは、兄を守ると言いながら兄が知るべき事実まで遮っていた自分を見つめた。兄弟は、協議離婚のように切れる関係ではなく、ごく限定された家族として残る道を選んだ。祭祀と財産問題は共に扱うが、互いの生活には当面深く入り込まないことにした。,最终，判决留下的不是遗嘱上的数字本身，而是围绕那些数字的沉默。泰成看见自己曾以为只要待在母亲身边就懂得她所有意愿；正厚也看见自己打着保护哥哥的名义，连哥哥应该知道的事实都挡了下来。两兄弟选择的不是像协议离婚那样断开的关系，而是作为极其有限的家人留下。祭祀和财产问题共同处理，但暂时不深入彼此的生活。,"Scripted text channel without party a/b as speaker: system, judge, witness, dossier, mediation, aftermath, and milestone copy."
non_party_scripted_text_src_data_scriptedText_family-01_channels_aftermath_.entries_shared_fault_.variants_shared_fault-v5_.behaviorHint,non_party_scripted_text,src/data/scriptedText,family-01,channels[aftermath].entries[shared_fault].variants[shared_fault-v5].behaviorHint,정서적 후일담과 절차 후속을 함께 담는다.,Includes both emotional epilogue and procedural follow-up.,情緒的な後日談と手続き上の後続対応をともに含む。,同时包含情感后日谈和程序后续。,"Scripted text channel without party a/b as speaker: system, judge, witness, dossier, mediation, aftermath, and milestone copy."
non_party_scripted_text_src_data_scriptedText_family-01_channels_aftermath_.entries_shared_fault_.variants_shared_fault-v5_.text,non_party_scripted_text,src/data/scriptedText,family-01,channels[aftermath].entries[shared_fault].variants[shared_fault-v5].text,"재판 뒤 윤태성과 윤정후는 어머니를 두 번 잃은 사람들처럼 보였다. 한 번은 장례식에서, 또 한 번은 각자가 믿어 온 어머니의 뜻이 무너진 자리에서였다. 정후의 위조와 침묵, 태성의 단정과 상속 당연시는 모두 기록에 남았고, 어느 한쪽도 깨끗한 피해자로만 남지 못했다. 남은 절차는 재산을 나누는 일이면서 동시에, 어머니의 뜻을 더는 서로의 무기로 쓰지 않겠다는 약속을 세우는 일이었다.","After the trial, Yoon Tae-seong and Yoon Jeong-hu looked like people who had lost their mother twice: once at the funeral, and again at the place where the Mother's wishes each had believed in collapsed. Jeong-hu's forgery and silence, Tae-seong's certainty and assumption about inheritance, all remained in the record, and neither side remained only a clean victim. The remaining procedure was the division of property, and at the same time the making of a promise not to use Mother's wishes as weapons against each other any longer.",裁判後、ユン・テソンとユン・ジョンフは、母を二度失った人たちのように見えた。一度は葬儀で、もう一度は、それぞれが信じてきた母の意思が崩れた場でだった。ジョンフの偽造と沈黙、テソンの決めつけと相続を当然視した心はすべて記録に残り、どちらか一方だけがきれいな被害者として残ることはできなかった。残る手続きは財産を分ける作業であると同時に、母の意思をこれ以上互いの武器にしないという約束を立てる作業でもあった。,审判之后，尹泰成和尹正厚看起来像失去母亲两次的人。一次是在葬礼上，另一次是在各自相信的母亲意愿崩塌的地方。正厚的伪造与沉默、泰成的武断和对继承的理所当然，都留在记录里，任何一方都不能只作为干净的受害者留下。剩下的程序既是分配财产，也是立下一个承诺：不再把母亲的意愿当成彼此的武器。,"Scripted text channel without party a/b as speaker: system, judge, witness, dossier, mediation, aftermath, and milestone copy."
non_party_scripted_text_src_data_scriptedText_family-01_channels_dossier_.entries_dc-1.b.q1_early_.variants_dc-1-b-q1-early-v1_.behaviorHint,non_party_scripted_text,src/data/scriptedText,family-01,channels[dossier].entries[dc-1.b.q1|early].variants[dc-1-b-q1-early-v1].behaviorHint,대답 전 한 박자 멈추고 서류 끝을 본다.,Pauses one beat before answering and looks at the edge of the document.,答える前に一拍置き、書類の端を見る。,回答前停顿一拍，看向文件边缘。,"Scripted text channel without party a/b as speaker: system, judge, witness, dossier, mediation, aftermath, and milestone copy."
non_party_scripted_text_src_data_scriptedText_family-01_channels_dossier_.entries_dc-1.b.q1_early_.variants_dc-1-b-q1-early-v1_.text,non_party_scripted_text,src/data/scriptedText,family-01,channels[dossier].entries[dc-1.b.q1|early].variants[dc-1-b-q1-early-v1].text,방문이 늘어난 건 맞습니다. 다만 형을 밀어내려던 게 아니라 어머니가 오래 버티기 어려워 서둘렀습니다.,It is true my visits increased. But I was not trying to push my brother out; I hurried because Mother could not hold out much longer.,訪問が増えたのは事実です。ただ、兄を押しのけようとしたのではなく、母が長く持ちこたえるのは難しいと思って急いだのです。,探望次数增加是真的。但我不是想把哥哥排除在外，而是觉得母亲撑不了太久，所以才着急。,"Scripted text channel without party a/b as speaker: system, judge, witness, dossier, mediation, aftermath, and milestone copy."
non_party_scripted_text_src_data_scriptedText_family-01_channels_dossier_.entries_dc-1.b.q1_early_.variants_dc-1-b-q1-early-v10_.behaviorHint,non_party_scripted_text,src/data/scriptedText,family-01,channels[dossier].entries[dc-1.b.q1|early].variants[dc-1-b-q1-early-v10].behaviorHint,끝까지 담담하게 말하려 애쓴다.,Tries to speak calmly to the end.,最後まで淡々と話そうとする。,努力平静地说到最后。,"Scripted text channel without party a/b as speaker: system, judge, witness, dossier, mediation, aftermath, and milestone copy."
non_party_scripted_text_src_data_scriptedText_family-01_channels_dossier_.entries_dc-1.b.q1_early_.variants_dc-1-b-q1-early-v10_.text,non_party_scripted_text,src/data/scriptedText,family-01,channels[dossier].entries[dc-1.b.q1|early].variants[dc-1-b-q1-early-v10].text,"재판관님, 질문을 피하진 않겠습니다. 서두른 건 맞지만 그 이유를 악의로만 보시면 곤란합니다.","Your Honor, I will not dodge the question. I did hurry, but it would be wrong to see the reason only as malice.",裁判官、質問を避けるつもりはありません。急いだのは事実ですが、その理由を悪意だけで見るのは困ります。,法官，我不会回避问题。我确实急了，但如果只把理由看成恶意，那就不对了。,"Scripted text channel without party a/b as speaker: system, judge, witness, dossier, mediation, aftermath, and milestone copy."
non_party_scripted_text_src_data_scriptedText_family-01_channels_dossier_.entries_dc-1.b.q1_early_.variants_dc-1-b-q1-early-v2_.behaviorHint,non_party_scripted_text,src/data/scriptedText,family-01,channels[dossier].entries[dc-1.b.q1|early].variants[dc-1-b-q1-early-v2].behaviorHint,낮은 목소리로 인정 범위를 먼저 자른다.,"In a low voice, first limits the scope of admission.",低い声で、まず認める範囲を切る。,用低声先限定承认范围。,"Scripted text channel without party a/b as speaker: system, judge, witness, dossier, mediation, aftermath, and milestone copy."
non_party_scripted_text_src_data_scriptedText_family-01_channels_dossier_.entries_dc-1.b.q1_early_.variants_dc-1-b-q1-early-v2_.text,non_party_scripted_text,src/data/scriptedText,family-01,channels[dossier].entries[dc-1.b.q1|early].variants[dc-1-b-q1-early-v2].text,종이를 읽어드린 일은 있습니다. 형이 오기 전에 끝내자는 말도 급한 마음에서 나온 말이었습니다.,I did read the paper to her. Saying we should finish before my brother came also came from an urgent state of mind.,その紙を読んで差し上げたことはあります。兄が来る前に終わらせようという言葉も、急ぐ気持ちから出たものでした。,我确实给她读过那张纸。说要在哥哥来之前结束，也是出于当时着急的心情。,"Scripted text channel without party a/b as speaker: system, judge, witness, dossier, mediation, aftermath, and milestone copy."
non_party_scripted_text_src_data_scriptedText_family-01_channels_dossier_.entries_dc-1.b.q1_early_.variants_dc-1-b-q1-early-v3_.behaviorHint,non_party_scripted_text,src/data/scriptedText,family-01,channels[dossier].entries[dc-1.b.q1|early].variants[dc-1-b-q1-early-v3].behaviorHint,시선을 오래 피하지 않지만 말끝은 닫는다.,"Does not avoid the gaze for long, but closes off the ending.",長く視線を避けはしないが、語尾は閉じる。,没有长久避开视线，但句尾收住。,"Scripted text channel without party a/b as speaker: system, judge, witness, dossier, mediation, aftermath, and milestone copy."
non_party_scripted_text_src_data_scriptedText_family-01_channels_dossier_.entries_dc-1.b.q1_early_.variants_dc-1-b-q1-early-v3_.text,non_party_scripted_text,src/data/scriptedText,family-01,channels[dossier].entries[dc-1.b.q1|early].variants[dc-1-b-q1-early-v3].text,그 시기엔 어머니 상태가 하루마다 달랐습니다. 그래서 길게 끌면 더 힘들어질 거라고 봤습니다.,"At that time, Mother's condition changed from day to day. I thought dragging it out would make things harder for her.",その時期、母の状態は日によって違っていました。長引かせれば、母にはもっとつらくなると思いました。,那段时间，母亲的状态每天都不一样。我觉得拖得越久，她会越难受。,"Scripted text channel without party a/b as speaker: system, judge, witness, dossier, mediation, aftermath, and milestone copy."
non_party_scripted_text_src_data_scriptedText_family-01_channels_dossier_.entries_dc-1.b.q1_early_.variants_dc-1-b-q1-early-v4_.behaviorHint,non_party_scripted_text,src/data/scriptedText,family-01,channels[dossier].entries[dc-1.b.q1|early].variants[dc-1-b-q1-early-v4].behaviorHint,손가락을 포개 쥔 채 조심스럽게 답한다.,Answers carefully with his fingers folded together.,指を重ねて握ったまま慎重に答える。,手指交叠握着，小心回答。,"Scripted text channel without party a/b as speaker: system, judge, witness, dossier, mediation, aftermath, and milestone copy."
non_party_scripted_text_src_data_scriptedText_family-01_channels_dossier_.entries_dc-1.b.q1_early_.variants_dc-1-b-q1-early-v4_.text,non_party_scripted_text,src/data/scriptedText,family-01,channels[dossier].entries[dc-1.b.q1|early].variants[dc-1-b-q1-early-v4].text,형을 피하려 했다는 말은 과합니다. 저는 어머니가 지치기 전에 정리해야 한다고만 생각했습니다.,Saying I tried to avoid my brother is too much. I only thought we had to settle things before Mother was exhausted.,兄を避けようとしたという言い方は行き過ぎです。私は、母が疲れきる前に整理しなければならないと思っただけです。,说我想避开哥哥，太重了。我只是认为必须在母亲疲惫不堪之前把事情整理好。,"Scripted text channel without party a/b as speaker: system, judge, witness, dossier, mediation, aftermath, and milestone copy."
non_party_scripted_text_src_data_scriptedText_family-01_channels_dossier_.entries_dc-1.b.q1_early_.variants_dc-1-b-q1-early-v5_.behaviorHint,non_party_scripted_text,src/data/scriptedText,family-01,channels[dossier].entries[dc-1.b.q1|early].variants[dc-1-b-q1-early-v5].behaviorHint,숨을 고른 뒤 핵심 단어만 피해 간다.,"Catches his breath, then avoids only the key word.",息を整えた後、核心の言葉だけを避ける。,调整呼吸后，只避开核心词。,"Scripted text channel without party a/b as speaker: system, judge, witness, dossier, mediation, aftermath, and milestone copy."
non_party_scripted_text_src_data_scriptedText_family-01_channels_dossier_.entries_dc-1.b.q1_early_.variants_dc-1-b-q1-early-v5_.text,non_party_scripted_text,src/data/scriptedText,family-01,channels[dossier].entries[dc-1.b.q1|early].variants[dc-1-b-q1-early-v5].text,방문 기록만 보면 수상해 보일 수 있습니다. 그래도 그때 제 기준은 형이 아니라 어머니 상태였습니다.,"If you look only at the visit records, it may look suspicious. Still, my standard then was Mother's condition, not my brother.",訪問記録だけを見れば怪しく見えるかもしれません。それでも、あの時の私の基準は兄ではなく母の状態でした。,只看探望记录，确实可能显得可疑。但当时我的判断标准是母亲的状态，不是哥哥。,"Scripted text channel without party a/b as speaker: system, judge, witness, dossier, mediation, aftermath, and milestone copy."
non_party_scripted_text_src_data_scriptedText_family-01_channels_dossier_.entries_dc-1.b.q1_early_.variants_dc-1-b-q1-early-v6_.behaviorHint,non_party_scripted_text,src/data/scriptedText,family-01,channels[dossier].entries[dc-1.b.q1|early].variants[dc-1-b-q1-early-v6].behaviorHint,턱이 굳지만 목소리는 평평하게 유지한다.,"His jaw tightens, but his voice stays even.",顎はこわばるが、声は平らに保つ。,下颌绷紧，但声音保持平稳。,"Scripted text channel without party a/b as speaker: system, judge, witness, dossier, mediation, aftermath, and milestone copy."
non_party_scripted_text_src_data_scriptedText_family-01_channels_dossier_.entries_dc-1.b.q1_early_.variants_dc-1-b-q1-early-v6_.text,non_party_scripted_text,src/data/scriptedText,family-01,channels[dossier].entries[dc-1.b.q1|early].variants[dc-1-b-q1-early-v6].text,제가 서둘렀다는 점은 인정합니다. 다만 누굴 배제하려고 판을 만든 건 아니었습니다.,I admit that I rushed. But I did not set the stage to exclude anyone.,私が急いだ点は認めます。ただ、誰かを排除するために場を作ったわけではありません。,我承认自己急了。但我不是为了排除谁才布置这个局面。,"Scripted text channel without party a/b as speaker: system, judge, witness, dossier, mediation, aftermath, and milestone copy."
non_party_scripted_text_src_data_scriptedText_family-01_channels_dossier_.entries_dc-1.b.q1_early_.variants_dc-1-b-q1-early-v7_.behaviorHint,non_party_scripted_text,src/data/scriptedText,family-01,channels[dossier].entries[dc-1.b.q1|early].variants[dc-1-b-q1-early-v7].behaviorHint,짧게 고개를 끄덕이고 다시 선을 긋는다.,Gives a small nod and draws the line again.,短くうなずき、また線を引く。,短促点头后，再次划清界线。,"Scripted text channel without party a/b as speaker: system, judge, witness, dossier, mediation, aftermath, and milestone copy."
non_party_scripted_text_src_data_scriptedText_family-01_channels_dossier_.entries_dc-1.b.q1_early_.variants_dc-1-b-q1-early-v7_.text,non_party_scripted_text,src/data/scriptedText,family-01,channels[dossier].entries[dc-1.b.q1|early].variants[dc-1-b-q1-early-v7].text,종이를 읽은 건 어머니가 요청하신 부분이었습니다. 그 자리에서 싸움이 생길까 조심한 건 맞습니다.,Reading the paper was something Mother asked me to do. It is true I was careful because a fight might break out there.,その紙を読んだのは、母に頼まれた部分でした。その場で争いが起きるのではないかと慎重になったのは事実です。,读那张纸是母亲要求我做的部分。我确实担心当场会起争执，所以很谨慎。,"Scripted text channel without party a/b as speaker: system, judge, witness, dossier, mediation, aftermath, and milestone copy."
non_party_scripted_text_src_data_scriptedText_family-01_channels_dossier_.entries_dc-1.b.q1_early_.variants_dc-1-b-q1-early-v8_.behaviorHint,non_party_scripted_text,src/data/scriptedText,family-01,channels[dossier].entries[dc-1.b.q1|early].variants[dc-1-b-q1-early-v8].behaviorHint,입술을 누른 뒤 필요한 사실만 꺼낸다.,"Presses his lips, then gives only the necessary facts.",唇を押さえた後、必要な事実だけを出す。,抿住嘴唇后，只说必要事实。,"Scripted text channel without party a/b as speaker: system, judge, witness, dossier, mediation, aftermath, and milestone copy."
non_party_scripted_text_src_data_scriptedText_family-01_channels_dossier_.entries_dc-1.b.q1_early_.variants_dc-1-b-q1-early-v8_.text,non_party_scripted_text,src/data/scriptedText,family-01,channels[dossier].entries[dc-1.b.q1|early].variants[dc-1-b-q1-early-v8].text,형이 오면 대화가 커질까 걱정한 건 사실입니다. 그렇다고 형을 속이려는 계획이었다고 보진 않습니다.,It is true I worried the conversation would escalate if my brother came. But I do not see it as a plan to deceive him.,兄が来れば話が大きくなるのではないかと心配したのは事実です。だからといって、兄をだます計画だったとは思いません。,我确实担心哥哥来了之后谈话会扩大。但我不认为那就是要欺骗哥哥的计划。,"Scripted text channel without party a/b as speaker: system, judge, witness, dossier, mediation, aftermath, and milestone copy."
non_party_scripted_text_src_data_scriptedText_family-01_channels_dossier_.entries_dc-1.b.q1_early_.variants_dc-1-b-q1-early-v9_.behaviorHint,non_party_scripted_text,src/data/scriptedText,family-01,channels[dossier].entries[dc-1.b.q1|early].variants[dc-1-b-q1-early-v9].behaviorHint,감정은 누르고 문장 사이를 길게 둔다.,Suppresses emotion and leaves long gaps between sentences.,感情を抑え、文と文の間を長く取る。,压住情绪，在句子之间留出长停顿。,"Scripted text channel without party a/b as speaker: system, judge, witness, dossier, mediation, aftermath, and milestone copy."
non_party_scripted_text_src_data_scriptedText_family-01_channels_dossier_.entries_dc-1.b.q1_early_.variants_dc-1-b-q1-early-v9_.text,non_party_scripted_text,src/data/scriptedText,family-01,channels[dossier].entries[dc-1.b.q1|early].variants[dc-1-b-q1-early-v9].text,"그날 말을 짧게 했습니다. 어머니가 더 흔들리기 전에 끝내자는 뜻이었고, 설명이 부족했습니다.","I spoke briefly that day. I meant to finish before Mother grew more shaken, and I did not explain enough.",その日は言葉を短くしました。母がさらに揺らぐ前に終わらせたいという意味で、説明は足りませんでした。,那天我说得很短。意思是在母亲更加动摇前结束，确实说明不足。,"Scripted text channel without party a/b as speaker: system, judge, witness, dossier, mediation, aftermath, and milestone copy."
non_party_scripted_text_src_data_scriptedText_family-01_channels_dossier_.entries_dc-1.b.q1_late_.variants_dc-1-b-q1-late-v1_.behaviorHint,non_party_scripted_text,src/data/scriptedText,family-01,channels[dossier].entries[dc-1.b.q1|late].variants[dc-1-b-q1-late-v1].behaviorHint,눈을 한 번 감았다 뜨고 낮게 고백한다.,"Closes his eyes once, opens them, and confesses quietly.",一度目を閉じて開き、低く告白する。,闭眼又睁开，低声坦白。,"Scripted text channel without party a/b as speaker: system, judge, witness, dossier, mediation, aftermath, and milestone copy."
non_party_scripted_text_src_data_scriptedText_family-01_channels_dossier_.entries_dc-1.b.q1_late_.variants_dc-1-b-q1-late-v1_.text,non_party_scripted_text,src/data/scriptedText,family-01,channels[dossier].entries[dc-1.b.q1|late].variants[dc-1-b-q1-late-v1].text,형이 오기 전에 끝내려 한 건 맞습니다. 형이 자필 연습본과 숨겨 둔 이유까지 파고들까 두려웠습니다.,It is true I tried to finish before my brother came. I was afraid he would dig into the handwritten draft and the reasons it had been hidden.,兄が来る前に終わらせようとしたのは事実です。兄が自筆下書きとそれを隠していた理由まで掘り下げるのが怖かったのです。,我确实想在哥哥来之前结束。我害怕他会追问亲笔草稿，以及它被隐藏的理由。,"Scripted text channel without party a/b as speaker: system, judge, witness, dossier, mediation, aftermath, and milestone copy."
non_party_scripted_text_src_data_scriptedText_family-01_channels_dossier_.entries_dc-1.b.q1_late_.variants_dc-1-b-q1-late-v10_.behaviorHint,non_party_scripted_text,src/data/scriptedText,family-01,channels[dossier].entries[dc-1.b.q1|late].variants[dc-1-b-q1-late-v10].behaviorHint,고개를 숙인 채 변명보다 책임을 앞세운다.,"With head lowered, puts responsibility before excuses.",頭を下げたまま、言い訳より責任を先に出す。,低着头，把责任放在辩解之前。,"Scripted text channel without party a/b as speaker: system, judge, witness, dossier, mediation, aftermath, and milestone copy."
non_party_scripted_text_src_data_scriptedText_family-01_channels_dossier_.entries_dc-1.b.q1_late_.variants_dc-1-b-q1-late-v10_.text,non_party_scripted_text,src/data/scriptedText,family-01,channels[dossier].entries[dc-1.b.q1|late].variants[dc-1-b-q1-late-v10].text,결국 형이 오기 전이라는 말은 절차의 편의가 아니라 제가 감춘 진실의 문턱이었습니다.,"In the end, the words “before my brother comes” were not procedural convenience; they were the threshold of the truth I had hidden.",結局、「兄が来る前に」という言葉は手続き上の便宜ではなく、私が隠していた真実の入り口でした。,到头来，“在哥哥来之前”并不是程序上的方便，而是我隐藏的真相的门槛。,"Scripted text channel without party a/b as speaker: system, judge, witness, dossier, mediation, aftermath, and milestone copy."
non_party_scripted_text_src_data_scriptedText_family-01_channels_dossier_.entries_dc-1.b.q1_late_.variants_dc-1-b-q1-late-v2_.behaviorHint,non_party_scripted_text,src/data/scriptedText,family-01,channels[dossier].entries[dc-1.b.q1|late].variants[dc-1-b-q1-late-v2].behaviorHint,목소리가 마지막 문장에서 미세하게 갈라진다.,His voice cracks faintly in the final sentence.,最後の文で声がかすかに割れる。,声音在最后一句微微发颤。,"Scripted text channel without party a/b as speaker: system, judge, witness, dossier, mediation, aftermath, and milestone copy."
non_party_scripted_text_src_data_scriptedText_family-01_channels_dossier_.entries_dc-1.b.q1_late_.variants_dc-1-b-q1-late-v2_.text,non_party_scripted_text,src/data/scriptedText,family-01,channels[dossier].entries[dc-1.b.q1|late].variants[dc-1-b-q1-late-v2].text,저는 어머니를 핑계로 형을 막았습니다. 다툼을 피한다는 말로 사실은 더 깊은 진실을 봉했습니다.,"I used Mother as an excuse to block my brother. I said I was avoiding a quarrel, but in truth I sealed a deeper truth.",私は母を口実にして兄を止めました。争いを避けると言いながら、実際にはもっと深い真実を封じました。,我以母亲为借口挡住了哥哥。嘴上说是避免争执，其实是封住了更深的真相。,"Scripted text channel without party a/b as speaker: system, judge, witness, dossier, mediation, aftermath, and milestone copy."
non_party_scripted_text_src_data_scriptedText_family-01_channels_dossier_.entries_dc-1.b.q1_late_.variants_dc-1-b-q1-late-v3_.behaviorHint,non_party_scripted_text,src/data/scriptedText,family-01,channels[dossier].entries[dc-1.b.q1|late].variants[dc-1-b-q1-late-v3].behaviorHint,담담한 표정이 무너지지 않지만 숨이 길어진다.,"His calm expression does not break, but his breathing lengthens.",淡々とした表情は崩れないが、息が長くなる。,平静表情没有崩塌，但呼吸变长。,"Scripted text channel without party a/b as speaker: system, judge, witness, dossier, mediation, aftermath, and milestone copy."
non_party_scripted_text_src_data_scriptedText_family-01_channels_dossier_.entries_dc-1.b.q1_late_.variants_dc-1-b-q1-late-v3_.text,non_party_scripted_text,src/data/scriptedText,family-01,channels[dossier].entries[dc-1.b.q1|late].variants[dc-1-b-q1-late-v3].text,그날 제 급함은 어머니 상태만이 아니었습니다. 형이 끝까지 묻기 시작하면 유서보다 더 큰 가족사까지 닿을까 겁났습니다.,"My urgency that day was not only about Mother's condition. I was afraid that if my brother kept asking, it would reach a family history larger than the will.",あの日の焦りは、母の状態だけが理由ではありませんでした。兄が最後まで問い始めれば、遺言書より大きな家族史にまで届くのではないかと怖かったのです。,那天我的急迫不只是因为母亲的状态。我害怕哥哥如果追问到底，会触及比遗嘱更大的家族往事。,"Scripted text channel without party a/b as speaker: system, judge, witness, dossier, mediation, aftermath, and milestone copy."
non_party_scripted_text_src_data_scriptedText_family-01_channels_dossier_.entries_dc-1.b.q1_late_.variants_dc-1-b-q1-late-v4_.behaviorHint,non_party_scripted_text,src/data/scriptedText,family-01,channels[dossier].entries[dc-1.b.q1|late].variants[dc-1-b-q1-late-v4].behaviorHint,더 숨기지 않겠다는 듯 문장을 끝까지 잇는다.,Carries the sentence to the end as if he will hide no more.,これ以上隠さないというように、文を最後までつなぐ。,像是不再隐瞒一样，把句子说到最后。,"Scripted text channel without party a/b as speaker: system, judge, witness, dossier, mediation, aftermath, and milestone copy."
non_party_scripted_text_src_data_scriptedText_family-01_channels_dossier_.entries_dc-1.b.q1_late_.variants_dc-1-b-q1-late-v4_.text,non_party_scripted_text,src/data/scriptedText,family-01,channels[dossier].entries[dc-1.b.q1|late].variants[dc-1-b-q1-late-v4].text,제가 형을 절차 밖에 둔 건 사실입니다. 형이 알면 무너질 이야기를 제가 대신 막는다고 착각했습니다.,It is true I kept my brother outside the procedure. I mistook it for blocking a story that would break him if he knew.,私が兄を手続きの外に置いたのは事実です。兄が知れば崩れてしまう話を、私が代わりに止めているのだと勘違いしていました。,我确实把哥哥挡在程序之外。我误以为自己是在替他挡下一个他知道后会崩溃的故事。,"Scripted text channel without party a/b as speaker: system, judge, witness, dossier, mediation, aftermath, and milestone copy."
non_party_scripted_text_src_data_scriptedText_family-01_channels_dossier_.entries_dc-1.b.q1_late_.variants_dc-1-b-q1-late-v5_.behaviorHint,non_party_scripted_text,src/data/scriptedText,family-01,channels[dossier].entries[dc-1.b.q1|late].variants[dc-1-b-q1-late-v5].behaviorHint,형 쪽을 보지 못한 채 책임을 인정한다.,Admits responsibility without being able to look toward his brother.,兄の方を見られないまま責任を認める。,无法看向哥哥，却承认责任。,"Scripted text channel without party a/b as speaker: system, judge, witness, dossier, mediation, aftermath, and milestone copy."
non_party_scripted_text_src_data_scriptedText_family-01_channels_dossier_.entries_dc-1.b.q1_late_.variants_dc-1-b-q1-late-v5_.text,non_party_scripted_text,src/data/scriptedText,family-01,channels[dossier].entries[dc-1.b.q1|late].variants[dc-1-b-q1-late-v5].text,어머니가 힘들어하실까 봐라는 말은 반만 맞습니다. 나머지 반은 제가 감당하지 못한 비밀 때문입니다.,Saying I feared Mother would suffer is only half true. The other half was a secret I could not bear.,母がつらがるのではないかという言葉は半分だけ正しいです。残りの半分は、私が耐えられなかった秘密です。,说是怕母亲难受，只说对了一半。另一半，是我自己承受不了的秘密。,"Scripted text channel without party a/b as speaker: system, judge, witness, dossier, mediation, aftermath, and milestone copy."
non_party_scripted_text_src_data_scriptedText_family-01_channels_dossier_.entries_dc-1.b.q1_late_.variants_dc-1-b-q1-late-v6_.behaviorHint,non_party_scripted_text,src/data/scriptedText,family-01,channels[dossier].entries[dc-1.b.q1|late].variants[dc-1-b-q1-late-v6].behaviorHint,서류에서 손을 떼고 재판관을 똑바로 본다.,Takes his hands off the document and looks straight at the Judge.,書類から手を離し、裁判官をまっすぐ見る。,把手从文件上移开，直视法官。,"Scripted text channel without party a/b as speaker: system, judge, witness, dossier, mediation, aftermath, and milestone copy."
non_party_scripted_text_src_data_scriptedText_family-01_channels_dossier_.entries_dc-1.b.q1_late_.variants_dc-1-b-q1-late-v6_.text,non_party_scripted_text,src/data/scriptedText,family-01,channels[dossier].entries[dc-1.b.q1|late].variants[dc-1-b-q1-late-v6].text,"형이 들어오면 숫자의 이유를 물을 것이고, 그 끝에 제가 오래 숨긴 돈과 제 출생과 관련한 민감한 가족사가 같이 열릴까 봐 두려웠습니다.","I was afraid that if my brother came in, he would ask the reason for the numbers, and that would open both the money I had long hidden and a sensitive family matter tied to my birth.",兄が入れば数字の理由を尋ね、その先で私が長く隠してきた金と、私の出生に関わる敏感な家族史が一緒に開かれるのではないかと怖かったのです。,我害怕哥哥一进来就会追问数字的理由，而那最后会把我长期隐藏的钱，以及与我出生有关的敏感家事一起打开。,"Scripted text channel without party a/b as speaker: system, judge, witness, dossier, mediation, aftermath, and milestone copy."
non_party_scripted_text_src_data_scriptedText_family-01_channels_dossier_.entries_dc-1.b.q1_late_.variants_dc-1-b-q1-late-v7_.behaviorHint,non_party_scripted_text,src/data/scriptedText,family-01,channels[dossier].entries[dc-1.b.q1|late].variants[dc-1-b-q1-late-v7].behaviorHint,오래 참은 말을 한꺼번에 꺼내듯 이어 간다.,Continues as if releasing words long held back.,長くこらえていた言葉を一気に出すように続ける。,像一下说出压抑已久的话一样继续。,"Scripted text channel without party a/b as speaker: system, judge, witness, dossier, mediation, aftermath, and milestone copy."
non_party_scripted_text_src_data_scriptedText_family-01_channels_dossier_.entries_dc-1.b.q1_late_.variants_dc-1-b-q1-late-v7_.text,non_party_scripted_text,src/data/scriptedText,family-01,channels[dossier].entries[dc-1.b.q1|late].variants[dc-1-b-q1-late-v7].text,"재판관님, 저는 조용히 마치면 모두를 덜 다치게 할 수 있다고 믿었습니다. 그 믿음이 잘못이었습니다.","Your Honor, I believed that ending it quietly would hurt everyone less. That belief was wrong.",裁判官、静かに終えれば皆の傷を少なくできると信じていました。その信念が間違っていました。,法官，我曾以为安静结束就能让所有人少受伤。这个想法是错的。,"Scripted text channel without party a/b as speaker: system, judge, witness, dossier, mediation, aftermath, and milestone copy."
non_party_scripted_text_src_data_scriptedText_family-01_channels_dossier_.entries_dc-1.b.q1_late_.variants_dc-1-b-q1-late-v8_.behaviorHint,non_party_scripted_text,src/data/scriptedText,family-01,channels[dossier].entries[dc-1.b.q1|late].variants[dc-1-b-q1-late-v8].behaviorHint,말끝이 낮아지지만 핵심은 흐리지 않는다.,"His ending falls low, but the core does not blur.",語尾は低くなるが、核心はぼかさない。,句尾低下，但核心不模糊。,"Scripted text channel without party a/b as speaker: system, judge, witness, dossier, mediation, aftermath, and milestone copy."
non_party_scripted_text_src_data_scriptedText_family-01_channels_dossier_.entries_dc-1.b.q1_late_.variants_dc-1-b-q1-late-v8_.text,non_party_scripted_text,src/data/scriptedText,family-01,channels[dossier].entries[dc-1.b.q1|late].variants[dc-1-b-q1-late-v8].text,형을 지키겠다는 명분으로 형의 알 권리도 막았습니다. 그날의 서두름은 제 선택이었습니다.,"Under the excuse of protecting my brother, I blocked his right to know. The haste that day was my choice.",兄を守るという名目で、兄の知る権利まで塞ぎました。あの日の急ぎは私の選択でした。,我以保护哥哥为名，也挡住了他的知情权。那天的仓促是我的选择。,"Scripted text channel without party a/b as speaker: system, judge, witness, dossier, mediation, aftermath, and milestone copy."
non_party_scripted_text_src_data_scriptedText_family-01_channels_dossier_.entries_dc-1.b.q1_late_.variants_dc-1-b-q1-late-v9_.behaviorHint,non_party_scripted_text,src/data/scriptedText,family-01,channels[dossier].entries[dc-1.b.q1|late].variants[dc-1-b-q1-late-v9].behaviorHint,침묵 뒤에 가장 무거운 사실을 놓는다.,"After a silence, places the heaviest fact on the record.",沈黙の後、最も重い事実を置く。,沉默之后说出最沉重的事实。,"Scripted text channel without party a/b as speaker: system, judge, witness, dossier, mediation, aftermath, and milestone copy."
non_party_scripted_text_src_data_scriptedText_family-01_channels_dossier_.entries_dc-1.b.q1_late_.variants_dc-1-b-q1-late-v9_.text,non_party_scripted_text,src/data/scriptedText,family-01,channels[dossier].entries[dc-1.b.q1|late].variants[dc-1-b-q1-late-v9].text,저는 어머니 뜻을 돕는다면서 형이 들어올 문을 닫았습니다. 그 책임을 피하지 않겠습니다.,"I said I was helping Mother's wishes, but I closed the door my brother should have entered through. I will not avoid that responsibility.",母の意思を助けると言いながら、兄が入るべき扉を閉じました。その責任から逃げません。,我说是在帮助母亲的意愿，却关上了哥哥本该进来的那扇门。我不会逃避这个责任。,"Scripted text channel without party a/b as speaker: system, judge, witness, dossier, mediation, aftermath, and milestone copy."
non_party_scripted_text_src_data_scriptedText_family-01_channels_dossier_.entries_dc-1.b.q1_mid_.variants_dc-1-b-q1-mid-v1_.behaviorHint,non_party_scripted_text,src/data/scriptedText,family-01,channels[dossier].entries[dc-1.b.q1|mid].variants[dc-1-b-q1-mid-v1].behaviorHint,말을 고르다 한 번 숨을 길게 내쉰다.,"Chooses his words, then lets out one long breath.",言葉を選び、一度長く息を吐く。,斟酌措辞后长长呼出一口气。,"Scripted text channel without party a/b as speaker: system, judge, witness, dossier, mediation, aftermath, and milestone copy."
non_party_scripted_text_src_data_scriptedText_family-01_channels_dossier_.entries_dc-1.b.q1_mid_.variants_dc-1-b-q1-mid-v1_.text,non_party_scripted_text,src/data/scriptedText,family-01,channels[dossier].entries[dc-1.b.q1|mid].variants[dc-1-b-q1-mid-v1].text,형이 오면 어머니가 먼저 긴장하셨습니다. 그래서 저는 공증 이야기를 길게 붙잡지 않으려 했습니다.,"When my brother came, Mother grew tense first. So I tried not to hold on to the notarization issue too long.",兄が来ると、母が先に緊張しました。だから私は公証の話を長く引っ張らないようにしました。,哥哥一来，母亲会先紧张起来。所以我不想把公证的话题拖太久。,"Scripted text channel without party a/b as speaker: system, judge, witness, dossier, mediation, aftermath, and milestone copy."
non_party_scripted_text_src_data_scriptedText_family-01_channels_dossier_.entries_dc-1.b.q1_mid_.variants_dc-1-b-q1-mid-v10_.behaviorHint,non_party_scripted_text,src/data/scriptedText,family-01,channels[dossier].entries[dc-1.b.q1|mid].variants[dc-1-b-q1-mid-v10].behaviorHint,흔들림을 숨기려 자세를 곧게 세운다.,Straightens his posture to hide his wavering.,揺らぎを隠すように姿勢を正す。,挺直姿势，试图掩饰动摇。,"Scripted text channel without party a/b as speaker: system, judge, witness, dossier, mediation, aftermath, and milestone copy."
non_party_scripted_text_src_data_scriptedText_family-01_channels_dossier_.entries_dc-1.b.q1_mid_.variants_dc-1-b-q1-mid-v10_.text,non_party_scripted_text,src/data/scriptedText,family-01,channels[dossier].entries[dc-1.b.q1|mid].variants[dc-1-b-q1-mid-v10].text,어머니 상태와 형의 반응을 제가 먼저 계산했습니다. 그 계산이 절차를 흐리게 만든 점은 인정합니다.,I calculated Mother's condition and my brother's reaction ahead of time. I admit that calculation blurred the procedure.,母の状態と兄の反応を、私が先に計算しました。その計算が手続きを曇らせた点は認めます。,我先计算了母亲的状态和哥哥的反应。我承认，这种计算让程序变得不清楚。,"Scripted text channel without party a/b as speaker: system, judge, witness, dossier, mediation, aftermath, and milestone copy."
non_party_scripted_text_src_data_scriptedText_family-01_channels_dossier_.entries_dc-1.b.q1_mid_.variants_dc-1-b-q1-mid-v2_.behaviorHint,non_party_scripted_text,src/data/scriptedText,family-01,channels[dossier].entries[dc-1.b.q1|mid].variants[dc-1-b-q1-mid-v2].behaviorHint,책상 모서리를 천천히 문지르며 답한다.,Answers while slowly rubbing the edge of the desk.,机の角をゆっくりなでながら答える。,一边慢慢摩挲桌角一边回答。,"Scripted text channel without party a/b as speaker: system, judge, witness, dossier, mediation, aftermath, and milestone copy."
non_party_scripted_text_src_data_scriptedText_family-01_channels_dossier_.entries_dc-1.b.q1_mid_.variants_dc-1-b-q1-mid-v2_.text,non_party_scripted_text,src/data/scriptedText,family-01,channels[dossier].entries[dc-1.b.q1|mid].variants[dc-1-b-q1-mid-v2].text,그 말에는 형을 배제하려는 마음보다 충돌을 피하려는 마음이 컸습니다. 다만 그 방식은 제 책임입니다.,"In those words, I was driven more by a wish to avoid conflict than to exclude my brother. But the method was my responsibility.",その言葉には、兄を排除する気持ちより、衝突を避けたい気持ちのほうが大きくありました。ただし、その方法は私の責任です。,那句话里，比起排除哥哥，更多是想避开冲突。但那个做法是我的责任。,"Scripted text channel without party a/b as speaker: system, judge, witness, dossier, mediation, aftermath, and milestone copy."
non_party_scripted_text_src_data_scriptedText_family-01_channels_dossier_.entries_dc-1.b.q1_mid_.variants_dc-1-b-q1-mid-v3_.behaviorHint,non_party_scripted_text,src/data/scriptedText,family-01,channels[dossier].entries[dc-1.b.q1|mid].variants[dc-1-b-q1-mid-v3].behaviorHint,핵심에 이르면 시선을 피하지 않는다.,Does not avert his eyes when he reaches the key point.,核心に至ると視線をそらさない。,说到核心时不回避视线。,"Scripted text channel without party a/b as speaker: system, judge, witness, dossier, mediation, aftermath, and milestone copy."
non_party_scripted_text_src_data_scriptedText_family-01_channels_dossier_.entries_dc-1.b.q1_mid_.variants_dc-1-b-q1-mid-v3_.text,non_party_scripted_text,src/data/scriptedText,family-01,channels[dossier].entries[dc-1.b.q1|mid].variants[dc-1-b-q1-mid-v3].text,어머니가 형 앞에서는 말을 더 못 하셨습니다. 그래서 제가 조용할 때 마치자고 한 건 사실입니다.,Mother could not speak as well in front of my brother. So it is true that I said we should finish while things were quiet.,母は兄の前ではうまく話せませんでした。だから静かなうちに終えようと言ったのは事実です。,母亲在哥哥面前更说不出话。所以我确实说过，要趁安静的时候结束。,"Scripted text channel without party a/b as speaker: system, judge, witness, dossier, mediation, aftermath, and milestone copy."
non_party_scripted_text_src_data_scriptedText_family-01_channels_dossier_.entries_dc-1.b.q1_mid_.variants_dc-1-b-q1-mid-v4_.behaviorHint,non_party_scripted_text,src/data/scriptedText,family-01,channels[dossier].entries[dc-1.b.q1|mid].variants[dc-1-b-q1-mid-v4].behaviorHint,낮은 목소리지만 인정 대목은 또렷하다.,"His voice is low, but the admission is clear.",低い声だが、認める部分ははっきりしている。,声音很低，但承认的部分很清楚。,"Scripted text channel without party a/b as speaker: system, judge, witness, dossier, mediation, aftermath, and milestone copy."
non_party_scripted_text_src_data_scriptedText_family-01_channels_dossier_.entries_dc-1.b.q1_mid_.variants_dc-1-b-q1-mid-v4_.text,non_party_scripted_text,src/data/scriptedText,family-01,channels[dossier].entries[dc-1.b.q1|mid].variants[dc-1-b-q1-mid-v4].text,형의 목소리가 커지면 어머니가 굳는 걸 여러 번 봤습니다. 그 기억 때문에 서두른 점은 인정합니다.,I had seen Mother freeze many times when my brother raised his voice. I admit I hurried because of that memory.,兄の声が大きくなると母が固まるのを何度も見ていました。その記憶のために急いだ点は認めます。,我多次见过哥哥一提高声音，母亲就僵住。因为这段记忆，我承认自己急了。,"Scripted text channel without party a/b as speaker: system, judge, witness, dossier, mediation, aftermath, and milestone copy."
non_party_scripted_text_src_data_scriptedText_family-01_channels_dossier_.entries_dc-1.b.q1_mid_.variants_dc-1-b-q1-mid-v5_.behaviorHint,non_party_scripted_text,src/data/scriptedText,family-01,channels[dossier].entries[dc-1.b.q1|mid].variants[dc-1-b-q1-mid-v5].behaviorHint,짧게 끊어 말하다가 이유에서 길어진다.,"Speaks in short fragments, then lengthens when giving the reason.",短く切って話し、理由のところで長くなる。,说话短促，到理由处变得更长。,"Scripted text channel without party a/b as speaker: system, judge, witness, dossier, mediation, aftermath, and milestone copy."
non_party_scripted_text_src_data_scriptedText_family-01_channels_dossier_.entries_dc-1.b.q1_mid_.variants_dc-1-b-q1-mid-v5_.text,non_party_scripted_text,src/data/scriptedText,family-01,channels[dossier].entries[dc-1.b.q1|mid].variants[dc-1-b-q1-mid-v5].text,저는 형을 믿지 못했습니다. 형이 들어오면 비율보다 먼저 감정이 터질 거라고 봤습니다.,"I did not trust my brother. I thought that if he came in, emotion would erupt before the ratio could even be discussed.",私は兄を信じられませんでした。兄が入れば、比率より先に感情が爆発すると思っていました。,我不信任哥哥。我认为他一进来，情绪会先于比例问题爆发。,"Scripted text channel without party a/b as speaker: system, judge, witness, dossier, mediation, aftermath, and milestone copy."
non_party_scripted_text_src_data_scriptedText_family-01_channels_dossier_.entries_dc-1.b.q1_mid_.variants_dc-1-b-q1-mid-v6_.behaviorHint,non_party_scripted_text,src/data/scriptedText,family-01,channels[dossier].entries[dc-1.b.q1|mid].variants[dc-1-b-q1-mid-v6].behaviorHint,형 쪽을 보려다 다시 재판관을 본다.,"Starts to look toward his brother, then looks back at the Judge.",兄の方を見ようとして、また裁判官を見る。,想看向哥哥，又重新看向法官。,"Scripted text channel without party a/b as speaker: system, judge, witness, dossier, mediation, aftermath, and milestone copy."
non_party_scripted_text_src_data_scriptedText_family-01_channels_dossier_.entries_dc-1.b.q1_mid_.variants_dc-1-b-q1-mid-v6_.text,non_party_scripted_text,src/data/scriptedText,family-01,channels[dossier].entries[dc-1.b.q1|mid].variants[dc-1-b-q1-mid-v6].text,형을 피한 게 전혀 아니라고는 못 하겠습니다. 다툼이 생기면 어머니가 감당하지 못할 것 같았습니다.,"I cannot say I was not avoiding my brother at all. If a fight began, I thought Mother could not bear it.",兄を避けていなかったとは全く言えません。争いが起きれば、母は耐えられないと思いました。,我不能说自己完全没有避开哥哥。如果发生争执，我觉得母亲承受不了。,"Scripted text channel without party a/b as speaker: system, judge, witness, dossier, mediation, aftermath, and milestone copy."
non_party_scripted_text_src_data_scriptedText_family-01_channels_dossier_.entries_dc-1.b.q1_mid_.variants_dc-1-b-q1-mid-v7_.behaviorHint,non_party_scripted_text,src/data/scriptedText,family-01,channels[dossier].entries[dc-1.b.q1|mid].variants[dc-1-b-q1-mid-v7].behaviorHint,감정을 눌러 두며 책임 단어를 피하지 않는다.,Keeps emotion down and does not avoid the word responsibility.,感情を抑えながら、責任という言葉を避けない。,压住情绪，不回避“责任”这个词。,"Scripted text channel without party a/b as speaker: system, judge, witness, dossier, mediation, aftermath, and milestone copy."
non_party_scripted_text_src_data_scriptedText_family-01_channels_dossier_.entries_dc-1.b.q1_mid_.variants_dc-1-b-q1-mid-v7_.text,non_party_scripted_text,src/data/scriptedText,family-01,channels[dossier].entries[dc-1.b.q1|mid].variants[dc-1-b-q1-mid-v7].text,종이를 읽어드리며 제가 진행을 잡았습니다. 그 선을 넘은 부분이 있다는 것도 이제는 압니다.,I took charge of the flow while reading the paper to Mother. I now know there were parts where I crossed a line.,紙を読んで差し上げながら、私が進行を握りました。その線を越えた部分があることも、今は分かっています。,我一边给母亲读那张纸，一边掌握了进程。现在我也知道，其中有越线的部分。,"Scripted text channel without party a/b as speaker: system, judge, witness, dossier, mediation, aftermath, and milestone copy."
non_party_scripted_text_src_data_scriptedText_family-01_channels_dossier_.entries_dc-1.b.q1_mid_.variants_dc-1-b-q1-mid-v8_.behaviorHint,non_party_scripted_text,src/data/scriptedText,family-01,channels[dossier].entries[dc-1.b.q1|mid].variants[dc-1-b-q1-mid-v8].behaviorHint,문장 끝마다 잠깐 멈추며 범위를 조정한다.,Pauses at the end of each sentence to adjust the scope.,文末ごとに少し止まり、範囲を調整する。,每句话末尾短暂停顿，调整范围。,"Scripted text channel without party a/b as speaker: system, judge, witness, dossier, mediation, aftermath, and milestone copy."
non_party_scripted_text_src_data_scriptedText_family-01_channels_dossier_.entries_dc-1.b.q1_mid_.variants_dc-1-b-q1-mid-v8_.text,non_party_scripted_text,src/data/scriptedText,family-01,channels[dossier].entries[dc-1.b.q1|mid].variants[dc-1-b-q1-mid-v8].text,그때는 조용히 끝내는 게 어머니를 지키는 길이라고 믿었습니다. 지금 보니 형을 밖에 세운 꼴입니다.,"At the time, I believed ending it quietly was the way to protect Mother. Looking back now, I had left my brother outside.",その時は、静かに終わらせることが母を守る道だと信じていました。今見ると、兄を外に立たせた形です。,当时我相信安静结束就是保护母亲的方式。现在看，那等于是把哥哥挡在外面。,"Scripted text channel without party a/b as speaker: system, judge, witness, dossier, mediation, aftermath, and milestone copy."
non_party_scripted_text_src_data_scriptedText_family-01_channels_dossier_.entries_dc-1.b.q1_mid_.variants_dc-1-b-q1-mid-v9_.behaviorHint,non_party_scripted_text,src/data/scriptedText,family-01,channels[dossier].entries[dc-1.b.q1|mid].variants[dc-1-b-q1-mid-v9].behaviorHint,기록을 떠올리듯 날짜 대신 순서를 짚는다.,"Traces the sequence rather than dates, as if recalling the record.",記録を思い出すように、日付ではなく順序をたどる。,像回忆记录一样，不说日期而是梳理顺序。,"Scripted text channel without party a/b as speaker: system, judge, witness, dossier, mediation, aftermath, and milestone copy."
non_party_scripted_text_src_data_scriptedText_family-01_channels_dossier_.entries_dc-1.b.q1_mid_.variants_dc-1-b-q1-mid-v9_.text,non_party_scripted_text,src/data/scriptedText,family-01,channels[dossier].entries[dc-1.b.q1|mid].variants[dc-1-b-q1-mid-v9].text,형에게 말하지 않고 움직인 건 맞습니다. 다만 그 침묵의 이유가 돈만은 아니었습니다.,It is true I moved without telling my brother. But the reason for that silence was not only money.,兄に言わずに動いたのは事実です。ただ、その沈黙の理由は金だけではありませんでした。,我确实没有告诉哥哥就行动了。但那份沉默的理由并不只是钱。,"Scripted text channel without party a/b as speaker: system, judge, witness, dossier, mediation, aftermath, and milestone copy."
non_party_scripted_text_src_data_scriptedText_family-01_channels_dossier_.entries_dc-1.b.q2_early_.variants_dc-1-b-q2-early-v1_.behaviorHint,non_party_scripted_text,src/data/scriptedText,family-01,channels[dossier].entries[dc-1.b.q2|early].variants[dc-1-b-q2-early-v1].behaviorHint,대답 전 한 박자 멈추고 서류 끝을 본다.,Pauses one beat before answering and looks at the edge of the document.,答える前に一拍置き、書類の端を見る。,回答前停顿一拍，看向文件边缘。,"Scripted text channel without party a/b as speaker: system, judge, witness, dossier, mediation, aftermath, and milestone copy."
non_party_scripted_text_src_data_scriptedText_family-01_channels_dossier_.entries_dc-1.b.q2_early_.variants_dc-1-b-q2-early-v1_.text,non_party_scripted_text,src/data/scriptedText,family-01,channels[dossier].entries[dc-1.b.q2|early].variants[dc-1-b-q2-early-v1].text,어머니가 혼자 읽기 어려워하셔서 제가 곁에 있었습니다. 다만 모든 판단을 대신한 건 아닙니다.,"Mother had trouble reading alone, so I stayed beside her. But I did not make every judgment for her.",母は一人で読むのが難しかったので、私がそばにいました。ただ、すべての判断を代わりにしたわけではありません。,母亲一个人阅读有困难，所以我在旁边。但我并没有替她作所有判断。,"Scripted text channel without party a/b as speaker: system, judge, witness, dossier, mediation, aftermath, and milestone copy."
non_party_scripted_text_src_data_scriptedText_family-01_channels_dossier_.entries_dc-1.b.q2_early_.variants_dc-1-b-q2-early-v10_.behaviorHint,non_party_scripted_text,src/data/scriptedText,family-01,channels[dossier].entries[dc-1.b.q2|early].variants[dc-1-b-q2-early-v10].behaviorHint,끝까지 담담하게 말하려 애쓴다.,Tries to speak calmly to the end.,最後まで淡々と話そうとする。,努力平静地说到最后。,"Scripted text channel without party a/b as speaker: system, judge, witness, dossier, mediation, aftermath, and milestone copy."
non_party_scripted_text_src_data_scriptedText_family-01_channels_dossier_.entries_dc-1.b.q2_early_.variants_dc-1-b-q2-early-v10_.text,non_party_scripted_text,src/data/scriptedText,family-01,channels[dossier].entries[dc-1.b.q2|early].variants[dc-1-b-q2-early-v10].text,어머니 반응을 보며 맞춰 갔습니다. 그 과정이 지금 보니 너무 제 손에 가까웠습니다.,"I adjusted to Mother's reactions as we went. Looking back now, that process was too close to my own hands.",母の反応を見ながら合わせていきました。今見ると、その過程は私の手に近すぎました。,我是看着母亲的反应配合推进的。现在看来，这个过程太接近由我来操作了。,"Scripted text channel without party a/b as speaker: system, judge, witness, dossier, mediation, aftermath, and milestone copy."
non_party_scripted_text_src_data_scriptedText_family-01_channels_dossier_.entries_dc-1.b.q2_early_.variants_dc-1-b-q2-early-v2_.behaviorHint,non_party_scripted_text,src/data/scriptedText,family-01,channels[dossier].entries[dc-1.b.q2|early].variants[dc-1-b-q2-early-v2].behaviorHint,낮은 목소리로 인정 범위를 먼저 자른다.,"In a low voice, first limits the scope of admission.",低い声で、まず認める範囲を切る。,用低声先限定承认范围。,"Scripted text channel without party a/b as speaker: system, judge, witness, dossier, mediation, aftermath, and milestone copy."
non_party_scripted_text_src_data_scriptedText_family-01_channels_dossier_.entries_dc-1.b.q2_early_.variants_dc-1-b-q2-early-v2_.text,non_party_scripted_text,src/data/scriptedText,family-01,channels[dossier].entries[dc-1.b.q2|early].variants[dc-1-b-q2-early-v2].text,문장을 끊어 읽어드린 일은 있습니다. 그게 곧 제 결정이라고 말하기엔 아직 걸리는 부분이 있습니다.,"I did read the sentences in sections. Still, I hesitate to say that made it my decision.",文章を区切って読んで差し上げたことはあります。ただ、それがすぐ私の決定だったと言うには、まだ引っかかる部分があります。,我确实分段读给她听。但要说那就等于我的决定，我仍觉得还有保留。,"Scripted text channel without party a/b as speaker: system, judge, witness, dossier, mediation, aftermath, and milestone copy."
non_party_scripted_text_src_data_scriptedText_family-01_channels_dossier_.entries_dc-1.b.q2_early_.variants_dc-1-b-q2-early-v3_.behaviorHint,non_party_scripted_text,src/data/scriptedText,family-01,channels[dossier].entries[dc-1.b.q2|early].variants[dc-1-b-q2-early-v3].behaviorHint,시선을 오래 피하지 않지만 말끝은 닫는다.,"Does not avoid the gaze for long, but closes off the ending.",長く視線を避けはしないが、語尾は閉じる。,没有长久避开视线，但句尾收住。,"Scripted text channel without party a/b as speaker: system, judge, witness, dossier, mediation, aftermath, and milestone copy."
non_party_scripted_text_src_data_scriptedText_family-01_channels_dossier_.entries_dc-1.b.q2_early_.variants_dc-1-b-q2-early-v3_.text,non_party_scripted_text,src/data/scriptedText,family-01,channels[dossier].entries[dc-1.b.q2|early].variants[dc-1-b-q2-early-v3].text,어머니가 묻는 대목을 다시 설명했습니다. 어디서 선을 넘었는지는 지금도 쉽게 단정하기 어렵습니다.,"I explained again the parts Mother asked about. Even now, it is not easy to say exactly where I crossed the line.",母が尋ねた箇所をもう一度説明しました。どこで線を越えたのか、今でも簡単には断定できません。,母亲问到的地方，我重新解释过。即使现在，也很难轻易断定我从哪里越了线。,"Scripted text channel without party a/b as speaker: system, judge, witness, dossier, mediation, aftermath, and milestone copy."
non_party_scripted_text_src_data_scriptedText_family-01_channels_dossier_.entries_dc-1.b.q2_early_.variants_dc-1-b-q2-early-v4_.behaviorHint,non_party_scripted_text,src/data/scriptedText,family-01,channels[dossier].entries[dc-1.b.q2|early].variants[dc-1-b-q2-early-v4].behaviorHint,손가락을 포개 쥔 채 조심스럽게 답한다.,Answers carefully with his fingers folded together.,指を重ねて握ったまま慎重に答える。,手指交叠握着，小心回答。,"Scripted text channel without party a/b as speaker: system, judge, witness, dossier, mediation, aftermath, and milestone copy."
non_party_scripted_text_src_data_scriptedText_family-01_channels_dossier_.entries_dc-1.b.q2_early_.variants_dc-1-b-q2-early-v4_.text,non_party_scripted_text,src/data/scriptedText,family-01,channels[dossier].entries[dc-1.b.q2|early].variants[dc-1-b-q2-early-v4].text,도운 건 맞습니다. 하지만 그때 저는 어머니 뜻을 바꾼다고 생각하지 않았습니다.,I did help. But at the time I did not think I was changing Mother's wishes.,手伝ったのは事実です。しかしその時、母の意思を変えているとは思っていませんでした。,我确实帮了忙。但当时我并不认为自己是在改变母亲的意愿。,"Scripted text channel without party a/b as speaker: system, judge, witness, dossier, mediation, aftermath, and milestone copy."
non_party_scripted_text_src_data_scriptedText_family-01_channels_dossier_.entries_dc-1.b.q2_early_.variants_dc-1-b-q2-early-v5_.behaviorHint,non_party_scripted_text,src/data/scriptedText,family-01,channels[dossier].entries[dc-1.b.q2|early].variants[dc-1-b-q2-early-v5].behaviorHint,숨을 고른 뒤 핵심 단어만 피해 간다.,"Catches his breath, then avoids only the key word.",息を整えた後、核心の言葉だけを避ける。,调整呼吸后，只避开核心词。,"Scripted text channel without party a/b as speaker: system, judge, witness, dossier, mediation, aftermath, and milestone copy."
non_party_scripted_text_src_data_scriptedText_family-01_channels_dossier_.entries_dc-1.b.q2_early_.variants_dc-1-b-q2-early-v5_.text,non_party_scripted_text,src/data/scriptedText,family-01,channels[dossier].entries[dc-1.b.q2|early].variants[dc-1-b-q2-early-v5].text,서류를 넘기고 손으로 짚어드렸습니다. 그 행동이 얼마나 큰 개입인지 늦게 알았습니다.,I turned the pages and pointed with my hand. I understood only late how large an intervention that action was.,書類をめくり、手で指して差し上げました。その行動がどれほど大きな介入だったのか、遅れて知りました。,我翻过文件，也用手指给她看。后来才明白，这个动作其实是很大的介入。,"Scripted text channel without party a/b as speaker: system, judge, witness, dossier, mediation, aftermath, and milestone copy."
non_party_scripted_text_src_data_scriptedText_family-01_channels_dossier_.entries_dc-1.b.q2_early_.variants_dc-1-b-q2-early-v6_.behaviorHint,non_party_scripted_text,src/data/scriptedText,family-01,channels[dossier].entries[dc-1.b.q2|early].variants[dc-1-b-q2-early-v6].behaviorHint,턱이 굳지만 목소리는 평평하게 유지한다.,"His jaw tightens, but his voice stays even.",顎はこわばるが、声は平らに保つ。,下颌绷紧，但声音保持平稳。,"Scripted text channel without party a/b as speaker: system, judge, witness, dossier, mediation, aftermath, and milestone copy."
non_party_scripted_text_src_data_scriptedText_family-01_channels_dossier_.entries_dc-1.b.q2_early_.variants_dc-1-b-q2-early-v6_.text,non_party_scripted_text,src/data/scriptedText,family-01,channels[dossier].entries[dc-1.b.q2|early].variants[dc-1-b-q2-early-v6].text,제가 곁에 있었던 건 사실입니다. 어머니가 불안해하셔서 비켜서지 못했습니다.,"It is true I was beside her. Mother was anxious, and I could not step away.",私がそばにいたのは事実です。母が不安がっていて、離れることができませんでした。,我在她身边是事实。母亲很不安，我没法退开。,"Scripted text channel without party a/b as speaker: system, judge, witness, dossier, mediation, aftermath, and milestone copy."
non_party_scripted_text_src_data_scriptedText_family-01_channels_dossier_.entries_dc-1.b.q2_early_.variants_dc-1-b-q2-early-v7_.behaviorHint,non_party_scripted_text,src/data/scriptedText,family-01,channels[dossier].entries[dc-1.b.q2|early].variants[dc-1-b-q2-early-v7].behaviorHint,짧게 고개를 끄덕이고 다시 선을 긋는다.,Gives a small nod and draws the line again.,短くうなずき、また線を引く。,短促点头后，再次划清界线。,"Scripted text channel without party a/b as speaker: system, judge, witness, dossier, mediation, aftermath, and milestone copy."
non_party_scripted_text_src_data_scriptedText_family-01_channels_dossier_.entries_dc-1.b.q2_early_.variants_dc-1-b-q2-early-v7_.text,non_party_scripted_text,src/data/scriptedText,family-01,channels[dossier].entries[dc-1.b.q2|early].variants[dc-1-b-q2-early-v7].text,"혼자 두면 더 혼란스러워하실 것 같았습니다. 그래서 옆에 있었지만, 대신 정한다고 보진 않았습니다.","I thought leaving her alone would confuse her more. So I stayed beside her, but I did not see it as deciding for her.",一人にすればさらに混乱すると思いました。だからそばにいましたが、代わりに決めているとは見ていませんでした。,我觉得让她一个人会更混乱，所以待在旁边。但我不认为那是在替她决定。,"Scripted text channel without party a/b as speaker: system, judge, witness, dossier, mediation, aftermath, and milestone copy."
non_party_scripted_text_src_data_scriptedText_family-01_channels_dossier_.entries_dc-1.b.q2_early_.variants_dc-1-b-q2-early-v8_.behaviorHint,non_party_scripted_text,src/data/scriptedText,family-01,channels[dossier].entries[dc-1.b.q2|early].variants[dc-1-b-q2-early-v8].behaviorHint,입술을 누른 뒤 필요한 사실만 꺼낸다.,"Presses his lips, then gives only the necessary facts.",唇を押さえた後、必要な事実だけを出す。,抿住嘴唇后，只说必要事实。,"Scripted text channel without party a/b as speaker: system, judge, witness, dossier, mediation, aftermath, and milestone copy."
non_party_scripted_text_src_data_scriptedText_family-01_channels_dossier_.entries_dc-1.b.q2_early_.variants_dc-1-b-q2-early-v8_.text,non_party_scripted_text,src/data/scriptedText,family-01,channels[dossier].entries[dc-1.b.q2|early].variants[dc-1-b-q2-early-v8].text,읽어드린 것과 결정한 것 사이에 선이 있다고 믿었습니다. 그 선이 흐려진 건 인정합니다.,I believed there was a line between reading to her and deciding for her. I admit that line became blurred.,読んで差し上げることと決めることの間には線があると信じていました。その線が曖昧になったことは認めます。,我以为读给她听和替她决定之间有一条线。我承认，那条线变模糊了。,"Scripted text channel without party a/b as speaker: system, judge, witness, dossier, mediation, aftermath, and milestone copy."
non_party_scripted_text_src_data_scriptedText_family-01_channels_dossier_.entries_dc-1.b.q2_early_.variants_dc-1-b-q2-early-v9_.behaviorHint,non_party_scripted_text,src/data/scriptedText,family-01,channels[dossier].entries[dc-1.b.q2|early].variants[dc-1-b-q2-early-v9].behaviorHint,감정은 누르고 문장 사이를 길게 둔다.,Suppresses emotion and leaves long gaps between sentences.,感情を抑え、文と文の間を長く取る。,压住情绪，在句子之间留出长停顿。,"Scripted text channel without party a/b as speaker: system, judge, witness, dossier, mediation, aftermath, and milestone copy."
non_party_scripted_text_src_data_scriptedText_family-01_channels_dossier_.entries_dc-1.b.q2_early_.variants_dc-1-b-q2-early-v9_.text,non_party_scripted_text,src/data/scriptedText,family-01,channels[dossier].entries[dc-1.b.q2|early].variants[dc-1-b-q2-early-v9].text,"재판관님, 제가 방관자였다고 말하진 않겠습니다. 다만 전부 제가 만든 판단도 아니었습니다.","Your Honor, I will not say I was only a bystander. But it was not entirely a judgment I created either.",裁判官、私が傍観者だったとは言いません。ただ、すべてが私の作った判断だったわけでもありません。,法官，我不会说自己只是旁观者。但也不是所有判断都是我制造出来的。,"Scripted text channel without party a/b as speaker: system, judge, witness, dossier, mediation, aftermath, and milestone copy."
non_party_scripted_text_src_data_scriptedText_family-01_channels_dossier_.entries_dc-1.b.q2_late_.variants_dc-1-b-q2-late-v1_.behaviorHint,non_party_scripted_text,src/data/scriptedText,family-01,channels[dossier].entries[dc-1.b.q2|late].variants[dc-1-b-q2-late-v1].behaviorHint,눈을 한 번 감았다 뜨고 낮게 고백한다.,"Closes his eyes once, opens them, and confesses quietly.",一度目を閉じて開き、低く告白する。,闭眼又睁开，低声坦白。,"Scripted text channel without party a/b as speaker: system, judge, witness, dossier, mediation, aftermath, and milestone copy."
non_party_scripted_text_src_data_scriptedText_family-01_channels_dossier_.entries_dc-1.b.q2_late_.variants_dc-1-b-q2-late-v1_.text,non_party_scripted_text,src/data/scriptedText,family-01,channels[dossier].entries[dc-1.b.q2|late].variants[dc-1-b-q2-late-v1].text,"어머니 뜻이 일부 남아 있었지만, 부족한 부분을 제 판단으로 메운 건 사실입니다.","Some of Mother's wishes remained, but it is true I filled the missing parts with my own judgment.",母の意思は一部残っていましたが、足りない部分を私の判断で埋めたのは事実です。,母亲的意愿有一部分仍然存在，但我用自己的判断填补了不足之处，这也是事实。,"Scripted text channel without party a/b as speaker: system, judge, witness, dossier, mediation, aftermath, and milestone copy."
non_party_scripted_text_src_data_scriptedText_family-01_channels_dossier_.entries_dc-1.b.q2_late_.variants_dc-1-b-q2-late-v10_.behaviorHint,non_party_scripted_text,src/data/scriptedText,family-01,channels[dossier].entries[dc-1.b.q2|late].variants[dc-1-b-q2-late-v10].behaviorHint,고개를 숙인 채 변명보다 책임을 앞세운다.,"With head lowered, puts responsibility before excuses.",頭を下げたまま、言い訳より責任を先に出す。,低着头，把责任放在辩解之前。,"Scripted text channel without party a/b as speaker: system, judge, witness, dossier, mediation, aftermath, and milestone copy."
non_party_scripted_text_src_data_scriptedText_family-01_channels_dossier_.entries_dc-1.b.q2_late_.variants_dc-1-b-q2-late-v10_.text,non_party_scripted_text,src/data/scriptedText,family-01,channels[dossier].entries[dc-1.b.q2|late].variants[dc-1-b-q2-late-v10].text,끝까지 곁에 있던 사람이어서 더 조심했어야 했습니다. 그런데 제가 제일 많이 개입했습니다.,"Because I was the one beside her until the end, I should have been more careful. Instead, I intervened the most.",最後までそばにいた人間だからこそ、もっと慎重であるべきでした。それなのに、私が一番多く介入しました。,正因为我是一直陪在她身边的人，本该更加谨慎。可我反而介入得最多。,"Scripted text channel without party a/b as speaker: system, judge, witness, dossier, mediation, aftermath, and milestone copy."
non_party_scripted_text_src_data_scriptedText_family-01_channels_dossier_.entries_dc-1.b.q2_late_.variants_dc-1-b-q2-late-v2_.behaviorHint,non_party_scripted_text,src/data/scriptedText,family-01,channels[dossier].entries[dc-1.b.q2|late].variants[dc-1-b-q2-late-v2].behaviorHint,목소리가 마지막 문장에서 미세하게 갈라진다.,His voice cracks faintly in the final sentence.,最後の文で声がかすかに割れる。,声音在最后一句微微发颤。,"Scripted text channel without party a/b as speaker: system, judge, witness, dossier, mediation, aftermath, and milestone copy."
non_party_scripted_text_src_data_scriptedText_family-01_channels_dossier_.entries_dc-1.b.q2_late_.variants_dc-1-b-q2-late-v2_.text,non_party_scripted_text,src/data/scriptedText,family-01,channels[dossier].entries[dc-1.b.q2|late].variants[dc-1-b-q2-late-v2].text,저는 읽어드린 사람이 아니라 방향을 잡은 사람이었습니다. 그 순간부터 책임이 생겼습니다.,"I was not just the person who read it to her; I was the person who set the direction. From that moment, responsibility began.",私は読んで差し上げた人ではなく、方向を決めた人でした。その瞬間から責任が生じました。,我不是单纯读给她听的人，而是定下方向的人。从那一刻起，责任就产生了。,"Scripted text channel without party a/b as speaker: system, judge, witness, dossier, mediation, aftermath, and milestone copy."
non_party_scripted_text_src_data_scriptedText_family-01_channels_dossier_.entries_dc-1.b.q2_late_.variants_dc-1-b-q2-late-v3_.behaviorHint,non_party_scripted_text,src/data/scriptedText,family-01,channels[dossier].entries[dc-1.b.q2|late].variants[dc-1-b-q2-late-v3].behaviorHint,담담한 표정이 무너지지 않지만 숨이 길어진다.,"His calm expression does not break, but his breathing lengthens.",淡々とした表情は崩れないが、息が長くなる。,平静表情没有崩塌，但呼吸变长。,"Scripted text channel without party a/b as speaker: system, judge, witness, dossier, mediation, aftermath, and milestone copy."
non_party_scripted_text_src_data_scriptedText_family-01_channels_dossier_.entries_dc-1.b.q2_late_.variants_dc-1-b-q2-late-v3_.text,non_party_scripted_text,src/data/scriptedText,family-01,channels[dossier].entries[dc-1.b.q2|late].variants[dc-1-b-q2-late-v3].text,어머니가 망설일 때마다 제가 결론 쪽으로 끌고 갔습니다. 도움이라고 부르기엔 선을 넘었습니다.,"Whenever Mother hesitated, I pulled her toward a conclusion. That crossed the line of help.",母が迷うたびに、私が結論のほうへ引っ張りました。助けと呼ぶには線を越えていました。,母亲每次犹豫，我都把她往结论那边带。这已经越过了“帮助”的线。,"Scripted text channel without party a/b as speaker: system, judge, witness, dossier, mediation, aftermath, and milestone copy."
non_party_scripted_text_src_data_scriptedText_family-01_channels_dossier_.entries_dc-1.b.q2_late_.variants_dc-1-b-q2-late-v4_.behaviorHint,non_party_scripted_text,src/data/scriptedText,family-01,channels[dossier].entries[dc-1.b.q2|late].variants[dc-1-b-q2-late-v4].behaviorHint,더 숨기지 않겠다는 듯 문장을 끝까지 잇는다.,Carries the sentence to the end as if he will hide no more.,これ以上隠さないというように、文を最後までつなぐ。,像是不再隐瞒一样，把句子说到最后。,"Scripted text channel without party a/b as speaker: system, judge, witness, dossier, mediation, aftermath, and milestone copy."
non_party_scripted_text_src_data_scriptedText_family-01_channels_dossier_.entries_dc-1.b.q2_late_.variants_dc-1-b-q2-late-v4_.text,non_party_scripted_text,src/data/scriptedText,family-01,channels[dossier].entries[dc-1.b.q2|late].variants[dc-1-b-q2-late-v4].text,판단 능력이 완전히 없었다고 말하진 않겠습니다. 다만 그 빈틈을 제가 붙잡았습니다.,I will not say Mother had completely lost capacity. But I seized on the gaps.,判断能力が完全になかったとは言いません。ただ、その隙間を私がつかみました。,我不会说母亲完全没有判断能力。但我抓住了其中的空隙。,"Scripted text channel without party a/b as speaker: system, judge, witness, dossier, mediation, aftermath, and milestone copy."
non_party_scripted_text_src_data_scriptedText_family-01_channels_dossier_.entries_dc-1.b.q2_late_.variants_dc-1-b-q2-late-v5_.behaviorHint,non_party_scripted_text,src/data/scriptedText,family-01,channels[dossier].entries[dc-1.b.q2|late].variants[dc-1-b-q2-late-v5].behaviorHint,형 쪽을 보지 못한 채 책임을 인정한다.,Admits responsibility without being able to look toward his brother.,兄の方を見られないまま責任を認める。,无法看向哥哥，却承认责任。,"Scripted text channel without party a/b as speaker: system, judge, witness, dossier, mediation, aftermath, and milestone copy."
non_party_scripted_text_src_data_scriptedText_family-01_channels_dossier_.entries_dc-1.b.q2_late_.variants_dc-1-b-q2-late-v5_.text,non_party_scripted_text,src/data/scriptedText,family-01,channels[dossier].entries[dc-1.b.q2|late].variants[dc-1-b-q2-late-v5].text,"재판관님, 제가 어머니 의사를 확인했다기보다 제 방식으로 정리한 대목이 있습니다.","Your Honor, there are parts where I did not so much confirm Mother's intent as arrange it in my own way.",裁判官、私が母の意思を確認したというより、自分のやり方で整理した箇所があります。,法官，有些部分与其说是确认母亲的意思，不如说是我按自己的方式整理了它。,"Scripted text channel without party a/b as speaker: system, judge, witness, dossier, mediation, aftermath, and milestone copy."
non_party_scripted_text_src_data_scriptedText_family-01_channels_dossier_.entries_dc-1.b.q2_late_.variants_dc-1-b-q2-late-v6_.behaviorHint,non_party_scripted_text,src/data/scriptedText,family-01,channels[dossier].entries[dc-1.b.q2|late].variants[dc-1-b-q2-late-v6].behaviorHint,서류에서 손을 떼고 재판관을 똑바로 본다.,Takes his hands off the document and looks straight at the Judge.,書類から手を離し、裁判官をまっすぐ見る。,把手从文件上移开，直视法官。,"Scripted text channel without party a/b as speaker: system, judge, witness, dossier, mediation, aftermath, and milestone copy."
non_party_scripted_text_src_data_scriptedText_family-01_channels_dossier_.entries_dc-1.b.q2_late_.variants_dc-1-b-q2-late-v6_.text,non_party_scripted_text,src/data/scriptedText,family-01,channels[dossier].entries[dc-1.b.q2|late].variants[dc-1-b-q2-late-v6].text,그날의 문서는 어머니 뜻과 제 판단이 섞인 결과입니다. 섞이게 만든 사람은 저입니다.,The document that day was the result of Mother's wishes mixed with my judgment. I am the one who made them mix.,あの日の文書は、母の意思と私の判断が混ざった結果です。混ざるようにしたのは私です。,那天的文件是母亲意愿和我的判断混在一起的结果。让它们混在一起的人是我。,"Scripted text channel without party a/b as speaker: system, judge, witness, dossier, mediation, aftermath, and milestone copy."
non_party_scripted_text_src_data_scriptedText_family-01_channels_dossier_.entries_dc-1.b.q2_late_.variants_dc-1-b-q2-late-v7_.behaviorHint,non_party_scripted_text,src/data/scriptedText,family-01,channels[dossier].entries[dc-1.b.q2|late].variants[dc-1-b-q2-late-v7].behaviorHint,오래 참은 말을 한꺼번에 꺼내듯 이어 간다.,Continues as if releasing words long held back.,長くこらえていた言葉を一気に出すように続ける。,像一下说出压抑已久的话一样继续。,"Scripted text channel without party a/b as speaker: system, judge, witness, dossier, mediation, aftermath, and milestone copy."
non_party_scripted_text_src_data_scriptedText_family-01_channels_dossier_.entries_dc-1.b.q2_late_.variants_dc-1-b-q2-late-v7_.text,non_party_scripted_text,src/data/scriptedText,family-01,channels[dossier].entries[dc-1.b.q2|late].variants[dc-1-b-q2-late-v7].text,제가 멈췄어야 할 때 멈추지 않았습니다. 절차를 마친다는 이유로 대신 결정했습니다.,"I did not stop when I should have. Under the excuse of completing the procedure, I decided in her place.",止まるべき時に止まりませんでした。手続きを終えるという理由で、代わりに決めました。,我该停的时候没有停。以完成程序为由，我替她作了决定。,"Scripted text channel without party a/b as speaker: system, judge, witness, dossier, mediation, aftermath, and milestone copy."
non_party_scripted_text_src_data_scriptedText_family-01_channels_dossier_.entries_dc-1.b.q2_late_.variants_dc-1-b-q2-late-v8_.behaviorHint,non_party_scripted_text,src/data/scriptedText,family-01,channels[dossier].entries[dc-1.b.q2|late].variants[dc-1-b-q2-late-v8].behaviorHint,말끝이 낮아지지만 핵심은 흐리지 않는다.,"His ending falls low, but the core does not blur.",語尾は低くなるが、核心はぼかさない。,句尾低下，但核心不模糊。,"Scripted text channel without party a/b as speaker: system, judge, witness, dossier, mediation, aftermath, and milestone copy."
non_party_scripted_text_src_data_scriptedText_family-01_channels_dossier_.entries_dc-1.b.q2_late_.variants_dc-1-b-q2-late-v8_.text,non_party_scripted_text,src/data/scriptedText,family-01,channels[dossier].entries[dc-1.b.q2|late].variants[dc-1-b-q2-late-v8].text,"어머니가 이해하신 부분만 남겨야 했는데, 저는 이해하지 못한 부분까지 진행했습니다.","I should have left only the parts Mother understood, but I proceeded even through the parts she did not understand.",母が理解した部分だけを残すべきでしたが、私は理解できていない部分まで進めました。,本该只留下母亲理解的部分，可我连她不理解的部分也推进了。,"Scripted text channel without party a/b as speaker: system, judge, witness, dossier, mediation, aftermath, and milestone copy."
non_party_scripted_text_src_data_scriptedText_family-01_channels_dossier_.entries_dc-1.b.q2_late_.variants_dc-1-b-q2-late-v9_.behaviorHint,non_party_scripted_text,src/data/scriptedText,family-01,channels[dossier].entries[dc-1.b.q2|late].variants[dc-1-b-q2-late-v9].behaviorHint,침묵 뒤에 가장 무거운 사실을 놓는다.,"After a silence, places the heaviest fact on the record.",沈黙の後、最も重い事実を置く。,沉默之后说出最沉重的事实。,"Scripted text channel without party a/b as speaker: system, judge, witness, dossier, mediation, aftermath, and milestone copy."
non_party_scripted_text_src_data_scriptedText_family-01_channels_dossier_.entries_dc-1.b.q2_late_.variants_dc-1-b-q2-late-v9_.text,non_party_scripted_text,src/data/scriptedText,family-01,channels[dossier].entries[dc-1.b.q2|late].variants[dc-1-b-q2-late-v9].text,도움의 선을 넘었다는 걸 이제 인정합니다. 그 선을 흐린 책임은 제게 있습니다.,I now admit I crossed the line of help. The responsibility for blurring that line is mine.,助けの線を越えたことを今は認めます。その線を曖昧にした責任は私にあります。,我现在承认自己越过了帮助的线。把那条线弄模糊的责任在我。,"Scripted text channel without party a/b as speaker: system, judge, witness, dossier, mediation, aftermath, and milestone copy."
non_party_scripted_text_src_data_scriptedText_family-01_channels_dossier_.entries_dc-1.b.q2_mid_.variants_dc-1-b-q2-mid-v1_.behaviorHint,non_party_scripted_text,src/data/scriptedText,family-01,channels[dossier].entries[dc-1.b.q2|mid].variants[dc-1-b-q2-mid-v1].behaviorHint,말을 고르다 한 번 숨을 길게 내쉰다.,"Chooses his words, then lets out one long breath.",言葉を選び、一度長く息を吐く。,斟酌措辞后长长呼出一口气。,"Scripted text channel without party a/b as speaker: system, judge, witness, dossier, mediation, aftermath, and milestone copy."
non_party_scripted_text_src_data_scriptedText_family-01_channels_dossier_.entries_dc-1.b.q2_mid_.variants_dc-1-b-q2-mid-v1_.text,non_party_scripted_text,src/data/scriptedText,family-01,channels[dossier].entries[dc-1.b.q2|mid].variants[dc-1-b-q2-mid-v1].text,제가 문장을 읽고 순서를 잡았습니다. 어머니가 멈출 때마다 제가 다시 설명한 것도 맞습니다.,I read the sentences and set the order. It is also true that I explained again whenever Mother stopped.,私が文章を読み、順序を決めました。母が止まるたびに私がまた説明したことも事実です。,我读了句子，也安排了顺序。母亲每次停下时，我又重新解释，这也是事实。,"Scripted text channel without party a/b as speaker: system, judge, witness, dossier, mediation, aftermath, and milestone copy."
non_party_scripted_text_src_data_scriptedText_family-01_channels_dossier_.entries_dc-1.b.q2_mid_.variants_dc-1-b-q2-mid-v10_.behaviorHint,non_party_scripted_text,src/data/scriptedText,family-01,channels[dossier].entries[dc-1.b.q2|mid].variants[dc-1-b-q2-mid-v10].behaviorHint,흔들림을 숨기려 자세를 곧게 세운다.,Straightens his posture to hide his wavering.,揺らぎを隠すように姿勢を正す。,挺直姿势，试图掩饰动摇。,"Scripted text channel without party a/b as speaker: system, judge, witness, dossier, mediation, aftermath, and milestone copy."
non_party_scripted_text_src_data_scriptedText_family-01_channels_dossier_.entries_dc-1.b.q2_mid_.variants_dc-1-b-q2-mid-v10_.text,non_party_scripted_text,src/data/scriptedText,family-01,channels[dossier].entries[dc-1.b.q2|mid].variants[dc-1-b-q2-mid-v10].text,"재판관님, 어머니 의사가 사라진 건 아니나 제 개입도 분명히 남았습니다.","Your Honor, Mother's intent did not disappear, but my involvement also clearly remained.",裁判官、母の意思が消えたわけではありませんが、私の介入もはっきり残りました。,法官，母亲的意愿并没有消失，但我的介入也明确留下来了。,"Scripted text channel without party a/b as speaker: system, judge, witness, dossier, mediation, aftermath, and milestone copy."
non_party_scripted_text_src_data_scriptedText_family-01_channels_dossier_.entries_dc-1.b.q2_mid_.variants_dc-1-b-q2-mid-v2_.behaviorHint,non_party_scripted_text,src/data/scriptedText,family-01,channels[dossier].entries[dc-1.b.q2|mid].variants[dc-1-b-q2-mid-v2].behaviorHint,책상 모서리를 천천히 문지르며 답한다.,Answers while slowly rubbing the edge of the desk.,机の角をゆっくりなでながら答える。,一边慢慢摩挲桌角一边回答。,"Scripted text channel without party a/b as speaker: system, judge, witness, dossier, mediation, aftermath, and milestone copy."
non_party_scripted_text_src_data_scriptedText_family-01_channels_dossier_.entries_dc-1.b.q2_mid_.variants_dc-1-b-q2-mid-v2_.text,non_party_scripted_text,src/data/scriptedText,family-01,channels[dossier].entries[dc-1.b.q2|mid].variants[dc-1-b-q2-mid-v2].text,단순히 옆에 선 정도는 아니었습니다. 어느 부분을 봐야 하는지 제가 계속 짚었습니다.,It was not merely standing beside her. I kept pointing out which parts she should look at.,単にそばに立っていた程度ではありませんでした。どの部分を見るべきか、私がずっと指していました。,那不只是站在旁边。我一直指出她应该看哪些部分。,"Scripted text channel without party a/b as speaker: system, judge, witness, dossier, mediation, aftermath, and milestone copy."
non_party_scripted_text_src_data_scriptedText_family-01_channels_dossier_.entries_dc-1.b.q2_mid_.variants_dc-1-b-q2-mid-v3_.behaviorHint,non_party_scripted_text,src/data/scriptedText,family-01,channels[dossier].entries[dc-1.b.q2|mid].variants[dc-1-b-q2-mid-v3].behaviorHint,핵심에 이르면 시선을 피하지 않는다.,Does not avert his eyes when he reaches the key point.,核心に至ると視線をそらさない。,说到核心时不回避视线。,"Scripted text channel without party a/b as speaker: system, judge, witness, dossier, mediation, aftermath, and milestone copy."
non_party_scripted_text_src_data_scriptedText_family-01_channels_dossier_.entries_dc-1.b.q2_mid_.variants_dc-1-b-q2-mid-v3_.text,non_party_scripted_text,src/data/scriptedText,family-01,channels[dossier].entries[dc-1.b.q2|mid].variants[dc-1-b-q2-mid-v3].text,"어머니 뜻이 남아 있었다고 믿었지만, 절차의 속도와 방향은 제가 많이 잡았습니다.","I believed Mother's wishes were still there, but I set much of the speed and direction of the procedure.",母の意思は残っていると信じていましたが、手続きの速度と方向は私がかなり握りました。,我相信母亲的意愿仍在，但程序的速度和方向很大程度上由我掌握。,"Scripted text channel without party a/b as speaker: system, judge, witness, dossier, mediation, aftermath, and milestone copy."
non_party_scripted_text_src_data_scriptedText_family-01_channels_dossier_.entries_dc-1.b.q2_mid_.variants_dc-1-b-q2-mid-v4_.behaviorHint,non_party_scripted_text,src/data/scriptedText,family-01,channels[dossier].entries[dc-1.b.q2|mid].variants[dc-1-b-q2-mid-v4].behaviorHint,낮은 목소리지만 인정 대목은 또렷하다.,"His voice is low, but the admission is clear.",低い声だが、認める部分ははっきりしている。,声音很低，但承认的部分很清楚。,"Scripted text channel without party a/b as speaker: system, judge, witness, dossier, mediation, aftermath, and milestone copy."
non_party_scripted_text_src_data_scriptedText_family-01_channels_dossier_.entries_dc-1.b.q2_mid_.variants_dc-1-b-q2-mid-v4_.text,non_party_scripted_text,src/data/scriptedText,family-01,channels[dossier].entries[dc-1.b.q2|mid].variants[dc-1-b-q2-mid-v4].text,도움과 결정의 경계가 흐려졌습니다. 저는 그 흐림을 알면서도 멈추지 않았습니다.,The boundary between help and decision blurred. I knew it was blurred and still did not stop.,助けと決定の境界が曖昧になりました。私はその曖昧さを知りながら止まりませんでした。,帮助和决定之间的界线变模糊了。我知道它变模糊，却仍没有停下。,"Scripted text channel without party a/b as speaker: system, judge, witness, dossier, mediation, aftermath, and milestone copy."
non_party_scripted_text_src_data_scriptedText_family-01_channels_dossier_.entries_dc-1.b.q2_mid_.variants_dc-1-b-q2-mid-v5_.behaviorHint,non_party_scripted_text,src/data/scriptedText,family-01,channels[dossier].entries[dc-1.b.q2|mid].variants[dc-1-b-q2-mid-v5].behaviorHint,짧게 끊어 말하다가 이유에서 길어진다.,"Speaks in short fragments, then lengthens when giving the reason.",短く切って話し、理由のところで長くなる。,说话短促，到理由处变得更长。,"Scripted text channel without party a/b as speaker: system, judge, witness, dossier, mediation, aftermath, and milestone copy."
non_party_scripted_text_src_data_scriptedText_family-01_channels_dossier_.entries_dc-1.b.q2_mid_.variants_dc-1-b-q2-mid-v5_.text,non_party_scripted_text,src/data/scriptedText,family-01,channels[dossier].entries[dc-1.b.q2|mid].variants[dc-1-b-q2-mid-v5].text,어머니가 고개를 끄덕이면 저는 그걸 동의로 받아들였습니다. 너무 쉽게 해석한 부분이 있습니다.,"When Mother nodded, I took it as consent. There were parts I interpreted too easily.",母がうなずくと、私はそれを同意として受け取りました。あまりに簡単に解釈した部分があります。,母亲点头时，我就把它当成同意。有些地方我解释得太轻易了。,"Scripted text channel without party a/b as speaker: system, judge, witness, dossier, mediation, aftermath, and milestone copy."
non_party_scripted_text_src_data_scriptedText_family-01_channels_dossier_.entries_dc-1.b.q2_mid_.variants_dc-1-b-q2-mid-v6_.behaviorHint,non_party_scripted_text,src/data/scriptedText,family-01,channels[dossier].entries[dc-1.b.q2|mid].variants[dc-1-b-q2-mid-v6].behaviorHint,형 쪽을 보려다 다시 재판관을 본다.,"Starts to look toward his brother, then looks back at the Judge.",兄の方を見ようとして、また裁判官を見る。,想看向哥哥，又重新看向法官。,"Scripted text channel without party a/b as speaker: system, judge, witness, dossier, mediation, aftermath, and milestone copy."
non_party_scripted_text_src_data_scriptedText_family-01_channels_dossier_.entries_dc-1.b.q2_mid_.variants_dc-1-b-q2-mid-v6_.text,non_party_scripted_text,src/data/scriptedText,family-01,channels[dossier].entries[dc-1.b.q2|mid].variants[dc-1-b-q2-mid-v6].text,제가 읽는 방식에 따라 어머니가 따라오셨습니다. 그러니 제 영향이 없었다고 할 수 없습니다.,Mother followed the way I read. So I cannot say my influence was absent.,私の読み方に合わせて母がついてきました。だから私の影響がなかったとは言えません。,母亲跟着我的读法走。所以我不能说自己没有影响。,"Scripted text channel without party a/b as speaker: system, judge, witness, dossier, mediation, aftermath, and milestone copy."
non_party_scripted_text_src_data_scriptedText_family-01_channels_dossier_.entries_dc-1.b.q2_mid_.variants_dc-1-b-q2-mid-v7_.behaviorHint,non_party_scripted_text,src/data/scriptedText,family-01,channels[dossier].entries[dc-1.b.q2|mid].variants[dc-1-b-q2-mid-v7].behaviorHint,감정을 눌러 두며 책임 단어를 피하지 않는다.,Keeps emotion down and does not avoid the word responsibility.,感情を抑えながら、責任という言葉を避けない。,压住情绪，不回避“责任”这个词。,"Scripted text channel without party a/b as speaker: system, judge, witness, dossier, mediation, aftermath, and milestone copy."
non_party_scripted_text_src_data_scriptedText_family-01_channels_dossier_.entries_dc-1.b.q2_mid_.variants_dc-1-b-q2-mid-v7_.text,non_party_scripted_text,src/data/scriptedText,family-01,channels[dossier].entries[dc-1.b.q2|mid].variants[dc-1-b-q2-mid-v7].text,그날 저는 지키는 사람처럼 굴었지만 실제로는 진행자에 가까웠습니다. 그 점은 인정합니다.,"That day I acted like a protector, but in reality I was closer to a facilitator. I admit that.",あの日、私は守る人のように振る舞いましたが、実際には進行役に近かったのです。その点は認めます。,那天我表现得像是在保护她，但实际上更接近一个推动程序的人。这点我承认。,"Scripted text channel without party a/b as speaker: system, judge, witness, dossier, mediation, aftermath, and milestone copy."
non_party_scripted_text_src_data_scriptedText_family-01_channels_dossier_.entries_dc-1.b.q2_mid_.variants_dc-1-b-q2-mid-v8_.behaviorHint,non_party_scripted_text,src/data/scriptedText,family-01,channels[dossier].entries[dc-1.b.q2|mid].variants[dc-1-b-q2-mid-v8].behaviorHint,문장 끝마다 잠깐 멈추며 범위를 조정한다.,Pauses at the end of each sentence to adjust the scope.,文末ごとに少し止まり、範囲を調整する。,每句话末尾短暂停顿，调整范围。,"Scripted text channel without party a/b as speaker: system, judge, witness, dossier, mediation, aftermath, and milestone copy."
non_party_scripted_text_src_data_scriptedText_family-01_channels_dossier_.entries_dc-1.b.q2_mid_.variants_dc-1-b-q2-mid-v8_.text,non_party_scripted_text,src/data/scriptedText,family-01,channels[dossier].entries[dc-1.b.q2|mid].variants[dc-1-b-q2-mid-v8].text,"어머니가 이해하신 부분도 있었지만, 제가 빈칸을 메운 부분도 있었습니다.","There were parts Mother understood, but there were also blanks I filled in.",母が理解した部分もありましたが、私が空白を埋めた部分もありました。,母亲理解的部分也有，但也有我填补空白的部分。,"Scripted text channel without party a/b as speaker: system, judge, witness, dossier, mediation, aftermath, and milestone copy."
non_party_scripted_text_src_data_scriptedText_family-01_channels_dossier_.entries_dc-1.b.q2_mid_.variants_dc-1-b-q2-mid-v9_.behaviorHint,non_party_scripted_text,src/data/scriptedText,family-01,channels[dossier].entries[dc-1.b.q2|mid].variants[dc-1-b-q2-mid-v9].behaviorHint,기록을 떠올리듯 날짜 대신 순서를 짚는다.,"Traces the sequence rather than dates, as if recalling the record.",記録を思い出すように、日付ではなく順序をたどる。,像回忆记录一样，不说日期而是梳理顺序。,"Scripted text channel without party a/b as speaker: system, judge, witness, dossier, mediation, aftermath, and milestone copy."
non_party_scripted_text_src_data_scriptedText_family-01_channels_dossier_.entries_dc-1.b.q2_mid_.variants_dc-1-b-q2-mid-v9_.text,non_party_scripted_text,src/data/scriptedText,family-01,channels[dossier].entries[dc-1.b.q2|mid].variants[dc-1-b-q2-mid-v9].text,선은 제가 정해야 했는데 못 정했습니다. 도와드린다는 말로 계속 앞으로 밀었습니다.,"I should have set the line, but I failed to do so. I kept pushing forward under the word “help.”",線は私が引くべきでしたが、引けませんでした。手伝うという言葉で前へ押し続けました。,那条线本该由我划清，但我没有做到。我以“帮忙”为名继续往前推。,"Scripted text channel without party a/b as speaker: system, judge, witness, dossier, mediation, aftermath, and milestone copy."
non_party_scripted_text_src_data_scriptedText_family-01_channels_dossier_.entries_dc-2.b.q1_early_.variants_dc-2-b-q1-early-v1_.behaviorHint,non_party_scripted_text,src/data/scriptedText,family-01,channels[dossier].entries[dc-2.b.q1|early].variants[dc-2-b-q1-early-v1].behaviorHint,대답 전 한 박자 멈추고 서류 끝을 본다.,Pauses one beat before answering and looks at the edge of the document.,答える前に一拍置き、書類の端を見る。,回答前停顿一拍，看向文件边缘。,"Scripted text channel without party a/b as speaker: system, judge, witness, dossier, mediation, aftermath, and milestone copy."
non_party_scripted_text_src_data_scriptedText_family-01_channels_dossier_.entries_dc-2.b.q1_early_.variants_dc-2-b-q1-early-v1_.text,non_party_scripted_text,src/data/scriptedText,family-01,channels[dossier].entries[dc-2.b.q1|early].variants[dc-2-b-q1-early-v1].text,최종 서류가 제 손을 거친 건 맞습니다. 다만 그걸 제 이익을 위한 숫자로만 보진 않았습니다.,It is true the final document passed through my hands. But I did not see those numbers only as something for my own benefit.,最終書類が私の手を経たのは事実です。ただ、その数字を私の利益のためだけのものとは見ていませんでした。,最终文件经过我的手是真的。但我并没有只把那些数字看成是为了我自己的利益。,"Scripted text channel without party a/b as speaker: system, judge, witness, dossier, mediation, aftermath, and milestone copy."
non_party_scripted_text_src_data_scriptedText_family-01_channels_dossier_.entries_dc-2.b.q1_early_.variants_dc-2-b-q1-early-v10_.behaviorHint,non_party_scripted_text,src/data/scriptedText,family-01,channels[dossier].entries[dc-2.b.q1|early].variants[dc-2-b-q1-early-v10].behaviorHint,끝까지 담담하게 말하려 애쓴다.,Tries to speak calmly to the end.,最後まで淡々と話そうとする。,努力平静地说到最后。,"Scripted text channel without party a/b as speaker: system, judge, witness, dossier, mediation, aftermath, and milestone copy."
non_party_scripted_text_src_data_scriptedText_family-01_channels_dossier_.entries_dc-2.b.q1_early_.variants_dc-2-b-q1-early-v10_.text,non_party_scripted_text,src/data/scriptedText,family-01,channels[dossier].entries[dc-2.b.q1|early].variants[dc-2-b-q1-early-v10].text,최종 제출은 제 책임입니다. 다만 그 책임의 이유까지 돈으로만 묶을 수는 없습니다.,The final submission is my responsibility. But the reason for that responsibility cannot be tied only to money.,最終提出は私の責任です。ただ、その責任の理由まで金だけに結びつけることはできません。,最终提交是我的责任。但这份责任的理由不能只和钱绑在一起。,"Scripted text channel without party a/b as speaker: system, judge, witness, dossier, mediation, aftermath, and milestone copy."
non_party_scripted_text_src_data_scriptedText_family-01_channels_dossier_.entries_dc-2.b.q1_early_.variants_dc-2-b-q1-early-v2_.behaviorHint,non_party_scripted_text,src/data/scriptedText,family-01,channels[dossier].entries[dc-2.b.q1|early].variants[dc-2-b-q1-early-v2].behaviorHint,낮은 목소리로 인정 범위를 먼저 자른다.,"In a low voice, first limits the scope of admission.",低い声で、まず認める範囲を切る。,用低声先限定承认范围。,"Scripted text channel without party a/b as speaker: system, judge, witness, dossier, mediation, aftermath, and milestone copy."
non_party_scripted_text_src_data_scriptedText_family-01_channels_dossier_.entries_dc-2.b.q1_early_.variants_dc-2-b-q1-early-v2_.text,non_party_scripted_text,src/data/scriptedText,family-01,channels[dossier].entries[dc-2.b.q1|early].variants[dc-2-b-q1-early-v2].text,같은 날 문서가 달라진 사실을 모른 척할 수는 없습니다. 저는 그 변화를 가볍게 여기지 않았습니다.,I cannot pretend not to know that the document changed that day. I did not take that change lightly.,同じ日に文書が変わった事実を知らないふりはできません。私はその変化を軽く見ていませんでした。,我不能假装不知道同一天文件发生了变化。我并没有轻看那个变化。,"Scripted text channel without party a/b as speaker: system, judge, witness, dossier, mediation, aftermath, and milestone copy."
non_party_scripted_text_src_data_scriptedText_family-01_channels_dossier_.entries_dc-2.b.q1_early_.variants_dc-2-b-q1-early-v3_.behaviorHint,non_party_scripted_text,src/data/scriptedText,family-01,channels[dossier].entries[dc-2.b.q1|early].variants[dc-2-b-q1-early-v3].behaviorHint,시선을 오래 피하지 않지만 말끝은 닫는다.,"Does not avoid the gaze for long, but closes off the ending.",長く視線を避けはしないが、語尾は閉じる。,没有长久避开视线，但句尾收住。,"Scripted text channel without party a/b as speaker: system, judge, witness, dossier, mediation, aftermath, and milestone copy."
non_party_scripted_text_src_data_scriptedText_family-01_channels_dossier_.entries_dc-2.b.q1_early_.variants_dc-2-b-q1-early-v3_.text,non_party_scripted_text,src/data/scriptedText,family-01,channels[dossier].entries[dc-2.b.q1|early].variants[dc-2-b-q1-early-v3].text,다시 낸 서류에 제 판단이 들어간 건 인정합니다. 하지만 이유를 한 줄로 말하긴 어렵습니다.,I admit my judgment entered the document I resubmitted. But it is hard to explain the reason in one line.,出し直した書類に私の判断が入ったことは認めます。ですが、理由を一行で言うのは難しいです。,我承认重新提交的文件里有我的判断。但理由很难用一句话说明。,"Scripted text channel without party a/b as speaker: system, judge, witness, dossier, mediation, aftermath, and milestone copy."
non_party_scripted_text_src_data_scriptedText_family-01_channels_dossier_.entries_dc-2.b.q1_early_.variants_dc-2-b-q1-early-v4_.behaviorHint,non_party_scripted_text,src/data/scriptedText,family-01,channels[dossier].entries[dc-2.b.q1|early].variants[dc-2-b-q1-early-v4].behaviorHint,손가락을 포개 쥔 채 조심스럽게 답한다.,Answers carefully with his fingers folded together.,指を重ねて握ったまま慎重に答える。,手指交叠握着，小心回答。,"Scripted text channel without party a/b as speaker: system, judge, witness, dossier, mediation, aftermath, and milestone copy."
non_party_scripted_text_src_data_scriptedText_family-01_channels_dossier_.entries_dc-2.b.q1_early_.variants_dc-2-b-q1-early-v4_.text,non_party_scripted_text,src/data/scriptedText,family-01,channels[dossier].entries[dc-2.b.q1|early].variants[dc-2-b-q1-early-v4].text,제가 제출한 쪽이 마지막 문서였습니다. 그 사실 자체는 피하지 않겠습니다.,The document I submitted was the final one. I will not avoid that fact itself.,私が提出したものが最後の文書でした。その事実自体からは逃げません。,我提交的是最后的文件。这个事实本身我不会回避。,"Scripted text channel without party a/b as speaker: system, judge, witness, dossier, mediation, aftermath, and milestone copy."
non_party_scripted_text_src_data_scriptedText_family-01_channels_dossier_.entries_dc-2.b.q1_early_.variants_dc-2-b-q1-early-v5_.behaviorHint,non_party_scripted_text,src/data/scriptedText,family-01,channels[dossier].entries[dc-2.b.q1|early].variants[dc-2-b-q1-early-v5].behaviorHint,숨을 고른 뒤 핵심 단어만 피해 간다.,"Catches his breath, then avoids only the key word.",息を整えた後、核心の言葉だけを避ける。,调整呼吸后，只避开核心词。,"Scripted text channel without party a/b as speaker: system, judge, witness, dossier, mediation, aftermath, and milestone copy."
non_party_scripted_text_src_data_scriptedText_family-01_channels_dossier_.entries_dc-2.b.q1_early_.variants_dc-2-b-q1-early-v5_.text,non_party_scripted_text,src/data/scriptedText,family-01,channels[dossier].entries[dc-2.b.q1|early].variants[dc-2-b-q1-early-v5].text,원래 비율을 그대로 두는 게 더 큰 다툼을 부를 거라고 봤습니다. 그래서 손을 댔습니다.,I thought leaving the original ratio as it was would cause a larger fight. So I touched it.,元の比率をそのままにすれば、もっと大きな争いを呼ぶと思いました。だから手を加えました。,我觉得如果保留原来的比例，会引发更大的争执。所以我动了它。,"Scripted text channel without party a/b as speaker: system, judge, witness, dossier, mediation, aftermath, and milestone copy."
non_party_scripted_text_src_data_scriptedText_family-01_channels_dossier_.entries_dc-2.b.q1_early_.variants_dc-2-b-q1-early-v6_.behaviorHint,non_party_scripted_text,src/data/scriptedText,family-01,channels[dossier].entries[dc-2.b.q1|early].variants[dc-2-b-q1-early-v6].behaviorHint,턱이 굳지만 목소리는 평평하게 유지한다.,"His jaw tightens, but his voice stays even.",顎はこわばるが、声は平らに保つ。,下颌绷紧，但声音保持平稳。,"Scripted text channel without party a/b as speaker: system, judge, witness, dossier, mediation, aftermath, and milestone copy."
non_party_scripted_text_src_data_scriptedText_family-01_channels_dossier_.entries_dc-2.b.q1_early_.variants_dc-2-b-q1-early-v6_.text,non_party_scripted_text,src/data/scriptedText,family-01,channels[dossier].entries[dc-2.b.q1|early].variants[dc-2-b-q1-early-v6].text,"재판관님, 제가 더 가지려고 낸 서류는 아닙니다. 그 정도는 분명히 말씀드리겠습니다.","Your Honor, the document I filed was not to take more for myself. That much I want to make clear.",裁判官、私が出した書類は、私がもっと取るためのものではありません。その点ははっきり申し上げます。,法官，我提交那份文件不是为了让自己多拿。这一点我要明确说明。,"Scripted text channel without party a/b as speaker: system, judge, witness, dossier, mediation, aftermath, and milestone copy."
non_party_scripted_text_src_data_scriptedText_family-01_channels_dossier_.entries_dc-2.b.q1_early_.variants_dc-2-b-q1-early-v7_.behaviorHint,non_party_scripted_text,src/data/scriptedText,family-01,channels[dossier].entries[dc-2.b.q1|early].variants[dc-2-b-q1-early-v7].behaviorHint,짧게 고개를 끄덕이고 다시 선을 긋는다.,Gives a small nod and draws the line again.,短くうなずき、また線を引く。,短促点头后，再次划清界线。,"Scripted text channel without party a/b as speaker: system, judge, witness, dossier, mediation, aftermath, and milestone copy."
non_party_scripted_text_src_data_scriptedText_family-01_channels_dossier_.entries_dc-2.b.q1_early_.variants_dc-2-b-q1-early-v7_.text,non_party_scripted_text,src/data/scriptedText,family-01,channels[dossier].entries[dc-2.b.q1|early].variants[dc-2-b-q1-early-v7].text,공증본을 다시 낸 사람은 저입니다. 다만 그 선택은 욕심보다 두려움에 가까웠습니다.,I am the one who resubmitted the notarized copy. But that choice was closer to fear than greed.,公証本を出し直したのは私です。ただ、その選択は欲よりも恐れに近いものでした。,重新提交公证本的人是我。但那个选择比起贪心，更接近恐惧。,"Scripted text channel without party a/b as speaker: system, judge, witness, dossier, mediation, aftermath, and milestone copy."
non_party_scripted_text_src_data_scriptedText_family-01_channels_dossier_.entries_dc-2.b.q1_early_.variants_dc-2-b-q1-early-v8_.behaviorHint,non_party_scripted_text,src/data/scriptedText,family-01,channels[dossier].entries[dc-2.b.q1|early].variants[dc-2-b-q1-early-v8].behaviorHint,입술을 누른 뒤 필요한 사실만 꺼낸다.,"Presses his lips, then gives only the necessary facts.",唇を押さえた後、必要な事実だけを出す。,抿住嘴唇后，只说必要事实。,"Scripted text channel without party a/b as speaker: system, judge, witness, dossier, mediation, aftermath, and milestone copy."
non_party_scripted_text_src_data_scriptedText_family-01_channels_dossier_.entries_dc-2.b.q1_early_.variants_dc-2-b-q1-early-v8_.text,non_party_scripted_text,src/data/scriptedText,family-01,channels[dossier].entries[dc-2.b.q1|early].variants[dc-2-b-q1-early-v8].text,문서가 바뀐 흐름에서 제가 빠져 있었다고 말하진 않겠습니다. 하지만 계산은 단순하지 않았습니다.,I will not say I was absent from the flow in which the document changed. But the calculation was not simple.,文書が変わった流れに私がいなかったとは言いません。しかし、計算は単純ではありませんでした。,我不会说自己不在文件变化的过程中。但其中的考虑并不简单。,"Scripted text channel without party a/b as speaker: system, judge, witness, dossier, mediation, aftermath, and milestone copy."
non_party_scripted_text_src_data_scriptedText_family-01_channels_dossier_.entries_dc-2.b.q1_early_.variants_dc-2-b-q1-early-v9_.behaviorHint,non_party_scripted_text,src/data/scriptedText,family-01,channels[dossier].entries[dc-2.b.q1|early].variants[dc-2-b-q1-early-v9].behaviorHint,감정은 누르고 문장 사이를 길게 둔다.,Suppresses emotion and leaves long gaps between sentences.,感情を抑え、文と文の間を長く取る。,压住情绪，在句子之间留出长停顿。,"Scripted text channel without party a/b as speaker: system, judge, witness, dossier, mediation, aftermath, and milestone copy."
non_party_scripted_text_src_data_scriptedText_family-01_channels_dossier_.entries_dc-2.b.q1_early_.variants_dc-2-b-q1-early-v9_.text,non_party_scripted_text,src/data/scriptedText,family-01,channels[dossier].entries[dc-2.b.q1|early].variants[dc-2-b-q1-early-v9].text,저는 그 숫자가 형에게 어떤 폭발을 만들지 먼저 떠올렸습니다. 그래서 다시 냈습니다.,I first thought of what kind of explosion those numbers would create for my brother. That is why I resubmitted it.,私はまず、その数字が兄にどんな爆発を起こすかを考えました。だから出し直しました。,我首先想到那些数字会让哥哥爆发成什么样。所以我重新提交了。,"Scripted text channel without party a/b as speaker: system, judge, witness, dossier, mediation, aftermath, and milestone copy."
non_party_scripted_text_src_data_scriptedText_family-01_channels_dossier_.entries_dc-2.b.q1_late_.variants_dc-2-b-q1-late-v1_.behaviorHint,non_party_scripted_text,src/data/scriptedText,family-01,channels[dossier].entries[dc-2.b.q1|late].variants[dc-2-b-q1-late-v1].behaviorHint,눈을 한 번 감았다 뜨고 낮게 고백한다.,"Closes his eyes once, opens them, and confesses quietly.",一度目を閉じて開き、低く告白する。,闭眼又睁开，低声坦白。,"Scripted text channel without party a/b as speaker: system, judge, witness, dossier, mediation, aftermath, and milestone copy."
non_party_scripted_text_src_data_scriptedText_family-01_channels_dossier_.entries_dc-2.b.q1_late_.variants_dc-2-b-q1-late-v1_.text,non_party_scripted_text,src/data/scriptedText,family-01,channels[dossier].entries[dc-2.b.q1|late].variants[dc-2-b-q1-late-v1].text,"제가 바꿨습니다. 어머니가 남긴 제 몫 90, 형 몫 10의 자필 연습본을 알고도 제 몫 60, 형 몫 40으로 낮춰 제출했습니다.","I changed it. Even knowing the handwritten draft gave me 90 and my brother 10, I submitted it reduced to 60 for me and 40 for him.",私が変えました。自筆下書きでは私の取り分が90、兄の取り分が10だと知りながら、私を60、兄を40に下げて提出しました。,是我改的。我明知亲笔草稿写的是我90、哥哥10，却把它降成我60、哥哥40后提交了。,"Scripted text channel without party a/b as speaker: system, judge, witness, dossier, mediation, aftermath, and milestone copy."
non_party_scripted_text_src_data_scriptedText_family-01_channels_dossier_.entries_dc-2.b.q1_late_.variants_dc-2-b-q1-late-v10_.behaviorHint,non_party_scripted_text,src/data/scriptedText,family-01,channels[dossier].entries[dc-2.b.q1|late].variants[dc-2-b-q1-late-v10].behaviorHint,고개를 숙인 채 변명보다 책임을 앞세운다.,"With head lowered, puts responsibility before excuses.",頭を下げたまま、言い訳より責任を先に出す。,低着头，把责任放在辩解之前。,"Scripted text channel without party a/b as speaker: system, judge, witness, dossier, mediation, aftermath, and milestone copy."
non_party_scripted_text_src_data_scriptedText_family-01_channels_dossier_.entries_dc-2.b.q1_late_.variants_dc-2-b-q1-late-v10_.text,non_party_scripted_text,src/data/scriptedText,family-01,channels[dossier].entries[dc-2.b.q1|late].variants[dc-2-b-q1-late-v10].text,"돈을 더 얻으려던 일은 아니었지만, 그래서 죄가 작아지는 건 아닙니다. 제가 고쳤습니다.","It was not done to get more money, but that does not make the offense smaller. I changed it.",金をもっと得るためではありませんでした。だからといって罪が小さくなるわけではありません。私が直しました。,这不是为了多拿钱，但也不会因此让罪责变小。是我改了。,"Scripted text channel without party a/b as speaker: system, judge, witness, dossier, mediation, aftermath, and milestone copy."
non_party_scripted_text_src_data_scriptedText_family-01_channels_dossier_.entries_dc-2.b.q1_late_.variants_dc-2-b-q1-late-v2_.behaviorHint,non_party_scripted_text,src/data/scriptedText,family-01,channels[dossier].entries[dc-2.b.q1|late].variants[dc-2-b-q1-late-v2].behaviorHint,목소리가 마지막 문장에서 미세하게 갈라진다.,His voice cracks faintly in the final sentence.,最後の文で声がかすかに割れる。,声音在最后一句微微发颤。,"Scripted text channel without party a/b as speaker: system, judge, witness, dossier, mediation, aftermath, and milestone copy."
non_party_scripted_text_src_data_scriptedText_family-01_channels_dossier_.entries_dc-2.b.q1_late_.variants_dc-2-b-q1-late-v2_.text,non_party_scripted_text,src/data/scriptedText,family-01,channels[dossier].entries[dc-2.b.q1|late].variants[dc-2-b-q1-late-v2].text,그 문서는 제 책임입니다. 더 받기 위해서가 아니라 형이 자필 연습본을 보지 않게 하려 고쳤습니다.,"That document is my responsibility. I changed it not to receive more, but to keep my brother from seeing the handwritten draft.",その文書は私の責任です。もっと受け取るためではなく、兄に自筆下書きを見せないために直しました。,那份文件是我的责任。我修改它不是为了多拿，而是为了不让哥哥看到亲笔草稿。,"Scripted text channel without party a/b as speaker: system, judge, witness, dossier, mediation, aftermath, and milestone copy."
non_party_scripted_text_src_data_scriptedText_family-01_channels_dossier_.entries_dc-2.b.q1_late_.variants_dc-2-b-q1-late-v3_.behaviorHint,non_party_scripted_text,src/data/scriptedText,family-01,channels[dossier].entries[dc-2.b.q1|late].variants[dc-2-b-q1-late-v3].behaviorHint,담담한 표정이 무너지지 않지만 숨이 길어진다.,"His calm expression does not break, but his breathing lengthens.",淡々とした表情は崩れないが、息が長くなる。,平静表情没有崩塌，但呼吸变长。,"Scripted text channel without party a/b as speaker: system, judge, witness, dossier, mediation, aftermath, and milestone copy."
non_party_scripted_text_src_data_scriptedText_family-01_channels_dossier_.entries_dc-2.b.q1_late_.variants_dc-2-b-q1-late-v3_.text,non_party_scripted_text,src/data/scriptedText,family-01,channels[dossier].entries[dc-2.b.q1|late].variants[dc-2-b-q1-late-v3].text,어머니 뜻을 제 손으로 잘라냈습니다. 형을 지킨다는 명분이 있었지만 위법한 선택이었습니다.,"I cut down Mother's wishes with my own hands. I had the excuse of protecting my brother, but it was an unlawful choice.",私は母の意思を自分の手で切り落としました。兄を守るという名目はありましたが、違法な選択でした。,我亲手削掉了母亲的意愿。虽然有保护哥哥的名义，但那是违法的选择。,"Scripted text channel without party a/b as speaker: system, judge, witness, dossier, mediation, aftermath, and milestone copy."
non_party_scripted_text_src_data_scriptedText_family-01_channels_dossier_.entries_dc-2.b.q1_late_.variants_dc-2-b-q1-late-v4_.behaviorHint,non_party_scripted_text,src/data/scriptedText,family-01,channels[dossier].entries[dc-2.b.q1|late].variants[dc-2-b-q1-late-v4].behaviorHint,더 숨기지 않겠다는 듯 문장을 끝까지 잇는다.,Carries the sentence to the end as if he will hide no more.,これ以上隠さないというように、文を最後までつなぐ。,像是不再隐瞒一样，把句子说到最后。,"Scripted text channel without party a/b as speaker: system, judge, witness, dossier, mediation, aftermath, and milestone copy."
non_party_scripted_text_src_data_scriptedText_family-01_channels_dossier_.entries_dc-2.b.q1_late_.variants_dc-2-b-q1-late-v4_.text,non_party_scripted_text,src/data/scriptedText,family-01,channels[dossier].entries[dc-2.b.q1|late].variants[dc-2-b-q1-late-v4].text,"재판관님, 자필 연습본을 그대로 두면 제 출생과 관련한 민감한 가족사까지 열릴까 봐 두려웠습니다. 그래서 제 몫을 90에서 60으로 낮췄습니다.","Your Honor, I feared that if the handwritten draft remained as it was, a sensitive family matter tied to my birth would be opened as well. So I lowered my share from 90 to 60.",裁判官、自筆下書きをそのままにすれば、私の出生に関わる敏感な家族史まで開かれるのではないかと怖かったのです。だから私の取り分を90から60へ下げました。,法官，我害怕如果亲笔草稿照原样留下，与我出生有关的敏感家事也会被打开。所以我把自己的份额从90降到了60。,"Scripted text channel without party a/b as speaker: system, judge, witness, dossier, mediation, aftermath, and milestone copy."
non_party_scripted_text_src_data_scriptedText_family-01_channels_dossier_.entries_dc-2.b.q1_late_.variants_dc-2-b-q1-late-v5_.behaviorHint,non_party_scripted_text,src/data/scriptedText,family-01,channels[dossier].entries[dc-2.b.q1|late].variants[dc-2-b-q1-late-v5].behaviorHint,형 쪽을 보지 못한 채 책임을 인정한다.,Admits responsibility without being able to look toward his brother.,兄の方を見られないまま責任を認める。,无法看向哥哥，却承认责任。,"Scripted text channel without party a/b as speaker: system, judge, witness, dossier, mediation, aftermath, and milestone copy."
non_party_scripted_text_src_data_scriptedText_family-01_channels_dossier_.entries_dc-2.b.q1_late_.variants_dc-2-b-q1-late-v5_.text,non_party_scripted_text,src/data/scriptedText,family-01,channels[dossier].entries[dc-2.b.q1|late].variants[dc-2-b-q1-late-v5].text,저는 형이 감당할 수 있는 숫자를 제가 정할 권리가 있다고 착각했습니다. 그래서 문서를 고쳤습니다.,I mistakenly thought I had the right to decide what numbers my brother could bear. That is why I altered the document.,兄が受け止められる数字を私が決める権利があると勘違いしました。だから文書を直しました。,我误以为自己有权决定哥哥能承受什么数字。所以我改了文件。,"Scripted text channel without party a/b as speaker: system, judge, witness, dossier, mediation, aftermath, and milestone copy."
non_party_scripted_text_src_data_scriptedText_family-01_channels_dossier_.entries_dc-2.b.q1_late_.variants_dc-2-b-q1-late-v6_.behaviorHint,non_party_scripted_text,src/data/scriptedText,family-01,channels[dossier].entries[dc-2.b.q1|late].variants[dc-2-b-q1-late-v6].behaviorHint,서류에서 손을 떼고 재판관을 똑바로 본다.,Takes his hands off the document and looks straight at the Judge.,書類から手を離し、裁判官をまっすぐ見る。,把手从文件上移开，直视法官。,"Scripted text channel without party a/b as speaker: system, judge, witness, dossier, mediation, aftermath, and milestone copy."
non_party_scripted_text_src_data_scriptedText_family-01_channels_dossier_.entries_dc-2.b.q1_late_.variants_dc-2-b-q1-late-v6_.text,non_party_scripted_text,src/data/scriptedText,family-01,channels[dossier].entries[dc-2.b.q1|late].variants[dc-2-b-q1-late-v6].text,제 몫을 줄였다는 사실이 책임을 없애진 않습니다. 어머니 뜻을 고친 사람은 저입니다.,The fact that I reduced my share does not erase responsibility. I am the one who changed Mother's wishes.,私の取り分を減らしたという事実は責任を消しません。母の意思を直したのは私です。,我减少了自己的份额，这并不能消除责任。改动母亲意愿的人是我。,"Scripted text channel without party a/b as speaker: system, judge, witness, dossier, mediation, aftermath, and milestone copy."
non_party_scripted_text_src_data_scriptedText_family-01_channels_dossier_.entries_dc-2.b.q1_late_.variants_dc-2-b-q1-late-v7_.behaviorHint,non_party_scripted_text,src/data/scriptedText,family-01,channels[dossier].entries[dc-2.b.q1|late].variants[dc-2-b-q1-late-v7].behaviorHint,오래 참은 말을 한꺼번에 꺼내듯 이어 간다.,Continues as if releasing words long held back.,長くこらえていた言葉を一気に出すように続ける。,像一下说出压抑已久的话一样继续。,"Scripted text channel without party a/b as speaker: system, judge, witness, dossier, mediation, aftermath, and milestone copy."
non_party_scripted_text_src_data_scriptedText_family-01_channels_dossier_.entries_dc-2.b.q1_late_.variants_dc-2-b-q1-late-v7_.text,non_party_scripted_text,src/data/scriptedText,family-01,channels[dossier].entries[dc-2.b.q1|late].variants[dc-2-b-q1-late-v7].text,"그날 마지막으로 서류를 낸 사람도, 자필 연습본을 막은 사람도 저였습니다. 변명하지 않겠습니다.","The person who filed the papers last that day was me, and the person who blocked the handwritten draft was also me. I will not make excuses.",あの日最後に書類を出した人も、自筆下書きを止めた人も私でした。言い訳はしません。,那天最后提交文件的人是我，挡住亲笔草稿的人也是我。我不辩解。,"Scripted text channel without party a/b as speaker: system, judge, witness, dossier, mediation, aftermath, and milestone copy."
non_party_scripted_text_src_data_scriptedText_family-01_channels_dossier_.entries_dc-2.b.q1_late_.variants_dc-2-b-q1-late-v8_.behaviorHint,non_party_scripted_text,src/data/scriptedText,family-01,channels[dossier].entries[dc-2.b.q1|late].variants[dc-2-b-q1-late-v8].behaviorHint,말끝이 낮아지지만 핵심은 흐리지 않는다.,"His ending falls low, but the core does not blur.",語尾は低くなるが、核心はぼかさない。,句尾低下，但核心不模糊。,"Scripted text channel without party a/b as speaker: system, judge, witness, dossier, mediation, aftermath, and milestone copy."
non_party_scripted_text_src_data_scriptedText_family-01_channels_dossier_.entries_dc-2.b.q1_late_.variants_dc-2-b-q1-late-v8_.text,non_party_scripted_text,src/data/scriptedText,family-01,channels[dossier].entries[dc-2.b.q1|late].variants[dc-2-b-q1-late-v8].text,형이 덜 다치게 하려 했다는 말로는 부족합니다. 제가 어머니 뜻에 손댄 건 사실입니다.,Saying I tried to spare my brother is not enough. It is true I touched Mother's wishes.,兄を少しでも傷つけないようにしたという言葉では足りません。私が母の意思に手を加えたのは事実です。,说我是想让哥哥少受伤，这还不够。事实是我动了母亲的意愿。,"Scripted text channel without party a/b as speaker: system, judge, witness, dossier, mediation, aftermath, and milestone copy."
non_party_scripted_text_src_data_scriptedText_family-01_channels_dossier_.entries_dc-2.b.q1_late_.variants_dc-2-b-q1-late-v9_.behaviorHint,non_party_scripted_text,src/data/scriptedText,family-01,channels[dossier].entries[dc-2.b.q1|late].variants[dc-2-b-q1-late-v9].behaviorHint,침묵 뒤에 가장 무거운 사실을 놓는다.,"After a silence, places the heaviest fact on the record.",沈黙の後、最も重い事実を置く。,沉默之后说出最沉重的事实。,"Scripted text channel without party a/b as speaker: system, judge, witness, dossier, mediation, aftermath, and milestone copy."
non_party_scripted_text_src_data_scriptedText_family-01_channels_dossier_.entries_dc-2.b.q1_late_.variants_dc-2-b-q1-late-v9_.text,non_party_scripted_text,src/data/scriptedText,family-01,channels[dossier].entries[dc-2.b.q1|late].variants[dc-2-b-q1-late-v9].text,"저는 제 몫 90, 형 몫 10인 자필 연습본의 이유가 드러나는 것을 막으려 제 몫 60, 형 몫 40이라는 거짓 안전선을 만들었습니다.","I created a false safety line of 60 for me and 40 for my brother to stop the reason for the handwritten draft—90 for me, 10 for him—from being exposed.",私は、私90・兄10という自筆下書きの理由が露わになるのを防ぐため、私60・兄40という偽の安全線を作りました。,我为了阻止“我90、哥哥10”的亲笔草稿理由被揭开，制造了“我60、哥哥40”的虚假安全线。,"Scripted text channel without party a/b as speaker: system, judge, witness, dossier, mediation, aftermath, and milestone copy."
non_party_scripted_text_src_data_scriptedText_family-01_channels_dossier_.entries_dc-2.b.q1_mid_.variants_dc-2-b-q1-mid-v1_.behaviorHint,non_party_scripted_text,src/data/scriptedText,family-01,channels[dossier].entries[dc-2.b.q1|mid].variants[dc-2-b-q1-mid-v1].behaviorHint,말을 고르다 한 번 숨을 길게 내쉰다.,"Chooses his words, then lets out one long breath.",言葉を選び、一度長く息を吐く。,斟酌措辞后长长呼出一口气。,"Scripted text channel without party a/b as speaker: system, judge, witness, dossier, mediation, aftermath, and milestone copy."
non_party_scripted_text_src_data_scriptedText_family-01_channels_dossier_.entries_dc-2.b.q1_mid_.variants_dc-2-b-q1-mid-v1_.text,non_party_scripted_text,src/data/scriptedText,family-01,channels[dossier].entries[dc-2.b.q1|mid].variants[dc-2-b-q1-mid-v1].text,"자필 연습본에서는 제 몫이 훨씬 컸고, 공증본에서는 제가 제 몫을 낮췄습니다. 그 판단은 제가 했습니다. 형이 자필 연습본을 견디지 못할 거라 봤습니다.","In the handwritten draft my share was much larger, and in the notarized copy I lowered it. That judgment was mine. I thought my brother could not withstand the handwritten draft.",自筆下書きでは私の取り分がずっと大きく、公証本では私が自分の取り分を下げました。その判断は私がしました。兄は自筆下書きに耐えられないと思いました。,亲笔草稿里我的份额大得多，而公证本里我降低了自己的份额。那个判断是我作的。我认为哥哥承受不了亲笔草稿。,"Scripted text channel without party a/b as speaker: system, judge, witness, dossier, mediation, aftermath, and milestone copy."
non_party_scripted_text_src_data_scriptedText_family-01_channels_dossier_.entries_dc-2.b.q1_mid_.variants_dc-2-b-q1-mid-v10_.behaviorHint,non_party_scripted_text,src/data/scriptedText,family-01,channels[dossier].entries[dc-2.b.q1|mid].variants[dc-2-b-q1-mid-v10].behaviorHint,흔들림을 숨기려 자세를 곧게 세운다.,Straightens his posture to hide his wavering.,揺らぎを隠すように姿勢を正す。,挺直姿势，试图掩饰动摇。,"Scripted text channel without party a/b as speaker: system, judge, witness, dossier, mediation, aftermath, and milestone copy."
non_party_scripted_text_src_data_scriptedText_family-01_channels_dossier_.entries_dc-2.b.q1_mid_.variants_dc-2-b-q1-mid-v10_.text,non_party_scripted_text,src/data/scriptedText,family-01,channels[dossier].entries[dc-2.b.q1|mid].variants[dc-2-b-q1-mid-v10].text,공증 제출 전 제가 멈췄어야 했습니다. 하지만 자필 연습본의 이유가 열릴 뒤끝이 더 무서웠습니다.,I should have stopped before notarized submission. But I was more afraid of what would come after the reasons for the handwritten draft were opened.,公証提出の前に、私が止まるべきでした。けれど、自筆下書きの理由が開かれた後のことのほうが怖かったのです。,在提交公证前，我本该停下。但我更害怕亲笔草稿的理由被打开后的后果。,"Scripted text channel without party a/b as speaker: system, judge, witness, dossier, mediation, aftermath, and milestone copy."
non_party_scripted_text_src_data_scriptedText_family-01_channels_dossier_.entries_dc-2.b.q1_mid_.variants_dc-2-b-q1-mid-v2_.behaviorHint,non_party_scripted_text,src/data/scriptedText,family-01,channels[dossier].entries[dc-2.b.q1|mid].variants[dc-2-b-q1-mid-v2].behaviorHint,책상 모서리를 천천히 문지르며 답한다.,Answers while slowly rubbing the edge of the desk.,机の角をゆっくりなでながら答える。,一边慢慢摩挲桌角一边回答。,"Scripted text channel without party a/b as speaker: system, judge, witness, dossier, mediation, aftermath, and milestone copy."
non_party_scripted_text_src_data_scriptedText_family-01_channels_dossier_.entries_dc-2.b.q1_mid_.variants_dc-2-b-q1-mid-v2_.text,non_party_scripted_text,src/data/scriptedText,family-01,channels[dossier].entries[dc-2.b.q1|mid].variants[dc-2-b-q1-mid-v2].text,제가 다시 낸 서류는 제 몫을 줄인 서류였습니다. 더 받기 위한 손질은 아니었습니다.,The document I resubmitted reduced my own share. It was not an edit to receive more.,私が出し直した書類は、私の取り分を減らす書類でした。より多く受け取るための手直しではありませんでした。,我重新提交的文件是减少自己份额的文件。那不是为了多拿而做的改动。,"Scripted text channel without party a/b as speaker: system, judge, witness, dossier, mediation, aftermath, and milestone copy."
non_party_scripted_text_src_data_scriptedText_family-01_channels_dossier_.entries_dc-2.b.q1_mid_.variants_dc-2-b-q1-mid-v3_.behaviorHint,non_party_scripted_text,src/data/scriptedText,family-01,channels[dossier].entries[dc-2.b.q1|mid].variants[dc-2-b-q1-mid-v3].behaviorHint,핵심에 이르면 시선을 피하지 않는다.,Does not avert his eyes when he reaches the key point.,核心に至ると視線をそらさない。,说到核心时不回避视线。,"Scripted text channel without party a/b as speaker: system, judge, witness, dossier, mediation, aftermath, and milestone copy."
non_party_scripted_text_src_data_scriptedText_family-01_channels_dossier_.entries_dc-2.b.q1_mid_.variants_dc-2-b-q1-mid-v3_.text,non_party_scripted_text,src/data/scriptedText,family-01,channels[dossier].entries[dc-2.b.q1|mid].variants[dc-2-b-q1-mid-v3].text,자필 연습본을 그대로 내면 형이 상속보다 이유를 먼저 물을 거라고 봤습니다. 그래서 제 몫을 낮추는 쪽으로 바꿨습니다.,"If I submitted the handwritten draft as it was, I thought my brother would ask the reason before the inheritance itself. So I changed it in the direction of lowering my share.",自筆下書きをそのまま出せば、兄は相続より先に理由を尋ねると思いました。だから私の取り分を下げる方向に変えました。,如果照原样提交亲笔草稿，我觉得哥哥会先问理由，而不是继承本身。所以我把它改成降低自己份额的方向。,"Scripted text channel without party a/b as speaker: system, judge, witness, dossier, mediation, aftermath, and milestone copy."
non_party_scripted_text_src_data_scriptedText_family-01_channels_dossier_.entries_dc-2.b.q1_mid_.variants_dc-2-b-q1-mid-v4_.behaviorHint,non_party_scripted_text,src/data/scriptedText,family-01,channels[dossier].entries[dc-2.b.q1|mid].variants[dc-2-b-q1-mid-v4].behaviorHint,낮은 목소리지만 인정 대목은 또렷하다.,"His voice is low, but the admission is clear.",低い声だが、認める部分ははっきりしている。,声音很低，但承认的部分很清楚。,"Scripted text channel without party a/b as speaker: system, judge, witness, dossier, mediation, aftermath, and milestone copy."
non_party_scripted_text_src_data_scriptedText_family-01_channels_dossier_.entries_dc-2.b.q1_mid_.variants_dc-2-b-q1-mid-v4_.text,non_party_scripted_text,src/data/scriptedText,family-01,channels[dossier].entries[dc-2.b.q1|mid].variants[dc-2-b-q1-mid-v4].text,원래 숫자를 알면서도 낮췄습니다. 형이 모욕으로 받아들일 상황을 줄이려 했습니다.,I knew the original numbers and still lowered them. I was trying to reduce a situation my brother would take as an insult.,元の数字を知りながら下げました。兄が侮辱として受け取る状況を減らそうとしました。,我明知道原来的数字，却还是降低了。我想减少哥哥会觉得被羞辱的情况。,"Scripted text channel without party a/b as speaker: system, judge, witness, dossier, mediation, aftermath, and milestone copy."
non_party_scripted_text_src_data_scriptedText_family-01_channels_dossier_.entries_dc-2.b.q1_mid_.variants_dc-2-b-q1-mid-v5_.behaviorHint,non_party_scripted_text,src/data/scriptedText,family-01,channels[dossier].entries[dc-2.b.q1|mid].variants[dc-2-b-q1-mid-v5].behaviorHint,짧게 끊어 말하다가 이유에서 길어진다.,"Speaks in short fragments, then lengthens when giving the reason.",短く切って話し、理由のところで長くなる。,说话短促，到理由处变得更长。,"Scripted text channel without party a/b as speaker: system, judge, witness, dossier, mediation, aftermath, and milestone copy."
non_party_scripted_text_src_data_scriptedText_family-01_channels_dossier_.entries_dc-2.b.q1_mid_.variants_dc-2-b-q1-mid-v5_.text,non_party_scripted_text,src/data/scriptedText,family-01,channels[dossier].entries[dc-2.b.q1|mid].variants[dc-2-b-q1-mid-v5].text,"재판관님, 저는 자필 연습본을 감췄습니다. 형이 그 비율의 이유까지 파고들까 두려웠습니다.","Your Honor, I hid the handwritten draft. I was afraid my brother would dig into the reason for that ratio.",裁判官、私は自筆下書きを隠しました。兄がその比率の理由まで掘り下げるのが怖かったのです。,法官，我隐藏了亲笔草稿。我害怕哥哥会追问那个比例的理由。,"Scripted text channel without party a/b as speaker: system, judge, witness, dossier, mediation, aftermath, and milestone copy."
non_party_scripted_text_src_data_scriptedText_family-01_channels_dossier_.entries_dc-2.b.q1_mid_.variants_dc-2-b-q1-mid-v6_.behaviorHint,non_party_scripted_text,src/data/scriptedText,family-01,channels[dossier].entries[dc-2.b.q1|mid].variants[dc-2-b-q1-mid-v6].behaviorHint,형 쪽을 보려다 다시 재판관을 본다.,"Starts to look toward his brother, then looks back at the Judge.",兄の方を見ようとして、また裁判官を見る。,想看向哥哥，又重新看向法官。,"Scripted text channel without party a/b as speaker: system, judge, witness, dossier, mediation, aftermath, and milestone copy."
non_party_scripted_text_src_data_scriptedText_family-01_channels_dossier_.entries_dc-2.b.q1_mid_.variants_dc-2-b-q1-mid-v6_.text,non_party_scripted_text,src/data/scriptedText,family-01,channels[dossier].entries[dc-2.b.q1|mid].variants[dc-2-b-q1-mid-v6].text,그 변경은 우연이 아닙니다. 제가 형이 받아들일 만한 선이라고 멋대로 정했습니다.,That change was not accidental. I arbitrarily decided the line my brother could accept.,その変更は偶然ではありません。私が、兄が受け入れられる線だと勝手に決めました。,那个变更不是偶然。我擅自决定了哥哥可以接受的界线。,"Scripted text channel without party a/b as speaker: system, judge, witness, dossier, mediation, aftermath, and milestone copy."
non_party_scripted_text_src_data_scriptedText_family-01_channels_dossier_.entries_dc-2.b.q1_mid_.variants_dc-2-b-q1-mid-v7_.behaviorHint,non_party_scripted_text,src/data/scriptedText,family-01,channels[dossier].entries[dc-2.b.q1|mid].variants[dc-2-b-q1-mid-v7].behaviorHint,감정을 눌러 두며 책임 단어를 피하지 않는다.,Keeps emotion down and does not avoid the word responsibility.,感情を抑えながら、責任という言葉を避けない。,压住情绪，不回避“责任”这个词。,"Scripted text channel without party a/b as speaker: system, judge, witness, dossier, mediation, aftermath, and milestone copy."
non_party_scripted_text_src_data_scriptedText_family-01_channels_dossier_.entries_dc-2.b.q1_mid_.variants_dc-2-b-q1-mid-v7_.text,non_party_scripted_text,src/data/scriptedText,family-01,channels[dossier].entries[dc-2.b.q1|mid].variants[dc-2-b-q1-mid-v7].text,어머니 뜻을 몰라서 바꾼 게 아닙니다. 알고 있었기 때문에 오히려 위험하다고 생각했습니다.,"I did not change it because I did not know Mother's wishes. I knew them, and that made me think they were dangerous.",母の意思を知らなかったから変えたのではありません。知っていたからこそ、むしろ危ないと思いました。,我不是因为不知道母亲的意愿才改的。正因为知道，才反而觉得危险。,"Scripted text channel without party a/b as speaker: system, judge, witness, dossier, mediation, aftermath, and milestone copy."
non_party_scripted_text_src_data_scriptedText_family-01_channels_dossier_.entries_dc-2.b.q1_mid_.variants_dc-2-b-q1-mid-v8_.behaviorHint,non_party_scripted_text,src/data/scriptedText,family-01,channels[dossier].entries[dc-2.b.q1|mid].variants[dc-2-b-q1-mid-v8].behaviorHint,문장 끝마다 잠깐 멈추며 범위를 조정한다.,Pauses at the end of each sentence to adjust the scope.,文末ごとに少し止まり、範囲を調整する。,每句话末尾短暂停顿，调整范围。,"Scripted text channel without party a/b as speaker: system, judge, witness, dossier, mediation, aftermath, and milestone copy."
non_party_scripted_text_src_data_scriptedText_family-01_channels_dossier_.entries_dc-2.b.q1_mid_.variants_dc-2-b-q1-mid-v8_.text,non_party_scripted_text,src/data/scriptedText,family-01,channels[dossier].entries[dc-2.b.q1|mid].variants[dc-2-b-q1-mid-v8].text,제 몫을 줄이면 다툼이 작아질 거라고 착각했습니다. 그 착각이 문서를 바꿨습니다.,I thought reducing my share would make the conflict smaller. That mistake changed the document.,私の取り分を減らせば争いが小さくなると勘違いしました。その勘違いが文書を変えました。,我误以为减少自己的份额会让争执变小。这个误判改变了文件。,"Scripted text channel without party a/b as speaker: system, judge, witness, dossier, mediation, aftermath, and milestone copy."
non_party_scripted_text_src_data_scriptedText_family-01_channels_dossier_.entries_dc-2.b.q1_mid_.variants_dc-2-b-q1-mid-v9_.behaviorHint,non_party_scripted_text,src/data/scriptedText,family-01,channels[dossier].entries[dc-2.b.q1|mid].variants[dc-2-b-q1-mid-v9].behaviorHint,기록을 떠올리듯 날짜 대신 순서를 짚는다.,"Traces the sequence rather than dates, as if recalling the record.",記録を思い出すように、日付ではなく順序をたどる。,像回忆记录一样，不说日期而是梳理顺序。,"Scripted text channel without party a/b as speaker: system, judge, witness, dossier, mediation, aftermath, and milestone copy."
non_party_scripted_text_src_data_scriptedText_family-01_channels_dossier_.entries_dc-2.b.q1_mid_.variants_dc-2-b-q1-mid-v9_.text,non_party_scripted_text,src/data/scriptedText,family-01,channels[dossier].entries[dc-2.b.q1|mid].variants[dc-2-b-q1-mid-v9].text,"형의 분노를 예상했고, 그 분노를 숫자로 눌러 보려 했습니다. 지금은 그게 잘못임을 압니다.",I expected my brother's anger and tried to press that anger down with numbers. Now I know that was wrong.,兄の怒りを予想し、その怒りを数字で抑えようとしました。今はそれが間違いだったと分かります。,我预料到哥哥会愤怒，想用数字压住那份愤怒。现在我知道那是错的。,"Scripted text channel without party a/b as speaker: system, judge, witness, dossier, mediation, aftermath, and milestone copy."
non_party_scripted_text_src_data_scriptedText_family-01_channels_dossier_.entries_dc-2.b.q2_early_.variants_dc-2-b-q2-early-v1_.behaviorHint,non_party_scripted_text,src/data/scriptedText,family-01,channels[dossier].entries[dc-2.b.q2|early].variants[dc-2-b-q2-early-v1].behaviorHint,대답 전 한 박자 멈추고 서류 끝을 본다.,Pauses one beat before answering and looks at the edge of the document.,答える前に一拍置き、書類の端を見る。,回答前停顿一拍，看向文件边缘。,"Scripted text channel without party a/b as speaker: system, judge, witness, dossier, mediation, aftermath, and milestone copy."
non_party_scripted_text_src_data_scriptedText_family-01_channels_dossier_.entries_dc-2.b.q2_early_.variants_dc-2-b-q2-early-v1_.text,non_party_scripted_text,src/data/scriptedText,family-01,channels[dossier].entries[dc-2.b.q2|early].variants[dc-2-b-q2-early-v1].text,막으려 한 건 형이 끝까지 파고드는 상황이었습니다. 그 끝이 어디로 갈지 저는 두려웠습니다.,What I tried to stop was my brother digging all the way in. I was afraid of where that would end.,私が止めようとしたのは、兄が最後まで掘り下げる状況でした。その先がどこへ行くのか怖かったのです。,我想阻止的是哥哥追问到底的情况。我害怕那会走到哪里。,"Scripted text channel without party a/b as speaker: system, judge, witness, dossier, mediation, aftermath, and milestone copy."
non_party_scripted_text_src_data_scriptedText_family-01_channels_dossier_.entries_dc-2.b.q2_early_.variants_dc-2-b-q2-early-v10_.behaviorHint,non_party_scripted_text,src/data/scriptedText,family-01,channels[dossier].entries[dc-2.b.q2|early].variants[dc-2-b-q2-early-v10].behaviorHint,끝까지 담담하게 말하려 애쓴다.,Tries to speak calmly to the end.,最後まで淡々と話そうとする。,努力平静地说到最后。,"Scripted text channel without party a/b as speaker: system, judge, witness, dossier, mediation, aftermath, and milestone copy."
non_party_scripted_text_src_data_scriptedText_family-01_channels_dossier_.entries_dc-2.b.q2_early_.variants_dc-2-b-q2-early-v10_.text,non_party_scripted_text,src/data/scriptedText,family-01,channels[dossier].entries[dc-2.b.q2|early].variants[dc-2-b-q2-early-v10].text,저는 돈보다 설명을 막았습니다. 설명을 시작하면 멈출 수 없을 것 같았습니다.,"I blocked the explanation, not the money. Once the explanation started, I thought it could not be stopped.",私が止めたのは金ではなく説明でした。説明を始めれば止められないと思いました。,我挡住的不是钱，而是解释。我觉得解释一旦开始就停不下来。,"Scripted text channel without party a/b as speaker: system, judge, witness, dossier, mediation, aftermath, and milestone copy."
non_party_scripted_text_src_data_scriptedText_family-01_channels_dossier_.entries_dc-2.b.q2_early_.variants_dc-2-b-q2-early-v2_.behaviorHint,non_party_scripted_text,src/data/scriptedText,family-01,channels[dossier].entries[dc-2.b.q2|early].variants[dc-2-b-q2-early-v2].behaviorHint,낮은 목소리로 인정 범위를 먼저 자른다.,"In a low voice, first limits the scope of admission.",低い声で、まず認める範囲を切る。,用低声先限定承认范围。,"Scripted text channel without party a/b as speaker: system, judge, witness, dossier, mediation, aftermath, and milestone copy."
non_party_scripted_text_src_data_scriptedText_family-01_channels_dossier_.entries_dc-2.b.q2_early_.variants_dc-2-b-q2-early-v2_.text,non_party_scripted_text,src/data/scriptedText,family-01,channels[dossier].entries[dc-2.b.q2|early].variants[dc-2-b-q2-early-v2].text,돈이 목적이었다면 제 몫을 낮추지 않았을 겁니다. 저는 다툼이 커지는 걸 막고 싶었습니다.,"If money had been my goal, I would not have lowered my share. I wanted to stop the fight from growing.",金が目的なら、私の取り分を下げなかったはずです。争いが大きくなるのを止めたかったのです。,如果目的是钱，我就不会降低自己的份额。我想阻止争执扩大。,"Scripted text channel without party a/b as speaker: system, judge, witness, dossier, mediation, aftermath, and milestone copy."
non_party_scripted_text_src_data_scriptedText_family-01_channels_dossier_.entries_dc-2.b.q2_early_.variants_dc-2-b-q2-early-v3_.behaviorHint,non_party_scripted_text,src/data/scriptedText,family-01,channels[dossier].entries[dc-2.b.q2|early].variants[dc-2-b-q2-early-v3].behaviorHint,시선을 오래 피하지 않지만 말끝은 닫는다.,"Does not avoid the gaze for long, but closes off the ending.",長く視線を避けはしないが、語尾は閉じる。,没有长久避开视线，但句尾收住。,"Scripted text channel without party a/b as speaker: system, judge, witness, dossier, mediation, aftermath, and milestone copy."
non_party_scripted_text_src_data_scriptedText_family-01_channels_dossier_.entries_dc-2.b.q2_early_.variants_dc-2-b-q2-early-v3_.text,non_party_scripted_text,src/data/scriptedText,family-01,channels[dossier].entries[dc-2.b.q2|early].variants[dc-2-b-q2-early-v3].text,자필 연습본대로 가면 형은 비율에서 멈추지 않을 사람입니다. 그 다음 질문이 무서웠습니다.,"If we followed the handwritten draft, my brother would not stop at the ratio. I was afraid of the next question.",自筆下書きどおりに進めば、兄は比率で止まらない人です。次の質問が怖かったのです。,如果照亲笔草稿走，哥哥不会停在比例上。我害怕下一个问题。,"Scripted text channel without party a/b as speaker: system, judge, witness, dossier, mediation, aftermath, and milestone copy."
non_party_scripted_text_src_data_scriptedText_family-01_channels_dossier_.entries_dc-2.b.q2_early_.variants_dc-2-b-q2-early-v4_.behaviorHint,non_party_scripted_text,src/data/scriptedText,family-01,channels[dossier].entries[dc-2.b.q2|early].variants[dc-2-b-q2-early-v4].behaviorHint,손가락을 포개 쥔 채 조심스럽게 답한다.,Answers carefully with his fingers folded together.,指を重ねて握ったまま慎重に答える。,手指交叠握着，小心回答。,"Scripted text channel without party a/b as speaker: system, judge, witness, dossier, mediation, aftermath, and milestone copy."
non_party_scripted_text_src_data_scriptedText_family-01_channels_dossier_.entries_dc-2.b.q2_early_.variants_dc-2-b-q2-early-v4_.text,non_party_scripted_text,src/data/scriptedText,family-01,channels[dossier].entries[dc-2.b.q2|early].variants[dc-2-b-q2-early-v4].text,제가 막으려 한 건 상속 싸움의 크기였습니다. 그 안에 더 깊은 사정이 얽혀 있었습니다.,What I tried to stop was the size of the inheritance fight. Deeper circumstances were tangled inside it.,私が止めようとしたのは相続争いの大きさでした。その中にはもっと深い事情が絡んでいました。,我想阻止的是继承争执的规模。里面还缠着更深的情况。,"Scripted text channel without party a/b as speaker: system, judge, witness, dossier, mediation, aftermath, and milestone copy."
non_party_scripted_text_src_data_scriptedText_family-01_channels_dossier_.entries_dc-2.b.q2_early_.variants_dc-2-b-q2-early-v5_.behaviorHint,non_party_scripted_text,src/data/scriptedText,family-01,channels[dossier].entries[dc-2.b.q2|early].variants[dc-2-b-q2-early-v5].behaviorHint,숨을 고른 뒤 핵심 단어만 피해 간다.,"Catches his breath, then avoids only the key word.",息を整えた後、核心の言葉だけを避ける。,调整呼吸后，只避开核心词。,"Scripted text channel without party a/b as speaker: system, judge, witness, dossier, mediation, aftermath, and milestone copy."
non_party_scripted_text_src_data_scriptedText_family-01_channels_dossier_.entries_dc-2.b.q2_early_.variants_dc-2-b-q2-early-v5_.text,non_party_scripted_text,src/data/scriptedText,family-01,channels[dossier].entries[dc-2.b.q2|early].variants[dc-2-b-q2-early-v5].text,형이 이유를 묻기 시작하면 어머니 말년 전체가 법정에 올라올 것 같았습니다.,"If my brother began asking why, Mother's entire final years would have been brought into court.",兄が理由を尋ね始めれば、母の晩年全体が法廷に上がると思いました。,如果哥哥开始追问理由，母亲整个晚年都会被带上法庭。,"Scripted text channel without party a/b as speaker: system, judge, witness, dossier, mediation, aftermath, and milestone copy."
non_party_scripted_text_src_data_scriptedText_family-01_channels_dossier_.entries_dc-2.b.q2_early_.variants_dc-2-b-q2-early-v6_.behaviorHint,non_party_scripted_text,src/data/scriptedText,family-01,channels[dossier].entries[dc-2.b.q2|early].variants[dc-2-b-q2-early-v6].behaviorHint,턱이 굳지만 목소리는 평평하게 유지한다.,"His jaw tightens, but his voice stays even.",顎はこわばるが、声は平らに保つ。,下颌绷紧，但声音保持平稳。,"Scripted text channel without party a/b as speaker: system, judge, witness, dossier, mediation, aftermath, and milestone copy."
non_party_scripted_text_src_data_scriptedText_family-01_channels_dossier_.entries_dc-2.b.q2_early_.variants_dc-2-b-q2-early-v6_.text,non_party_scripted_text,src/data/scriptedText,family-01,channels[dossier].entries[dc-2.b.q2|early].variants[dc-2-b-q2-early-v6].text,단순한 양보가 아니었습니다. 어떤 질문은 나오지 않게 해야 한다고 제가 판단했습니다.,It was not a simple concession. I decided that certain questions had to be kept from coming out.,単純な譲歩ではありませんでした。ある質問は出ないようにしなければならないと私が判断しました。,那不是单纯的让步。我判断有些问题不能被问出来。,"Scripted text channel without party a/b as speaker: system, judge, witness, dossier, mediation, aftermath, and milestone copy."
non_party_scripted_text_src_data_scriptedText_family-01_channels_dossier_.entries_dc-2.b.q2_early_.variants_dc-2-b-q2-early-v7_.behaviorHint,non_party_scripted_text,src/data/scriptedText,family-01,channels[dossier].entries[dc-2.b.q2|early].variants[dc-2-b-q2-early-v7].behaviorHint,짧게 고개를 끄덕이고 다시 선을 긋는다.,Gives a small nod and draws the line again.,短くうなずき、また線を引く。,短促点头后，再次划清界线。,"Scripted text channel without party a/b as speaker: system, judge, witness, dossier, mediation, aftermath, and milestone copy."
non_party_scripted_text_src_data_scriptedText_family-01_channels_dossier_.entries_dc-2.b.q2_early_.variants_dc-2-b-q2-early-v7_.text,non_party_scripted_text,src/data/scriptedText,family-01,channels[dossier].entries[dc-2.b.q2|early].variants[dc-2-b-q2-early-v7].text,"재판관님, 저는 형의 분노가 어머니에게까지 돌아갈까 봐 겁났습니다.","Your Honor, I was afraid my brother's anger would turn back toward Mother.",裁判官、兄の怒りが母にまで向くのではないかと怖かったのです。,法官，我害怕哥哥的愤怒会转向母亲。,"Scripted text channel without party a/b as speaker: system, judge, witness, dossier, mediation, aftermath, and milestone copy."
non_party_scripted_text_src_data_scriptedText_family-01_channels_dossier_.entries_dc-2.b.q2_early_.variants_dc-2-b-q2-early-v8_.behaviorHint,non_party_scripted_text,src/data/scriptedText,family-01,channels[dossier].entries[dc-2.b.q2|early].variants[dc-2-b-q2-early-v8].behaviorHint,입술을 누른 뒤 필요한 사실만 꺼낸다.,"Presses his lips, then gives only the necessary facts.",唇を押さえた後、必要な事実だけを出す。,抿住嘴唇后，只说必要事实。,"Scripted text channel without party a/b as speaker: system, judge, witness, dossier, mediation, aftermath, and milestone copy."
non_party_scripted_text_src_data_scriptedText_family-01_channels_dossier_.entries_dc-2.b.q2_early_.variants_dc-2-b-q2-early-v8_.text,non_party_scripted_text,src/data/scriptedText,family-01,channels[dossier].entries[dc-2.b.q2|early].variants[dc-2-b-q2-early-v8].text,그 숫자는 제게 안전장치처럼 보였습니다. 지금 생각하면 위험한 숨김이었습니다.,"Those numbers looked to me like a safety device. Thinking now, they were a dangerous concealment.",その数字は私には安全装置のように見えました。今思えば、危険な隠蔽でした。,那些数字在我看来像安全装置。现在想来，那是危险的隐瞒。,"Scripted text channel without party a/b as speaker: system, judge, witness, dossier, mediation, aftermath, and milestone copy."
non_party_scripted_text_src_data_scriptedText_family-01_channels_dossier_.entries_dc-2.b.q2_early_.variants_dc-2-b-q2-early-v9_.behaviorHint,non_party_scripted_text,src/data/scriptedText,family-01,channels[dossier].entries[dc-2.b.q2|early].variants[dc-2-b-q2-early-v9].behaviorHint,감정은 누르고 문장 사이를 길게 둔다.,Suppresses emotion and leaves long gaps between sentences.,感情を抑え、文と文の間を長く取る。,压住情绪，在句子之间留出长停顿。,"Scripted text channel without party a/b as speaker: system, judge, witness, dossier, mediation, aftermath, and milestone copy."
non_party_scripted_text_src_data_scriptedText_family-01_channels_dossier_.entries_dc-2.b.q2_early_.variants_dc-2-b-q2-early-v9_.text,non_party_scripted_text,src/data/scriptedText,family-01,channels[dossier].entries[dc-2.b.q2|early].variants[dc-2-b-q2-early-v9].text,자필 연습본이 드러나면 형이 자신만 밀려났다고 느낄 거라 봤습니다. 그 반응을 막고 싶었습니다.,"If the handwritten draft came out, I thought my brother would feel he alone had been pushed aside. I wanted to stop that reaction.",自筆下書きが出れば、兄は自分だけが押しのけられたと感じるだろうと思いました。その反応を止めたかったのです。,如果亲笔草稿暴露，我以为哥哥会觉得只有自己被排除在外。我想阻止这种反应。,"Scripted text channel without party a/b as speaker: system, judge, witness, dossier, mediation, aftermath, and milestone copy."
non_party_scripted_text_src_data_scriptedText_family-01_channels_dossier_.entries_dc-2.b.q2_late_.variants_dc-2-b-q2-late-v1_.behaviorHint,non_party_scripted_text,src/data/scriptedText,family-01,channels[dossier].entries[dc-2.b.q2|late].variants[dc-2-b-q2-late-v1].behaviorHint,눈을 한 번 감았다 뜨고 낮게 고백한다.,"Closes his eyes once, opens them, and confesses quietly.",一度目を閉じて開き、低く告白する。,闭眼又睁开，低声坦白。,"Scripted text channel without party a/b as speaker: system, judge, witness, dossier, mediation, aftermath, and milestone copy."
non_party_scripted_text_src_data_scriptedText_family-01_channels_dossier_.entries_dc-2.b.q2_late_.variants_dc-2-b-q2-late-v1_.text,non_party_scripted_text,src/data/scriptedText,family-01,channels[dossier].entries[dc-2.b.q2|late].variants[dc-2-b-q2-late-v1].text,막으려 한 건 형이 그 사실을 알게 되는 일이었습니다. 돈보다 그 충격이 두려웠습니다.,What I tried to stop was my brother learning that fact. I feared that shock more than money.,私が止めようとしたのは、兄がその事実を知ることでした。金よりも、その衝撃が怖かったのです。,我想阻止的是哥哥知道那个事实。比起钱，我更害怕那种冲击。,"Scripted text channel without party a/b as speaker: system, judge, witness, dossier, mediation, aftermath, and milestone copy."
non_party_scripted_text_src_data_scriptedText_family-01_channels_dossier_.entries_dc-2.b.q2_late_.variants_dc-2-b-q2-late-v10_.behaviorHint,non_party_scripted_text,src/data/scriptedText,family-01,channels[dossier].entries[dc-2.b.q2|late].variants[dc-2-b-q2-late-v10].behaviorHint,고개를 숙인 채 변명보다 책임을 앞세운다.,"With head lowered, puts responsibility before excuses.",頭を下げたまま、言い訳より責任を先に出す。,低着头，把责任放在辩解之前。,"Scripted text channel without party a/b as speaker: system, judge, witness, dossier, mediation, aftermath, and milestone copy."
non_party_scripted_text_src_data_scriptedText_family-01_channels_dossier_.entries_dc-2.b.q2_late_.variants_dc-2-b-q2-late-v10_.text,non_party_scripted_text,src/data/scriptedText,family-01,channels[dossier].entries[dc-2.b.q2|late].variants[dc-2-b-q2-late-v10].text,"막으려 했던 것은 결국 제 두려움이었습니다. 형이 무너질까 봐, 제가 진실을 전할 자신이 없었습니다.","What I tried to stop, in the end, was my own fear. I feared my brother would collapse, and I lacked the confidence to tell the truth.",結局、私が止めようとしたものは自分の恐れでした。兄が崩れるのが怖く、真実を伝える自信がありませんでした。,归根到底，我想阻止的是自己的恐惧。我怕哥哥崩溃，也没有把真相告诉他的信心。,"Scripted text channel without party a/b as speaker: system, judge, witness, dossier, mediation, aftermath, and milestone copy."
non_party_scripted_text_src_data_scriptedText_family-01_channels_dossier_.entries_dc-2.b.q2_late_.variants_dc-2-b-q2-late-v2_.behaviorHint,non_party_scripted_text,src/data/scriptedText,family-01,channels[dossier].entries[dc-2.b.q2|late].variants[dc-2-b-q2-late-v2].behaviorHint,목소리가 마지막 문장에서 미세하게 갈라진다.,His voice cracks faintly in the final sentence.,最後の文で声がかすかに割れる。,声音在最后一句微微发颤。,"Scripted text channel without party a/b as speaker: system, judge, witness, dossier, mediation, aftermath, and milestone copy."
non_party_scripted_text_src_data_scriptedText_family-01_channels_dossier_.entries_dc-2.b.q2_late_.variants_dc-2-b-q2-late-v2_.text,non_party_scripted_text,src/data/scriptedText,family-01,channels[dossier].entries[dc-2.b.q2|late].variants[dc-2-b-q2-late-v2].text,"자필 연습본대로 두면 형은 왜 자신이 그렇게 적은지 묻고, 결국 자기 출생까지 마주할 수밖에 없었습니다.","If the handwritten draft stood, my brother would ask why he had so little, and eventually he would have to face his own birth.",自筆下書きのままなら、兄はなぜ自分がそんなに少ないのかを尋ね、結局は自分の出生と向き合わざるを得なかったでしょう。,如果亲笔草稿照原样存在，哥哥会问为什么自己那么少，最终也不得不面对自己的出生问题。,"Scripted text channel without party a/b as speaker: system, judge, witness, dossier, mediation, aftermath, and milestone copy."
non_party_scripted_text_src_data_scriptedText_family-01_channels_dossier_.entries_dc-2.b.q2_late_.variants_dc-2-b-q2-late-v3_.behaviorHint,non_party_scripted_text,src/data/scriptedText,family-01,channels[dossier].entries[dc-2.b.q2|late].variants[dc-2-b-q2-late-v3].behaviorHint,담담한 표정이 무너지지 않지만 숨이 길어진다.,"His calm expression does not break, but his breathing lengthens.",淡々とした表情は崩れないが、息が長くなる。,平静表情没有崩塌，但呼吸变长。,"Scripted text channel without party a/b as speaker: system, judge, witness, dossier, mediation, aftermath, and milestone copy."
non_party_scripted_text_src_data_scriptedText_family-01_channels_dossier_.entries_dc-2.b.q2_late_.variants_dc-2-b-q2-late-v3_.text,non_party_scripted_text,src/data/scriptedText,family-01,channels[dossier].entries[dc-2.b.q2|late].variants[dc-2-b-q2-late-v3].text,"저는 오래 얽힌 돈과 어머니 일기, 제 출생과 관련한 민감한 사실이 한꺼번에 터질까 봐 제 몫을 90에서 60으로 낮췄습니다.","I lowered my share from 90 to 60 because I feared the long-entangled money, Mother's diary, and a sensitive fact tied to my birth would all burst out at once.",長く絡んだ金、母の日記、私の出生に関わる敏感な事実が一度に噴き出すのではないかと怖くて、私の取り分を90から60へ下げました。,我把自己的份额从90降到60，是因为害怕长期纠缠的钱、母亲日记以及与我出生有关的敏感事实会一次爆开。,"Scripted text channel without party a/b as speaker: system, judge, witness, dossier, mediation, aftermath, and milestone copy."
non_party_scripted_text_src_data_scriptedText_family-01_channels_dossier_.entries_dc-2.b.q2_late_.variants_dc-2-b-q2-late-v4_.behaviorHint,non_party_scripted_text,src/data/scriptedText,family-01,channels[dossier].entries[dc-2.b.q2|late].variants[dc-2-b-q2-late-v4].behaviorHint,더 숨기지 않겠다는 듯 문장을 끝까지 잇는다.,Carries the sentence to the end as if he will hide no more.,これ以上隠さないというように、文を最後までつなぐ。,像是不再隐瞒一样，把句子说到最后。,"Scripted text channel without party a/b as speaker: system, judge, witness, dossier, mediation, aftermath, and milestone copy."
non_party_scripted_text_src_data_scriptedText_family-01_channels_dossier_.entries_dc-2.b.q2_late_.variants_dc-2-b-q2-late-v4_.text,non_party_scripted_text,src/data/scriptedText,family-01,channels[dossier].entries[dc-2.b.q2|late].variants[dc-2-b-q2-late-v4].text,형을 지키겠다는 명분으로 진실을 막았습니다. 그 과정에서 어머니 뜻도 제 손으로 막았습니다.,"In the name of protecting my brother, I blocked the truth. In that process, I also blocked Mother's wishes with my own hands.",兄を守るという名目で、真実を塞ぎました。その過程で、母の意思も私の手で塞ぎました。,我以保护哥哥为名挡住了真相。在这个过程中，我也亲手挡住了母亲的意愿。,"Scripted text channel without party a/b as speaker: system, judge, witness, dossier, mediation, aftermath, and milestone copy."
non_party_scripted_text_src_data_scriptedText_family-01_channels_dossier_.entries_dc-2.b.q2_late_.variants_dc-2-b-q2-late-v5_.behaviorHint,non_party_scripted_text,src/data/scriptedText,family-01,channels[dossier].entries[dc-2.b.q2|late].variants[dc-2-b-q2-late-v5].behaviorHint,형 쪽을 보지 못한 채 책임을 인정한다.,Admits responsibility without being able to look toward his brother.,兄の方を見られないまま責任を認める。,无法看向哥哥，却承认责任。,"Scripted text channel without party a/b as speaker: system, judge, witness, dossier, mediation, aftermath, and milestone copy."
non_party_scripted_text_src_data_scriptedText_family-01_channels_dossier_.entries_dc-2.b.q2_late_.variants_dc-2-b-q2-late-v5_.text,non_party_scripted_text,src/data/scriptedText,family-01,channels[dossier].entries[dc-2.b.q2|late].variants[dc-2-b-q2-late-v5].text,"재판관님, 돈을 지키려 한 게 아니라 형이 무너지는 장면을 피하려 한 겁니다. 그래도 위조는 위조입니다.","Your Honor, I was not trying to protect money; I was trying to avoid the sight of my brother collapsing. Still, forgery is forgery.",裁判官、金を守ろうとしたのではなく、兄が崩れる場面を避けようとしたのです。それでも、偽造は偽造です。,法官，我不是想守住钱，而是想避开哥哥崩溃的场面。即便如此，伪造就是伪造。,"Scripted text channel without party a/b as speaker: system, judge, witness, dossier, mediation, aftermath, and milestone copy."
non_party_scripted_text_src_data_scriptedText_family-01_channels_dossier_.entries_dc-2.b.q2_late_.variants_dc-2-b-q2-late-v6_.behaviorHint,non_party_scripted_text,src/data/scriptedText,family-01,channels[dossier].entries[dc-2.b.q2|late].variants[dc-2-b-q2-late-v6].behaviorHint,서류에서 손을 떼고 재판관을 똑바로 본다.,Takes his hands off the document and looks straight at the Judge.,書類から手を離し、裁判官をまっすぐ見る。,把手从文件上移开，直视法官。,"Scripted text channel without party a/b as speaker: system, judge, witness, dossier, mediation, aftermath, and milestone copy."
non_party_scripted_text_src_data_scriptedText_family-01_channels_dossier_.entries_dc-2.b.q2_late_.variants_dc-2-b-q2-late-v6_.text,non_party_scripted_text,src/data/scriptedText,family-01,channels[dossier].entries[dc-2.b.q2|late].variants[dc-2-b-q2-late-v6].text,제가 막은 건 상속 다툼이 아니라 형의 삶 전체를 흔들 사실이었습니다. 그 판단을 제가 할 권리는 없었습니다.,What I blocked was not an inheritance dispute but a fact that could shake my brother's whole life. I had no right to make that judgment.,私が止めたのは相続争いではなく、兄の人生全体を揺るがす事実でした。その判断を私がする権利はありませんでした。,我挡住的不是继承争执，而是可能动摇哥哥整个人生的事实。我没有权利替他作这个判断。,"Scripted text channel without party a/b as speaker: system, judge, witness, dossier, mediation, aftermath, and milestone copy."
non_party_scripted_text_src_data_scriptedText_family-01_channels_dossier_.entries_dc-2.b.q2_late_.variants_dc-2-b-q2-late-v7_.behaviorHint,non_party_scripted_text,src/data/scriptedText,family-01,channels[dossier].entries[dc-2.b.q2|late].variants[dc-2-b-q2-late-v7].behaviorHint,오래 참은 말을 한꺼번에 꺼내듯 이어 간다.,Continues as if releasing words long held back.,長くこらえていた言葉を一気に出すように続ける。,像一下说出压抑已久的话一样继续。,"Scripted text channel without party a/b as speaker: system, judge, witness, dossier, mediation, aftermath, and milestone copy."
non_party_scripted_text_src_data_scriptedText_family-01_channels_dossier_.entries_dc-2.b.q2_late_.variants_dc-2-b-q2-late-v7_.text,non_party_scripted_text,src/data/scriptedText,family-01,channels[dossier].entries[dc-2.b.q2|late].variants[dc-2-b-q2-late-v7].text,형에게 덜 아픈 숫자를 골라 주겠다는 생각 자체가 오만했습니다. 그래서 이 자리까지 왔습니다.,The very idea that I would choose less painful numbers for my brother was arrogant. That is why we came this far.,兄にとって痛みの少ない数字を選んでやるという考え自体が傲慢でした。だからここまで来ました。,认为自己可以替哥哥选择没那么痛的数字，这个想法本身就是傲慢。所以才走到这里。,"Scripted text channel without party a/b as speaker: system, judge, witness, dossier, mediation, aftermath, and milestone copy."
non_party_scripted_text_src_data_scriptedText_family-01_channels_dossier_.entries_dc-2.b.q2_late_.variants_dc-2-b-q2-late-v8_.behaviorHint,non_party_scripted_text,src/data/scriptedText,family-01,channels[dossier].entries[dc-2.b.q2|late].variants[dc-2-b-q2-late-v8].behaviorHint,말끝이 낮아지지만 핵심은 흐리지 않는다.,"His ending falls low, but the core does not blur.",語尾は低くなるが、核心はぼかさない。,句尾低下，但核心不模糊。,"Scripted text channel without party a/b as speaker: system, judge, witness, dossier, mediation, aftermath, and milestone copy."
non_party_scripted_text_src_data_scriptedText_family-01_channels_dossier_.entries_dc-2.b.q2_late_.variants_dc-2-b-q2-late-v8_.text,non_party_scripted_text,src/data/scriptedText,family-01,channels[dossier].entries[dc-2.b.q2|late].variants[dc-2-b-q2-late-v8].text,법정까지 오지 않게 하려 했다는 말은 맞습니다. 하지만 그 말이 문서를 고친 책임을 지우지는 못합니다.,It is true I tried to keep the matter from coming to court. But those words cannot erase my responsibility for changing the document.,法廷まで来ないようにしようとしたという言葉は事実です。しかし、その言葉が文書を直した責任を消すことはできません。,说我想避免走到法庭，这是事实。但这句话不能抹去我修改文件的责任。,"Scripted text channel without party a/b as speaker: system, judge, witness, dossier, mediation, aftermath, and milestone copy."
non_party_scripted_text_src_data_scriptedText_family-01_channels_dossier_.entries_dc-2.b.q2_late_.variants_dc-2-b-q2-late-v9_.behaviorHint,non_party_scripted_text,src/data/scriptedText,family-01,channels[dossier].entries[dc-2.b.q2|late].variants[dc-2-b-q2-late-v9].behaviorHint,침묵 뒤에 가장 무거운 사실을 놓는다.,"After a silence, places the heaviest fact on the record.",沈黙の後、最も重い事実を置く。,沉默之后说出最沉重的事实。,"Scripted text channel without party a/b as speaker: system, judge, witness, dossier, mediation, aftermath, and milestone copy."
non_party_scripted_text_src_data_scriptedText_family-01_channels_dossier_.entries_dc-2.b.q2_late_.variants_dc-2-b-q2-late-v9_.text,non_party_scripted_text,src/data/scriptedText,family-01,channels[dossier].entries[dc-2.b.q2|late].variants[dc-2-b-q2-late-v9].text,"저는 형을 진실에서 떼어 놓으려 했고, 어머니의 마지막 뜻도 함께 떼어 냈습니다.","I tried to keep my brother away from the truth, and I took away Mother's final wishes with it.",私は兄を真実から遠ざけようとし、母の最後の意思も一緒に切り離しました。,我试图把哥哥和真相隔开，也一并割离了母亲最后的意愿。,"Scripted text channel without party a/b as speaker: system, judge, witness, dossier, mediation, aftermath, and milestone copy."
non_party_scripted_text_src_data_scriptedText_family-01_channels_dossier_.entries_dc-2.b.q2_mid_.variants_dc-2-b-q2-mid-v1_.behaviorHint,non_party_scripted_text,src/data/scriptedText,family-01,channels[dossier].entries[dc-2.b.q2|mid].variants[dc-2-b-q2-mid-v1].behaviorHint,말을 고르다 한 번 숨을 길게 내쉰다.,"Chooses his words, then lets out one long breath.",言葉を選び、一度長く息を吐く。,斟酌措辞后长长呼出一口气。,"Scripted text channel without party a/b as speaker: system, judge, witness, dossier, mediation, aftermath, and milestone copy."
non_party_scripted_text_src_data_scriptedText_family-01_channels_dossier_.entries_dc-2.b.q2_mid_.variants_dc-2-b-q2-mid-v1_.text,non_party_scripted_text,src/data/scriptedText,family-01,channels[dossier].entries[dc-2.b.q2|mid].variants[dc-2-b-q2-mid-v1].text,막으려 한 건 자필 연습본 비율의 이유였습니다. 형이 그걸 묻기 시작하면 제가 오래 숨긴 돈도 같이 열릴 수 있었습니다.,"What I tried to stop was the reason behind the handwritten draft's ratio. If my brother began asking about that, the money I had long hidden could also come out.",私が止めようとしたのは、自筆下書きの比率の理由でした。兄がそれを尋ね始めれば、私が長く隠してきた金も一緒に開かれる可能性がありました。,我想阻止的是亲笔草稿比例背后的理由。哥哥一旦开始追问，我长期隐藏的钱也可能一起被打开。,"Scripted text channel without party a/b as speaker: system, judge, witness, dossier, mediation, aftermath, and milestone copy."
non_party_scripted_text_src_data_scriptedText_family-01_channels_dossier_.entries_dc-2.b.q2_mid_.variants_dc-2-b-q2-mid-v10_.behaviorHint,non_party_scripted_text,src/data/scriptedText,family-01,channels[dossier].entries[dc-2.b.q2|mid].variants[dc-2-b-q2-mid-v10].behaviorHint,흔들림을 숨기려 자세를 곧게 세운다.,Straightens his posture to hide his wavering.,揺らぎを隠すように姿勢を正す。,挺直姿势，试图掩饰动摇。,"Scripted text channel without party a/b as speaker: system, judge, witness, dossier, mediation, aftermath, and milestone copy."
non_party_scripted_text_src_data_scriptedText_family-01_channels_dossier_.entries_dc-2.b.q2_mid_.variants_dc-2-b-q2-mid-v10_.text,non_party_scripted_text,src/data/scriptedText,family-01,channels[dossier].entries[dc-2.b.q2|mid].variants[dc-2-b-q2-mid-v10].text,제가 막으려 한 건 형의 분노와 그 뒤의 질문이었습니다. 책임은 그때부터 이미 생겼습니다.,What I tried to stop was my brother's anger and the questions after it. Responsibility had already begun there.,私が止めようとしたのは兄の怒りと、その後の質問でした。責任はその時からすでに生じていました。,我想阻止的是哥哥的愤怒，以及愤怒之后的问题。责任从那时起就已经产生了。,"Scripted text channel without party a/b as speaker: system, judge, witness, dossier, mediation, aftermath, and milestone copy."
non_party_scripted_text_src_data_scriptedText_family-01_channels_dossier_.entries_dc-2.b.q2_mid_.variants_dc-2-b-q2-mid-v2_.behaviorHint,non_party_scripted_text,src/data/scriptedText,family-01,channels[dossier].entries[dc-2.b.q2|mid].variants[dc-2-b-q2-mid-v2].behaviorHint,책상 모서리를 천천히 문지르며 답한다.,Answers while slowly rubbing the edge of the desk.,机の角をゆっくりなでながら答える。,一边慢慢摩挲桌角一边回答。,"Scripted text channel without party a/b as speaker: system, judge, witness, dossier, mediation, aftermath, and milestone copy."
non_party_scripted_text_src_data_scriptedText_family-01_channels_dossier_.entries_dc-2.b.q2_mid_.variants_dc-2-b-q2-mid-v2_.text,non_party_scripted_text,src/data/scriptedText,family-01,channels[dossier].entries[dc-2.b.q2|mid].variants[dc-2-b-q2-mid-v2].text,저는 형이 왜 어머니가 제 쪽으로 그렇게 크게 기울었는지 묻게 될까 봐 두려웠습니다.,I feared my brother would ask why Mother had leaned so heavily toward me.,兄が、なぜ母が私の側へそこまで大きく傾いたのかを尋ねるのが怖かったのです。,我害怕哥哥会问，为什么母亲会那么明显地倾向我这一边。,"Scripted text channel without party a/b as speaker: system, judge, witness, dossier, mediation, aftermath, and milestone copy."
non_party_scripted_text_src_data_scriptedText_family-01_channels_dossier_.entries_dc-2.b.q2_mid_.variants_dc-2-b-q2-mid-v3_.behaviorHint,non_party_scripted_text,src/data/scriptedText,family-01,channels[dossier].entries[dc-2.b.q2|mid].variants[dc-2-b-q2-mid-v3].behaviorHint,핵심에 이르면 시선을 피하지 않는다.,Does not avert his eyes when he reaches the key point.,核心に至ると視線をそらさない。,说到核心时不回避视线。,"Scripted text channel without party a/b as speaker: system, judge, witness, dossier, mediation, aftermath, and milestone copy."
non_party_scripted_text_src_data_scriptedText_family-01_channels_dossier_.entries_dc-2.b.q2_mid_.variants_dc-2-b-q2-mid-v3_.text,non_party_scripted_text,src/data/scriptedText,family-01,channels[dossier].entries[dc-2.b.q2|mid].variants[dc-2-b-q2-mid-v3].text,돈이 아니라 질문을 막으려 했습니다. 그 질문은 어머니 기록과 제가 도운 돈으로 이어질 수밖에 없었습니다.,"I was trying to block the question, not the money. That question would inevitably lead to Mother's records and the money I had provided.",止めようとしたのは金ではなく質問でした。その質問は、母の記録と私が支援した金へつながるしかなかったからです。,我想挡住的不是钱，而是问题。那个问题必然会通向母亲的记录和我提供的钱。,"Scripted text channel without party a/b as speaker: system, judge, witness, dossier, mediation, aftermath, and milestone copy."
non_party_scripted_text_src_data_scriptedText_family-01_channels_dossier_.entries_dc-2.b.q2_mid_.variants_dc-2-b-q2-mid-v4_.behaviorHint,non_party_scripted_text,src/data/scriptedText,family-01,channels[dossier].entries[dc-2.b.q2|mid].variants[dc-2-b-q2-mid-v4].behaviorHint,낮은 목소리지만 인정 대목은 또렷하다.,"His voice is low, but the admission is clear.",低い声だが、認める部分ははっきりしている。,声音很低，但承认的部分很清楚。,"Scripted text channel without party a/b as speaker: system, judge, witness, dossier, mediation, aftermath, and milestone copy."
non_party_scripted_text_src_data_scriptedText_family-01_channels_dossier_.entries_dc-2.b.q2_mid_.variants_dc-2-b-q2-mid-v4_.text,non_party_scripted_text,src/data/scriptedText,family-01,channels[dossier].entries[dc-2.b.q2|mid].variants[dc-2-b-q2-mid-v4].text,최종본은 형의 분노를 잠깐 늦추려는 제멋대로의 장치였습니다. 정당한 방법은 아니었습니다.,The final copy was my arbitrary device to delay my brother's anger for a while. It was not a lawful method.,最終本は、兄の怒りをしばらく遅らせようとする私の身勝手な装置でした。正当な方法ではありませんでした。,最终本是我擅自用来暂时延缓哥哥愤怒的装置。那不是正当方法。,"Scripted text channel without party a/b as speaker: system, judge, witness, dossier, mediation, aftermath, and milestone copy."
non_party_scripted_text_src_data_scriptedText_family-01_channels_dossier_.entries_dc-2.b.q2_mid_.variants_dc-2-b-q2-mid-v5_.behaviorHint,non_party_scripted_text,src/data/scriptedText,family-01,channels[dossier].entries[dc-2.b.q2|mid].variants[dc-2-b-q2-mid-v5].behaviorHint,짧게 끊어 말하다가 이유에서 길어진다.,"Speaks in short fragments, then lengthens when giving the reason.",短く切って話し、理由のところで長くなる。,说话短促，到理由处变得更长。,"Scripted text channel without party a/b as speaker: system, judge, witness, dossier, mediation, aftermath, and milestone copy."
non_party_scripted_text_src_data_scriptedText_family-01_channels_dossier_.entries_dc-2.b.q2_mid_.variants_dc-2-b-q2-mid-v5_.text,non_party_scripted_text,src/data/scriptedText,family-01,channels[dossier].entries[dc-2.b.q2|mid].variants[dc-2-b-q2-mid-v5].text,형이 자필 연습본을 보면 자신이 버려졌다고 느낄 겁니다. 저는 그 감정이 더 깊은 사실로 번지는 걸 막으려 했습니다.,"If my brother saw the handwritten draft, he would feel abandoned. I tried to stop that feeling from spreading into deeper facts.",兄が自筆下書きを見れば、自分が捨てられたと感じるでしょう。私はその感情がさらに深い事実へ広がるのを止めようとしました。,哥哥如果看到亲笔草稿，会觉得自己被抛弃。我试图阻止这种情绪扩散到更深的事实。,"Scripted text channel without party a/b as speaker: system, judge, witness, dossier, mediation, aftermath, and milestone copy."
non_party_scripted_text_src_data_scriptedText_family-01_channels_dossier_.entries_dc-2.b.q2_mid_.variants_dc-2-b-q2-mid-v6_.behaviorHint,non_party_scripted_text,src/data/scriptedText,family-01,channels[dossier].entries[dc-2.b.q2|mid].variants[dc-2-b-q2-mid-v6].behaviorHint,형 쪽을 보려다 다시 재판관을 본다.,"Starts to look toward his brother, then looks back at the Judge.",兄の方を見ようとして、また裁判官を見る。,想看向哥哥，又重新看向法官。,"Scripted text channel without party a/b as speaker: system, judge, witness, dossier, mediation, aftermath, and milestone copy."
non_party_scripted_text_src_data_scriptedText_family-01_channels_dossier_.entries_dc-2.b.q2_mid_.variants_dc-2-b-q2-mid-v6_.text,non_party_scripted_text,src/data/scriptedText,family-01,channels[dossier].entries[dc-2.b.q2|mid].variants[dc-2-b-q2-mid-v6].text,어머니가 남긴 이유를 설명하려면 제가 감춘 돈까지 말해야 했습니다. 그걸 피하려 숫자를 고쳤습니다.,"To explain why Mother left the handwritten draft, I would have had to speak about the money I had hidden. I altered the numbers to avoid that.",母がその理由を残したことを説明するには、私が隠していた金まで話さなければなりませんでした。それを避けるために数字を変えました。,要解释母亲留下那个理由，就必须说到我隐藏的钱。我为了避开这一点才改了数字。,"Scripted text channel without party a/b as speaker: system, judge, witness, dossier, mediation, aftermath, and milestone copy."
non_party_scripted_text_src_data_scriptedText_family-01_channels_dossier_.entries_dc-2.b.q2_mid_.variants_dc-2-b-q2-mid-v7_.behaviorHint,non_party_scripted_text,src/data/scriptedText,family-01,channels[dossier].entries[dc-2.b.q2|mid].variants[dc-2-b-q2-mid-v7].behaviorHint,감정을 눌러 두며 책임 단어를 피하지 않는다.,Keeps emotion down and does not avoid the word responsibility.,感情を抑えながら、責任という言葉を避けない。,压住情绪，不回避“责任”这个词。,"Scripted text channel without party a/b as speaker: system, judge, witness, dossier, mediation, aftermath, and milestone copy."
non_party_scripted_text_src_data_scriptedText_family-01_channels_dossier_.entries_dc-2.b.q2_mid_.variants_dc-2-b-q2-mid-v7_.text,non_party_scripted_text,src/data/scriptedText,family-01,channels[dossier].entries[dc-2.b.q2|mid].variants[dc-2-b-q2-mid-v7].text,"재판관님, 저는 법정까지 오지 않게 하려고 했습니다. 그 과정에서 법을 어겼습니다.","Your Honor, I tried to keep it from coming to court. In the process, I broke the law.",裁判官、私は法廷まで来ないようにしようとしました。その過程で法を犯しました。,法官，我试图不让事情走到法庭。在这个过程中，我违法了。,"Scripted text channel without party a/b as speaker: system, judge, witness, dossier, mediation, aftermath, and milestone copy."
non_party_scripted_text_src_data_scriptedText_family-01_channels_dossier_.entries_dc-2.b.q2_mid_.variants_dc-2-b-q2-mid-v8_.behaviorHint,non_party_scripted_text,src/data/scriptedText,family-01,channels[dossier].entries[dc-2.b.q2|mid].variants[dc-2-b-q2-mid-v8].behaviorHint,문장 끝마다 잠깐 멈추며 범위를 조정한다.,Pauses at the end of each sentence to adjust the scope.,文末ごとに少し止まり、範囲を調整する。,每句话末尾短暂停顿，调整范围。,"Scripted text channel without party a/b as speaker: system, judge, witness, dossier, mediation, aftermath, and milestone copy."
non_party_scripted_text_src_data_scriptedText_family-01_channels_dossier_.entries_dc-2.b.q2_mid_.variants_dc-2-b-q2-mid-v8_.text,non_party_scripted_text,src/data/scriptedText,family-01,channels[dossier].entries[dc-2.b.q2|mid].variants[dc-2-b-q2-mid-v8].text,"형을 달래려 했다고 말할 수 있지만, 사실은 형에게 필요한 설명을 막은 겁니다.","I can say I tried to calm my brother, but in truth I blocked the explanation he needed.",兄をなだめようとしたと言うことはできます。しかし実際には、兄に必要な説明を止めたのです。,我可以说自己是想安抚哥哥。但事实上，我挡住了他所需要的说明。,"Scripted text channel without party a/b as speaker: system, judge, witness, dossier, mediation, aftermath, and milestone copy."
non_party_scripted_text_src_data_scriptedText_family-01_channels_dossier_.entries_dc-2.b.q2_mid_.variants_dc-2-b-q2-mid-v9_.behaviorHint,non_party_scripted_text,src/data/scriptedText,family-01,channels[dossier].entries[dc-2.b.q2|mid].variants[dc-2-b-q2-mid-v9].behaviorHint,기록을 떠올리듯 날짜 대신 순서를 짚는다.,"Traces the sequence rather than dates, as if recalling the record.",記録を思い出すように、日付ではなく順序をたどる。,像回忆记录一样，不说日期而是梳理顺序。,"Scripted text channel without party a/b as speaker: system, judge, witness, dossier, mediation, aftermath, and milestone copy."
non_party_scripted_text_src_data_scriptedText_family-01_channels_dossier_.entries_dc-2.b.q2_mid_.variants_dc-2-b-q2-mid-v9_.text,non_party_scripted_text,src/data/scriptedText,family-01,channels[dossier].entries[dc-2.b.q2|mid].variants[dc-2-b-q2-mid-v9].text,자필 연습본을 막으면 모두가 덜 다칠 거라고 믿었습니다. 그 믿음이 어머니 뜻을 다시 훼손했습니다.,I believed that blocking the handwritten draft would hurt everyone less. That belief damaged Mother's wishes again.,自筆下書きを止めれば皆が少しは傷つかずに済むと信じました。その信念が母の意思を再び傷つけました。,我相信挡住亲笔草稿能让所有人少受伤。这个信念再次伤害了母亲的意愿。,"Scripted text channel without party a/b as speaker: system, judge, witness, dossier, mediation, aftermath, and milestone copy."
non_party_scripted_text_src_data_scriptedText_family-01_channels_dossier_.entries_dc-3.b.q1_early_.variants_dc-3-b-q1-early-v1_.behaviorHint,non_party_scripted_text,src/data/scriptedText,family-01,channels[dossier].entries[dc-3.b.q1|early].variants[dc-3-b-q1-early-v1].behaviorHint,대답 전 한 박자 멈추고 서류 끝을 본다.,Pauses one beat before answering and looks at the edge of the document.,答える前に一拍置き、書類の端を見る。,回答前停顿一拍，看向文件边缘。,"Scripted text channel without party a/b as speaker: system, judge, witness, dossier, mediation, aftermath, and milestone copy."
non_party_scripted_text_src_data_scriptedText_family-01_channels_dossier_.entries_dc-3.b.q1_early_.variants_dc-3-b-q1-early-v1_.text,non_party_scripted_text,src/data/scriptedText,family-01,channels[dossier].entries[dc-3.b.q1|early].variants[dc-3-b-q1-early-v1].text,제 돈이 어머니 쪽으로 들어간 건 맞습니다. 그 돈이 집안에 쓰인 것도 알고 있었습니다.,It is true my money went through Mother's side. I also knew that money was used for the household.,私の金が母のほうへ入ったのは事実です。その金が家のために使われたことも知っていました。,我的钱确实进了母亲那边。我也知道那些钱被用于家里。,"Scripted text channel without party a/b as speaker: system, judge, witness, dossier, mediation, aftermath, and milestone copy."
non_party_scripted_text_src_data_scriptedText_family-01_channels_dossier_.entries_dc-3.b.q1_early_.variants_dc-3-b-q1-early-v10_.behaviorHint,non_party_scripted_text,src/data/scriptedText,family-01,channels[dossier].entries[dc-3.b.q1|early].variants[dc-3-b-q1-early-v10].behaviorHint,끝까지 담담하게 말하려 애쓴다.,Tries to speak calmly to the end.,最後まで淡々と話そうとする。,努力平静地说到最后。,"Scripted text channel without party a/b as speaker: system, judge, witness, dossier, mediation, aftermath, and milestone copy."
non_party_scripted_text_src_data_scriptedText_family-01_channels_dossier_.entries_dc-3.b.q1_early_.variants_dc-3-b-q1-early-v10_.text,non_party_scripted_text,src/data/scriptedText,family-01,channels[dossier].entries[dc-3.b.q1|early].variants[dc-3-b-q1-early-v10].text,도움이 있었다는 건 인정합니다. 다만 그걸 형에게 빚처럼 남기고 싶지 않았습니다.,I admit there was help. But I did not want it to remain to my brother like a debt.,支援があったことは認めます。ただ、それを兄への借りのように残したくありませんでした。,我承认有过帮助。但我不想让它以债的形式留给哥哥。,"Scripted text channel without party a/b as speaker: system, judge, witness, dossier, mediation, aftermath, and milestone copy."
non_party_scripted_text_src_data_scriptedText_family-01_channels_dossier_.entries_dc-3.b.q1_early_.variants_dc-3-b-q1-early-v2_.behaviorHint,non_party_scripted_text,src/data/scriptedText,family-01,channels[dossier].entries[dc-3.b.q1|early].variants[dc-3-b-q1-early-v2].behaviorHint,낮은 목소리로 인정 범위를 먼저 자른다.,"In a low voice, first limits the scope of admission.",低い声で、まず認める範囲を切る。,用低声先限定承认范围。,"Scripted text channel without party a/b as speaker: system, judge, witness, dossier, mediation, aftermath, and milestone copy."
non_party_scripted_text_src_data_scriptedText_family-01_channels_dossier_.entries_dc-3.b.q1_early_.variants_dc-3-b-q1-early-v2_.text,non_party_scripted_text,src/data/scriptedText,family-01,channels[dossier].entries[dc-3.b.q1|early].variants[dc-3-b-q1-early-v2].text,그렇게 이어진 정황을 완전히 모른 척할 수는 없습니다. 다만 규모를 내세우고 싶지는 않았습니다.,I cannot completely pretend not to know the circumstances that continued that way. I simply did not want to put the scale forward.,そのように続いた事情を完全に知らないふりはできません。ただ、規模を前に出したくはありませんでした。,那样持续下来的情况，我不能完全装作不知道。只是我不想强调规模。,"Scripted text channel without party a/b as speaker: system, judge, witness, dossier, mediation, aftermath, and milestone copy."
non_party_scripted_text_src_data_scriptedText_family-01_channels_dossier_.entries_dc-3.b.q1_early_.variants_dc-3-b-q1-early-v3_.behaviorHint,non_party_scripted_text,src/data/scriptedText,family-01,channels[dossier].entries[dc-3.b.q1|early].variants[dc-3-b-q1-early-v3].behaviorHint,시선을 오래 피하지 않지만 말끝은 닫는다.,"Does not avoid the gaze for long, but closes off the ending.",長く視線を避けはしないが、語尾は閉じる。,没有长久避开视线，但句尾收住。,"Scripted text channel without party a/b as speaker: system, judge, witness, dossier, mediation, aftermath, and milestone copy."
non_party_scripted_text_src_data_scriptedText_family-01_channels_dossier_.entries_dc-3.b.q1_early_.variants_dc-3-b-q1-early-v3_.text,non_party_scripted_text,src/data/scriptedText,family-01,channels[dossier].entries[dc-3.b.q1|early].variants[dc-3-b-q1-early-v3].text,제가 보낸 돈이 형 쪽 필요로 흘러간 적이 있습니다. 그걸 거래처럼 말하고 싶지 않았습니다.,There were times when money I sent flowed to my brother's needs. I did not want to speak of it like a transaction.,私が送った金が兄の必要へ流れたことがあります。それを取引のように話したくありませんでした。,我送的钱有时流向了哥哥的需要。我不想把它说得像交易一样。,"Scripted text channel without party a/b as speaker: system, judge, witness, dossier, mediation, aftermath, and milestone copy."
non_party_scripted_text_src_data_scriptedText_family-01_channels_dossier_.entries_dc-3.b.q1_early_.variants_dc-3-b-q1-early-v4_.behaviorHint,non_party_scripted_text,src/data/scriptedText,family-01,channels[dossier].entries[dc-3.b.q1|early].variants[dc-3-b-q1-early-v4].behaviorHint,손가락을 포개 쥔 채 조심스럽게 답한다.,Answers carefully with his fingers folded together.,指を重ねて握ったまま慎重に答える。,手指交叠握着，小心回答。,"Scripted text channel without party a/b as speaker: system, judge, witness, dossier, mediation, aftermath, and milestone copy."
non_party_scripted_text_src_data_scriptedText_family-01_channels_dossier_.entries_dc-3.b.q1_early_.variants_dc-3-b-q1-early-v4_.text,non_party_scripted_text,src/data/scriptedText,family-01,channels[dossier].entries[dc-3.b.q1|early].variants[dc-3-b-q1-early-v4].text,어머니 통장을 거친 돈 중 제 몫이 섞인 건 사실입니다. 형에게 말하지 않았을 뿐입니다.,It is true that some of the money through Mother's account included my share. I just did not tell my brother.,母の通帳を経た金の中に私の分が混じっていたのは事実です。兄に言わなかっただけです。,经过母亲账户的钱里混有我的部分，这是事实。只是我没有告诉哥哥。,"Scripted text channel without party a/b as speaker: system, judge, witness, dossier, mediation, aftermath, and milestone copy."
non_party_scripted_text_src_data_scriptedText_family-01_channels_dossier_.entries_dc-3.b.q1_early_.variants_dc-3-b-q1-early-v5_.behaviorHint,non_party_scripted_text,src/data/scriptedText,family-01,channels[dossier].entries[dc-3.b.q1|early].variants[dc-3-b-q1-early-v5].behaviorHint,숨을 고른 뒤 핵심 단어만 피해 간다.,"Catches his breath, then avoids only the key word.",息を整えた後、核心の言葉だけを避ける。,调整呼吸后，只避开核心词。,"Scripted text channel without party a/b as speaker: system, judge, witness, dossier, mediation, aftermath, and milestone copy."
non_party_scripted_text_src_data_scriptedText_family-01_channels_dossier_.entries_dc-3.b.q1_early_.variants_dc-3-b-q1-early-v5_.text,non_party_scripted_text,src/data/scriptedText,family-01,channels[dossier].entries[dc-3.b.q1|early].variants[dc-3-b-q1-early-v5].text,돈의 출처가 단순히 어머니만은 아니었습니다. 그 정도는 이제 말씀드릴 수 있습니다.,The source of the money was not simply Mother. That much I can now tell you.,金の出所は単純に母だけではありませんでした。その程度は今申し上げられます。,钱的来源并不只是母亲。至少这一点我现在可以说。,"Scripted text channel without party a/b as speaker: system, judge, witness, dossier, mediation, aftermath, and milestone copy."
non_party_scripted_text_src_data_scriptedText_family-01_channels_dossier_.entries_dc-3.b.q1_early_.variants_dc-3-b-q1-early-v6_.behaviorHint,non_party_scripted_text,src/data/scriptedText,family-01,channels[dossier].entries[dc-3.b.q1|early].variants[dc-3-b-q1-early-v6].behaviorHint,턱이 굳지만 목소리는 평평하게 유지한다.,"His jaw tightens, but his voice stays even.",顎はこわばるが、声は平らに保つ。,下颌绷紧，但声音保持平稳。,"Scripted text channel without party a/b as speaker: system, judge, witness, dossier, mediation, aftermath, and milestone copy."
non_party_scripted_text_src_data_scriptedText_family-01_channels_dossier_.entries_dc-3.b.q1_early_.variants_dc-3-b-q1-early-v6_.text,non_party_scripted_text,src/data/scriptedText,family-01,channels[dossier].entries[dc-3.b.q1|early].variants[dc-3-b-q1-early-v6].text,"재판관님, 제가 도운 부분은 있습니다. 하지만 그걸 자랑처럼 세우고 싶지는 않았습니다.","Your Honor, there were parts where I helped. But I did not want to set that up like a boast.",裁判官、私が助けた部分はあります。しかし、それを自慢のように立てたくはありませんでした。,法官，我确实有帮忙的部分。但我不想把它摆出来像是在炫耀。,"Scripted text channel without party a/b as speaker: system, judge, witness, dossier, mediation, aftermath, and milestone copy."
non_party_scripted_text_src_data_scriptedText_family-01_channels_dossier_.entries_dc-3.b.q1_early_.variants_dc-3-b-q1-early-v7_.behaviorHint,non_party_scripted_text,src/data/scriptedText,family-01,channels[dossier].entries[dc-3.b.q1|early].variants[dc-3-b-q1-early-v7].behaviorHint,짧게 고개를 끄덕이고 다시 선을 긋는다.,Gives a small nod and draws the line again.,短くうなずき、また線を引く。,短促点头后，再次划清界线。,"Scripted text channel without party a/b as speaker: system, judge, witness, dossier, mediation, aftermath, and milestone copy."
non_party_scripted_text_src_data_scriptedText_family-01_channels_dossier_.entries_dc-3.b.q1_early_.variants_dc-3-b-q1-early-v7_.text,non_party_scripted_text,src/data/scriptedText,family-01,channels[dossier].entries[dc-3.b.q1|early].variants[dc-3-b-q1-early-v7].text,형이 알면 고마움보다 모욕으로 받을까 봐 계속 덮었습니다.,I kept covering it up because I feared my brother would take it as humiliation rather than gratitude.,兄が知れば感謝より屈辱として受け取るのではないかと思い、ずっと覆っていました。,我一直遮掩，是怕哥哥知道后感到的不是感激，而是羞辱。,"Scripted text channel without party a/b as speaker: system, judge, witness, dossier, mediation, aftermath, and milestone copy."
non_party_scripted_text_src_data_scriptedText_family-01_channels_dossier_.entries_dc-3.b.q1_early_.variants_dc-3-b-q1-early-v8_.behaviorHint,non_party_scripted_text,src/data/scriptedText,family-01,channels[dossier].entries[dc-3.b.q1|early].variants[dc-3-b-q1-early-v8].behaviorHint,입술을 누른 뒤 필요한 사실만 꺼낸다.,"Presses his lips, then gives only the necessary facts.",唇を押さえた後、必要な事実だけを出す。,抿住嘴唇后，只说必要事实。,"Scripted text channel without party a/b as speaker: system, judge, witness, dossier, mediation, aftermath, and milestone copy."
non_party_scripted_text_src_data_scriptedText_family-01_channels_dossier_.entries_dc-3.b.q1_early_.variants_dc-3-b-q1-early-v8_.text,non_party_scripted_text,src/data/scriptedText,family-01,channels[dossier].entries[dc-3.b.q1|early].variants[dc-3-b-q1-early-v8].text,공장 쪽으로 간 돈도 일부는 제 쪽에서 시작됐습니다. 그 사실을 오래 숨겼습니다.,Some of the money that went to the factory also began on my side. I hid that fact for a long time.,工場のほうへ行った金の一部も、私の側から始まりました。その事実を長く隠しました。,流向工厂的钱也有一部分从我这边开始。我把这个事实藏了很久。,"Scripted text channel without party a/b as speaker: system, judge, witness, dossier, mediation, aftermath, and milestone copy."
non_party_scripted_text_src_data_scriptedText_family-01_channels_dossier_.entries_dc-3.b.q1_early_.variants_dc-3-b-q1-early-v9_.behaviorHint,non_party_scripted_text,src/data/scriptedText,family-01,channels[dossier].entries[dc-3.b.q1|early].variants[dc-3-b-q1-early-v9].behaviorHint,감정은 누르고 문장 사이를 길게 둔다.,Suppresses emotion and leaves long gaps between sentences.,感情を抑え、文と文の間を長く取る。,压住情绪，在句子之间留出长停顿。,"Scripted text channel without party a/b as speaker: system, judge, witness, dossier, mediation, aftermath, and milestone copy."
non_party_scripted_text_src_data_scriptedText_family-01_channels_dossier_.entries_dc-3.b.q1_early_.variants_dc-3-b-q1-early-v9_.text,non_party_scripted_text,src/data/scriptedText,family-01,channels[dossier].entries[dc-3.b.q1|early].variants[dc-3-b-q1-early-v9].text,그 돈을 제 이름으로 남기지 않은 건 의도적이었습니다. 형을 자극하고 싶지 않았습니다.,Leaving that money out of my name was intentional. I did not want to provoke my brother.,その金を私の名前で残さなかったのは意図的でした。兄を刺激したくありませんでした。,没有用我的名义留下那笔钱，是有意的。我不想刺激哥哥。,"Scripted text channel without party a/b as speaker: system, judge, witness, dossier, mediation, aftermath, and milestone copy."
non_party_scripted_text_src_data_scriptedText_family-01_channels_dossier_.entries_dc-3.b.q1_late_.variants_dc-3-b-q1-late-v1_.behaviorHint,non_party_scripted_text,src/data/scriptedText,family-01,channels[dossier].entries[dc-3.b.q1|late].variants[dc-3-b-q1-late-v1].behaviorHint,눈을 한 번 감았다 뜨고 낮게 고백한다.,"Closes his eyes once, opens them, and confesses quietly.",一度目を閉じて開き、低く告白する。,闭眼又睁开，低声坦白。,"Scripted text channel without party a/b as speaker: system, judge, witness, dossier, mediation, aftermath, and milestone copy."
non_party_scripted_text_src_data_scriptedText_family-01_channels_dossier_.entries_dc-3.b.q1_late_.variants_dc-3-b-q1-late-v1_.text,non_party_scripted_text,src/data/scriptedText,family-01,channels[dossier].entries[dc-3.b.q1|late].variants[dc-3-b-q1-late-v1].text,"20년 넘게 매달 보냈고, 형 공장 위기 때 큰돈도 제가 메웠습니다. 형은 그걸 어머니 돈으로 알았습니다.","For more than twenty years I sent money every month, and when my brother's factory was in crisis, I covered a large amount as well. My brother believed it was Mother's money.",20年以上、毎月送り、兄の工場が危機の時には大きな金も私が補いました。兄はそれを母の金だと思っていました。,二十多年里我每月汇钱，哥哥工厂遇到危机时，大笔资金也是我补上的。哥哥以为那是母亲的钱。,"Scripted text channel without party a/b as speaker: system, judge, witness, dossier, mediation, aftermath, and milestone copy."
non_party_scripted_text_src_data_scriptedText_family-01_channels_dossier_.entries_dc-3.b.q1_late_.variants_dc-3-b-q1-late-v10_.behaviorHint,non_party_scripted_text,src/data/scriptedText,family-01,channels[dossier].entries[dc-3.b.q1|late].variants[dc-3-b-q1-late-v10].behaviorHint,고개를 숙인 채 변명보다 책임을 앞세운다.,"With head lowered, puts responsibility before excuses.",頭を下げたまま、言い訳より責任を先に出す。,低着头，把责任放在辩解之前。,"Scripted text channel without party a/b as speaker: system, judge, witness, dossier, mediation, aftermath, and milestone copy."
non_party_scripted_text_src_data_scriptedText_family-01_channels_dossier_.entries_dc-3.b.q1_late_.variants_dc-3-b-q1-late-v10_.text,non_party_scripted_text,src/data/scriptedText,family-01,channels[dossier].entries[dc-3.b.q1|late].variants[dc-3-b-q1-late-v10].text,"정기 지원금과 사업장 자금의 상당 부분이 제 돈이었다는 점, 이제는 더 숨기지 않겠습니다.",I will no longer hide that a substantial part of the regular support and business funds was my money.,定期支援金と事業場資金の相当部分が私の金だったことを、もう隠しません。,定期支援金和事业资金中相当一部分是我的钱，这一点我不会再隐藏。,"Scripted text channel without party a/b as speaker: system, judge, witness, dossier, mediation, aftermath, and milestone copy."
non_party_scripted_text_src_data_scriptedText_family-01_channels_dossier_.entries_dc-3.b.q1_late_.variants_dc-3-b-q1-late-v2_.behaviorHint,non_party_scripted_text,src/data/scriptedText,family-01,channels[dossier].entries[dc-3.b.q1|late].variants[dc-3-b-q1-late-v2].behaviorHint,목소리가 마지막 문장에서 미세하게 갈라진다.,His voice cracks faintly in the final sentence.,最後の文で声がかすかに割れる。,声音在最后一句微微发颤。,"Scripted text channel without party a/b as speaker: system, judge, witness, dossier, mediation, aftermath, and milestone copy."
non_party_scripted_text_src_data_scriptedText_family-01_channels_dossier_.entries_dc-3.b.q1_late_.variants_dc-3-b-q1-late-v2_.text,non_party_scripted_text,src/data/scriptedText,family-01,channels[dossier].entries[dc-3.b.q1|late].variants[dc-3-b-q1-late-v2].text,"재판관님, 정기 지원금과 사업장 자금 상당수는 제 돈이었습니다. 저는 그 사실을 숨기도록 구조를 만들었습니다.","Your Honor, much of the regular support and business funds was my money. I built the structure that hid that fact.",裁判官、定期支援金と事業場資金の多くは私の金でした。私はその事実を隠す仕組みを作りました。,法官，定期支援金和事业资金中很多都是我的钱。我制造了隐藏这一事实的结构。,"Scripted text channel without party a/b as speaker: system, judge, witness, dossier, mediation, aftermath, and milestone copy."
non_party_scripted_text_src_data_scriptedText_family-01_channels_dossier_.entries_dc-3.b.q1_late_.variants_dc-3-b-q1-late-v3_.behaviorHint,non_party_scripted_text,src/data/scriptedText,family-01,channels[dossier].entries[dc-3.b.q1|late].variants[dc-3-b-q1-late-v3].behaviorHint,담담한 표정이 무너지지 않지만 숨이 길어진다.,"His calm expression does not break, but his breathing lengthens.",淡々とした表情は崩れないが、息が長くなる。,平静表情没有崩塌，但呼吸变长。,"Scripted text channel without party a/b as speaker: system, judge, witness, dossier, mediation, aftermath, and milestone copy."
non_party_scripted_text_src_data_scriptedText_family-01_channels_dossier_.entries_dc-3.b.q1_late_.variants_dc-3-b-q1-late-v3_.text,non_party_scripted_text,src/data/scriptedText,family-01,channels[dossier].entries[dc-3.b.q1|late].variants[dc-3-b-q1-late-v3].text,제가 보낸 돈이 어머니 계좌를 거쳐 형에게 갔습니다. 우연이 아니라 제가 택한 방식이었습니다.,The money I sent went through Mother's account to my brother. It was not by chance; it was the method I chose.,私が送った金は、母の口座を通って兄へ行きました。偶然ではなく、私が選んだ方法でした。,我汇出的钱经过母亲的账户到了哥哥那里。这不是偶然，而是我选择的方式。,"Scripted text channel without party a/b as speaker: system, judge, witness, dossier, mediation, aftermath, and milestone copy."
non_party_scripted_text_src_data_scriptedText_family-01_channels_dossier_.entries_dc-3.b.q1_late_.variants_dc-3-b-q1-late-v4_.behaviorHint,non_party_scripted_text,src/data/scriptedText,family-01,channels[dossier].entries[dc-3.b.q1|late].variants[dc-3-b-q1-late-v4].behaviorHint,더 숨기지 않겠다는 듯 문장을 끝까지 잇는다.,Carries the sentence to the end as if he will hide no more.,これ以上隠さないというように、文を最後までつなぐ。,像是不再隐瞒一样，把句子说到最后。,"Scripted text channel without party a/b as speaker: system, judge, witness, dossier, mediation, aftermath, and milestone copy."
non_party_scripted_text_src_data_scriptedText_family-01_channels_dossier_.entries_dc-3.b.q1_late_.variants_dc-3-b-q1-late-v4_.text,non_party_scripted_text,src/data/scriptedText,family-01,channels[dossier].entries[dc-3.b.q1|late].variants[dc-3-b-q1-late-v4].text,"형이 동생 돈으로 버텼다는 사실을 모르게 하려고, 어머니 이름을 앞에 세웠습니다.",I put Mother's name in front so my brother would not know he had been getting by on his younger brother's money.,兄が弟の金で持ちこたえていたと知らないように、母の名前を前に立てました。,为了不让哥哥知道自己是靠弟弟的钱撑过来的，我把母亲的名字放在了前面。,"Scripted text channel without party a/b as speaker: system, judge, witness, dossier, mediation, aftermath, and milestone copy."
non_party_scripted_text_src_data_scriptedText_family-01_channels_dossier_.entries_dc-3.b.q1_late_.variants_dc-3-b-q1-late-v5_.behaviorHint,non_party_scripted_text,src/data/scriptedText,family-01,channels[dossier].entries[dc-3.b.q1|late].variants[dc-3-b-q1-late-v5].behaviorHint,형 쪽을 보지 못한 채 책임을 인정한다.,Admits responsibility without being able to look toward his brother.,兄の方を見られないまま責任を認める。,无法看向哥哥，却承认责任。,"Scripted text channel without party a/b as speaker: system, judge, witness, dossier, mediation, aftermath, and milestone copy."
non_party_scripted_text_src_data_scriptedText_family-01_channels_dossier_.entries_dc-3.b.q1_late_.variants_dc-3-b-q1-late-v5_.text,non_party_scripted_text,src/data/scriptedText,family-01,channels[dossier].entries[dc-3.b.q1|late].variants[dc-3-b-q1-late-v5].text,그 도움은 한두 번에 그치지 않았습니다. 오랜 시간 형의 생활과 공장을 받친 흐름이었습니다.,That help did not happen only once or twice. It was a flow that supported my brother's life and factory for a long time.,その支援は一度や二度ではありません。長い間、兄の生活と工場を支えた流れでした。,那份帮助不是一两次。它是长期支撑哥哥生活和工厂的一股资金流。,"Scripted text channel without party a/b as speaker: system, judge, witness, dossier, mediation, aftermath, and milestone copy."
non_party_scripted_text_src_data_scriptedText_family-01_channels_dossier_.entries_dc-3.b.q1_late_.variants_dc-3-b-q1-late-v6_.behaviorHint,non_party_scripted_text,src/data/scriptedText,family-01,channels[dossier].entries[dc-3.b.q1|late].variants[dc-3-b-q1-late-v6].behaviorHint,서류에서 손을 떼고 재판관을 똑바로 본다.,Takes his hands off the document and looks straight at the Judge.,書類から手を離し、裁判官をまっすぐ見る。,把手从文件上移开，直视法官。,"Scripted text channel without party a/b as speaker: system, judge, witness, dossier, mediation, aftermath, and milestone copy."
non_party_scripted_text_src_data_scriptedText_family-01_channels_dossier_.entries_dc-3.b.q1_late_.variants_dc-3-b-q1-late-v6_.text,non_party_scripted_text,src/data/scriptedText,family-01,channels[dossier].entries[dc-3.b.q1|late].variants[dc-3-b-q1-late-v6].text,형이 알면 자존심보다 정체성이 먼저 흔들릴 거라 봤습니다. 그래서 끝까지 숨겼습니다.,"I thought that if my brother knew, his identity would shake before his pride. So I hid it until the end.",兄が知れば、誇りより先に自分の立場が揺らぐと思いました。だから最後まで隠しました。,我认为哥哥如果知道，先动摇的不是自尊，而是他的身份认同。所以我一直藏到最后。,"Scripted text channel without party a/b as speaker: system, judge, witness, dossier, mediation, aftermath, and milestone copy."
non_party_scripted_text_src_data_scriptedText_family-01_channels_dossier_.entries_dc-3.b.q1_late_.variants_dc-3-b-q1-late-v7_.behaviorHint,non_party_scripted_text,src/data/scriptedText,family-01,channels[dossier].entries[dc-3.b.q1|late].variants[dc-3-b-q1-late-v7].behaviorHint,오래 참은 말을 한꺼번에 꺼내듯 이어 간다.,Continues as if releasing words long held back.,長くこらえていた言葉を一気に出すように続ける。,像一下说出压抑已久的话一样继续。,"Scripted text channel without party a/b as speaker: system, judge, witness, dossier, mediation, aftermath, and milestone copy."
non_party_scripted_text_src_data_scriptedText_family-01_channels_dossier_.entries_dc-3.b.q1_late_.variants_dc-3-b-q1-late-v7_.text,non_party_scripted_text,src/data/scriptedText,family-01,channels[dossier].entries[dc-3.b.q1|late].variants[dc-3-b-q1-late-v7].text,"돈을 보낸 사람도 저이고, 그 돈의 출처를 흐린 사람도 저입니다. 그 책임을 인정합니다.","I am the one who sent the money, and I am also the one who blurred where it came from. I admit that responsibility.",金を送ったのも私で、その金の出所を曖昧にしたのも私です。その責任を認めます。,汇钱的人是我，把钱的来源弄模糊的人也是我。我承认这个责任。,"Scripted text channel without party a/b as speaker: system, judge, witness, dossier, mediation, aftermath, and milestone copy."
non_party_scripted_text_src_data_scriptedText_family-01_channels_dossier_.entries_dc-3.b.q1_late_.variants_dc-3-b-q1-late-v8_.behaviorHint,non_party_scripted_text,src/data/scriptedText,family-01,channels[dossier].entries[dc-3.b.q1|late].variants[dc-3-b-q1-late-v8].behaviorHint,말끝이 낮아지지만 핵심은 흐리지 않는다.,"His ending falls low, but the core does not blur.",語尾は低くなるが、核心はぼかさない。,句尾低下，但核心不模糊。,"Scripted text channel without party a/b as speaker: system, judge, witness, dossier, mediation, aftermath, and milestone copy."
non_party_scripted_text_src_data_scriptedText_family-01_channels_dossier_.entries_dc-3.b.q1_late_.variants_dc-3-b-q1-late-v8_.text,non_party_scripted_text,src/data/scriptedText,family-01,channels[dossier].entries[dc-3.b.q1|late].variants[dc-3-b-q1-late-v8].text,어머니가 도운 것처럼 보인 많은 돈의 뒤에 제가 있었습니다. 형은 그걸 알 기회가 없었습니다.,"Behind much of the money that looked like Mother's help, I was there. My brother had no chance to know that.",母が助けたように見えた多くの金の後ろに、私がいました。兄にはそれを知る機会がありませんでした。,许多看起来像母亲帮助的钱背后，其实有我在。哥哥没有机会知道这一点。,"Scripted text channel without party a/b as speaker: system, judge, witness, dossier, mediation, aftermath, and milestone copy."
non_party_scripted_text_src_data_scriptedText_family-01_channels_dossier_.entries_dc-3.b.q1_late_.variants_dc-3-b-q1-late-v9_.behaviorHint,non_party_scripted_text,src/data/scriptedText,family-01,channels[dossier].entries[dc-3.b.q1|late].variants[dc-3-b-q1-late-v9].behaviorHint,침묵 뒤에 가장 무거운 사실을 놓는다.,"After a silence, places the heaviest fact on the record.",沈黙の後、最も重い事実を置く。,沉默之后说出最沉重的事实。,"Scripted text channel without party a/b as speaker: system, judge, witness, dossier, mediation, aftermath, and milestone copy."
non_party_scripted_text_src_data_scriptedText_family-01_channels_dossier_.entries_dc-3.b.q1_late_.variants_dc-3-b-q1-late-v9_.text,non_party_scripted_text,src/data/scriptedText,family-01,channels[dossier].entries[dc-3.b.q1|late].variants[dc-3-b-q1-late-v9].text,"저는 선의라고 믿었지만, 형이 진실을 알 권리까지 제가 막은 셈입니다.","I believed it was goodwill, but it also meant I blocked my brother's right to know the truth.",私は善意だと信じていましたが、兄が真実を知る権利まで私が塞いだことになります。,我相信那是善意，但这也等于我挡住了哥哥知道真相的权利。,"Scripted text channel without party a/b as speaker: system, judge, witness, dossier, mediation, aftermath, and milestone copy."
non_party_scripted_text_src_data_scriptedText_family-01_channels_dossier_.entries_dc-3.b.q1_mid_.variants_dc-3-b-q1-mid-v1_.behaviorHint,non_party_scripted_text,src/data/scriptedText,family-01,channels[dossier].entries[dc-3.b.q1|mid].variants[dc-3-b-q1-mid-v1].behaviorHint,말을 고르다 한 번 숨을 길게 내쉰다.,"Chooses his words, then lets out one long breath.",言葉を選び、一度長く息を吐く。,斟酌措辞后长长呼出一口气。,"Scripted text channel without party a/b as speaker: system, judge, witness, dossier, mediation, aftermath, and milestone copy."
non_party_scripted_text_src_data_scriptedText_family-01_channels_dossier_.entries_dc-3.b.q1_mid_.variants_dc-3-b-q1-mid-v1_.text,non_party_scripted_text,src/data/scriptedText,family-01,channels[dossier].entries[dc-3.b.q1|mid].variants[dc-3-b-q1-mid-v1].text,"오래 정기 지원금을 보냈고, 형 사업장 자금에도 제 돈이 섞였습니다. 어머니 이름으로 보이게 했습니다.","I sent regular support for a long time, and my money was mixed into my brother's business funds as well. I made it look like Mother's name.",長く定期支援金を送り、兄の事業場資金にも私の金が混じりました。母の名前で見えるようにしました。,我长期汇出定期支援金，哥哥的事业资金里也混有我的钱。我让它看起来像是母亲的名义。,"Scripted text channel without party a/b as speaker: system, judge, witness, dossier, mediation, aftermath, and milestone copy."
non_party_scripted_text_src_data_scriptedText_family-01_channels_dossier_.entries_dc-3.b.q1_mid_.variants_dc-3-b-q1-mid-v10_.behaviorHint,non_party_scripted_text,src/data/scriptedText,family-01,channels[dossier].entries[dc-3.b.q1|mid].variants[dc-3-b-q1-mid-v10].behaviorHint,흔들림을 숨기려 자세를 곧게 세운다.,Straightens his posture to hide his wavering.,揺らぎを隠すように姿勢を正す。,挺直姿势，试图掩饰动摇。,"Scripted text channel without party a/b as speaker: system, judge, witness, dossier, mediation, aftermath, and milestone copy."
non_party_scripted_text_src_data_scriptedText_family-01_channels_dossier_.entries_dc-3.b.q1_mid_.variants_dc-3-b-q1-mid-v10_.text,non_party_scripted_text,src/data/scriptedText,family-01,channels[dossier].entries[dc-3.b.q1|mid].variants[dc-3-b-q1-mid-v10].text,제가 보낸 돈이 형을 받친 건 맞습니다. 다만 그 사실을 감춘 이유가 더 중요했습니다.,It is true the money I sent supported my brother. But the reason I hid that fact mattered more.,私が送った金が兄を支えたのは事実です。ただ、その事実を隠した理由のほうが重要でした。,我送的钱支撑了哥哥，这是事实。但我隐藏这个事实的理由更重要。,"Scripted text channel without party a/b as speaker: system, judge, witness, dossier, mediation, aftermath, and milestone copy."
non_party_scripted_text_src_data_scriptedText_family-01_channels_dossier_.entries_dc-3.b.q1_mid_.variants_dc-3-b-q1-mid-v2_.behaviorHint,non_party_scripted_text,src/data/scriptedText,family-01,channels[dossier].entries[dc-3.b.q1|mid].variants[dc-3-b-q1-mid-v2].behaviorHint,책상 모서리를 천천히 문지르며 답한다.,Answers while slowly rubbing the edge of the desk.,机の角をゆっくりなでながら答える。,一边慢慢摩挲桌角一边回答。,"Scripted text channel without party a/b as speaker: system, judge, witness, dossier, mediation, aftermath, and milestone copy."
non_party_scripted_text_src_data_scriptedText_family-01_channels_dossier_.entries_dc-3.b.q1_mid_.variants_dc-3-b-q1-mid-v2_.text,non_party_scripted_text,src/data/scriptedText,family-01,channels[dossier].entries[dc-3.b.q1|mid].variants[dc-3-b-q1-mid-v2].text,상당수는 제 돈이었습니다. 형이 어머니가 돕는다고 믿도록 제가 그 구조를 그대로 뒀습니다.,A substantial part was my money. I left the structure as it was so my brother could believe Mother was helping him.,かなりの部分は私の金でした。兄が母に助けられていると信じられるよう、その構造をそのままにしました。,相当一部分是我的钱。我让这个结构维持下去，让哥哥相信是母亲在帮助他。,"Scripted text channel without party a/b as speaker: system, judge, witness, dossier, mediation, aftermath, and milestone copy."
non_party_scripted_text_src_data_scriptedText_family-01_channels_dossier_.entries_dc-3.b.q1_mid_.variants_dc-3-b-q1-mid-v3_.behaviorHint,non_party_scripted_text,src/data/scriptedText,family-01,channels[dossier].entries[dc-3.b.q1|mid].variants[dc-3-b-q1-mid-v3].behaviorHint,핵심에 이르면 시선을 피하지 않는다.,Does not avert his eyes when he reaches the key point.,核心に至ると視線をそらさない。,说到核心时不回避视线。,"Scripted text channel without party a/b as speaker: system, judge, witness, dossier, mediation, aftermath, and milestone copy."
non_party_scripted_text_src_data_scriptedText_family-01_channels_dossier_.entries_dc-3.b.q1_mid_.variants_dc-3-b-q1-mid-v3_.text,non_party_scripted_text,src/data/scriptedText,family-01,channels[dossier].entries[dc-3.b.q1|mid].variants[dc-3-b-q1-mid-v3].text,형이 받아들이지 않을 걸 알고 설명을 미뤘습니다. 그래서 돈 문제를 혼자 안고 가려 했습니다.,"I knew my brother would not accept it, so I put off explaining. I tried to carry the money issue alone.",兄が受け入れないと分かっていて説明を先延ばしにしました。金の問題を一人で抱えていこうとしました。,我知道哥哥不会接受，所以推迟说明。我想一个人承担钱的问题。,"Scripted text channel without party a/b as speaker: system, judge, witness, dossier, mediation, aftermath, and milestone copy."
non_party_scripted_text_src_data_scriptedText_family-01_channels_dossier_.entries_dc-3.b.q1_mid_.variants_dc-3-b-q1-mid-v4_.behaviorHint,non_party_scripted_text,src/data/scriptedText,family-01,channels[dossier].entries[dc-3.b.q1|mid].variants[dc-3-b-q1-mid-v4].behaviorHint,낮은 목소리지만 인정 대목은 또렷하다.,"His voice is low, but the admission is clear.",低い声だが、認める部分ははっきりしている。,声音很低，但承认的部分很清楚。,"Scripted text channel without party a/b as speaker: system, judge, witness, dossier, mediation, aftermath, and milestone copy."
non_party_scripted_text_src_data_scriptedText_family-01_channels_dossier_.entries_dc-3.b.q1_mid_.variants_dc-3-b-q1-mid-v4_.text,non_party_scripted_text,src/data/scriptedText,family-01,channels[dossier].entries[dc-3.b.q1|mid].variants[dc-3-b-q1-mid-v4].text,형이 버틴 돈 중에는 제가 보낸 돈이 있었습니다. 저는 그 사실을 일부러 말하지 않았습니다.,"Among the money my brother lived on, some was money I sent. I deliberately did not tell him.",兄が持ちこたえた金の中には、私が送った金がありました。私はその事実をわざと言いませんでした。,哥哥撑下来的钱里有我汇出的部分。我是故意没有告诉他。,"Scripted text channel without party a/b as speaker: system, judge, witness, dossier, mediation, aftermath, and milestone copy."
non_party_scripted_text_src_data_scriptedText_family-01_channels_dossier_.entries_dc-3.b.q1_mid_.variants_dc-3-b-q1-mid-v5_.behaviorHint,non_party_scripted_text,src/data/scriptedText,family-01,channels[dossier].entries[dc-3.b.q1|mid].variants[dc-3-b-q1-mid-v5].behaviorHint,짧게 끊어 말하다가 이유에서 길어진다.,"Speaks in short fragments, then lengthens when giving the reason.",短く切って話し、理由のところで長くなる。,说话短促，到理由处变得更长。,"Scripted text channel without party a/b as speaker: system, judge, witness, dossier, mediation, aftermath, and milestone copy."
non_party_scripted_text_src_data_scriptedText_family-01_channels_dossier_.entries_dc-3.b.q1_mid_.variants_dc-3-b-q1-mid-v5_.text,non_party_scripted_text,src/data/scriptedText,family-01,channels[dossier].entries[dc-3.b.q1|mid].variants[dc-3-b-q1-mid-v5].text,어머니 통장을 통로로 둔 건 형의 체면 때문이었습니다. 직접 받으면 못 견딜 거라 봤습니다.,I used Mother's account as the passage because of my brother's pride. I thought he could not bear receiving it directly.,母の通帳を通路にしたのは、兄の体面のためでした。直接受け取れば耐えられないと思いました。,我把母亲的账户作为通道，是为了哥哥的体面。我觉得他无法承受直接接受我的钱。,"Scripted text channel without party a/b as speaker: system, judge, witness, dossier, mediation, aftermath, and milestone copy."
non_party_scripted_text_src_data_scriptedText_family-01_channels_dossier_.entries_dc-3.b.q1_mid_.variants_dc-3-b-q1-mid-v6_.behaviorHint,non_party_scripted_text,src/data/scriptedText,family-01,channels[dossier].entries[dc-3.b.q1|mid].variants[dc-3-b-q1-mid-v6].behaviorHint,형 쪽을 보려다 다시 재판관을 본다.,"Starts to look toward his brother, then looks back at the Judge.",兄の方を見ようとして、また裁判官を見る。,想看向哥哥，又重新看向法官。,"Scripted text channel without party a/b as speaker: system, judge, witness, dossier, mediation, aftermath, and milestone copy."
non_party_scripted_text_src_data_scriptedText_family-01_channels_dossier_.entries_dc-3.b.q1_mid_.variants_dc-3-b-q1-mid-v6_.text,non_party_scripted_text,src/data/scriptedText,family-01,channels[dossier].entries[dc-3.b.q1|mid].variants[dc-3-b-q1-mid-v6].text,그 돈의 방향을 알고도 계속 보냈습니다. 형이 모르게 하는 게 더 낫다고 믿었습니다.,I knew the direction of that money and kept sending it. I believed it was better that my brother not know.,その金の方向を知りながら、送り続けました。兄が知らないほうがいいと信じていました。,我明知那笔钱的流向，还是继续汇。我相信哥哥不知道会比较好。,"Scripted text channel without party a/b as speaker: system, judge, witness, dossier, mediation, aftermath, and milestone copy."
non_party_scripted_text_src_data_scriptedText_family-01_channels_dossier_.entries_dc-3.b.q1_mid_.variants_dc-3-b-q1-mid-v7_.behaviorHint,non_party_scripted_text,src/data/scriptedText,family-01,channels[dossier].entries[dc-3.b.q1|mid].variants[dc-3-b-q1-mid-v7].behaviorHint,감정을 눌러 두며 책임 단어를 피하지 않는다.,Keeps emotion down and does not avoid the word responsibility.,感情を抑えながら、責任という言葉を避けない。,压住情绪，不回避“责任”这个词。,"Scripted text channel without party a/b as speaker: system, judge, witness, dossier, mediation, aftermath, and milestone copy."
non_party_scripted_text_src_data_scriptedText_family-01_channels_dossier_.entries_dc-3.b.q1_mid_.variants_dc-3-b-q1-mid-v7_.text,non_party_scripted_text,src/data/scriptedText,family-01,channels[dossier].entries[dc-3.b.q1|mid].variants[dc-3-b-q1-mid-v7].text,정기 지원금만이 아니라 공장 위기 때 들어간 큰돈도 제 쪽에서 나간 적이 있습니다.,It was not only regular support; large sums sent during the factory crisis also came from my side at times.,定期支援金だけではなく、工場危機の時に入った大きな金も、私の側から出たことがあります。,不只是定期支援金，工厂危机时流入的大笔资金也有从我这边出去的。,"Scripted text channel without party a/b as speaker: system, judge, witness, dossier, mediation, aftermath, and milestone copy."
non_party_scripted_text_src_data_scriptedText_family-01_channels_dossier_.entries_dc-3.b.q1_mid_.variants_dc-3-b-q1-mid-v8_.behaviorHint,non_party_scripted_text,src/data/scriptedText,family-01,channels[dossier].entries[dc-3.b.q1|mid].variants[dc-3-b-q1-mid-v8].behaviorHint,문장 끝마다 잠깐 멈추며 범위를 조정한다.,Pauses at the end of each sentence to adjust the scope.,文末ごとに少し止まり、範囲を調整する。,每句话末尾短暂停顿，调整范围。,"Scripted text channel without party a/b as speaker: system, judge, witness, dossier, mediation, aftermath, and milestone copy."
non_party_scripted_text_src_data_scriptedText_family-01_channels_dossier_.entries_dc-3.b.q1_mid_.variants_dc-3-b-q1-mid-v8_.text,non_party_scripted_text,src/data/scriptedText,family-01,channels[dossier].entries[dc-3.b.q1|mid].variants[dc-3-b-q1-mid-v8].text,저는 그 돈을 드러내면 형이 도움보다 굴욕을 먼저 느낄 거라고 생각했습니다.,"I thought if I revealed that money, my brother would feel humiliation before help.",その金を明らかにすれば、兄は支援より屈辱を先に感じると思いました。,我认为如果把那笔钱说出来，哥哥先感到的会是屈辱，而不是帮助。,"Scripted text channel without party a/b as speaker: system, judge, witness, dossier, mediation, aftermath, and milestone copy."
non_party_scripted_text_src_data_scriptedText_family-01_channels_dossier_.entries_dc-3.b.q1_mid_.variants_dc-3-b-q1-mid-v9_.behaviorHint,non_party_scripted_text,src/data/scriptedText,family-01,channels[dossier].entries[dc-3.b.q1|mid].variants[dc-3-b-q1-mid-v9].behaviorHint,기록을 떠올리듯 날짜 대신 순서를 짚는다.,"Traces the sequence rather than dates, as if recalling the record.",記録を思い出すように、日付ではなく順序をたどる。,像回忆记录一样，不说日期而是梳理顺序。,"Scripted text channel without party a/b as speaker: system, judge, witness, dossier, mediation, aftermath, and milestone copy."
non_party_scripted_text_src_data_scriptedText_family-01_channels_dossier_.entries_dc-3.b.q1_mid_.variants_dc-3-b-q1-mid-v9_.text,non_party_scripted_text,src/data/scriptedText,family-01,channels[dossier].entries[dc-3.b.q1|mid].variants[dc-3-b-q1-mid-v9].text,형이 모르던 도움이 꽤 오래 이어졌습니다. 그걸 어머니 도움처럼 남겨 둔 사람은 저입니다.,Help my brother did not know about continued for quite a long time. I am the one who left it looking like Mother's help.,兄が知らなかった支援はかなり長く続きました。それを母の支援のように残したのは私です。,哥哥不知道的帮助持续了很久。让它看起来像母亲帮助的人是我。,"Scripted text channel without party a/b as speaker: system, judge, witness, dossier, mediation, aftermath, and milestone copy."
non_party_scripted_text_src_data_scriptedText_family-01_channels_dossier_.entries_dc-3.b.q2_early_.variants_dc-3-b-q2-early-v1_.behaviorHint,non_party_scripted_text,src/data/scriptedText,family-01,channels[dossier].entries[dc-3.b.q2|early].variants[dc-3-b-q2-early-v1].behaviorHint,대답 전 한 박자 멈추고 서류 끝을 본다.,Pauses one beat before answering and looks at the edge of the document.,答える前に一拍置き、書類の端を見る。,回答前停顿一拍，看向文件边缘。,"Scripted text channel without party a/b as speaker: system, judge, witness, dossier, mediation, aftermath, and milestone copy."
non_party_scripted_text_src_data_scriptedText_family-01_channels_dossier_.entries_dc-3.b.q2_early_.variants_dc-3-b-q2-early-v1_.text,non_party_scripted_text,src/data/scriptedText,family-01,channels[dossier].entries[dc-3.b.q2|early].variants[dc-3-b-q2-early-v1].text,형에게 말하면 도움보다 모욕으로 남을 것 같았습니다. 그래서 어머니 이름 뒤에 숨겼습니다.,"If I told my brother, I thought it would remain as humiliation rather than help. So I hid behind Mother's name.",兄に言えば、支援よりも屈辱として残ると思いました。だから母の名前の後ろに隠しました。,如果告诉哥哥，我觉得那会留下的不是帮助，而是羞辱。所以我躲在母亲的名字后面。,"Scripted text channel without party a/b as speaker: system, judge, witness, dossier, mediation, aftermath, and milestone copy."
non_party_scripted_text_src_data_scriptedText_family-01_channels_dossier_.entries_dc-3.b.q2_early_.variants_dc-3-b-q2-early-v10_.behaviorHint,non_party_scripted_text,src/data/scriptedText,family-01,channels[dossier].entries[dc-3.b.q2|early].variants[dc-3-b-q2-early-v10].behaviorHint,끝까지 담담하게 말하려 애쓴다.,Tries to speak calmly to the end.,最後まで淡々と話そうとする。,努力平静地说到最后。,"Scripted text channel without party a/b as speaker: system, judge, witness, dossier, mediation, aftermath, and milestone copy."
non_party_scripted_text_src_data_scriptedText_family-01_channels_dossier_.entries_dc-3.b.q2_early_.variants_dc-3-b-q2-early-v10_.text,non_party_scripted_text,src/data/scriptedText,family-01,channels[dossier].entries[dc-3.b.q2|early].variants[dc-3-b-q2-early-v10].text,그 침묵이 오래 갈수록 말할 수 없게 됐습니다. 처음부터 잘못된 숨김이었습니다.,"The longer that silence lasted, the harder it became to speak. It was a wrong concealment from the start.",その沈黙が長引くほど、言えなくなりました。最初から誤った隠し方でした。,沉默拖得越久，就越说不出口。从一开始，这就是错误的隐瞒。,"Scripted text channel without party a/b as speaker: system, judge, witness, dossier, mediation, aftermath, and milestone copy."
non_party_scripted_text_src_data_scriptedText_family-01_channels_dossier_.entries_dc-3.b.q2_early_.variants_dc-3-b-q2-early-v2_.behaviorHint,non_party_scripted_text,src/data/scriptedText,family-01,channels[dossier].entries[dc-3.b.q2|early].variants[dc-3-b-q2-early-v2].behaviorHint,낮은 목소리로 인정 범위를 먼저 자른다.,"In a low voice, first limits the scope of admission.",低い声で、まず認める範囲を切る。,用低声先限定承认范围。,"Scripted text channel without party a/b as speaker: system, judge, witness, dossier, mediation, aftermath, and milestone copy."
non_party_scripted_text_src_data_scriptedText_family-01_channels_dossier_.entries_dc-3.b.q2_early_.variants_dc-3-b-q2-early-v2_.text,non_party_scripted_text,src/data/scriptedText,family-01,channels[dossier].entries[dc-3.b.q2|early].variants[dc-3-b-q2-early-v2].text,형은 체면을 먼저 보는 사람입니다. 제 돈이라고 알면 받지 않았을 겁니다.,"My brother is someone who puts pride first. If he knew it was my money, he would not have accepted it.",兄は体面を先に見る人です。私の金だと知れば受け取らなかったでしょう。,哥哥是先看体面的人。如果知道是我的钱，他不会接受。,"Scripted text channel without party a/b as speaker: system, judge, witness, dossier, mediation, aftermath, and milestone copy."
non_party_scripted_text_src_data_scriptedText_family-01_channels_dossier_.entries_dc-3.b.q2_early_.variants_dc-3-b-q2-early-v3_.behaviorHint,non_party_scripted_text,src/data/scriptedText,family-01,channels[dossier].entries[dc-3.b.q2|early].variants[dc-3-b-q2-early-v3].behaviorHint,시선을 오래 피하지 않지만 말끝은 닫는다.,"Does not avoid the gaze for long, but closes off the ending.",長く視線を避けはしないが、語尾は閉じる。,没有长久避开视线，但句尾收住。,"Scripted text channel without party a/b as speaker: system, judge, witness, dossier, mediation, aftermath, and milestone copy."
non_party_scripted_text_src_data_scriptedText_family-01_channels_dossier_.entries_dc-3.b.q2_early_.variants_dc-3-b-q2-early-v3_.text,non_party_scripted_text,src/data/scriptedText,family-01,channels[dossier].entries[dc-3.b.q2|early].variants[dc-3-b-q2-early-v3].text,말하지 않은 건 우위를 잡으려는 뜻이 아니었습니다. 형이 상처받을까 봐 피했습니다.,Not telling him was not meant to gain the upper hand. I avoided it because I thought he would be hurt.,言わなかったのは優位に立つためではありませんでした。兄が傷つくと思って避けました。,我不说，并不是想占上风。而是怕哥哥受伤，所以回避了。,"Scripted text channel without party a/b as speaker: system, judge, witness, dossier, mediation, aftermath, and milestone copy."
non_party_scripted_text_src_data_scriptedText_family-01_channels_dossier_.entries_dc-3.b.q2_early_.variants_dc-3-b-q2-early-v4_.behaviorHint,non_party_scripted_text,src/data/scriptedText,family-01,channels[dossier].entries[dc-3.b.q2|early].variants[dc-3-b-q2-early-v4].behaviorHint,손가락을 포개 쥔 채 조심스럽게 답한다.,Answers carefully with his fingers folded together.,指を重ねて握ったまま慎重に答える。,手指交叠握着，小心回答。,"Scripted text channel without party a/b as speaker: system, judge, witness, dossier, mediation, aftermath, and milestone copy."
non_party_scripted_text_src_data_scriptedText_family-01_channels_dossier_.entries_dc-3.b.q2_early_.variants_dc-3-b-q2-early-v4_.text,non_party_scripted_text,src/data/scriptedText,family-01,channels[dossier].entries[dc-3.b.q2|early].variants[dc-3-b-q2-early-v4].text,그 돈이 형에게 빚처럼 느껴지지 않길 바랐습니다. 그래서 출처를 흐렸습니다.,I hoped that money would not feel like a debt to him. So I blurred its source.,その金が兄に借りのように感じられないことを望みました。だから出所を曖昧にしました。,我希望那笔钱对哥哥来说不要像债。所以我模糊了来源。,"Scripted text channel without party a/b as speaker: system, judge, witness, dossier, mediation, aftermath, and milestone copy."
non_party_scripted_text_src_data_scriptedText_family-01_channels_dossier_.entries_dc-3.b.q2_early_.variants_dc-3-b-q2-early-v5_.behaviorHint,non_party_scripted_text,src/data/scriptedText,family-01,channels[dossier].entries[dc-3.b.q2|early].variants[dc-3-b-q2-early-v5].behaviorHint,숨을 고른 뒤 핵심 단어만 피해 간다.,"Catches his breath, then avoids only the key word.",息を整えた後、核心の言葉だけを避ける。,调整呼吸后，只避开核心词。,"Scripted text channel without party a/b as speaker: system, judge, witness, dossier, mediation, aftermath, and milestone copy."
non_party_scripted_text_src_data_scriptedText_family-01_channels_dossier_.entries_dc-3.b.q2_early_.variants_dc-3-b-q2-early-v5_.text,non_party_scripted_text,src/data/scriptedText,family-01,channels[dossier].entries[dc-3.b.q2|early].variants[dc-3-b-q2-early-v5].text,어머니가 도와준 모양이면 형이 조금은 편하게 받을 수 있다고 생각했습니다.,"I thought if it looked like Mother's help, my brother could accept it a little more easily.",母が助けた形なら、兄が少しは楽に受け取れると思いました。,我觉得如果看起来是母亲帮的，哥哥会稍微更容易接受。,"Scripted text channel without party a/b as speaker: system, judge, witness, dossier, mediation, aftermath, and milestone copy."
non_party_scripted_text_src_data_scriptedText_family-01_channels_dossier_.entries_dc-3.b.q2_early_.variants_dc-3-b-q2-early-v6_.behaviorHint,non_party_scripted_text,src/data/scriptedText,family-01,channels[dossier].entries[dc-3.b.q2|early].variants[dc-3-b-q2-early-v6].behaviorHint,턱이 굳지만 목소리는 평평하게 유지한다.,"His jaw tightens, but his voice stays even.",顎はこわばるが、声は平らに保つ。,下颌绷紧，但声音保持平稳。,"Scripted text channel without party a/b as speaker: system, judge, witness, dossier, mediation, aftermath, and milestone copy."
non_party_scripted_text_src_data_scriptedText_family-01_channels_dossier_.entries_dc-3.b.q2_early_.variants_dc-3-b-q2-early-v6_.text,non_party_scripted_text,src/data/scriptedText,family-01,channels[dossier].entries[dc-3.b.q2|early].variants[dc-3-b-q2-early-v6].text,"재판관님, 저는 형 자존심을 먼저 생각했습니다. 그 판단이 옳았는지는 모르겠습니다.","Your Honor, I thought of my brother's pride first. I do not know whether that judgment was right.",裁判官、私は兄の自尊心を先に考えました。その判断が正しかったかは分かりません。,法官，我首先考虑的是哥哥的自尊。那个判断是否正确，我不知道。,"Scripted text channel without party a/b as speaker: system, judge, witness, dossier, mediation, aftermath, and milestone copy."
non_party_scripted_text_src_data_scriptedText_family-01_channels_dossier_.entries_dc-3.b.q2_early_.variants_dc-3-b-q2-early-v7_.behaviorHint,non_party_scripted_text,src/data/scriptedText,family-01,channels[dossier].entries[dc-3.b.q2|early].variants[dc-3-b-q2-early-v7].behaviorHint,짧게 고개를 끄덕이고 다시 선을 긋는다.,Gives a small nod and draws the line again.,短くうなずき、また線を引く。,短促点头后，再次划清界线。,"Scripted text channel without party a/b as speaker: system, judge, witness, dossier, mediation, aftermath, and milestone copy."
non_party_scripted_text_src_data_scriptedText_family-01_channels_dossier_.entries_dc-3.b.q2_early_.variants_dc-3-b-q2-early-v7_.text,non_party_scripted_text,src/data/scriptedText,family-01,channels[dossier].entries[dc-3.b.q2|early].variants[dc-3-b-q2-early-v7].text,형에게 직접 말하는 순간 관계가 더 멀어질 것 같았습니다.,"The moment I told my brother directly, I thought our relationship would grow more distant.",兄に直接話した瞬間、関係がさらに遠ざかると思いました。,我觉得只要直接告诉哥哥，关系就会变得更远。,"Scripted text channel without party a/b as speaker: system, judge, witness, dossier, mediation, aftermath, and milestone copy."
non_party_scripted_text_src_data_scriptedText_family-01_channels_dossier_.entries_dc-3.b.q2_early_.variants_dc-3-b-q2-early-v8_.behaviorHint,non_party_scripted_text,src/data/scriptedText,family-01,channels[dossier].entries[dc-3.b.q2|early].variants[dc-3-b-q2-early-v8].behaviorHint,입술을 누른 뒤 필요한 사실만 꺼낸다.,"Presses his lips, then gives only the necessary facts.",唇を押さえた後、必要な事実だけを出す。,抿住嘴唇后，只说必要事实。,"Scripted text channel without party a/b as speaker: system, judge, witness, dossier, mediation, aftermath, and milestone copy."
non_party_scripted_text_src_data_scriptedText_family-01_channels_dossier_.entries_dc-3.b.q2_early_.variants_dc-3-b-q2-early-v8_.text,non_party_scripted_text,src/data/scriptedText,family-01,channels[dossier].entries[dc-3.b.q2|early].variants[dc-3-b-q2-early-v8].text,고마워하라는 뜻으로 보낸 돈이 아니어서 더 말하지 않았습니다.,"I did not send the money to make him grateful, so I said even less.",感謝しろという意味で送った金ではなかったので、なおさら言いませんでした。,我汇钱不是为了让他感激，所以更没有说。,"Scripted text channel without party a/b as speaker: system, judge, witness, dossier, mediation, aftermath, and milestone copy."
non_party_scripted_text_src_data_scriptedText_family-01_channels_dossier_.entries_dc-3.b.q2_early_.variants_dc-3-b-q2-early-v9_.behaviorHint,non_party_scripted_text,src/data/scriptedText,family-01,channels[dossier].entries[dc-3.b.q2|early].variants[dc-3-b-q2-early-v9].behaviorHint,감정은 누르고 문장 사이를 길게 둔다.,Suppresses emotion and leaves long gaps between sentences.,感情を抑え、文と文の間を長く取る。,压住情绪，在句子之间留出长停顿。,"Scripted text channel without party a/b as speaker: system, judge, witness, dossier, mediation, aftermath, and milestone copy."
non_party_scripted_text_src_data_scriptedText_family-01_channels_dossier_.entries_dc-3.b.q2_early_.variants_dc-3-b-q2-early-v9_.text,non_party_scripted_text,src/data/scriptedText,family-01,channels[dossier].entries[dc-3.b.q2|early].variants[dc-3-b-q2-early-v9].text,제가 먼저 말하지 않은 돈 문제가 있습니다. 아직 그 선택을 어떻게 설명해야 할지 모르겠습니다.,There is a money issue I did not speak of first. I still do not know how to explain that choice.,私が先に話さなかった金の問題があります。その選択をどう説明すべきか、まだ分かりません。,有一件钱的问题，是我没有先说出来的。我还不知道该如何解释这个选择。,"Scripted text channel without party a/b as speaker: system, judge, witness, dossier, mediation, aftermath, and milestone copy."
non_party_scripted_text_src_data_scriptedText_family-01_channels_dossier_.entries_dc-3.b.q2_late_.variants_dc-3-b-q2-late-v1_.behaviorHint,non_party_scripted_text,src/data/scriptedText,family-01,channels[dossier].entries[dc-3.b.q2|late].variants[dc-3-b-q2-late-v1].behaviorHint,눈을 한 번 감았다 뜨고 낮게 고백한다.,"Closes his eyes once, opens them, and confesses quietly.",一度目を閉じて開き、低く告白する。,闭眼又睁开，低声坦白。,"Scripted text channel without party a/b as speaker: system, judge, witness, dossier, mediation, aftermath, and milestone copy."
non_party_scripted_text_src_data_scriptedText_family-01_channels_dossier_.entries_dc-3.b.q2_late_.variants_dc-3-b-q2-late-v1_.text,non_party_scripted_text,src/data/scriptedText,family-01,channels[dossier].entries[dc-3.b.q2|late].variants[dc-3-b-q2-late-v1].text,"형이 어머니 사랑으로 믿은 돈이 사실 제 돈이라는 걸 알면, 지난 삶 전체를 의심할까 두려웠습니다.","I was afraid that if my brother learned the money he believed was Mother's love was actually mine, he would doubt his entire past life.",兄が母の愛だと信じていた金が実は私の金だと知れば、これまでの人生全体を疑うのではないかと怖かったのです。,我害怕哥哥如果知道他以为是母亲爱意的钱其实是我的，会开始怀疑自己过去的一整段人生。,"Scripted text channel without party a/b as speaker: system, judge, witness, dossier, mediation, aftermath, and milestone copy."
non_party_scripted_text_src_data_scriptedText_family-01_channels_dossier_.entries_dc-3.b.q2_late_.variants_dc-3-b-q2-late-v10_.behaviorHint,non_party_scripted_text,src/data/scriptedText,family-01,channels[dossier].entries[dc-3.b.q2|late].variants[dc-3-b-q2-late-v10].behaviorHint,고개를 숙인 채 변명보다 책임을 앞세운다.,"With head lowered, puts responsibility before excuses.",頭を下げたまま、言い訳より責任を先に出す。,低着头，把责任放在辩解之前。,"Scripted text channel without party a/b as speaker: system, judge, witness, dossier, mediation, aftermath, and milestone copy."
non_party_scripted_text_src_data_scriptedText_family-01_channels_dossier_.entries_dc-3.b.q2_late_.variants_dc-3-b-q2-late-v10_.text,non_party_scripted_text,src/data/scriptedText,family-01,channels[dossier].entries[dc-3.b.q2|late].variants[dc-3-b-q2-late-v10].text,이제 인정합니다. 형의 자존심을 지킨다는 말로 형의 진실을 제가 오래 미뤘습니다.,"I admit it now. In the name of protecting my brother's pride, I postponed his truth for a long time.",今は認めます。兄の自尊心を守るという言葉で、兄の真実を長く先送りしました。,现在我承认。我用保护哥哥自尊的说法，把属于他的真相拖延了很久。,"Scripted text channel without party a/b as speaker: system, judge, witness, dossier, mediation, aftermath, and milestone copy."
non_party_scripted_text_src_data_scriptedText_family-01_channels_dossier_.entries_dc-3.b.q2_late_.variants_dc-3-b-q2-late-v2_.behaviorHint,non_party_scripted_text,src/data/scriptedText,family-01,channels[dossier].entries[dc-3.b.q2|late].variants[dc-3-b-q2-late-v2].behaviorHint,목소리가 마지막 문장에서 미세하게 갈라진다.,His voice cracks faintly in the final sentence.,最後の文で声がかすかに割れる。,声音在最后一句微微发颤。,"Scripted text channel without party a/b as speaker: system, judge, witness, dossier, mediation, aftermath, and milestone copy."
non_party_scripted_text_src_data_scriptedText_family-01_channels_dossier_.entries_dc-3.b.q2_late_.variants_dc-3-b-q2-late-v2_.text,non_party_scripted_text,src/data/scriptedText,family-01,channels[dossier].entries[dc-3.b.q2|late].variants[dc-3-b-q2-late-v2].text,"재판관님, 저는 형의 자존심이 아니라 정체성이 무너질까 봐 말하지 못했습니다.","Your Honor, I could not speak not because of my brother's pride, but because I feared his identity would collapse.",裁判官、私は兄の自尊心ではなく、兄のアイデンティティが崩れるのではないかと怖くて言えませんでした。,法官，我说不出口，不是因为哥哥的自尊，而是害怕他的身份认同会崩塌。,"Scripted text channel without party a/b as speaker: system, judge, witness, dossier, mediation, aftermath, and milestone copy."
non_party_scripted_text_src_data_scriptedText_family-01_channels_dossier_.entries_dc-3.b.q2_late_.variants_dc-3-b-q2-late-v3_.behaviorHint,non_party_scripted_text,src/data/scriptedText,family-01,channels[dossier].entries[dc-3.b.q2|late].variants[dc-3-b-q2-late-v3].behaviorHint,담담한 표정이 무너지지 않지만 숨이 길어진다.,"His calm expression does not break, but his breathing lengthens.",淡々とした表情は崩れないが、息が長くなる。,平静表情没有崩塌，但呼吸变长。,"Scripted text channel without party a/b as speaker: system, judge, witness, dossier, mediation, aftermath, and milestone copy."
non_party_scripted_text_src_data_scriptedText_family-01_channels_dossier_.entries_dc-3.b.q2_late_.variants_dc-3-b-q2-late-v3_.text,non_party_scripted_text,src/data/scriptedText,family-01,channels[dossier].entries[dc-3.b.q2|late].variants[dc-3-b-q2-late-v3].text,돈의 출처를 밝히면 곧 그 사실의 이유까지 이어질 수 있었습니다. 그래서 더 숨겼습니다.,"If I revealed the source of the money, it could lead straight to the reason behind that fact. So I hid it even more.",金の出所を明かせば、その事実の理由にまでつながりかねませんでした。だからさらに隠しました。,如果揭开钱的来源，就会连到这个事实背后的原因。所以我更加隐瞒。,"Scripted text channel without party a/b as speaker: system, judge, witness, dossier, mediation, aftermath, and milestone copy."
non_party_scripted_text_src_data_scriptedText_family-01_channels_dossier_.entries_dc-3.b.q2_late_.variants_dc-3-b-q2-late-v4_.behaviorHint,non_party_scripted_text,src/data/scriptedText,family-01,channels[dossier].entries[dc-3.b.q2|late].variants[dc-3-b-q2-late-v4].behaviorHint,더 숨기지 않겠다는 듯 문장을 끝까지 잇는다.,Carries the sentence to the end as if he will hide no more.,これ以上隠さないというように、文を最後までつなぐ。,像是不再隐瞒一样，把句子说到最后。,"Scripted text channel without party a/b as speaker: system, judge, witness, dossier, mediation, aftermath, and milestone copy."
non_party_scripted_text_src_data_scriptedText_family-01_channels_dossier_.entries_dc-3.b.q2_late_.variants_dc-3-b-q2-late-v4_.text,non_party_scripted_text,src/data/scriptedText,family-01,channels[dossier].entries[dc-3.b.q2|late].variants[dc-3-b-q2-late-v4].text,형이 받은 도움을 사랑이 아니라 속임수로 느낄까 봐 겁났습니다. 그렇게 두려워하다가 20년 동안 말하지 못했습니다.,"I feared my brother would feel the help he received was deception, not love. Out of that fear, I could not speak for twenty years.",兄が受けた支援を愛ではなく欺きだと感じるのではないかと怖かったのです。その恐れのまま、20年間言えませんでした。,我害怕哥哥会把自己得到的帮助感受成欺骗，而不是爱。因为这种恐惧，我二十年都没能说出口。,"Scripted text channel without party a/b as speaker: system, judge, witness, dossier, mediation, aftermath, and milestone copy."
non_party_scripted_text_src_data_scriptedText_family-01_channels_dossier_.entries_dc-3.b.q2_late_.variants_dc-3-b-q2-late-v5_.behaviorHint,non_party_scripted_text,src/data/scriptedText,family-01,channels[dossier].entries[dc-3.b.q2|late].variants[dc-3-b-q2-late-v5].behaviorHint,형 쪽을 보지 못한 채 책임을 인정한다.,Admits responsibility without being able to look toward his brother.,兄の方を見られないまま責任を認める。,无法看向哥哥，却承认责任。,"Scripted text channel without party a/b as speaker: system, judge, witness, dossier, mediation, aftermath, and milestone copy."
non_party_scripted_text_src_data_scriptedText_family-01_channels_dossier_.entries_dc-3.b.q2_late_.variants_dc-3-b-q2-late-v5_.text,non_party_scripted_text,src/data/scriptedText,family-01,channels[dossier].entries[dc-3.b.q2|late].variants[dc-3-b-q2-late-v5].text,"상대에게 알려지길 피하려 했다는 말은 맞지만, 형에게 진실을 고를 권리를 빼앗은 것도 맞습니다.","It is true that I tried to avoid the other side knowing, but it is also true that I took away my brother's right to choose the truth.",相手に知られるのを避けようとしたという言葉は正しいですが、兄が真実を選ぶ権利を奪ったのも正しいです。,我确实试图避免对方知道，但我也确实夺走了哥哥选择真相的权利。,"Scripted text channel without party a/b as speaker: system, judge, witness, dossier, mediation, aftermath, and milestone copy."
non_party_scripted_text_src_data_scriptedText_family-01_channels_dossier_.entries_dc-3.b.q2_late_.variants_dc-3-b-q2-late-v6_.behaviorHint,non_party_scripted_text,src/data/scriptedText,family-01,channels[dossier].entries[dc-3.b.q2|late].variants[dc-3-b-q2-late-v6].behaviorHint,서류에서 손을 떼고 재판관을 똑바로 본다.,Takes his hands off the document and looks straight at the Judge.,書類から手を離し、裁判官をまっすぐ見る。,把手从文件上移开，直视法官。,"Scripted text channel without party a/b as speaker: system, judge, witness, dossier, mediation, aftermath, and milestone copy."
non_party_scripted_text_src_data_scriptedText_family-01_channels_dossier_.entries_dc-3.b.q2_late_.variants_dc-3-b-q2-late-v6_.text,non_party_scripted_text,src/data/scriptedText,family-01,channels[dossier].entries[dc-3.b.q2|late].variants[dc-3-b-q2-late-v6].text,어머니 이름으로 감춘 돈은 형을 보호한다는 명분이었고 동시에 제 비겁함이었습니다.,"The money hidden under Mother's name was my excuse of protecting my brother, and at the same time my cowardice.",母の名前で隠した金は、兄を守るという名目であり、同時に私の臆病さでした。,用母亲名义隐藏的钱，是我保护哥哥的名义，也同时是我的怯懦。,"Scripted text channel without party a/b as speaker: system, judge, witness, dossier, mediation, aftermath, and milestone copy."
non_party_scripted_text_src_data_scriptedText_family-01_channels_dossier_.entries_dc-3.b.q2_late_.variants_dc-3-b-q2-late-v7_.behaviorHint,non_party_scripted_text,src/data/scriptedText,family-01,channels[dossier].entries[dc-3.b.q2|late].variants[dc-3-b-q2-late-v7].behaviorHint,오래 참은 말을 한꺼번에 꺼내듯 이어 간다.,Continues as if releasing words long held back.,長くこらえていた言葉を一気に出すように続ける。,像一下说出压抑已久的话一样继续。,"Scripted text channel without party a/b as speaker: system, judge, witness, dossier, mediation, aftermath, and milestone copy."
non_party_scripted_text_src_data_scriptedText_family-01_channels_dossier_.entries_dc-3.b.q2_late_.variants_dc-3-b-q2-late-v7_.text,non_party_scripted_text,src/data/scriptedText,family-01,channels[dossier].entries[dc-3.b.q2|late].variants[dc-3-b-q2-late-v7].text,저는 형이 동생 돈으로 버텼다는 사실을 견디지 못할 거라 단정했습니다. 그 단정이 잘못이었습니다.,I decided that my brother could not bear the fact that he had relied on his younger brother's money. That decision was wrong.,兄が弟の金で持ちこたえたという事実に耐えられないと、私が決めつけました。その決めつけが間違っていました。,我断定哥哥无法承受自己靠弟弟的钱撑下来的事实。这个断定是错的。,"Scripted text channel without party a/b as speaker: system, judge, witness, dossier, mediation, aftermath, and milestone copy."
non_party_scripted_text_src_data_scriptedText_family-01_channels_dossier_.entries_dc-3.b.q2_late_.variants_dc-3-b-q2-late-v8_.behaviorHint,non_party_scripted_text,src/data/scriptedText,family-01,channels[dossier].entries[dc-3.b.q2|late].variants[dc-3-b-q2-late-v8].behaviorHint,말끝이 낮아지지만 핵심은 흐리지 않는다.,"His ending falls low, but the core does not blur.",語尾は低くなるが、核心はぼかさない。,句尾低下，但核心不模糊。,"Scripted text channel without party a/b as speaker: system, judge, witness, dossier, mediation, aftermath, and milestone copy."
non_party_scripted_text_src_data_scriptedText_family-01_channels_dossier_.entries_dc-3.b.q2_late_.variants_dc-3-b-q2-late-v8_.text,non_party_scripted_text,src/data/scriptedText,family-01,channels[dossier].entries[dc-3.b.q2|late].variants[dc-3-b-q2-late-v8].text,형이 평생 믿은 기반이 흔들릴까 봐 제가 대신 숨겼습니다. 그 대신 숨길 권리는 제게 없었습니다.,I hid it in his place because I feared the foundation he had believed in all his life would shake. I had no right to hide it for him.,兄が一生信じてきた基盤が揺らぐのではないかと思い、私が代わりに隠しました。代わりに隠す権利は私にはありませんでした。,我担心哥哥一生相信的基础会动摇，所以替他隐瞒。但我没有替他隐瞒的权利。,"Scripted text channel without party a/b as speaker: system, judge, witness, dossier, mediation, aftermath, and milestone copy."
non_party_scripted_text_src_data_scriptedText_family-01_channels_dossier_.entries_dc-3.b.q2_late_.variants_dc-3-b-q2-late-v9_.behaviorHint,non_party_scripted_text,src/data/scriptedText,family-01,channels[dossier].entries[dc-3.b.q2|late].variants[dc-3-b-q2-late-v9].behaviorHint,침묵 뒤에 가장 무거운 사실을 놓는다.,"After a silence, places the heaviest fact on the record.",沈黙の後、最も重い事実を置く。,沉默之后说出最沉重的事实。,"Scripted text channel without party a/b as speaker: system, judge, witness, dossier, mediation, aftermath, and milestone copy."
non_party_scripted_text_src_data_scriptedText_family-01_channels_dossier_.entries_dc-3.b.q2_late_.variants_dc-3-b-q2-late-v9_.text,non_party_scripted_text,src/data/scriptedText,family-01,channels[dossier].entries[dc-3.b.q2|late].variants[dc-3-b-q2-late-v9].text,20년 동안 말하지 않은 이유는 결국 두려움입니다. 형이 저를 미워하는 것보다 자신을 잃을까 봐 두려웠습니다.,The reason I did not speak for twenty years was fear. I was more afraid he would lose himself than that he would hate me.,20年間言わなかった理由は、結局は恐れです。兄が私を憎むことより、自分を失うことのほうが怖かったのです。,二十年没说的理由，归根到底是恐惧。比起哥哥恨我，我更怕他失去自己。,"Scripted text channel without party a/b as speaker: system, judge, witness, dossier, mediation, aftermath, and milestone copy."
non_party_scripted_text_src_data_scriptedText_family-01_channels_dossier_.entries_dc-3.b.q2_mid_.variants_dc-3-b-q2-mid-v1_.behaviorHint,non_party_scripted_text,src/data/scriptedText,family-01,channels[dossier].entries[dc-3.b.q2|mid].variants[dc-3-b-q2-mid-v1].behaviorHint,말을 고르다 한 번 숨을 길게 내쉰다.,"Chooses his words, then lets out one long breath.",言葉を選び、一度長く息を吐く。,斟酌措辞后长长呼出一口气。,"Scripted text channel without party a/b as speaker: system, judge, witness, dossier, mediation, aftermath, and milestone copy."
non_party_scripted_text_src_data_scriptedText_family-01_channels_dossier_.entries_dc-3.b.q2_mid_.variants_dc-3-b-q2-mid-v1_.text,non_party_scripted_text,src/data/scriptedText,family-01,channels[dossier].entries[dc-3.b.q2|mid].variants[dc-3-b-q2-mid-v1].text,형이 장남으로 버틴 자리를 제가 깨고 싶지 않았습니다. 그래서 제가 보낸 돈을 어머니 도움처럼 남겼습니다.,I did not want to break the place my brother had held as eldest son. So I left the money I sent looking like Mother's help.,兄が長男として支えてきた場所を私が壊したくありませんでした。だから私が送った金を母の支援のように残しました。,我不想打破哥哥作为长子支撑下来的位置。所以我把自己汇的钱留成像母亲的帮助。,"Scripted text channel without party a/b as speaker: system, judge, witness, dossier, mediation, aftermath, and milestone copy."
non_party_scripted_text_src_data_scriptedText_family-01_channels_dossier_.entries_dc-3.b.q2_mid_.variants_dc-3-b-q2-mid-v10_.behaviorHint,non_party_scripted_text,src/data/scriptedText,family-01,channels[dossier].entries[dc-3.b.q2|mid].variants[dc-3-b-q2-mid-v10].behaviorHint,흔들림을 숨기려 자세를 곧게 세운다.,Straightens his posture to hide his wavering.,揺らぎを隠すように姿勢を正す。,挺直姿势，试图掩饰动摇。,"Scripted text channel without party a/b as speaker: system, judge, witness, dossier, mediation, aftermath, and milestone copy."
non_party_scripted_text_src_data_scriptedText_family-01_channels_dossier_.entries_dc-3.b.q2_mid_.variants_dc-3-b-q2-mid-v10_.text,non_party_scripted_text,src/data/scriptedText,family-01,channels[dossier].entries[dc-3.b.q2|mid].variants[dc-3-b-q2-mid-v10].text,말하지 않은 이유는 형을 낮추고 싶지 않았기 때문입니다. 그 마음이 진실을 늦췄습니다.,I did not speak because I did not want to lower my brother. That feeling delayed the truth.,言わなかった理由は、兄を低く見せたくなかったからです。その気持ちが真実を遅らせました。,我不说，是因为不想让哥哥显得低人一等。这个心情拖延了真相。,"Scripted text channel without party a/b as speaker: system, judge, witness, dossier, mediation, aftermath, and milestone copy."
non_party_scripted_text_src_data_scriptedText_family-01_channels_dossier_.entries_dc-3.b.q2_mid_.variants_dc-3-b-q2-mid-v2_.behaviorHint,non_party_scripted_text,src/data/scriptedText,family-01,channels[dossier].entries[dc-3.b.q2|mid].variants[dc-3-b-q2-mid-v2].behaviorHint,책상 모서리를 천천히 문지르며 답한다.,Answers while slowly rubbing the edge of the desk.,机の角をゆっくりなでながら答える。,一边慢慢摩挲桌角一边回答。,"Scripted text channel without party a/b as speaker: system, judge, witness, dossier, mediation, aftermath, and milestone copy."
non_party_scripted_text_src_data_scriptedText_family-01_channels_dossier_.entries_dc-3.b.q2_mid_.variants_dc-3-b-q2-mid-v2_.text,non_party_scripted_text,src/data/scriptedText,family-01,channels[dossier].entries[dc-3.b.q2|mid].variants[dc-3-b-q2-mid-v2].text,제가 보냈다고 말하면 형은 고마움보다 수치심을 느꼈을 겁니다. 그걸 피하려 했습니다.,"If I said I sent it, my brother would have felt shame before gratitude. I tried to avoid that.",私が送ったと言えば、兄は感謝より恥を感じたでしょう。それを避けようとしました。,如果说是我汇的，哥哥先感到的会是羞耻，而不是感激。我想避开这一点。,"Scripted text channel without party a/b as speaker: system, judge, witness, dossier, mediation, aftermath, and milestone copy."
non_party_scripted_text_src_data_scriptedText_family-01_channels_dossier_.entries_dc-3.b.q2_mid_.variants_dc-3-b-q2-mid-v3_.behaviorHint,non_party_scripted_text,src/data/scriptedText,family-01,channels[dossier].entries[dc-3.b.q2|mid].variants[dc-3-b-q2-mid-v3].behaviorHint,핵심에 이르면 시선을 피하지 않는다.,Does not avert his eyes when he reaches the key point.,核心に至ると視線をそらさない。,说到核心时不回避视线。,"Scripted text channel without party a/b as speaker: system, judge, witness, dossier, mediation, aftermath, and milestone copy."
non_party_scripted_text_src_data_scriptedText_family-01_channels_dossier_.entries_dc-3.b.q2_mid_.variants_dc-3-b-q2-mid-v3_.text,non_party_scripted_text,src/data/scriptedText,family-01,channels[dossier].entries[dc-3.b.q2|mid].variants[dc-3-b-q2-mid-v3].text,어머니도 형이 제 돈을 직접 받는 모양을 힘들어할 걸 아셨습니다. 그래서 조용히 둔 겁니다.,Mother also knew my brother would struggle with receiving my money directly. So we left it quiet.,母も、兄が私の金を直接受け取る形をつらく思うと知っていました。だから静かにしておいたのです。,母亲也知道哥哥会难以接受直接拿我的钱。所以我们就安静地放着。,"Scripted text channel without party a/b as speaker: system, judge, witness, dossier, mediation, aftermath, and milestone copy."
non_party_scripted_text_src_data_scriptedText_family-01_channels_dossier_.entries_dc-3.b.q2_mid_.variants_dc-3-b-q2-mid-v4_.behaviorHint,non_party_scripted_text,src/data/scriptedText,family-01,channels[dossier].entries[dc-3.b.q2|mid].variants[dc-3-b-q2-mid-v4].behaviorHint,낮은 목소리지만 인정 대목은 또렷하다.,"His voice is low, but the admission is clear.",低い声だが、認める部分ははっきりしている。,声音很低，但承认的部分很清楚。,"Scripted text channel without party a/b as speaker: system, judge, witness, dossier, mediation, aftermath, and milestone copy."
non_party_scripted_text_src_data_scriptedText_family-01_channels_dossier_.entries_dc-3.b.q2_mid_.variants_dc-3-b-q2-mid-v4_.text,non_party_scripted_text,src/data/scriptedText,family-01,channels[dossier].entries[dc-3.b.q2|mid].variants[dc-3-b-q2-mid-v4].text,형 자존심을 지킨다는 말로 제 침묵을 합리화했습니다. 지금은 그 말도 완전하지 않다는 걸 압니다.,I rationalized my silence by saying I was protecting my brother's pride. Now I know that statement is not complete either.,兄の自尊心を守るという言葉で、自分の沈黙を合理化しました。今はその言葉も完全ではないと分かります。,我用保护哥哥自尊这句话合理化自己的沉默。现在我知道，这句话也不完整。,"Scripted text channel without party a/b as speaker: system, judge, witness, dossier, mediation, aftermath, and milestone copy."
non_party_scripted_text_src_data_scriptedText_family-01_channels_dossier_.entries_dc-3.b.q2_mid_.variants_dc-3-b-q2-mid-v5_.behaviorHint,non_party_scripted_text,src/data/scriptedText,family-01,channels[dossier].entries[dc-3.b.q2|mid].variants[dc-3-b-q2-mid-v5].behaviorHint,짧게 끊어 말하다가 이유에서 길어진다.,"Speaks in short fragments, then lengthens when giving the reason.",短く切って話し、理由のところで長くなる。,说话短促，到理由处变得更长。,"Scripted text channel without party a/b as speaker: system, judge, witness, dossier, mediation, aftermath, and milestone copy."
non_party_scripted_text_src_data_scriptedText_family-01_channels_dossier_.entries_dc-3.b.q2_mid_.variants_dc-3-b-q2-mid-v5_.text,non_party_scripted_text,src/data/scriptedText,family-01,channels[dossier].entries[dc-3.b.q2|mid].variants[dc-3-b-q2-mid-v5].text,형에게는 어머니가 돕는다는 믿음이 버팀목이었습니다. 제가 그 믿음을 일부러 건드리지 않았습니다.,"For my brother, the belief that Mother was helping him was a support. I deliberately did not touch that belief.",兄にとって、母が助けてくれているという信念は支えでした。私はその信念をわざと触りませんでした。,对哥哥来说，母亲在帮助自己的信念是一种支柱。我故意没有碰那个信念。,"Scripted text channel without party a/b as speaker: system, judge, witness, dossier, mediation, aftermath, and milestone copy."
non_party_scripted_text_src_data_scriptedText_family-01_channels_dossier_.entries_dc-3.b.q2_mid_.variants_dc-3-b-q2-mid-v6_.behaviorHint,non_party_scripted_text,src/data/scriptedText,family-01,channels[dossier].entries[dc-3.b.q2|mid].variants[dc-3-b-q2-mid-v6].behaviorHint,형 쪽을 보려다 다시 재판관을 본다.,"Starts to look toward his brother, then looks back at the Judge.",兄の方を見ようとして、また裁判官を見る。,想看向哥哥，又重新看向法官。,"Scripted text channel without party a/b as speaker: system, judge, witness, dossier, mediation, aftermath, and milestone copy."
non_party_scripted_text_src_data_scriptedText_family-01_channels_dossier_.entries_dc-3.b.q2_mid_.variants_dc-3-b-q2-mid-v6_.text,non_party_scripted_text,src/data/scriptedText,family-01,channels[dossier].entries[dc-3.b.q2|mid].variants[dc-3-b-q2-mid-v6].text,돈의 출처를 말하려면 형이 살아온 장남의 자리까지 흔들릴 수 있다고 봤습니다.,"To speak of the source of the money, I thought, could shake the eldest-son position my brother had lived in.",金の出所を話すには、兄が生きてきた長男の場所まで揺らぎかねないと思いました。,我认为一旦说出钱的来源，连哥哥一直以来作为长子的立足点都会动摇。,"Scripted text channel without party a/b as speaker: system, judge, witness, dossier, mediation, aftermath, and milestone copy."
non_party_scripted_text_src_data_scriptedText_family-01_channels_dossier_.entries_dc-3.b.q2_mid_.variants_dc-3-b-q2-mid-v7_.behaviorHint,non_party_scripted_text,src/data/scriptedText,family-01,channels[dossier].entries[dc-3.b.q2|mid].variants[dc-3-b-q2-mid-v7].behaviorHint,감정을 눌러 두며 책임 단어를 피하지 않는다.,Keeps emotion down and does not avoid the word responsibility.,感情を抑えながら、責任という言葉を避けない。,压住情绪，不回避“责任”这个词。,"Scripted text channel without party a/b as speaker: system, judge, witness, dossier, mediation, aftermath, and milestone copy."
non_party_scripted_text_src_data_scriptedText_family-01_channels_dossier_.entries_dc-3.b.q2_mid_.variants_dc-3-b-q2-mid-v7_.text,non_party_scripted_text,src/data/scriptedText,family-01,channels[dossier].entries[dc-3.b.q2|mid].variants[dc-3-b-q2-mid-v7].text,"재판관님, 저는 체면을 지켜준다고 생각했지만 결국 형을 모른 채 두었습니다.","Your Honor, I thought I was preserving his pride, but in the end I left my brother ignorant.",裁判官、私は体面を守っていると思いましたが、結局は兄を知らないままにしました。,法官，我以为自己是在维护体面，但最后只是让哥哥一直不知道。,"Scripted text channel without party a/b as speaker: system, judge, witness, dossier, mediation, aftermath, and milestone copy."
non_party_scripted_text_src_data_scriptedText_family-01_channels_dossier_.entries_dc-3.b.q2_mid_.variants_dc-3-b-q2-mid-v8_.behaviorHint,non_party_scripted_text,src/data/scriptedText,family-01,channels[dossier].entries[dc-3.b.q2|mid].variants[dc-3-b-q2-mid-v8].behaviorHint,문장 끝마다 잠깐 멈추며 범위를 조정한다.,Pauses at the end of each sentence to adjust the scope.,文末ごとに少し止まり、範囲を調整する。,每句话末尾短暂停顿，调整范围。,"Scripted text channel without party a/b as speaker: system, judge, witness, dossier, mediation, aftermath, and milestone copy."
non_party_scripted_text_src_data_scriptedText_family-01_channels_dossier_.entries_dc-3.b.q2_mid_.variants_dc-3-b-q2-mid-v8_.text,non_party_scripted_text,src/data/scriptedText,family-01,channels[dossier].entries[dc-3.b.q2|mid].variants[dc-3-b-q2-mid-v8].text,형이 동생에게 의지했다는 사실을 받아들이기 어렵다고 봤습니다. 그래서 계속 숨겼습니다.,I thought my brother would find it hard to accept that he had relied on his younger brother. So I kept hiding it.,兄が弟に頼っていた事実を受け入れにくいと思いました。だから隠し続けました。,我觉得哥哥很难接受自己依靠了弟弟。所以我一直隐瞒。,"Scripted text channel without party a/b as speaker: system, judge, witness, dossier, mediation, aftermath, and milestone copy."
non_party_scripted_text_src_data_scriptedText_family-01_channels_dossier_.entries_dc-3.b.q2_mid_.variants_dc-3-b-q2-mid-v9_.behaviorHint,non_party_scripted_text,src/data/scriptedText,family-01,channels[dossier].entries[dc-3.b.q2|mid].variants[dc-3-b-q2-mid-v9].behaviorHint,기록을 떠올리듯 날짜 대신 순서를 짚는다.,"Traces the sequence rather than dates, as if recalling the record.",記録を思い出すように、日付ではなく順序をたどる。,像回忆记录一样，不说日期而是梳理顺序。,"Scripted text channel without party a/b as speaker: system, judge, witness, dossier, mediation, aftermath, and milestone copy."
non_party_scripted_text_src_data_scriptedText_family-01_channels_dossier_.entries_dc-3.b.q2_mid_.variants_dc-3-b-q2-mid-v9_.text,non_party_scripted_text,src/data/scriptedText,family-01,channels[dossier].entries[dc-3.b.q2|mid].variants[dc-3-b-q2-mid-v9].text,제가 가족을 도운 것이라고 믿고 싶었습니다. 하지만 숨긴 대가는 형이 치렀습니다.,I wanted to believe I was helping the family. But my brother paid the cost of what I hid.,私は家族を助けたのだと信じたかったのです。ですが、隠した代償は兄が払いました。,我想相信自己是在帮助家人。但我隐藏的代价由哥哥付出了。,"Scripted text channel without party a/b as speaker: system, judge, witness, dossier, mediation, aftermath, and milestone copy."
non_party_scripted_text_src_data_scriptedText_family-01_channels_dossier_.entries_dc-4.b.q1_early_.variants_dc-4-b-q1-early-v1_.behaviorHint,non_party_scripted_text,src/data/scriptedText,family-01,channels[dossier].entries[dc-4.b.q1|early].variants[dc-4-b-q1-early-v1].behaviorHint,대답 전 한 박자 멈추고 서류 끝을 본다.,Pauses one beat before answering and looks at the edge of the document.,答える前に一拍置き、書類の端を見る。,回答前停顿一拍，看向文件边缘。,"Scripted text channel without party a/b as speaker: system, judge, witness, dossier, mediation, aftermath, and milestone copy."
non_party_scripted_text_src_data_scriptedText_family-01_channels_dossier_.entries_dc-4.b.q1_early_.variants_dc-4-b-q1-early-v1_.text,non_party_scripted_text,src/data/scriptedText,family-01,channels[dossier].entries[dc-4.b.q1|early].variants[dc-4-b-q1-early-v1].text,그 사실은 말년 기록을 정리하다 알게 됐습니다. 처음엔 저도 잘못 읽은 줄 알았습니다.,"I learned that fact while organizing records from Mother's final years. At first, I thought I had read it wrong too.",その事実は母の晩年の記録を整理している時に知りました。最初は私も読み間違えたのだと思いました。,那个事实是我整理母亲晚年记录时知道的。一开始我也以为自己看错了。,"Scripted text channel without party a/b as speaker: system, judge, witness, dossier, mediation, aftermath, and milestone copy."
non_party_scripted_text_src_data_scriptedText_family-01_channels_dossier_.entries_dc-4.b.q1_early_.variants_dc-4-b-q1-early-v10_.behaviorHint,non_party_scripted_text,src/data/scriptedText,family-01,channels[dossier].entries[dc-4.b.q1|early].variants[dc-4-b-q1-early-v10].behaviorHint,끝까지 담담하게 말하려 애쓴다.,Tries to speak calmly to the end.,最後まで淡々と話そうとする。,努力平静地说到最后。,"Scripted text channel without party a/b as speaker: system, judge, witness, dossier, mediation, aftermath, and milestone copy."
non_party_scripted_text_src_data_scriptedText_family-01_channels_dossier_.entries_dc-4.b.q1_early_.variants_dc-4-b-q1-early-v10_.text,non_party_scripted_text,src/data/scriptedText,family-01,channels[dossier].entries[dc-4.b.q1|early].variants[dc-4-b-q1-early-v10].text,어머니가 숨긴 말을 제가 꺼내도 되는지 판단하지 못했습니다. 그래서 침묵했습니다.,I could not decide whether I was allowed to bring out the words Mother had hidden. So I stayed silent.,母が隠した言葉を私が出してよいのか判断できませんでした。だから沈黙しました。,我无法判断自己是否可以把母亲隐藏的话说出来。所以我沉默了。,"Scripted text channel without party a/b as speaker: system, judge, witness, dossier, mediation, aftermath, and milestone copy."
non_party_scripted_text_src_data_scriptedText_family-01_channels_dossier_.entries_dc-4.b.q1_early_.variants_dc-4-b-q1-early-v2_.behaviorHint,non_party_scripted_text,src/data/scriptedText,family-01,channels[dossier].entries[dc-4.b.q1|early].variants[dc-4-b-q1-early-v2].behaviorHint,낮은 목소리로 인정 범위를 먼저 자른다.,"In a low voice, first limits the scope of admission.",低い声で、まず認める範囲を切る。,用低声先限定承认范围。,"Scripted text channel without party a/b as speaker: system, judge, witness, dossier, mediation, aftermath, and milestone copy."
non_party_scripted_text_src_data_scriptedText_family-01_channels_dossier_.entries_dc-4.b.q1_early_.variants_dc-4-b-q1-early-v2_.text,non_party_scripted_text,src/data/scriptedText,family-01,channels[dossier].entries[dc-4.b.q1|early].variants[dc-4-b-q1-early-v2].text,어머니가 남긴 글을 보며 알게 됐습니다. 너무 무거워서 곧장 누구에게도 말하지 못했습니다.,"I learned it while reading what Mother left behind. It was too heavy, and I could not tell anyone immediately.",母が残した文章を見て知りました。あまりに重く、すぐに誰にも言えませんでした。,我是看着母亲留下的文字知道的。那太沉重了，我无法立刻告诉任何人。,"Scripted text channel without party a/b as speaker: system, judge, witness, dossier, mediation, aftermath, and milestone copy."
non_party_scripted_text_src_data_scriptedText_family-01_channels_dossier_.entries_dc-4.b.q1_early_.variants_dc-4-b-q1-early-v3_.behaviorHint,non_party_scripted_text,src/data/scriptedText,family-01,channels[dossier].entries[dc-4.b.q1|early].variants[dc-4-b-q1-early-v3].behaviorHint,시선을 오래 피하지 않지만 말끝은 닫는다.,"Does not avoid the gaze for long, but closes off the ending.",長く視線を避けはしないが、語尾は閉じる。,没有长久避开视线，但句尾收住。,"Scripted text channel without party a/b as speaker: system, judge, witness, dossier, mediation, aftermath, and milestone copy."
non_party_scripted_text_src_data_scriptedText_family-01_channels_dossier_.entries_dc-4.b.q1_early_.variants_dc-4-b-q1-early-v3_.text,non_party_scripted_text,src/data/scriptedText,family-01,channels[dossier].entries[dc-4.b.q1|early].variants[dc-4-b-q1-early-v3].text,정확한 날짜보다 기억나는 건 충격입니다. 그 기록을 본 뒤 저는 혼자 확인을 반복했습니다.,"What I remember more than the exact date is the shock. After seeing that record, I checked it alone again and again.",正確な日付より覚えているのは衝撃です。その記録を見た後、私は一人で何度も確認しました。,比起准确日期，我记得更清楚的是冲击。看过那份记录后，我一个人反复确认。,"Scripted text channel without party a/b as speaker: system, judge, witness, dossier, mediation, aftermath, and milestone copy."
non_party_scripted_text_src_data_scriptedText_family-01_channels_dossier_.entries_dc-4.b.q1_early_.variants_dc-4-b-q1-early-v4_.behaviorHint,non_party_scripted_text,src/data/scriptedText,family-01,channels[dossier].entries[dc-4.b.q1|early].variants[dc-4-b-q1-early-v4].behaviorHint,손가락을 포개 쥔 채 조심스럽게 답한다.,Answers carefully with his fingers folded together.,指を重ねて握ったまま慎重に答える。,手指交叠握着，小心回答。,"Scripted text channel without party a/b as speaker: system, judge, witness, dossier, mediation, aftermath, and milestone copy."
non_party_scripted_text_src_data_scriptedText_family-01_channels_dossier_.entries_dc-4.b.q1_early_.variants_dc-4-b-q1-early-v4_.text,non_party_scripted_text,src/data/scriptedText,family-01,channels[dossier].entries[dc-4.b.q1|early].variants[dc-4-b-q1-early-v4].text,어머니 자료를 정리하던 중에 알았습니다. 형에게 바로 건넬 수 있는 말이 아니었습니다.,I learned it while organizing Mother's materials. It was not something I could hand straight to my brother.,母の資料を整理している中で知りました。兄にすぐ渡せる言葉ではありませんでした。,我是整理母亲资料时知道的。这不是能马上交给哥哥的话。,"Scripted text channel without party a/b as speaker: system, judge, witness, dossier, mediation, aftermath, and milestone copy."
non_party_scripted_text_src_data_scriptedText_family-01_channels_dossier_.entries_dc-4.b.q1_early_.variants_dc-4-b-q1-early-v5_.behaviorHint,non_party_scripted_text,src/data/scriptedText,family-01,channels[dossier].entries[dc-4.b.q1|early].variants[dc-4-b-q1-early-v5].behaviorHint,숨을 고른 뒤 핵심 단어만 피해 간다.,"Catches his breath, then avoids only the key word.",息を整えた後、核心の言葉だけを避ける。,调整呼吸后，只避开核心词。,"Scripted text channel without party a/b as speaker: system, judge, witness, dossier, mediation, aftermath, and milestone copy."
non_party_scripted_text_src_data_scriptedText_family-01_channels_dossier_.entries_dc-4.b.q1_early_.variants_dc-4-b-q1-early-v5_.text,non_party_scripted_text,src/data/scriptedText,family-01,channels[dossier].entries[dc-4.b.q1|early].variants[dc-4-b-q1-early-v5].text,그 사실을 안 순간부터 유서 문제도 다르게 보였습니다. 하지만 입 밖에 낼 자신이 없었습니다.,"From the moment I learned that fact, the will issue looked different. But I did not have the courage to say it aloud.",その事実を知った瞬間から、遺言書の問題も違って見えました。ですが、口に出す自信がありませんでした。,知道那个事实的瞬间起，遗嘱问题也变得不同了。但我没有勇气说出口。,"Scripted text channel without party a/b as speaker: system, judge, witness, dossier, mediation, aftermath, and milestone copy."
non_party_scripted_text_src_data_scriptedText_family-01_channels_dossier_.entries_dc-4.b.q1_early_.variants_dc-4-b-q1-early-v6_.behaviorHint,non_party_scripted_text,src/data/scriptedText,family-01,channels[dossier].entries[dc-4.b.q1|early].variants[dc-4-b-q1-early-v6].behaviorHint,턱이 굳지만 목소리는 평평하게 유지한다.,"His jaw tightens, but his voice stays even.",顎はこわばるが、声は平らに保つ。,下颌绷紧，但声音保持平稳。,"Scripted text channel without party a/b as speaker: system, judge, witness, dossier, mediation, aftermath, and milestone copy."
non_party_scripted_text_src_data_scriptedText_family-01_channels_dossier_.entries_dc-4.b.q1_early_.variants_dc-4-b-q1-early-v6_.text,non_party_scripted_text,src/data/scriptedText,family-01,channels[dossier].entries[dc-4.b.q1|early].variants[dc-4-b-q1-early-v6].text,"재판관님, 제가 먼저 알고도 침묵한 건 맞습니다. 다만 그 침묵이 가볍진 않았습니다.","Your Honor, it is true I knew first and stayed silent. But that silence was not light.",裁判官、私が先に知って沈黙したのは事実です。ただ、その沈黙は軽いものではありませんでした。,法官，我先知道却沉默，这是事实。但那份沉默并不轻。,"Scripted text channel without party a/b as speaker: system, judge, witness, dossier, mediation, aftermath, and milestone copy."
non_party_scripted_text_src_data_scriptedText_family-01_channels_dossier_.entries_dc-4.b.q1_early_.variants_dc-4-b-q1-early-v7_.behaviorHint,non_party_scripted_text,src/data/scriptedText,family-01,channels[dossier].entries[dc-4.b.q1|early].variants[dc-4-b-q1-early-v7].behaviorHint,짧게 고개를 끄덕이고 다시 선을 긋는다.,Gives a small nod and draws the line again.,短くうなずき、また線を引く。,短促点头后，再次划清界线。,"Scripted text channel without party a/b as speaker: system, judge, witness, dossier, mediation, aftermath, and milestone copy."
non_party_scripted_text_src_data_scriptedText_family-01_channels_dossier_.entries_dc-4.b.q1_early_.variants_dc-4-b-q1-early-v7_.text,non_party_scripted_text,src/data/scriptedText,family-01,channels[dossier].entries[dc-4.b.q1|early].variants[dc-4-b-q1-early-v7].text,기록 하나로 끝난 일이 아니었습니다. 앞뒤 사정이 맞물려 더는 모른 척하기 어려웠습니다.,"It was not something that ended with one record. The surrounding circumstances fit together, and I could no longer pretend not to know.",記録一つで終わることではありませんでした。前後の事情がかみ合い、もう知らないふりは難しくなりました。,这不是一份记录就结束的事。前后情况连在一起，我很难再装作不知道。,"Scripted text channel without party a/b as speaker: system, judge, witness, dossier, mediation, aftermath, and milestone copy."
non_party_scripted_text_src_data_scriptedText_family-01_channels_dossier_.entries_dc-4.b.q1_early_.variants_dc-4-b-q1-early-v8_.behaviorHint,non_party_scripted_text,src/data/scriptedText,family-01,channels[dossier].entries[dc-4.b.q1|early].variants[dc-4-b-q1-early-v8].behaviorHint,입술을 누른 뒤 필요한 사실만 꺼낸다.,"Presses his lips, then gives only the necessary facts.",唇を押さえた後、必要な事実だけを出す。,抿住嘴唇后，只说必要事实。,"Scripted text channel without party a/b as speaker: system, judge, witness, dossier, mediation, aftermath, and milestone copy."
non_party_scripted_text_src_data_scriptedText_family-01_channels_dossier_.entries_dc-4.b.q1_early_.variants_dc-4-b-q1-early-v8_.text,non_party_scripted_text,src/data/scriptedText,family-01,channels[dossier].entries[dc-4.b.q1|early].variants[dc-4-b-q1-early-v8].text,그때 저는 형보다 먼저 알아버린 사람이 됐습니다. 그 자체가 너무 무거웠습니다.,"At that time, I became the person who knew before my brother did. That alone was too heavy.",その時、私は兄より先に知ってしまった人になりました。それだけであまりに重かったです。,那时，我成了比哥哥先知道的人。仅这一点就太沉重了。,"Scripted text channel without party a/b as speaker: system, judge, witness, dossier, mediation, aftermath, and milestone copy."
non_party_scripted_text_src_data_scriptedText_family-01_channels_dossier_.entries_dc-4.b.q1_early_.variants_dc-4-b-q1-early-v9_.behaviorHint,non_party_scripted_text,src/data/scriptedText,family-01,channels[dossier].entries[dc-4.b.q1|early].variants[dc-4-b-q1-early-v9].behaviorHint,감정은 누르고 문장 사이를 길게 둔다.,Suppresses emotion and leaves long gaps between sentences.,感情を抑え、文と文の間を長く取る。,压住情绪，在句子之间留出长停顿。,"Scripted text channel without party a/b as speaker: system, judge, witness, dossier, mediation, aftermath, and milestone copy."
non_party_scripted_text_src_data_scriptedText_family-01_channels_dossier_.entries_dc-4.b.q1_early_.variants_dc-4-b-q1-early-v9_.text,non_party_scripted_text,src/data/scriptedText,family-01,channels[dossier].entries[dc-4.b.q1|early].variants[dc-4-b-q1-early-v9].text,혼자 감당하려 한 건 잘해서가 아닙니다. 누구에게 말해야 할지 몰라 멈춰 있었습니다.,I did not try to bear it alone because I was good at it. I stopped because I did not know whom to tell.,一人で抱えようとしたのは、うまくできるからではありません。誰に言えばいいのか分からず、止まっていました。,我想一个人承担，并不是因为我做得好。而是不知道该告诉谁，所以停住了。,"Scripted text channel without party a/b as speaker: system, judge, witness, dossier, mediation, aftermath, and milestone copy."
non_party_scripted_text_src_data_scriptedText_family-01_channels_dossier_.entries_dc-4.b.q1_late_.variants_dc-4-b-q1-late-v1_.behaviorHint,non_party_scripted_text,src/data/scriptedText,family-01,channels[dossier].entries[dc-4.b.q1|late].variants[dc-4-b-q1-late-v1].behaviorHint,눈을 한 번 감았다 뜨고 낮게 고백한다.,"Closes his eyes once, opens them, and confesses quietly.",一度目を閉じて開き、低く告白する。,闭眼又睁开，低声坦白。,"Scripted text channel without party a/b as speaker: system, judge, witness, dossier, mediation, aftermath, and milestone copy."
non_party_scripted_text_src_data_scriptedText_family-01_channels_dossier_.entries_dc-4.b.q1_late_.variants_dc-4-b-q1-late-v1_.text,non_party_scripted_text,src/data/scriptedText,family-01,channels[dossier].entries[dc-4.b.q1|late].variants[dc-4-b-q1-late-v1].text,제 출생과 관련한 민감한 사실은 어머니 말년 일기장을 정리하다 알게 됐습니다. 그 사실은 제가 함부로 꺼낼 수 없는 내용이었습니다.,I learned the sensitive fact tied to my birth while organizing Mother's diary from her final years. It was not something I could bring up carelessly.,私の出生に関わる敏感な事実は、母の晩年の日記帳を整理している時に知りました。その事実は、私がむやみに持ち出せる内容ではありませんでした。,与我出生有关的敏感事实，是我整理母亲晚年日记时知道的。那不是我可以随便说出口的内容。,"Scripted text channel without party a/b as speaker: system, judge, witness, dossier, mediation, aftermath, and milestone copy."
non_party_scripted_text_src_data_scriptedText_family-01_channels_dossier_.entries_dc-4.b.q1_late_.variants_dc-4-b-q1-late-v10_.behaviorHint,non_party_scripted_text,src/data/scriptedText,family-01,channels[dossier].entries[dc-4.b.q1|late].variants[dc-4-b-q1-late-v10].behaviorHint,고개를 숙인 채 변명보다 책임을 앞세운다.,"With head lowered, puts responsibility before excuses.",頭を下げたまま、言い訳より責任を先に出す。,低着头，把责任放在辩解之前。,"Scripted text channel without party a/b as speaker: system, judge, witness, dossier, mediation, aftermath, and milestone copy."
non_party_scripted_text_src_data_scriptedText_family-01_channels_dossier_.entries_dc-4.b.q1_late_.variants_dc-4-b-q1-late-v10_.text,non_party_scripted_text,src/data/scriptedText,family-01,channels[dossier].entries[dc-4.b.q1|late].variants[dc-4-b-q1-late-v10].text,형이 친자가 아니라는 사실을 제가 먼저 알았습니다. 그 후의 모든 선택은 두려움에서 벗어나지 못했습니다.,I learned before my brother that he was not Father's biological son. Every choice after that could not escape fear.,兄が父の実子ではないという事実を、私が先に知りました。その後のすべての選択は恐れから抜け出せませんでした。,我先知道了哥哥不是父亲亲生儿子的事实。之后所有选择都没能摆脱恐惧。,"Scripted text channel without party a/b as speaker: system, judge, witness, dossier, mediation, aftermath, and milestone copy."
non_party_scripted_text_src_data_scriptedText_family-01_channels_dossier_.entries_dc-4.b.q1_late_.variants_dc-4-b-q1-late-v2_.behaviorHint,non_party_scripted_text,src/data/scriptedText,family-01,channels[dossier].entries[dc-4.b.q1|late].variants[dc-4-b-q1-late-v2].behaviorHint,목소리가 마지막 문장에서 미세하게 갈라진다.,His voice cracks faintly in the final sentence.,最後の文で声がかすかに割れる。,声音在最后一句微微发颤。,"Scripted text channel without party a/b as speaker: system, judge, witness, dossier, mediation, aftermath, and milestone copy."
non_party_scripted_text_src_data_scriptedText_family-01_channels_dossier_.entries_dc-4.b.q1_late_.variants_dc-4-b-q1-late-v2_.text,non_party_scripted_text,src/data/scriptedText,family-01,channels[dossier].entries[dc-4.b.q1|late].variants[dc-4-b-q1-late-v2].text,"재판관님, 저는 어머니 기록과 오래된 서류를 보고 제 출생과 관련한 민감한 사실을 확인했습니다. 그 뒤 혼자 숨겼습니다.","Your Honor, I confirmed a sensitive fact tied to my birth by reading Mother's records and old documents. After that, I hid it alone.",裁判官、私は母の記録と古い書類を見て、私の出生に関わる敏感な事実を確認しました。その後、一人で隠しました。,法官，我看了母亲的记录和旧文件，确认了与我出生有关的敏感事实。之后我一个人把它藏了起来。,"Scripted text channel without party a/b as speaker: system, judge, witness, dossier, mediation, aftermath, and milestone copy."
non_party_scripted_text_src_data_scriptedText_family-01_channels_dossier_.entries_dc-4.b.q1_late_.variants_dc-4-b-q1-late-v3_.behaviorHint,non_party_scripted_text,src/data/scriptedText,family-01,channels[dossier].entries[dc-4.b.q1|late].variants[dc-4-b-q1-late-v3].behaviorHint,담담한 표정이 무너지지 않지만 숨이 길어진다.,"His calm expression does not break, but his breathing lengthens.",淡々とした表情は崩れないが、息が長くなる。,平静表情没有崩塌，但呼吸变长。,"Scripted text channel without party a/b as speaker: system, judge, witness, dossier, mediation, aftermath, and milestone copy."
non_party_scripted_text_src_data_scriptedText_family-01_channels_dossier_.entries_dc-4.b.q1_late_.variants_dc-4-b-q1-late-v3_.text,non_party_scripted_text,src/data/scriptedText,family-01,channels[dossier].entries[dc-4.b.q1|late].variants[dc-4-b-q1-late-v3].text,처음엔 부정하고 싶었습니다. 하지만 기록들이 형이 아버지의 친자가 아니라는 사실로 이어졌습니다.,"At first, I wanted to deny it. But the records led to the fact that my brother was not Father's biological son.",最初は否定したいと思いました。ですが、記録は兄が父の実子ではないという事実へつながりました。,一开始我想否认。但那些记录指向了哥哥不是父亲亲生儿子的事实。,"Scripted text channel without party a/b as speaker: system, judge, witness, dossier, mediation, aftermath, and milestone copy."
non_party_scripted_text_src_data_scriptedText_family-01_channels_dossier_.entries_dc-4.b.q1_late_.variants_dc-4-b-q1-late-v4_.behaviorHint,non_party_scripted_text,src/data/scriptedText,family-01,channels[dossier].entries[dc-4.b.q1|late].variants[dc-4-b-q1-late-v4].behaviorHint,더 숨기지 않겠다는 듯 문장을 끝까지 잇는다.,Carries the sentence to the end as if he will hide no more.,これ以上隠さないというように、文を最後までつなぐ。,像是不再隐瞒一样，把句子说到最后。,"Scripted text channel without party a/b as speaker: system, judge, witness, dossier, mediation, aftermath, and milestone copy."
non_party_scripted_text_src_data_scriptedText_family-01_channels_dossier_.entries_dc-4.b.q1_late_.variants_dc-4-b-q1-late-v4_.text,non_party_scripted_text,src/data/scriptedText,family-01,channels[dossier].entries[dc-4.b.q1|late].variants[dc-4-b-q1-late-v4].text,"그 비밀을 알게 된 순간, 유서의 제 몫 90과 제가 보낸 돈이 모두 한 줄로 연결돼 보였습니다.","The moment I learned that secret, the 90 share in the will and the money I had sent all seemed to connect in one line.",その秘密を知った瞬間、遺言書の私の取り分90と私が送った金がすべて一本の線でつながって見えました。,知道那个秘密的瞬间，遗嘱里我90的份额和我汇出的钱，全都像连成了一条线。,"Scripted text channel without party a/b as speaker: system, judge, witness, dossier, mediation, aftermath, and milestone copy."
non_party_scripted_text_src_data_scriptedText_family-01_channels_dossier_.entries_dc-4.b.q1_late_.variants_dc-4-b-q1-late-v5_.behaviorHint,non_party_scripted_text,src/data/scriptedText,family-01,channels[dossier].entries[dc-4.b.q1|late].variants[dc-4-b-q1-late-v5].behaviorHint,형 쪽을 보지 못한 채 책임을 인정한다.,Admits responsibility without being able to look toward his brother.,兄の方を見られないまま責任を認める。,无法看向哥哥，却承认责任。,"Scripted text channel without party a/b as speaker: system, judge, witness, dossier, mediation, aftermath, and milestone copy."
non_party_scripted_text_src_data_scriptedText_family-01_channels_dossier_.entries_dc-4.b.q1_late_.variants_dc-4-b-q1-late-v5_.text,non_party_scripted_text,src/data/scriptedText,family-01,channels[dossier].entries[dc-4.b.q1|late].variants[dc-4-b-q1-late-v5].text,저는 형이 그 사실을 들으면 장남으로 살아온 삶이 무너질 거라 단정했습니다. 그래서 말하지 않았습니다.,"I decided that if my brother heard that fact, the life he had lived as eldest son would collapse. So I did not tell him.",兄がその事実を聞けば、長男として生きてきた人生が崩れると私が決めつけました。だから言いませんでした。,我断定哥哥如果听到那个事实，他作为长子活过的人生会崩塌。所以我没有说。,"Scripted text channel without party a/b as speaker: system, judge, witness, dossier, mediation, aftermath, and milestone copy."
non_party_scripted_text_src_data_scriptedText_family-01_channels_dossier_.entries_dc-4.b.q1_late_.variants_dc-4-b-q1-late-v6_.behaviorHint,non_party_scripted_text,src/data/scriptedText,family-01,channels[dossier].entries[dc-4.b.q1|late].variants[dc-4-b-q1-late-v6].behaviorHint,서류에서 손을 떼고 재판관을 똑바로 본다.,Takes his hands off the document and looks straight at the Judge.,書類から手を離し、裁判官をまっすぐ見る。,把手从文件上移开，直视法官。,"Scripted text channel without party a/b as speaker: system, judge, witness, dossier, mediation, aftermath, and milestone copy."
non_party_scripted_text_src_data_scriptedText_family-01_channels_dossier_.entries_dc-4.b.q1_late_.variants_dc-4-b-q1-late-v6_.text,non_party_scripted_text,src/data/scriptedText,family-01,channels[dossier].entries[dc-4.b.q1|late].variants[dc-4-b-q1-late-v6].text,어머니가 숨긴 그 사실을 제가 대신 지킨다고 착각했습니다. 결국 형에게서 알 권리를 빼앗았습니다.,"I mistook myself for the one protecting the fact Mother had hidden. In the end, I took away my brother's right to know.",母が隠したその事実を、私が代わりに守っていると勘違いしました。結局、兄から知る権利を奪いました。,我误以为自己是在替母亲守住那个被隐藏的事实。最终，我夺走了哥哥的知情权。,"Scripted text channel without party a/b as speaker: system, judge, witness, dossier, mediation, aftermath, and milestone copy."
non_party_scripted_text_src_data_scriptedText_family-01_channels_dossier_.entries_dc-4.b.q1_late_.variants_dc-4-b-q1-late-v7_.behaviorHint,non_party_scripted_text,src/data/scriptedText,family-01,channels[dossier].entries[dc-4.b.q1|late].variants[dc-4-b-q1-late-v7].behaviorHint,오래 참은 말을 한꺼번에 꺼내듯 이어 간다.,Continues as if releasing words long held back.,長くこらえていた言葉を一気に出すように続ける。,像一下说出压抑已久的话一样继续。,"Scripted text channel without party a/b as speaker: system, judge, witness, dossier, mediation, aftermath, and milestone copy."
non_party_scripted_text_src_data_scriptedText_family-01_channels_dossier_.entries_dc-4.b.q1_late_.variants_dc-4-b-q1-late-v7_.text,non_party_scripted_text,src/data/scriptedText,family-01,channels[dossier].entries[dc-4.b.q1|late].variants[dc-4-b-q1-late-v7].text,그 사실을 안 뒤 저는 법정까지 오지 않게 하려 했습니다. 형이 여기서 그 말을 듣게 될까 봐 두려웠습니다.,"After learning that fact, I tried to keep it from coming to court. I was afraid my brother would hear those words here.",その事実を知った後、私は法廷まで来ないようにしようとしました。兄がここでその言葉を聞くのが怖かったのです。,知道那个事实后，我试图不让事情走到法庭。我害怕哥哥会在这里听到那句话。,"Scripted text channel without party a/b as speaker: system, judge, witness, dossier, mediation, aftermath, and milestone copy."
non_party_scripted_text_src_data_scriptedText_family-01_channels_dossier_.entries_dc-4.b.q1_late_.variants_dc-4-b-q1-late-v8_.behaviorHint,non_party_scripted_text,src/data/scriptedText,family-01,channels[dossier].entries[dc-4.b.q1|late].variants[dc-4-b-q1-late-v8].behaviorHint,말끝이 낮아지지만 핵심은 흐리지 않는다.,"His ending falls low, but the core does not blur.",語尾は低くなるが、核心はぼかさない。,句尾低下，但核心不模糊。,"Scripted text channel without party a/b as speaker: system, judge, witness, dossier, mediation, aftermath, and milestone copy."
non_party_scripted_text_src_data_scriptedText_family-01_channels_dossier_.entries_dc-4.b.q1_late_.variants_dc-4-b-q1-late-v8_.text,non_party_scripted_text,src/data/scriptedText,family-01,channels[dossier].entries[dc-4.b.q1|late].variants[dc-4-b-q1-late-v8].text,형과 관련한 그 사실을 혼자 쥔 채 문서 처리까지 제 방식으로 밀어붙였습니다. 지키려 했다는 말로 덮을 수 없는 책임입니다.,"Holding that fact about my brother alone, I pushed the document handling in my own way. It is a responsibility that cannot be covered by saying I was trying to protect him.",兄に関わるその事実を一人で握ったまま、文書処理まで自分のやり方で押し進めました。守ろうとしたという言葉では覆えない責任です。,我一个人握着与哥哥有关的那个事实，还把文件处理也按自己的方式推进。这份责任不能用“想保护他”来遮盖。,"Scripted text channel without party a/b as speaker: system, judge, witness, dossier, mediation, aftermath, and milestone copy."
non_party_scripted_text_src_data_scriptedText_family-01_channels_dossier_.entries_dc-4.b.q1_late_.variants_dc-4-b-q1-late-v9_.behaviorHint,non_party_scripted_text,src/data/scriptedText,family-01,channels[dossier].entries[dc-4.b.q1|late].variants[dc-4-b-q1-late-v9].behaviorHint,침묵 뒤에 가장 무거운 사실을 놓는다.,"After a silence, places the heaviest fact on the record.",沈黙の後、最も重い事実を置く。,沉默之后说出最沉重的事实。,"Scripted text channel without party a/b as speaker: system, judge, witness, dossier, mediation, aftermath, and milestone copy."
non_party_scripted_text_src_data_scriptedText_family-01_channels_dossier_.entries_dc-4.b.q1_late_.variants_dc-4-b-q1-late-v9_.text,non_party_scripted_text,src/data/scriptedText,family-01,channels[dossier].entries[dc-4.b.q1|late].variants[dc-4-b-q1-late-v9].text,"재판관님, 저는 어머니 일기장을 본 사람이고, 형에게 말하지 않은 사람입니다. 변명하지 않겠습니다.","Your Honor, I am the person who saw Mother's diary, and the person who did not tell my brother. I will not make excuses.",裁判官、私は母の日記帳を見た人であり、兄に言わなかった人です。言い訳はしません。,法官，我是看过母亲日记的人，也是没有告诉哥哥的人。我不辩解。,"Scripted text channel without party a/b as speaker: system, judge, witness, dossier, mediation, aftermath, and milestone copy."
non_party_scripted_text_src_data_scriptedText_family-01_channels_dossier_.entries_dc-4.b.q1_mid_.variants_dc-4-b-q1-mid-v1_.behaviorHint,non_party_scripted_text,src/data/scriptedText,family-01,channels[dossier].entries[dc-4.b.q1|mid].variants[dc-4-b-q1-mid-v1].behaviorHint,말을 고르다 한 번 숨을 길게 내쉰다.,"Chooses his words, then lets out one long breath.",言葉を選び、一度長く息を吐く。,斟酌措辞后长长呼出一口气。,"Scripted text channel without party a/b as speaker: system, judge, witness, dossier, mediation, aftermath, and milestone copy."
non_party_scripted_text_src_data_scriptedText_family-01_channels_dossier_.entries_dc-4.b.q1_mid_.variants_dc-4-b-q1-mid-v1_.text,non_party_scripted_text,src/data/scriptedText,family-01,channels[dossier].entries[dc-4.b.q1|mid].variants[dc-4-b-q1-mid-v1].text,제 뿌리에 관한 그 사실은 어머니 일기와 오래된 서류가 맞물리며 알게 됐습니다.,I learned that fact about my roots through Mother's diary and old documents fitting together.,私の根に関わるその事実は、母の日記と古い書類がかみ合って分かりました。,关于我根源的那个事实，是母亲日记和旧文件相互印证后让我知道的。,"Scripted text channel without party a/b as speaker: system, judge, witness, dossier, mediation, aftermath, and milestone copy."
non_party_scripted_text_src_data_scriptedText_family-01_channels_dossier_.entries_dc-4.b.q1_mid_.variants_dc-4-b-q1-mid-v10_.behaviorHint,non_party_scripted_text,src/data/scriptedText,family-01,channels[dossier].entries[dc-4.b.q1|mid].variants[dc-4-b-q1-mid-v10].behaviorHint,흔들림을 숨기려 자세를 곧게 세운다.,Straightens his posture to hide his wavering.,揺らぎを隠すように姿勢を正す。,挺直姿势，试图掩饰动摇。,"Scripted text channel without party a/b as speaker: system, judge, witness, dossier, mediation, aftermath, and milestone copy."
non_party_scripted_text_src_data_scriptedText_family-01_channels_dossier_.entries_dc-4.b.q1_mid_.variants_dc-4-b-q1-mid-v10_.text,non_party_scripted_text,src/data/scriptedText,family-01,channels[dossier].entries[dc-4.b.q1|mid].variants[dc-4-b-q1-mid-v10].text,혼자 감당하려 했다는 말은 맞습니다. 하지만 그건 강함이 아니라 겁이었습니다.,"It is true I tried to bear it alone. But that was fear, not strength.",一人で抱えようとしたという言葉は事実です。けれど、それは強さではなく恐れでした。,我确实想一个人承受。但那不是坚强，而是害怕。,"Scripted text channel without party a/b as speaker: system, judge, witness, dossier, mediation, aftermath, and milestone copy."
non_party_scripted_text_src_data_scriptedText_family-01_channels_dossier_.entries_dc-4.b.q1_mid_.variants_dc-4-b-q1-mid-v2_.behaviorHint,non_party_scripted_text,src/data/scriptedText,family-01,channels[dossier].entries[dc-4.b.q1|mid].variants[dc-4-b-q1-mid-v2].behaviorHint,책상 모서리를 천천히 문지르며 답한다.,Answers while slowly rubbing the edge of the desk.,机の角をゆっくりなでながら答える。,一边慢慢摩挲桌角一边回答。,"Scripted text channel without party a/b as speaker: system, judge, witness, dossier, mediation, aftermath, and milestone copy."
non_party_scripted_text_src_data_scriptedText_family-01_channels_dossier_.entries_dc-4.b.q1_mid_.variants_dc-4-b-q1-mid-v2_.text,non_party_scripted_text,src/data/scriptedText,family-01,channels[dossier].entries[dc-4.b.q1|mid].variants[dc-4-b-q1-mid-v2].text,말년 기록을 정리하다 형이 믿어 온 가족의 자리가 다를 수 있다는 사실을 확인했습니다.,"While organizing records from Mother's final years, I confirmed that the family position my brother had believed in might not be what he thought.",母の晩年の記録を整理する中で、兄が信じてきた家族の位置が違うかもしれないという事実を確認しました。,整理母亲晚年记录时，我确认了哥哥一直相信的家庭位置可能并非如此。,"Scripted text channel without party a/b as speaker: system, judge, witness, dossier, mediation, aftermath, and milestone copy."
non_party_scripted_text_src_data_scriptedText_family-01_channels_dossier_.entries_dc-4.b.q1_mid_.variants_dc-4-b-q1-mid-v3_.behaviorHint,non_party_scripted_text,src/data/scriptedText,family-01,channels[dossier].entries[dc-4.b.q1|mid].variants[dc-4-b-q1-mid-v3].behaviorHint,핵심에 이르면 시선을 피하지 않는다.,Does not avert his eyes when he reaches the key point.,核心に至ると視線をそらさない。,说到核心时不回避视线。,"Scripted text channel without party a/b as speaker: system, judge, witness, dossier, mediation, aftermath, and milestone copy."
non_party_scripted_text_src_data_scriptedText_family-01_channels_dossier_.entries_dc-4.b.q1_mid_.variants_dc-4-b-q1-mid-v3_.text,non_party_scripted_text,src/data/scriptedText,family-01,channels[dossier].entries[dc-4.b.q1|mid].variants[dc-4-b-q1-mid-v3].text,어머니가 남긴 문장과 자료가 한 결론으로 이어졌습니다. 저는 그때부터 혼자 버티기 시작했습니다.,"Mother's sentences and the materials she left led to one conclusion. From then on, I began enduring it alone.",母が残した文章と資料は一つの結論へつながりました。私はその時から一人で耐え始めました。,母亲留下的文字和资料导向同一个结论。从那时起，我开始独自承受。,"Scripted text channel without party a/b as speaker: system, judge, witness, dossier, mediation, aftermath, and milestone copy."
non_party_scripted_text_src_data_scriptedText_family-01_channels_dossier_.entries_dc-4.b.q1_mid_.variants_dc-4-b-q1-mid-v4_.behaviorHint,non_party_scripted_text,src/data/scriptedText,family-01,channels[dossier].entries[dc-4.b.q1|mid].variants[dc-4-b-q1-mid-v4].behaviorHint,낮은 목소리지만 인정 대목은 또렷하다.,"His voice is low, but the admission is clear.",低い声だが、認める部分ははっきりしている。,声音很低，但承认的部分很清楚。,"Scripted text channel without party a/b as speaker: system, judge, witness, dossier, mediation, aftermath, and milestone copy."
non_party_scripted_text_src_data_scriptedText_family-01_channels_dossier_.entries_dc-4.b.q1_mid_.variants_dc-4-b-q1-mid-v4_.text,non_party_scripted_text,src/data/scriptedText,family-01,channels[dossier].entries[dc-4.b.q1|mid].variants[dc-4-b-q1-mid-v4].text,그 사실을 알자마자 형에게 말할 수 없었습니다. 유서 비율과 돈의 흐름까지 같이 설명해야 했기 때문입니다.,I could not tell my brother as soon as I learned it. I would also have had to explain the will ratio and the money trail.,その事実を知った直後、兄に言うことはできませんでした。遺言書の比率と金の流れまで一緒に説明しなければならなかったからです。,知道那个事实后，我无法立刻告诉哥哥。因为遗嘱比例和钱的流向也必须一起说明。,"Scripted text channel without party a/b as speaker: system, judge, witness, dossier, mediation, aftermath, and milestone copy."
non_party_scripted_text_src_data_scriptedText_family-01_channels_dossier_.entries_dc-4.b.q1_mid_.variants_dc-4-b-q1-mid-v5_.behaviorHint,non_party_scripted_text,src/data/scriptedText,family-01,channels[dossier].entries[dc-4.b.q1|mid].variants[dc-4-b-q1-mid-v5].behaviorHint,짧게 끊어 말하다가 이유에서 길어진다.,"Speaks in short fragments, then lengthens when giving the reason.",短く切って話し、理由のところで長くなる。,说话短促，到理由处变得更长。,"Scripted text channel without party a/b as speaker: system, judge, witness, dossier, mediation, aftermath, and milestone copy."
non_party_scripted_text_src_data_scriptedText_family-01_channels_dossier_.entries_dc-4.b.q1_mid_.variants_dc-4-b-q1-mid-v5_.text,non_party_scripted_text,src/data/scriptedText,family-01,channels[dossier].entries[dc-4.b.q1|mid].variants[dc-4-b-q1-mid-v5].text,"재판관님, 단순한 소문이 아니었습니다. 어머니 기록이 형의 삶에 관한 무거운 사실을 가리켰습니다.","Your Honor, it was not a simple rumor. Mother's records pointed to a heavy fact about my brother's life.",裁判官、単なる噂ではありませんでした。母の記録は兄の人生に関わる重い事実を示していました。,法官，那不是简单的传言。母亲的记录指向了与哥哥人生有关的沉重事实。,"Scripted text channel without party a/b as speaker: system, judge, witness, dossier, mediation, aftermath, and milestone copy."
non_party_scripted_text_src_data_scriptedText_family-01_channels_dossier_.entries_dc-4.b.q1_mid_.variants_dc-4-b-q1-mid-v6_.behaviorHint,non_party_scripted_text,src/data/scriptedText,family-01,channels[dossier].entries[dc-4.b.q1|mid].variants[dc-4-b-q1-mid-v6].behaviorHint,형 쪽을 보려다 다시 재판관을 본다.,"Starts to look toward his brother, then looks back at the Judge.",兄の方を見ようとして、また裁判官を見る。,想看向哥哥，又重新看向法官。,"Scripted text channel without party a/b as speaker: system, judge, witness, dossier, mediation, aftermath, and milestone copy."
non_party_scripted_text_src_data_scriptedText_family-01_channels_dossier_.entries_dc-4.b.q1_mid_.variants_dc-4-b-q1-mid-v6_.text,non_party_scripted_text,src/data/scriptedText,family-01,channels[dossier].entries[dc-4.b.q1|mid].variants[dc-4-b-q1-mid-v6].text,저는 형이 알면 상속 문제가 아니라 자기 삶을 다시 보게 될 거라고 봤습니다.,"I thought that if my brother knew, it would not be an inheritance issue but a reason to look at his own life again.",兄が知れば、相続問題ではなく自分の人生を見直すことになると思いました。,我认为哥哥如果知道，那就不只是继承问题，而是要重新看待自己的人生。,"Scripted text channel without party a/b as speaker: system, judge, witness, dossier, mediation, aftermath, and milestone copy."
non_party_scripted_text_src_data_scriptedText_family-01_channels_dossier_.entries_dc-4.b.q1_mid_.variants_dc-4-b-q1-mid-v7_.behaviorHint,non_party_scripted_text,src/data/scriptedText,family-01,channels[dossier].entries[dc-4.b.q1|mid].variants[dc-4-b-q1-mid-v7].behaviorHint,감정을 눌러 두며 책임 단어를 피하지 않는다.,Keeps emotion down and does not avoid the word responsibility.,感情を抑えながら、責任という言葉を避けない。,压住情绪，不回避“责任”这个词。,"Scripted text channel without party a/b as speaker: system, judge, witness, dossier, mediation, aftermath, and milestone copy."
non_party_scripted_text_src_data_scriptedText_family-01_channels_dossier_.entries_dc-4.b.q1_mid_.variants_dc-4-b-q1-mid-v7_.text,non_party_scripted_text,src/data/scriptedText,family-01,channels[dossier].entries[dc-4.b.q1|mid].variants[dc-4-b-q1-mid-v7].text,"그때부터 저는 돈과 유서, 어머니 말년을 한꺼번에 묶어 생각했습니다. 그래서 더 침묵했습니다.","From then on, I thought of money, the will, and Mother's final years all at once. So I stayed even more silent.",その時から私は、金と遺言書、母の晩年を一度に結びつけて考えました。だからさらに沈黙しました。,从那时起，我把钱、遗嘱和母亲晚年一起捆在脑子里想。所以更加沉默。,"Scripted text channel without party a/b as speaker: system, judge, witness, dossier, mediation, aftermath, and milestone copy."
non_party_scripted_text_src_data_scriptedText_family-01_channels_dossier_.entries_dc-4.b.q1_mid_.variants_dc-4-b-q1-mid-v8_.behaviorHint,non_party_scripted_text,src/data/scriptedText,family-01,channels[dossier].entries[dc-4.b.q1|mid].variants[dc-4-b-q1-mid-v8].behaviorHint,문장 끝마다 잠깐 멈추며 범위를 조정한다.,Pauses at the end of each sentence to adjust the scope.,文末ごとに少し止まり、範囲を調整する。,每句话末尾短暂停顿，调整范围。,"Scripted text channel without party a/b as speaker: system, judge, witness, dossier, mediation, aftermath, and milestone copy."
non_party_scripted_text_src_data_scriptedText_family-01_channels_dossier_.entries_dc-4.b.q1_mid_.variants_dc-4-b-q1-mid-v8_.text,non_party_scripted_text,src/data/scriptedText,family-01,channels[dossier].entries[dc-4.b.q1|mid].variants[dc-4-b-q1-mid-v8].text,형에게 말하지 않은 건 진실을 독점하려던 게 아닙니다. 감당할 방법을 못 찾은 겁니다.,I did not keep it from my brother because I wanted to monopolize the truth. I could not find a way to handle it.,兄に言わなかったのは、真実を独占しようとしたからではありません。受け止める方法を見つけられなかったのです。,我没有告诉哥哥，并不是想独占真相。而是找不到承受和处理的方法。,"Scripted text channel without party a/b as speaker: system, judge, witness, dossier, mediation, aftermath, and milestone copy."
non_party_scripted_text_src_data_scriptedText_family-01_channels_dossier_.entries_dc-4.b.q1_mid_.variants_dc-4-b-q1-mid-v9_.behaviorHint,non_party_scripted_text,src/data/scriptedText,family-01,channels[dossier].entries[dc-4.b.q1|mid].variants[dc-4-b-q1-mid-v9].behaviorHint,기록을 떠올리듯 날짜 대신 순서를 짚는다.,"Traces the sequence rather than dates, as if recalling the record.",記録を思い出すように、日付ではなく順序をたどる。,像回忆记录一样，不说日期而是梳理顺序。,"Scripted text channel without party a/b as speaker: system, judge, witness, dossier, mediation, aftermath, and milestone copy."
non_party_scripted_text_src_data_scriptedText_family-01_channels_dossier_.entries_dc-4.b.q1_mid_.variants_dc-4-b-q1-mid-v9_.text,non_party_scripted_text,src/data/scriptedText,family-01,channels[dossier].entries[dc-4.b.q1|mid].variants[dc-4-b-q1-mid-v9].text,"그 사실을 알게 된 뒤 저는 어머니 뜻을 그대로 둘 용기도, 형에게 말할 용기도 없었습니다.","After learning that fact, I had neither the courage to leave Mother's wishes as they were nor the courage to tell my brother.",その事実を知った後、私は母の意思をそのままにする勇気も、兄に話す勇気もありませんでした。,知道那个事实之后，我既没有勇气保持母亲的意愿原样，也没有勇气告诉哥哥。,"Scripted text channel without party a/b as speaker: system, judge, witness, dossier, mediation, aftermath, and milestone copy."
non_party_scripted_text_src_data_scriptedText_family-01_channels_dossier_.entries_dc-4.b.q2_early_.variants_dc-4-b-q2-early-v1_.behaviorHint,non_party_scripted_text,src/data/scriptedText,family-01,channels[dossier].entries[dc-4.b.q2|early].variants[dc-4-b-q2-early-v1].behaviorHint,대답 전 한 박자 멈추고 서류 끝을 본다.,Pauses one beat before answering and looks at the edge of the document.,答える前に一拍置き、書類の端を見る。,回答前停顿一拍，看向文件边缘。,"Scripted text channel without party a/b as speaker: system, judge, witness, dossier, mediation, aftermath, and milestone copy."
non_party_scripted_text_src_data_scriptedText_family-01_channels_dossier_.entries_dc-4.b.q2_early_.variants_dc-4-b-q2-early-v1_.text,non_party_scripted_text,src/data/scriptedText,family-01,channels[dossier].entries[dc-4.b.q2|early].variants[dc-4-b-q2-early-v1].text,형이 그 사실을 알면 견디기 어려울 거라고 봤습니다. 그래서 일이 법정으로 커지는 게 두려웠습니다.,I thought my brother could hardly bear it if he learned that fact. That is why I feared the matter growing into a court case.,兄がその事実を知れば耐え難いだろうと思いました。だから事が法廷へ大きくなるのが怖かったのです。,我觉得哥哥知道那个事实后会难以承受。所以我害怕事情扩大到法庭。,"Scripted text channel without party a/b as speaker: system, judge, witness, dossier, mediation, aftermath, and milestone copy."
non_party_scripted_text_src_data_scriptedText_family-01_channels_dossier_.entries_dc-4.b.q2_early_.variants_dc-4-b-q2-early-v10_.behaviorHint,non_party_scripted_text,src/data/scriptedText,family-01,channels[dossier].entries[dc-4.b.q2|early].variants[dc-4-b-q2-early-v10].behaviorHint,끝까지 담담하게 말하려 애쓴다.,Tries to speak calmly to the end.,最後まで淡々と話そうとする。,努力平静地说到最后。,"Scripted text channel without party a/b as speaker: system, judge, witness, dossier, mediation, aftermath, and milestone copy."
non_party_scripted_text_src_data_scriptedText_family-01_channels_dossier_.entries_dc-4.b.q2_early_.variants_dc-4-b-q2-early-v10_.text,non_party_scripted_text,src/data/scriptedText,family-01,channels[dossier].entries[dc-4.b.q2|early].variants[dc-4-b-q2-early-v10].text,그때는 다투지 않게 하는 것이 형을 지키는 길이라고 믿었습니다. 지금은 그 믿음도 흔들립니다.,"At the time, I believed keeping us from fighting was the way to protect my brother. Now that belief is shaken too.",その時は、争わないようにすることが兄を守る道だと信じていました。今はその信念も揺らいでいます。,当时我相信不让我们争起来就是保护哥哥的方式。现在这个信念也动摇了。,"Scripted text channel without party a/b as speaker: system, judge, witness, dossier, mediation, aftermath, and milestone copy."
non_party_scripted_text_src_data_scriptedText_family-01_channels_dossier_.entries_dc-4.b.q2_early_.variants_dc-4-b-q2-early-v2_.behaviorHint,non_party_scripted_text,src/data/scriptedText,family-01,channels[dossier].entries[dc-4.b.q2|early].variants[dc-4-b-q2-early-v2].behaviorHint,낮은 목소리로 인정 범위를 먼저 자른다.,"In a low voice, first limits the scope of admission.",低い声で、まず認める範囲を切る。,用低声先限定承认范围。,"Scripted text channel without party a/b as speaker: system, judge, witness, dossier, mediation, aftermath, and milestone copy."
non_party_scripted_text_src_data_scriptedText_family-01_channels_dossier_.entries_dc-4.b.q2_early_.variants_dc-4-b-q2-early-v2_.text,non_party_scripted_text,src/data/scriptedText,family-01,channels[dossier].entries[dc-4.b.q2|early].variants[dc-4-b-q2-early-v2].text,상속 이야기가 길어질수록 더 깊은 말이 나올 수밖에 없었습니다. 저는 그걸 막고 싶었습니다.,"The longer the inheritance discussion continued, the deeper words would have to come out. I wanted to stop that.",相続の話が長引くほど、もっと深い言葉が出ざるを得ませんでした。私はそれを止めたかったのです。,继承的话题拖得越久，更深的话就必然会出来。我想阻止那一点。,"Scripted text channel without party a/b as speaker: system, judge, witness, dossier, mediation, aftermath, and milestone copy."
non_party_scripted_text_src_data_scriptedText_family-01_channels_dossier_.entries_dc-4.b.q2_early_.variants_dc-4-b-q2-early-v3_.behaviorHint,non_party_scripted_text,src/data/scriptedText,family-01,channels[dossier].entries[dc-4.b.q2|early].variants[dc-4-b-q2-early-v3].behaviorHint,시선을 오래 피하지 않지만 말끝은 닫는다.,"Does not avoid the gaze for long, but closes off the ending.",長く視線を避けはしないが、語尾は閉じる。,没有长久避开视线，但句尾收住。,"Scripted text channel without party a/b as speaker: system, judge, witness, dossier, mediation, aftermath, and milestone copy."
non_party_scripted_text_src_data_scriptedText_family-01_channels_dossier_.entries_dc-4.b.q2_early_.variants_dc-4-b-q2-early-v3_.text,non_party_scripted_text,src/data/scriptedText,family-01,channels[dossier].entries[dc-4.b.q2|early].variants[dc-4-b-q2-early-v3].text,형이 몰라도 된다고 생각한 건 아닙니다. 다만 그 순간에 알게 되는 건 너무 잔인하다고 봤습니다.,I did not think my brother did not need to know. I only thought learning it at that moment would be too cruel.,兄が知らなくていいと思ったわけではありません。ただ、その瞬間に知るのはあまりに残酷だと思いました。,我不是认为哥哥可以不知道。只是觉得在那个时刻让他知道太残酷了。,"Scripted text channel without party a/b as speaker: system, judge, witness, dossier, mediation, aftermath, and milestone copy."
non_party_scripted_text_src_data_scriptedText_family-01_channels_dossier_.entries_dc-4.b.q2_early_.variants_dc-4-b-q2-early-v4_.behaviorHint,non_party_scripted_text,src/data/scriptedText,family-01,channels[dossier].entries[dc-4.b.q2|early].variants[dc-4-b-q2-early-v4].behaviorHint,손가락을 포개 쥔 채 조심스럽게 답한다.,Answers carefully with his fingers folded together.,指を重ねて握ったまま慎重に答える。,手指交叠握着，小心回答。,"Scripted text channel without party a/b as speaker: system, judge, witness, dossier, mediation, aftermath, and milestone copy."
non_party_scripted_text_src_data_scriptedText_family-01_channels_dossier_.entries_dc-4.b.q2_early_.variants_dc-4-b-q2-early-v4_.text,non_party_scripted_text,src/data/scriptedText,family-01,channels[dossier].entries[dc-4.b.q2|early].variants[dc-4-b-q2-early-v4].text,법정에 오면 기록이 다 열립니다. 저는 그 과정이 형에게 너무 큰 상처가 될까 봐 겁났습니다.,"If we came to court, the records would all open. I feared that process would wound my brother too deeply.",法廷に来れば、記録がすべて開かれます。その過程が兄にあまりに大きな傷になるのではないかと怖かったのです。,如果来到法庭，记录都会被打开。我害怕这个过程会给哥哥造成太大的伤害。,"Scripted text channel without party a/b as speaker: system, judge, witness, dossier, mediation, aftermath, and milestone copy."
non_party_scripted_text_src_data_scriptedText_family-01_channels_dossier_.entries_dc-4.b.q2_early_.variants_dc-4-b-q2-early-v5_.behaviorHint,non_party_scripted_text,src/data/scriptedText,family-01,channels[dossier].entries[dc-4.b.q2|early].variants[dc-4-b-q2-early-v5].behaviorHint,숨을 고른 뒤 핵심 단어만 피해 간다.,"Catches his breath, then avoids only the key word.",息を整えた後、核心の言葉だけを避ける。,调整呼吸后，只避开核心词。,"Scripted text channel without party a/b as speaker: system, judge, witness, dossier, mediation, aftermath, and milestone copy."
non_party_scripted_text_src_data_scriptedText_family-01_channels_dossier_.entries_dc-4.b.q2_early_.variants_dc-4-b-q2-early-v5_.text,non_party_scripted_text,src/data/scriptedText,family-01,channels[dossier].entries[dc-4.b.q2|early].variants[dc-4-b-q2-early-v5].text,"재판관님, 제 판단은 상대에게 알려지길 피하려는 쪽이었습니다. 하지만 그 판단을 제가 해도 되는지는 별개입니다.","Your Honor, my judgment leaned toward avoiding the other side finding out. Whether I had the right to make that judgment is another matter.",裁判官、私の判断は相手に知られるのを避ける方向でした。しかし、その判断を私がしてよいのかは別問題です。,法官，我的判断偏向于避免对方知道。但我是否可以作出这种判断，是另一回事。,"Scripted text channel without party a/b as speaker: system, judge, witness, dossier, mediation, aftermath, and milestone copy."
non_party_scripted_text_src_data_scriptedText_family-01_channels_dossier_.entries_dc-4.b.q2_early_.variants_dc-4-b-q2-early-v6_.behaviorHint,non_party_scripted_text,src/data/scriptedText,family-01,channels[dossier].entries[dc-4.b.q2|early].variants[dc-4-b-q2-early-v6].behaviorHint,턱이 굳지만 목소리는 평평하게 유지한다.,"His jaw tightens, but his voice stays even.",顎はこわばるが、声は平らに保つ。,下颌绷紧，但声音保持平稳。,"Scripted text channel without party a/b as speaker: system, judge, witness, dossier, mediation, aftermath, and milestone copy."
non_party_scripted_text_src_data_scriptedText_family-01_channels_dossier_.entries_dc-4.b.q2_early_.variants_dc-4-b-q2-early-v6_.text,non_party_scripted_text,src/data/scriptedText,family-01,channels[dossier].entries[dc-4.b.q2|early].variants[dc-4-b-q2-early-v6].text,그 사실 하나가 상속보다 큰 문제라는 걸 알았습니다. 그래서 조용히 끝내려 했습니다.,I knew that one fact was a larger issue than inheritance. So I tried to end it quietly.,その事実一つが相続より大きな問題だと分かりました。だから静かに終わらせようとしました。,我知道那个事实本身比继承更大。所以我想安静地结束。,"Scripted text channel without party a/b as speaker: system, judge, witness, dossier, mediation, aftermath, and milestone copy."
non_party_scripted_text_src_data_scriptedText_family-01_channels_dossier_.entries_dc-4.b.q2_early_.variants_dc-4-b-q2-early-v7_.behaviorHint,non_party_scripted_text,src/data/scriptedText,family-01,channels[dossier].entries[dc-4.b.q2|early].variants[dc-4-b-q2-early-v7].behaviorHint,짧게 고개를 끄덕이고 다시 선을 긋는다.,Gives a small nod and draws the line again.,短くうなずき、また線を引く。,短促点头后，再次划清界线。,"Scripted text channel without party a/b as speaker: system, judge, witness, dossier, mediation, aftermath, and milestone copy."
non_party_scripted_text_src_data_scriptedText_family-01_channels_dossier_.entries_dc-4.b.q2_early_.variants_dc-4-b-q2-early-v7_.text,non_party_scripted_text,src/data/scriptedText,family-01,channels[dossier].entries[dc-4.b.q2|early].variants[dc-4-b-q2-early-v7].text,형에게 말할 방법을 찾지 못했습니다. 그래서 법정에 오지 않게 막는 쪽으로만 생각했습니다.,I could not find a way to tell my brother. So I only thought about blocking the case from reaching court.,兄に話す方法を見つけられませんでした。だから法廷に来ないように止めることだけを考えました。,我找不到告诉哥哥的方法。所以只想着不让事情来到法庭。,"Scripted text channel without party a/b as speaker: system, judge, witness, dossier, mediation, aftermath, and milestone copy."
non_party_scripted_text_src_data_scriptedText_family-01_channels_dossier_.entries_dc-4.b.q2_early_.variants_dc-4-b-q2-early-v8_.behaviorHint,non_party_scripted_text,src/data/scriptedText,family-01,channels[dossier].entries[dc-4.b.q2|early].variants[dc-4-b-q2-early-v8].behaviorHint,입술을 누른 뒤 필요한 사실만 꺼낸다.,"Presses his lips, then gives only the necessary facts.",唇を押さえた後、必要な事実だけを出す。,抿住嘴唇后，只说必要事实。,"Scripted text channel without party a/b as speaker: system, judge, witness, dossier, mediation, aftermath, and milestone copy."
non_party_scripted_text_src_data_scriptedText_family-01_channels_dossier_.entries_dc-4.b.q2_early_.variants_dc-4-b-q2-early-v8_.text,non_party_scripted_text,src/data/scriptedText,family-01,channels[dossier].entries[dc-4.b.q2|early].variants[dc-4-b-q2-early-v8].text,형이 준비 없이 듣게 될까 봐 두려웠습니다. 두려워서 선택지를 너무 좁게 봤습니다.,"I feared my brother would hear it before he was ready. Out of fear, I narrowed the options too much.",兄が準備のないまま聞くのではないかと怖かったのです。怖くて選択肢をあまりに狭く見ました。,我害怕哥哥会在没有准备的情况下听到。因为害怕，我把选择看得太窄了。,"Scripted text channel without party a/b as speaker: system, judge, witness, dossier, mediation, aftermath, and milestone copy."
non_party_scripted_text_src_data_scriptedText_family-01_channels_dossier_.entries_dc-4.b.q2_early_.variants_dc-4-b-q2-early-v9_.behaviorHint,non_party_scripted_text,src/data/scriptedText,family-01,channels[dossier].entries[dc-4.b.q2|early].variants[dc-4-b-q2-early-v9].behaviorHint,감정은 누르고 문장 사이를 길게 둔다.,Suppresses emotion and leaves long gaps between sentences.,感情を抑え、文と文の間を長く取る。,压住情绪，在句子之间留出长停顿。,"Scripted text channel without party a/b as speaker: system, judge, witness, dossier, mediation, aftermath, and milestone copy."
non_party_scripted_text_src_data_scriptedText_family-01_channels_dossier_.entries_dc-4.b.q2_early_.variants_dc-4-b-q2-early-v9_.text,non_party_scripted_text,src/data/scriptedText,family-01,channels[dossier].entries[dc-4.b.q2|early].variants[dc-4-b-q2-early-v9].text,제가 막으려 한 건 판결 자체보다 그 과정에서 나올 말들이었습니다.,"What I tried to stop was not the verdict itself, but the words that would come out during the process.",私が止めようとしたのは判決そのものより、その過程で出てくる言葉でした。,我想阻止的不是判决本身，而是过程中会出现的那些话。,"Scripted text channel without party a/b as speaker: system, judge, witness, dossier, mediation, aftermath, and milestone copy."
non_party_scripted_text_src_data_scriptedText_family-01_channels_dossier_.entries_dc-4.b.q2_late_.variants_dc-4-b-q2-late-v1_.behaviorHint,non_party_scripted_text,src/data/scriptedText,family-01,channels[dossier].entries[dc-4.b.q2|late].variants[dc-4-b-q2-late-v1].behaviorHint,눈을 한 번 감았다 뜨고 낮게 고백한다.,"Closes his eyes once, opens them, and confesses quietly.",一度目を閉じて開き、低く告白する。,闭眼又睁开，低声坦白。,"Scripted text channel without party a/b as speaker: system, judge, witness, dossier, mediation, aftermath, and milestone copy."
non_party_scripted_text_src_data_scriptedText_family-01_channels_dossier_.entries_dc-4.b.q2_late_.variants_dc-4-b-q2-late-v1_.text,non_party_scripted_text,src/data/scriptedText,family-01,channels[dossier].entries[dc-4.b.q2|late].variants[dc-4-b-q2-late-v1].text,맞습니다. 형이 그 사실을 알면 삶의 기반이 무너질까 봐 법정까지 오지 않게 하려 했습니다.,Yes. I tried to keep the case from reaching court because I feared my brother's foundation in life would collapse if he learned that fact.,そのとおりです。兄がその事実を知れば人生の基盤が崩れるのではないかと怖くて、法廷まで来ないようにしようとしました。,是的。我担心哥哥知道那个事实后人生基础会崩塌，所以试图不让事情走到法庭。,"Scripted text channel without party a/b as speaker: system, judge, witness, dossier, mediation, aftermath, and milestone copy."
non_party_scripted_text_src_data_scriptedText_family-01_channels_dossier_.entries_dc-4.b.q2_late_.variants_dc-4-b-q2-late-v10_.behaviorHint,non_party_scripted_text,src/data/scriptedText,family-01,channels[dossier].entries[dc-4.b.q2|late].variants[dc-4-b-q2-late-v10].behaviorHint,고개를 숙인 채 변명보다 책임을 앞세운다.,"With head lowered, puts responsibility before excuses.",頭を下げたまま、言い訳より責任を先に出す。,低着头，把责任放在辩解之前。,"Scripted text channel without party a/b as speaker: system, judge, witness, dossier, mediation, aftermath, and milestone copy."
non_party_scripted_text_src_data_scriptedText_family-01_channels_dossier_.entries_dc-4.b.q2_late_.variants_dc-4-b-q2-late-v10_.text,non_party_scripted_text,src/data/scriptedText,family-01,channels[dossier].entries[dc-4.b.q2|late].variants[dc-4-b-q2-late-v10].text,"재판관님, 형의 삶을 지켜 주겠다는 생각이 형의 삶을 제가 멋대로 다루는 일이 됐습니다.","Your Honor, my thought that I was protecting my brother's life became an act of handling his life as I pleased.",裁判官、兄の人生を守ってやるという考えが、兄の人生を私が勝手に扱うことになりました。,法官，我以为是在保护哥哥的人生，结果却成了我擅自摆弄哥哥的人生。,"Scripted text channel without party a/b as speaker: system, judge, witness, dossier, mediation, aftermath, and milestone copy."
non_party_scripted_text_src_data_scriptedText_family-01_channels_dossier_.entries_dc-4.b.q2_late_.variants_dc-4-b-q2-late-v2_.behaviorHint,non_party_scripted_text,src/data/scriptedText,family-01,channels[dossier].entries[dc-4.b.q2|late].variants[dc-4-b-q2-late-v2].behaviorHint,목소리가 마지막 문장에서 미세하게 갈라진다.,His voice cracks faintly in the final sentence.,最後の文で声がかすかに割れる。,声音在最后一句微微发颤。,"Scripted text channel without party a/b as speaker: system, judge, witness, dossier, mediation, aftermath, and milestone copy."
non_party_scripted_text_src_data_scriptedText_family-01_channels_dossier_.entries_dc-4.b.q2_late_.variants_dc-4-b-q2-late-v2_.text,non_party_scripted_text,src/data/scriptedText,family-01,channels[dossier].entries[dc-4.b.q2|late].variants[dc-4-b-q2-late-v2].text,"재판관님, 저는 형이 아버지의 친자가 아니라는 사실을 이 자리에서 듣게 될까 봐 모든 걸 막으려 했습니다.","Your Honor, I tried to block everything because I feared my brother would hear in this courtroom that he was not Father's biological son.",裁判官、兄が父の実子ではないという事実をこの場で聞くのではないかと怖くて、私はすべてを止めようとしました。,法官，我害怕哥哥会在这里听到自己不是父亲亲生儿子的事实，所以试图阻止一切。,"Scripted text channel without party a/b as speaker: system, judge, witness, dossier, mediation, aftermath, and milestone copy."
non_party_scripted_text_src_data_scriptedText_family-01_channels_dossier_.entries_dc-4.b.q2_late_.variants_dc-4-b-q2-late-v3_.behaviorHint,non_party_scripted_text,src/data/scriptedText,family-01,channels[dossier].entries[dc-4.b.q2|late].variants[dc-4-b-q2-late-v3].behaviorHint,담담한 표정이 무너지지 않지만 숨이 길어진다.,"His calm expression does not break, but his breathing lengthens.",淡々とした表情は崩れないが、息が長くなる。,平静表情没有崩塌，但呼吸变长。,"Scripted text channel without party a/b as speaker: system, judge, witness, dossier, mediation, aftermath, and milestone copy."
non_party_scripted_text_src_data_scriptedText_family-01_channels_dossier_.entries_dc-4.b.q2_late_.variants_dc-4-b-q2-late-v3_.text,non_party_scripted_text,src/data/scriptedText,family-01,channels[dossier].entries[dc-4.b.q2|late].variants[dc-4-b-q2-late-v3].text,형을 지킨다는 이유로 유서를 고치고 돈의 출처도 숨겼습니다. 결국 법정에서 더 크게 터졌습니다.,"In the name of protecting my brother, I changed the will and hid the source of the money. In the end, it burst out even more painfully in court.",兄を守るという理由で遺言書を直し、金の出所も隠しました。結局、法廷でさらに大きく噴き出しました。,我以保护哥哥为由改了遗嘱，也隐藏了钱的来源。结果在法庭上更大地爆发了。,"Scripted text channel without party a/b as speaker: system, judge, witness, dossier, mediation, aftermath, and milestone copy."
non_party_scripted_text_src_data_scriptedText_family-01_channels_dossier_.entries_dc-4.b.q2_late_.variants_dc-4-b-q2-late-v4_.behaviorHint,non_party_scripted_text,src/data/scriptedText,family-01,channels[dossier].entries[dc-4.b.q2|late].variants[dc-4-b-q2-late-v4].behaviorHint,더 숨기지 않겠다는 듯 문장을 끝까지 잇는다.,Carries the sentence to the end as if he will hide no more.,これ以上隠さないというように、文を最後までつなぐ。,像是不再隐瞒一样，把句子说到最后。,"Scripted text channel without party a/b as speaker: system, judge, witness, dossier, mediation, aftermath, and milestone copy."
non_party_scripted_text_src_data_scriptedText_family-01_channels_dossier_.entries_dc-4.b.q2_late_.variants_dc-4-b-q2-late-v4_.text,non_party_scripted_text,src/data/scriptedText,family-01,channels[dossier].entries[dc-4.b.q2|late].variants[dc-4-b-q2-late-v4].text,저는 형이 그 비밀을 알 권리보다 제 두려움을 앞세웠습니다. 그게 제 가장 큰 잘못입니다.,I put my fear ahead of my brother's right to know that secret. That is my greatest fault.,兄がその秘密を知る権利より、私の恐れを優先しました。それが私の最も大きな過ちです。,我把自己的恐惧放在了哥哥知道那个秘密的权利之前。这是我最大的错误。,"Scripted text channel without party a/b as speaker: system, judge, witness, dossier, mediation, aftermath, and milestone copy."
non_party_scripted_text_src_data_scriptedText_family-01_channels_dossier_.entries_dc-4.b.q2_late_.variants_dc-4-b-q2-late-v5_.behaviorHint,non_party_scripted_text,src/data/scriptedText,family-01,channels[dossier].entries[dc-4.b.q2|late].variants[dc-4-b-q2-late-v5].behaviorHint,형 쪽을 보지 못한 채 책임을 인정한다.,Admits responsibility without being able to look toward his brother.,兄の方を見られないまま責任を認める。,无法看向哥哥，却承认责任。,"Scripted text channel without party a/b as speaker: system, judge, witness, dossier, mediation, aftermath, and milestone copy."
non_party_scripted_text_src_data_scriptedText_family-01_channels_dossier_.entries_dc-4.b.q2_late_.variants_dc-4-b-q2-late-v5_.text,non_party_scripted_text,src/data/scriptedText,family-01,channels[dossier].entries[dc-4.b.q2|late].variants[dc-4-b-q2-late-v5].text,"민감한 가족사가 드러나지 않게 하려고 제 몫 90, 형 몫 10인 자필 연습본을 제 몫 60, 형 몫 40으로 낮췄습니다. 그 선택은 제가 했습니다.","To keep the sensitive family matter from coming out, I lowered the handwritten draft from 90 for me and 10 for my brother to 60 for me and 40 for him. That choice was mine.",敏感な家族史が明らかにならないよう、私90・兄10の自筆下書きを、私60・兄40へ下げました。その選択は私がしました。,为了不让敏感的家事暴露，我把亲笔草稿中我90、哥哥10的比例降成了我60、哥哥40。这个选择是我作的。,"Scripted text channel without party a/b as speaker: system, judge, witness, dossier, mediation, aftermath, and milestone copy."
non_party_scripted_text_src_data_scriptedText_family-01_channels_dossier_.entries_dc-4.b.q2_late_.variants_dc-4-b-q2-late-v6_.behaviorHint,non_party_scripted_text,src/data/scriptedText,family-01,channels[dossier].entries[dc-4.b.q2|late].variants[dc-4-b-q2-late-v6].behaviorHint,서류에서 손을 떼고 재판관을 똑바로 본다.,Takes his hands off the document and looks straight at the Judge.,書類から手を離し、裁判官をまっすぐ見る。,把手从文件上移开，直视法官。,"Scripted text channel without party a/b as speaker: system, judge, witness, dossier, mediation, aftermath, and milestone copy."
non_party_scripted_text_src_data_scriptedText_family-01_channels_dossier_.entries_dc-4.b.q2_late_.variants_dc-4-b-q2-late-v6_.text,non_party_scripted_text,src/data/scriptedText,family-01,channels[dossier].entries[dc-4.b.q2|late].variants[dc-4-b-q2-late-v6].text,형이 무너질 거라는 판단을 제가 대신 내렸습니다. 형에게 물어볼 용기가 없었습니다.,I decided in my brother's place that he would collapse. I did not have the courage to ask him.,兄が崩れるだろうという判断を、私が代わりに下しました。兄に聞く勇気がありませんでした。,我替哥哥作出了“他会崩溃”的判断。我没有勇气问他。,"Scripted text channel without party a/b as speaker: system, judge, witness, dossier, mediation, aftermath, and milestone copy."
non_party_scripted_text_src_data_scriptedText_family-01_channels_dossier_.entries_dc-4.b.q2_late_.variants_dc-4-b-q2-late-v7_.behaviorHint,non_party_scripted_text,src/data/scriptedText,family-01,channels[dossier].entries[dc-4.b.q2|late].variants[dc-4-b-q2-late-v7].behaviorHint,오래 참은 말을 한꺼번에 꺼내듯 이어 간다.,Continues as if releasing words long held back.,長くこらえていた言葉を一気に出すように続ける。,像一下说出压抑已久的话一样继续。,"Scripted text channel without party a/b as speaker: system, judge, witness, dossier, mediation, aftermath, and milestone copy."
non_party_scripted_text_src_data_scriptedText_family-01_channels_dossier_.entries_dc-4.b.q2_late_.variants_dc-4-b-q2-late-v7_.text,non_party_scripted_text,src/data/scriptedText,family-01,channels[dossier].entries[dc-4.b.q2|late].variants[dc-4-b-q2-late-v7].text,법정까지 가지 않게 하려 한 건 사실입니다. 형이 자기 뿌리를 법정 자료로 알게 될까 봐 겁났습니다.,It is true I tried to keep it from going to court. I feared my brother would learn about his roots through court materials.,法廷まで行かせまいとしたのは事実です。兄が自分の根を法廷資料で知ることになるのが怖かったのです。,我确实想避免走到法庭。我害怕哥哥会通过法庭资料知道自己的根源。,"Scripted text channel without party a/b as speaker: system, judge, witness, dossier, mediation, aftermath, and milestone copy."
non_party_scripted_text_src_data_scriptedText_family-01_channels_dossier_.entries_dc-4.b.q2_late_.variants_dc-4-b-q2-late-v8_.behaviorHint,non_party_scripted_text,src/data/scriptedText,family-01,channels[dossier].entries[dc-4.b.q2|late].variants[dc-4-b-q2-late-v8].behaviorHint,말끝이 낮아지지만 핵심은 흐리지 않는다.,"His ending falls low, but the core does not blur.",語尾は低くなるが、核心はぼかさない。,句尾低下，但核心不模糊。,"Scripted text channel without party a/b as speaker: system, judge, witness, dossier, mediation, aftermath, and milestone copy."
non_party_scripted_text_src_data_scriptedText_family-01_channels_dossier_.entries_dc-4.b.q2_late_.variants_dc-4-b-q2-late-v8_.text,non_party_scripted_text,src/data/scriptedText,family-01,channels[dossier].entries[dc-4.b.q2|late].variants[dc-4-b-q2-late-v8].text,그 비밀을 숨기려다 어머니 뜻도 형의 알 권리도 함께 가렸습니다. 이제는 인정합니다.,"While trying to hide that secret, I also covered Mother's wishes and my brother's right to know. I admit that now.",その秘密を隠そうとして、母の意思も兄の知る権利も一緒に覆いました。今は認めます。,为了隐藏那个秘密，我连母亲的意愿和哥哥的知情权也一起遮住了。现在我承认。,"Scripted text channel without party a/b as speaker: system, judge, witness, dossier, mediation, aftermath, and milestone copy."
non_party_scripted_text_src_data_scriptedText_family-01_channels_dossier_.entries_dc-4.b.q2_late_.variants_dc-4-b-q2-late-v9_.behaviorHint,non_party_scripted_text,src/data/scriptedText,family-01,channels[dossier].entries[dc-4.b.q2|late].variants[dc-4-b-q2-late-v9].behaviorHint,침묵 뒤에 가장 무거운 사실을 놓는다.,"After a silence, places the heaviest fact on the record.",沈黙の後、最も重い事実を置く。,沉默之后说出最沉重的事实。,"Scripted text channel without party a/b as speaker: system, judge, witness, dossier, mediation, aftermath, and milestone copy."
non_party_scripted_text_src_data_scriptedText_family-01_channels_dossier_.entries_dc-4.b.q2_late_.variants_dc-4-b-q2-late-v9_.text,non_party_scripted_text,src/data/scriptedText,family-01,channels[dossier].entries[dc-4.b.q2|late].variants[dc-4-b-q2-late-v9].text,형을 지키겠다는 말로는 부족합니다. 저는 형이 알아야 할 가장 큰 사실을 제 손으로 늦췄습니다.,Saying I wanted to protect my brother is not enough. I delayed with my own hands the most important fact he needed to know.,兄を守りたかったという言葉では足りません。兄が知るべき最も大きな事実を、私の手で遅らせました。,说我想保护哥哥是不够的。我亲手推迟了他应当知道的最大事实。,"Scripted text channel without party a/b as speaker: system, judge, witness, dossier, mediation, aftermath, and milestone copy."
non_party_scripted_text_src_data_scriptedText_family-01_channels_dossier_.entries_dc-4.b.q2_mid_.variants_dc-4-b-q2-mid-v1_.behaviorHint,non_party_scripted_text,src/data/scriptedText,family-01,channels[dossier].entries[dc-4.b.q2|mid].variants[dc-4-b-q2-mid-v1].behaviorHint,말을 고르다 한 번 숨을 길게 내쉰다.,"Chooses his words, then lets out one long breath.",言葉を選び、一度長く息を吐く。,斟酌措辞后长长呼出一口气。,"Scripted text channel without party a/b as speaker: system, judge, witness, dossier, mediation, aftermath, and milestone copy."
non_party_scripted_text_src_data_scriptedText_family-01_channels_dossier_.entries_dc-4.b.q2_mid_.variants_dc-4-b-q2-mid-v1_.text,non_party_scripted_text,src/data/scriptedText,family-01,channels[dossier].entries[dc-4.b.q2|mid].variants[dc-4-b-q2-mid-v1].text,"법정으로 오면 유서, 돈, 어머니 기록이 모두 열립니다. 형이 그 연결을 견디기 어렵다고 봤습니다.","If it came to court, the will, the money, and Mother's records would all open. I thought my brother could not endure that connection.",法廷に来れば、遺言書、金、母の記録がすべて開かれます。兄はそのつながりに耐えにくいと思いました。,如果来到法庭，遗嘱、钱和母亲记录都会被打开。我认为哥哥难以承受这条联系。,"Scripted text channel without party a/b as speaker: system, judge, witness, dossier, mediation, aftermath, and milestone copy."
non_party_scripted_text_src_data_scriptedText_family-01_channels_dossier_.entries_dc-4.b.q2_mid_.variants_dc-4-b-q2-mid-v10_.behaviorHint,non_party_scripted_text,src/data/scriptedText,family-01,channels[dossier].entries[dc-4.b.q2|mid].variants[dc-4-b-q2-mid-v10].behaviorHint,흔들림을 숨기려 자세를 곧게 세운다.,Straightens his posture to hide his wavering.,揺らぎを隠すように姿勢を正す。,挺直姿势，试图掩饰动摇。,"Scripted text channel without party a/b as speaker: system, judge, witness, dossier, mediation, aftermath, and milestone copy."
non_party_scripted_text_src_data_scriptedText_family-01_channels_dossier_.entries_dc-4.b.q2_mid_.variants_dc-4-b-q2-mid-v10_.text,non_party_scripted_text,src/data/scriptedText,family-01,channels[dossier].entries[dc-4.b.q2|mid].variants[dc-4-b-q2-mid-v10].text,저는 형이 질문을 멈추길 바랐습니다. 질문이 계속되면 제가 감춘 모든 일이 드러날 테니까요.,"I wanted my brother to stop asking questions. If the questions continued, everything I had hidden would come out.",兄に質問を止めてほしいと思いました。質問が続けば、私が隠していたすべてが明らかになるからです。,我希望哥哥停止追问。如果问题继续，我隐藏的一切都会暴露。,"Scripted text channel without party a/b as speaker: system, judge, witness, dossier, mediation, aftermath, and milestone copy."
non_party_scripted_text_src_data_scriptedText_family-01_channels_dossier_.entries_dc-4.b.q2_mid_.variants_dc-4-b-q2-mid-v2_.behaviorHint,non_party_scripted_text,src/data/scriptedText,family-01,channels[dossier].entries[dc-4.b.q2|mid].variants[dc-4-b-q2-mid-v2].behaviorHint,책상 모서리를 천천히 문지르며 답한다.,Answers while slowly rubbing the edge of the desk.,机の角をゆっくりなでながら答える。,一边慢慢摩挲桌角一边回答。,"Scripted text channel without party a/b as speaker: system, judge, witness, dossier, mediation, aftermath, and milestone copy."
non_party_scripted_text_src_data_scriptedText_family-01_channels_dossier_.entries_dc-4.b.q2_mid_.variants_dc-4-b-q2-mid-v2_.text,non_party_scripted_text,src/data/scriptedText,family-01,channels[dossier].entries[dc-4.b.q2|mid].variants[dc-4-b-q2-mid-v2].text,형이 그 사실을 알면 자신이 장남으로 살아온 시간을 의심할 거라고 생각했습니다.,"I thought that if my brother learned that fact, he would doubt the years he had lived as eldest son.",兄がその事実を知れば、長男として生きてきた時間を疑うだろうと思いました。,我认为哥哥知道那个事实后，会怀疑自己作为长子生活过的那些年。,"Scripted text channel without party a/b as speaker: system, judge, witness, dossier, mediation, aftermath, and milestone copy."
non_party_scripted_text_src_data_scriptedText_family-01_channels_dossier_.entries_dc-4.b.q2_mid_.variants_dc-4-b-q2-mid-v3_.behaviorHint,non_party_scripted_text,src/data/scriptedText,family-01,channels[dossier].entries[dc-4.b.q2|mid].variants[dc-4-b-q2-mid-v3].behaviorHint,핵심에 이르면 시선을 피하지 않는다.,Does not avert his eyes when he reaches the key point.,核心に至ると視線をそらさない。,说到核心时不回避视线。,"Scripted text channel without party a/b as speaker: system, judge, witness, dossier, mediation, aftermath, and milestone copy."
non_party_scripted_text_src_data_scriptedText_family-01_channels_dossier_.entries_dc-4.b.q2_mid_.variants_dc-4-b-q2-mid-v3_.text,non_party_scripted_text,src/data/scriptedText,family-01,channels[dossier].entries[dc-4.b.q2|mid].variants[dc-4-b-q2-mid-v3].text,저는 형이 상속 비율보다 그 이유에 더 무너질 거라 봤습니다. 그래서 법정까지 막으려 했습니다.,I believed my brother would be broken more by the reason than by the inheritance ratio. So I tried to stop it from reaching court.,兄は相続比率よりもその理由に崩れるだろうと見ました。だから法廷まで止めようとしました。,我认为哥哥会被比例背后的理由击垮，而不是被继承比例本身。所以我想阻止它走到法庭。,"Scripted text channel without party a/b as speaker: system, judge, witness, dossier, mediation, aftermath, and milestone copy."
non_party_scripted_text_src_data_scriptedText_family-01_channels_dossier_.entries_dc-4.b.q2_mid_.variants_dc-4-b-q2-mid-v4_.behaviorHint,non_party_scripted_text,src/data/scriptedText,family-01,channels[dossier].entries[dc-4.b.q2|mid].variants[dc-4-b-q2-mid-v4].behaviorHint,낮은 목소리지만 인정 대목은 또렷하다.,"His voice is low, but the admission is clear.",低い声だが、認める部分ははっきりしている。,声音很低，但承认的部分很清楚。,"Scripted text channel without party a/b as speaker: system, judge, witness, dossier, mediation, aftermath, and milestone copy."
non_party_scripted_text_src_data_scriptedText_family-01_channels_dossier_.entries_dc-4.b.q2_mid_.variants_dc-4-b-q2-mid-v4_.text,non_party_scripted_text,src/data/scriptedText,family-01,channels[dossier].entries[dc-4.b.q2|mid].variants[dc-4-b-q2-mid-v4].text,"재판관님, 형을 지키겠다면서 결국 제가 진실의 순서를 정했습니다.","Your Honor, while saying I would protect my brother, I ended up deciding the order in which the truth would be told.",裁判官、兄を守ると言いながら、結局は私が真実の順序を決めました。,法官，我说是要保护哥哥，结果却由我决定了真相出现的顺序。,"Scripted text channel without party a/b as speaker: system, judge, witness, dossier, mediation, aftermath, and milestone copy."
non_party_scripted_text_src_data_scriptedText_family-01_channels_dossier_.entries_dc-4.b.q2_mid_.variants_dc-4-b-q2-mid-v5_.behaviorHint,non_party_scripted_text,src/data/scriptedText,family-01,channels[dossier].entries[dc-4.b.q2|mid].variants[dc-4-b-q2-mid-v5].behaviorHint,짧게 끊어 말하다가 이유에서 길어진다.,"Speaks in short fragments, then lengthens when giving the reason.",短く切って話し、理由のところで長くなる。,说话短促，到理由处变得更长。,"Scripted text channel without party a/b as speaker: system, judge, witness, dossier, mediation, aftermath, and milestone copy."
non_party_scripted_text_src_data_scriptedText_family-01_channels_dossier_.entries_dc-4.b.q2_mid_.variants_dc-4-b-q2-mid-v5_.text,non_party_scripted_text,src/data/scriptedText,family-01,channels[dossier].entries[dc-4.b.q2|mid].variants[dc-4-b-q2-mid-v5].text,그 사실이 드러나면 형은 어머니 사랑과 돈의 흐름까지 전부 다시 보게 될 겁니다. 그게 두려웠습니다.,"If that fact came out, my brother would have to reconsider Mother's love and the flow of money together. That frightened me.",その事実が明らかになれば、兄は母の愛と金の流れまで全部見直すことになります。それが怖かったのです。,如果那个事实暴露，哥哥就会连母亲的爱和钱的流向都全部重新审视。我害怕这一点。,"Scripted text channel without party a/b as speaker: system, judge, witness, dossier, mediation, aftermath, and milestone copy."
non_party_scripted_text_src_data_scriptedText_family-01_channels_dossier_.entries_dc-4.b.q2_mid_.variants_dc-4-b-q2-mid-v6_.behaviorHint,non_party_scripted_text,src/data/scriptedText,family-01,channels[dossier].entries[dc-4.b.q2|mid].variants[dc-4-b-q2-mid-v6].behaviorHint,형 쪽을 보려다 다시 재판관을 본다.,"Starts to look toward his brother, then looks back at the Judge.",兄の方を見ようとして、また裁判官を見る。,想看向哥哥，又重新看向法官。,"Scripted text channel without party a/b as speaker: system, judge, witness, dossier, mediation, aftermath, and milestone copy."
non_party_scripted_text_src_data_scriptedText_family-01_channels_dossier_.entries_dc-4.b.q2_mid_.variants_dc-4-b-q2-mid-v6_.text,non_party_scripted_text,src/data/scriptedText,family-01,channels[dossier].entries[dc-4.b.q2|mid].variants[dc-4-b-q2-mid-v6].text,저는 형에게 시간을 주는 대신 진실을 늦췄습니다. 그 선택이 옳았다고는 이제 못 말합니다.,"Instead of giving my brother time, I delayed the truth. I can no longer say that choice was right.",兄に時間を与える代わりに、真実を遅らせました。その選択が正しかったとは、もう言えません。,我没有给哥哥时间，而是拖延了真相。现在我不能再说这个选择是对的。,"Scripted text channel without party a/b as speaker: system, judge, witness, dossier, mediation, aftermath, and milestone copy."
non_party_scripted_text_src_data_scriptedText_family-01_channels_dossier_.entries_dc-4.b.q2_mid_.variants_dc-4-b-q2-mid-v7_.behaviorHint,non_party_scripted_text,src/data/scriptedText,family-01,channels[dossier].entries[dc-4.b.q2|mid].variants[dc-4-b-q2-mid-v7].behaviorHint,감정을 눌러 두며 책임 단어를 피하지 않는다.,Keeps emotion down and does not avoid the word responsibility.,感情を抑えながら、責任という言葉を避けない。,压住情绪，不回避“责任”这个词。,"Scripted text channel without party a/b as speaker: system, judge, witness, dossier, mediation, aftermath, and milestone copy."
non_party_scripted_text_src_data_scriptedText_family-01_channels_dossier_.entries_dc-4.b.q2_mid_.variants_dc-4-b-q2-mid-v7_.text,non_party_scripted_text,src/data/scriptedText,family-01,channels[dossier].entries[dc-4.b.q2|mid].variants[dc-4-b-q2-mid-v7].text,법정에 오지 않게 하려 한 건 맞습니다. 이유는 형이 받을 충격을 제가 감당하지 못했기 때문입니다.,It is true I tried to keep it from court. The reason was that I could not bear the shock my brother would receive.,法廷に来ないようにしようとしたのは事実です。理由は、兄が受ける衝撃を私が受け止められなかったからです。,我确实试图不让事情来到法庭。原因是我承受不了哥哥会受到的冲击。,"Scripted text channel without party a/b as speaker: system, judge, witness, dossier, mediation, aftermath, and milestone copy."
non_party_scripted_text_src_data_scriptedText_family-01_channels_dossier_.entries_dc-4.b.q2_mid_.variants_dc-4-b-q2-mid-v8_.behaviorHint,non_party_scripted_text,src/data/scriptedText,family-01,channels[dossier].entries[dc-4.b.q2|mid].variants[dc-4-b-q2-mid-v8].behaviorHint,문장 끝마다 잠깐 멈추며 범위를 조정한다.,Pauses at the end of each sentence to adjust the scope.,文末ごとに少し止まり、範囲を調整する。,每句话末尾短暂停顿，调整范围。,"Scripted text channel without party a/b as speaker: system, judge, witness, dossier, mediation, aftermath, and milestone copy."
non_party_scripted_text_src_data_scriptedText_family-01_channels_dossier_.entries_dc-4.b.q2_mid_.variants_dc-4-b-q2-mid-v8_.text,non_party_scripted_text,src/data/scriptedText,family-01,channels[dossier].entries[dc-4.b.q2|mid].variants[dc-4-b-q2-mid-v8].text,형이 알 권리보다 형이 무너지지 않는 모습을 먼저 골랐습니다. 그건 제 오만이었습니다.,I chose my brother not collapsing over his right to know. That was my arrogance.,兄の知る権利より、兄が崩れない姿を先に選びました。それは私の傲慢でした。,我把哥哥不崩溃的样子放在他的知情权之前。这是我的傲慢。,"Scripted text channel without party a/b as speaker: system, judge, witness, dossier, mediation, aftermath, and milestone copy."
non_party_scripted_text_src_data_scriptedText_family-01_channels_dossier_.entries_dc-4.b.q2_mid_.variants_dc-4-b-q2-mid-v9_.behaviorHint,non_party_scripted_text,src/data/scriptedText,family-01,channels[dossier].entries[dc-4.b.q2|mid].variants[dc-4-b-q2-mid-v9].behaviorHint,기록을 떠올리듯 날짜 대신 순서를 짚는다.,"Traces the sequence rather than dates, as if recalling the record.",記録を思い出すように、日付ではなく順序をたどる。,像回忆记录一样，不说日期而是梳理顺序。,"Scripted text channel without party a/b as speaker: system, judge, witness, dossier, mediation, aftermath, and milestone copy."
non_party_scripted_text_src_data_scriptedText_family-01_channels_dossier_.entries_dc-4.b.q2_mid_.variants_dc-4-b-q2-mid-v9_.text,non_party_scripted_text,src/data/scriptedText,family-01,channels[dossier].entries[dc-4.b.q2|mid].variants[dc-4-b-q2-mid-v9].text,상속 분쟁으로 포장하면 비밀이 묻힐 거라 생각했습니다. 하지만 숨김은 더 커졌습니다.,"I thought that if I wrapped it as an inheritance dispute, the secret would stay buried. But the concealment only grew larger.",相続紛争として包めば秘密は埋もれると思いました。ですが、隠し事はさらに大きくなりました。,我以为把它包装成继承纠纷，秘密就会被埋住。但隐瞒反而变得更大了。,"Scripted text channel without party a/b as speaker: system, judge, witness, dossier, mediation, aftermath, and milestone copy."
non_party_scripted_text_src_data_scriptedText_family-01_channels_dossier_.entries_dc-5.a.q1_early_.variants_dc-5-a-q1-early-v1_.behaviorHint,non_party_scripted_text,src/data/scriptedText,family-01,channels[dossier].entries[dc-5.a.q1|early].variants[dc-5-a-q1-early-v1].behaviorHint,턱을 세우고도 말끝에서 잠깐 흔들린다.,"Even with his chin lifted, he wavers briefly at the end.",顎を上げていても、語尾で一瞬揺れる。,即使抬着下巴，句尾也短暂动摇。,"Scripted text channel without party a/b as speaker: system, judge, witness, dossier, mediation, aftermath, and milestone copy."
non_party_scripted_text_src_data_scriptedText_family-01_channels_dossier_.entries_dc-5.a.q1_early_.variants_dc-5-a-q1-early-v1_.text,non_party_scripted_text,src/data/scriptedText,family-01,channels[dossier].entries[dc-5.a.q1|early].variants[dc-5-a-q1-early-v1].text,장남이니 더 받아야 한다고 단순히 말한 건 아닙니다. 다만 제가 해 온 시간이 무시된 느낌은 컸습니다.,I did not simply say I should receive more because I am the eldest son. But it felt strongly as if the time I spent caring for her had been ignored.,長男だからもっと受け取るべきだと単純に言ったわけではありません。ただ、私がしてきた時間が無視された感じは強くありました。,我并不是简单地说自己是长子所以该多拿。但我确实强烈觉得自己付出的时间被忽视了。,"Scripted text channel without party a/b as speaker: system, judge, witness, dossier, mediation, aftermath, and milestone copy."
non_party_scripted_text_src_data_scriptedText_family-01_channels_dossier_.entries_dc-5.a.q1_early_.variants_dc-5-a-q1-early-v10_.behaviorHint,non_party_scripted_text,src/data/scriptedText,family-01,channels[dossier].entries[dc-5.a.q1|early].variants[dc-5-a-q1-early-v10].behaviorHint,시선을 내리지 않으려 애쓰며 답한다.,Answers while trying not to lower his gaze.,視線を落とさないよう努めながら答える。,努力不低下视线地回答。,"Scripted text channel without party a/b as speaker: system, judge, witness, dossier, mediation, aftermath, and milestone copy."
non_party_scripted_text_src_data_scriptedText_family-01_channels_dossier_.entries_dc-5.a.q1_early_.variants_dc-5-a-q1-early-v10_.text,non_party_scripted_text,src/data/scriptedText,family-01,channels[dossier].entries[dc-5.a.q1|early].variants[dc-5-a-q1-early-v10].text,저는 제 몫을 먼저 생각했습니다. 그 마음이 없었다고 말하면 거짓말입니다.,I thought of my share first. It would be a lie to say that feeling was not there.,私は自分の取り分を先に考えました。その気持ちがなかったと言えば嘘になります。,我先想到的是自己的份额。如果说没有这种心情，那就是谎话。,"Scripted text channel without party a/b as speaker: system, judge, witness, dossier, mediation, aftermath, and milestone copy."
non_party_scripted_text_src_data_scriptedText_family-01_channels_dossier_.entries_dc-5.a.q1_early_.variants_dc-5-a-q1-early-v2_.behaviorHint,non_party_scripted_text,src/data/scriptedText,family-01,channels[dossier].entries[dc-5.a.q1|early].variants[dc-5-a-q1-early-v2].behaviorHint,목소리를 낮추려 하지만 억울함이 먼저 나온다.,"Tries to lower his voice, but grievance comes out first.",声を落とそうとするが、悔しさが先に出る。,试图压低声音，但委屈先冒出来。,"Scripted text channel without party a/b as speaker: system, judge, witness, dossier, mediation, aftermath, and milestone copy."
non_party_scripted_text_src_data_scriptedText_family-01_channels_dossier_.entries_dc-5.a.q1_early_.variants_dc-5-a-q1-early-v2_.text,non_party_scripted_text,src/data/scriptedText,family-01,channels[dossier].entries[dc-5.a.q1|early].variants[dc-5-a-q1-early-v2].text,저는 어머니 곁을 지킨 시간이 있었습니다. 그 시간이 몫에 반영돼야 한다고 여긴 마음은 있습니다.,I spent time staying by Mother's side. I did feel that time should be reflected in my share.,私は母のそばを守ってきた時間がありました。その時間が取り分に反映されるべきだと思う気持ちはあります。,我有守在母亲身边的时间。我确实觉得那段时间应该反映在份额里。,"Scripted text channel without party a/b as speaker: system, judge, witness, dossier, mediation, aftermath, and milestone copy."
non_party_scripted_text_src_data_scriptedText_family-01_channels_dossier_.entries_dc-5.a.q1_early_.variants_dc-5-a-q1-early-v3_.behaviorHint,non_party_scripted_text,src/data/scriptedText,family-01,channels[dossier].entries[dc-5.a.q1|early].variants[dc-5-a-q1-early-v3].behaviorHint,손끝으로 책상을 누르며 방어적으로 답한다.,Presses the desk with his fingertips and answers defensively.,指先で机を押さえ、防御的に答える。,用指尖按着桌面，防御性地回答。,"Scripted text channel without party a/b as speaker: system, judge, witness, dossier, mediation, aftermath, and milestone copy."
non_party_scripted_text_src_data_scriptedText_family-01_channels_dossier_.entries_dc-5.a.q1_early_.variants_dc-5-a-q1-early-v3_.text,non_party_scripted_text,src/data/scriptedText,family-01,channels[dossier].entries[dc-5.a.q1|early].variants[dc-5-a-q1-early-v3].text,동생 돈이었다는 말이 나와도 제가 억울하지 않은 건 아닙니다. 저는 제가 돌본 시간을 먼저 봤습니다.,"Even after hearing it was my brother's money, I did not stop feeling wronged. I first looked at the time I had cared for her.",弟の金だったという話が出ても、私が悔しくないわけではありません。私は自分が介護した時間を先に見ました。,即使听说那是弟弟的钱，我也不是不委屈。我先看见的是自己照顾母亲的时间。,"Scripted text channel without party a/b as speaker: system, judge, witness, dossier, mediation, aftermath, and milestone copy."
non_party_scripted_text_src_data_scriptedText_family-01_channels_dossier_.entries_dc-5.a.q1_early_.variants_dc-5-a-q1-early-v4_.behaviorHint,non_party_scripted_text,src/data/scriptedText,family-01,channels[dossier].entries[dc-5.a.q1|early].variants[dc-5-a-q1-early-v4].behaviorHint,동생 쪽을 흘겨보고 다시 재판관을 본다.,"Glances sideways at his younger brother, then looks back at the Judge.",弟の方を横目で見て、また裁判官を見る。,斜眼看向弟弟，又重新看向法官。,"Scripted text channel without party a/b as speaker: system, judge, witness, dossier, mediation, aftermath, and milestone copy."
non_party_scripted_text_src_data_scriptedText_family-01_channels_dossier_.entries_dc-5.a.q1_early_.variants_dc-5-a-q1-early-v4_.text,non_party_scripted_text,src/data/scriptedText,family-01,channels[dossier].entries[dc-5.a.q1|early].variants[dc-5-a-q1-early-v4].text,"재판관님, 제가 장남이라는 자리를 가볍게 여긴 적은 없습니다. 그래서 더 흔들렸습니다.","Your Honor, I have never taken the position of eldest son lightly. That is why I was shaken even more.",裁判官、私は長男という立場を軽く見たことはありません。だからこそ、より揺れました。,法官，我从没有轻看长子这个位置。所以才更加动摇。,"Scripted text channel without party a/b as speaker: system, judge, witness, dossier, mediation, aftermath, and milestone copy."
non_party_scripted_text_src_data_scriptedText_family-01_channels_dossier_.entries_dc-5.a.q1_early_.variants_dc-5-a-q1-early-v5_.behaviorHint,non_party_scripted_text,src/data/scriptedText,family-01,channels[dossier].entries[dc-5.a.q1|early].variants[dc-5-a-q1-early-v5].behaviorHint,분노를 누르지만 어깨에 힘이 남아 있다.,"Suppresses anger, but tension remains in his shoulders.",怒りを抑えるが、肩には力が残っている。,压住愤怒，但肩膀仍有力道。,"Scripted text channel without party a/b as speaker: system, judge, witness, dossier, mediation, aftermath, and milestone copy."
non_party_scripted_text_src_data_scriptedText_family-01_channels_dossier_.entries_dc-5.a.q1_early_.variants_dc-5-a-q1-early-v5_.text,non_party_scripted_text,src/data/scriptedText,family-01,channels[dossier].entries[dc-5.a.q1|early].variants[dc-5-a-q1-early-v5].text,"더 받아야 한다고 우긴다기보다, 적게 남겨진 이유를 받아들이기 어려웠습니다.","It was less that I insisted I must receive more, and more that I could not accept why so little was left to me.",もっと受け取るべきだと押し通したというより、少なく残された理由を受け入れにくかったのです。,与其说我坚持自己必须多拿，不如说我很难接受为什么只留给我那么少。,"Scripted text channel without party a/b as speaker: system, judge, witness, dossier, mediation, aftermath, and milestone copy."
non_party_scripted_text_src_data_scriptedText_family-01_channels_dossier_.entries_dc-5.a.q1_early_.variants_dc-5-a-q1-early-v6_.behaviorHint,non_party_scripted_text,src/data/scriptedText,family-01,channels[dossier].entries[dc-5.a.q1|early].variants[dc-5-a-q1-early-v6].behaviorHint,말을 세게 시작했다가 끝에서 조금 물러선다.,"Starts forcefully, then pulls back a little at the end.",強く話し始め、最後で少し退く。,开头说得很强，到结尾稍稍退让。,"Scripted text channel without party a/b as speaker: system, judge, witness, dossier, mediation, aftermath, and milestone copy."
non_party_scripted_text_src_data_scriptedText_family-01_channels_dossier_.entries_dc-5.a.q1_early_.variants_dc-5-a-q1-early-v6_.text,non_party_scripted_text,src/data/scriptedText,family-01,channels[dossier].entries[dc-5.a.q1|early].variants[dc-5-a-q1-early-v6].text,제가 당연하게 여긴 부분이 있었을 수 있습니다. 하지만 그게 전부 욕심이었다고는 못 하겠습니다.,There may have been parts I took for granted. But I cannot say all of it was greed.,私が当然視していた部分はあったかもしれません。ですが、それがすべて欲だったとは言えません。,我可能有把某些事当成理所当然的部分。但不能说那全都是贪心。,"Scripted text channel without party a/b as speaker: system, judge, witness, dossier, mediation, aftermath, and milestone copy."
non_party_scripted_text_src_data_scriptedText_family-01_channels_dossier_.entries_dc-5.a.q1_early_.variants_dc-5-a-q1-early-v7_.behaviorHint,non_party_scripted_text,src/data/scriptedText,family-01,channels[dossier].entries[dc-5.a.q1|early].variants[dc-5-a-q1-early-v7].behaviorHint,자기 몫을 말할 때 숨이 짧아진다.,His breath shortens when he talks about his share.,自分の取り分を話す時、息が短くなる。,说到自己份额时呼吸变短。,"Scripted text channel without party a/b as speaker: system, judge, witness, dossier, mediation, aftermath, and milestone copy."
non_party_scripted_text_src_data_scriptedText_family-01_channels_dossier_.entries_dc-5.a.q1_early_.variants_dc-5-a-q1-early-v7_.text,non_party_scripted_text,src/data/scriptedText,family-01,channels[dossier].entries[dc-5.a.q1|early].variants[dc-5-a-q1-early-v7].text,어머니를 모신 사람으로서 기대가 있었습니다. 그 기대를 완전히 부정하긴 어렵습니다.,"As the one who cared for Mother, I had expectations. It is hard to deny those expectations completely.",母を見てきた人間として、期待がありました。その期待を完全に否定するのは難しいです。,作为照顾母亲的人，我有期待。很难完全否认那份期待。,"Scripted text channel without party a/b as speaker: system, judge, witness, dossier, mediation, aftermath, and milestone copy."
non_party_scripted_text_src_data_scriptedText_family-01_channels_dossier_.entries_dc-5.a.q1_early_.variants_dc-5-a-q1-early-v8_.behaviorHint,non_party_scripted_text,src/data/scriptedText,family-01,channels[dossier].entries[dc-5.a.q1|early].variants[dc-5-a-q1-early-v8].behaviorHint,오랜 돌봄을 떠올리며 표정이 굳는다.,His expression stiffens as he recalls years of care.,長い介護を思い出し、表情が固まる。,想起长期照护，表情变硬。,"Scripted text channel without party a/b as speaker: system, judge, witness, dossier, mediation, aftermath, and milestone copy."
non_party_scripted_text_src_data_scriptedText_family-01_channels_dossier_.entries_dc-5.a.q1_early_.variants_dc-5-a-q1-early-v8_.text,non_party_scripted_text,src/data/scriptedText,family-01,channels[dossier].entries[dc-5.a.q1|early].variants[dc-5-a-q1-early-v8].text,"동생이 도왔다는 말을 듣고도, 제가 곁에 있었다는 사실이 사라지진 않는다고 생각했습니다.","Even after hearing my brother had helped, I thought the fact that I had stayed beside her did not disappear.",弟が助けていたと聞いても、私がそばにいた事実が消えるわけではないと思いました。,即使听到弟弟也帮过忙，我仍觉得自己在母亲身边这件事不会消失。,"Scripted text channel without party a/b as speaker: system, judge, witness, dossier, mediation, aftermath, and milestone copy."
non_party_scripted_text_src_data_scriptedText_family-01_channels_dossier_.entries_dc-5.a.q1_early_.variants_dc-5-a-q1-early-v9_.behaviorHint,non_party_scripted_text,src/data/scriptedText,family-01,channels[dossier].entries[dc-5.a.q1|early].variants[dc-5-a-q1-early-v9].behaviorHint,억울함을 앞세우다 스스로 문장을 고른다.,"Leads with grievance, then chooses his own sentence.",悔しさを先に出しながら、自分で文を選ぶ。,先带出委屈，又自己斟酌句子。,"Scripted text channel without party a/b as speaker: system, judge, witness, dossier, mediation, aftermath, and milestone copy."
non_party_scripted_text_src_data_scriptedText_family-01_channels_dossier_.entries_dc-5.a.q1_early_.variants_dc-5-a-q1-early-v9_.text,non_party_scripted_text,src/data/scriptedText,family-01,channels[dossier].entries[dc-5.a.q1|early].variants[dc-5-a-q1-early-v9].text,형이라는 자리와 돌본 시간이 제 마음속에서 섞여 있었습니다. 그 점은 인정합니다.,The position of older brother and the time I spent caring for her were mixed together in my mind. I admit that.,兄という立場と介護した時間が、私の心の中で混ざっていました。その点は認めます。,哥哥这个位置和照顾母亲的时间，在我心里混在了一起。这点我承认。,"Scripted text channel without party a/b as speaker: system, judge, witness, dossier, mediation, aftermath, and milestone copy."
non_party_scripted_text_src_data_scriptedText_family-01_channels_dossier_.entries_dc-5.a.q1_late_.variants_dc-5-a-q1-late-v1_.behaviorHint,non_party_scripted_text,src/data/scriptedText,family-01,channels[dossier].entries[dc-5.a.q1|late].variants[dc-5-a-q1-late-v1].behaviorHint,고개를 숙인 채 처음으로 목소리를 낮춘다.,"With head lowered, lowers his voice for the first time.",頭を下げたまま、初めて声を落とす。,低着头，第一次压低声音。,"Scripted text channel without party a/b as speaker: system, judge, witness, dossier, mediation, aftermath, and milestone copy."
non_party_scripted_text_src_data_scriptedText_family-01_channels_dossier_.entries_dc-5.a.q1_late_.variants_dc-5-a-q1-late-v1_.text,non_party_scripted_text,src/data/scriptedText,family-01,channels[dossier].entries[dc-5.a.q1|late].variants[dc-5-a-q1-late-v1].text,"인정합니다. 저는 장남이라는 이유로 더 받을 자격이 있다고 믿었고, 어머니 뜻을 제 기준으로 읽었습니다.","I admit it. I believed that as the eldest son I deserved more, and I read Mother's wishes by my own standard.",認めます。私は長男という理由で、より受け取る資格があると信じ、母の意思を自分の基準で読みました。,我承认。我曾相信自己作为长子有资格多拿，并且用自己的标准解读母亲的意愿。,"Scripted text channel without party a/b as speaker: system, judge, witness, dossier, mediation, aftermath, and milestone copy."
non_party_scripted_text_src_data_scriptedText_family-01_channels_dossier_.entries_dc-5.a.q1_late_.variants_dc-5-a-q1-late-v10_.behaviorHint,non_party_scripted_text,src/data/scriptedText,family-01,channels[dossier].entries[dc-5.a.q1|late].variants[dc-5-a-q1-late-v10].behaviorHint,한참 침묵한 뒤 차분히 고백한다.,"After a long silence, confesses calmly.",しばらく沈黙した後、落ち着いて告白する。,长时间沉默后，平静坦白。,"Scripted text channel without party a/b as speaker: system, judge, witness, dossier, mediation, aftermath, and milestone copy."
non_party_scripted_text_src_data_scriptedText_family-01_channels_dossier_.entries_dc-5.a.q1_late_.variants_dc-5-a-q1-late-v10_.text,non_party_scripted_text,src/data/scriptedText,family-01,channels[dossier].entries[dc-5.a.q1|late].variants[dc-5-a-q1-late-v10].text,"이제 인정하겠습니다. 장남이라는 이름이 제게 권리처럼 느껴졌고, 그 마음이 판단을 흐렸습니다.","I will admit it now. The name of eldest son felt like a right to me, and that feeling clouded my judgment.",今は認めます。長男という名前が私には権利のように感じられ、その心が判断を曇らせました。,现在我承认。长子这个名分对我来说像一种权利，这种心情模糊了我的判断。,"Scripted text channel without party a/b as speaker: system, judge, witness, dossier, mediation, aftermath, and milestone copy."
non_party_scripted_text_src_data_scriptedText_family-01_channels_dossier_.entries_dc-5.a.q1_late_.variants_dc-5-a-q1-late-v2_.behaviorHint,non_party_scripted_text,src/data/scriptedText,family-01,channels[dossier].entries[dc-5.a.q1|late].variants[dc-5-a-q1-late-v2].behaviorHint,분노가 빠진 자리에서 부끄러움이 올라온다.,"Where anger fades, shame rises.",怒りが抜けた場所から恥ずかしさが上がる。,愤怒退去后，羞愧浮现。,"Scripted text channel without party a/b as speaker: system, judge, witness, dossier, mediation, aftermath, and milestone copy."
non_party_scripted_text_src_data_scriptedText_family-01_channels_dossier_.entries_dc-5.a.q1_late_.variants_dc-5-a-q1-late-v2_.text,non_party_scripted_text,src/data/scriptedText,family-01,channels[dossier].entries[dc-5.a.q1|late].variants[dc-5-a-q1-late-v2].text,"재판관님, 저는 어머니를 모신 시간을 유산의 증거처럼 붙잡았습니다. 그 마음이 사건을 키웠습니다.","Your Honor, I held on to the time I cared for Mother as if it were proof for the inheritance. That feeling enlarged the case.",裁判官、私は母を看た時間を相続の証拠のように握りしめました。その気持ちが事件を大きくしました。,法官，我把照顾母亲的时间当成继承的证据一样紧抓着。这种心情把事情扩大了。,"Scripted text channel without party a/b as speaker: system, judge, witness, dossier, mediation, aftermath, and milestone copy."
non_party_scripted_text_src_data_scriptedText_family-01_channels_dossier_.entries_dc-5.a.q1_late_.variants_dc-5-a-q1-late-v3_.behaviorHint,non_party_scripted_text,src/data/scriptedText,family-01,channels[dossier].entries[dc-5.a.q1|late].variants[dc-5-a-q1-late-v3].behaviorHint,손을 무릎 위에 모으고 천천히 인정한다.,Folds his hands on his knees and slowly admits it.,手を膝の上にそろえ、ゆっくり認める。,双手放在膝上，慢慢承认。,"Scripted text channel without party a/b as speaker: system, judge, witness, dossier, mediation, aftermath, and milestone copy."
non_party_scripted_text_src_data_scriptedText_family-01_channels_dossier_.entries_dc-5.a.q1_late_.variants_dc-5-a-q1-late-v3_.text,non_party_scripted_text,src/data/scriptedText,family-01,channels[dossier].entries[dc-5.a.q1|late].variants[dc-5-a-q1-late-v3].text,동생이 숨겨 온 돈을 알고도 제 억울함만 먼저 봤습니다. 제 당연시도 책임입니다.,"Even after learning about the money my brother had hidden, I first looked only at my own grievance. My assumption of entitlement is also my responsibility.",弟が隠してきた金を知っても、私は先に自分の悔しさだけを見ました。私の当然視にも責任があります。,即使知道弟弟隐藏的钱，我首先看的还是自己的委屈。我的理所当然也有责任。,"Scripted text channel without party a/b as speaker: system, judge, witness, dossier, mediation, aftermath, and milestone copy."
non_party_scripted_text_src_data_scriptedText_family-01_channels_dossier_.entries_dc-5.a.q1_late_.variants_dc-5-a-q1-late-v4_.behaviorHint,non_party_scripted_text,src/data/scriptedText,family-01,channels[dossier].entries[dc-5.a.q1|late].variants[dc-5-a-q1-late-v4].behaviorHint,동생 이름을 부르려다 재판관에게만 말한다.,"Starts to say his brother's name, then speaks only to the Judge.",弟の名前を呼ぼうとして、裁判官にだけ話す。,想叫弟弟的名字，却只对法官说话。,"Scripted text channel without party a/b as speaker: system, judge, witness, dossier, mediation, aftermath, and milestone copy."
non_party_scripted_text_src_data_scriptedText_family-01_channels_dossier_.entries_dc-5.a.q1_late_.variants_dc-5-a-q1-late-v4_.text,non_party_scripted_text,src/data/scriptedText,family-01,channels[dossier].entries[dc-5.a.q1|late].variants[dc-5-a-q1-late-v4].text,저는 어머니를 있는 그대로 보기보다 제 수고를 인정해 줄 사람으로 붙잡았습니다.,"Rather than seeing Mother as she was, I held on to her as someone who should recognize my effort.",私は母をありのまま見るより、自分の苦労を認めてくれる人として握りしめていました。,比起如实看待母亲，我把她抓成了应该承认我辛苦的人。,"Scripted text channel without party a/b as speaker: system, judge, witness, dossier, mediation, aftermath, and milestone copy."
non_party_scripted_text_src_data_scriptedText_family-01_channels_dossier_.entries_dc-5.a.q1_late_.variants_dc-5-a-q1-late-v5_.behaviorHint,non_party_scripted_text,src/data/scriptedText,family-01,channels[dossier].entries[dc-5.a.q1|late].variants[dc-5-a-q1-late-v5].behaviorHint,오래 버틴 자존심이 꺾인 듯 숨을 쉰다.,Breathes as if long-held pride has bent.,長く耐えていた自尊心が折れたように息をする。,像长期撑着的自尊被折断一样呼吸。,"Scripted text channel without party a/b as speaker: system, judge, witness, dossier, mediation, aftermath, and milestone copy."
non_party_scripted_text_src_data_scriptedText_family-01_channels_dossier_.entries_dc-5.a.q1_late_.variants_dc-5-a-q1-late-v5_.text,non_party_scripted_text,src/data/scriptedText,family-01,channels[dossier].entries[dc-5.a.q1|late].variants[dc-5-a-q1-late-v5].text,장남 자리를 잃을까 두려워서 숫자에 더 매달렸습니다. 두려워서 동생을 악의로만 보게 됐습니다.,"I clung harder to the numbers because I feared losing the place of eldest son. Out of fear, I saw my brother only as malicious.",長男の場所を失うのが怖くて、数字にさらにしがみつきました。怖くて弟を悪意だけで見てしまいました。,我因为害怕失去长子的位置，才更加执着于数字。因为害怕，我只把弟弟看成恶意。,"Scripted text channel without party a/b as speaker: system, judge, witness, dossier, mediation, aftermath, and milestone copy."
non_party_scripted_text_src_data_scriptedText_family-01_channels_dossier_.entries_dc-5.a.q1_late_.variants_dc-5-a-q1-late-v6_.behaviorHint,non_party_scripted_text,src/data/scriptedText,family-01,channels[dossier].entries[dc-5.a.q1|late].variants[dc-5-a-q1-late-v6].behaviorHint,말끝이 낮아지고 시선이 손등에 머문다.,"His ending drops, and his gaze rests on the back of his hand.",語尾が低くなり、視線が手の甲に留まる。,句尾低下，视线停在手背上。,"Scripted text channel without party a/b as speaker: system, judge, witness, dossier, mediation, aftermath, and milestone copy."
non_party_scripted_text_src_data_scriptedText_family-01_channels_dossier_.entries_dc-5.a.q1_late_.variants_dc-5-a-q1-late-v6_.text,non_party_scripted_text,src/data/scriptedText,family-01,channels[dossier].entries[dc-5.a.q1|late].variants[dc-5-a-q1-late-v6].text,어머니 뜻을 묻기 전에 제 몫을 계산했습니다. 그게 제가 어머니를 이용한 방식입니다.,"Before asking what Mother wanted, I calculated my share. That is how I used Mother.",母の意思を尋ねる前に、自分の取り分を計算しました。それが、私が母を利用した形です。,在询问母亲意愿之前，我先计算了自己的份额。这就是我利用母亲的方式。,"Scripted text channel without party a/b as speaker: system, judge, witness, dossier, mediation, aftermath, and milestone copy."
non_party_scripted_text_src_data_scriptedText_family-01_channels_dossier_.entries_dc-5.a.q1_late_.variants_dc-5-a-q1-late-v7_.behaviorHint,non_party_scripted_text,src/data/scriptedText,family-01,channels[dossier].entries[dc-5.a.q1|late].variants[dc-5-a-q1-late-v7].behaviorHint,자기 책임을 말할 때 어깨가 내려간다.,His shoulders drop when he speaks of his own responsibility.,自分の責任を話す時、肩が落ちる。,说到自己的责任时肩膀垂下。,"Scripted text channel without party a/b as speaker: system, judge, witness, dossier, mediation, aftermath, and milestone copy."
non_party_scripted_text_src_data_scriptedText_family-01_channels_dossier_.entries_dc-5.a.q1_late_.variants_dc-5-a-q1-late-v7_.text,non_party_scripted_text,src/data/scriptedText,family-01,channels[dossier].entries[dc-5.a.q1|late].variants[dc-5-a-q1-late-v7].text,동생만 어머니를 바꾼 게 아닙니다. 저도 어머니 마음을 제 편의 증거로 쓰려 했습니다.,My brother was not the only one who changed Mother. I also tried to use Mother's heart as evidence for my side.,母を変えたのは弟だけではありません。私も母の心を自分に都合のよい証拠として使おうとしました。,改变母亲的不只是弟弟。我也试图把母亲的心意当成有利于自己的证据。,"Scripted text channel without party a/b as speaker: system, judge, witness, dossier, mediation, aftermath, and milestone copy."
non_party_scripted_text_src_data_scriptedText_family-01_channels_dossier_.entries_dc-5.a.q1_late_.variants_dc-5-a-q1-late-v8_.behaviorHint,non_party_scripted_text,src/data/scriptedText,family-01,channels[dossier].entries[dc-5.a.q1|late].variants[dc-5-a-q1-late-v8].behaviorHint,목이 잠기지만 문장을 끝까지 마친다.,"His throat tightens, but he finishes the sentence.",喉が詰まるが、文を最後まで言い切る。,嗓子发紧，但把句子说完。,"Scripted text channel without party a/b as speaker: system, judge, witness, dossier, mediation, aftermath, and milestone copy."
non_party_scripted_text_src_data_scriptedText_family-01_channels_dossier_.entries_dc-5.a.q1_late_.variants_dc-5-a-q1-late-v8_.text,non_party_scripted_text,src/data/scriptedText,family-01,channels[dossier].entries[dc-5.a.q1|late].variants[dc-5-a-q1-late-v8].text,"제가 돌본 건 사실이지만, 그 사실로 더 받아야 한다고 밀어붙인 마음도 사실입니다.","It is true I cared for her, but it is also true I pushed with the feeling that I should receive more for it.",私が介護したのは事実ですが、その事実でより受け取るべきだと押し通した心も事実です。,我照顾过她是事实，但我也确实以此推动“自己应该多拿”的想法。,"Scripted text channel without party a/b as speaker: system, judge, witness, dossier, mediation, aftermath, and milestone copy."
non_party_scripted_text_src_data_scriptedText_family-01_channels_dossier_.entries_dc-5.a.q1_late_.variants_dc-5-a-q1-late-v9_.behaviorHint,non_party_scripted_text,src/data/scriptedText,family-01,channels[dossier].entries[dc-5.a.q1|late].variants[dc-5-a-q1-late-v9].behaviorHint,변명하려는 버릇을 누르고 인정으로 끝낸다.,Suppresses the habit of making excuses and ends with an admission.,言い訳しようとする癖を抑え、認める形で終える。,压住想辩解的习惯，以承认结束。,"Scripted text channel without party a/b as speaker: system, judge, witness, dossier, mediation, aftermath, and milestone copy."
non_party_scripted_text_src_data_scriptedText_family-01_channels_dossier_.entries_dc-5.a.q1_late_.variants_dc-5-a-q1-late-v9_.text,non_party_scripted_text,src/data/scriptedText,family-01,channels[dossier].entries[dc-5.a.q1|late].variants[dc-5-a-q1-late-v9].text,"재판관님, 저는 어머니의 마지막 뜻보다 제 상처와 자존심을 먼저 세웠습니다.","Your Honor, I put my own hurt and pride ahead of Mother's final wishes.",裁判官、私は母の最後の意思より、自分の傷と自尊心を先に立てました。,法官，我把自己的伤和自尊放在了母亲最后的意愿之前。,"Scripted text channel without party a/b as speaker: system, judge, witness, dossier, mediation, aftermath, and milestone copy."
non_party_scripted_text_src_data_scriptedText_family-01_channels_dossier_.entries_dc-5.a.q1_mid_.variants_dc-5-a-q1-mid-v1_.behaviorHint,non_party_scripted_text,src/data/scriptedText,family-01,channels[dossier].entries[dc-5.a.q1|mid].variants[dc-5-a-q1-mid-v1].behaviorHint,반박하려다 말을 삼키고 낮게 인정한다.,"Starts to object, swallows the words, and admits quietly.",反論しかけて言葉を飲み込み、低く認める。,想反驳又咽回话，低声承认。,"Scripted text channel without party a/b as speaker: system, judge, witness, dossier, mediation, aftermath, and milestone copy."
non_party_scripted_text_src_data_scriptedText_family-01_channels_dossier_.entries_dc-5.a.q1_mid_.variants_dc-5-a-q1-mid-v1_.text,non_party_scripted_text,src/data/scriptedText,family-01,channels[dossier].entries[dc-5.a.q1|mid].variants[dc-5-a-q1-mid-v1].text,인정합니다. 장남이라는 이유로 어머니 재산에서 제 자리가 더 크다고 생각한 마음이 있었습니다.,I admit it. There was a part of me that thought my place in Mother's estate should be larger because I was the eldest son.,認めます。長男という理由で、母の財産における自分の場所がもっと大きいと思う気持ちがありました。,我承认。因为自己是长子，我心里曾觉得自己在母亲财产中的位置应该更大。,"Scripted text channel without party a/b as speaker: system, judge, witness, dossier, mediation, aftermath, and milestone copy."
non_party_scripted_text_src_data_scriptedText_family-01_channels_dossier_.entries_dc-5.a.q1_mid_.variants_dc-5-a-q1-mid-v10_.behaviorHint,non_party_scripted_text,src/data/scriptedText,family-01,channels[dossier].entries[dc-5.a.q1|mid].variants[dc-5-a-q1-mid-v10].behaviorHint,비난의 톤이 약해지며 자책이 섞인다.,"The blaming tone weakens, with self-reproach mixed in.",非難の調子が弱まり、自責が混じる。,责备的语气减弱，夹杂自责。,"Scripted text channel without party a/b as speaker: system, judge, witness, dossier, mediation, aftermath, and milestone copy."
non_party_scripted_text_src_data_scriptedText_family-01_channels_dossier_.entries_dc-5.a.q1_mid_.variants_dc-5-a-q1-mid-v10_.text,non_party_scripted_text,src/data/scriptedText,family-01,channels[dossier].entries[dc-5.a.q1|mid].variants[dc-5-a-q1-mid-v10].text,저는 어머니 마음을 묻기보다 제 수고의 값을 먼저 따졌습니다. 그 점은 부끄럽습니다.,I asked the price of my own labor before asking Mother's heart. I am ashamed of that.,母の心を問うより、自分の苦労の値を先に考えました。その点は恥ずかしいです。,我没有先问母亲的心意，而是先计算自己辛苦的价值。这点让我羞愧。,"Scripted text channel without party a/b as speaker: system, judge, witness, dossier, mediation, aftermath, and milestone copy."
non_party_scripted_text_src_data_scriptedText_family-01_channels_dossier_.entries_dc-5.a.q1_mid_.variants_dc-5-a-q1-mid-v2_.behaviorHint,non_party_scripted_text,src/data/scriptedText,family-01,channels[dossier].entries[dc-5.a.q1|mid].variants[dc-5-a-q1-mid-v2].behaviorHint,손바닥을 펴다 접으며 자존심을 누른다.,"Opens and closes his palm, suppressing his pride.",手のひらを開いて閉じ、自尊心を抑える。,摊开又合上手掌，压住自尊。,"Scripted text channel without party a/b as speaker: system, judge, witness, dossier, mediation, aftermath, and milestone copy."
non_party_scripted_text_src_data_scriptedText_family-01_channels_dossier_.entries_dc-5.a.q1_mid_.variants_dc-5-a-q1-mid-v2_.text,non_party_scripted_text,src/data/scriptedText,family-01,channels[dossier].entries[dc-5.a.q1|mid].variants[dc-5-a-q1-mid-v2].text,동생 돈이 섞였다는 걸 듣고도 처음엔 제 수고가 먼저 떠올랐습니다. 그만큼 제가 제 몫을 당연시했습니다.,"Even after hearing my brother's money was mixed in, I first thought of my own effort. That shows how much I took my share for granted.",弟の金が混じっていたと聞いても、最初に私の苦労が浮かびました。それほど私は自分の取り分を当然視していました。,即使听说其中混有弟弟的钱，我一开始想到的仍是自己的辛苦。这说明我把自己的份额当成理所当然到什么程度。,"Scripted text channel without party a/b as speaker: system, judge, witness, dossier, mediation, aftermath, and milestone copy."
non_party_scripted_text_src_data_scriptedText_family-01_channels_dossier_.entries_dc-5.a.q1_mid_.variants_dc-5-a-q1-mid-v3_.behaviorHint,non_party_scripted_text,src/data/scriptedText,family-01,channels[dossier].entries[dc-5.a.q1|mid].variants[dc-5-a-q1-mid-v3].behaviorHint,목소리는 거칠지만 인정 대목은 피하지 않는다.,"His voice is rough, but he does not avoid the admission.",声は荒いが、認める部分は避けない。,声音粗硬，但不回避承认的部分。,"Scripted text channel without party a/b as speaker: system, judge, witness, dossier, mediation, aftermath, and milestone copy."
non_party_scripted_text_src_data_scriptedText_family-01_channels_dossier_.entries_dc-5.a.q1_mid_.variants_dc-5-a-q1-mid-v3_.text,non_party_scripted_text,src/data/scriptedText,family-01,channels[dossier].entries[dc-5.a.q1|mid].variants[dc-5-a-q1-mid-v3].text,"재판관님, 저는 모신 시간을 보상처럼 붙잡았습니다. 그래서 숫자가 모욕으로 느껴졌습니다.","Your Honor, I held on to the time I cared for her as compensation. That is why the numbers felt like an insult.",裁判官、私は介護した時間を補償のように握りしめました。だから数字が侮辱のように感じられました。,法官，我把照顾她的时间当成补偿一样紧抓着。所以那些数字让我觉得像羞辱。,"Scripted text channel without party a/b as speaker: system, judge, witness, dossier, mediation, aftermath, and milestone copy."
non_party_scripted_text_src_data_scriptedText_family-01_channels_dossier_.entries_dc-5.a.q1_mid_.variants_dc-5-a-q1-mid-v4_.behaviorHint,non_party_scripted_text,src/data/scriptedText,family-01,channels[dossier].entries[dc-5.a.q1|mid].variants[dc-5-a-q1-mid-v4].behaviorHint,동생을 보려다 시선을 바닥으로 내린다.,"Starts to look at his younger brother, then lowers his gaze to the floor.",弟を見ようとして、視線を床へ落とす。,想看向弟弟，却把视线落到地面。,"Scripted text channel without party a/b as speaker: system, judge, witness, dossier, mediation, aftermath, and milestone copy."
non_party_scripted_text_src_data_scriptedText_family-01_channels_dossier_.entries_dc-5.a.q1_mid_.variants_dc-5-a-q1-mid-v4_.text,non_party_scripted_text,src/data/scriptedText,family-01,channels[dossier].entries[dc-5.a.q1|mid].variants[dc-5-a-q1-mid-v4].text,제가 장남이라는 말을 앞세운 건 사실입니다. 그 말로 동생이 숨겨 둔 도움을 밀어낸 부분도 있습니다.,"It is true I put the word eldest son first. With that word, I also pushed aside the help my brother had hidden.",私が長男という言葉を前に出したのは事実です。その言葉で、弟が隠していた支援を押しのけた部分もあります。,我确实把长子这个词摆在前面。也正因为这个词，我排开了弟弟隐藏的帮助。,"Scripted text channel without party a/b as speaker: system, judge, witness, dossier, mediation, aftermath, and milestone copy."
non_party_scripted_text_src_data_scriptedText_family-01_channels_dossier_.entries_dc-5.a.q1_mid_.variants_dc-5-a-q1-mid-v5_.behaviorHint,non_party_scripted_text,src/data/scriptedText,family-01,channels[dossier].entries[dc-5.a.q1|mid].variants[dc-5-a-q1-mid-v5].behaviorHint,장남이라는 말을 꺼내고 바로 멈칫한다.,"Says the words ""eldest son"" and immediately hesitates.",長男という言葉を出して、すぐにためらう。,说出“长子”后立刻犹豫。,"Scripted text channel without party a/b as speaker: system, judge, witness, dossier, mediation, aftermath, and milestone copy."
non_party_scripted_text_src_data_scriptedText_family-01_channels_dossier_.entries_dc-5.a.q1_mid_.variants_dc-5-a-q1-mid-v5_.text,non_party_scripted_text,src/data/scriptedText,family-01,channels[dossier].entries[dc-5.a.q1|mid].variants[dc-5-a-q1-mid-v5].text,어머니 뜻보다 제 억울함을 먼저 세웠습니다. 그 안에 당연히 더 받아야 한다는 생각이 있었습니다.,I put my grievance ahead of Mother's wishes. Inside that was the thought that I naturally deserved more.,母の意思より自分の悔しさを先に立てました。その中には、当然もっと受け取るべきだという考えがありました。,我把自己的委屈放在母亲意愿之前。其中也有“我理所当然该多拿”的想法。,"Scripted text channel without party a/b as speaker: system, judge, witness, dossier, mediation, aftermath, and milestone copy."
non_party_scripted_text_src_data_scriptedText_family-01_channels_dossier_.entries_dc-5.a.q1_mid_.variants_dc-5-a-q1-mid-v6_.behaviorHint,non_party_scripted_text,src/data/scriptedText,family-01,channels[dossier].entries[dc-5.a.q1|mid].variants[dc-5-a-q1-mid-v6].behaviorHint,분노보다 혼란이 앞서 말속도가 늦어진다.,"Confusion comes before anger, and his speech slows.",怒りより混乱が先に立ち、話す速度が遅くなる。,混乱先于愤怒，说话速度放慢。,"Scripted text channel without party a/b as speaker: system, judge, witness, dossier, mediation, aftermath, and milestone copy."
non_party_scripted_text_src_data_scriptedText_family-01_channels_dossier_.entries_dc-5.a.q1_mid_.variants_dc-5-a-q1-mid-v6_.text,non_party_scripted_text,src/data/scriptedText,family-01,channels[dossier].entries[dc-5.a.q1|mid].variants[dc-5-a-q1-mid-v6].text,돌본 일과 상속을 너무 붙여 봤습니다. 제가 한 일을 이유로 더 받을 자격을 확신했습니다.,I tied caregiving and inheritance too closely. I was certain my work entitled me to more.,介護と相続をあまりに結びつけて見ました。自分がしたことを理由に、より受け取る資格があると確信していました。,我把照顾和继承看得太紧密。我确信自己做过的事让我有资格多拿。,"Scripted text channel without party a/b as speaker: system, judge, witness, dossier, mediation, aftermath, and milestone copy."
non_party_scripted_text_src_data_scriptedText_family-01_channels_dossier_.entries_dc-5.a.q1_mid_.variants_dc-5-a-q1-mid-v7_.behaviorHint,non_party_scripted_text,src/data/scriptedText,family-01,channels[dossier].entries[dc-5.a.q1|mid].variants[dc-5-a-q1-mid-v7].behaviorHint,책상 모서리를 누르며 억울함을 정리한다.,Presses the edge of the desk while organizing his grievance.,机の角を押さえながら、悔しさを整理する。,按着桌角，整理自己的委屈。,"Scripted text channel without party a/b as speaker: system, judge, witness, dossier, mediation, aftermath, and milestone copy."
non_party_scripted_text_src_data_scriptedText_family-01_channels_dossier_.entries_dc-5.a.q1_mid_.variants_dc-5-a-q1-mid-v7_.text,non_party_scripted_text,src/data/scriptedText,family-01,channels[dossier].entries[dc-5.a.q1|mid].variants[dc-5-a-q1-mid-v7].text,"동생이 도운 사실을 알기 전에도, 저는 제가 중심이라고 믿었습니다. 지금은 그 믿음이 흔들립니다.","Even before I knew my brother had helped, I believed I was the center. Now that belief is shaken.",弟が助けていた事実を知る前から、私は自分が中心だと信じていました。今はその信念が揺らいでいます。,在知道弟弟帮忙之前，我就相信自己是中心。现在这个信念动摇了。,"Scripted text channel without party a/b as speaker: system, judge, witness, dossier, mediation, aftermath, and milestone copy."
non_party_scripted_text_src_data_scriptedText_family-01_channels_dossier_.entries_dc-5.a.q1_mid_.variants_dc-5-a-q1-mid-v8_.behaviorHint,non_party_scripted_text,src/data/scriptedText,family-01,channels[dossier].entries[dc-5.a.q1|mid].variants[dc-5-a-q1-mid-v8].behaviorHint,반쯤 따지고 반쯤 인정하는 표정이다.,"His expression is half challenging, half admitting.",半分問い詰め、半分認める表情。,表情一半质问，一半承认。,"Scripted text channel without party a/b as speaker: system, judge, witness, dossier, mediation, aftermath, and milestone copy."
non_party_scripted_text_src_data_scriptedText_family-01_channels_dossier_.entries_dc-5.a.q1_mid_.variants_dc-5-a-q1-mid-v8_.text,non_party_scripted_text,src/data/scriptedText,family-01,channels[dossier].entries[dc-5.a.q1|mid].variants[dc-5-a-q1-mid-v8].text,제가 더 받아야 한다는 마음이 없었다면 이렇게까지 분노하진 않았을 겁니다.,"If I had not felt I should receive more, I would not have been this angry.",私がもっと受け取るべきだという気持ちがなければ、ここまで怒ることはなかったでしょう。,如果我没有觉得自己应该多拿，就不会愤怒到这个程度。,"Scripted text channel without party a/b as speaker: system, judge, witness, dossier, mediation, aftermath, and milestone copy."
non_party_scripted_text_src_data_scriptedText_family-01_channels_dossier_.entries_dc-5.a.q1_mid_.variants_dc-5-a-q1-mid-v9_.behaviorHint,non_party_scripted_text,src/data/scriptedText,family-01,channels[dossier].entries[dc-5.a.q1|mid].variants[dc-5-a-q1-mid-v9].behaviorHint,호흡을 고르고 자신의 마음을 다시 말한다.,Steadies his breath and states his feelings again.,呼吸を整え、自分の気持ちを改めて話す。,调整呼吸，再次说出自己的心情。,"Scripted text channel without party a/b as speaker: system, judge, witness, dossier, mediation, aftermath, and milestone copy."
non_party_scripted_text_src_data_scriptedText_family-01_channels_dossier_.entries_dc-5.a.q1_mid_.variants_dc-5-a-q1-mid-v9_.text,non_party_scripted_text,src/data/scriptedText,family-01,channels[dossier].entries[dc-5.a.q1|mid].variants[dc-5-a-q1-mid-v9].text,장남으로 산 시간이 제 권리라고 여긴 부분이 있습니다. 그걸 이제는 인정합니다.,There was a part of me that treated the years lived as eldest son as my right. I admit that now.,長男として生きた時間を自分の権利だと思っていた部分があります。今はそれを認めます。,我有一部分把作为长子生活的时间当成自己的权利。现在我承认这一点。,"Scripted text channel without party a/b as speaker: system, judge, witness, dossier, mediation, aftermath, and milestone copy."
non_party_scripted_text_src_data_scriptedText_family-01_channels_dossier_.entries_dc-5.b.q1_early_.variants_dc-5-b-q1-early-v1_.behaviorHint,non_party_scripted_text,src/data/scriptedText,family-01,channels[dossier].entries[dc-5.b.q1|early].variants[dc-5-b-q1-early-v1].behaviorHint,대답 전 한 박자 멈추고 서류 끝을 본다.,Pauses one beat before answering and looks at the edge of the document.,答える前に一拍置き、書類の端を見る。,回答前停顿一拍，看向文件边缘。,"Scripted text channel without party a/b as speaker: system, judge, witness, dossier, mediation, aftermath, and milestone copy."
non_party_scripted_text_src_data_scriptedText_family-01_channels_dossier_.entries_dc-5.b.q1_early_.variants_dc-5-b-q1-early-v1_.text,non_party_scripted_text,src/data/scriptedText,family-01,channels[dossier].entries[dc-5.b.q1|early].variants[dc-5-b-q1-early-v1].text,상대에게 알려지길 피하려 했다는 말이 책임을 없애진 않습니다. 다만 그때는 다른 길이 보이지 않았습니다.,"Saying I tried to avoid the other side finding out does not erase responsibility. At the time, though, I saw no other path.",相手に知られるのを避けようとしたという言葉が責任を消すわけではありません。ただ、その時は他の道が見えませんでした。,说我想避免对方知道，并不能消除责任。但当时我看不到别的路。,"Scripted text channel without party a/b as speaker: system, judge, witness, dossier, mediation, aftermath, and milestone copy."
non_party_scripted_text_src_data_scriptedText_family-01_channels_dossier_.entries_dc-5.b.q1_early_.variants_dc-5-b-q1-early-v10_.behaviorHint,non_party_scripted_text,src/data/scriptedText,family-01,channels[dossier].entries[dc-5.b.q1|early].variants[dc-5-b-q1-early-v10].behaviorHint,끝까지 담담하게 말하려 애쓴다.,Tries to speak calmly to the end.,最後まで淡々と話そうとする。,努力平静地说到最后。,"Scripted text channel without party a/b as speaker: system, judge, witness, dossier, mediation, aftermath, and milestone copy."
non_party_scripted_text_src_data_scriptedText_family-01_channels_dossier_.entries_dc-5.b.q1_early_.variants_dc-5-b-q1-early-v10_.text,non_party_scripted_text,src/data/scriptedText,family-01,channels[dossier].entries[dc-5.b.q1|early].variants[dc-5-b-q1-early-v10].text,제가 문서를 바꾼 사람이라는 점은 인정합니다. 이유가 있어도 책임은 남습니다.,"I admit that I am the one who changed the document. Even if there was a reason, the responsibility remains.",私が文書を変えた人間だという点は認めます。理由があっても責任は残ります。,我承认自己是改动文件的人。即使有理由，责任仍然存在。,"Scripted text channel without party a/b as speaker: system, judge, witness, dossier, mediation, aftermath, and milestone copy."
non_party_scripted_text_src_data_scriptedText_family-01_channels_dossier_.entries_dc-5.b.q1_early_.variants_dc-5-b-q1-early-v2_.behaviorHint,non_party_scripted_text,src/data/scriptedText,family-01,channels[dossier].entries[dc-5.b.q1|early].variants[dc-5-b-q1-early-v2].behaviorHint,낮은 목소리로 인정 범위를 먼저 자른다.,"In a low voice, first limits the scope of admission.",低い声で、まず認める範囲を切る。,用低声先限定承认范围。,"Scripted text channel without party a/b as speaker: system, judge, witness, dossier, mediation, aftermath, and milestone copy."
non_party_scripted_text_src_data_scriptedText_family-01_channels_dossier_.entries_dc-5.b.q1_early_.variants_dc-5-b-q1-early-v2_.text,non_party_scripted_text,src/data/scriptedText,family-01,channels[dossier].entries[dc-5.b.q1|early].variants[dc-5-b-q1-early-v2].text,어머니 뜻을 그대로 두지 못한 점은 인정합니다. 하지만 그 이유가 제 이익만은 아니었습니다.,I admit I could not leave Mother's wishes as they were. But the reason was not only my own benefit.,母の意思をそのままにできなかった点は認めます。ただ、その理由が私の利益だけだったわけではありません。,我承认自己没能让母亲的意愿保持原样。但理由并不只是我的利益。,"Scripted text channel without party a/b as speaker: system, judge, witness, dossier, mediation, aftermath, and milestone copy."
non_party_scripted_text_src_data_scriptedText_family-01_channels_dossier_.entries_dc-5.b.q1_early_.variants_dc-5-b-q1-early-v3_.behaviorHint,non_party_scripted_text,src/data/scriptedText,family-01,channels[dossier].entries[dc-5.b.q1|early].variants[dc-5-b-q1-early-v3].behaviorHint,시선을 오래 피하지 않지만 말끝은 닫는다.,"Does not avoid the gaze for long, but closes off the ending.",長く視線を避けはしないが、語尾は閉じる。,没有长久避开视线，但句尾收住。,"Scripted text channel without party a/b as speaker: system, judge, witness, dossier, mediation, aftermath, and milestone copy."
non_party_scripted_text_src_data_scriptedText_family-01_channels_dossier_.entries_dc-5.b.q1_early_.variants_dc-5-b-q1-early-v3_.text,non_party_scripted_text,src/data/scriptedText,family-01,channels[dossier].entries[dc-5.b.q1|early].variants[dc-5-b-q1-early-v3].text,제가 고친 책임을 피할 생각은 없습니다. 다만 그 선택의 배경도 함께 봐 주셨으면 합니다.,I do not intend to avoid responsibility for changing it. But I ask that the background of that choice be seen as well.,私が直した責任を避けるつもりはありません。ただ、その選択の背景もあわせて見てほしいです。,我无意回避自己修改文件的责任。但也希望能一并看到那个选择的背景。,"Scripted text channel without party a/b as speaker: system, judge, witness, dossier, mediation, aftermath, and milestone copy."
non_party_scripted_text_src_data_scriptedText_family-01_channels_dossier_.entries_dc-5.b.q1_early_.variants_dc-5-b-q1-early-v4_.behaviorHint,non_party_scripted_text,src/data/scriptedText,family-01,channels[dossier].entries[dc-5.b.q1|early].variants[dc-5-b-q1-early-v4].behaviorHint,손가락을 포개 쥔 채 조심스럽게 답한다.,Answers carefully with his fingers folded together.,指を重ねて握ったまま慎重に答える。,手指交叠握着，小心回答。,"Scripted text channel without party a/b as speaker: system, judge, witness, dossier, mediation, aftermath, and milestone copy."
non_party_scripted_text_src_data_scriptedText_family-01_channels_dossier_.entries_dc-5.b.q1_early_.variants_dc-5-b-q1-early-v4_.text,non_party_scripted_text,src/data/scriptedText,family-01,channels[dossier].entries[dc-5.b.q1|early].variants[dc-5-b-q1-early-v4].text,"재판관님, 형을 위한다는 말로 모든 게 정리되지는 않는다는 걸 압니다.","Your Honor, I know that the words “for my brother” do not settle everything.",裁判官、兄のためという言葉だけですべてが整理されるわけではないと分かっています。,法官，我知道“为了哥哥”这句话不能解释一切。,"Scripted text channel without party a/b as speaker: system, judge, witness, dossier, mediation, aftermath, and milestone copy."
non_party_scripted_text_src_data_scriptedText_family-01_channels_dossier_.entries_dc-5.b.q1_early_.variants_dc-5-b-q1-early-v5_.behaviorHint,non_party_scripted_text,src/data/scriptedText,family-01,channels[dossier].entries[dc-5.b.q1|early].variants[dc-5-b-q1-early-v5].behaviorHint,숨을 고른 뒤 핵심 단어만 피해 간다.,"Catches his breath, then avoids only the key word.",息を整えた後、核心の言葉だけを避ける。,调整呼吸后，只避开核心词。,"Scripted text channel without party a/b as speaker: system, judge, witness, dossier, mediation, aftermath, and milestone copy."
non_party_scripted_text_src_data_scriptedText_family-01_channels_dossier_.entries_dc-5.b.q1_early_.variants_dc-5-b-q1-early-v5_.text,non_party_scripted_text,src/data/scriptedText,family-01,channels[dossier].entries[dc-5.b.q1|early].variants[dc-5-b-q1-early-v5].text,그 문서에 제 손이 닿았습니다. 그 사실은 상대에게 알려지길 피하려 했다는 설명으로 지워지지 않습니다.,My hand touched that document. That fact is not erased by saying I tried to avoid the other side finding out.,その文書に私の手が触れました。その事実は、相手に知られるのを避けようとしたという説明では消えません。,那份文件上有我的手。这个事实不能被“我想避免对方知道”的说明抹去。,"Scripted text channel without party a/b as speaker: system, judge, witness, dossier, mediation, aftermath, and milestone copy."
non_party_scripted_text_src_data_scriptedText_family-01_channels_dossier_.entries_dc-5.b.q1_early_.variants_dc-5-b-q1-early-v6_.behaviorHint,non_party_scripted_text,src/data/scriptedText,family-01,channels[dossier].entries[dc-5.b.q1|early].variants[dc-5-b-q1-early-v6].behaviorHint,턱이 굳지만 목소리는 평평하게 유지한다.,"His jaw tightens, but his voice stays even.",顎はこわばるが、声は平らに保つ。,下颌绷紧，但声音保持平稳。,"Scripted text channel without party a/b as speaker: system, judge, witness, dossier, mediation, aftermath, and milestone copy."
non_party_scripted_text_src_data_scriptedText_family-01_channels_dossier_.entries_dc-5.b.q1_early_.variants_dc-5-b-q1-early-v6_.text,non_party_scripted_text,src/data/scriptedText,family-01,channels[dossier].entries[dc-5.b.q1|early].variants[dc-5-b-q1-early-v6].text,어머니 뜻을 건드린 건 무겁습니다. 저는 그 무게를 알면서도 당시엔 멈추지 못했습니다.,Touching Mother's wishes is serious. I knew that weight and still could not stop at the time.,母の意思に触れたことは重いです。その重さを知りながら、当時は止まれませんでした。,动了母亲的意愿是很重的事。我知道这份重量，却当时还是没有停下。,"Scripted text channel without party a/b as speaker: system, judge, witness, dossier, mediation, aftermath, and milestone copy."
non_party_scripted_text_src_data_scriptedText_family-01_channels_dossier_.entries_dc-5.b.q1_early_.variants_dc-5-b-q1-early-v7_.behaviorHint,non_party_scripted_text,src/data/scriptedText,family-01,channels[dossier].entries[dc-5.b.q1|early].variants[dc-5-b-q1-early-v7].behaviorHint,짧게 고개를 끄덕이고 다시 선을 긋는다.,Gives a small nod and draws the line again.,短くうなずき、また線を引く。,短促点头后，再次划清界线。,"Scripted text channel without party a/b as speaker: system, judge, witness, dossier, mediation, aftermath, and milestone copy."
non_party_scripted_text_src_data_scriptedText_family-01_channels_dossier_.entries_dc-5.b.q1_early_.variants_dc-5-b-q1-early-v7_.text,non_party_scripted_text,src/data/scriptedText,family-01,channels[dossier].entries[dc-5.b.q1|early].variants[dc-5-b-q1-early-v7].text,책임이 없어지는 건 아닙니다. 저는 다만 더 큰 상처를 피한다고 믿었습니다.,Responsibility does not disappear. I only believed I was avoiding a greater wound.,責任がなくなるわけではありません。私はただ、もっと大きな傷を避けていると信じていました。,责任不会消失。我只是相信自己是在避免更大的伤害。,"Scripted text channel without party a/b as speaker: system, judge, witness, dossier, mediation, aftermath, and milestone copy."
non_party_scripted_text_src_data_scriptedText_family-01_channels_dossier_.entries_dc-5.b.q1_early_.variants_dc-5-b-q1-early-v8_.behaviorHint,non_party_scripted_text,src/data/scriptedText,family-01,channels[dossier].entries[dc-5.b.q1|early].variants[dc-5-b-q1-early-v8].behaviorHint,입술을 누른 뒤 필요한 사실만 꺼낸다.,"Presses his lips, then gives only the necessary facts.",唇を押さえた後、必要な事実だけを出す。,抿住嘴唇后，只说必要事实。,"Scripted text channel without party a/b as speaker: system, judge, witness, dossier, mediation, aftermath, and milestone copy."
non_party_scripted_text_src_data_scriptedText_family-01_channels_dossier_.entries_dc-5.b.q1_early_.variants_dc-5-b-q1-early-v8_.text,non_party_scripted_text,src/data/scriptedText,family-01,channels[dossier].entries[dc-5.b.q1|early].variants[dc-5-b-q1-early-v8].text,상대에게 알려지길 피하려 했다는 말은 제 동기일 뿐입니다. 결과의 책임까지 사라지는 건 아닙니다.,Saying I tried to avoid the other side finding out is only my motive. It does not erase responsibility for the result.,相手に知られるのを避けようとしたという言葉は、私の動機にすぎません。結果の責任まで消えるわけではありません。,说我想避免对方知道，只是我的动机。它不能连结果责任也一起消除。,"Scripted text channel without party a/b as speaker: system, judge, witness, dossier, mediation, aftermath, and milestone copy."
non_party_scripted_text_src_data_scriptedText_family-01_channels_dossier_.entries_dc-5.b.q1_early_.variants_dc-5-b-q1-early-v9_.behaviorHint,non_party_scripted_text,src/data/scriptedText,family-01,channels[dossier].entries[dc-5.b.q1|early].variants[dc-5-b-q1-early-v9].behaviorHint,감정은 누르고 문장 사이를 길게 둔다.,Suppresses emotion and leaves long gaps between sentences.,感情を抑え、文と文の間を長く取る。,压住情绪，在句子之间留出长停顿。,"Scripted text channel without party a/b as speaker: system, judge, witness, dossier, mediation, aftermath, and milestone copy."
non_party_scripted_text_src_data_scriptedText_family-01_channels_dossier_.entries_dc-5.b.q1_early_.variants_dc-5-b-q1-early-v9_.text,non_party_scripted_text,src/data/scriptedText,family-01,channels[dossier].entries[dc-5.b.q1|early].variants[dc-5-b-q1-early-v9].text,그 선택이 옳았다고 단정하지 않겠습니다. 지금은 제가 한 일의 흠을 알고 있습니다.,I will not insist that choice was right. I now know the flaw in what I did.,その選択が正しかったと断定しません。今は私がしたことの傷を分かっています。,我不会断言那个选择是对的。现在我知道自己所做的事有伤痕。,"Scripted text channel without party a/b as speaker: system, judge, witness, dossier, mediation, aftermath, and milestone copy."
non_party_scripted_text_src_data_scriptedText_family-01_channels_dossier_.entries_dc-5.b.q1_late_.variants_dc-5-b-q1-late-v1_.behaviorHint,non_party_scripted_text,src/data/scriptedText,family-01,channels[dossier].entries[dc-5.b.q1|late].variants[dc-5-b-q1-late-v1].behaviorHint,눈을 한 번 감았다 뜨고 낮게 고백한다.,"Closes his eyes once, opens them, and confesses quietly.",一度目を閉じて開き、低く告白する。,闭眼又睁开，低声坦白。,"Scripted text channel without party a/b as speaker: system, judge, witness, dossier, mediation, aftermath, and milestone copy."
non_party_scripted_text_src_data_scriptedText_family-01_channels_dossier_.entries_dc-5.b.q1_late_.variants_dc-5-b-q1-late-v1_.text,non_party_scripted_text,src/data/scriptedText,family-01,channels[dossier].entries[dc-5.b.q1|late].variants[dc-5-b-q1-late-v1].text,맞습니다. 상대에게 알려지길 피하려 했다는 이유가 어머니의 처음 적힌 비율 뜻을 고친 책임을 없애지 못합니다.,Yes. The reason of avoiding the other side finding out does not erase responsibility for changing the meaning of the ratio Mother first wrote.,そのとおりです。相手に知られるのを避けようとした理由は、母が最初に書いた比率の意味を変えた責任を消しません。,是的。避免对方知道这个理由，不能消除我改变母亲最初写下的比例含义的责任。,"Scripted text channel without party a/b as speaker: system, judge, witness, dossier, mediation, aftermath, and milestone copy."
non_party_scripted_text_src_data_scriptedText_family-01_channels_dossier_.entries_dc-5.b.q1_late_.variants_dc-5-b-q1-late-v10_.behaviorHint,non_party_scripted_text,src/data/scriptedText,family-01,channels[dossier].entries[dc-5.b.q1|late].variants[dc-5-b-q1-late-v10].behaviorHint,고개를 숙인 채 변명보다 책임을 앞세운다.,"With head lowered, puts responsibility before excuses.",頭を下げたまま、言い訳より責任を先に出す。,低着头，把责任放在辩解之前。,"Scripted text channel without party a/b as speaker: system, judge, witness, dossier, mediation, aftermath, and milestone copy."
non_party_scripted_text_src_data_scriptedText_family-01_channels_dossier_.entries_dc-5.b.q1_late_.variants_dc-5-b-q1-late-v10_.text,non_party_scripted_text,src/data/scriptedText,family-01,channels[dossier].entries[dc-5.b.q1|late].variants[dc-5-b-q1-late-v10].text,이제는 인정합니다. 이유가 깊을수록 책임이 사라지는 게 아니라 더 분명해집니다.,"I admit it now. The deeper the reason, the more clearly responsibility remains; it does not disappear.",今は認めます。理由が深いほど、責任は消えるのではなく、よりはっきりします。,现在我承认。理由越深，责任不是消失，而是变得更加明确。,"Scripted text channel without party a/b as speaker: system, judge, witness, dossier, mediation, aftermath, and milestone copy."
non_party_scripted_text_src_data_scriptedText_family-01_channels_dossier_.entries_dc-5.b.q1_late_.variants_dc-5-b-q1-late-v2_.behaviorHint,non_party_scripted_text,src/data/scriptedText,family-01,channels[dossier].entries[dc-5.b.q1|late].variants[dc-5-b-q1-late-v2].behaviorHint,목소리가 마지막 문장에서 미세하게 갈라진다.,His voice cracks faintly in the final sentence.,最後の文で声がかすかに割れる。,声音在最后一句微微发颤。,"Scripted text channel without party a/b as speaker: system, judge, witness, dossier, mediation, aftermath, and milestone copy."
non_party_scripted_text_src_data_scriptedText_family-01_channels_dossier_.entries_dc-5.b.q1_late_.variants_dc-5-b-q1-late-v2_.text,non_party_scripted_text,src/data/scriptedText,family-01,channels[dossier].entries[dc-5.b.q1|late].variants[dc-5-b-q1-late-v2].text,"재판관님, 저는 제 출생과 관련한 민감한 사실을 감추려 어머니 뜻을 제 방식으로 처리했습니다. 그 책임은 전부 제게 있습니다.","Your Honor, I handled Mother's wishes in my own way to hide a sensitive fact tied to my birth. That responsibility is entirely mine.",裁判官、私は私の出生に関わる敏感な事実を隠すため、母の意思を自分のやり方で処理しました。その責任はすべて私にあります。,法官，我为了隐藏与自己出生有关的敏感事实，用自己的方式处理了母亲的意愿。这个责任全在我。,"Scripted text channel without party a/b as speaker: system, judge, witness, dossier, mediation, aftermath, and milestone copy."
non_party_scripted_text_src_data_scriptedText_family-01_channels_dossier_.entries_dc-5.b.q1_late_.variants_dc-5-b-q1-late-v3_.behaviorHint,non_party_scripted_text,src/data/scriptedText,family-01,channels[dossier].entries[dc-5.b.q1|late].variants[dc-5-b-q1-late-v3].behaviorHint,담담한 표정이 무너지지 않지만 숨이 길어진다.,"His calm expression does not break, but his breathing lengthens.",淡々とした表情は崩れないが、息が長くなる。,平静表情没有崩塌，但呼吸变长。,"Scripted text channel without party a/b as speaker: system, judge, witness, dossier, mediation, aftermath, and milestone copy."
non_party_scripted_text_src_data_scriptedText_family-01_channels_dossier_.entries_dc-5.b.q1_late_.variants_dc-5-b-q1-late-v3_.text,non_party_scripted_text,src/data/scriptedText,family-01,channels[dossier].entries[dc-5.b.q1|late].variants[dc-5-b-q1-late-v3].text,지키려 했다는 말로 위조를 덮을 수 없습니다. 저는 어머니의 마지막 뜻을 제 판단으로 다시 썼습니다.,Saying I tried to protect him cannot cover forgery. I rewrote Mother's final wishes by my own judgment.,守ろうとしたという言葉で偽造を覆うことはできません。私は母の最後の意思を自分の判断で書き直しました。,说是为了保护他，不能遮盖伪造。我用自己的判断重写了母亲最后的意愿。,"Scripted text channel without party a/b as speaker: system, judge, witness, dossier, mediation, aftermath, and milestone copy."
non_party_scripted_text_src_data_scriptedText_family-01_channels_dossier_.entries_dc-5.b.q1_late_.variants_dc-5-b-q1-late-v4_.behaviorHint,non_party_scripted_text,src/data/scriptedText,family-01,channels[dossier].entries[dc-5.b.q1|late].variants[dc-5-b-q1-late-v4].behaviorHint,더 숨기지 않겠다는 듯 문장을 끝까지 잇는다.,Carries the sentence to the end as if he will hide no more.,これ以上隠さないというように、文を最後までつなぐ。,像是不再隐瞒一样，把句子说到最后。,"Scripted text channel without party a/b as speaker: system, judge, witness, dossier, mediation, aftermath, and milestone copy."
non_party_scripted_text_src_data_scriptedText_family-01_channels_dossier_.entries_dc-5.b.q1_late_.variants_dc-5-b-q1-late-v4_.text,non_party_scripted_text,src/data/scriptedText,family-01,channels[dossier].entries[dc-5.b.q1|late].variants[dc-5-b-q1-late-v4].text,형이 무너질까 봐 두려웠다는 사실과 제가 문서를 고쳤다는 사실은 둘 다 진실입니다.,"It is true that I feared my brother would collapse, and it is also true that I changed the document.",兄が崩れるのではないかと怖かった事実と、私が文書を変えた事実は、どちらも真実です。,我害怕哥哥会崩溃，这是真的；我改了文件，也是真的。,"Scripted text channel without party a/b as speaker: system, judge, witness, dossier, mediation, aftermath, and milestone copy."
non_party_scripted_text_src_data_scriptedText_family-01_channels_dossier_.entries_dc-5.b.q1_late_.variants_dc-5-b-q1-late-v5_.behaviorHint,non_party_scripted_text,src/data/scriptedText,family-01,channels[dossier].entries[dc-5.b.q1|late].variants[dc-5-b-q1-late-v5].behaviorHint,형 쪽을 보지 못한 채 책임을 인정한다.,Admits responsibility without being able to look toward his brother.,兄の方を見られないまま責任を認める。,无法看向哥哥，却承认责任。,"Scripted text channel without party a/b as speaker: system, judge, witness, dossier, mediation, aftermath, and milestone copy."
non_party_scripted_text_src_data_scriptedText_family-01_channels_dossier_.entries_dc-5.b.q1_late_.variants_dc-5-b-q1-late-v5_.text,non_party_scripted_text,src/data/scriptedText,family-01,channels[dossier].entries[dc-5.b.q1|late].variants[dc-5-b-q1-late-v5].text,저는 선의를 이유로 남의 뜻을 손댔습니다. 그 선의가 저를 면책하지는 않습니다.,I touched someone else's wishes in the name of good faith. That good faith does not exempt me.,私は善意を理由に他人の意思に手を加えました。その善意は私を免責しません。,我以善意为理由动了别人的意愿。那份善意不能让我免责。,"Scripted text channel without party a/b as speaker: system, judge, witness, dossier, mediation, aftermath, and milestone copy."
non_party_scripted_text_src_data_scriptedText_family-01_channels_dossier_.entries_dc-5.b.q1_late_.variants_dc-5-b-q1-late-v6_.behaviorHint,non_party_scripted_text,src/data/scriptedText,family-01,channels[dossier].entries[dc-5.b.q1|late].variants[dc-5-b-q1-late-v6].behaviorHint,서류에서 손을 떼고 재판관을 똑바로 본다.,Takes his hands off the document and looks straight at the Judge.,書類から手を離し、裁判官をまっすぐ見る。,把手从文件上移开，直视法官。,"Scripted text channel without party a/b as speaker: system, judge, witness, dossier, mediation, aftermath, and milestone copy."
non_party_scripted_text_src_data_scriptedText_family-01_channels_dossier_.entries_dc-5.b.q1_late_.variants_dc-5-b-q1-late-v6_.text,non_party_scripted_text,src/data/scriptedText,family-01,channels[dossier].entries[dc-5.b.q1|late].variants[dc-5-b-q1-late-v6].text,"어머니의 자필 연습본을 제 몫 90, 형 몫 10에서 제 몫 60, 형 몫 40으로 바꾼 사람은 저입니다. 형을 위한 선택이었다 해도 잘못입니다.","I am the one who changed Mother's handwritten draft from 90 for me and 10 for my brother to 60 for me and 40 for him. Even if it was for my brother, it was wrong.",母の自筆下書きを、私90・兄10から私60・兄40へ変えたのは私です。兄のための選択だったとしても、誤りです。,把母亲亲笔草稿从我90、哥哥10改成我60、哥哥40的人是我。即使是为了哥哥，这也是错的。,"Scripted text channel without party a/b as speaker: system, judge, witness, dossier, mediation, aftermath, and milestone copy."
non_party_scripted_text_src_data_scriptedText_family-01_channels_dossier_.entries_dc-5.b.q1_late_.variants_dc-5-b-q1-late-v7_.behaviorHint,non_party_scripted_text,src/data/scriptedText,family-01,channels[dossier].entries[dc-5.b.q1|late].variants[dc-5-b-q1-late-v7].behaviorHint,오래 참은 말을 한꺼번에 꺼내듯 이어 간다.,Continues as if releasing words long held back.,長くこらえていた言葉を一気に出すように続ける。,像一下说出压抑已久的话一样继续。,"Scripted text channel without party a/b as speaker: system, judge, witness, dossier, mediation, aftermath, and milestone copy."
non_party_scripted_text_src_data_scriptedText_family-01_channels_dossier_.entries_dc-5.b.q1_late_.variants_dc-5-b-q1-late-v7_.text,non_party_scripted_text,src/data/scriptedText,family-01,channels[dossier].entries[dc-5.b.q1|late].variants[dc-5-b-q1-late-v7].text,"상대에게 알려지길 피하려다 형에게 필요한 진실도 늦췄고, 어머니 뜻도 훼손했습니다.","While trying to avoid the other side finding out, I delayed the truth my brother needed and damaged Mother's wishes.",相手に知られるのを避けようとして、兄に必要な真実も遅らせ、母の意思も損ないました。,为了避免对方知道，我拖延了哥哥需要的真相，也损害了母亲的意愿。,"Scripted text channel without party a/b as speaker: system, judge, witness, dossier, mediation, aftermath, and milestone copy."
non_party_scripted_text_src_data_scriptedText_family-01_channels_dossier_.entries_dc-5.b.q1_late_.variants_dc-5-b-q1-late-v8_.behaviorHint,non_party_scripted_text,src/data/scriptedText,family-01,channels[dossier].entries[dc-5.b.q1|late].variants[dc-5-b-q1-late-v8].behaviorHint,말끝이 낮아지지만 핵심은 흐리지 않는다.,"His ending falls low, but the core does not blur.",語尾は低くなるが、核心はぼかさない。,句尾低下，但核心不模糊。,"Scripted text channel without party a/b as speaker: system, judge, witness, dossier, mediation, aftermath, and milestone copy."
non_party_scripted_text_src_data_scriptedText_family-01_channels_dossier_.entries_dc-5.b.q1_late_.variants_dc-5-b-q1-late-v8_.text,non_party_scripted_text,src/data/scriptedText,family-01,channels[dossier].entries[dc-5.b.q1|late].variants[dc-5-b-q1-late-v8].text,"재판관님, 책임을 피하지 않겠습니다. 제가 지키려 한 선택은 법적으로도 관계적으로도 상처를 남겼습니다.","Your Honor, I will not avoid responsibility. The choice I made to protect him left wounds both legally and relationally.",裁判官、責任を避けません。私が守ろうとして選んだことは、法的にも関係的にも傷を残しました。,法官，我不会逃避责任。我以保护为名作出的选择，在法律上和关系上都留下了伤害。,"Scripted text channel without party a/b as speaker: system, judge, witness, dossier, mediation, aftermath, and milestone copy."
non_party_scripted_text_src_data_scriptedText_family-01_channels_dossier_.entries_dc-5.b.q1_late_.variants_dc-5-b-q1-late-v9_.behaviorHint,non_party_scripted_text,src/data/scriptedText,family-01,channels[dossier].entries[dc-5.b.q1|late].variants[dc-5-b-q1-late-v9].behaviorHint,침묵 뒤에 가장 무거운 사실을 놓는다.,"After a silence, places the heaviest fact on the record.",沈黙の後、最も重い事実を置く。,沉默之后说出最沉重的事实。,"Scripted text channel without party a/b as speaker: system, judge, witness, dossier, mediation, aftermath, and milestone copy."
non_party_scripted_text_src_data_scriptedText_family-01_channels_dossier_.entries_dc-5.b.q1_late_.variants_dc-5-b-q1-late-v9_.text,non_party_scripted_text,src/data/scriptedText,family-01,channels[dossier].entries[dc-5.b.q1|late].variants[dc-5-b-q1-late-v9].text,저는 형 대신 판단했고 어머니 대신 문서를 고쳤습니다. 그 두 가지가 제 책임입니다.,I judged in my brother's place and changed the document in Mother's place. Those two things are my responsibility.,私は兄の代わりに判断し、母の代わりに文書を直しました。その二つが私の責任です。,我替哥哥作了判断，也替母亲改了文件。这两件事就是我的责任。,"Scripted text channel without party a/b as speaker: system, judge, witness, dossier, mediation, aftermath, and milestone copy."
non_party_scripted_text_src_data_scriptedText_family-01_channels_dossier_.entries_dc-5.b.q1_mid_.variants_dc-5-b-q1-mid-v1_.behaviorHint,non_party_scripted_text,src/data/scriptedText,family-01,channels[dossier].entries[dc-5.b.q1|mid].variants[dc-5-b-q1-mid-v1].behaviorHint,말을 고르다 한 번 숨을 길게 내쉰다.,"Chooses his words, then lets out one long breath.",言葉を選び、一度長く息を吐く。,斟酌措辞后长长呼出一口气。,"Scripted text channel without party a/b as speaker: system, judge, witness, dossier, mediation, aftermath, and milestone copy."
non_party_scripted_text_src_data_scriptedText_family-01_channels_dossier_.entries_dc-5.b.q1_mid_.variants_dc-5-b-q1-mid-v1_.text,non_party_scripted_text,src/data/scriptedText,family-01,channels[dossier].entries[dc-5.b.q1|mid].variants[dc-5-b-q1-mid-v1].text,자필 연습본을 제가 고쳐 쓴 책임은 제게 있습니다. 상대에게 알려지길 피하려 했다는 말은 변명이 될 수 없습니다.,The responsibility for rewriting the handwritten draft is mine. Saying I tried to avoid the other side finding out cannot be an excuse.,自筆下書きを私が書き換えた責任は私にあります。相手に知られるのを避けようとしたという言葉は言い訳にはなりません。,改写亲笔草稿的责任在我。说我想避免对方知道，不能成为借口。,"Scripted text channel without party a/b as speaker: system, judge, witness, dossier, mediation, aftermath, and milestone copy."
non_party_scripted_text_src_data_scriptedText_family-01_channels_dossier_.entries_dc-5.b.q1_mid_.variants_dc-5-b-q1-mid-v10_.behaviorHint,non_party_scripted_text,src/data/scriptedText,family-01,channels[dossier].entries[dc-5.b.q1|mid].variants[dc-5-b-q1-mid-v10].behaviorHint,흔들림을 숨기려 자세를 곧게 세운다.,Straightens his posture to hide his wavering.,揺らぎを隠すように姿勢を正す。,挺直姿势，试图掩饰动摇。,"Scripted text channel without party a/b as speaker: system, judge, witness, dossier, mediation, aftermath, and milestone copy."
non_party_scripted_text_src_data_scriptedText_family-01_channels_dossier_.entries_dc-5.b.q1_mid_.variants_dc-5-b-q1-mid-v10_.text,non_party_scripted_text,src/data/scriptedText,family-01,channels[dossier].entries[dc-5.b.q1|mid].variants[dc-5-b-q1-mid-v10].text,저는 책임을 줄이려고 설명하는 게 아닙니다. 책임이 왜 생겼는지 끝까지 말하는 겁니다.,I am not explaining to reduce responsibility. I am saying to the end why that responsibility arose.,責任を軽くするために説明しているのではありません。責任がなぜ生じたのかを最後まで話しているのです。,我说明这些不是为了减轻责任，而是要把责任为何产生说到底。,"Scripted text channel without party a/b as speaker: system, judge, witness, dossier, mediation, aftermath, and milestone copy."
non_party_scripted_text_src_data_scriptedText_family-01_channels_dossier_.entries_dc-5.b.q1_mid_.variants_dc-5-b-q1-mid-v2_.behaviorHint,non_party_scripted_text,src/data/scriptedText,family-01,channels[dossier].entries[dc-5.b.q1|mid].variants[dc-5-b-q1-mid-v2].behaviorHint,책상 모서리를 천천히 문지르며 답한다.,Answers while slowly rubbing the edge of the desk.,机の角をゆっくりなでながら答える。,一边慢慢摩挲桌角一边回答。,"Scripted text channel without party a/b as speaker: system, judge, witness, dossier, mediation, aftermath, and milestone copy."
non_party_scripted_text_src_data_scriptedText_family-01_channels_dossier_.entries_dc-5.b.q1_mid_.variants_dc-5-b-q1-mid-v2_.text,non_party_scripted_text,src/data/scriptedText,family-01,channels[dossier].entries[dc-5.b.q1|mid].variants[dc-5-b-q1-mid-v2].text,어머니 뜻을 제가 조정했습니다. 지키겠다는 명분이 있었지만 그 명분이 절차를 대신하진 않습니다.,"I adjusted Mother's wishes. I had the justification of protection, but that justification cannot replace procedure.",母の意思を私が調整しました。守るという名分はありましたが、その名分が手続きに代わることはありません。,我调整了母亲的意愿。虽然有保护的名义，但这个名义不能代替程序。,"Scripted text channel without party a/b as speaker: system, judge, witness, dossier, mediation, aftermath, and milestone copy."
non_party_scripted_text_src_data_scriptedText_family-01_channels_dossier_.entries_dc-5.b.q1_mid_.variants_dc-5-b-q1-mid-v3_.behaviorHint,non_party_scripted_text,src/data/scriptedText,family-01,channels[dossier].entries[dc-5.b.q1|mid].variants[dc-5-b-q1-mid-v3].behaviorHint,핵심에 이르면 시선을 피하지 않는다.,Does not avert his eyes when he reaches the key point.,核心に至ると視線をそらさない。,说到核心时不回避视线。,"Scripted text channel without party a/b as speaker: system, judge, witness, dossier, mediation, aftermath, and milestone copy."
non_party_scripted_text_src_data_scriptedText_family-01_channels_dossier_.entries_dc-5.b.q1_mid_.variants_dc-5-b-q1-mid-v3_.text,non_party_scripted_text,src/data/scriptedText,family-01,channels[dossier].entries[dc-5.b.q1|mid].variants[dc-5-b-q1-mid-v3].text,"재판관님, 형이 무너질까 봐 숫자를 낮췄습니다. 그래도 어머니 뜻을 손댄 사람은 저입니다.","Your Honor, I lowered the numbers because I feared my brother would collapse. Still, the person who touched Mother's wishes is me.",裁判官、兄が崩れるのが怖くて数字を下げました。それでも、母の意思に手を加えた人間は私です。,法官，我因为怕哥哥崩溃而降低了数字。即便如此，动了母亲意愿的人还是我。,"Scripted text channel without party a/b as speaker: system, judge, witness, dossier, mediation, aftermath, and milestone copy."
non_party_scripted_text_src_data_scriptedText_family-01_channels_dossier_.entries_dc-5.b.q1_mid_.variants_dc-5-b-q1-mid-v4_.behaviorHint,non_party_scripted_text,src/data/scriptedText,family-01,channels[dossier].entries[dc-5.b.q1|mid].variants[dc-5-b-q1-mid-v4].behaviorHint,낮은 목소리지만 인정 대목은 또렷하다.,"His voice is low, but the admission is clear.",低い声だが、認める部分ははっきりしている。,声音很低，但承认的部分很清楚。,"Scripted text channel without party a/b as speaker: system, judge, witness, dossier, mediation, aftermath, and milestone copy."
non_party_scripted_text_src_data_scriptedText_family-01_channels_dossier_.entries_dc-5.b.q1_mid_.variants_dc-5-b-q1-mid-v4_.text,non_party_scripted_text,src/data/scriptedText,family-01,channels[dossier].entries[dc-5.b.q1|mid].variants[dc-5-b-q1-mid-v4].text,형을 위해서였다는 설명은 가능합니다. 하지만 어머니가 남긴 뜻을 제가 고쳐 쓴 사실은 그대로입니다.,I can explain that it was for my brother. But the fact remains that I rewrote the wishes Mother left behind.,兄のためだったという説明は可能です。しかし、母が残した意思を私が書き換えた事実はそのままです。,我可以说明那是为了哥哥。但母亲留下的意愿被我改写，这个事实仍然存在。,"Scripted text channel without party a/b as speaker: system, judge, witness, dossier, mediation, aftermath, and milestone copy."
non_party_scripted_text_src_data_scriptedText_family-01_channels_dossier_.entries_dc-5.b.q1_mid_.variants_dc-5-b-q1-mid-v5_.behaviorHint,non_party_scripted_text,src/data/scriptedText,family-01,channels[dossier].entries[dc-5.b.q1|mid].variants[dc-5-b-q1-mid-v5].behaviorHint,짧게 끊어 말하다가 이유에서 길어진다.,"Speaks in short fragments, then lengthens when giving the reason.",短く切って話し、理由のところで長くなる。,说话短促，到理由处变得更长。,"Scripted text channel without party a/b as speaker: system, judge, witness, dossier, mediation, aftermath, and milestone copy."
non_party_scripted_text_src_data_scriptedText_family-01_channels_dossier_.entries_dc-5.b.q1_mid_.variants_dc-5-b-q1-mid-v5_.text,non_party_scripted_text,src/data/scriptedText,family-01,channels[dossier].entries[dc-5.b.q1|mid].variants[dc-5-b-q1-mid-v5].text,저는 선의를 앞세워 위법한 선택을 했습니다. 그 둘을 분리해서 보지 않겠습니다.,I made an unlawful choice in the name of good faith. I will not look at those two things as if they were separate.,私は善意を前に出して違法な選択をしました。その二つを切り離して見るつもりはありません。,我打着善意作出了违法的选择。我不会把这两者分开来看。,"Scripted text channel without party a/b as speaker: system, judge, witness, dossier, mediation, aftermath, and milestone copy."
non_party_scripted_text_src_data_scriptedText_family-01_channels_dossier_.entries_dc-5.b.q1_mid_.variants_dc-5-b-q1-mid-v6_.behaviorHint,non_party_scripted_text,src/data/scriptedText,family-01,channels[dossier].entries[dc-5.b.q1|mid].variants[dc-5-b-q1-mid-v6].behaviorHint,형 쪽을 보려다 다시 재판관을 본다.,"Starts to look toward his brother, then looks back at the Judge.",兄の方を見ようとして、また裁判官を見る。,想看向哥哥，又重新看向法官。,"Scripted text channel without party a/b as speaker: system, judge, witness, dossier, mediation, aftermath, and milestone copy."
non_party_scripted_text_src_data_scriptedText_family-01_channels_dossier_.entries_dc-5.b.q1_mid_.variants_dc-5-b-q1-mid-v6_.text,non_party_scripted_text,src/data/scriptedText,family-01,channels[dossier].entries[dc-5.b.q1|mid].variants[dc-5-b-q1-mid-v6].text,"형의 충격을 줄인다고 믿었지만, 어머니 의사까지 제가 줄여 버렸습니다.","I believed I was reducing my brother's shock, but I ended up reducing Mother's intent as well.",兄の衝撃を減らしていると信じていましたが、母の意思まで減らしてしまいました。,我以为自己是在减轻哥哥的冲击，结果连母亲的意愿也一起削减了。,"Scripted text channel without party a/b as speaker: system, judge, witness, dossier, mediation, aftermath, and milestone copy."
non_party_scripted_text_src_data_scriptedText_family-01_channels_dossier_.entries_dc-5.b.q1_mid_.variants_dc-5-b-q1-mid-v7_.behaviorHint,non_party_scripted_text,src/data/scriptedText,family-01,channels[dossier].entries[dc-5.b.q1|mid].variants[dc-5-b-q1-mid-v7].behaviorHint,감정을 눌러 두며 책임 단어를 피하지 않는다.,Keeps emotion down and does not avoid the word responsibility.,感情を抑えながら、責任という言葉を避けない。,压住情绪，不回避“责任”这个词。,"Scripted text channel without party a/b as speaker: system, judge, witness, dossier, mediation, aftermath, and milestone copy."
non_party_scripted_text_src_data_scriptedText_family-01_channels_dossier_.entries_dc-5.b.q1_mid_.variants_dc-5-b-q1-mid-v7_.text,non_party_scripted_text,src/data/scriptedText,family-01,channels[dossier].entries[dc-5.b.q1|mid].variants[dc-5-b-q1-mid-v7].text,제가 지키는 사람이 된 것처럼 굴었습니다. 그러나 어머니 뜻을 바꿀 권리는 없었습니다.,I acted as if I had become the protector. But I had no right to change Mother's wishes.,私は守る人になったかのように振る舞いました。しかし、母の意思を変える権利はありませんでした。,我表现得像自己成了保护者。但我没有权利改变母亲的意愿。,"Scripted text channel without party a/b as speaker: system, judge, witness, dossier, mediation, aftermath, and milestone copy."
non_party_scripted_text_src_data_scriptedText_family-01_channels_dossier_.entries_dc-5.b.q1_mid_.variants_dc-5-b-q1-mid-v8_.behaviorHint,non_party_scripted_text,src/data/scriptedText,family-01,channels[dossier].entries[dc-5.b.q1|mid].variants[dc-5-b-q1-mid-v8].behaviorHint,문장 끝마다 잠깐 멈추며 범위를 조정한다.,Pauses at the end of each sentence to adjust the scope.,文末ごとに少し止まり、範囲を調整する。,每句话末尾短暂停顿，调整范围。,"Scripted text channel without party a/b as speaker: system, judge, witness, dossier, mediation, aftermath, and milestone copy."
non_party_scripted_text_src_data_scriptedText_family-01_channels_dossier_.entries_dc-5.b.q1_mid_.variants_dc-5-b-q1-mid-v8_.text,non_party_scripted_text,src/data/scriptedText,family-01,channels[dossier].entries[dc-5.b.q1|mid].variants[dc-5-b-q1-mid-v8].text,그 책임은 돈 때문이 아니어도 남습니다. 오히려 제가 판단을 대신했다는 점이 더 큽니다.,That responsibility remains even if it was not about money. What is greater is that I judged in someone else's place.,その責任は、金のためではなくても残ります。むしろ、私が代わりに判断した点のほうが大きいです。,这个责任即使不是为了钱也仍然存在。更大的问题反而是我替别人作了判断。,"Scripted text channel without party a/b as speaker: system, judge, witness, dossier, mediation, aftermath, and milestone copy."
non_party_scripted_text_src_data_scriptedText_family-01_channels_dossier_.entries_dc-5.b.q1_mid_.variants_dc-5-b-q1-mid-v9_.behaviorHint,non_party_scripted_text,src/data/scriptedText,family-01,channels[dossier].entries[dc-5.b.q1|mid].variants[dc-5-b-q1-mid-v9].behaviorHint,기록을 떠올리듯 날짜 대신 순서를 짚는다.,"Traces the sequence rather than dates, as if recalling the record.",記録を思い出すように、日付ではなく順序をたどる。,像回忆记录一样，不说日期而是梳理顺序。,"Scripted text channel without party a/b as speaker: system, judge, witness, dossier, mediation, aftermath, and milestone copy."
non_party_scripted_text_src_data_scriptedText_family-01_channels_dossier_.entries_dc-5.b.q1_mid_.variants_dc-5-b-q1-mid-v9_.text,non_party_scripted_text,src/data/scriptedText,family-01,channels[dossier].entries[dc-5.b.q1|mid].variants[dc-5-b-q1-mid-v9].text,상대에게 알려지길 피하려는 이유가 있었습니다. 하지만 그 이유가 법과 어머니 뜻보다 위에 설 수는 없습니다.,There was a reason to avoid the other side finding out. But that reason cannot stand above the law or Mother's wishes.,相手に知られるのを避けたい理由はありました。しかし、その理由が法と母の意思の上に立つことはできません。,确实有避免对方知道的理由。但这个理由不能站在法律和母亲意愿之上。,"Scripted text channel without party a/b as speaker: system, judge, witness, dossier, mediation, aftermath, and milestone copy."
non_party_scripted_text_src_data_scriptedText_family-01_channels_dossier_.entries_dc-5.b.q2_early_.variants_dc-5-b-q2-early-v1_.behaviorHint,non_party_scripted_text,src/data/scriptedText,family-01,channels[dossier].entries[dc-5.b.q2|early].variants[dc-5-b-q2-early-v1].behaviorHint,대답 전 한 박자 멈추고 서류 끝을 본다.,Pauses one beat before answering and looks at the edge of the document.,答える前に一拍置き、書類の端を見る。,回答前停顿一拍，看向文件边缘。,"Scripted text channel without party a/b as speaker: system, judge, witness, dossier, mediation, aftermath, and milestone copy."
non_party_scripted_text_src_data_scriptedText_family-01_channels_dossier_.entries_dc-5.b.q2_early_.variants_dc-5-b-q2-early-v1_.text,non_party_scripted_text,src/data/scriptedText,family-01,channels[dossier].entries[dc-5.b.q2|early].variants[dc-5-b-q2-early-v1].text,그 말이 완전히 틀렸다고는 못 하겠습니다. 형도 저도 어머니 뜻을 자기 방식으로 붙잡았습니다.,I cannot say those words are completely wrong. Both my brother and I held Mother's wishes in our own ways.,その言葉が完全に間違っているとは言えません。兄も私も、母の意思を自分のやり方で握りました。,我不能说那句话完全错。哥哥和我都以自己的方式抓住了母亲的意愿。,"Scripted text channel without party a/b as speaker: system, judge, witness, dossier, mediation, aftermath, and milestone copy."
non_party_scripted_text_src_data_scriptedText_family-01_channels_dossier_.entries_dc-5.b.q2_early_.variants_dc-5-b-q2-early-v10_.behaviorHint,non_party_scripted_text,src/data/scriptedText,family-01,channels[dossier].entries[dc-5.b.q2|early].variants[dc-5-b-q2-early-v10].behaviorHint,끝까지 담담하게 말하려 애쓴다.,Tries to speak calmly to the end.,最後まで淡々と話そうとする。,努力平静地说到最后。,"Scripted text channel without party a/b as speaker: system, judge, witness, dossier, mediation, aftermath, and milestone copy."
non_party_scripted_text_src_data_scriptedText_family-01_channels_dossier_.entries_dc-5.b.q2_early_.variants_dc-5-b-q2-early-v10_.text,non_party_scripted_text,src/data/scriptedText,family-01,channels[dossier].entries[dc-5.b.q2|early].variants[dc-5-b-q2-early-v10].text,그 말 앞에서 바로 반박하지 못하겠습니다. 저부터 어머니 뜻을 고친 사람이니까요.,I cannot immediately deny that. I am the one who altered Mother's wishes first.,その言葉の前で、すぐ反論はできません。まず私が母の意思を変えた人間だからです。,面对这句话，我无法立刻反驳。因为首先是我改动了母亲的意愿。,"Scripted text channel without party a/b as speaker: system, judge, witness, dossier, mediation, aftermath, and milestone copy."
non_party_scripted_text_src_data_scriptedText_family-01_channels_dossier_.entries_dc-5.b.q2_early_.variants_dc-5-b-q2-early-v2_.behaviorHint,non_party_scripted_text,src/data/scriptedText,family-01,channels[dossier].entries[dc-5.b.q2|early].variants[dc-5-b-q2-early-v2].behaviorHint,낮은 목소리로 인정 범위를 먼저 자른다.,"In a low voice, first limits the scope of admission.",低い声で、まず認める範囲を切る。,用低声先限定承认范围。,"Scripted text channel without party a/b as speaker: system, judge, witness, dossier, mediation, aftermath, and milestone copy."
non_party_scripted_text_src_data_scriptedText_family-01_channels_dossier_.entries_dc-5.b.q2_early_.variants_dc-5-b-q2-early-v2_.text,non_party_scripted_text,src/data/scriptedText,family-01,channels[dossier].entries[dc-5.b.q2|early].variants[dc-5-b-q2-early-v2].text,"저는 어머니를 지킨다고 생각했지만, 사실은 제 판단을 앞세운 부분이 있습니다.","I thought I was protecting Mother, but in truth there were parts where I put my own judgment first.",私は母を守っていると思っていましたが、実際には自分の判断を前に出した部分があります。,我以为自己是在保护母亲，但实际上有些部分是我把自己的判断放在了前面。,"Scripted text channel without party a/b as speaker: system, judge, witness, dossier, mediation, aftermath, and milestone copy."
non_party_scripted_text_src_data_scriptedText_family-01_channels_dossier_.entries_dc-5.b.q2_early_.variants_dc-5-b-q2-early-v3_.behaviorHint,non_party_scripted_text,src/data/scriptedText,family-01,channels[dossier].entries[dc-5.b.q2|early].variants[dc-5-b-q2-early-v3].behaviorHint,시선을 오래 피하지 않지만 말끝은 닫는다.,"Does not avoid the gaze for long, but closes off the ending.",長く視線を避けはしないが、語尾は閉じる。,没有长久避开视线，但句尾收住。,"Scripted text channel without party a/b as speaker: system, judge, witness, dossier, mediation, aftermath, and milestone copy."
non_party_scripted_text_src_data_scriptedText_family-01_channels_dossier_.entries_dc-5.b.q2_early_.variants_dc-5-b-q2-early-v3_.text,non_party_scripted_text,src/data/scriptedText,family-01,channels[dossier].entries[dc-5.b.q2|early].variants[dc-5-b-q2-early-v3].text,"형은 형의 억울함으로, 저는 제 두려움으로 어머니 뜻을 다르게 읽었습니다.","My brother read Mother's wishes through his grievance, and I read them through my fear.",兄は兄の悔しさで、私は私の恐れで、母の意思を違うように読みました。,哥哥用他的委屈，我用我的恐惧，以不同方式解读了母亲的意愿。,"Scripted text channel without party a/b as speaker: system, judge, witness, dossier, mediation, aftermath, and milestone copy."
non_party_scripted_text_src_data_scriptedText_family-01_channels_dossier_.entries_dc-5.b.q2_early_.variants_dc-5-b-q2-early-v4_.behaviorHint,non_party_scripted_text,src/data/scriptedText,family-01,channels[dossier].entries[dc-5.b.q2|early].variants[dc-5-b-q2-early-v4].behaviorHint,손가락을 포개 쥔 채 조심스럽게 답한다.,Answers carefully with his fingers folded together.,指を重ねて握ったまま慎重に答える。,手指交叠握着，小心回答。,"Scripted text channel without party a/b as speaker: system, judge, witness, dossier, mediation, aftermath, and milestone copy."
non_party_scripted_text_src_data_scriptedText_family-01_channels_dossier_.entries_dc-5.b.q2_early_.variants_dc-5-b-q2-early-v4_.text,non_party_scripted_text,src/data/scriptedText,family-01,channels[dossier].entries[dc-5.b.q2|early].variants[dc-5-b-q2-early-v4].text,"재판관님, 둘 다 어머니를 있는 그대로 두지 못했다는 말은 무겁지만 피하기 어렵습니다.","Your Honor, saying that neither of us left Mother as she was is heavy, but hard to avoid.",裁判官、二人とも母をありのままにはしておけなかったという言葉は重いですが、避けにくいです。,法官，说我们两人都没能让母亲保持原样，这句话很重，但难以回避。,"Scripted text channel without party a/b as speaker: system, judge, witness, dossier, mediation, aftermath, and milestone copy."
non_party_scripted_text_src_data_scriptedText_family-01_channels_dossier_.entries_dc-5.b.q2_early_.variants_dc-5-b-q2-early-v5_.behaviorHint,non_party_scripted_text,src/data/scriptedText,family-01,channels[dossier].entries[dc-5.b.q2|early].variants[dc-5-b-q2-early-v5].behaviorHint,숨을 고른 뒤 핵심 단어만 피해 간다.,"Catches his breath, then avoids only the key word.",息を整えた後、核心の言葉だけを避ける。,调整呼吸后，只避开核心词。,"Scripted text channel without party a/b as speaker: system, judge, witness, dossier, mediation, aftermath, and milestone copy."
non_party_scripted_text_src_data_scriptedText_family-01_channels_dossier_.entries_dc-5.b.q2_early_.variants_dc-5-b-q2-early-v5_.text,non_party_scripted_text,src/data/scriptedText,family-01,channels[dossier].entries[dc-5.b.q2|early].variants[dc-5-b-q2-early-v5].text,저는 형을 막으려 했고 형은 자기 몫을 붙잡았습니다. 그 사이에서 어머니 뜻이 흔들렸습니다.,"I tried to block my brother, and my brother clung to his share. Between us, Mother's wishes were shaken.",私は兄を止めようとし、兄は自分の取り分を握りました。その間で母の意思が揺れました。,我试图挡住哥哥，哥哥则抓住自己的份额。在我们之间，母亲的意愿被动摇了。,"Scripted text channel without party a/b as speaker: system, judge, witness, dossier, mediation, aftermath, and milestone copy."
non_party_scripted_text_src_data_scriptedText_family-01_channels_dossier_.entries_dc-5.b.q2_early_.variants_dc-5-b-q2-early-v6_.behaviorHint,non_party_scripted_text,src/data/scriptedText,family-01,channels[dossier].entries[dc-5.b.q2|early].variants[dc-5-b-q2-early-v6].behaviorHint,턱이 굳지만 목소리는 평평하게 유지한다.,"His jaw tightens, but his voice stays even.",顎はこわばるが、声は平らに保つ。,下颌绷紧，但声音保持平稳。,"Scripted text channel without party a/b as speaker: system, judge, witness, dossier, mediation, aftermath, and milestone copy."
non_party_scripted_text_src_data_scriptedText_family-01_channels_dossier_.entries_dc-5.b.q2_early_.variants_dc-5-b-q2-early-v6_.text,non_party_scripted_text,src/data/scriptedText,family-01,channels[dossier].entries[dc-5.b.q2|early].variants[dc-5-b-q2-early-v6].text,제가 모든 책임을 혼자 진다고 해도 형의 당연시가 사라지는 건 아닙니다.,"Even if I take all responsibility alone, my brother's assumption of entitlement does not disappear.",私がすべての責任を一人で負うとしても、兄の当然視が消えるわけではありません。,即使我一个人承担所有责任，哥哥的理所当然也不会消失。,"Scripted text channel without party a/b as speaker: system, judge, witness, dossier, mediation, aftermath, and milestone copy."
non_party_scripted_text_src_data_scriptedText_family-01_channels_dossier_.entries_dc-5.b.q2_early_.variants_dc-5-b-q2-early-v7_.behaviorHint,non_party_scripted_text,src/data/scriptedText,family-01,channels[dossier].entries[dc-5.b.q2|early].variants[dc-5-b-q2-early-v7].behaviorHint,짧게 고개를 끄덕이고 다시 선을 긋는다.,Gives a small nod and draws the line again.,短くうなずき、また線を引く。,短促点头后，再次划清界线。,"Scripted text channel without party a/b as speaker: system, judge, witness, dossier, mediation, aftermath, and milestone copy."
non_party_scripted_text_src_data_scriptedText_family-01_channels_dossier_.entries_dc-5.b.q2_early_.variants_dc-5-b-q2-early-v7_.text,non_party_scripted_text,src/data/scriptedText,family-01,channels[dossier].entries[dc-5.b.q2|early].variants[dc-5-b-q2-early-v7].text,형도 상처가 있었고 저도 두려움이 있었습니다. 둘 다 그 감정으로 어머니를 보았습니다.,"My brother had hurt, and I had fear. Both of us looked at Mother through those feelings.",兄には傷があり、私には恐れがありました。二人ともその感情で母を見ました。,哥哥有伤，我有恐惧。我们都透过这些情绪看母亲。,"Scripted text channel without party a/b as speaker: system, judge, witness, dossier, mediation, aftermath, and milestone copy."
non_party_scripted_text_src_data_scriptedText_family-01_channels_dossier_.entries_dc-5.b.q2_early_.variants_dc-5-b-q2-early-v8_.behaviorHint,non_party_scripted_text,src/data/scriptedText,family-01,channels[dossier].entries[dc-5.b.q2|early].variants[dc-5-b-q2-early-v8].behaviorHint,입술을 누른 뒤 필요한 사실만 꺼낸다.,"Presses his lips, then gives only the necessary facts.",唇を押さえた後、必要な事実だけを出す。,抿住嘴唇后，只说必要事实。,"Scripted text channel without party a/b as speaker: system, judge, witness, dossier, mediation, aftermath, and milestone copy."
non_party_scripted_text_src_data_scriptedText_family-01_channels_dossier_.entries_dc-5.b.q2_early_.variants_dc-5-b-q2-early-v8_.text,non_party_scripted_text,src/data/scriptedText,family-01,channels[dossier].entries[dc-5.b.q2|early].variants[dc-5-b-q2-early-v8].text,"아직 한 문장으로 정리하긴 어렵지만, 어머니 뜻을 있는 그대로 둔 사람은 없었습니다.","It is still hard to put in one sentence, but no one left Mother's wishes untouched.",まだ一文で整理するのは難しいですが、母の意思をそのままにした人はいませんでした。,现在还很难用一句话整理，但没有人让母亲的意愿保持原样。,"Scripted text channel without party a/b as speaker: system, judge, witness, dossier, mediation, aftermath, and milestone copy."
non_party_scripted_text_src_data_scriptedText_family-01_channels_dossier_.entries_dc-5.b.q2_early_.variants_dc-5-b-q2-early-v9_.behaviorHint,non_party_scripted_text,src/data/scriptedText,family-01,channels[dossier].entries[dc-5.b.q2|early].variants[dc-5-b-q2-early-v9].behaviorHint,감정은 누르고 문장 사이를 길게 둔다.,Suppresses emotion and leaves long gaps between sentences.,感情を抑え、文と文の間を長く取る。,压住情绪，在句子之间留出长停顿。,"Scripted text channel without party a/b as speaker: system, judge, witness, dossier, mediation, aftermath, and milestone copy."
non_party_scripted_text_src_data_scriptedText_family-01_channels_dossier_.entries_dc-5.b.q2_early_.variants_dc-5-b-q2-early-v9_.text,non_party_scripted_text,src/data/scriptedText,family-01,channels[dossier].entries[dc-5.b.q2|early].variants[dc-5-b-q2-early-v9].text,저는 지키려 했다고 말했고 형은 돌봤다고 말했습니다. 둘 다 어머니를 자기 말 안에 넣었습니다.,"I said I was protecting her, and my brother said he cared for her. Both of us put Mother inside our own words.",私は守ろうとしたと言い、兄は介護したと言いました。二人とも母を自分の言葉の中に入れました。,我说自己是在保护，哥哥说自己照顾过。我们两人都把母亲放进了自己的话里。,"Scripted text channel without party a/b as speaker: system, judge, witness, dossier, mediation, aftermath, and milestone copy."
non_party_scripted_text_src_data_scriptedText_family-01_channels_dossier_.entries_dc-5.b.q2_late_.variants_dc-5-b-q2-late-v1_.behaviorHint,non_party_scripted_text,src/data/scriptedText,family-01,channels[dossier].entries[dc-5.b.q2|late].variants[dc-5-b-q2-late-v1].behaviorHint,눈을 한 번 감았다 뜨고 낮게 고백한다.,"Closes his eyes once, opens them, and confesses quietly.",一度目を閉じて開き、低く告白する。,闭眼又睁开，低声坦白。,"Scripted text channel without party a/b as speaker: system, judge, witness, dossier, mediation, aftermath, and milestone copy."
non_party_scripted_text_src_data_scriptedText_family-01_channels_dossier_.entries_dc-5.b.q2_late_.variants_dc-5-b-q2-late-v1_.text,non_party_scripted_text,src/data/scriptedText,family-01,channels[dossier].entries[dc-5.b.q2|late].variants[dc-5-b-q2-late-v1].text,"인정합니다. 형도 저도 어머니를 있는 그대로 두지 못했고, 어머니 뜻은 우리 손에서 두 번 왜곡됐습니다.","I admit it. Neither my brother nor I left Mother as she was, and Mother's wishes were distorted twice in our hands.",認めます。兄も私も母をありのままにはしておけず、母の意思は私たちの手で二度ゆがみました。,我承认。哥哥和我都没能让母亲保持原样，母亲的意愿在我们手中被扭曲了两次。,"Scripted text channel without party a/b as speaker: system, judge, witness, dossier, mediation, aftermath, and milestone copy."
non_party_scripted_text_src_data_scriptedText_family-01_channels_dossier_.entries_dc-5.b.q2_late_.variants_dc-5-b-q2-late-v10_.behaviorHint,non_party_scripted_text,src/data/scriptedText,family-01,channels[dossier].entries[dc-5.b.q2|late].variants[dc-5-b-q2-late-v10].behaviorHint,고개를 숙인 채 변명보다 책임을 앞세운다.,"With head lowered, puts responsibility before excuses.",頭を下げたまま、言い訳より責任を先に出す。,低着头，把责任放在辩解之前。,"Scripted text channel without party a/b as speaker: system, judge, witness, dossier, mediation, aftermath, and milestone copy."
non_party_scripted_text_src_data_scriptedText_family-01_channels_dossier_.entries_dc-5.b.q2_late_.variants_dc-5-b-q2-late-v10_.text,non_party_scripted_text,src/data/scriptedText,family-01,channels[dossier].entries[dc-5.b.q2|late].variants[dc-5-b-q2-late-v10].text,이제는 인정하겠습니다. 우리 둘 모두 어머니의 마지막 뜻보다 각자의 두려움을 먼저 붙잡았습니다.,I will admit it now. Both of us held on to our own fears before Mother's final wishes.,今は認めます。私たち二人とも、母の最後の意思より各自の恐れを先につかみました。,现在我承认。我们两个人都把各自的恐惧放在了母亲最后的意愿之前。,"Scripted text channel without party a/b as speaker: system, judge, witness, dossier, mediation, aftermath, and milestone copy."
non_party_scripted_text_src_data_scriptedText_family-01_channels_dossier_.entries_dc-5.b.q2_late_.variants_dc-5-b-q2-late-v2_.behaviorHint,non_party_scripted_text,src/data/scriptedText,family-01,channels[dossier].entries[dc-5.b.q2|late].variants[dc-5-b-q2-late-v2].behaviorHint,목소리가 마지막 문장에서 미세하게 갈라진다.,His voice cracks faintly in the final sentence.,最後の文で声がかすかに割れる。,声音在最后一句微微发颤。,"Scripted text channel without party a/b as speaker: system, judge, witness, dossier, mediation, aftermath, and milestone copy."
non_party_scripted_text_src_data_scriptedText_family-01_channels_dossier_.entries_dc-5.b.q2_late_.variants_dc-5-b-q2-late-v2_.text,non_party_scripted_text,src/data/scriptedText,family-01,channels[dossier].entries[dc-5.b.q2|late].variants[dc-5-b-q2-late-v2].text,"재판관님, 형은 장남의 권리로 어머니를 읽었고 저는 지키겠다는 명분으로 어머니 뜻을 고쳤습니다.","Your Honor, my brother read Mother through the right of eldest son, and I changed Mother's wishes under the excuse of protection.",裁判官、兄は長男の権利で母を読み、私は守るという名分で母の意思を変えました。,法官，哥哥用长子的权利解读母亲，而我以保护为名改变了母亲的意愿。,"Scripted text channel without party a/b as speaker: system, judge, witness, dossier, mediation, aftermath, and milestone copy."
non_party_scripted_text_src_data_scriptedText_family-01_channels_dossier_.entries_dc-5.b.q2_late_.variants_dc-5-b-q2-late-v3_.behaviorHint,non_party_scripted_text,src/data/scriptedText,family-01,channels[dossier].entries[dc-5.b.q2|late].variants[dc-5-b-q2-late-v3].behaviorHint,담담한 표정이 무너지지 않지만 숨이 길어진다.,"His calm expression does not break, but his breathing lengthens.",淡々とした表情は崩れないが、息が長くなる。,平静表情没有崩塌，但呼吸变长。,"Scripted text channel without party a/b as speaker: system, judge, witness, dossier, mediation, aftermath, and milestone copy."
non_party_scripted_text_src_data_scriptedText_family-01_channels_dossier_.entries_dc-5.b.q2_late_.variants_dc-5-b-q2-late-v3_.text,non_party_scripted_text,src/data/scriptedText,family-01,channels[dossier].entries[dc-5.b.q2|late].variants[dc-5-b-q2-late-v3].text,"둘 다 어머니를 사랑한다고 말했지만, 결국 각자의 두려움을 어머니 뜻 위에 올렸습니다.","We both said we loved Mother, but in the end we placed our own fears on top of her wishes.",二人とも母を愛していると言いましたが、結局それぞれの恐れを母の意思の上に置きました。,我们都说爱母亲，但最终都把各自的恐惧放到了母亲意愿之上。,"Scripted text channel without party a/b as speaker: system, judge, witness, dossier, mediation, aftermath, and milestone copy."
non_party_scripted_text_src_data_scriptedText_family-01_channels_dossier_.entries_dc-5.b.q2_late_.variants_dc-5-b-q2-late-v4_.behaviorHint,non_party_scripted_text,src/data/scriptedText,family-01,channels[dossier].entries[dc-5.b.q2|late].variants[dc-5-b-q2-late-v4].behaviorHint,더 숨기지 않겠다는 듯 문장을 끝까지 잇는다.,Carries the sentence to the end as if he will hide no more.,これ以上隠さないというように、文を最後までつなぐ。,像是不再隐瞒一样，把句子说到最后。,"Scripted text channel without party a/b as speaker: system, judge, witness, dossier, mediation, aftermath, and milestone copy."
non_party_scripted_text_src_data_scriptedText_family-01_channels_dossier_.entries_dc-5.b.q2_late_.variants_dc-5-b-q2-late-v4_.text,non_party_scripted_text,src/data/scriptedText,family-01,channels[dossier].entries[dc-5.b.q2|late].variants[dc-5-b-q2-late-v4].text,"저는 형을 지킨다는 말로 어머니의 처음 적힌 비율을 바꿨고, 형은 돌봄의 시간으로 더 받을 권리를 믿었습니다.","I changed Mother's first written ratio in the name of protecting my brother, and my brother believed his years of care entitled him to more.",私は兄を守るという言葉で母が最初に書いた比率を変え、兄は介護した時間でより受け取る権利を信じました。,我以保护哥哥为名改变了母亲最初写下的比例，哥哥则因为照顾的时间相信自己有权多拿。,"Scripted text channel without party a/b as speaker: system, judge, witness, dossier, mediation, aftermath, and milestone copy."
non_party_scripted_text_src_data_scriptedText_family-01_channels_dossier_.entries_dc-5.b.q2_late_.variants_dc-5-b-q2-late-v5_.behaviorHint,non_party_scripted_text,src/data/scriptedText,family-01,channels[dossier].entries[dc-5.b.q2|late].variants[dc-5-b-q2-late-v5].behaviorHint,형 쪽을 보지 못한 채 책임을 인정한다.,Admits responsibility without being able to look toward his brother.,兄の方を見られないまま責任を認める。,无法看向哥哥，却承认责任。,"Scripted text channel without party a/b as speaker: system, judge, witness, dossier, mediation, aftermath, and milestone copy."
non_party_scripted_text_src_data_scriptedText_family-01_channels_dossier_.entries_dc-5.b.q2_late_.variants_dc-5-b-q2-late-v5_.text,non_party_scripted_text,src/data/scriptedText,family-01,channels[dossier].entries[dc-5.b.q2|late].variants[dc-5-b-q2-late-v5].text,이 사건은 누가 더 나쁜가만의 문제가 아닙니다. 둘 다 어머니 뜻을 자기 방식으로 다룬 문제입니다.,This case is not only about who was worse. It is about both of us handling Mother's wishes in our own ways.,この事件は、誰がより悪いかだけの問題ではありません。二人とも母の意思を自分のやり方で扱った問題です。,这起案件不只是看谁更坏。问题在于我们两人都以自己的方式处理了母亲的意愿。,"Scripted text channel without party a/b as speaker: system, judge, witness, dossier, mediation, aftermath, and milestone copy."
non_party_scripted_text_src_data_scriptedText_family-01_channels_dossier_.entries_dc-5.b.q2_late_.variants_dc-5-b-q2-late-v6_.behaviorHint,non_party_scripted_text,src/data/scriptedText,family-01,channels[dossier].entries[dc-5.b.q2|late].variants[dc-5-b-q2-late-v6].behaviorHint,서류에서 손을 떼고 재판관을 똑바로 본다.,Takes his hands off the document and looks straight at the Judge.,書類から手を離し、裁判官をまっすぐ見る。,把手从文件上移开，直视法官。,"Scripted text channel without party a/b as speaker: system, judge, witness, dossier, mediation, aftermath, and milestone copy."
non_party_scripted_text_src_data_scriptedText_family-01_channels_dossier_.entries_dc-5.b.q2_late_.variants_dc-5-b-q2-late-v6_.text,non_party_scripted_text,src/data/scriptedText,family-01,channels[dossier].entries[dc-5.b.q2|late].variants[dc-5-b-q2-late-v6].text,"저는 어머니 뜻을 법적으로 훼손했고, 형은 그 뜻을 자기 상처의 기준으로만 봤습니다.","I damaged Mother's wishes legally, and my brother saw those wishes only through the standard of his own hurt.",私は母の意思を法的に損ない、兄はその意思を自分の傷の基準でだけ見ました。,我在法律上损害了母亲的意愿，哥哥则只用自己受伤的标准来看待那份意愿。,"Scripted text channel without party a/b as speaker: system, judge, witness, dossier, mediation, aftermath, and milestone copy."
non_party_scripted_text_src_data_scriptedText_family-01_channels_dossier_.entries_dc-5.b.q2_late_.variants_dc-5-b-q2-late-v7_.behaviorHint,non_party_scripted_text,src/data/scriptedText,family-01,channels[dossier].entries[dc-5.b.q2|late].variants[dc-5-b-q2-late-v7].behaviorHint,오래 참은 말을 한꺼번에 꺼내듯 이어 간다.,Continues as if releasing words long held back.,長くこらえていた言葉を一気に出すように続ける。,像一下说出压抑已久的话一样继续。,"Scripted text channel without party a/b as speaker: system, judge, witness, dossier, mediation, aftermath, and milestone copy."
non_party_scripted_text_src_data_scriptedText_family-01_channels_dossier_.entries_dc-5.b.q2_late_.variants_dc-5-b-q2-late-v7_.text,non_party_scripted_text,src/data/scriptedText,family-01,channels[dossier].entries[dc-5.b.q2|late].variants[dc-5-b-q2-late-v7].text,"재판관님, 제가 한 일은 명확한 잘못이고, 형의 마음도 어머니 뜻을 있는 그대로 보지 못했습니다.","Your Honor, what I did is clearly wrong, and my brother's heart also failed to see Mother's wishes as they were.",裁判官、私がしたことは明確な誤りであり、兄の心も母の意思をありのまま見ることができませんでした。,法官，我做的事是明确的错误，哥哥的心也没能如实看见母亲的意愿。,"Scripted text channel without party a/b as speaker: system, judge, witness, dossier, mediation, aftermath, and milestone copy."
non_party_scripted_text_src_data_scriptedText_family-01_channels_dossier_.entries_dc-5.b.q2_late_.variants_dc-5-b-q2-late-v8_.behaviorHint,non_party_scripted_text,src/data/scriptedText,family-01,channels[dossier].entries[dc-5.b.q2|late].variants[dc-5-b-q2-late-v8].behaviorHint,말끝이 낮아지지만 핵심은 흐리지 않는다.,"His ending falls low, but the core does not blur.",語尾は低くなるが、核心はぼかさない。,句尾低下，但核心不模糊。,"Scripted text channel without party a/b as speaker: system, judge, witness, dossier, mediation, aftermath, and milestone copy."
non_party_scripted_text_src_data_scriptedText_family-01_channels_dossier_.entries_dc-5.b.q2_late_.variants_dc-5-b-q2-late-v8_.text,non_party_scripted_text,src/data/scriptedText,family-01,channels[dossier].entries[dc-5.b.q2|late].variants[dc-5-b-q2-late-v8].text,어머니가 남긴 말은 우리 둘 사이에서 증거와 방패가 됐습니다. 그게 가장 아픈 부분입니다.,Mother's words became both evidence and a shield between us. That is the most painful part.,母が残した言葉は、私たちの間で証拠にも盾にもなりました。それが一番痛い部分です。,母亲留下的话在我们之间既成了证据，也成了盾牌。这是最痛的部分。,"Scripted text channel without party a/b as speaker: system, judge, witness, dossier, mediation, aftermath, and milestone copy."
non_party_scripted_text_src_data_scriptedText_family-01_channels_dossier_.entries_dc-5.b.q2_late_.variants_dc-5-b-q2-late-v9_.behaviorHint,non_party_scripted_text,src/data/scriptedText,family-01,channels[dossier].entries[dc-5.b.q2|late].variants[dc-5-b-q2-late-v9].behaviorHint,침묵 뒤에 가장 무거운 사실을 놓는다.,"After a silence, places the heaviest fact on the record.",沈黙の後、最も重い事実を置く。,沉默之后说出最沉重的事实。,"Scripted text channel without party a/b as speaker: system, judge, witness, dossier, mediation, aftermath, and milestone copy."
non_party_scripted_text_src_data_scriptedText_family-01_channels_dossier_.entries_dc-5.b.q2_late_.variants_dc-5-b-q2-late-v9_.text,non_party_scripted_text,src/data/scriptedText,family-01,channels[dossier].entries[dc-5.b.q2|late].variants[dc-5-b-q2-late-v9].text,형을 탓하며 숨고 싶지 않습니다. 저도 어머니를 지킨다는 명분 안에 가둔 사람입니다.,I do not want to hide behind blaming my brother. I am also someone who trapped Mother inside the excuse of protection.,兄を責めて隠れたいとは思いません。私も母を守るという名分の中に閉じ込めた人間です。,我不想躲在责怪哥哥后面。我也是把母亲困在保护名义里的人。,"Scripted text channel without party a/b as speaker: system, judge, witness, dossier, mediation, aftermath, and milestone copy."
non_party_scripted_text_src_data_scriptedText_family-01_channels_dossier_.entries_dc-5.b.q2_mid_.variants_dc-5-b-q2-mid-v1_.behaviorHint,non_party_scripted_text,src/data/scriptedText,family-01,channels[dossier].entries[dc-5.b.q2|mid].variants[dc-5-b-q2-mid-v1].behaviorHint,말을 고르다 한 번 숨을 길게 내쉰다.,"Chooses his words, then lets out one long breath.",言葉を選び、一度長く息を吐く。,斟酌措辞后长长呼出一口气。,"Scripted text channel without party a/b as speaker: system, judge, witness, dossier, mediation, aftermath, and milestone copy."
non_party_scripted_text_src_data_scriptedText_family-01_channels_dossier_.entries_dc-5.b.q2_mid_.variants_dc-5-b-q2-mid-v1_.text,non_party_scripted_text,src/data/scriptedText,family-01,channels[dossier].entries[dc-5.b.q2|mid].variants[dc-5-b-q2-mid-v1].text,"인정합니다. 형은 장남이라는 마음으로, 저는 지키겠다는 명분으로 어머니 뜻을 각자 비틀었습니다.","I admit it. My brother twisted Mother's wishes through the heart of eldest son, and I twisted them through the excuse of protection.",認めます。兄は長男という心で、私は守るという名分で、母の意思をそれぞれねじ曲げました。,我承认。哥哥以长子的心态，我以保护的名义，各自扭曲了母亲的意愿。,"Scripted text channel without party a/b as speaker: system, judge, witness, dossier, mediation, aftermath, and milestone copy."
non_party_scripted_text_src_data_scriptedText_family-01_channels_dossier_.entries_dc-5.b.q2_mid_.variants_dc-5-b-q2-mid-v10_.behaviorHint,non_party_scripted_text,src/data/scriptedText,family-01,channels[dossier].entries[dc-5.b.q2|mid].variants[dc-5-b-q2-mid-v10].behaviorHint,흔들림을 숨기려 자세를 곧게 세운다.,Straightens his posture to hide his wavering.,揺らぎを隠すように姿勢を正す。,挺直姿势，试图掩饰动摇。,"Scripted text channel without party a/b as speaker: system, judge, witness, dossier, mediation, aftermath, and milestone copy."
non_party_scripted_text_src_data_scriptedText_family-01_channels_dossier_.entries_dc-5.b.q2_mid_.variants_dc-5-b-q2-mid-v10_.text,non_party_scripted_text,src/data/scriptedText,family-01,channels[dossier].entries[dc-5.b.q2|mid].variants[dc-5-b-q2-mid-v10].text,"어머니를 지킨다고 말했지만, 사실 저는 어머니 뜻을 제가 감당할 수 있는 형태로 고쳤습니다.","I said I was protecting Mother, but in truth I changed her wishes into a form I could bear.",母を守ると言いましたが、実際には母の意思を私が耐えられる形に変えました。,我说是在保护母亲，但实际上是把母亲的意愿改成了我能承受的形式。,"Scripted text channel without party a/b as speaker: system, judge, witness, dossier, mediation, aftermath, and milestone copy."
non_party_scripted_text_src_data_scriptedText_family-01_channels_dossier_.entries_dc-5.b.q2_mid_.variants_dc-5-b-q2-mid-v2_.behaviorHint,non_party_scripted_text,src/data/scriptedText,family-01,channels[dossier].entries[dc-5.b.q2|mid].variants[dc-5-b-q2-mid-v2].behaviorHint,책상 모서리를 천천히 문지르며 답한다.,Answers while slowly rubbing the edge of the desk.,机の角をゆっくりなでながら答える。,一边慢慢摩挲桌角一边回答。,"Scripted text channel without party a/b as speaker: system, judge, witness, dossier, mediation, aftermath, and milestone copy."
non_party_scripted_text_src_data_scriptedText_family-01_channels_dossier_.entries_dc-5.b.q2_mid_.variants_dc-5-b-q2-mid-v2_.text,non_party_scripted_text,src/data/scriptedText,family-01,channels[dossier].entries[dc-5.b.q2|mid].variants[dc-5-b-q2-mid-v2].text,형만 어머니를 이용한 것도 아니고 저만 희생한 것도 아닙니다. 둘 다 자기 방식으로 붙잡았습니다.,"It was not only my brother who used Mother, and it was not only I who sacrificed. We both held on in our own ways.",兄だけが母を利用したわけでも、私だけが犠牲になったわけでもありません。二人とも自分のやり方で握りました。,不是只有哥哥利用了母亲，也不是只有我作了牺牲。我们都用自己的方式抓住了她。,"Scripted text channel without party a/b as speaker: system, judge, witness, dossier, mediation, aftermath, and milestone copy."
non_party_scripted_text_src_data_scriptedText_family-01_channels_dossier_.entries_dc-5.b.q2_mid_.variants_dc-5-b-q2-mid-v3_.behaviorHint,non_party_scripted_text,src/data/scriptedText,family-01,channels[dossier].entries[dc-5.b.q2|mid].variants[dc-5-b-q2-mid-v3].behaviorHint,핵심에 이르면 시선을 피하지 않는다.,Does not avert his eyes when he reaches the key point.,核心に至ると視線をそらさない。,说到核心时不回避视线。,"Scripted text channel without party a/b as speaker: system, judge, witness, dossier, mediation, aftermath, and milestone copy."
non_party_scripted_text_src_data_scriptedText_family-01_channels_dossier_.entries_dc-5.b.q2_mid_.variants_dc-5-b-q2-mid-v3_.text,non_party_scripted_text,src/data/scriptedText,family-01,channels[dossier].entries[dc-5.b.q2|mid].variants[dc-5-b-q2-mid-v3].text,"재판관님, 형은 몫을 당연시했고 저는 뜻을 고쳤습니다. 어느 쪽도 온전하지 않았습니다.","Your Honor, my brother took his share for granted, and I changed the wishes. Neither side was whole.",裁判官、兄は取り分を当然視し、私は意思を変えました。どちらも完全ではありませんでした。,法官，哥哥把份额当成理所当然，我则改动了意愿。哪一边都不完整。,"Scripted text channel without party a/b as speaker: system, judge, witness, dossier, mediation, aftermath, and milestone copy."
non_party_scripted_text_src_data_scriptedText_family-01_channels_dossier_.entries_dc-5.b.q2_mid_.variants_dc-5-b-q2-mid-v4_.behaviorHint,non_party_scripted_text,src/data/scriptedText,family-01,channels[dossier].entries[dc-5.b.q2|mid].variants[dc-5-b-q2-mid-v4].behaviorHint,낮은 목소리지만 인정 대목은 또렷하다.,"His voice is low, but the admission is clear.",低い声だが、認める部分ははっきりしている。,声音很低，但承认的部分很清楚。,"Scripted text channel without party a/b as speaker: system, judge, witness, dossier, mediation, aftermath, and milestone copy."
non_party_scripted_text_src_data_scriptedText_family-01_channels_dossier_.entries_dc-5.b.q2_mid_.variants_dc-5-b-q2-mid-v4_.text,non_party_scripted_text,src/data/scriptedText,family-01,channels[dossier].entries[dc-5.b.q2|mid].variants[dc-5-b-q2-mid-v4].text,저는 선의를 말하지만 결과적으로 어머니 뜻을 제 손으로 배치했습니다. 형도 자기 상처로 그 뜻을 읽었습니다.,"I speak of good faith, but in the result I arranged Mother's wishes with my own hands. My brother also read those wishes through his hurt.",私は善意を語りますが、結果的に母の意思を自分の手で配置しました。兄も自分の傷でその意思を読みました。,我说的是善意，但结果上是我亲手安排了母亲的意愿。哥哥也用自己的伤来读那份意愿。,"Scripted text channel without party a/b as speaker: system, judge, witness, dossier, mediation, aftermath, and milestone copy."
non_party_scripted_text_src_data_scriptedText_family-01_channels_dossier_.entries_dc-5.b.q2_mid_.variants_dc-5-b-q2-mid-v5_.behaviorHint,non_party_scripted_text,src/data/scriptedText,family-01,channels[dossier].entries[dc-5.b.q2|mid].variants[dc-5-b-q2-mid-v5].behaviorHint,짧게 끊어 말하다가 이유에서 길어진다.,"Speaks in short fragments, then lengthens when giving the reason.",短く切って話し、理由のところで長くなる。,说话短促，到理由处变得更长。,"Scripted text channel without party a/b as speaker: system, judge, witness, dossier, mediation, aftermath, and milestone copy."
non_party_scripted_text_src_data_scriptedText_family-01_channels_dossier_.entries_dc-5.b.q2_mid_.variants_dc-5-b-q2-mid-v5_.text,non_party_scripted_text,src/data/scriptedText,family-01,channels[dossier].entries[dc-5.b.q2|mid].variants[dc-5-b-q2-mid-v5].text,둘 다 어머니를 사랑했다고 말할 수는 있습니다. 하지만 사랑이 뜻을 대신할 수는 없습니다.,We may both say we loved Mother. But love cannot replace her wishes.,二人とも母を愛していたと言うことはできます。しかし、愛が意思の代わりになることはありません。,我们两人都可以说爱母亲。但爱不能代替她的意愿。,"Scripted text channel without party a/b as speaker: system, judge, witness, dossier, mediation, aftermath, and milestone copy."
non_party_scripted_text_src_data_scriptedText_family-01_channels_dossier_.entries_dc-5.b.q2_mid_.variants_dc-5-b-q2-mid-v6_.behaviorHint,non_party_scripted_text,src/data/scriptedText,family-01,channels[dossier].entries[dc-5.b.q2|mid].variants[dc-5-b-q2-mid-v6].behaviorHint,형 쪽을 보려다 다시 재판관을 본다.,"Starts to look toward his brother, then looks back at the Judge.",兄の方を見ようとして、また裁判官を見る。,想看向哥哥，又重新看向法官。,"Scripted text channel without party a/b as speaker: system, judge, witness, dossier, mediation, aftermath, and milestone copy."
non_party_scripted_text_src_data_scriptedText_family-01_channels_dossier_.entries_dc-5.b.q2_mid_.variants_dc-5-b-q2-mid-v6_.text,non_party_scripted_text,src/data/scriptedText,family-01,channels[dossier].entries[dc-5.b.q2|mid].variants[dc-5-b-q2-mid-v6].text,"형은 어머니를 자기 수고의 증거로 봤고, 저는 어머니를 형을 지키는 이유로 삼았습니다.","My brother saw Mother as proof of his labor, and I used Mother as the reason to protect my brother.",兄は母を自分の苦労の証拠として見て、私は母を兄を守る理由にしました。,哥哥把母亲看成自己辛苦的证明，而我把母亲当成保护哥哥的理由。,"Scripted text channel without party a/b as speaker: system, judge, witness, dossier, mediation, aftermath, and milestone copy."
non_party_scripted_text_src_data_scriptedText_family-01_channels_dossier_.entries_dc-5.b.q2_mid_.variants_dc-5-b-q2-mid-v7_.behaviorHint,non_party_scripted_text,src/data/scriptedText,family-01,channels[dossier].entries[dc-5.b.q2|mid].variants[dc-5-b-q2-mid-v7].behaviorHint,감정을 눌러 두며 책임 단어를 피하지 않는다.,Keeps emotion down and does not avoid the word responsibility.,感情を抑えながら、責任という言葉を避けない。,压住情绪，不回避“责任”这个词。,"Scripted text channel without party a/b as speaker: system, judge, witness, dossier, mediation, aftermath, and milestone copy."
non_party_scripted_text_src_data_scriptedText_family-01_channels_dossier_.entries_dc-5.b.q2_mid_.variants_dc-5-b-q2-mid-v7_.text,non_party_scripted_text,src/data/scriptedText,family-01,channels[dossier].entries[dc-5.b.q2|mid].variants[dc-5-b-q2-mid-v7].text,어머니가 남긴 마음은 두 사람의 두려움과 자존심 사이에서 바뀌었습니다.,Mother's remaining heart changed between two people's fear and pride.,母が残した心は、二人の恐れと自尊心の間で変わりました。,母亲留下的心意在两个人的恐惧和自尊之间被改变了。,"Scripted text channel without party a/b as speaker: system, judge, witness, dossier, mediation, aftermath, and milestone copy."
non_party_scripted_text_src_data_scriptedText_family-01_channels_dossier_.entries_dc-5.b.q2_mid_.variants_dc-5-b-q2-mid-v8_.behaviorHint,non_party_scripted_text,src/data/scriptedText,family-01,channels[dossier].entries[dc-5.b.q2|mid].variants[dc-5-b-q2-mid-v8].behaviorHint,문장 끝마다 잠깐 멈추며 범위를 조정한다.,Pauses at the end of each sentence to adjust the scope.,文末ごとに少し止まり、範囲を調整する。,每句话末尾短暂停顿，调整范围。,"Scripted text channel without party a/b as speaker: system, judge, witness, dossier, mediation, aftermath, and milestone copy."
non_party_scripted_text_src_data_scriptedText_family-01_channels_dossier_.entries_dc-5.b.q2_mid_.variants_dc-5-b-q2-mid-v8_.text,non_party_scripted_text,src/data/scriptedText,family-01,channels[dossier].entries[dc-5.b.q2|mid].variants[dc-5-b-q2-mid-v8].text,제가 형을 탓하기만 할 수 없는 이유가 여기에 있습니다. 저도 어머니 뜻을 그대로 두지 못했습니다.,This is why I cannot only blame my brother. I also failed to leave Mother's wishes as they were.,私が兄を責めるだけではいられない理由はここにあります。私も母の意思をそのままにできませんでした。,这就是我不能只责怪哥哥的原因。我也没能让母亲的意愿保持原样。,"Scripted text channel without party a/b as speaker: system, judge, witness, dossier, mediation, aftermath, and milestone copy."
non_party_scripted_text_src_data_scriptedText_family-01_channels_dossier_.entries_dc-5.b.q2_mid_.variants_dc-5-b-q2-mid-v9_.behaviorHint,non_party_scripted_text,src/data/scriptedText,family-01,channels[dossier].entries[dc-5.b.q2|mid].variants[dc-5-b-q2-mid-v9].behaviorHint,기록을 떠올리듯 날짜 대신 순서를 짚는다.,"Traces the sequence rather than dates, as if recalling the record.",記録を思い出すように、日付ではなく順序をたどる。,像回忆记录一样，不说日期而是梳理顺序。,"Scripted text channel without party a/b as speaker: system, judge, witness, dossier, mediation, aftermath, and milestone copy."
non_party_scripted_text_src_data_scriptedText_family-01_channels_dossier_.entries_dc-5.b.q2_mid_.variants_dc-5-b-q2-mid-v9_.text,non_party_scripted_text,src/data/scriptedText,family-01,channels[dossier].entries[dc-5.b.q2|mid].variants[dc-5-b-q2-mid-v9].text,형의 당연시와 제 조작이 서로 다른 방식으로 같은 결과를 냈습니다.,My brother's entitlement and my manipulation led to the same result in different ways.,兄の当然視と私の操作は、違う方法で同じ結果を生みました。,哥哥的理所当然和我的操纵，以不同方式造成了同一个结果。,"Scripted text channel without party a/b as speaker: system, judge, witness, dossier, mediation, aftermath, and milestone copy."
non_party_scripted_text_src_data_scriptedText_family-01_channels_judge_contradiction_.entries_d-1_hard_.variants_judgec-d-1-hard-v1_.behaviorHint,non_party_scripted_text,src/data/scriptedText,family-01,channels[judge_contradiction].entries[d-1|hard].variants[judgec-d-1-hard-v1].behaviorHint,재판관이 책임 회피를 끊고 핵심 답변을 요구한다. 모순을 법정 기록으로 고정하는 톤이다.,The Judge cuts off avoidance of responsibility and demands a key answer. Tone fixes the contradiction in the court record.,裁判官が責任回避を断ち切り、核心の答えを求める。矛盾を法廷記録に固定するトーン。,法官切断逃避责任，要求核心回答。语气将矛盾固定为法庭记录。,"Scripted text channel without party a/b as speaker: system, judge, witness, dossier, mediation, aftermath, and milestone copy."
non_party_scripted_text_src_data_scriptedText_family-01_channels_judge_contradiction_.entries_d-1_hard_.variants_judgec-d-1-hard-v1_.text,non_party_scripted_text,src/data/scriptedText,family-01,channels[judge_contradiction].entries[d-1|hard].variants[judgec-d-1-hard-v1].text,"윤정후 씨, 방문과 낭독을 인정하면서 개입 책임만 피하고 있습니다. 지금 선을 명확히 하십시오.","Mr. Yoon Jeong-hu, you acknowledge the visit and the reading, yet avoid only the responsibility for intervening. Draw the line clearly now.",ユン・ジョンフさん、訪問と読み上げは認めながら、介入の責任だけを避けています。今、その線を明確にしてください。,尹正厚先生，您承认探望和朗读，却只避开介入责任。现在请把界线说清楚。,"Scripted text channel without party a/b as speaker: system, judge, witness, dossier, mediation, aftermath, and milestone copy."
non_party_scripted_text_src_data_scriptedText_family-01_channels_judge_contradiction_.entries_d-1_hard_.variants_judgec-d-1-hard-v2_.behaviorHint,non_party_scripted_text,src/data/scriptedText,family-01,channels[judge_contradiction].entries[d-1|hard].variants[judgec-d-1-hard-v2].behaviorHint,재판관이 책임 회피를 끊고 핵심 답변을 요구한다. 모순을 법정 기록으로 고정하는 톤이다.,The Judge cuts off avoidance of responsibility and demands a key answer. Tone fixes the contradiction in the court record.,裁判官が責任回避を断ち切り、核心の答えを求める。矛盾を法廷記録に固定するトーン。,法官切断逃避责任，要求核心回答。语气将矛盾固定为法庭记录。,"Scripted text channel without party a/b as speaker: system, judge, witness, dossier, mediation, aftermath, and milestone copy."
non_party_scripted_text_src_data_scriptedText_family-01_channels_judge_contradiction_.entries_d-1_hard_.variants_judgec-d-1-hard-v2_.text,non_party_scripted_text,src/data/scriptedText,family-01,channels[judge_contradiction].entries[d-1|hard].variants[judgec-d-1-hard-v2].text,"윤태성 씨, 어머니 상태를 단정했다가 일부 가능성을 인정했습니다. 왜 그렇게 밀어붙였습니까.","Mr. Yoon Tae-seong, you were certain about Mother's condition, then admitted some possibility. Why did you push it that far?",ユン・テソンさん、母の状態を断定しておきながら、一部の可能性は認めました。なぜそこまで押し通したのですか。,尹泰成先生，您先断定母亲的状态，随后又承认部分可能性。为什么要那样强推？,"Scripted text channel without party a/b as speaker: system, judge, witness, dossier, mediation, aftermath, and milestone copy."
non_party_scripted_text_src_data_scriptedText_family-01_channels_judge_contradiction_.entries_d-1_hard_.variants_judgec-d-1-hard-v3_.behaviorHint,non_party_scripted_text,src/data/scriptedText,family-01,channels[judge_contradiction].entries[d-1|hard].variants[judgec-d-1-hard-v3].behaviorHint,재판관이 책임 회피를 끊고 핵심 답변을 요구한다. 모순을 법정 기록으로 고정하는 톤이다.,The Judge cuts off avoidance of responsibility and demands a key answer. Tone fixes the contradiction in the court record.,裁判官が責任回避を断ち切り、核心の答えを求める。矛盾を法廷記録に固定するトーン。,法官切断逃避责任，要求核心回答。语气将矛盾固定为法庭记录。,"Scripted text channel without party a/b as speaker: system, judge, witness, dossier, mediation, aftermath, and milestone copy."
non_party_scripted_text_src_data_scriptedText_family-01_channels_judge_contradiction_.entries_d-1_hard_.variants_judgec-d-1-hard-v3_.text,non_party_scripted_text,src/data/scriptedText,family-01,channels[judge_contradiction].entries[d-1|hard].variants[judgec-d-1-hard-v3].text,"윤정후 씨, 절차에 들어갔는지 아닌지 더 밝혀 주십시오. 본인 행동을 차분히 말씀해 주십시오.","Mr. Yoon Jeong-hu, clarify whether this had entered a procedure or not. Speak calmly about your own actions.",ユン・ジョンフさん、手続きに入っていたのかどうか、さらに明らかにしてください。ご自身の行動を落ち着いて話してください。,尹正厚先生，请进一步说明这是否已经进入程序。请冷静说明您自己的行为。,"Scripted text channel without party a/b as speaker: system, judge, witness, dossier, mediation, aftermath, and milestone copy."
non_party_scripted_text_src_data_scriptedText_family-01_channels_judge_contradiction_.entries_d-1_hard_.variants_judgec-d-1-hard-v4_.behaviorHint,non_party_scripted_text,src/data/scriptedText,family-01,channels[judge_contradiction].entries[d-1|hard].variants[judgec-d-1-hard-v4].behaviorHint,재판관이 책임 회피를 끊고 핵심 답변을 요구한다. 모순을 법정 기록으로 고정하는 톤이다.,The Judge cuts off avoidance of responsibility and demands a key answer. Tone fixes the contradiction in the court record.,裁判官が責任回避を断ち切り、核心の答えを求める。矛盾を法廷記録に固定するトーン。,法官切断逃避责任，要求核心回答。语气将矛盾固定为法庭记录。,"Scripted text channel without party a/b as speaker: system, judge, witness, dossier, mediation, aftermath, and milestone copy."
non_party_scripted_text_src_data_scriptedText_family-01_channels_judge_contradiction_.entries_d-1_hard_.variants_judgec-d-1-hard-v4_.text,non_party_scripted_text,src/data/scriptedText,family-01,channels[judge_contradiction].entries[d-1|hard].variants[judgec-d-1-hard-v4].text,두 분 모두 기억을 자기 책임 밖으로 밀고 있습니다. 누가 어떤 말을 했는지 명확히 말씀해 주십시오.,Both of you are pushing the memory outside your own responsibility. State clearly who said what.,お二人とも、記憶を自分の責任の外へ押し出しています。誰が何を言ったのか、明確に話してください。,两位都在把记忆推到自己的责任之外。请明确说明是谁说了什么。,"Scripted text channel without party a/b as speaker: system, judge, witness, dossier, mediation, aftermath, and milestone copy."
non_party_scripted_text_src_data_scriptedText_family-01_channels_judge_contradiction_.entries_d-1_hard_.variants_judgec-d-1-hard-v5_.behaviorHint,non_party_scripted_text,src/data/scriptedText,family-01,channels[judge_contradiction].entries[d-1|hard].variants[judgec-d-1-hard-v5].behaviorHint,재판관이 책임 회피를 끊고 핵심 답변을 요구한다. 모순을 법정 기록으로 고정하는 톤이다.,The Judge cuts off avoidance of responsibility and demands a key answer. Tone fixes the contradiction in the court record.,裁判官が責任回避を断ち切り、核心の答えを求める。矛盾を法廷記録に固定するトーン。,法官切断逃避责任，要求核心回答。语气将矛盾固定为法庭记录。,"Scripted text channel without party a/b as speaker: system, judge, witness, dossier, mediation, aftermath, and milestone copy."
non_party_scripted_text_src_data_scriptedText_family-01_channels_judge_contradiction_.entries_d-1_hard_.variants_judgec-d-1-hard-v5_.text,non_party_scripted_text,src/data/scriptedText,family-01,channels[judge_contradiction].entries[d-1|hard].variants[judgec-d-1-hard-v5].text,"윤정후 씨, 도움이라는 말로 대신 결정한 부분을 덮을 수 없습니다. 어디서 선을 넘었습니까.","Mr. Yoon Jeong-hu, the word ""help"" cannot cover the part where you decided in her place. Where did you cross the line?",ユン・ジョンフさん、「手助け」という言葉で、代わりに決めた部分を覆うことはできません。どこで一線を越えましたか。,尹正厚先生，不能用“帮助”这个词盖过您代为决定的部分。您是在哪里越过界线的？,"Scripted text channel without party a/b as speaker: system, judge, witness, dossier, mediation, aftermath, and milestone copy."
non_party_scripted_text_src_data_scriptedText_family-01_channels_judge_contradiction_.entries_d-1_mid_.variants_judgec-d-1-mid-v1_.behaviorHint,non_party_scripted_text,src/data/scriptedText,family-01,channels[judge_contradiction].entries[d-1|mid].variants[judgec-d-1-mid-v1].behaviorHint,재판관이 달라진 입장을 분명히 짚고 이유를 요구한다. 회피가 길어지지 않게 잡는 톤이다.,The Judge clearly points out the changed position and demands the reason. Tone keeps evasion from dragging on.,裁判官が変わった立場を明確に指摘し、理由を求める。回避が長引かないよう押さえるトーン。,法官明确指出立场变化并要求理由。语气防止回避继续拖延。,"Scripted text channel without party a/b as speaker: system, judge, witness, dossier, mediation, aftermath, and milestone copy."
non_party_scripted_text_src_data_scriptedText_family-01_channels_judge_contradiction_.entries_d-1_mid_.variants_judgec-d-1-mid-v1_.text,non_party_scripted_text,src/data/scriptedText,family-01,channels[judge_contradiction].entries[d-1|mid].variants[judgec-d-1-mid-v1].text,"윤정후 씨, 처음엔 동석에 가까웠지만 지금은 유서 절차에 들어간 셈입니다. 이유를 답해 주십시오.","Mr. Yoon Jeong-hu, at first it sounded close to sitting in, but now it amounts to entering the will procedure. Give the reason.",ユン・ジョンフさん、最初は同席に近い説明でしたが、今は遺言書手続きに入ったことになります。理由を答えてください。,尹正厚先生，起初听起来只是陪同在场，但现在等于是进入了遗嘱程序。请说明理由。,"Scripted text channel without party a/b as speaker: system, judge, witness, dossier, mediation, aftermath, and milestone copy."
non_party_scripted_text_src_data_scriptedText_family-01_channels_judge_contradiction_.entries_d-1_mid_.variants_judgec-d-1-mid-v2_.behaviorHint,non_party_scripted_text,src/data/scriptedText,family-01,channels[judge_contradiction].entries[d-1|mid].variants[judgec-d-1-mid-v2].behaviorHint,재판관이 달라진 입장을 분명히 짚고 이유를 요구한다. 회피가 길어지지 않게 잡는 톤이다.,The Judge clearly points out the changed position and demands the reason. Tone keeps evasion from dragging on.,裁判官が変わった立場を明確に指摘し、理由を求める。回避が長引かないよう押さえるトーン。,法官明确指出立场变化并要求理由。语气防止回避继续拖延。,"Scripted text channel without party a/b as speaker: system, judge, witness, dossier, mediation, aftermath, and milestone copy."
non_party_scripted_text_src_data_scriptedText_family-01_channels_judge_contradiction_.entries_d-1_mid_.variants_judgec-d-1-mid-v2_.text,non_party_scripted_text,src/data/scriptedText,family-01,channels[judge_contradiction].entries[d-1|mid].variants[judgec-d-1-mid-v2].text,"윤태성 씨, 어머니가 전혀 판단 못 했다는 주장을 지금 일부 접고 있습니다. 왜 바뀌었습니까.","Mr. Yoon Tae-seong, you are now partly retreating from the claim that Mother could not judge anything at all. Why did that change?",ユン・テソンさん、母がまったく判断できなかったという主張を、今は一部取り下げています。なぜ変わったのですか。,尹泰成先生，您现在部分收回了“母亲完全无法判断”的主张。为什么会改变？,"Scripted text channel without party a/b as speaker: system, judge, witness, dossier, mediation, aftermath, and milestone copy."
non_party_scripted_text_src_data_scriptedText_family-01_channels_judge_contradiction_.entries_d-1_mid_.variants_judgec-d-1-mid-v3_.behaviorHint,non_party_scripted_text,src/data/scriptedText,family-01,channels[judge_contradiction].entries[d-1|mid].variants[judgec-d-1-mid-v3].behaviorHint,재판관이 달라진 입장을 분명히 짚고 이유를 요구한다. 회피가 길어지지 않게 잡는 톤이다.,The Judge clearly points out the changed position and demands the reason. Tone keeps evasion from dragging on.,裁判官が変わった立場を明確に指摘し、理由を求める。回避が長引かないよう押さえるトーン。,法官明确指出立场变化并要求理由。语气防止回避继续拖延。,"Scripted text channel without party a/b as speaker: system, judge, witness, dossier, mediation, aftermath, and milestone copy."
non_party_scripted_text_src_data_scriptedText_family-01_channels_judge_contradiction_.entries_d-1_mid_.variants_judgec-d-1-mid-v3_.text,non_party_scripted_text,src/data/scriptedText,family-01,channels[judge_contradiction].entries[d-1|mid].variants[judgec-d-1-mid-v3].text,"윤정후 씨, 종이를 읽어드린 사실을 늦게 인정했습니다. 처음부터 말하지 않은 이유가 무엇입니까.","Mr. Yoon Jeong-hu, you admitted late that you read the paper to her. Why did you not say it from the beginning?",ユン・ジョンフさん、紙を読み上げた事実を遅れて認めました。なぜ最初から言わなかったのですか。,尹正厚先生，您很晚才承认曾把纸读给她听。为什么一开始不说？,"Scripted text channel without party a/b as speaker: system, judge, witness, dossier, mediation, aftermath, and milestone copy."
non_party_scripted_text_src_data_scriptedText_family-01_channels_judge_contradiction_.entries_d-1_mid_.variants_judgec-d-1-mid-v4_.behaviorHint,non_party_scripted_text,src/data/scriptedText,family-01,channels[judge_contradiction].entries[d-1|mid].variants[judgec-d-1-mid-v4].behaviorHint,재판관이 달라진 입장을 분명히 짚고 이유를 요구한다. 회피가 길어지지 않게 잡는 톤이다.,The Judge clearly points out the changed position and demands the reason. Tone keeps evasion from dragging on.,裁判官が変わった立場を明確に指摘し、理由を求める。回避が長引かないよう押さえるトーン。,法官明确指出立场变化并要求理由。语气防止回避继续拖延。,"Scripted text channel without party a/b as speaker: system, judge, witness, dossier, mediation, aftermath, and milestone copy."
non_party_scripted_text_src_data_scriptedText_family-01_channels_judge_contradiction_.entries_d-1_mid_.variants_judgec-d-1-mid-v4_.text,non_party_scripted_text,src/data/scriptedText,family-01,channels[judge_contradiction].entries[d-1|mid].variants[judgec-d-1-mid-v4].text,두 분 모두 자기에게 유리한 순간만 붙잡고 있습니다. 판단 능력과 개입 범위를 나누십시오.,Both of you are holding only the moments that favor you. Separate Mother's capacity to judge from the scope of intervention.,お二人とも、自分に有利な瞬間だけをつかんでいます。判断能力と介入の範囲を分けてください。,两位都只抓住对自己有利的片段。请把判断能力和介入范围分开。,"Scripted text channel without party a/b as speaker: system, judge, witness, dossier, mediation, aftermath, and milestone copy."
non_party_scripted_text_src_data_scriptedText_family-01_channels_judge_contradiction_.entries_d-1_mid_.variants_judgec-d-1-mid-v5_.behaviorHint,non_party_scripted_text,src/data/scriptedText,family-01,channels[judge_contradiction].entries[d-1|mid].variants[judgec-d-1-mid-v5].behaviorHint,재판관이 달라진 입장을 분명히 짚고 이유를 요구한다. 회피가 길어지지 않게 잡는 톤이다.,The Judge clearly points out the changed position and demands the reason. Tone keeps evasion from dragging on.,裁判官が変わった立場を明確に指摘し、理由を求める。回避が長引かないよう押さえるトーン。,法官明确指出立场变化并要求理由。语气防止回避继续拖延。,"Scripted text channel without party a/b as speaker: system, judge, witness, dossier, mediation, aftermath, and milestone copy."
non_party_scripted_text_src_data_scriptedText_family-01_channels_judge_contradiction_.entries_d-1_mid_.variants_judgec-d-1-mid-v5_.text,non_party_scripted_text,src/data/scriptedText,family-01,channels[judge_contradiction].entries[d-1|mid].variants[judgec-d-1-mid-v5].text,"윤정후 씨, 윤태성 씨가 오기 전 끝내려 한 말의 의미를 계속 줄이고 있습니다. 차분히 말씀해 주십시오.","Mr. Yoon Jeong-hu, you keep minimizing what it meant to finish before Mr. Yoon Tae-seong arrived. Speak calmly.",ユン・ジョンフさん、ユン・テソンさんが来る前に終えようとした意味を、あなたは小さく見せ続けています。落ち着いて話してください。,尹正厚先生，您一直在淡化“赶在尹泰成先生到来前完成”这件事的含义。请冷静说明。,"Scripted text channel without party a/b as speaker: system, judge, witness, dossier, mediation, aftermath, and milestone copy."
non_party_scripted_text_src_data_scriptedText_family-01_channels_judge_contradiction_.entries_d-1_soft_.variants_judgec-d-1-soft-v1_.behaviorHint,non_party_scripted_text,src/data/scriptedText,family-01,channels[judge_contradiction].entries[d-1|soft].variants[judgec-d-1-soft-v1].behaviorHint,재판관이 말의 결이 달라진 지점을 조용히 짚는다. 스스로 정리할 여지를 남기는 톤이다.,The Judge quietly points out where the texture of the statement changed. Tone leaves room for self-organization.,裁判官が言葉の調子が変わった地点を静かに指摘する。自分で整理する余地を残すトーン。,法官安静指出话语质地发生变化的地方。语气留出自行整理的余地。,"Scripted text channel without party a/b as speaker: system, judge, witness, dossier, mediation, aftermath, and milestone copy."
non_party_scripted_text_src_data_scriptedText_family-01_channels_judge_contradiction_.entries_d-1_soft_.variants_judgec-d-1-soft-v1_.text,non_party_scripted_text,src/data/scriptedText,family-01,channels[judge_contradiction].entries[d-1|soft].variants[judgec-d-1-soft-v1].text,"윤정후 씨, 단순 방문에서 유서 대화 인정으로 입장이 바뀌었습니다. 어디까지가 사실입니까.","Mr. Yoon Jeong-hu, your position has shifted from a simple visit to admitting a conversation about the will. How far is true?",ユン・ジョンフさん、単なる訪問から遺言書の話を認める立場へ変わりました。どこまでが事実ですか。,尹正厚先生，您的说法已从单纯探望变成承认谈过遗嘱。事实到哪里为止？,"Scripted text channel without party a/b as speaker: system, judge, witness, dossier, mediation, aftermath, and milestone copy."
non_party_scripted_text_src_data_scriptedText_family-01_channels_judge_contradiction_.entries_d-1_soft_.variants_judgec-d-1-soft-v2_.behaviorHint,non_party_scripted_text,src/data/scriptedText,family-01,channels[judge_contradiction].entries[d-1|soft].variants[judgec-d-1-soft-v2].behaviorHint,재판관이 말의 결이 달라진 지점을 조용히 짚는다. 스스로 정리할 여지를 남기는 톤이다.,The Judge quietly points out where the texture of the statement changed. Tone leaves room for self-organization.,裁判官が言葉の調子が変わった地点を静かに指摘する。自分で整理する余地を残すトーン。,法官安静指出话语质地发生变化的地方。语气留出自行整理的余地。,"Scripted text channel without party a/b as speaker: system, judge, witness, dossier, mediation, aftermath, and milestone copy."
non_party_scripted_text_src_data_scriptedText_family-01_channels_judge_contradiction_.entries_d-1_soft_.variants_judgec-d-1-soft-v2_.text,non_party_scripted_text,src/data/scriptedText,family-01,channels[judge_contradiction].entries[d-1|soft].variants[judgec-d-1-soft-v2].text,"윤태성 씨, 전면 무효 주장과 일부 의사 인정 사이의 차이를 설명해 주십시오.","Mr. Yoon Tae-seong, explain the difference between claiming total invalidity and acknowledging some intent.",ユン・テソンさん、全面無効の主張と一部の意思を認めることの差を説明してください。,尹泰成先生，请说明“主张全面无效”和“承认部分意愿”之间的差别。,"Scripted text channel without party a/b as speaker: system, judge, witness, dossier, mediation, aftermath, and milestone copy."
non_party_scripted_text_src_data_scriptedText_family-01_channels_judge_contradiction_.entries_d-1_soft_.variants_judgec-d-1-soft-v3_.behaviorHint,non_party_scripted_text,src/data/scriptedText,family-01,channels[judge_contradiction].entries[d-1|soft].variants[judgec-d-1-soft-v3].behaviorHint,재판관이 말의 결이 달라진 지점을 조용히 짚는다. 스스로 정리할 여지를 남기는 톤이다.,The Judge quietly points out where the texture of the statement changed. Tone leaves room for self-organization.,裁判官が言葉の調子が変わった地点を静かに指摘する。自分で整理する余地を残すトーン。,法官安静指出话语质地发生变化的地方。语气留出自行整理的余地。,"Scripted text channel without party a/b as speaker: system, judge, witness, dossier, mediation, aftermath, and milestone copy."
non_party_scripted_text_src_data_scriptedText_family-01_channels_judge_contradiction_.entries_d-1_soft_.variants_judgec-d-1-soft-v3_.text,non_party_scripted_text,src/data/scriptedText,family-01,channels[judge_contradiction].entries[d-1|soft].variants[judgec-d-1-soft-v3].text,"윤정후 씨, 돕기만 했다는 말과 일정까지 챙겼다는 말은 다릅니다. 왜 달라졌습니까.","Mr. Yoon Jeong-hu, merely helping and managing the schedule are different things. Why did your account change?",ユン・ジョンフさん、手伝っただけという話と日程まで管理したという話は違います。なぜ変わったのですか。,尹正厚先生，只是帮忙和连日程都安排，并不是一回事。为什么说法变了？,"Scripted text channel without party a/b as speaker: system, judge, witness, dossier, mediation, aftermath, and milestone copy."
non_party_scripted_text_src_data_scriptedText_family-01_channels_judge_contradiction_.entries_d-1_soft_.variants_judgec-d-1-soft-v4_.behaviorHint,non_party_scripted_text,src/data/scriptedText,family-01,channels[judge_contradiction].entries[d-1|soft].variants[judgec-d-1-soft-v4].behaviorHint,재판관이 말의 결이 달라진 지점을 조용히 짚는다. 스스로 정리할 여지를 남기는 톤이다.,The Judge quietly points out where the texture of the statement changed. Tone leaves room for self-organization.,裁判官が言葉の調子が変わった地点を静かに指摘する。自分で整理する余地を残すトーン。,法官安静指出话语质地发生变化的地方。语气留出自行整理的余地。,"Scripted text channel without party a/b as speaker: system, judge, witness, dossier, mediation, aftermath, and milestone copy."
non_party_scripted_text_src_data_scriptedText_family-01_channels_judge_contradiction_.entries_d-1_soft_.variants_judgec-d-1-soft-v4_.text,non_party_scripted_text,src/data/scriptedText,family-01,channels[judge_contradiction].entries[d-1|soft].variants[judgec-d-1-soft-v4].text,"두 분, 어머니 판단을 두고 각자 말을 좁히고 있습니다. 기준을 명확히 해 주십시오.",Both of you are narrowing your words about Mother's judgment. State the standard clearly.,お二人とも、母の判断をめぐってそれぞれ言葉を狭めています。基準を明確にしてください。,两位都在围绕母亲的判断缩小自己的说法。请把标准说清楚。,"Scripted text channel without party a/b as speaker: system, judge, witness, dossier, mediation, aftermath, and milestone copy."
non_party_scripted_text_src_data_scriptedText_family-01_channels_judge_contradiction_.entries_d-1_soft_.variants_judgec-d-1-soft-v5_.behaviorHint,non_party_scripted_text,src/data/scriptedText,family-01,channels[judge_contradiction].entries[d-1|soft].variants[judgec-d-1-soft-v5].behaviorHint,재판관이 말의 결이 달라진 지점을 조용히 짚는다. 스스로 정리할 여지를 남기는 톤이다.,The Judge quietly points out where the texture of the statement changed. Tone leaves room for self-organization.,裁判官が言葉の調子が変わった地点を静かに指摘する。自分で整理する余地を残すトーン。,法官安静指出话语质地发生变化的地方。语气留出自行整理的余地。,"Scripted text channel without party a/b as speaker: system, judge, witness, dossier, mediation, aftermath, and milestone copy."
non_party_scripted_text_src_data_scriptedText_family-01_channels_judge_contradiction_.entries_d-1_soft_.variants_judgec-d-1-soft-v5_.text,non_party_scripted_text,src/data/scriptedText,family-01,channels[judge_contradiction].entries[d-1|soft].variants[judgec-d-1-soft-v5].text,"윤정후 씨, 방문 기록을 인정한 뒤 개입 의미를 낮추고 있습니다. 어디까지 인정합니까.","Mr. Yoon Jeong-hu, after acknowledging the visit record, you are downplaying what the intervention meant. How much do you admit?",ユン・ジョンフさん、訪問記録を認めた後、介入の意味を軽く見せています。どこまで認めますか。,尹正厚先生，您承认探望记录后，又在降低介入的意义。您承认到什么程度？,"Scripted text channel without party a/b as speaker: system, judge, witness, dossier, mediation, aftermath, and milestone copy."
non_party_scripted_text_src_data_scriptedText_family-01_channels_judge_contradiction_.entries_d-2_hard_.variants_judgec-d-2-hard-v1_.behaviorHint,non_party_scripted_text,src/data/scriptedText,family-01,channels[judge_contradiction].entries[d-2|hard].variants[judgec-d-2-hard-v1].behaviorHint,재판관이 책임 회피를 끊고 핵심 답변을 요구한다. 모순을 법정 기록으로 고정하는 톤이다.,The Judge cuts off avoidance of responsibility and demands a key answer. Tone fixes the contradiction in the court record.,裁判官が責任回避を断ち切り、核心の答えを求める。矛盾を法廷記録に固定するトーン。,法官切断逃避责任，要求核心回答。语气将矛盾固定为法庭记录。,"Scripted text channel without party a/b as speaker: system, judge, witness, dossier, mediation, aftermath, and milestone copy."
non_party_scripted_text_src_data_scriptedText_family-01_channels_judge_contradiction_.entries_d-2_hard_.variants_judgec-d-2-hard-v1_.text,non_party_scripted_text,src/data/scriptedText,family-01,channels[judge_contradiction].entries[d-2|hard].variants[judgec-d-2-hard-v1].text,"윤정후 씨, 숫자를 직접 바꾼 사실을 늦게 내놓았습니다. 자필 연습본과 공증본 작성 이유를 지금 말씀해 주십시오.","Mr. Yoon Jeong-hu, you disclosed late that you changed the numbers yourself. Explain now why the handwritten draft and notarized copy were prepared.",ユン・ジョンフさん、数字を直接変えた事実を遅れて出しました。自筆下書きと公証本を作成した理由を今話してください。,尹正厚先生，您很晚才说出亲自改过数字。现在请说明亲笔草稿和公证本的制作理由。,"Scripted text channel without party a/b as speaker: system, judge, witness, dossier, mediation, aftermath, and milestone copy."
non_party_scripted_text_src_data_scriptedText_family-01_channels_judge_contradiction_.entries_d-2_hard_.variants_judgec-d-2-hard-v2_.behaviorHint,non_party_scripted_text,src/data/scriptedText,family-01,channels[judge_contradiction].entries[d-2|hard].variants[judgec-d-2-hard-v2].behaviorHint,재판관이 책임 회피를 끊고 핵심 답변을 요구한다. 모순을 법정 기록으로 고정하는 톤이다.,The Judge cuts off avoidance of responsibility and demands a key answer. Tone fixes the contradiction in the court record.,裁判官が責任回避を断ち切り、核心の答えを求める。矛盾を法廷記録に固定するトーン。,法官切断逃避责任，要求核心回答。语气将矛盾固定为法庭记录。,"Scripted text channel without party a/b as speaker: system, judge, witness, dossier, mediation, aftermath, and milestone copy."
non_party_scripted_text_src_data_scriptedText_family-01_channels_judge_contradiction_.entries_d-2_hard_.variants_judgec-d-2-hard-v2_.text,non_party_scripted_text,src/data/scriptedText,family-01,channels[judge_contradiction].entries[d-2|hard].variants[judgec-d-2-hard-v2].text,"윤태성 씨, 윤정후 씨를 욕심으로만 몰아간 판단이 기록과 어긋납니다. 왜 그렇게 확신했습니까.","Mr. Yoon Tae-seong, the record conflicts with your judgment that Mr. Yoon Jeong-hu acted only from greed. Why were you so certain?",ユン・テソンさん、ユン・ジョンフさんを欲だけで動いたと見た判断は記録と食い違います。なぜそこまで確信したのですか。,尹泰成先生，您把尹正厚先生断定为只因贪心行事，这与记录不符。您为什么如此确信？,"Scripted text channel without party a/b as speaker: system, judge, witness, dossier, mediation, aftermath, and milestone copy."
non_party_scripted_text_src_data_scriptedText_family-01_channels_judge_contradiction_.entries_d-2_hard_.variants_judgec-d-2-hard-v3_.behaviorHint,non_party_scripted_text,src/data/scriptedText,family-01,channels[judge_contradiction].entries[d-2|hard].variants[judgec-d-2-hard-v3].behaviorHint,재판관이 책임 회피를 끊고 핵심 답변을 요구한다. 모순을 법정 기록으로 고정하는 톤이다.,The Judge cuts off avoidance of responsibility and demands a key answer. Tone fixes the contradiction in the court record.,裁判官が責任回避を断ち切り、核心の答えを求める。矛盾を法廷記録に固定するトーン。,法官切断逃避责任，要求核心回答。语气将矛盾固定为法庭记录。,"Scripted text channel without party a/b as speaker: system, judge, witness, dossier, mediation, aftermath, and milestone copy."
non_party_scripted_text_src_data_scriptedText_family-01_channels_judge_contradiction_.entries_d-2_hard_.variants_judgec-d-2-hard-v3_.text,non_party_scripted_text,src/data/scriptedText,family-01,channels[judge_contradiction].entries[d-2|hard].variants[judgec-d-2-hard-v3].text,"윤정후 씨, 보호였다는 말로 위조 책임을 지울 수 없습니다. 어떤 선을 넘었는지 답해 주십시오.","Mr. Yoon Jeong-hu, saying it was protection does not erase the responsibility for forgery. Answer what line you crossed.",ユン・ジョンフさん、保護だったという言葉で偽造の責任を消すことはできません。どの一線を越えたのか答えてください。,尹正厚先生，说是保护不能抹去伪造责任。请回答您越过了哪条线。,"Scripted text channel without party a/b as speaker: system, judge, witness, dossier, mediation, aftermath, and milestone copy."
non_party_scripted_text_src_data_scriptedText_family-01_channels_judge_contradiction_.entries_d-2_hard_.variants_judgec-d-2-hard-v4_.behaviorHint,non_party_scripted_text,src/data/scriptedText,family-01,channels[judge_contradiction].entries[d-2|hard].variants[judgec-d-2-hard-v4].behaviorHint,재판관이 책임 회피를 끊고 핵심 답변을 요구한다. 모순을 법정 기록으로 고정하는 톤이다.,The Judge cuts off avoidance of responsibility and demands a key answer. Tone fixes the contradiction in the court record.,裁判官が責任回避を断ち切り、核心の答えを求める。矛盾を法廷記録に固定するトーン。,法官切断逃避责任，要求核心回答。语气将矛盾固定为法庭记录。,"Scripted text channel without party a/b as speaker: system, judge, witness, dossier, mediation, aftermath, and milestone copy."
non_party_scripted_text_src_data_scriptedText_family-01_channels_judge_contradiction_.entries_d-2_hard_.variants_judgec-d-2-hard-v4_.text,non_party_scripted_text,src/data/scriptedText,family-01,channels[judge_contradiction].entries[d-2|hard].variants[judgec-d-2-hard-v4].text,"두 분, 한쪽은 입장을 바꾸고 다른 한쪽은 단정했습니다. 누가 무엇을 왜곡했는지 명확히 말해 주십시오.","Both of you: one side changed position, the other made a firm assumption. Say clearly who distorted what.",お二人、一方は立場を変え、もう一方は断定しました。誰が何を歪めたのか、明確に話してください。,两位，一方改变了立场，另一方作出了断定。请明确说明谁扭曲了什么。,"Scripted text channel without party a/b as speaker: system, judge, witness, dossier, mediation, aftermath, and milestone copy."
non_party_scripted_text_src_data_scriptedText_family-01_channels_judge_contradiction_.entries_d-2_hard_.variants_judgec-d-2-hard-v5_.behaviorHint,non_party_scripted_text,src/data/scriptedText,family-01,channels[judge_contradiction].entries[d-2|hard].variants[judgec-d-2-hard-v5].behaviorHint,재판관이 책임 회피를 끊고 핵심 답변을 요구한다. 모순을 법정 기록으로 고정하는 톤이다.,The Judge cuts off avoidance of responsibility and demands a key answer. Tone fixes the contradiction in the court record.,裁判官が責任回避を断ち切り、核心の答えを求める。矛盾を法廷記録に固定するトーン。,法官切断逃避责任，要求核心回答。语气将矛盾固定为法庭记录。,"Scripted text channel without party a/b as speaker: system, judge, witness, dossier, mediation, aftermath, and milestone copy."
non_party_scripted_text_src_data_scriptedText_family-01_channels_judge_contradiction_.entries_d-2_hard_.variants_judgec-d-2-hard-v5_.text,non_party_scripted_text,src/data/scriptedText,family-01,channels[judge_contradiction].entries[d-2|hard].variants[judgec-d-2-hard-v5].text,"윤정후 씨, 변경 방향이 선의였더라도 절차를 고친 건 본인입니다. 책임을 명확히 하십시오.","Mr. Yoon Jeong-hu, even if the direction of the change was well meant, you were the one who changed the procedure. Make your responsibility clear.",ユン・ジョンフさん、変更の方向が善意だったとしても、手続きを変えたのは本人です。責任を明確にしてください。,尹正厚先生，即使变更方向出于善意，改动程序的人也是您。请明确责任。,"Scripted text channel without party a/b as speaker: system, judge, witness, dossier, mediation, aftermath, and milestone copy."
non_party_scripted_text_src_data_scriptedText_family-01_channels_judge_contradiction_.entries_d-2_mid_.variants_judgec-d-2-mid-v1_.behaviorHint,non_party_scripted_text,src/data/scriptedText,family-01,channels[judge_contradiction].entries[d-2|mid].variants[judgec-d-2-mid-v1].behaviorHint,재판관이 달라진 입장을 분명히 짚고 이유를 요구한다. 회피가 길어지지 않게 잡는 톤이다.,The Judge clearly points out the changed position and demands the reason. Tone keeps evasion from dragging on.,裁判官が変わった立場を明確に指摘し、理由を求める。回避が長引かないよう押さえるトーン。,法官明确指出立场变化并要求理由。语气防止回避继续拖延。,"Scripted text channel without party a/b as speaker: system, judge, witness, dossier, mediation, aftermath, and milestone copy."
non_party_scripted_text_src_data_scriptedText_family-01_channels_judge_contradiction_.entries_d-2_mid_.variants_judgec-d-2-mid-v1_.text,non_party_scripted_text,src/data/scriptedText,family-01,channels[judge_contradiction].entries[d-2|mid].variants[judgec-d-2-mid-v1].text,"윤정후 씨, 서류 제출자에서 변경 주체로 입장이 옮겨졌습니다. 왜 처음부터 말하지 않았습니까.","Mr. Yoon Jeong-hu, your position has moved from submitting documents to being the person who made the change. Why did you not say so from the beginning?",ユン・ジョンフさん、書類の提出者から変更の主体へと立場が移りました。なぜ最初から言わなかったのですか。,尹正厚先生，您的位置已从文件提交者变成变更主体。为什么一开始不说？,"Scripted text channel without party a/b as speaker: system, judge, witness, dossier, mediation, aftermath, and milestone copy."
non_party_scripted_text_src_data_scriptedText_family-01_channels_judge_contradiction_.entries_d-2_mid_.variants_judgec-d-2-mid-v2_.behaviorHint,non_party_scripted_text,src/data/scriptedText,family-01,channels[judge_contradiction].entries[d-2|mid].variants[judgec-d-2-mid-v2].behaviorHint,재판관이 달라진 입장을 분명히 짚고 이유를 요구한다. 회피가 길어지지 않게 잡는 톤이다.,The Judge clearly points out the changed position and demands the reason. Tone keeps evasion from dragging on.,裁判官が変わった立場を明確に指摘し、理由を求める。回避が長引かないよう押さえるトーン。,法官明确指出立场变化并要求理由。语气防止回避继续拖延。,"Scripted text channel without party a/b as speaker: system, judge, witness, dossier, mediation, aftermath, and milestone copy."
non_party_scripted_text_src_data_scriptedText_family-01_channels_judge_contradiction_.entries_d-2_mid_.variants_judgec-d-2-mid-v2_.text,non_party_scripted_text,src/data/scriptedText,family-01,channels[judge_contradiction].entries[d-2|mid].variants[judgec-d-2-mid-v2].text,"윤태성 씨, 윤정후 씨를 탐욕으로 단정한 뒤 자필 연습본 방향을 늦게 보셨습니다. 이유가 무엇입니까.","Mr. Yoon Tae-seong, you branded Mr. Yoon Jeong-hu as greedy, then only later saw the direction of the handwritten draft. What is the reason?",ユン・テソンさん、ユン・ジョンフさんを欲深いと決めつけた後、自筆下書きの方向を遅れて見ました。理由は何ですか。,尹泰成先生，您先把尹正厚先生断定为贪婪，后来才看到亲笔草稿的方向。原因是什么？,"Scripted text channel without party a/b as speaker: system, judge, witness, dossier, mediation, aftermath, and milestone copy."
non_party_scripted_text_src_data_scriptedText_family-01_channels_judge_contradiction_.entries_d-2_mid_.variants_judgec-d-2-mid-v3_.behaviorHint,non_party_scripted_text,src/data/scriptedText,family-01,channels[judge_contradiction].entries[d-2|mid].variants[judgec-d-2-mid-v3].behaviorHint,재판관이 달라진 입장을 분명히 짚고 이유를 요구한다. 회피가 길어지지 않게 잡는 톤이다.,The Judge clearly points out the changed position and demands the reason. Tone keeps evasion from dragging on.,裁判官が変わった立場を明確に指摘し、理由を求める。回避が長引かないよう押さえるトーン。,法官明确指出立场变化并要求理由。语气防止回避继续拖延。,"Scripted text channel without party a/b as speaker: system, judge, witness, dossier, mediation, aftermath, and milestone copy."
non_party_scripted_text_src_data_scriptedText_family-01_channels_judge_contradiction_.entries_d-2_mid_.variants_judgec-d-2-mid-v3_.text,non_party_scripted_text,src/data/scriptedText,family-01,channels[judge_contradiction].entries[d-2|mid].variants[judgec-d-2-mid-v3].text,"윤정후 씨, 자필 연습본과 공증본을 모두 알고도 침묵했습니다. 그 침묵의 목적을 답해 주십시오.","Mr. Yoon Jeong-hu, you knew both the handwritten draft and the notarized copy, yet stayed silent. State the purpose of that silence.",ユン・ジョンフさん、自筆下書きと公証本の両方を知りながら沈黙しました。その沈黙の目的を答えてください。,尹正厚先生，您明知亲笔草稿和公证本两者，却保持沉默。请回答这份沉默的目的。,"Scripted text channel without party a/b as speaker: system, judge, witness, dossier, mediation, aftermath, and milestone copy."
non_party_scripted_text_src_data_scriptedText_family-01_channels_judge_contradiction_.entries_d-2_mid_.variants_judgec-d-2-mid-v4_.behaviorHint,non_party_scripted_text,src/data/scriptedText,family-01,channels[judge_contradiction].entries[d-2|mid].variants[judgec-d-2-mid-v4].behaviorHint,재판관이 달라진 입장을 분명히 짚고 이유를 요구한다. 회피가 길어지지 않게 잡는 톤이다.,The Judge clearly points out the changed position and demands the reason. Tone keeps evasion from dragging on.,裁判官が変わった立場を明確に指摘し、理由を求める。回避が長引かないよう押さえるトーン。,法官明确指出立场变化并要求理由。语气防止回避继续拖延。,"Scripted text channel without party a/b as speaker: system, judge, witness, dossier, mediation, aftermath, and milestone copy."
non_party_scripted_text_src_data_scriptedText_family-01_channels_judge_contradiction_.entries_d-2_mid_.variants_judgec-d-2-mid-v4_.text,non_party_scripted_text,src/data/scriptedText,family-01,channels[judge_contradiction].entries[d-2|mid].variants[judgec-d-2-mid-v4].text,두 분 모두 문서 결과만 앞세우고 동기는 늦게 말했습니다. 무엇을 먼저 숨겼는지 밝혀 주십시오.,Both of you put the document's result first and spoke of motive only later. Tell the court what each of you hid first.,お二人とも文書の結果だけを前に出し、動機は遅れて話しました。何を先に隠したのか明らかにしてください。,两位都先强调文件结果，之后才谈动机。请说明你们最先隐瞒了什么。,"Scripted text channel without party a/b as speaker: system, judge, witness, dossier, mediation, aftermath, and milestone copy."
non_party_scripted_text_src_data_scriptedText_family-01_channels_judge_contradiction_.entries_d-2_mid_.variants_judgec-d-2-mid-v5_.behaviorHint,non_party_scripted_text,src/data/scriptedText,family-01,channels[judge_contradiction].entries[d-2|mid].variants[judgec-d-2-mid-v5].behaviorHint,재판관이 달라진 입장을 분명히 짚고 이유를 요구한다. 회피가 길어지지 않게 잡는 톤이다.,The Judge clearly points out the changed position and demands the reason. Tone keeps evasion from dragging on.,裁判官が変わった立場を明確に指摘し、理由を求める。回避が長引かないよう押さえるトーン。,法官明确指出立场变化并要求理由。语气防止回避继续拖延。,"Scripted text channel without party a/b as speaker: system, judge, witness, dossier, mediation, aftermath, and milestone copy."
non_party_scripted_text_src_data_scriptedText_family-01_channels_judge_contradiction_.entries_d-2_mid_.variants_judgec-d-2-mid-v5_.text,non_party_scripted_text,src/data/scriptedText,family-01,channels[judge_contradiction].entries[d-2|mid].variants[judgec-d-2-mid-v5].text,"윤정후 씨, 어떤 사정이 있었더라도 문서가 달라진 책임은 남습니다. 그 판단을 답해 주십시오.","Mr. Yoon Jeong-hu, whatever the circumstances, responsibility remains for the document having changed. Answer that judgment.",ユン・ジョンフさん、どんな事情があったとしても、文書が変わった責任は残ります。その判断を答えてください。,尹正厚先生，无论有什么情况，文件被改变的责任仍然存在。请回答您对此的判断。,"Scripted text channel without party a/b as speaker: system, judge, witness, dossier, mediation, aftermath, and milestone copy."
non_party_scripted_text_src_data_scriptedText_family-01_channels_judge_contradiction_.entries_d-2_soft_.variants_judgec-d-2-soft-v1_.behaviorHint,non_party_scripted_text,src/data/scriptedText,family-01,channels[judge_contradiction].entries[d-2|soft].variants[judgec-d-2-soft-v1].behaviorHint,재판관이 말의 결이 달라진 지점을 조용히 짚는다. 스스로 정리할 여지를 남기는 톤이다.,The Judge quietly points out where the texture of the statement changed. Tone leaves room for self-organization.,裁判官が言葉の調子が変わった地点を静かに指摘する。自分で整理する余地を残すトーン。,法官安静指出话语质地发生变化的地方。语气留出自行整理的余地。,"Scripted text channel without party a/b as speaker: system, judge, witness, dossier, mediation, aftermath, and milestone copy."
non_party_scripted_text_src_data_scriptedText_family-01_channels_judge_contradiction_.entries_d-2_soft_.variants_judgec-d-2-soft-v1_.text,non_party_scripted_text,src/data/scriptedText,family-01,channels[judge_contradiction].entries[d-2|soft].variants[judgec-d-2-soft-v1].text,"윤정후 씨, 제출만 했다는 말에서 숫자 변경 인정으로 입장이 바뀌었습니다. 어느 설명이 사실입니까.","Mr. Yoon Jeong-hu, your position changed from merely submitting the document to admitting a change in the numbers. Which explanation is true?",ユン・ジョンフさん、提出しただけという話から数字変更の認めへと立場が変わりました。どちらの説明が事実ですか。,尹正厚先生，您的说法从只是提交变成承认改过数字。哪一种说明才是真实的？,"Scripted text channel without party a/b as speaker: system, judge, witness, dossier, mediation, aftermath, and milestone copy."
non_party_scripted_text_src_data_scriptedText_family-01_channels_judge_contradiction_.entries_d-2_soft_.variants_judgec-d-2-soft-v2_.behaviorHint,non_party_scripted_text,src/data/scriptedText,family-01,channels[judge_contradiction].entries[d-2|soft].variants[judgec-d-2-soft-v2].behaviorHint,재판관이 말의 결이 달라진 지점을 조용히 짚는다. 스스로 정리할 여지를 남기는 톤이다.,The Judge quietly points out where the texture of the statement changed. Tone leaves room for self-organization.,裁判官が言葉の調子が変わった地点を静かに指摘する。自分で整理する余地を残すトーン。,法官安静指出话语质地发生变化的地方。语气留出自行整理的余地。,"Scripted text channel without party a/b as speaker: system, judge, witness, dossier, mediation, aftermath, and milestone copy."
non_party_scripted_text_src_data_scriptedText_family-01_channels_judge_contradiction_.entries_d-2_soft_.variants_judgec-d-2-soft-v2_.text,non_party_scripted_text,src/data/scriptedText,family-01,channels[judge_contradiction].entries[d-2|soft].variants[judgec-d-2-soft-v2].text,"윤태성 씨, 윤정후 씨가 더 가지려 했다는 판단을 자필 연습본 기록 뒤에도 유지하십니까.","Mr. Yoon Tae-seong, after the record of the handwritten draft, do you still maintain that Mr. Yoon Jeong-hu was trying to take more?",ユン・テソンさん、自筆下書きの記録を見た後でも、ユン・ジョンフさんがより多く取ろうとしたという判断を維持しますか。,尹泰成先生，看过亲笔草稿记录后，您仍坚持尹正厚先生想拿得更多吗？,"Scripted text channel without party a/b as speaker: system, judge, witness, dossier, mediation, aftermath, and milestone copy."
non_party_scripted_text_src_data_scriptedText_family-01_channels_judge_contradiction_.entries_d-2_soft_.variants_judgec-d-2-soft-v3_.behaviorHint,non_party_scripted_text,src/data/scriptedText,family-01,channels[judge_contradiction].entries[d-2|soft].variants[judgec-d-2-soft-v3].behaviorHint,재판관이 말의 결이 달라진 지점을 조용히 짚는다. 스스로 정리할 여지를 남기는 톤이다.,The Judge quietly points out where the texture of the statement changed. Tone leaves room for self-organization.,裁判官が言葉の調子が変わった地点を静かに指摘する。自分で整理する余地を残すトーン。,法官安静指出话语质地发生变化的地方。语气留出自行整理的余地。,"Scripted text channel without party a/b as speaker: system, judge, witness, dossier, mediation, aftermath, and milestone copy."
non_party_scripted_text_src_data_scriptedText_family-01_channels_judge_contradiction_.entries_d-2_soft_.variants_judgec-d-2-soft-v3_.text,non_party_scripted_text,src/data/scriptedText,family-01,channels[judge_contradiction].entries[d-2|soft].variants[judgec-d-2-soft-v3].text,"윤정후 씨, 자필 연습본과 공증본을 모두 알았다면 처음 설명이 부족했습니다. 이유를 말씀해 주십시오.","Mr. Yoon Jeong-hu, if you knew both the handwritten draft and the notarized copy, your first explanation was insufficient. State the reason.",ユン・ジョンフさん、自筆下書きと公証本の両方を知っていたなら、最初の説明は不十分でした。理由を話してください。,尹正厚先生，如果您知道亲笔草稿和公证本两者，那么最初的说明并不充分。请说明原因。,"Scripted text channel without party a/b as speaker: system, judge, witness, dossier, mediation, aftermath, and milestone copy."
non_party_scripted_text_src_data_scriptedText_family-01_channels_judge_contradiction_.entries_d-2_soft_.variants_judgec-d-2-soft-v4_.behaviorHint,non_party_scripted_text,src/data/scriptedText,family-01,channels[judge_contradiction].entries[d-2|soft].variants[judgec-d-2-soft-v4].behaviorHint,재판관이 말의 결이 달라진 지점을 조용히 짚는다. 스스로 정리할 여지를 남기는 톤이다.,The Judge quietly points out where the texture of the statement changed. Tone leaves room for self-organization.,裁判官が言葉の調子が変わった地点を静かに指摘する。自分で整理する余地を残すトーン。,法官安静指出话语质地发生变化的地方。语气留出自行整理的余地。,"Scripted text channel without party a/b as speaker: system, judge, witness, dossier, mediation, aftermath, and milestone copy."
non_party_scripted_text_src_data_scriptedText_family-01_channels_judge_contradiction_.entries_d-2_soft_.variants_judgec-d-2-soft-v4_.text,non_party_scripted_text,src/data/scriptedText,family-01,channels[judge_contradiction].entries[d-2|soft].variants[judgec-d-2-soft-v4].text,"두 분, 같은 문서를 두고 탐욕과 보호라는 설명이 엇갈립니다. 근거를 나누어 말해 주십시오.",Both of you are explaining the same document as greed and as protection. Separate the grounds for each.,お二人は同じ文書を、欲と保護という別々の説明で語っています。それぞれの根拠を分けて話してください。,两位对同一份文件分别用贪心和保护来解释。请把各自的依据分开说明。,"Scripted text channel without party a/b as speaker: system, judge, witness, dossier, mediation, aftermath, and milestone copy."
non_party_scripted_text_src_data_scriptedText_family-01_channels_judge_contradiction_.entries_d-2_soft_.variants_judgec-d-2-soft-v5_.behaviorHint,non_party_scripted_text,src/data/scriptedText,family-01,channels[judge_contradiction].entries[d-2|soft].variants[judgec-d-2-soft-v5].behaviorHint,재판관이 말의 결이 달라진 지점을 조용히 짚는다. 스스로 정리할 여지를 남기는 톤이다.,The Judge quietly points out where the texture of the statement changed. Tone leaves room for self-organization.,裁判官が言葉の調子が変わった地点を静かに指摘する。自分で整理する余地を残すトーン。,法官安静指出话语质地发生变化的地方。语气留出自行整理的余地。,"Scripted text channel without party a/b as speaker: system, judge, witness, dossier, mediation, aftermath, and milestone copy."
non_party_scripted_text_src_data_scriptedText_family-01_channels_judge_contradiction_.entries_d-2_soft_.variants_judgec-d-2-soft-v5_.text,non_party_scripted_text,src/data/scriptedText,family-01,channels[judge_contradiction].entries[d-2|soft].variants[judgec-d-2-soft-v5].text,"윤정후 씨, 문서가 달라진 과정과 그 책임을 함께 설명해 주십시오.","Mr. Yoon Jeong-hu, explain both how the document changed and your responsibility for it.",ユン・ジョンフさん、文書が変わった過程とその責任をあわせて説明してください。,尹正厚先生，请同时说明文件被改变的过程以及您的责任。,"Scripted text channel without party a/b as speaker: system, judge, witness, dossier, mediation, aftermath, and milestone copy."
non_party_scripted_text_src_data_scriptedText_family-01_channels_judge_contradiction_.entries_d-3_hard_.variants_judgec-d-3-hard-v1_.behaviorHint,non_party_scripted_text,src/data/scriptedText,family-01,channels[judge_contradiction].entries[d-3|hard].variants[judgec-d-3-hard-v1].behaviorHint,재판관이 책임 회피를 끊고 핵심 답변을 요구한다. 모순을 법정 기록으로 고정하는 톤이다.,The Judge cuts off avoidance of responsibility and demands a key answer. Tone fixes the contradiction in the court record.,裁判官が責任回避を断ち切り、核心の答えを求める。矛盾を法廷記録に固定するトーン。,法官切断逃避责任，要求核心回答。语气将矛盾固定为法庭记录。,"Scripted text channel without party a/b as speaker: system, judge, witness, dossier, mediation, aftermath, and milestone copy."
non_party_scripted_text_src_data_scriptedText_family-01_channels_judge_contradiction_.entries_d-3_hard_.variants_judgec-d-3-hard-v1_.text,non_party_scripted_text,src/data/scriptedText,family-01,channels[judge_contradiction].entries[d-3|hard].variants[judgec-d-3-hard-v1].text,"윤정후 씨, 오랜 기간 이어진 돈의 성격을 계속 늦게 말하고 있습니다. 언제부터 누구 돈이었습니까.","Mr. Yoon Jeong-hu, you keep delaying the nature of the money that continued for years. Since when, and whose money was it?",ユン・ジョンフさん、長年続いたお金の性質をずっと遅らせて話しています。いつから、誰のお金だったのですか。,尹正厚先生，您一直迟迟不说明多年持续的这笔钱的性质。从什么时候开始，那是谁的钱？,"Scripted text channel without party a/b as speaker: system, judge, witness, dossier, mediation, aftermath, and milestone copy."
non_party_scripted_text_src_data_scriptedText_family-01_channels_judge_contradiction_.entries_d-3_hard_.variants_judgec-d-3-hard-v2_.behaviorHint,non_party_scripted_text,src/data/scriptedText,family-01,channels[judge_contradiction].entries[d-3|hard].variants[judgec-d-3-hard-v2].behaviorHint,재판관이 책임 회피를 끊고 핵심 답변을 요구한다. 모순을 법정 기록으로 고정하는 톤이다.,The Judge cuts off avoidance of responsibility and demands a key answer. Tone fixes the contradiction in the court record.,裁判官が責任回避を断ち切り、核心の答えを求める。矛盾を法廷記録に固定するトーン。,法官切断逃避责任，要求核心回答。语气将矛盾固定为法庭记录。,"Scripted text channel without party a/b as speaker: system, judge, witness, dossier, mediation, aftermath, and milestone copy."
non_party_scripted_text_src_data_scriptedText_family-01_channels_judge_contradiction_.entries_d-3_hard_.variants_judgec-d-3-hard-v2_.text,non_party_scripted_text,src/data/scriptedText,family-01,channels[judge_contradiction].entries[d-3|hard].variants[judgec-d-3-hard-v2].text,"윤태성 씨, 어머니 도움이라고 믿은 말로 출처 확인을 피했습니다. 왜 묻지 않았습니까.","Mr. Yoon Tae-seong, you avoided checking the source by believing it was Mother's help. Why did you not ask?",ユン・テソンさん、母の援助だと信じることで出所の確認を避けました。なぜ聞かなかったのですか。,尹泰成先生，您相信那是母亲的帮助，从而避开了核实来源。为什么不问？,"Scripted text channel without party a/b as speaker: system, judge, witness, dossier, mediation, aftermath, and milestone copy."
non_party_scripted_text_src_data_scriptedText_family-01_channels_judge_contradiction_.entries_d-3_hard_.variants_judgec-d-3-hard-v3_.behaviorHint,non_party_scripted_text,src/data/scriptedText,family-01,channels[judge_contradiction].entries[d-3|hard].variants[judgec-d-3-hard-v3].behaviorHint,재판관이 책임 회피를 끊고 핵심 답변을 요구한다. 모순을 법정 기록으로 고정하는 톤이다.,The Judge cuts off avoidance of responsibility and demands a key answer. Tone fixes the contradiction in the court record.,裁判官が責任回避を断ち切り、核心の答えを求める。矛盾を法廷記録に固定するトーン。,法官切断逃避责任，要求核心回答。语气将矛盾固定为法庭记录。,"Scripted text channel without party a/b as speaker: system, judge, witness, dossier, mediation, aftermath, and milestone copy."
non_party_scripted_text_src_data_scriptedText_family-01_channels_judge_contradiction_.entries_d-3_hard_.variants_judgec-d-3-hard-v3_.text,non_party_scripted_text,src/data/scriptedText,family-01,channels[judge_contradiction].entries[d-3|hard].variants[judgec-d-3-hard-v3].text,"윤정후 씨, 윤태성 씨의 체면을 이유로 본인 부담을 숨긴 선택이 지금 분쟁을 키웠습니다. 인정합니까.","Mr. Yoon Jeong-hu, hiding your own burden for Mr. Yoon Tae-seong's pride has now enlarged the dispute. Do you acknowledge that?",ユン・ジョンフさん、ユン・テソンさんの体面を理由に自分の負担を隠した選択が、今この争いを大きくしました。認めますか。,尹正厚先生，您以维护尹泰成先生的面子为由隐瞒自己的负担，如今扩大了争端。您承认吗？,"Scripted text channel without party a/b as speaker: system, judge, witness, dossier, mediation, aftermath, and milestone copy."
non_party_scripted_text_src_data_scriptedText_family-01_channels_judge_contradiction_.entries_d-3_hard_.variants_judgec-d-3-hard-v4_.behaviorHint,non_party_scripted_text,src/data/scriptedText,family-01,channels[judge_contradiction].entries[d-3|hard].variants[judgec-d-3-hard-v4].behaviorHint,재판관이 책임 회피를 끊고 핵심 답변을 요구한다. 모순을 법정 기록으로 고정하는 톤이다.,The Judge cuts off avoidance of responsibility and demands a key answer. Tone fixes the contradiction in the court record.,裁判官が責任回避を断ち切り、核心の答えを求める。矛盾を法廷記録に固定するトーン。,法官切断逃避责任，要求核心回答。语气将矛盾固定为法庭记录。,"Scripted text channel without party a/b as speaker: system, judge, witness, dossier, mediation, aftermath, and milestone copy."
non_party_scripted_text_src_data_scriptedText_family-01_channels_judge_contradiction_.entries_d-3_hard_.variants_judgec-d-3-hard-v4_.text,non_party_scripted_text,src/data/scriptedText,family-01,channels[judge_contradiction].entries[d-3|hard].variants[judgec-d-3-hard-v4].text,"두 분, 돈을 준 사람과 받은 사람이 모두 침묵했습니다. 그 결과를 서로에게 미루지 마십시오.",Both of you were silent: the person who gave the money and the person who received it. Do not shift the result onto each other.,お二人、渡した人も受け取った人も沈黙しました。その結果を互いに押しつけないでください。,两位，给钱的人和收钱的人都保持沉默。请不要把结果推给对方。,"Scripted text channel without party a/b as speaker: system, judge, witness, dossier, mediation, aftermath, and milestone copy."
non_party_scripted_text_src_data_scriptedText_family-01_channels_judge_contradiction_.entries_d-3_hard_.variants_judgec-d-3-hard-v5_.behaviorHint,non_party_scripted_text,src/data/scriptedText,family-01,channels[judge_contradiction].entries[d-3|hard].variants[judgec-d-3-hard-v5].behaviorHint,재판관이 책임 회피를 끊고 핵심 답변을 요구한다. 모순을 법정 기록으로 고정하는 톤이다.,The Judge cuts off avoidance of responsibility and demands a key answer. Tone fixes the contradiction in the court record.,裁判官が責任回避を断ち切り、核心の答えを求める。矛盾を法廷記録に固定するトーン。,法官切断逃避责任，要求核心回答。语气将矛盾固定为法庭记录。,"Scripted text channel without party a/b as speaker: system, judge, witness, dossier, mediation, aftermath, and milestone copy."
non_party_scripted_text_src_data_scriptedText_family-01_channels_judge_contradiction_.entries_d-3_hard_.variants_judgec-d-3-hard-v5_.text,non_party_scripted_text,src/data/scriptedText,family-01,channels[judge_contradiction].entries[d-3|hard].variants[judgec-d-3-hard-v5].text,"윤정후 씨, 숨긴 지원이 윤태성 씨를 지켰다는 말만으로 충분하지 않습니다. 책임을 답해 주십시오.","Mr. Yoon Jeong-hu, saying the hidden support protected Mr. Yoon Tae-seong is not enough. Answer for your responsibility.",ユン・ジョンフさん、隠した支援がユン・テソンさんを守ったという言葉だけでは足りません。責任を答えてください。,尹正厚先生，仅说隐瞒的帮助保护了尹泰成先生还不够。请回答您的责任。,"Scripted text channel without party a/b as speaker: system, judge, witness, dossier, mediation, aftermath, and milestone copy."
non_party_scripted_text_src_data_scriptedText_family-01_channels_judge_contradiction_.entries_d-3_mid_.variants_judgec-d-3-mid-v1_.behaviorHint,non_party_scripted_text,src/data/scriptedText,family-01,channels[judge_contradiction].entries[d-3|mid].variants[judgec-d-3-mid-v1].behaviorHint,재판관이 달라진 입장을 분명히 짚고 이유를 요구한다. 회피가 길어지지 않게 잡는 톤이다.,The Judge clearly points out the changed position and demands the reason. Tone keeps evasion from dragging on.,裁判官が変わった立場を明確に指摘し、理由を求める。回避が長引かないよう押さえるトーン。,法官明确指出立场变化并要求理由。语气防止回避继续拖延。,"Scripted text channel without party a/b as speaker: system, judge, witness, dossier, mediation, aftermath, and milestone copy."
non_party_scripted_text_src_data_scriptedText_family-01_channels_judge_contradiction_.entries_d-3_mid_.variants_judgec-d-3-mid-v1_.text,non_party_scripted_text,src/data/scriptedText,family-01,channels[judge_contradiction].entries[d-3|mid].variants[judgec-d-3-mid-v1].text,"윤정후 씨, 효도 차원의 도움에서 오랜 송금으로 입장이 옮겨졌습니다. 핵심을 왜 빼셨습니까.","Mr. Yoon Jeong-hu, your position moved from filial help to admitting long-running remittances. Why did you leave out the core point?",ユン・ジョンフさん、親孝行の援助から長年の送金を認める話へと立場が移りました。なぜ核心を抜いたのですか。,尹正厚先生，您的说法从孝顺性质的帮助变成承认长期汇款。为什么省略核心？,"Scripted text channel without party a/b as speaker: system, judge, witness, dossier, mediation, aftermath, and milestone copy."
non_party_scripted_text_src_data_scriptedText_family-01_channels_judge_contradiction_.entries_d-3_mid_.variants_judgec-d-3-mid-v2_.behaviorHint,non_party_scripted_text,src/data/scriptedText,family-01,channels[judge_contradiction].entries[d-3|mid].variants[judgec-d-3-mid-v2].behaviorHint,재판관이 달라진 입장을 분명히 짚고 이유를 요구한다. 회피가 길어지지 않게 잡는 톤이다.,The Judge clearly points out the changed position and demands the reason. Tone keeps evasion from dragging on.,裁判官が変わった立場を明確に指摘し、理由を求める。回避が長引かないよう押さえるトーン。,法官明确指出立场变化并要求理由。语气防止回避继续拖延。,"Scripted text channel without party a/b as speaker: system, judge, witness, dossier, mediation, aftermath, and milestone copy."
non_party_scripted_text_src_data_scriptedText_family-01_channels_judge_contradiction_.entries_d-3_mid_.variants_judgec-d-3-mid-v2_.text,non_party_scripted_text,src/data/scriptedText,family-01,channels[judge_contradiction].entries[d-3|mid].variants[judgec-d-3-mid-v2].text,"윤태성 씨, 도움을 받았다는 사실보다 누구 돈인지 묻지 않은 점이 중요합니다. 이유를 답해 주십시오.","Mr. Yoon Tae-seong, more important than the fact that you received help is that you did not ask whose money it was. Give the reason.",ユン・テソンさん、援助を受けた事実よりも、誰のお金かを聞かなかった点が重要です。理由を答えてください。,尹泰成先生，比起您得到帮助这一事实，更重要的是您没有问那是谁的钱。请说明理由。,"Scripted text channel without party a/b as speaker: system, judge, witness, dossier, mediation, aftermath, and milestone copy."
non_party_scripted_text_src_data_scriptedText_family-01_channels_judge_contradiction_.entries_d-3_mid_.variants_judgec-d-3-mid-v3_.behaviorHint,non_party_scripted_text,src/data/scriptedText,family-01,channels[judge_contradiction].entries[d-3|mid].variants[judgec-d-3-mid-v3].behaviorHint,재판관이 달라진 입장을 분명히 짚고 이유를 요구한다. 회피가 길어지지 않게 잡는 톤이다.,The Judge clearly points out the changed position and demands the reason. Tone keeps evasion from dragging on.,裁判官が変わった立場を明確に指摘し、理由を求める。回避が長引かないよう押さえるトーン。,法官明确指出立场变化并要求理由。语气防止回避继续拖延。,"Scripted text channel without party a/b as speaker: system, judge, witness, dossier, mediation, aftermath, and milestone copy."
non_party_scripted_text_src_data_scriptedText_family-01_channels_judge_contradiction_.entries_d-3_mid_.variants_judgec-d-3-mid-v3_.text,non_party_scripted_text,src/data/scriptedText,family-01,channels[judge_contradiction].entries[d-3|mid].variants[judgec-d-3-mid-v3].text,"윤정후 씨, 본인 돈이라는 핵심을 늦게 말해 윤태성 씨의 판단을 더 흔들었습니다. 왜 숨겼습니까.","Mr. Yoon Jeong-hu, by revealing late that it was your money, you shook Mr. Yoon Tae-seong's judgment even further. Why did you hide it?",ユン・ジョンフさん、自分のお金だという核心を遅れて話し、ユン・テソンさんの判断をさらに揺さぶりました。なぜ隠したのですか。,尹正厚先生，您很晚才说出那是自己的钱，进一步动摇了尹泰成先生的判断。为什么隐瞒？,"Scripted text channel without party a/b as speaker: system, judge, witness, dossier, mediation, aftermath, and milestone copy."
non_party_scripted_text_src_data_scriptedText_family-01_channels_judge_contradiction_.entries_d-3_mid_.variants_judgec-d-3-mid-v4_.behaviorHint,non_party_scripted_text,src/data/scriptedText,family-01,channels[judge_contradiction].entries[d-3|mid].variants[judgec-d-3-mid-v4].behaviorHint,재판관이 달라진 입장을 분명히 짚고 이유를 요구한다. 회피가 길어지지 않게 잡는 톤이다.,The Judge clearly points out the changed position and demands the reason. Tone keeps evasion from dragging on.,裁判官が変わった立場を明確に指摘し、理由を求める。回避が長引かないよう押さえるトーン。,法官明确指出立场变化并要求理由。语气防止回避继续拖延。,"Scripted text channel without party a/b as speaker: system, judge, witness, dossier, mediation, aftermath, and milestone copy."
non_party_scripted_text_src_data_scriptedText_family-01_channels_judge_contradiction_.entries_d-3_mid_.variants_judgec-d-3-mid-v4_.text,non_party_scripted_text,src/data/scriptedText,family-01,channels[judge_contradiction].entries[d-3|mid].variants[judgec-d-3-mid-v4].text,두 분 모두 체면 때문에 돈의 출처를 피했습니다. 그 침묵이 누구에게 이익이었습니까.,Both of you avoided the source of the money because of pride. Who benefited from that silence?,お二人とも、体面のためにお金の出所を避けました。その沈黙は誰の利益になりましたか。,两位都因面子避开了钱的来源。这份沉默对谁有利？,"Scripted text channel without party a/b as speaker: system, judge, witness, dossier, mediation, aftermath, and milestone copy."
non_party_scripted_text_src_data_scriptedText_family-01_channels_judge_contradiction_.entries_d-3_mid_.variants_judgec-d-3-mid-v5_.behaviorHint,non_party_scripted_text,src/data/scriptedText,family-01,channels[judge_contradiction].entries[d-3|mid].variants[judgec-d-3-mid-v5].behaviorHint,재판관이 달라진 입장을 분명히 짚고 이유를 요구한다. 회피가 길어지지 않게 잡는 톤이다.,The Judge clearly points out the changed position and demands the reason. Tone keeps evasion from dragging on.,裁判官が変わった立場を明確に指摘し、理由を求める。回避が長引かないよう押さえるトーン。,法官明确指出立场变化并要求理由。语气防止回避继续拖延。,"Scripted text channel without party a/b as speaker: system, judge, witness, dossier, mediation, aftermath, and milestone copy."
non_party_scripted_text_src_data_scriptedText_family-01_channels_judge_contradiction_.entries_d-3_mid_.variants_judgec-d-3-mid-v5_.text,non_party_scripted_text,src/data/scriptedText,family-01,channels[judge_contradiction].entries[d-3|mid].variants[judgec-d-3-mid-v5].text,"윤정후 씨, 장기간 지원을 숨긴 판단이 보호였는지 회피였는지 명확히 말씀해 주십시오.","Mr. Yoon Jeong-hu, state clearly whether hiding the long-term support was protection or avoidance.",ユン・ジョンフさん、長期間の支援を隠した判断が保護だったのか回避だったのか、明確に話してください。,尹正厚先生，请明确说明隐瞒长期帮助的判断，是保护还是回避。,"Scripted text channel without party a/b as speaker: system, judge, witness, dossier, mediation, aftermath, and milestone copy."
non_party_scripted_text_src_data_scriptedText_family-01_channels_judge_contradiction_.entries_d-3_soft_.variants_judgec-d-3-soft-v1_.behaviorHint,non_party_scripted_text,src/data/scriptedText,family-01,channels[judge_contradiction].entries[d-3|soft].variants[judgec-d-3-soft-v1].behaviorHint,재판관이 말의 결이 달라진 지점을 조용히 짚는다. 스스로 정리할 여지를 남기는 톤이다.,The Judge quietly points out where the texture of the statement changed. Tone leaves room for self-organization.,裁判官が言葉の調子が変わった地点を静かに指摘する。自分で整理する余地を残すトーン。,法官安静指出话语质地发生变化的地方。语气留出自行整理的余地。,"Scripted text channel without party a/b as speaker: system, judge, witness, dossier, mediation, aftermath, and milestone copy."
non_party_scripted_text_src_data_scriptedText_family-01_channels_judge_contradiction_.entries_d-3_soft_.variants_judgec-d-3-soft-v1_.text,non_party_scripted_text,src/data/scriptedText,family-01,channels[judge_contradiction].entries[d-3|soft].variants[judgec-d-3-soft-v1].text,"윤정후 씨, 작은 도움에서 장기간 송금 인정으로 말이 커졌습니다. 어디까지가 사실입니까.","Mr. Yoon Jeong-hu, your words grew from small help to admitting long-term remittances. How far is true?",ユン・ジョンフさん、小さな援助から長期送金の認めへと話が大きくなりました。どこまでが事実ですか。,尹正厚先生，您的说法从小小帮助扩大到承认长期汇款。事实到哪里为止？,"Scripted text channel without party a/b as speaker: system, judge, witness, dossier, mediation, aftermath, and milestone copy."
non_party_scripted_text_src_data_scriptedText_family-01_channels_judge_contradiction_.entries_d-3_soft_.variants_judgec-d-3-soft-v2_.behaviorHint,non_party_scripted_text,src/data/scriptedText,family-01,channels[judge_contradiction].entries[d-3|soft].variants[judgec-d-3-soft-v2].behaviorHint,재판관이 말의 결이 달라진 지점을 조용히 짚는다. 스스로 정리할 여지를 남기는 톤이다.,The Judge quietly points out where the texture of the statement changed. Tone leaves room for self-organization.,裁判官が言葉の調子が変わった地点を静かに指摘する。自分で整理する余地を残すトーン。,法官安静指出话语质地发生变化的地方。语气留出自行整理的余地。,"Scripted text channel without party a/b as speaker: system, judge, witness, dossier, mediation, aftermath, and milestone copy."
non_party_scripted_text_src_data_scriptedText_family-01_channels_judge_contradiction_.entries_d-3_soft_.variants_judgec-d-3-soft-v2_.text,non_party_scripted_text,src/data/scriptedText,family-01,channels[judge_contradiction].entries[d-3|soft].variants[judgec-d-3-soft-v2].text,"윤태성 씨, 어머니 돈이라고 믿던 말에서 출처를 몰랐다는 인정으로 옮기셨습니다. 왜 그렇게 말씀하십니까.","Mr. Yoon Tae-seong, you moved from saying you believed it was Mother's money to admitting you did not know the source. Why do you say that?",ユン・テソンさん、母のお金だと信じていたという話から、出所を知らなかったという認めへ移りました。なぜそう話すのですか。,尹泰成先生，您的说法从相信那是母亲的钱变成承认不知道来源。为什么这样说？,"Scripted text channel without party a/b as speaker: system, judge, witness, dossier, mediation, aftermath, and milestone copy."
non_party_scripted_text_src_data_scriptedText_family-01_channels_judge_contradiction_.entries_d-3_soft_.variants_judgec-d-3-soft-v3_.behaviorHint,non_party_scripted_text,src/data/scriptedText,family-01,channels[judge_contradiction].entries[d-3|soft].variants[judgec-d-3-soft-v3].behaviorHint,재판관이 말의 결이 달라진 지점을 조용히 짚는다. 스스로 정리할 여지를 남기는 톤이다.,The Judge quietly points out where the texture of the statement changed. Tone leaves room for self-organization.,裁判官が言葉の調子が変わった地点を静かに指摘する。自分で整理する余地を残すトーン。,法官安静指出话语质地发生变化的地方。语气留出自行整理的余地。,"Scripted text channel without party a/b as speaker: system, judge, witness, dossier, mediation, aftermath, and milestone copy."
non_party_scripted_text_src_data_scriptedText_family-01_channels_judge_contradiction_.entries_d-3_soft_.variants_judgec-d-3-soft-v3_.text,non_party_scripted_text,src/data/scriptedText,family-01,channels[judge_contradiction].entries[d-3|soft].variants[judgec-d-3-soft-v3].text,"윤정후 씨, 정기적인 지원과 사업 쪽 자금 흐름까지 이어진다면 처음 설명이 너무 작았습니다. 이유를 말씀해 주십시오.","Mr. Yoon Jeong-hu, if regular support and business-related funds were both involved, your first explanation was too small. Explain why.",ユン・ジョンフさん、定期的な支援と事業側の資金の流れまで続いていたなら、最初の説明は小さすぎました。理由を話してください。,尹正厚先生，如果还涉及定期资助和事业方面的资金流，您最初的说明就太轻了。请说明原因。,"Scripted text channel without party a/b as speaker: system, judge, witness, dossier, mediation, aftermath, and milestone copy."
non_party_scripted_text_src_data_scriptedText_family-01_channels_judge_contradiction_.entries_d-3_soft_.variants_judgec-d-3-soft-v4_.behaviorHint,non_party_scripted_text,src/data/scriptedText,family-01,channels[judge_contradiction].entries[d-3|soft].variants[judgec-d-3-soft-v4].behaviorHint,재판관이 말의 결이 달라진 지점을 조용히 짚는다. 스스로 정리할 여지를 남기는 톤이다.,The Judge quietly points out where the texture of the statement changed. Tone leaves room for self-organization.,裁判官が言葉の調子が変わった地点を静かに指摘する。自分で整理する余地を残すトーン。,法官安静指出话语质地发生变化的地方。语气留出自行整理的余地。,"Scripted text channel without party a/b as speaker: system, judge, witness, dossier, mediation, aftermath, and milestone copy."
non_party_scripted_text_src_data_scriptedText_family-01_channels_judge_contradiction_.entries_d-3_soft_.variants_judgec-d-3-soft-v4_.text,non_party_scripted_text,src/data/scriptedText,family-01,channels[judge_contradiction].entries[d-3|soft].variants[judgec-d-3-soft-v4].text,"두 분, 돈의 출처를 두고 기억이 달라졌습니다. 누가 왜 그렇게 판단했는지 정리해 주십시오.","Both of you changed your memory of the money's source. Summarize who judged what, and why.",お二人はお金の出所をめぐって記憶が変わりました。誰がなぜそう判断したのか整理してください。,两位关于钱的来源的记忆发生了变化。请整理是谁为什么那样判断。,"Scripted text channel without party a/b as speaker: system, judge, witness, dossier, mediation, aftermath, and milestone copy."
non_party_scripted_text_src_data_scriptedText_family-01_channels_judge_contradiction_.entries_d-3_soft_.variants_judgec-d-3-soft-v5_.behaviorHint,non_party_scripted_text,src/data/scriptedText,family-01,channels[judge_contradiction].entries[d-3|soft].variants[judgec-d-3-soft-v5].behaviorHint,재판관이 말의 결이 달라진 지점을 조용히 짚는다. 스스로 정리할 여지를 남기는 톤이다.,The Judge quietly points out where the texture of the statement changed. Tone leaves room for self-organization.,裁判官が言葉の調子が変わった地点を静かに指摘する。自分で整理する余地を残すトーン。,法官安静指出话语质地发生变化的地方。语气留出自行整理的余地。,"Scripted text channel without party a/b as speaker: system, judge, witness, dossier, mediation, aftermath, and milestone copy."
non_party_scripted_text_src_data_scriptedText_family-01_channels_judge_contradiction_.entries_d-3_soft_.variants_judgec-d-3-soft-v5_.text,non_party_scripted_text,src/data/scriptedText,family-01,channels[judge_contradiction].entries[d-3|soft].variants[judgec-d-3-soft-v5].text,"윤정후 씨, 도움의 규모를 줄여 말한 이유가 윤태성 씨의 체면 때문이었습니까.","Mr. Yoon Jeong-hu, was the reason you understated the scale of the help Mr. Yoon Tae-seong's pride?",ユン・ジョンフさん、支援の規模を小さく話した理由はユン・テソンさんの体面だったのですか。,尹正厚先生，您把帮助规模说小，是因为尹泰成先生的面子吗？,"Scripted text channel without party a/b as speaker: system, judge, witness, dossier, mediation, aftermath, and milestone copy."
non_party_scripted_text_src_data_scriptedText_family-01_channels_judge_contradiction_.entries_d-4_hard_.variants_judgec-d-4-hard-v1_.behaviorHint,non_party_scripted_text,src/data/scriptedText,family-01,channels[judge_contradiction].entries[d-4|hard].variants[judgec-d-4-hard-v1].behaviorHint,재판관이 책임 회피를 끊고 핵심 답변을 요구한다. 모순을 법정 기록으로 고정하는 톤이다.,The Judge cuts off avoidance of responsibility and demands a key answer. Tone fixes the contradiction in the court record.,裁判官が責任回避を断ち切り、核心の答えを求める。矛盾を法廷記録に固定するトーン。,法官切断逃避责任，要求核心回答。语气将矛盾固定为法庭记录。,"Scripted text channel without party a/b as speaker: system, judge, witness, dossier, mediation, aftermath, and milestone copy."
non_party_scripted_text_src_data_scriptedText_family-01_channels_judge_contradiction_.entries_d-4_hard_.variants_judgec-d-4-hard-v1_.text,non_party_scripted_text,src/data/scriptedText,family-01,channels[judge_contradiction].entries[d-4|hard].variants[judgec-d-4-hard-v1].text,"윤정후 씨, 윤태성 씨와 관련한 민감한 가족사를 알고도 법정까지 숨겼습니다. 보호라는 말로 끝낼 수 없습니다.","Mr. Yoon Jeong-hu, you knew sensitive family history about Mr. Yoon Tae-seong and still hid it until this court. This cannot end with the word ""protection.""",ユン・ジョンフさん、ユン・テソンさんに関わる繊細な家族史を知りながら、法廷まで隠しました。「保護」という言葉で終わらせることはできません。,尹正厚先生，您明知与尹泰成先生有关的敏感家族史，却一直隐瞒到法庭。不能用“保护”一词就结束。,"Scripted text channel without party a/b as speaker: system, judge, witness, dossier, mediation, aftermath, and milestone copy."
non_party_scripted_text_src_data_scriptedText_family-01_channels_judge_contradiction_.entries_d-4_hard_.variants_judgec-d-4-hard-v2_.behaviorHint,non_party_scripted_text,src/data/scriptedText,family-01,channels[judge_contradiction].entries[d-4|hard].variants[judgec-d-4-hard-v2].behaviorHint,재판관이 책임 회피를 끊고 핵심 답변을 요구한다. 모순을 법정 기록으로 고정하는 톤이다.,The Judge cuts off avoidance of responsibility and demands a key answer. Tone fixes the contradiction in the court record.,裁判官が責任回避を断ち切り、核心の答えを求める。矛盾を法廷記録に固定するトーン。,法官切断逃避责任，要求核心回答。语气将矛盾固定为法庭记录。,"Scripted text channel without party a/b as speaker: system, judge, witness, dossier, mediation, aftermath, and milestone copy."
non_party_scripted_text_src_data_scriptedText_family-01_channels_judge_contradiction_.entries_d-4_hard_.variants_judgec-d-4-hard-v2_.text,non_party_scripted_text,src/data/scriptedText,family-01,channels[judge_contradiction].entries[d-4|hard].variants[judgec-d-4-hard-v2].text,"윤태성 씨, 모른 채 살아온 분노만으로 판단하면 다시 사실을 놓칩니다. 지금 무엇을 인정합니까.","Mr. Yoon Tae-seong, if you judge only by the anger of having lived without knowing, you will miss the facts again. What do you acknowledge now?",ユン・テソンさん、知らずに生きてきた怒りだけで判断すれば、また事実を見失います。今、何を認めますか。,尹泰成先生，如果只凭“不知情地活到现在”的愤怒来判断，您会再次错过事实。现在您承认什么？,"Scripted text channel without party a/b as speaker: system, judge, witness, dossier, mediation, aftermath, and milestone copy."
non_party_scripted_text_src_data_scriptedText_family-01_channels_judge_contradiction_.entries_d-4_hard_.variants_judgec-d-4-hard-v3_.behaviorHint,non_party_scripted_text,src/data/scriptedText,family-01,channels[judge_contradiction].entries[d-4|hard].variants[judgec-d-4-hard-v3].behaviorHint,재판관이 책임 회피를 끊고 핵심 답변을 요구한다. 모순을 법정 기록으로 고정하는 톤이다.,The Judge cuts off avoidance of responsibility and demands a key answer. Tone fixes the contradiction in the court record.,裁判官が責任回避を断ち切り、核心の答えを求める。矛盾を法廷記録に固定するトーン。,法官切断逃避责任，要求核心回答。语气将矛盾固定为法庭记录。,"Scripted text channel without party a/b as speaker: system, judge, witness, dossier, mediation, aftermath, and milestone copy."
non_party_scripted_text_src_data_scriptedText_family-01_channels_judge_contradiction_.entries_d-4_hard_.variants_judgec-d-4-hard-v3_.text,non_party_scripted_text,src/data/scriptedText,family-01,channels[judge_contradiction].entries[d-4|hard].variants[judgec-d-4-hard-v3].text,"윤정후 씨, 유서를 고쳐 비밀을 막으려 한 판단이 분쟁을 만들었습니다. 책임을 답해 주십시오.","Mr. Yoon Jeong-hu, your decision to change the will to block the secret created this dispute. Answer for your responsibility.",ユン・ジョンフさん、秘密を防ぐために遺言書を変えようとした判断が、この争いを生みました。責任を答えてください。,尹正厚先生，您为了阻止秘密暴露而改动遗嘱的判断，造成了这场争端。请回答责任。,"Scripted text channel without party a/b as speaker: system, judge, witness, dossier, mediation, aftermath, and milestone copy."
non_party_scripted_text_src_data_scriptedText_family-01_channels_judge_contradiction_.entries_d-4_hard_.variants_judgec-d-4-hard-v4_.behaviorHint,non_party_scripted_text,src/data/scriptedText,family-01,channels[judge_contradiction].entries[d-4|hard].variants[judgec-d-4-hard-v4].behaviorHint,재판관이 책임 회피를 끊고 핵심 답변을 요구한다. 모순을 법정 기록으로 고정하는 톤이다.,The Judge cuts off avoidance of responsibility and demands a key answer. Tone fixes the contradiction in the court record.,裁判官が責任回避を断ち切り、核心の答えを求める。矛盾を法廷記録に固定するトーン。,法官切断逃避责任，要求核心回答。语气将矛盾固定为法庭记录。,"Scripted text channel without party a/b as speaker: system, judge, witness, dossier, mediation, aftermath, and milestone copy."
non_party_scripted_text_src_data_scriptedText_family-01_channels_judge_contradiction_.entries_d-4_hard_.variants_judgec-d-4-hard-v4_.text,non_party_scripted_text,src/data/scriptedText,family-01,channels[judge_contradiction].entries[d-4|hard].variants[judgec-d-4-hard-v4].text,"두 분, 숨김과 단정이 서로 단초가 됐습니다. 시간순으로 누가 먼저 무엇을 숨겼습니까.","Both of you: concealment and assumption became each other's trigger. In order, who hid what first?",お二人、隠したことと決めつけたことが互いのきっかけになりました。時間順に、誰が先に何を隠しましたか。,两位，隐瞒和断定互为导火索。请按时间顺序说明谁先隐瞒了什么。,"Scripted text channel without party a/b as speaker: system, judge, witness, dossier, mediation, aftermath, and milestone copy."
non_party_scripted_text_src_data_scriptedText_family-01_channels_judge_contradiction_.entries_d-4_hard_.variants_judgec-d-4-hard-v5_.behaviorHint,non_party_scripted_text,src/data/scriptedText,family-01,channels[judge_contradiction].entries[d-4|hard].variants[judgec-d-4-hard-v5].behaviorHint,재판관이 책임 회피를 끊고 핵심 답변을 요구한다. 모순을 법정 기록으로 고정하는 톤이다.,The Judge cuts off avoidance of responsibility and demands a key answer. Tone fixes the contradiction in the court record.,裁判官が責任回避を断ち切り、核心の答えを求める。矛盾を法廷記録に固定するトーン。,法官切断逃避责任，要求核心回答。语气将矛盾固定为法庭记录。,"Scripted text channel without party a/b as speaker: system, judge, witness, dossier, mediation, aftermath, and milestone copy."
non_party_scripted_text_src_data_scriptedText_family-01_channels_judge_contradiction_.entries_d-4_hard_.variants_judgec-d-4-hard-v5_.text,non_party_scripted_text,src/data/scriptedText,family-01,channels[judge_contradiction].entries[d-4|hard].variants[judgec-d-4-hard-v5].text,"윤정후 씨, 침묵은 윤태성 씨를 지킨 게 아니라 의심을 키웠습니다. 그 판단을 지금 설명해 주십시오.","Mr. Yoon Jeong-hu, your silence did not protect Mr. Yoon Tae-seong; it deepened suspicion. Explain that judgment now.",ユン・ジョンフさん、沈黙はユン・テソンさんを守ったのではなく、疑いを大きくしました。その判断を今説明してください。,尹正厚先生，您的沉默没有保护尹泰成先生，而是加深了怀疑。现在请解释那项判断。,"Scripted text channel without party a/b as speaker: system, judge, witness, dossier, mediation, aftermath, and milestone copy."
non_party_scripted_text_src_data_scriptedText_family-01_channels_judge_contradiction_.entries_d-4_mid_.variants_judgec-d-4-mid-v1_.behaviorHint,non_party_scripted_text,src/data/scriptedText,family-01,channels[judge_contradiction].entries[d-4|mid].variants[judgec-d-4-mid-v1].behaviorHint,재판관이 달라진 입장을 분명히 짚고 이유를 요구한다. 회피가 길어지지 않게 잡는 톤이다.,The Judge clearly points out the changed position and demands the reason. Tone keeps evasion from dragging on.,裁判官が変わった立場を明確に指摘し、理由を求める。回避が長引かないよう押さえるトーン。,法官明确指出立场变化并要求理由。语气防止回避继续拖延。,"Scripted text channel without party a/b as speaker: system, judge, witness, dossier, mediation, aftermath, and milestone copy."
non_party_scripted_text_src_data_scriptedText_family-01_channels_judge_contradiction_.entries_d-4_mid_.variants_judgec-d-4-mid-v1_.text,non_party_scripted_text,src/data/scriptedText,family-01,channels[judge_contradiction].entries[d-4|mid].variants[judgec-d-4-mid-v1].text,"윤정후 씨, 출생 문제를 알고도 유서 문제로 덮어 두셨습니다. 왜 처음부터 말하지 않았습니까.","Mr. Yoon Jeong-hu, you knew the birth issue and still covered it with the will issue. Why did you not say it from the start?",ユン・ジョンフさん、出生の問題を知りながら遺言書の問題で覆っていました。なぜ最初から言わなかったのですか。,尹正厚先生，您明知出生问题，却用遗嘱问题遮住了它。为什么一开始不说？,"Scripted text channel without party a/b as speaker: system, judge, witness, dossier, mediation, aftermath, and milestone copy."
non_party_scripted_text_src_data_scriptedText_family-01_channels_judge_contradiction_.entries_d-4_mid_.variants_judgec-d-4-mid-v2_.behaviorHint,non_party_scripted_text,src/data/scriptedText,family-01,channels[judge_contradiction].entries[d-4|mid].variants[judgec-d-4-mid-v2].behaviorHint,재판관이 달라진 입장을 분명히 짚고 이유를 요구한다. 회피가 길어지지 않게 잡는 톤이다.,The Judge clearly points out the changed position and demands the reason. Tone keeps evasion from dragging on.,裁判官が変わった立場を明確に指摘し、理由を求める。回避が長引かないよう押さえるトーン。,法官明确指出立场变化并要求理由。语气防止回避继续拖延。,"Scripted text channel without party a/b as speaker: system, judge, witness, dossier, mediation, aftermath, and milestone copy."
non_party_scripted_text_src_data_scriptedText_family-01_channels_judge_contradiction_.entries_d-4_mid_.variants_judgec-d-4-mid-v2_.text,non_party_scripted_text,src/data/scriptedText,family-01,channels[judge_contradiction].entries[d-4|mid].variants[judgec-d-4-mid-v2].text,"윤태성 씨, 윤정후 씨가 숨겼다는 사실에 분노하면서도 그 이유를 들어야 합니다. 답을 받아들이겠습니까.","Mr. Yoon Tae-seong, while you are angry that Mr. Yoon Jeong-hu hid it, you must also hear why. Will you accept the answer?",ユン・テソンさん、ユン・ジョンフさんが隠した事実に怒りながらも、その理由は聞かなければなりません。答えを受け入れられますか。,尹泰成先生，您因尹正厚先生隐瞒而愤怒，但也必须听他的理由。您能接受答案吗？,"Scripted text channel without party a/b as speaker: system, judge, witness, dossier, mediation, aftermath, and milestone copy."
non_party_scripted_text_src_data_scriptedText_family-01_channels_judge_contradiction_.entries_d-4_mid_.variants_judgec-d-4-mid-v3_.behaviorHint,non_party_scripted_text,src/data/scriptedText,family-01,channels[judge_contradiction].entries[d-4|mid].variants[judgec-d-4-mid-v3].behaviorHint,재판관이 달라진 입장을 분명히 짚고 이유를 요구한다. 회피가 길어지지 않게 잡는 톤이다.,The Judge clearly points out the changed position and demands the reason. Tone keeps evasion from dragging on.,裁判官が変わった立場を明確に指摘し、理由を求める。回避が長引かないよう押さえるトーン。,法官明确指出立场变化并要求理由。语气防止回避继续拖延。,"Scripted text channel without party a/b as speaker: system, judge, witness, dossier, mediation, aftermath, and milestone copy."
non_party_scripted_text_src_data_scriptedText_family-01_channels_judge_contradiction_.entries_d-4_mid_.variants_judgec-d-4-mid-v3_.text,non_party_scripted_text,src/data/scriptedText,family-01,channels[judge_contradiction].entries[d-4|mid].variants[judgec-d-4-mid-v3].text,"윤정후 씨, 윤태성 씨의 삶을 지킨다는 판단이 서류 변경까지 이어졌습니다. 그 연결을 설명해 주십시오.","Mr. Yoon Jeong-hu, your judgment that you were protecting Mr. Yoon Tae-seong's life led all the way to changing the document. Explain that link.",ユン・ジョンフさん、ユン・テソンさんの人生を守るという判断が、書類の変更にまでつながりました。そのつながりを説明してください。,尹正厚先生，您认为是在保护尹泰成先生的人生，而这一路延伸到文件变更。请说明其中的关联。,"Scripted text channel without party a/b as speaker: system, judge, witness, dossier, mediation, aftermath, and milestone copy."
non_party_scripted_text_src_data_scriptedText_family-01_channels_judge_contradiction_.entries_d-4_mid_.variants_judgec-d-4-mid-v4_.behaviorHint,non_party_scripted_text,src/data/scriptedText,family-01,channels[judge_contradiction].entries[d-4|mid].variants[judgec-d-4-mid-v4].behaviorHint,재판관이 달라진 입장을 분명히 짚고 이유를 요구한다. 회피가 길어지지 않게 잡는 톤이다.,The Judge clearly points out the changed position and demands the reason. Tone keeps evasion from dragging on.,裁判官が変わった立場を明確に指摘し、理由を求める。回避が長引かないよう押さえるトーン。,法官明确指出立场变化并要求理由。语气防止回避继续拖延。,"Scripted text channel without party a/b as speaker: system, judge, witness, dossier, mediation, aftermath, and milestone copy."
non_party_scripted_text_src_data_scriptedText_family-01_channels_judge_contradiction_.entries_d-4_mid_.variants_judgec-d-4-mid-v4_.text,non_party_scripted_text,src/data/scriptedText,family-01,channels[judge_contradiction].entries[d-4|mid].variants[judgec-d-4-mid-v4].text,두 분 모두 비밀 앞에서 책임을 갈라 말합니다. 누가 언제 무엇을 숨겼는지 답해 주십시오.,"Both of you split responsibility in front of the secret. Answer who hid what, and when.",お二人とも、秘密の前で責任を分けて話しています。誰がいつ何を隠したのか答えてください。,两位都在秘密面前切分责任。请回答谁在什么时候隐瞒了什么。,"Scripted text channel without party a/b as speaker: system, judge, witness, dossier, mediation, aftermath, and milestone copy."
non_party_scripted_text_src_data_scriptedText_family-01_channels_judge_contradiction_.entries_d-4_mid_.variants_judgec-d-4-mid-v5_.behaviorHint,non_party_scripted_text,src/data/scriptedText,family-01,channels[judge_contradiction].entries[d-4|mid].variants[judgec-d-4-mid-v5].behaviorHint,재판관이 달라진 입장을 분명히 짚고 이유를 요구한다. 회피가 길어지지 않게 잡는 톤이다.,The Judge clearly points out the changed position and demands the reason. Tone keeps evasion from dragging on.,裁判官が変わった立場を明確に指摘し、理由を求める。回避が長引かないよう押さえるトーン。,法官明确指出立场变化并要求理由。语气防止回避继续拖延。,"Scripted text channel without party a/b as speaker: system, judge, witness, dossier, mediation, aftermath, and milestone copy."
non_party_scripted_text_src_data_scriptedText_family-01_channels_judge_contradiction_.entries_d-4_mid_.variants_judgec-d-4-mid-v5_.text,non_party_scripted_text,src/data/scriptedText,family-01,channels[judge_contradiction].entries[d-4|mid].variants[judgec-d-4-mid-v5].text,"윤정후 씨, 침묵이 보호였다고 하면서 윤태성 씨에게 더 큰 충격을 남겼습니다. 왜 버텼습니까.","Mr. Yoon Jeong-hu, you say your silence was protection, yet it left Mr. Yoon Tae-seong with an even greater shock. Why did you hold out?",ユン・ジョンフさん、沈黙は保護だったと言いながら、ユン・テソンさんにはさらに大きな衝撃を残しました。なぜ耐え続けたのですか。,尹正厚先生，您说沉默是保护，却给尹泰成先生留下了更大的冲击。为什么一直撑着不说？,"Scripted text channel without party a/b as speaker: system, judge, witness, dossier, mediation, aftermath, and milestone copy."
non_party_scripted_text_src_data_scriptedText_family-01_channels_judge_contradiction_.entries_d-4_soft_.variants_judgec-d-4-soft-v1_.behaviorHint,non_party_scripted_text,src/data/scriptedText,family-01,channels[judge_contradiction].entries[d-4|soft].variants[judgec-d-4-soft-v1].behaviorHint,재판관이 말의 결이 달라진 지점을 조용히 짚는다. 스스로 정리할 여지를 남기는 톤이다.,The Judge quietly points out where the texture of the statement changed. Tone leaves room for self-organization.,裁判官が言葉の調子が変わった地点を静かに指摘する。自分で整理する余地を残すトーン。,法官安静指出话语质地发生变化的地方。语气留出自行整理的余地。,"Scripted text channel without party a/b as speaker: system, judge, witness, dossier, mediation, aftermath, and milestone copy."
non_party_scripted_text_src_data_scriptedText_family-01_channels_judge_contradiction_.entries_d-4_soft_.variants_judgec-d-4-soft-v1_.text,non_party_scripted_text,src/data/scriptedText,family-01,channels[judge_contradiction].entries[d-4|soft].variants[judgec-d-4-soft-v1].text,"윤정후 씨, 모른다던 태도에서 어머니 기록과 침묵의 이유까지 드러났습니다. 어느 시점부터 알았습니까.","Mr. Yoon Jeong-hu, your stance moved from not knowing to revealing Mother's record and the reason for your silence. Since when did you know?",ユン・ジョンフさん、知らないという態度から、母の記録と沈黙の理由まで明らかになりました。どの時点から知っていたのですか。,尹正厚先生，您的态度从说不知道，变成母亲记录和沉默理由都显露出来。您是从什么时候知道的？,"Scripted text channel without party a/b as speaker: system, judge, witness, dossier, mediation, aftermath, and milestone copy."
non_party_scripted_text_src_data_scriptedText_family-01_channels_judge_contradiction_.entries_d-4_soft_.variants_judgec-d-4-soft-v2_.behaviorHint,non_party_scripted_text,src/data/scriptedText,family-01,channels[judge_contradiction].entries[d-4|soft].variants[judgec-d-4-soft-v2].behaviorHint,재판관이 말의 결이 달라진 지점을 조용히 짚는다. 스스로 정리할 여지를 남기는 톤이다.,The Judge quietly points out where the texture of the statement changed. Tone leaves room for self-organization.,裁判官が言葉の調子が変わった地点を静かに指摘する。自分で整理する余地を残すトーン。,法官安静指出话语质地发生变化的地方。语气留出自行整理的余地。,"Scripted text channel without party a/b as speaker: system, judge, witness, dossier, mediation, aftermath, and milestone copy."
non_party_scripted_text_src_data_scriptedText_family-01_channels_judge_contradiction_.entries_d-4_soft_.variants_judgec-d-4-soft-v2_.text,non_party_scripted_text,src/data/scriptedText,family-01,channels[judge_contradiction].entries[d-4|soft].variants[judgec-d-4-soft-v2].text,"윤태성 씨, 유서 문제에서 숨겨진 가족사 문제로 입장이 흔들렸습니다. 지금 무엇이 더 큽니까.","Mr. Yoon Tae-seong, your position has wavered from the will issue to the hidden family history. What is greater now?",ユン・テソンさん、遺言書の問題から隠された家族史の問題へと立場が揺れています。今、何のほうが大きいですか。,尹泰成先生，您的立场从遗嘱问题动摇到隐藏家族史问题。现在什么更重要？,"Scripted text channel without party a/b as speaker: system, judge, witness, dossier, mediation, aftermath, and milestone copy."
non_party_scripted_text_src_data_scriptedText_family-01_channels_judge_contradiction_.entries_d-4_soft_.variants_judgec-d-4-soft-v3_.behaviorHint,non_party_scripted_text,src/data/scriptedText,family-01,channels[judge_contradiction].entries[d-4|soft].variants[judgec-d-4-soft-v3].behaviorHint,재판관이 말의 결이 달라진 지점을 조용히 짚는다. 스스로 정리할 여지를 남기는 톤이다.,The Judge quietly points out where the texture of the statement changed. Tone leaves room for self-organization.,裁判官が言葉の調子が変わった地点を静かに指摘する。自分で整理する余地を残すトーン。,法官安静指出话语质地发生变化的地方。语气留出自行整理的余地。,"Scripted text channel without party a/b as speaker: system, judge, witness, dossier, mediation, aftermath, and milestone copy."
non_party_scripted_text_src_data_scriptedText_family-01_channels_judge_contradiction_.entries_d-4_soft_.variants_judgec-d-4-soft-v3_.text,non_party_scripted_text,src/data/scriptedText,family-01,channels[judge_contradiction].entries[d-4|soft].variants[judgec-d-4-soft-v3].text,"윤정후 씨, 윤태성 씨를 지키려 했다는 말과 비밀을 숨긴 행동은 함께 보아야 합니다. 이유를 말씀해 주십시오.","Mr. Yoon Jeong-hu, your words that you tried to protect Mr. Yoon Tae-seong and your act of hiding the secret must be seen together. Give the reason.",ユン・ジョンフさん、ユン・テソンさんを守ろうとしたという言葉と、秘密を隠した行動は一緒に見なければなりません。理由を話してください。,尹正厚先生，您说想保护尹泰成先生，以及您隐瞒秘密的行为，必须放在一起看。请说明理由。,"Scripted text channel without party a/b as speaker: system, judge, witness, dossier, mediation, aftermath, and milestone copy."
non_party_scripted_text_src_data_scriptedText_family-01_channels_judge_contradiction_.entries_d-4_soft_.variants_judgec-d-4-soft-v4_.behaviorHint,non_party_scripted_text,src/data/scriptedText,family-01,channels[judge_contradiction].entries[d-4|soft].variants[judgec-d-4-soft-v4].behaviorHint,재판관이 말의 결이 달라진 지점을 조용히 짚는다. 스스로 정리할 여지를 남기는 톤이다.,The Judge quietly points out where the texture of the statement changed. Tone leaves room for self-organization.,裁判官が言葉の調子が変わった地点を静かに指摘する。自分で整理する余地を残すトーン。,法官安静指出话语质地发生变化的地方。语气留出自行整理的余地。,"Scripted text channel without party a/b as speaker: system, judge, witness, dossier, mediation, aftermath, and milestone copy."
non_party_scripted_text_src_data_scriptedText_family-01_channels_judge_contradiction_.entries_d-4_soft_.variants_judgec-d-4-soft-v4_.text,non_party_scripted_text,src/data/scriptedText,family-01,channels[judge_contradiction].entries[d-4|soft].variants[judgec-d-4-soft-v4].text,"두 분, 침묵과 폭로 사이에서 서로의 기억이 달라졌습니다. 시간순으로 정리해 주십시오.","Both of you, between silence and disclosure, your memories diverged. Put them in chronological order.",お二人、沈黙と暴露の間で互いの記憶がずれました。時間順に整理してください。,两位，在沉默与揭露之间，你们彼此的记忆发生了偏差。请按时间顺序整理。,"Scripted text channel without party a/b as speaker: system, judge, witness, dossier, mediation, aftermath, and milestone copy."
non_party_scripted_text_src_data_scriptedText_family-01_channels_judge_contradiction_.entries_d-4_soft_.variants_judgec-d-4-soft-v5_.behaviorHint,non_party_scripted_text,src/data/scriptedText,family-01,channels[judge_contradiction].entries[d-4|soft].variants[judgec-d-4-soft-v5].behaviorHint,재판관이 말의 결이 달라진 지점을 조용히 짚는다. 스스로 정리할 여지를 남기는 톤이다.,The Judge quietly points out where the texture of the statement changed. Tone leaves room for self-organization.,裁判官が言葉の調子が変わった地点を静かに指摘する。自分で整理する余地を残すトーン。,法官安静指出话语质地发生变化的地方。语气留出自行整理的余地。,"Scripted text channel without party a/b as speaker: system, judge, witness, dossier, mediation, aftermath, and milestone copy."
non_party_scripted_text_src_data_scriptedText_family-01_channels_judge_contradiction_.entries_d-4_soft_.variants_judgec-d-4-soft-v5_.text,non_party_scripted_text,src/data/scriptedText,family-01,channels[judge_contradiction].entries[d-4|soft].variants[judgec-d-4-soft-v5].text,"윤정후 씨, 어머니 기록을 본 뒤에도 아무 말 하지 않은 선택을 설명해 주십시오.","Mr. Yoon Jeong-hu, explain your choice to say nothing even after seeing Mother's record.",ユン・ジョンフさん、母の記録を見た後にも何も言わなかった選択を説明してください。,尹正厚先生，请说明您看过母亲记录后仍然什么都不说的选择。,"Scripted text channel without party a/b as speaker: system, judge, witness, dossier, mediation, aftermath, and milestone copy."
non_party_scripted_text_src_data_scriptedText_family-01_channels_judge_evidence_combo_.entries_dc-1.b.q1_hard_.variants_judgeec-dc-1-b-q1-hard-v1_.behaviorHint,non_party_scripted_text,src/data/scriptedText,family-01,channels[judge_evidence_combo].entries[dc-1.b.q1|hard].variants[judgeec-dc-1-b-q1-hard-v1].behaviorHint,재판관이 말년의 종이 콤보를 근거로 즉답을 요구한다. 회피를 끊는 톤이다.,The Judge demands an immediate answer based on the final-years papers combo. Tone cuts off evasion.,裁判官が晩年の紙コンボを根拠に即答を求める。回避を断ち切るトーン。,法官以晚年纸页组合为依据要求立即回答。语气切断回避。,"Scripted text channel without party a/b as speaker: system, judge, witness, dossier, mediation, aftermath, and milestone copy."
non_party_scripted_text_src_data_scriptedText_family-01_channels_judge_evidence_combo_.entries_dc-1.b.q1_hard_.variants_judgeec-dc-1-b-q1-hard-v1_.text,non_party_scripted_text,src/data/scriptedText,family-01,channels[judge_evidence_combo].entries[dc-1.b.q1|hard].variants[judgeec-dc-1-b-q1-hard-v1].text,"유서 사본, 방문기록, 최복순 씨 증언이 모두 윤정후 씨의 개입을 향합니다. 윤정후 씨, 문병이었는지 유서 절차였는지 지금 명확히 말씀해 주십시오.","The will copy, visit record, and Choi Bok-sun's testimony all point to Mr. Yoon Jeong-hu's involvement. Mr. Yoon Jeong-hu, state clearly now whether this was a sickroom visit or a will procedure.",遺言書コピー、訪問記録、チェ・ボクスンさんの証言は、いずれもユン・ジョンフさんの関与を指しています。ユン・ジョンフさん、見舞いだったのか遺言書手続きだったのか、今はっきり話してください。,遗嘱副本、探访记录和崔福顺的证言都指向尹正厚先生的介入。尹正厚先生，现在请明确说明这是探病，还是遗嘱程序。,"Scripted text channel without party a/b as speaker: system, judge, witness, dossier, mediation, aftermath, and milestone copy."
non_party_scripted_text_src_data_scriptedText_family-01_channels_judge_evidence_combo_.entries_dc-1.b.q1_hard_.variants_judgeec-dc-1-b-q1-hard-v2_.behaviorHint,non_party_scripted_text,src/data/scriptedText,family-01,channels[judge_evidence_combo].entries[dc-1.b.q1|hard].variants[judgeec-dc-1-b-q1-hard-v2].behaviorHint,재판관이 말년의 종이 콤보를 근거로 즉답을 요구한다. 회피를 끊는 톤이다.,The Judge demands an immediate answer based on the final-years papers combo. Tone cuts off evasion.,裁判官が晩年の紙コンボを根拠に即答を求める。回避を断ち切るトーン。,法官以晚年纸页组合为依据要求立即回答。语气切断回避。,"Scripted text channel without party a/b as speaker: system, judge, witness, dossier, mediation, aftermath, and milestone copy."
non_party_scripted_text_src_data_scriptedText_family-01_channels_judge_evidence_combo_.entries_dc-1.b.q1_hard_.variants_judgeec-dc-1-b-q1-hard-v2_.text,non_party_scripted_text,src/data/scriptedText,family-01,channels[judge_evidence_combo].entries[dc-1.b.q1|hard].variants[judgeec-dc-1-b-q1-hard-v2].text,"윤정후 씨, 방문이 늘어난 기록과 종이를 읽어드린 증언을 더는 따로 떼어 볼 수 없습니다. 윤태성 씨를 피한 판단을 설명해 주십시오.","Mr. Yoon Jeong-hu, the record of increased visits and the testimony that you read papers to her can no longer be viewed separately. Explain the judgment to avoid Mr. Yoon Tae-seong.",ユン・ジョンフさん、訪問が増えた記録と紙を読み上げた証言を、これ以上切り離して見ることはできません。ユン・テソンさんを避けた判断を説明してください。,尹正厚先生，探访增加的记录和您读纸给她听的证言，已经不能再分开看。请解释您避开尹泰成先生的判断。,"Scripted text channel without party a/b as speaker: system, judge, witness, dossier, mediation, aftermath, and milestone copy."
non_party_scripted_text_src_data_scriptedText_family-01_channels_judge_evidence_combo_.entries_dc-1.b.q1_hard_.variants_judgeec-dc-1-b-q1-hard-v3_.behaviorHint,non_party_scripted_text,src/data/scriptedText,family-01,channels[judge_evidence_combo].entries[dc-1.b.q1|hard].variants[judgeec-dc-1-b-q1-hard-v3].behaviorHint,재판관이 말년의 종이 콤보를 근거로 즉답을 요구한다. 회피를 끊는 톤이다.,The Judge demands an immediate answer based on the final-years papers combo. Tone cuts off evasion.,裁判官が晩年の紙コンボを根拠に即答を求める。回避を断ち切るトーン。,法官以晚年纸页组合为依据要求立即回答。语气切断回避。,"Scripted text channel without party a/b as speaker: system, judge, witness, dossier, mediation, aftermath, and milestone copy."
non_party_scripted_text_src_data_scriptedText_family-01_channels_judge_evidence_combo_.entries_dc-1.b.q1_hard_.variants_judgeec-dc-1-b-q1-hard-v3_.text,non_party_scripted_text,src/data/scriptedText,family-01,channels[judge_evidence_combo].entries[dc-1.b.q1|hard].variants[judgeec-dc-1-b-q1-hard-v3].text,"최복순 씨가 들은 말과 방문기록이 맞물립니다. 윤정후 씨, 어머니를 도운 것인지 유서 과정을 끌고 간 것인지 선을 명확히 하십시오.","What Choi Bok-sun heard and the visit record fit together. Mr. Yoon Jeong-hu, draw the line: were you helping Mother, or leading the will process?",チェ・ボクスンさんが聞いた言葉と訪問記録がかみ合っています。ユン・ジョンフさん、母を助けたのか、遺言書の過程を引っ張ったのか、線を明確にしてください。,崔福顺听到的话与探访记录相互吻合。尹正厚先生，请把界线说清楚：您是在帮助母亲，还是在推动遗嘱过程？,"Scripted text channel without party a/b as speaker: system, judge, witness, dossier, mediation, aftermath, and milestone copy."
non_party_scripted_text_src_data_scriptedText_family-01_channels_judge_evidence_combo_.entries_dc-1.b.q1_hard_.variants_judgeec-dc-1-b-q1-hard-v4_.behaviorHint,non_party_scripted_text,src/data/scriptedText,family-01,channels[judge_evidence_combo].entries[dc-1.b.q1|hard].variants[judgeec-dc-1-b-q1-hard-v4].behaviorHint,재판관이 말년의 종이 콤보를 근거로 즉답을 요구한다. 회피를 끊는 톤이다.,The Judge demands an immediate answer based on the final-years papers combo. Tone cuts off evasion.,裁判官が晩年の紙コンボを根拠に即答を求める。回避を断ち切るトーン。,法官以晚年纸页组合为依据要求立即回答。语气切断回避。,"Scripted text channel without party a/b as speaker: system, judge, witness, dossier, mediation, aftermath, and milestone copy."
non_party_scripted_text_src_data_scriptedText_family-01_channels_judge_evidence_combo_.entries_dc-1.b.q1_hard_.variants_judgeec-dc-1-b-q1-hard-v4_.text,non_party_scripted_text,src/data/scriptedText,family-01,channels[judge_evidence_combo].entries[dc-1.b.q1|hard].variants[judgeec-dc-1-b-q1-hard-v4].text,"말년의 방문 흐름은 우연으로 보기 어렵습니다. 윤정후 씨, 유서 이야기를 윤태성 씨 없이 진행한 책임을 지금 말씀해 주십시오.","The pattern of visits in Mother's final years is hard to treat as coincidence. Mr. Yoon Jeong-hu, state now your responsibility for discussing the will without Mr. Yoon Tae-seong.",晩年の訪問の流れは偶然とは見にくいものです。ユン・ジョンフさん、ユン・テソンさん抜きで遺言書の話を進めた責任を今話してください。,母亲晚年的探访变化很难视为偶然。尹正厚先生，现在请说明您在没有尹泰成先生的情况下推进遗嘱谈话的责任。,"Scripted text channel without party a/b as speaker: system, judge, witness, dossier, mediation, aftermath, and milestone copy."
non_party_scripted_text_src_data_scriptedText_family-01_channels_judge_evidence_combo_.entries_dc-1.b.q1_hard_.variants_judgeec-dc-1-b-q1-hard-v5_.behaviorHint,non_party_scripted_text,src/data/scriptedText,family-01,channels[judge_evidence_combo].entries[dc-1.b.q1|hard].variants[judgeec-dc-1-b-q1-hard-v5].behaviorHint,재판관이 말년의 종이 콤보를 근거로 즉답을 요구한다. 회피를 끊는 톤이다.,The Judge demands an immediate answer based on the final-years papers combo. Tone cuts off evasion.,裁判官が晩年の紙コンボを根拠に即答を求める。回避を断ち切るトーン。,法官以晚年纸页组合为依据要求立即回答。语气切断回避。,"Scripted text channel without party a/b as speaker: system, judge, witness, dossier, mediation, aftermath, and milestone copy."
non_party_scripted_text_src_data_scriptedText_family-01_channels_judge_evidence_combo_.entries_dc-1.b.q1_hard_.variants_judgeec-dc-1-b-q1-hard-v5_.text,non_party_scripted_text,src/data/scriptedText,family-01,channels[judge_evidence_combo].entries[dc-1.b.q1|hard].variants[judgeec-dc-1-b-q1-hard-v5].text,"유서 사본 뒤에는 방문기록과 낭독 장면이 붙어 있습니다. 윤정후 씨, 그 일에서 본인이 맡은 역할을 숨기지 말고 답해 주십시오.","Behind the will copy are the visit record and the scene of the reading. Mr. Yoon Jeong-hu, do not hide the role you played in it; answer.",遺言書コピーの背後には、訪問記録と読み上げの場面があります。ユン・ジョンフさん、その件で自分が担った役割を隠さず答えてください。,遗嘱副本背后还有探访记录和朗读场面。尹正厚先生，请不要隐瞒您在其中承担的角色，回答问题。,"Scripted text channel without party a/b as speaker: system, judge, witness, dossier, mediation, aftermath, and milestone copy."
non_party_scripted_text_src_data_scriptedText_family-01_channels_judge_evidence_combo_.entries_dc-1.b.q1_mid_.variants_judgeec-dc-1-b-q1-mid-v1_.behaviorHint,non_party_scripted_text,src/data/scriptedText,family-01,channels[judge_evidence_combo].entries[dc-1.b.q1|mid].variants[judgeec-dc-1-b-q1-mid-v1].behaviorHint,재판관이 말년의 종이 콤보의 방향을 분명히 짚는다. 더 미루지 못하게 하는 톤이다.,The Judge clearly points out the direction of the final-years papers combo. Tone leaves no room to postpone.,裁判官が晩年の紙コンボの方向を明確に指摘する。これ以上先送りできないようにするトーン。,法官明确指出晚年纸页组合的方向。语气让对方无法再拖延。,"Scripted text channel without party a/b as speaker: system, judge, witness, dossier, mediation, aftermath, and milestone copy."
non_party_scripted_text_src_data_scriptedText_family-01_channels_judge_evidence_combo_.entries_dc-1.b.q1_mid_.variants_judgeec-dc-1-b-q1-mid-v1_.text,non_party_scripted_text,src/data/scriptedText,family-01,channels[judge_evidence_combo].entries[dc-1.b.q1|mid].variants[judgeec-dc-1-b-q1-mid-v1].text,"방문기록과 최복순 씨 증언을 나란히 보면 단순 문병으로 보기 어렵습니다. 윤정후 씨, 종이를 읽어드린 이유와 윤태성 씨를 피한 이유를 나누어 말씀해 주십시오.","Viewed together, the visit record and Choi Bok-sun's testimony make it difficult to call this a simple sickroom visit. Mr. Yoon Jeong-hu, separately explain why you read the paper to her and why you avoided Mr. Yoon Tae-seong.",訪問記録とチェ・ボクスンさんの証言を並べると、単なる見舞いとは見にくいものです。ユン・ジョンフさん、紙を読み上げた理由とユン・テソンさんを避けた理由を分けて話してください。,把探访记录和崔福顺的证言并列来看，很难说只是普通探病。尹正厚先生，请分别说明您读纸给她听的理由，以及避开尹泰成先生的理由。,"Scripted text channel without party a/b as speaker: system, judge, witness, dossier, mediation, aftermath, and milestone copy."
non_party_scripted_text_src_data_scriptedText_family-01_channels_judge_evidence_combo_.entries_dc-1.b.q1_mid_.variants_judgeec-dc-1-b-q1-mid-v2_.behaviorHint,non_party_scripted_text,src/data/scriptedText,family-01,channels[judge_evidence_combo].entries[dc-1.b.q1|mid].variants[judgeec-dc-1-b-q1-mid-v2].behaviorHint,재판관이 말년의 종이 콤보의 방향을 분명히 짚는다. 더 미루지 못하게 하는 톤이다.,The Judge clearly points out the direction of the final-years papers combo. Tone leaves no room to postpone.,裁判官が晩年の紙コンボの方向を明確に指摘する。これ以上先送りできないようにするトーン。,法官明确指出晚年纸页组合的方向。语气让对方无法再拖延。,"Scripted text channel without party a/b as speaker: system, judge, witness, dossier, mediation, aftermath, and milestone copy."
non_party_scripted_text_src_data_scriptedText_family-01_channels_judge_evidence_combo_.entries_dc-1.b.q1_mid_.variants_judgeec-dc-1-b-q1-mid-v2_.text,non_party_scripted_text,src/data/scriptedText,family-01,channels[judge_evidence_combo].entries[dc-1.b.q1|mid].variants[judgeec-dc-1-b-q1-mid-v2].text,"유서 사본의 작성 시점과 말년 방문 증가, 요양보호사 증언이 같은 장면을 만들고 있습니다. 윤정후 씨, 더 미루지 말고 경위를 말해 주십시오.","The timing of the will copy, the increase in final-years visits, and the caregiver's testimony form one scene. Mr. Yoon Jeong-hu, stop postponing it and explain the circumstances.",遺言書コピーの作成時点、晩年の訪問増加、介護職員の証言が一つの場面を作っています。ユン・ジョンフさん、これ以上先送りせず経緯を話してください。,遗嘱副本的制作时间、晚年探访增加和护理员证言，构成了同一个场景。尹正厚先生，请不要再拖延，说明经过。,"Scripted text channel without party a/b as speaker: system, judge, witness, dossier, mediation, aftermath, and milestone copy."
non_party_scripted_text_src_data_scriptedText_family-01_channels_judge_evidence_combo_.entries_dc-1.b.q1_mid_.variants_judgeec-dc-1-b-q1-mid-v3_.behaviorHint,non_party_scripted_text,src/data/scriptedText,family-01,channels[judge_evidence_combo].entries[dc-1.b.q1|mid].variants[judgeec-dc-1-b-q1-mid-v3].behaviorHint,재판관이 말년의 종이 콤보의 방향을 분명히 짚는다. 더 미루지 못하게 하는 톤이다.,The Judge clearly points out the direction of the final-years papers combo. Tone leaves no room to postpone.,裁判官が晩年の紙コンボの方向を明確に指摘する。これ以上先送りできないようにするトーン。,法官明确指出晚年纸页组合的方向。语气让对方无法再拖延。,"Scripted text channel without party a/b as speaker: system, judge, witness, dossier, mediation, aftermath, and milestone copy."
non_party_scripted_text_src_data_scriptedText_family-01_channels_judge_evidence_combo_.entries_dc-1.b.q1_mid_.variants_judgeec-dc-1-b-q1-mid-v3_.text,non_party_scripted_text,src/data/scriptedText,family-01,channels[judge_evidence_combo].entries[dc-1.b.q1|mid].variants[judgeec-dc-1-b-q1-mid-v3].text,"윤정후 씨가 방문한 시기와 최복순 씨가 본 낭독 장면이 겹칩니다. 윤정후 씨, 어머니 뜻을 확인한 것인지 절차를 이끈 것인지 답해 주십시오.","The period when Mr. Yoon Jeong-hu visited overlaps with the reading scene Choi Bok-sun saw. Mr. Yoon Jeong-hu, answer whether you confirmed Mother's wishes or led the procedure.",ユン・ジョンフさんが訪問した時期と、チェ・ボクスンさんが見た読み上げの場面が重なります。ユン・ジョンフさん、母の意思を確認したのか、手続きを導いたのか答えてください。,尹正厚先生探访的时期，与崔福顺看到的朗读场面重合。尹正厚先生，请回答您是在确认母亲的意愿，还是在主导程序。,"Scripted text channel without party a/b as speaker: system, judge, witness, dossier, mediation, aftermath, and milestone copy."
non_party_scripted_text_src_data_scriptedText_family-01_channels_judge_evidence_combo_.entries_dc-1.b.q1_mid_.variants_judgeec-dc-1-b-q1-mid-v4_.behaviorHint,non_party_scripted_text,src/data/scriptedText,family-01,channels[judge_evidence_combo].entries[dc-1.b.q1|mid].variants[judgeec-dc-1-b-q1-mid-v4].behaviorHint,재판관이 말년의 종이 콤보의 방향을 분명히 짚는다. 더 미루지 못하게 하는 톤이다.,The Judge clearly points out the direction of the final-years papers combo. Tone leaves no room to postpone.,裁判官が晩年の紙コンボの方向を明確に指摘する。これ以上先送りできないようにするトーン。,法官明确指出晚年纸页组合的方向。语气让对方无法再拖延。,"Scripted text channel without party a/b as speaker: system, judge, witness, dossier, mediation, aftermath, and milestone copy."
non_party_scripted_text_src_data_scriptedText_family-01_channels_judge_evidence_combo_.entries_dc-1.b.q1_mid_.variants_judgeec-dc-1-b-q1-mid-v4_.text,non_party_scripted_text,src/data/scriptedText,family-01,channels[judge_evidence_combo].entries[dc-1.b.q1|mid].variants[judgeec-dc-1-b-q1-mid-v4].text,유서가 작성된 흐름은 문서 하나로 끝나지 않습니다. 방문기록과 증언이 윤정후 씨의 역할을 묻고 있습니다. 지금 설명해 주십시오.,The drafting of the will does not end with one document. The visit record and testimony are asking about Mr. Yoon Jeong-hu's role. Explain now.,遺言書が作られた流れは、文書一つでは終わりません。訪問記録と証言がユン・ジョンフさんの役割を問うています。今説明してください。,遗嘱制作的流程不是一份文件就能结束。探访记录和证言正在追问尹正厚先生的角色。现在请说明。,"Scripted text channel without party a/b as speaker: system, judge, witness, dossier, mediation, aftermath, and milestone copy."
non_party_scripted_text_src_data_scriptedText_family-01_channels_judge_evidence_combo_.entries_dc-1.b.q1_mid_.variants_judgeec-dc-1-b-q1-mid-v5_.behaviorHint,non_party_scripted_text,src/data/scriptedText,family-01,channels[judge_evidence_combo].entries[dc-1.b.q1|mid].variants[judgeec-dc-1-b-q1-mid-v5].behaviorHint,재판관이 말년의 종이 콤보의 방향을 분명히 짚는다. 더 미루지 못하게 하는 톤이다.,The Judge clearly points out the direction of the final-years papers combo. Tone leaves no room to postpone.,裁判官が晩年の紙コンボの方向を明確に指摘する。これ以上先送りできないようにするトーン。,法官明确指出晚年纸页组合的方向。语气让对方无法再拖延。,"Scripted text channel without party a/b as speaker: system, judge, witness, dossier, mediation, aftermath, and milestone copy."
non_party_scripted_text_src_data_scriptedText_family-01_channels_judge_evidence_combo_.entries_dc-1.b.q1_mid_.variants_judgeec-dc-1-b-q1-mid-v5_.text,non_party_scripted_text,src/data/scriptedText,family-01,channels[judge_evidence_combo].entries[dc-1.b.q1|mid].variants[judgeec-dc-1-b-q1-mid-v5].text,"윤정후 씨, 방문이 늘어난 이유를 효심으로만 말하기에는 종이 낭독 증언이 남아 있습니다. 윤태성 씨가 오기 전 끝내려 한 이유를 말씀해 주십시오.","Mr. Yoon Jeong-hu, it is not enough to explain the increased visits only as filial devotion when testimony remains that you read papers aloud. State why you tried to finish before Mr. Yoon Tae-seong came.",ユン・ジョンフさん、訪問が増えた理由を親孝行だけで説明するには、紙を読み上げたという証言が残っています。ユン・テソンさんが来る前に終えようとした理由を話してください。,尹正厚先生，仅用孝心解释探访增加，并不能解释留下的朗读纸张证言。请说明为什么要在尹泰成先生到来前结束。,"Scripted text channel without party a/b as speaker: system, judge, witness, dossier, mediation, aftermath, and milestone copy."
non_party_scripted_text_src_data_scriptedText_family-01_channels_judge_evidence_combo_.entries_dc-1.b.q1_soft_.variants_judgeec-dc-1-b-q1-soft-v1_.behaviorHint,non_party_scripted_text,src/data/scriptedText,family-01,channels[judge_evidence_combo].entries[dc-1.b.q1|soft].variants[judgeec-dc-1-b-q1-soft-v1].behaviorHint,재판관이 말년의 종이 콤보를 차분히 제시한다. 증거의 연결을 먼저 설명하게 하는 톤이다.,The Judge calmly presents the final-years papers combo. Tone first asks for the evidence links to be explained.,裁判官が晩年の紙コンボを落ち着いて提示する。証拠のつながりを先に説明させるトーン。,法官冷静提出晚年纸页组合。语气先要求说明证据之间的关联。,"Scripted text channel without party a/b as speaker: system, judge, witness, dossier, mediation, aftermath, and milestone copy."
non_party_scripted_text_src_data_scriptedText_family-01_channels_judge_evidence_combo_.entries_dc-1.b.q1_soft_.variants_judgeec-dc-1-b-q1-soft-v1_.text,non_party_scripted_text,src/data/scriptedText,family-01,channels[judge_evidence_combo].entries[dc-1.b.q1|soft].variants[judgeec-dc-1-b-q1-soft-v1].text,"유서 사본과 말년 방문기록, 최복순 씨의 음성증언을 함께 보면 방문이 늘어난 시기와 종이를 읽어드린 장면이 겹칩니다. 윤정후 씨, 왜 윤태성 씨가 오기 전에 마치려 했는지 차분히 말씀해 주십시오.","Taken together, the will copy, final-years visit record, and Choi Bok-sun's voice testimony show that the timing of increased visits overlaps with the scene of reading papers. Mr. Yoon Jeong-hu, calmly explain why you tried to finish before Mr. Yoon Tae-seong arrived.",遺言書コピー、晩年の訪問記録、チェ・ボクスンさんの音声証言をあわせて見ると、訪問が増えた時期と紙を読み上げた場面が重なります。ユン・ジョンフさん、なぜユン・テソンさんが来る前に終えようとしたのか、落ち着いて話してください。,把遗嘱副本、晚年探访记录和崔福顺的语音证言一起看，探访增加的时期与读纸给她听的场面重合。尹正厚先生，请冷静说明为什么要在尹泰成先生到来前结束。,"Scripted text channel without party a/b as speaker: system, judge, witness, dossier, mediation, aftermath, and milestone copy."
non_party_scripted_text_src_data_scriptedText_family-01_channels_judge_evidence_combo_.entries_dc-1.b.q1_soft_.variants_judgeec-dc-1-b-q1-soft-v2_.behaviorHint,non_party_scripted_text,src/data/scriptedText,family-01,channels[judge_evidence_combo].entries[dc-1.b.q1|soft].variants[judgeec-dc-1-b-q1-soft-v2].behaviorHint,재판관이 말년의 종이 콤보를 차분히 제시한다. 증거의 연결을 먼저 설명하게 하는 톤이다.,The Judge calmly presents the final-years papers combo. Tone first asks for the evidence links to be explained.,裁判官が晩年の紙コンボを落ち着いて提示する。証拠のつながりを先に説明させるトーン。,法官冷静提出晚年纸页组合。语气先要求说明证据之间的关联。,"Scripted text channel without party a/b as speaker: system, judge, witness, dossier, mediation, aftermath, and milestone copy."
non_party_scripted_text_src_data_scriptedText_family-01_channels_judge_evidence_combo_.entries_dc-1.b.q1_soft_.variants_judgeec-dc-1-b-q1-soft-v2_.text,non_party_scripted_text,src/data/scriptedText,family-01,channels[judge_evidence_combo].entries[dc-1.b.q1|soft].variants[judgeec-dc-1-b-q1-soft-v2].text,"방문기록은 윤정후 씨가 말년에 자주 들른 흐름을 보이고, 최복순 씨 증언은 종이를 읽어드린 장면을 보탭니다. 윤정후 씨, 그 순서를 설명해 주십시오.","The visit record shows that Mr. Yoon Jeong-hu often stopped by in Mother's final years, and Choi Bok-sun's testimony adds the scene of reading papers aloud. Mr. Yoon Jeong-hu, explain that sequence.",訪問記録はユン・ジョンフさんが晩年によく立ち寄った流れを示し、チェ・ボクスンさんの証言は紙を読み上げた場面を補っています。ユン・ジョンフさん、その順序を説明してください。,探访记录显示尹正厚先生在母亲晚年频繁到访，崔福顺的证言又补上了朗读纸张的场面。尹正厚先生，请说明这个顺序。,"Scripted text channel without party a/b as speaker: system, judge, witness, dossier, mediation, aftermath, and milestone copy."
non_party_scripted_text_src_data_scriptedText_family-01_channels_judge_evidence_combo_.entries_dc-1.b.q1_soft_.variants_judgeec-dc-1-b-q1-soft-v3_.behaviorHint,non_party_scripted_text,src/data/scriptedText,family-01,channels[judge_evidence_combo].entries[dc-1.b.q1|soft].variants[judgeec-dc-1-b-q1-soft-v3].behaviorHint,재판관이 말년의 종이 콤보를 차분히 제시한다. 증거의 연결을 먼저 설명하게 하는 톤이다.,The Judge calmly presents the final-years papers combo. Tone first asks for the evidence links to be explained.,裁判官が晩年の紙コンボを落ち着いて提示する。証拠のつながりを先に説明させるトーン。,法官冷静提出晚年纸页组合。语气先要求说明证据之间的关联。,"Scripted text channel without party a/b as speaker: system, judge, witness, dossier, mediation, aftermath, and milestone copy."
non_party_scripted_text_src_data_scriptedText_family-01_channels_judge_evidence_combo_.entries_dc-1.b.q1_soft_.variants_judgeec-dc-1-b-q1-soft-v3_.text,non_party_scripted_text,src/data/scriptedText,family-01,channels[judge_evidence_combo].entries[dc-1.b.q1|soft].variants[judgeec-dc-1-b-q1-soft-v3].text,"유서 사본만 보면 결과가 보이고, 방문기록과 요양보호사 증언을 붙이면 작성 과정이 보입니다. 윤정후 씨, 그때 윤태성 씨를 피하려 했습니까.","The will copy alone shows the result; adding the visit record and caregiver testimony shows the drafting process. Mr. Yoon Jeong-hu, were you trying to avoid Mr. Yoon Tae-seong then?",遺言書コピーだけを見れば結果が見え、訪問記録と介護職員の証言を合わせると作成過程が見えます。ユン・ジョンフさん、その時ユン・テソンさんを避けようとしましたか。,只看遗嘱副本能看到结果，加上探访记录和护理员证言，就能看到制作过程。尹正厚先生，当时您是否想避开尹泰成先生？,"Scripted text channel without party a/b as speaker: system, judge, witness, dossier, mediation, aftermath, and milestone copy."
non_party_scripted_text_src_data_scriptedText_family-01_channels_judge_evidence_combo_.entries_dc-1.b.q1_soft_.variants_judgeec-dc-1-b-q1-soft-v4_.behaviorHint,non_party_scripted_text,src/data/scriptedText,family-01,channels[judge_evidence_combo].entries[dc-1.b.q1|soft].variants[judgeec-dc-1-b-q1-soft-v4].behaviorHint,재판관이 말년의 종이 콤보를 차분히 제시한다. 증거의 연결을 먼저 설명하게 하는 톤이다.,The Judge calmly presents the final-years papers combo. Tone first asks for the evidence links to be explained.,裁判官が晩年の紙コンボを落ち着いて提示する。証拠のつながりを先に説明させるトーン。,法官冷静提出晚年纸页组合。语气先要求说明证据之间的关联。,"Scripted text channel without party a/b as speaker: system, judge, witness, dossier, mediation, aftermath, and milestone copy."
non_party_scripted_text_src_data_scriptedText_family-01_channels_judge_evidence_combo_.entries_dc-1.b.q1_soft_.variants_judgeec-dc-1-b-q1-soft-v4_.text,non_party_scripted_text,src/data/scriptedText,family-01,channels[judge_evidence_combo].entries[dc-1.b.q1|soft].variants[judgeec-dc-1-b-q1-soft-v4].text,"말년 방문이 늘어난 기록과 종이를 읽어드렸다는 증언이 한 결론으로 이어집니다. 윤정후 씨, 그 방문의 목적을 정리해 주십시오.","The record of increased final-years visits and the testimony that you read papers aloud lead to one conclusion. Mr. Yoon Jeong-hu, summarize the purpose of those visits.",晩年の訪問が増えた記録と紙を読み上げたという証言は、一つの結論へつながります。ユン・ジョンフさん、その訪問の目的を整理してください。,晚年探访增加的记录和朗读纸张的证言，指向一个结论。尹正厚先生，请整理那些探访的目的。,"Scripted text channel without party a/b as speaker: system, judge, witness, dossier, mediation, aftermath, and milestone copy."
non_party_scripted_text_src_data_scriptedText_family-01_channels_judge_evidence_combo_.entries_dc-1.b.q1_soft_.variants_judgeec-dc-1-b-q1-soft-v5_.behaviorHint,non_party_scripted_text,src/data/scriptedText,family-01,channels[judge_evidence_combo].entries[dc-1.b.q1|soft].variants[judgeec-dc-1-b-q1-soft-v5].behaviorHint,재판관이 말년의 종이 콤보를 차분히 제시한다. 증거의 연결을 먼저 설명하게 하는 톤이다.,The Judge calmly presents the final-years papers combo. Tone first asks for the evidence links to be explained.,裁判官が晩年の紙コンボを落ち着いて提示する。証拠のつながりを先に説明させるトーン。,法官冷静提出晚年纸页组合。语气先要求说明证据之间的关联。,"Scripted text channel without party a/b as speaker: system, judge, witness, dossier, mediation, aftermath, and milestone copy."
non_party_scripted_text_src_data_scriptedText_family-01_channels_judge_evidence_combo_.entries_dc-1.b.q1_soft_.variants_judgeec-dc-1-b-q1-soft-v5_.text,non_party_scripted_text,src/data/scriptedText,family-01,channels[judge_evidence_combo].entries[dc-1.b.q1|soft].variants[judgeec-dc-1-b-q1-soft-v5].text,"유서가 남은 시기와 윤정후 씨의 방문 흐름, 최복순 씨가 들은 말이 맞물립니다. 윤정후 씨, 왜 서둘렀는지 말씀해 주십시오.","The timing of the remaining will, Mr. Yoon Jeong-hu's visit pattern, and what Choi Bok-sun heard fit together. Mr. Yoon Jeong-hu, state why you hurried.",遺言書が残った時期、ユン・ジョンフさんの訪問の流れ、チェ・ボクスンさんが聞いた言葉がかみ合っています。ユン・ジョンフさん、なぜ急いだのか話してください。,留下遗嘱的时期、尹正厚先生的探访轨迹，以及崔福顺听到的话相互吻合。尹正厚先生，请说明为什么要赶。,"Scripted text channel without party a/b as speaker: system, judge, witness, dossier, mediation, aftermath, and milestone copy."
non_party_scripted_text_src_data_scriptedText_family-01_channels_judge_evidence_combo_.entries_dc-1.b.q2_hard_.variants_judgeec-dc-1-b-q2-hard-v1_.behaviorHint,non_party_scripted_text,src/data/scriptedText,family-01,channels[judge_evidence_combo].entries[dc-1.b.q2|hard].variants[judgeec-dc-1-b-q2-hard-v1].behaviorHint,재판관이 말년의 종이 콤보를 근거로 즉답을 요구한다. 회피를 끊는 톤이다.,The Judge demands an immediate answer based on the final-years papers combo. Tone cuts off evasion.,裁判官が晩年の紙コンボを根拠に即答を求める。回避を断ち切るトーン。,法官以晚年纸页组合为依据要求立即回答。语气切断回避。,"Scripted text channel without party a/b as speaker: system, judge, witness, dossier, mediation, aftermath, and milestone copy."
non_party_scripted_text_src_data_scriptedText_family-01_channels_judge_evidence_combo_.entries_dc-1.b.q2_hard_.variants_judgeec-dc-1-b-q2-hard-v1_.text,non_party_scripted_text,src/data/scriptedText,family-01,channels[judge_evidence_combo].entries[dc-1.b.q2|hard].variants[judgeec-dc-1-b-q2-hard-v1].text,"윤정후 씨, 어머니를 도왔다는 말만으로 방문기록과 낭독 증언을 덮을 수 없습니다. 어디서 선을 넘었는지 지금 말씀해 주십시오.","Mr. Yoon Jeong-hu, the word ""helped"" cannot cover the visit record and the reading testimony. State now where you crossed the line.",ユン・ジョンフさん、母を助けたという言葉だけでは、訪問記録と読み上げの証言を覆えません。どこで一線を越えたのか、今話してください。,尹正厚先生，不能只用“帮助母亲”来盖过探访记录和朗读证言。现在请说明您在哪里越过界线。,"Scripted text channel without party a/b as speaker: system, judge, witness, dossier, mediation, aftermath, and milestone copy."
non_party_scripted_text_src_data_scriptedText_family-01_channels_judge_evidence_combo_.entries_dc-1.b.q2_hard_.variants_judgeec-dc-1-b-q2-hard-v2_.behaviorHint,non_party_scripted_text,src/data/scriptedText,family-01,channels[judge_evidence_combo].entries[dc-1.b.q2|hard].variants[judgeec-dc-1-b-q2-hard-v2].behaviorHint,재판관이 말년의 종이 콤보를 근거로 즉답을 요구한다. 회피를 끊는 톤이다.,The Judge demands an immediate answer based on the final-years papers combo. Tone cuts off evasion.,裁判官が晩年の紙コンボを根拠に即答を求める。回避を断ち切るトーン。,法官以晚年纸页组合为依据要求立即回答。语气切断回避。,"Scripted text channel without party a/b as speaker: system, judge, witness, dossier, mediation, aftermath, and milestone copy."
non_party_scripted_text_src_data_scriptedText_family-01_channels_judge_evidence_combo_.entries_dc-1.b.q2_hard_.variants_judgeec-dc-1-b-q2-hard-v2_.text,non_party_scripted_text,src/data/scriptedText,family-01,channels[judge_evidence_combo].entries[dc-1.b.q2|hard].variants[judgeec-dc-1-b-q2-hard-v2].text,"유서 결과와 방문 과정, 최복순 씨 증언이 윤정후 씨 판단을 가리킵니다. 대신 결정한 부분을 명확히 답해 주십시오.","The will's result, the visit process, and Choi Bok-sun's testimony all point to Mr. Yoon Jeong-hu's judgment. Answer clearly what you decided in Mother's place.",遺言書の結果、訪問の過程、チェ・ボクスンさんの証言は、いずれもユン・ジョンフさんの判断を指しています。代わりに決めた部分を明確に答えてください。,遗嘱结果、探访过程和崔福顺的证言都指向尹正厚先生的判断。请明确回答您代为决定了哪一部分。,"Scripted text channel without party a/b as speaker: system, judge, witness, dossier, mediation, aftermath, and milestone copy."
non_party_scripted_text_src_data_scriptedText_family-01_channels_judge_evidence_combo_.entries_dc-1.b.q2_hard_.variants_judgeec-dc-1-b-q2-hard-v3_.behaviorHint,non_party_scripted_text,src/data/scriptedText,family-01,channels[judge_evidence_combo].entries[dc-1.b.q2|hard].variants[judgeec-dc-1-b-q2-hard-v3].behaviorHint,재판관이 말년의 종이 콤보를 근거로 즉답을 요구한다. 회피를 끊는 톤이다.,The Judge demands an immediate answer based on the final-years papers combo. Tone cuts off evasion.,裁判官が晩年の紙コンボを根拠に即答を求める。回避を断ち切るトーン。,法官以晚年纸页组合为依据要求立即回答。语气切断回避。,"Scripted text channel without party a/b as speaker: system, judge, witness, dossier, mediation, aftermath, and milestone copy."
non_party_scripted_text_src_data_scriptedText_family-01_channels_judge_evidence_combo_.entries_dc-1.b.q2_hard_.variants_judgeec-dc-1-b-q2-hard-v3_.text,non_party_scripted_text,src/data/scriptedText,family-01,channels[judge_evidence_combo].entries[dc-1.b.q2|hard].variants[judgeec-dc-1-b-q2-hard-v3].text,"단순 도움이라면 왜 윤태성 씨가 오기 전 마치려 했는지가 설명돼야 합니다. 윤정후 씨, 그 책임을 지금 말해 주십시오.","If this was simple help, you must explain why you tried to finish before Mr. Yoon Tae-seong came. Mr. Yoon Jeong-hu, state that responsibility now.",単純な手助けだったなら、なぜユン・テソンさんが来る前に終えようとしたのか説明されなければなりません。ユン・ジョンフさん、その責任を今話してください。,如果只是单纯帮忙，就必须解释为什么要在尹泰成先生到来前结束。尹正厚先生，现在请说明这份责任。,"Scripted text channel without party a/b as speaker: system, judge, witness, dossier, mediation, aftermath, and milestone copy."
non_party_scripted_text_src_data_scriptedText_family-01_channels_judge_evidence_combo_.entries_dc-1.b.q2_hard_.variants_judgeec-dc-1-b-q2-hard-v4_.behaviorHint,non_party_scripted_text,src/data/scriptedText,family-01,channels[judge_evidence_combo].entries[dc-1.b.q2|hard].variants[judgeec-dc-1-b-q2-hard-v4].behaviorHint,재판관이 말년의 종이 콤보를 근거로 즉답을 요구한다. 회피를 끊는 톤이다.,The Judge demands an immediate answer based on the final-years papers combo. Tone cuts off evasion.,裁判官が晩年の紙コンボを根拠に即答を求める。回避を断ち切るトーン。,法官以晚年纸页组合为依据要求立即回答。语气切断回避。,"Scripted text channel without party a/b as speaker: system, judge, witness, dossier, mediation, aftermath, and milestone copy."
non_party_scripted_text_src_data_scriptedText_family-01_channels_judge_evidence_combo_.entries_dc-1.b.q2_hard_.variants_judgeec-dc-1-b-q2-hard-v4_.text,non_party_scripted_text,src/data/scriptedText,family-01,channels[judge_evidence_combo].entries[dc-1.b.q2|hard].variants[judgeec-dc-1-b-q2-hard-v4].text,"윤정후 씨, 기록은 곁에 선 사람이 아니라 방향을 잡은 사람을 묻고 있습니다. 본인 역할을 차분히 인정해 주십시오.","Mr. Yoon Jeong-hu, the record is asking not about someone standing beside Mother, but about someone setting the direction. Calmly acknowledge your role.",ユン・ジョンフさん、記録が問うているのは、そばに立った人ではなく、方向を決めた人です。ご自身の役割を落ち着いて認めてください。,尹正厚先生，记录追问的不是站在旁边的人，而是决定方向的人。请冷静承认您自己的角色。,"Scripted text channel without party a/b as speaker: system, judge, witness, dossier, mediation, aftermath, and milestone copy."
non_party_scripted_text_src_data_scriptedText_family-01_channels_judge_evidence_combo_.entries_dc-1.b.q2_hard_.variants_judgeec-dc-1-b-q2-hard-v5_.behaviorHint,non_party_scripted_text,src/data/scriptedText,family-01,channels[judge_evidence_combo].entries[dc-1.b.q2|hard].variants[judgeec-dc-1-b-q2-hard-v5].behaviorHint,재판관이 말년의 종이 콤보를 근거로 즉답을 요구한다. 회피를 끊는 톤이다.,The Judge demands an immediate answer based on the final-years papers combo. Tone cuts off evasion.,裁判官が晩年の紙コンボを根拠に即答を求める。回避を断ち切るトーン。,法官以晚年纸页组合为依据要求立即回答。语气切断回避。,"Scripted text channel without party a/b as speaker: system, judge, witness, dossier, mediation, aftermath, and milestone copy."
non_party_scripted_text_src_data_scriptedText_family-01_channels_judge_evidence_combo_.entries_dc-1.b.q2_hard_.variants_judgeec-dc-1-b-q2-hard-v5_.text,non_party_scripted_text,src/data/scriptedText,family-01,channels[judge_evidence_combo].entries[dc-1.b.q2|hard].variants[judgeec-dc-1-b-q2-hard-v5].text,"방문기록과 증언이 도움과 개입의 경계를 무너뜨리고 있습니다. 윤정후 씨, 어머니 뜻에 본인 판단을 얼마나 얹었습니까.","The visit record and testimony are breaking down the boundary between help and intervention. Mr. Yoon Jeong-hu, how much of your own judgment did you add to Mother's wishes?",訪問記録と証言が、手助けと介入の境界を崩しています。ユン・ジョンフさん、母の意思にご自身の判断をどれほど載せましたか。,探访记录和证言正在打破帮助与介入的界线。尹正厚先生，您在母亲意愿上加入了多少自己的判断？,"Scripted text channel without party a/b as speaker: system, judge, witness, dossier, mediation, aftermath, and milestone copy."
non_party_scripted_text_src_data_scriptedText_family-01_channels_judge_evidence_combo_.entries_dc-1.b.q2_mid_.variants_judgeec-dc-1-b-q2-mid-v1_.behaviorHint,non_party_scripted_text,src/data/scriptedText,family-01,channels[judge_evidence_combo].entries[dc-1.b.q2|mid].variants[judgeec-dc-1-b-q2-mid-v1].behaviorHint,재판관이 말년의 종이 콤보의 방향을 분명히 짚는다. 더 미루지 못하게 하는 톤이다.,The Judge clearly points out the direction of the final-years papers combo. Tone leaves no room to postpone.,裁判官が晩年の紙コンボの方向を明確に指摘する。これ以上先送りできないようにするトーン。,法官明确指出晚年纸页组合的方向。语气让对方无法再拖延。,"Scripted text channel without party a/b as speaker: system, judge, witness, dossier, mediation, aftermath, and milestone copy."
non_party_scripted_text_src_data_scriptedText_family-01_channels_judge_evidence_combo_.entries_dc-1.b.q2_mid_.variants_judgeec-dc-1-b-q2-mid-v1_.text,non_party_scripted_text,src/data/scriptedText,family-01,channels[judge_evidence_combo].entries[dc-1.b.q2|mid].variants[judgeec-dc-1-b-q2-mid-v1].text,"윤정후 씨, 방문기록과 낭독 증언을 보면 단순히 옆에 있었다는 설명은 부족합니다. 어디서부터 본인 판단이 들어갔는지 말씀해 주십시오.","Mr. Yoon Jeong-hu, the visit record and reading testimony make the explanation that you were simply beside her insufficient. State where your own judgment began.",ユン・ジョンフさん、訪問記録と読み上げの証言を見ると、単にそばにいたという説明では足りません。どこからご自身の判断が入ったのか話してください。,尹正厚先生，从探访记录和朗读证言来看，仅说您在旁边并不充分。请说明从哪里开始加入了您自己的判断。,"Scripted text channel without party a/b as speaker: system, judge, witness, dossier, mediation, aftermath, and milestone copy."
non_party_scripted_text_src_data_scriptedText_family-01_channels_judge_evidence_combo_.entries_dc-1.b.q2_mid_.variants_judgeec-dc-1-b-q2-mid-v2_.behaviorHint,non_party_scripted_text,src/data/scriptedText,family-01,channels[judge_evidence_combo].entries[dc-1.b.q2|mid].variants[judgeec-dc-1-b-q2-mid-v2].behaviorHint,재판관이 말년의 종이 콤보의 방향을 분명히 짚는다. 더 미루지 못하게 하는 톤이다.,The Judge clearly points out the direction of the final-years papers combo. Tone leaves no room to postpone.,裁判官が晩年の紙コンボの方向を明確に指摘する。これ以上先送りできないようにするトーン。,法官明确指出晚年纸页组合的方向。语气让对方无法再拖延。,"Scripted text channel without party a/b as speaker: system, judge, witness, dossier, mediation, aftermath, and milestone copy."
non_party_scripted_text_src_data_scriptedText_family-01_channels_judge_evidence_combo_.entries_dc-1.b.q2_mid_.variants_judgeec-dc-1-b-q2-mid-v2_.text,non_party_scripted_text,src/data/scriptedText,family-01,channels[judge_evidence_combo].entries[dc-1.b.q2|mid].variants[judgeec-dc-1-b-q2-mid-v2].text,"유서 사본의 결과와 말년 방문, 최복순 씨 증언을 붙이면 절차의 속도가 보입니다. 윤정후 씨, 그 속도를 누가 잡았습니까.","When the will copy's result is linked with final-years visits and Choi Bok-sun's testimony, the speed of the procedure becomes visible. Mr. Yoon Jeong-hu, who set that pace?",遺言書コピーの結果と晩年の訪問、チェ・ボクスンさんの証言を合わせると、手続きの速度が見えてきます。ユン・ジョンフさん、その速度を決めたのは誰ですか。,把遗嘱副本的结果、晚年探访和崔福顺的证言连起来看，程序的速度就显现出来。尹正厚先生，是谁掌握了这个速度？,"Scripted text channel without party a/b as speaker: system, judge, witness, dossier, mediation, aftermath, and milestone copy."
non_party_scripted_text_src_data_scriptedText_family-01_channels_judge_evidence_combo_.entries_dc-1.b.q2_mid_.variants_judgeec-dc-1-b-q2-mid-v3_.behaviorHint,non_party_scripted_text,src/data/scriptedText,family-01,channels[judge_evidence_combo].entries[dc-1.b.q2|mid].variants[judgeec-dc-1-b-q2-mid-v3].behaviorHint,재판관이 말년의 종이 콤보의 방향을 분명히 짚는다. 더 미루지 못하게 하는 톤이다.,The Judge clearly points out the direction of the final-years papers combo. Tone leaves no room to postpone.,裁判官が晩年の紙コンボの方向を明確に指摘する。これ以上先送りできないようにするトーン。,法官明确指出晚年纸页组合的方向。语气让对方无法再拖延。,"Scripted text channel without party a/b as speaker: system, judge, witness, dossier, mediation, aftermath, and milestone copy."
non_party_scripted_text_src_data_scriptedText_family-01_channels_judge_evidence_combo_.entries_dc-1.b.q2_mid_.variants_judgeec-dc-1-b-q2-mid-v3_.text,non_party_scripted_text,src/data/scriptedText,family-01,channels[judge_evidence_combo].entries[dc-1.b.q2|mid].variants[judgeec-dc-1-b-q2-mid-v3].text,어머니 뜻이 남아 있었다 해도 윤정후 씨가 문장과 순서를 잡았다면 책임이 달라집니다. 그 경계를 차분히 말씀해 주십시오.,"Even if Mother's wishes remained, if Mr. Yoon Jeong-hu set the wording and order, the responsibility changes. Explain that boundary calmly.",母の意思が残っていたとしても、ユン・ジョンフさんが文と順序を整えたなら責任は変わります。その境界を落ち着いて話してください。,即使母亲的意愿仍在，如果尹正厚先生确定了文字和顺序，责任就会不同。请冷静说明这条界线。,"Scripted text channel without party a/b as speaker: system, judge, witness, dossier, mediation, aftermath, and milestone copy."
non_party_scripted_text_src_data_scriptedText_family-01_channels_judge_evidence_combo_.entries_dc-1.b.q2_mid_.variants_judgeec-dc-1-b-q2-mid-v4_.behaviorHint,non_party_scripted_text,src/data/scriptedText,family-01,channels[judge_evidence_combo].entries[dc-1.b.q2|mid].variants[judgeec-dc-1-b-q2-mid-v4].behaviorHint,재판관이 말년의 종이 콤보의 방향을 분명히 짚는다. 더 미루지 못하게 하는 톤이다.,The Judge clearly points out the direction of the final-years papers combo. Tone leaves no room to postpone.,裁判官が晩年の紙コンボの方向を明確に指摘する。これ以上先送りできないようにするトーン。,法官明确指出晚年纸页组合的方向。语气让对方无法再拖延。,"Scripted text channel without party a/b as speaker: system, judge, witness, dossier, mediation, aftermath, and milestone copy."
non_party_scripted_text_src_data_scriptedText_family-01_channels_judge_evidence_combo_.entries_dc-1.b.q2_mid_.variants_judgeec-dc-1-b-q2-mid-v4_.text,non_party_scripted_text,src/data/scriptedText,family-01,channels[judge_evidence_combo].entries[dc-1.b.q2|mid].variants[judgeec-dc-1-b-q2-mid-v4].text,방문기록과 증언은 윤정후 씨가 단순 보호자가 아니라 절차 안에 있었다는 점을 묻습니다. 더 미루지 말고 답해 주십시오.,"The visit record and testimony ask whether Mr. Yoon Jeong-hu was not simply a protector, but inside the procedure itself. Stop postponing it and answer.",訪問記録と証言は、ユン・ジョンフさんが単なる保護者ではなく、手続きの中にいたのではないかを問うています。これ以上先送りせず答えてください。,探访记录和证言在追问，尹正厚先生是否不只是保护者，而是已经进入程序之中。请不要再拖延，回答。,"Scripted text channel without party a/b as speaker: system, judge, witness, dossier, mediation, aftermath, and milestone copy."
non_party_scripted_text_src_data_scriptedText_family-01_channels_judge_evidence_combo_.entries_dc-1.b.q2_mid_.variants_judgeec-dc-1-b-q2-mid-v5_.behaviorHint,non_party_scripted_text,src/data/scriptedText,family-01,channels[judge_evidence_combo].entries[dc-1.b.q2|mid].variants[judgeec-dc-1-b-q2-mid-v5].behaviorHint,재판관이 말년의 종이 콤보의 방향을 분명히 짚는다. 더 미루지 못하게 하는 톤이다.,The Judge clearly points out the direction of the final-years papers combo. Tone leaves no room to postpone.,裁判官が晩年の紙コンボの方向を明確に指摘する。これ以上先送りできないようにするトーン。,法官明确指出晚年纸页组合的方向。语气让对方无法再拖延。,"Scripted text channel without party a/b as speaker: system, judge, witness, dossier, mediation, aftermath, and milestone copy."
non_party_scripted_text_src_data_scriptedText_family-01_channels_judge_evidence_combo_.entries_dc-1.b.q2_mid_.variants_judgeec-dc-1-b-q2-mid-v5_.text,non_party_scripted_text,src/data/scriptedText,family-01,channels[judge_evidence_combo].entries[dc-1.b.q2|mid].variants[judgeec-dc-1-b-q2-mid-v5].text,"윤정후 씨, 도움이라고 말하려면 대신 결정하지 않은 지점이 있어야 합니다. 그 지점을 기록과 맞춰 설명해 주십시오.","Mr. Yoon Jeong-hu, to call it help, there must be a point where you did not decide in Mother's place. Explain that point against the record.",ユン・ジョンフさん、手助けと言うなら、代わりに決めていない地点がなければなりません。その地点を記録と照らして説明してください。,尹正厚先生，如果要说是帮助，就必须有一个您没有代为决定的地方。请结合记录说明这一点。,"Scripted text channel without party a/b as speaker: system, judge, witness, dossier, mediation, aftermath, and milestone copy."
non_party_scripted_text_src_data_scriptedText_family-01_channels_judge_evidence_combo_.entries_dc-1.b.q2_soft_.variants_judgeec-dc-1-b-q2-soft-v1_.behaviorHint,non_party_scripted_text,src/data/scriptedText,family-01,channels[judge_evidence_combo].entries[dc-1.b.q2|soft].variants[judgeec-dc-1-b-q2-soft-v1].behaviorHint,재판관이 말년의 종이 콤보를 차분히 제시한다. 증거의 연결을 먼저 설명하게 하는 톤이다.,The Judge calmly presents the final-years papers combo. Tone first asks for the evidence links to be explained.,裁判官が晩年の紙コンボを落ち着いて提示する。証拠のつながりを先に説明させるトーン。,法官冷静提出晚年纸页组合。语气先要求说明证据之间的关联。,"Scripted text channel without party a/b as speaker: system, judge, witness, dossier, mediation, aftermath, and milestone copy."
non_party_scripted_text_src_data_scriptedText_family-01_channels_judge_evidence_combo_.entries_dc-1.b.q2_soft_.variants_judgeec-dc-1-b-q2-soft-v1_.text,non_party_scripted_text,src/data/scriptedText,family-01,channels[judge_evidence_combo].entries[dc-1.b.q2|soft].variants[judgeec-dc-1-b-q2-soft-v1].text,"유서 사본, 방문기록, 최복순 씨 증언을 함께 보면 어머니를 도운 부분과 대신 밀어붙인 부분을 나누어야 합니다. 윤정후 씨, 그 경계를 말씀해 주십시오.","Taken together, the will copy, visit record, and Choi Bok-sun's testimony require separating the part where you helped Mother from the part where you pushed in her place. Mr. Yoon Jeong-hu, state that boundary.",遺言書コピー、訪問記録、チェ・ボクスンさんの証言をあわせて見ると、母を助けた部分と代わりに押し進めた部分を分ける必要があります。ユン・ジョンフさん、その境界を話してください。,把遗嘱副本、探访记录和崔福顺的证言一起看，必须区分您帮助母亲的部分和代她推进的部分。尹正厚先生，请说明这条界线。,"Scripted text channel without party a/b as speaker: system, judge, witness, dossier, mediation, aftermath, and milestone copy."
non_party_scripted_text_src_data_scriptedText_family-01_channels_judge_evidence_combo_.entries_dc-1.b.q2_soft_.variants_judgeec-dc-1-b-q2-soft-v2_.behaviorHint,non_party_scripted_text,src/data/scriptedText,family-01,channels[judge_evidence_combo].entries[dc-1.b.q2|soft].variants[judgeec-dc-1-b-q2-soft-v2].behaviorHint,재판관이 말년의 종이 콤보를 차분히 제시한다. 증거의 연결을 먼저 설명하게 하는 톤이다.,The Judge calmly presents the final-years papers combo. Tone first asks for the evidence links to be explained.,裁判官が晩年の紙コンボを落ち着いて提示する。証拠のつながりを先に説明させるトーン。,法官冷静提出晚年纸页组合。语气先要求说明证据之间的关联。,"Scripted text channel without party a/b as speaker: system, judge, witness, dossier, mediation, aftermath, and milestone copy."
non_party_scripted_text_src_data_scriptedText_family-01_channels_judge_evidence_combo_.entries_dc-1.b.q2_soft_.variants_judgeec-dc-1-b-q2-soft-v2_.text,non_party_scripted_text,src/data/scriptedText,family-01,channels[judge_evidence_combo].entries[dc-1.b.q2|soft].variants[judgeec-dc-1-b-q2-soft-v2].text,"방문기록은 자주 곁에 있었다는 점을 보이고, 증언은 문서를 읽어드린 방식을 보여 줍니다. 윤정후 씨, 어디까지가 도움이었습니까.","The visit record shows you were often beside her, and the testimony shows how you read the document to her. Mr. Yoon Jeong-hu, how far was it help?",訪問記録は頻繁にそばにいた点を示し、証言は文書を読み上げた方法を示しています。ユン・ジョンフさん、どこまでが手助けでしたか。,探访记录显示您经常在她身边，证言则显示您读文件给她听的方式。尹正厚先生，到哪里为止是帮助？,"Scripted text channel without party a/b as speaker: system, judge, witness, dossier, mediation, aftermath, and milestone copy."
non_party_scripted_text_src_data_scriptedText_family-01_channels_judge_evidence_combo_.entries_dc-1.b.q2_soft_.variants_judgeec-dc-1-b-q2-soft-v3_.behaviorHint,non_party_scripted_text,src/data/scriptedText,family-01,channels[judge_evidence_combo].entries[dc-1.b.q2|soft].variants[judgeec-dc-1-b-q2-soft-v3].behaviorHint,재판관이 말년의 종이 콤보를 차분히 제시한다. 증거의 연결을 먼저 설명하게 하는 톤이다.,The Judge calmly presents the final-years papers combo. Tone first asks for the evidence links to be explained.,裁判官が晩年の紙コンボを落ち着いて提示する。証拠のつながりを先に説明させるトーン。,法官冷静提出晚年纸页组合。语气先要求说明证据之间的关联。,"Scripted text channel without party a/b as speaker: system, judge, witness, dossier, mediation, aftermath, and milestone copy."
non_party_scripted_text_src_data_scriptedText_family-01_channels_judge_evidence_combo_.entries_dc-1.b.q2_soft_.variants_judgeec-dc-1-b-q2-soft-v3_.text,non_party_scripted_text,src/data/scriptedText,family-01,channels[judge_evidence_combo].entries[dc-1.b.q2|soft].variants[judgeec-dc-1-b-q2-soft-v3].text,"어머니가 혼자 읽기 어려웠다는 사정과 윤정후 씨가 절차를 서둘렀다는 정황이 함께 있습니다. 윤정후 씨, 차분히 구분해 주십시오.","There is both the circumstance that Mother had difficulty reading alone and the indication that Mr. Yoon Jeong-hu hurried the procedure. Mr. Yoon Jeong-hu, distinguish the two calmly.",母が一人で読むのが難しかった事情と、ユン・ジョンフさんが手続きを急がせた情況が共にあります。ユン・ジョンフさん、落ち着いて区別してください。,这里既有母亲难以独自阅读的情况，也有尹正厚先生催促程序的迹象。尹正厚先生，请冷静区分。,"Scripted text channel without party a/b as speaker: system, judge, witness, dossier, mediation, aftermath, and milestone copy."
non_party_scripted_text_src_data_scriptedText_family-01_channels_judge_evidence_combo_.entries_dc-1.b.q2_soft_.variants_judgeec-dc-1-b-q2-soft-v4_.behaviorHint,non_party_scripted_text,src/data/scriptedText,family-01,channels[judge_evidence_combo].entries[dc-1.b.q2|soft].variants[judgeec-dc-1-b-q2-soft-v4].behaviorHint,재판관이 말년의 종이 콤보를 차분히 제시한다. 증거의 연결을 먼저 설명하게 하는 톤이다.,The Judge calmly presents the final-years papers combo. Tone first asks for the evidence links to be explained.,裁判官が晩年の紙コンボを落ち着いて提示する。証拠のつながりを先に説明させるトーン。,法官冷静提出晚年纸页组合。语气先要求说明证据之间的关联。,"Scripted text channel without party a/b as speaker: system, judge, witness, dossier, mediation, aftermath, and milestone copy."
non_party_scripted_text_src_data_scriptedText_family-01_channels_judge_evidence_combo_.entries_dc-1.b.q2_soft_.variants_judgeec-dc-1-b-q2-soft-v4_.text,non_party_scripted_text,src/data/scriptedText,family-01,channels[judge_evidence_combo].entries[dc-1.b.q2|soft].variants[judgeec-dc-1-b-q2-soft-v4].text,"최복순 씨 증언은 낭독 장면을, 방문기록은 반복된 접촉을 보여 줍니다. 윤정후 씨, 도움과 개입의 차이를 설명해 주십시오.","Choi Bok-sun's testimony shows the reading scene, and the visit record shows repeated contact. Mr. Yoon Jeong-hu, explain the difference between help and intervention.",チェ・ボクスンさんの証言は読み上げの場面を、訪問記録は繰り返された接触を示しています。ユン・ジョンフさん、手助けと介入の違いを説明してください。,崔福顺的证言显示朗读场面，探访记录显示反复接触。尹正厚先生，请说明帮助与介入的差别。,"Scripted text channel without party a/b as speaker: system, judge, witness, dossier, mediation, aftermath, and milestone copy."
non_party_scripted_text_src_data_scriptedText_family-01_channels_judge_evidence_combo_.entries_dc-1.b.q2_soft_.variants_judgeec-dc-1-b-q2-soft-v5_.behaviorHint,non_party_scripted_text,src/data/scriptedText,family-01,channels[judge_evidence_combo].entries[dc-1.b.q2|soft].variants[judgeec-dc-1-b-q2-soft-v5].behaviorHint,재판관이 말년의 종이 콤보를 차분히 제시한다. 증거의 연결을 먼저 설명하게 하는 톤이다.,The Judge calmly presents the final-years papers combo. Tone first asks for the evidence links to be explained.,裁判官が晩年の紙コンボを落ち着いて提示する。証拠のつながりを先に説明させるトーン。,法官冷静提出晚年纸页组合。语气先要求说明证据之间的关联。,"Scripted text channel without party a/b as speaker: system, judge, witness, dossier, mediation, aftermath, and milestone copy."
non_party_scripted_text_src_data_scriptedText_family-01_channels_judge_evidence_combo_.entries_dc-1.b.q2_soft_.variants_judgeec-dc-1-b-q2-soft-v5_.text,non_party_scripted_text,src/data/scriptedText,family-01,channels[judge_evidence_combo].entries[dc-1.b.q2|soft].variants[judgeec-dc-1-b-q2-soft-v5].text,"유서 사본만으로는 결과가 보이고, 나머지 기록을 붙이면 과정이 보입니다. 윤정후 씨, 어머니 판단을 어디까지 존중했습니까.","The will copy alone shows the result, and the other records show the process. Mr. Yoon Jeong-hu, how far did you respect Mother's judgment?",遺言書コピーだけでは結果が見え、他の記録を合わせると過程が見えます。ユン・ジョンフさん、母の判断をどこまで尊重しましたか。,单看遗嘱副本能看到结果，加上其他记录就能看到过程。尹正厚先生，您尊重母亲判断到什么程度？,"Scripted text channel without party a/b as speaker: system, judge, witness, dossier, mediation, aftermath, and milestone copy."
non_party_scripted_text_src_data_scriptedText_family-01_channels_judge_evidence_combo_.entries_dc-2.b.q1_hard_.variants_judgeec-dc-2-b-q1-hard-v1_.behaviorHint,non_party_scripted_text,src/data/scriptedText,family-01,channels[judge_evidence_combo].entries[dc-2.b.q1|hard].variants[judgeec-dc-2-b-q1-hard-v1].behaviorHint,재판관이 줄인 유서 콤보를 근거로 즉답을 요구한다. 회피를 끊는 톤이다.,The Judge demands an immediate answer based on the reduced-will combo. Tone cuts off evasion.,裁判官が減らされた遺言書コンボを根拠に即答を求める。回避を断ち切るトーン。,法官以缩减遗嘱组合为依据要求立即回答。语气切断回避。,"Scripted text channel without party a/b as speaker: system, judge, witness, dossier, mediation, aftermath, and milestone copy."
non_party_scripted_text_src_data_scriptedText_family-01_channels_judge_evidence_combo_.entries_dc-2.b.q1_hard_.variants_judgeec-dc-2-b-q1-hard-v1_.text,non_party_scripted_text,src/data/scriptedText,family-01,channels[judge_evidence_combo].entries[dc-2.b.q1|hard].variants[judgeec-dc-2-b-q1-hard-v1].text,공증인 메모 기록과 자필 연습본이 윤정후 씨의 변경을 가리킵니다. 윤정후 씨 몫이 90에서 60으로 줄고 윤태성 씨에게 40이 남은 이유를 지금 말씀해 주십시오.,"The Notary's Memo Notes and the handwritten draft point to Mr. Yoon Jeong-hu's change. Explain now why Mr. Yoon Jeong-hu's share fell from 90 to 60, leaving 40 to Mr. Yoon Tae-seong.",公証人のメモ記録と自筆下書きは、ユン・ジョンフさんの変更を指しています。ユン・ジョンフさんの取り分が90から60へ減り、ユン・テソンさんに40が残った理由を今話してください。,公证人备忘记录和亲笔草稿都指向尹正厚先生的变更。现在请说明为什么尹正厚先生的份额从90降到60，并给尹泰成先生留下40。,"Scripted text channel without party a/b as speaker: system, judge, witness, dossier, mediation, aftermath, and milestone copy."
non_party_scripted_text_src_data_scriptedText_family-01_channels_judge_evidence_combo_.entries_dc-2.b.q1_hard_.variants_judgeec-dc-2-b-q1-hard-v2_.behaviorHint,non_party_scripted_text,src/data/scriptedText,family-01,channels[judge_evidence_combo].entries[dc-2.b.q1|hard].variants[judgeec-dc-2-b-q1-hard-v2].behaviorHint,재판관이 줄인 유서 콤보를 근거로 즉답을 요구한다. 회피를 끊는 톤이다.,The Judge demands an immediate answer based on the reduced-will combo. Tone cuts off evasion.,裁判官が減らされた遺言書コンボを根拠に即答を求める。回避を断ち切るトーン。,法官以缩减遗嘱组合为依据要求立即回答。语气切断回避。,"Scripted text channel without party a/b as speaker: system, judge, witness, dossier, mediation, aftermath, and milestone copy."
non_party_scripted_text_src_data_scriptedText_family-01_channels_judge_evidence_combo_.entries_dc-2.b.q1_hard_.variants_judgeec-dc-2-b-q1-hard-v2_.text,non_party_scripted_text,src/data/scriptedText,family-01,channels[judge_evidence_combo].entries[dc-2.b.q1|hard].variants[judgeec-dc-2-b-q1-hard-v2].text,"윤정후 씨, 더 가져가려 한 조작이 아니었다는 점은 기록이 보여 줍니다. 그렇다고 문서를 고친 책임이 사라지지는 않습니다. 이유를 답해 주십시오.","Mr. Yoon Jeong-hu, the record shows this was not manipulation to take more. But that does not erase the responsibility for changing the document. Answer why.",ユン・ジョンフさん、もっと取ろうとした操作ではなかったことは記録が示しています。だからといって文書を変えた責任が消えるわけではありません。理由を答えてください。,尹正厚先生，记录显示这并不是为了多拿而操纵。但这并不意味着改动文件的责任会消失。请说明理由。,"Scripted text channel without party a/b as speaker: system, judge, witness, dossier, mediation, aftermath, and milestone copy."
non_party_scripted_text_src_data_scriptedText_family-01_channels_judge_evidence_combo_.entries_dc-2.b.q1_hard_.variants_judgeec-dc-2-b-q1-hard-v3_.behaviorHint,non_party_scripted_text,src/data/scriptedText,family-01,channels[judge_evidence_combo].entries[dc-2.b.q1|hard].variants[judgeec-dc-2-b-q1-hard-v3].behaviorHint,재판관이 줄인 유서 콤보를 근거로 즉답을 요구한다. 회피를 끊는 톤이다.,The Judge demands an immediate answer based on the reduced-will combo. Tone cuts off evasion.,裁判官が減らされた遺言書コンボを根拠に即答を求める。回避を断ち切るトーン。,法官以缩减遗嘱组合为依据要求立即回答。语气切断回避。,"Scripted text channel without party a/b as speaker: system, judge, witness, dossier, mediation, aftermath, and milestone copy."
non_party_scripted_text_src_data_scriptedText_family-01_channels_judge_evidence_combo_.entries_dc-2.b.q1_hard_.variants_judgeec-dc-2-b-q1-hard-v3_.text,non_party_scripted_text,src/data/scriptedText,family-01,channels[judge_evidence_combo].entries[dc-2.b.q1|hard].variants[judgeec-dc-2-b-q1-hard-v3].text,"자필 연습본과 공증본의 방향은 분명합니다. 윤정후 씨, 본인 몫을 낮추면서까지 다시 낸 목적을 숨기지 말고 말씀해 주십시오.","The direction of the handwritten draft and the notarized copy is clear. Mr. Yoon Jeong-hu, do not hide why you resubmitted it even while lowering your own share.",自筆下書きと公証本の方向は明確です。ユン・ジョンフさん、自分の取り分を下げてまで出し直した目的を隠さず話してください。,亲笔草稿和公证本的方向很明确。尹正厚先生，请不要隐瞒您为何即使降低自己的份额也要重新提交。,"Scripted text channel without party a/b as speaker: system, judge, witness, dossier, mediation, aftermath, and milestone copy."
non_party_scripted_text_src_data_scriptedText_family-01_channels_judge_evidence_combo_.entries_dc-2.b.q1_hard_.variants_judgeec-dc-2-b-q1-hard-v4_.behaviorHint,non_party_scripted_text,src/data/scriptedText,family-01,channels[judge_evidence_combo].entries[dc-2.b.q1|hard].variants[judgeec-dc-2-b-q1-hard-v4].behaviorHint,재판관이 줄인 유서 콤보를 근거로 즉답을 요구한다. 회피를 끊는 톤이다.,The Judge demands an immediate answer based on the reduced-will combo. Tone cuts off evasion.,裁判官が減らされた遺言書コンボを根拠に即答を求める。回避を断ち切るトーン。,法官以缩减遗嘱组合为依据要求立即回答。语气切断回避。,"Scripted text channel without party a/b as speaker: system, judge, witness, dossier, mediation, aftermath, and milestone copy."
non_party_scripted_text_src_data_scriptedText_family-01_channels_judge_evidence_combo_.entries_dc-2.b.q1_hard_.variants_judgeec-dc-2-b-q1-hard-v4_.text,non_party_scripted_text,src/data/scriptedText,family-01,channels[judge_evidence_combo].entries[dc-2.b.q1|hard].variants[judgeec-dc-2-b-q1-hard-v4].text,"공증인 메모의 순서와 자필 연습본이 같은 결론으로 갑니다. 윤정후 씨, 위조의 주체와 동기를 지금 명확히 하십시오.","The order in the Notary's Memo Notes and the handwritten draft lead to the same conclusion. Mr. Yoon Jeong-hu, state clearly now who carried out the forgery and why.",公証人のメモ記録の順序と自筆下書きは、同じ結論へ向かっています。ユン・ジョンフさん、偽造の主体と動機を今明確にしてください。,公证人备忘记录中的顺序和亲笔草稿指向同一结论。尹正厚先生，现在请明确伪造主体和动机。,"Scripted text channel without party a/b as speaker: system, judge, witness, dossier, mediation, aftermath, and milestone copy."
non_party_scripted_text_src_data_scriptedText_family-01_channels_judge_evidence_combo_.entries_dc-2.b.q1_hard_.variants_judgeec-dc-2-b-q1-hard-v5_.behaviorHint,non_party_scripted_text,src/data/scriptedText,family-01,channels[judge_evidence_combo].entries[dc-2.b.q1|hard].variants[judgeec-dc-2-b-q1-hard-v5].behaviorHint,재판관이 줄인 유서 콤보를 근거로 즉답을 요구한다. 회피를 끊는 톤이다.,The Judge demands an immediate answer based on the reduced-will combo. Tone cuts off evasion.,裁判官が減らされた遺言書コンボを根拠に即答を求める。回避を断ち切るトーン。,法官以缩减遗嘱组合为依据要求立即回答。语气切断回避。,"Scripted text channel without party a/b as speaker: system, judge, witness, dossier, mediation, aftermath, and milestone copy."
non_party_scripted_text_src_data_scriptedText_family-01_channels_judge_evidence_combo_.entries_dc-2.b.q1_hard_.variants_judgeec-dc-2-b-q1-hard-v5_.text,non_party_scripted_text,src/data/scriptedText,family-01,channels[judge_evidence_combo].entries[dc-2.b.q1|hard].variants[judgeec-dc-2-b-q1-hard-v5].text,"윤정후 씨, 기록은 탐욕이 아니라 다른 숨김을 가리킵니다. 그 숨김 때문에 문서를 바꾼 사실을 인정하고 설명해 주십시오.","Mr. Yoon Jeong-hu, the record points not to greed, but to another concealment. Admit that you changed the document because of that concealment and explain.",ユン・ジョンフさん、記録は欲ではなく別の隠し事を指しています。その隠し事のために文書を変えた事実を認め、説明してください。,尹正厚先生，记录指向的不是贪心，而是另一项隐瞒。请承认您因那项隐瞒而改动文件，并作说明。,"Scripted text channel without party a/b as speaker: system, judge, witness, dossier, mediation, aftermath, and milestone copy."
non_party_scripted_text_src_data_scriptedText_family-01_channels_judge_evidence_combo_.entries_dc-2.b.q1_mid_.variants_judgeec-dc-2-b-q1-mid-v1_.behaviorHint,non_party_scripted_text,src/data/scriptedText,family-01,channels[judge_evidence_combo].entries[dc-2.b.q1|mid].variants[judgeec-dc-2-b-q1-mid-v1].behaviorHint,재판관이 줄인 유서 콤보의 방향을 분명히 짚는다. 더 미루지 못하게 하는 톤이다.,The Judge clearly points out the direction of the reduced-will combo. Tone leaves no room to postpone.,裁判官が減らされた遺言書コンボの方向を明確に指摘する。これ以上先送りできないようにするトーン。,法官明确指出缩减遗嘱组合的方向。语气让对方无法再拖延。,"Scripted text channel without party a/b as speaker: system, judge, witness, dossier, mediation, aftermath, and milestone copy."
non_party_scripted_text_src_data_scriptedText_family-01_channels_judge_evidence_combo_.entries_dc-2.b.q1_mid_.variants_judgeec-dc-2-b-q1-mid-v1_.text,non_party_scripted_text,src/data/scriptedText,family-01,channels[judge_evidence_combo].entries[dc-2.b.q1|mid].variants[judgeec-dc-2-b-q1-mid-v1].text,"공증본과 자필 연습본을 함께 보면 윤정후 씨 몫이 90에서 60으로 줄고 윤태성 씨에게 40이 남았습니다. 윤정후 씨, 더 받으려 한 게 아니라면 무엇을 막으려 했습니까.","When the notarized copy and handwritten draft are viewed together, Mr. Yoon Jeong-hu's share fell from 90 to 60 and 40 remained for Mr. Yoon Tae-seong. Mr. Yoon Jeong-hu, if you were not trying to receive more, what were you trying to prevent?",公証本と自筆下書きをあわせて見ると、ユン・ジョンフさんの取り分は90から60へ減り、ユン・テソンさんに40が残りました。ユン・ジョンフさん、もっと受け取ろうとしたのではないなら、何を防ごうとしたのですか。,把公证本和亲笔草稿一起看，尹正厚先生的份额从90降到60，尹泰成先生留下40。尹正厚先生，如果不是想多拿，您想阻止什么？,"Scripted text channel without party a/b as speaker: system, judge, witness, dossier, mediation, aftermath, and milestone copy."
non_party_scripted_text_src_data_scriptedText_family-01_channels_judge_evidence_combo_.entries_dc-2.b.q1_mid_.variants_judgeec-dc-2-b-q1-mid-v2_.behaviorHint,non_party_scripted_text,src/data/scriptedText,family-01,channels[judge_evidence_combo].entries[dc-2.b.q1|mid].variants[judgeec-dc-2-b-q1-mid-v2].behaviorHint,재판관이 줄인 유서 콤보의 방향을 분명히 짚는다. 더 미루지 못하게 하는 톤이다.,The Judge clearly points out the direction of the reduced-will combo. Tone leaves no room to postpone.,裁判官が減らされた遺言書コンボの方向を明確に指摘する。これ以上先送りできないようにするトーン。,法官明确指出缩减遗嘱组合的方向。语气让对方无法再拖延。,"Scripted text channel without party a/b as speaker: system, judge, witness, dossier, mediation, aftermath, and milestone copy."
non_party_scripted_text_src_data_scriptedText_family-01_channels_judge_evidence_combo_.entries_dc-2.b.q1_mid_.variants_judgeec-dc-2-b-q1-mid-v2_.text,non_party_scripted_text,src/data/scriptedText,family-01,channels[judge_evidence_combo].entries[dc-2.b.q1|mid].variants[judgeec-dc-2-b-q1-mid-v2].text,"공증인 메모와 서랍에서 나온 자필 연습본은 변경 주체를 묻고 있습니다. 윤정후 씨, 다시 낸 이유를 피하지 말고 답해 주십시오.","The Notary's Memo Notes and the handwritten draft found in the drawer ask who made the change. Mr. Yoon Jeong-hu, do not avoid why you submitted it again; answer.",公証人のメモ記録と引き出しから出た自筆下書きは、変更の主体を問うています。ユン・ジョンフさん、出し直した理由を避けずに答えてください。,公证人备忘记录和抽屉里找到的亲笔草稿都在追问变更主体。尹正厚先生，请不要回避重新提交的理由，回答。,"Scripted text channel without party a/b as speaker: system, judge, witness, dossier, mediation, aftermath, and milestone copy."
non_party_scripted_text_src_data_scriptedText_family-01_channels_judge_evidence_combo_.entries_dc-2.b.q1_mid_.variants_judgeec-dc-2-b-q1-mid-v3_.behaviorHint,non_party_scripted_text,src/data/scriptedText,family-01,channels[judge_evidence_combo].entries[dc-2.b.q1|mid].variants[judgeec-dc-2-b-q1-mid-v3].behaviorHint,재판관이 줄인 유서 콤보의 방향을 분명히 짚는다. 더 미루지 못하게 하는 톤이다.,The Judge clearly points out the direction of the reduced-will combo. Tone leaves no room to postpone.,裁判官が減らされた遺言書コンボの方向を明確に指摘する。これ以上先送りできないようにするトーン。,法官明确指出缩减遗嘱组合的方向。语气让对方无法再拖延。,"Scripted text channel without party a/b as speaker: system, judge, witness, dossier, mediation, aftermath, and milestone copy."
non_party_scripted_text_src_data_scriptedText_family-01_channels_judge_evidence_combo_.entries_dc-2.b.q1_mid_.variants_judgeec-dc-2-b-q1-mid-v3_.text,non_party_scripted_text,src/data/scriptedText,family-01,channels[judge_evidence_combo].entries[dc-2.b.q1|mid].variants[judgeec-dc-2-b-q1-mid-v3].text,"자필 연습본은 윤정후 씨에게 크게 기울었고 공증본은 그 몫을 낮췄습니다. 윤정후 씨, 그 방향을 알고도 왜 처음엔 말하지 않았습니까.","The handwritten draft leaned heavily toward Mr. Yoon Jeong-hu, while the notarized copy lowered that share. Mr. Yoon Jeong-hu, knowing that direction, why did you not say it at first?",自筆下書きはユン・ジョンフさん側へ大きく傾き、公証本はその取り分を下げました。ユン・ジョンフさん、その方向を知りながら、なぜ最初は言わなかったのですか。,亲笔草稿明显偏向尹正厚先生，而公证本降低了那份份额。尹正厚先生，明知这个方向，为什么一开始不说？,"Scripted text channel without party a/b as speaker: system, judge, witness, dossier, mediation, aftermath, and milestone copy."
non_party_scripted_text_src_data_scriptedText_family-01_channels_judge_evidence_combo_.entries_dc-2.b.q1_mid_.variants_judgeec-dc-2-b-q1-mid-v4_.behaviorHint,non_party_scripted_text,src/data/scriptedText,family-01,channels[judge_evidence_combo].entries[dc-2.b.q1|mid].variants[judgeec-dc-2-b-q1-mid-v4].behaviorHint,재판관이 줄인 유서 콤보의 방향을 분명히 짚는다. 더 미루지 못하게 하는 톤이다.,The Judge clearly points out the direction of the reduced-will combo. Tone leaves no room to postpone.,裁判官が減らされた遺言書コンボの方向を明確に指摘する。これ以上先送りできないようにするトーン。,法官明确指出缩减遗嘱组合的方向。语气让对方无法再拖延。,"Scripted text channel without party a/b as speaker: system, judge, witness, dossier, mediation, aftermath, and milestone copy."
non_party_scripted_text_src_data_scriptedText_family-01_channels_judge_evidence_combo_.entries_dc-2.b.q1_mid_.variants_judgeec-dc-2-b-q1-mid-v4_.text,non_party_scripted_text,src/data/scriptedText,family-01,channels[judge_evidence_combo].entries[dc-2.b.q1|mid].variants[judgeec-dc-2-b-q1-mid-v4].text,"공증인 메모는 문서에 누가 손댔는지를, 자필 연습본은 무엇이 바뀌었는지를 보여 줍니다. 윤정후 씨, 경위를 답해 주십시오.","The Notary's Memo Notes show who touched the document, and the handwritten draft shows what changed. Mr. Yoon Jeong-hu, answer the circumstances.",公証人のメモ記録は誰が文書に手を加えたかを、自筆下書きは何が変わったかを示しています。ユン・ジョンフさん、経緯を答えてください。,公证人备忘记录显示谁动过文件，亲笔草稿显示改了什么。尹正厚先生，请回答经过。,"Scripted text channel without party a/b as speaker: system, judge, witness, dossier, mediation, aftermath, and milestone copy."
non_party_scripted_text_src_data_scriptedText_family-01_channels_judge_evidence_combo_.entries_dc-2.b.q1_mid_.variants_judgeec-dc-2-b-q1-mid-v5_.behaviorHint,non_party_scripted_text,src/data/scriptedText,family-01,channels[judge_evidence_combo].entries[dc-2.b.q1|mid].variants[judgeec-dc-2-b-q1-mid-v5].behaviorHint,재판관이 줄인 유서 콤보의 방향을 분명히 짚는다. 더 미루지 못하게 하는 톤이다.,The Judge clearly points out the direction of the reduced-will combo. Tone leaves no room to postpone.,裁判官が減らされた遺言書コンボの方向を明確に指摘する。これ以上先送りできないようにするトーン。,法官明确指出缩减遗嘱组合的方向。语气让对方无法再拖延。,"Scripted text channel without party a/b as speaker: system, judge, witness, dossier, mediation, aftermath, and milestone copy."
non_party_scripted_text_src_data_scriptedText_family-01_channels_judge_evidence_combo_.entries_dc-2.b.q1_mid_.variants_judgeec-dc-2-b-q1-mid-v5_.text,non_party_scripted_text,src/data/scriptedText,family-01,channels[judge_evidence_combo].entries[dc-2.b.q1|mid].variants[judgeec-dc-2-b-q1-mid-v5].text,"윤정후 씨, 자필 연습본과 공증본을 모두 알았다면 침묵은 단순 실수가 아닙니다. 왜 윤정후 씨 몫을 줄인 서류를 냈습니까.","Mr. Yoon Jeong-hu, if you knew both the handwritten draft and the notarized copy, your silence was not a simple mistake. Why did you submit a document that reduced your share?",ユン・ジョンフさん、自筆下書きと公証本をどちらも知っていたなら、沈黙は単なるミスではありません。なぜユン・ジョンフさんの取り分を減らした書類を出したのですか。,尹正厚先生，如果您知道亲笔草稿和公证本两者，沉默就不是单纯失误。为什么提交了降低自己份额的文件？,"Scripted text channel without party a/b as speaker: system, judge, witness, dossier, mediation, aftermath, and milestone copy."
non_party_scripted_text_src_data_scriptedText_family-01_channels_judge_evidence_combo_.entries_dc-2.b.q1_soft_.variants_judgeec-dc-2-b-q1-soft-v1_.behaviorHint,non_party_scripted_text,src/data/scriptedText,family-01,channels[judge_evidence_combo].entries[dc-2.b.q1|soft].variants[judgeec-dc-2-b-q1-soft-v1].behaviorHint,재판관이 줄인 유서 콤보를 차분히 제시한다. 증거의 연결을 먼저 설명하게 하는 톤이다.,The Judge calmly presents the reduced-will combo. Tone first asks for the evidence links to be explained.,裁判官が減らされた遺言書コンボを落ち着いて提示する。証拠のつながりを先に説明させるトーン。,法官冷静提出缩减遗嘱组合。语气先要求说明证据之间的关联。,"Scripted text channel without party a/b as speaker: system, judge, witness, dossier, mediation, aftermath, and milestone copy."
non_party_scripted_text_src_data_scriptedText_family-01_channels_judge_evidence_combo_.entries_dc-2.b.q1_soft_.variants_judgeec-dc-2-b-q1-soft-v1_.text,non_party_scripted_text,src/data/scriptedText,family-01,channels[judge_evidence_combo].entries[dc-2.b.q1|soft].variants[judgeec-dc-2-b-q1-soft-v1].text,"공증인 메모 기록과 어머니 자필 연습본을 맞대면 윤정후 씨 몫이 자필 연습본보다 공증본에서 줄었습니다. 윤정후 씨, 왜 그런 서류를 다시 냈습니까.","When the Notary's Memo Notes are set against Mother's handwritten draft, Mr. Yoon Jeong-hu's share is lower in the notarized copy than in the handwritten draft. Mr. Yoon Jeong-hu, why did you submit such a document again?",公証人のメモ記録と母の自筆下書きを照らすと、ユン・ジョンフさんの取り分は自筆下書きより公証本で減っています。ユン・ジョンフさん、なぜそのような書類を出し直したのですか。,把公证人备忘记录与母亲的亲笔草稿对照来看，尹正厚先生在公证本中的份额低于亲笔草稿。尹正厚先生，为什么重新提交这样的文件？,"Scripted text channel without party a/b as speaker: system, judge, witness, dossier, mediation, aftermath, and milestone copy."
non_party_scripted_text_src_data_scriptedText_family-01_channels_judge_evidence_combo_.entries_dc-2.b.q1_soft_.variants_judgeec-dc-2-b-q1-soft-v2_.behaviorHint,non_party_scripted_text,src/data/scriptedText,family-01,channels[judge_evidence_combo].entries[dc-2.b.q1|soft].variants[judgeec-dc-2-b-q1-soft-v2].behaviorHint,재판관이 줄인 유서 콤보를 차분히 제시한다. 증거의 연결을 먼저 설명하게 하는 톤이다.,The Judge calmly presents the reduced-will combo. Tone first asks for the evidence links to be explained.,裁判官が減らされた遺言書コンボを落ち着いて提示する。証拠のつながりを先に説明させるトーン。,法官冷静提出缩减遗嘱组合。语气先要求说明证据之间的关联。,"Scripted text channel without party a/b as speaker: system, judge, witness, dossier, mediation, aftermath, and milestone copy."
non_party_scripted_text_src_data_scriptedText_family-01_channels_judge_evidence_combo_.entries_dc-2.b.q1_soft_.variants_judgeec-dc-2-b-q1-soft-v2_.text,non_party_scripted_text,src/data/scriptedText,family-01,channels[judge_evidence_combo].entries[dc-2.b.q1|soft].variants[judgeec-dc-2-b-q1-soft-v2].text,"공증인 메모 기록은 같은 날 문서가 달라진 흐름을 보이고, 자필 연습본은 처음 뜻을 보여 줍니다. 윤정후 씨, 변경 경위를 말씀해 주십시오.","The Notary's Memo Notes show that the document changed on the same day, and the handwritten draft shows the first intent. Mr. Yoon Jeong-hu, state how the change happened.",公証人のメモ記録は同じ日に文書が変わった流れを示し、自筆下書きは最初の意思を示しています。ユン・ジョンフさん、変更の経緯を話してください。,公证人备忘记录显示同一天文件发生变化，亲笔草稿显示最初意愿。尹正厚先生，请说明变更经过。,"Scripted text channel without party a/b as speaker: system, judge, witness, dossier, mediation, aftermath, and milestone copy."
non_party_scripted_text_src_data_scriptedText_family-01_channels_judge_evidence_combo_.entries_dc-2.b.q1_soft_.variants_judgeec-dc-2-b-q1-soft-v3_.behaviorHint,non_party_scripted_text,src/data/scriptedText,family-01,channels[judge_evidence_combo].entries[dc-2.b.q1|soft].variants[judgeec-dc-2-b-q1-soft-v3].behaviorHint,재판관이 줄인 유서 콤보를 차분히 제시한다. 증거의 연결을 먼저 설명하게 하는 톤이다.,The Judge calmly presents the reduced-will combo. Tone first asks for the evidence links to be explained.,裁判官が減らされた遺言書コンボを落ち着いて提示する。証拠のつながりを先に説明させるトーン。,法官冷静提出缩减遗嘱组合。语气先要求说明证据之间的关联。,"Scripted text channel without party a/b as speaker: system, judge, witness, dossier, mediation, aftermath, and milestone copy."
non_party_scripted_text_src_data_scriptedText_family-01_channels_judge_evidence_combo_.entries_dc-2.b.q1_soft_.variants_judgeec-dc-2-b-q1-soft-v3_.text,non_party_scripted_text,src/data/scriptedText,family-01,channels[judge_evidence_combo].entries[dc-2.b.q1|soft].variants[judgeec-dc-2-b-q1-soft-v3].text,자필 연습본과 공증인 메모 기록은 윤정후 씨가 더 받으려 한 조작이 아니었음을 보여 줍니다. 그럼 왜 다시 제출했습니까.,The handwritten draft and Notary's Memo Notes show that Mr. Yoon Jeong-hu was not manipulating it to receive more. Then why did you resubmit it?,自筆下書きと公証人のメモ記録は、ユン・ジョンフさんがもっと受け取ろうとして操作したわけではないことを示しています。では、なぜ出し直したのですか。,亲笔草稿和公证人备忘记录显示，尹正厚先生并不是为了多拿而操纵。那么为什么重新提交？,"Scripted text channel without party a/b as speaker: system, judge, witness, dossier, mediation, aftermath, and milestone copy."
non_party_scripted_text_src_data_scriptedText_family-01_channels_judge_evidence_combo_.entries_dc-2.b.q1_soft_.variants_judgeec-dc-2-b-q1-soft-v4_.behaviorHint,non_party_scripted_text,src/data/scriptedText,family-01,channels[judge_evidence_combo].entries[dc-2.b.q1|soft].variants[judgeec-dc-2-b-q1-soft-v4].behaviorHint,재판관이 줄인 유서 콤보를 차분히 제시한다. 증거의 연결을 먼저 설명하게 하는 톤이다.,The Judge calmly presents the reduced-will combo. Tone first asks for the evidence links to be explained.,裁判官が減らされた遺言書コンボを落ち着いて提示する。証拠のつながりを先に説明させるトーン。,法官冷静提出缩减遗嘱组合。语气先要求说明证据之间的关联。,"Scripted text channel without party a/b as speaker: system, judge, witness, dossier, mediation, aftermath, and milestone copy."
non_party_scripted_text_src_data_scriptedText_family-01_channels_judge_evidence_combo_.entries_dc-2.b.q1_soft_.variants_judgeec-dc-2-b-q1-soft-v4_.text,non_party_scripted_text,src/data/scriptedText,family-01,channels[judge_evidence_combo].entries[dc-2.b.q1|soft].variants[judgeec-dc-2-b-q1-soft-v4].text,"공증인 메모에는 두 문서의 순서가 남아 있고, 자필 연습본은 윤정후 씨 쪽에 더 크게 기운 뜻을 담고 있습니다. 윤정후 씨, 이유를 설명해 주십시오.","The Notary's Memo Notes preserve the order of the two documents, and the handwritten draft contains a meaning that leaned more toward Mr. Yoon Jeong-hu. Mr. Yoon Jeong-hu, explain why.",公証人のメモには二つの文書の順序が残っており、自筆下書きにはユン・ジョンフさん側へより大きく傾いた意思が含まれています。ユン・ジョンフさん、理由を説明してください。,公证人备忘记录中留下了两份文件的顺序，亲笔草稿则包含更偏向尹正厚先生的意思。尹正厚先生，请说明理由。,"Scripted text channel without party a/b as speaker: system, judge, witness, dossier, mediation, aftermath, and milestone copy."
non_party_scripted_text_src_data_scriptedText_family-01_channels_judge_evidence_combo_.entries_dc-2.b.q1_soft_.variants_judgeec-dc-2-b-q1-soft-v5_.behaviorHint,non_party_scripted_text,src/data/scriptedText,family-01,channels[judge_evidence_combo].entries[dc-2.b.q1|soft].variants[judgeec-dc-2-b-q1-soft-v5].behaviorHint,재판관이 줄인 유서 콤보를 차분히 제시한다. 증거의 연결을 먼저 설명하게 하는 톤이다.,The Judge calmly presents the reduced-will combo. Tone first asks for the evidence links to be explained.,裁判官が減らされた遺言書コンボを落ち着いて提示する。証拠のつながりを先に説明させるトーン。,法官冷静提出缩减遗嘱组合。语气先要求说明证据之间的关联。,"Scripted text channel without party a/b as speaker: system, judge, witness, dossier, mediation, aftermath, and milestone copy."
non_party_scripted_text_src_data_scriptedText_family-01_channels_judge_evidence_combo_.entries_dc-2.b.q1_soft_.variants_judgeec-dc-2-b-q1-soft-v5_.text,non_party_scripted_text,src/data/scriptedText,family-01,channels[judge_evidence_combo].entries[dc-2.b.q1|soft].variants[judgeec-dc-2-b-q1-soft-v5].text,"어머니 서랍의 자필 연습본과 공증본을 함께 보면 변경 방향이 드러납니다. 윤정후 씨, 윤정후 씨 몫을 낮춘 판단부터 말씀해 주십시오.","Looking at Mother's handwritten draft from the drawer together with the notarized copy reveals the direction of the change. Mr. Yoon Jeong-hu, start by explaining the judgment that lowered your share.",母の引き出しの自筆下書きと公証本をあわせて見ると、変更の方向が明らかになります。ユン・ジョンフさん、まずユン・ジョンフさんの取り分を下げた判断から話してください。,把母亲抽屉里的亲笔草稿和公证本一起看，就能看出变更方向。尹正厚先生，请先说明降低自己份额的判断。,"Scripted text channel without party a/b as speaker: system, judge, witness, dossier, mediation, aftermath, and milestone copy."
non_party_scripted_text_src_data_scriptedText_family-01_channels_judge_evidence_combo_.entries_dc-2.b.q2_hard_.variants_judgeec-dc-2-b-q2-hard-v1_.behaviorHint,non_party_scripted_text,src/data/scriptedText,family-01,channels[judge_evidence_combo].entries[dc-2.b.q2|hard].variants[judgeec-dc-2-b-q2-hard-v1].behaviorHint,재판관이 줄인 유서 콤보를 근거로 즉답을 요구한다. 회피를 끊는 톤이다.,The Judge demands an immediate answer based on the reduced-will combo. Tone cuts off evasion.,裁判官が減らされた遺言書コンボを根拠に即答を求める。回避を断ち切るトーン。,法官以缩减遗嘱组合为依据要求立即回答。语气切断回避。,"Scripted text channel without party a/b as speaker: system, judge, witness, dossier, mediation, aftermath, and milestone copy."
non_party_scripted_text_src_data_scriptedText_family-01_channels_judge_evidence_combo_.entries_dc-2.b.q2_hard_.variants_judgeec-dc-2-b-q2-hard-v1_.text,non_party_scripted_text,src/data/scriptedText,family-01,channels[judge_evidence_combo].entries[dc-2.b.q2|hard].variants[judgeec-dc-2-b-q2-hard-v1].text,"윤정후 씨, 본인 몫을 줄였다는 말로 위조가 사라지지 않습니다. 공증인 메모와 자필 연습본이 남아 있습니다. 무엇을 막으려 했습니까.","Mr. Yoon Jeong-hu, the fact that you reduced your own share does not make the forgery disappear. The Notary's Memo Notes and handwritten draft remain. What were you trying to prevent?",ユン・ジョンフさん、自分の取り分を減らしたという言葉で偽造が消えるわけではありません。公証人のメモ記録と自筆下書きが残っています。何を防ごうとしたのですか。,尹正厚先生，说您减少了自己的份额，并不会让伪造消失。公证人备忘记录和亲笔草稿仍在。您想阻止什么？,"Scripted text channel without party a/b as speaker: system, judge, witness, dossier, mediation, aftermath, and milestone copy."
non_party_scripted_text_src_data_scriptedText_family-01_channels_judge_evidence_combo_.entries_dc-2.b.q2_hard_.variants_judgeec-dc-2-b-q2-hard-v2_.behaviorHint,non_party_scripted_text,src/data/scriptedText,family-01,channels[judge_evidence_combo].entries[dc-2.b.q2|hard].variants[judgeec-dc-2-b-q2-hard-v2].behaviorHint,재판관이 줄인 유서 콤보를 근거로 즉답을 요구한다. 회피를 끊는 톤이다.,The Judge demands an immediate answer based on the reduced-will combo. Tone cuts off evasion.,裁判官が減らされた遺言書コンボを根拠に即答を求める。回避を断ち切るトーン。,法官以缩减遗嘱组合为依据要求立即回答。语气切断回避。,"Scripted text channel without party a/b as speaker: system, judge, witness, dossier, mediation, aftermath, and milestone copy."
non_party_scripted_text_src_data_scriptedText_family-01_channels_judge_evidence_combo_.entries_dc-2.b.q2_hard_.variants_judgeec-dc-2-b-q2-hard-v2_.text,non_party_scripted_text,src/data/scriptedText,family-01,channels[judge_evidence_combo].entries[dc-2.b.q2|hard].variants[judgeec-dc-2-b-q2-hard-v2].text,공증인 메모와 자필 연습본은 윤정후 씨가 어머니 뜻을 직접 고쳤다는 점을 보여 줍니다. 보호라는 말의 대상을 지금 밝혀 주십시오.,The Notary's Memo Notes and handwritten draft show that Mr. Yoon Jeong-hu directly changed Mother's wishes. State now who you meant to protect.,公証人のメモ記録と自筆下書きは、ユン・ジョンフさんが母の意思を直接変えたことを示しています。保護という言葉の対象を今明らかにしてください。,公证人备忘记录和亲笔草稿显示，尹正厚先生直接改动了母亲的意愿。现在请说明“保护”这个词指向谁。,"Scripted text channel without party a/b as speaker: system, judge, witness, dossier, mediation, aftermath, and milestone copy."
non_party_scripted_text_src_data_scriptedText_family-01_channels_judge_evidence_combo_.entries_dc-2.b.q2_hard_.variants_judgeec-dc-2-b-q2-hard-v3_.behaviorHint,non_party_scripted_text,src/data/scriptedText,family-01,channels[judge_evidence_combo].entries[dc-2.b.q2|hard].variants[judgeec-dc-2-b-q2-hard-v3].behaviorHint,재판관이 줄인 유서 콤보를 근거로 즉답을 요구한다. 회피를 끊는 톤이다.,The Judge demands an immediate answer based on the reduced-will combo. Tone cuts off evasion.,裁判官が減らされた遺言書コンボを根拠に即答を求める。回避を断ち切るトーン。,法官以缩减遗嘱组合为依据要求立即回答。语气切断回避。,"Scripted text channel without party a/b as speaker: system, judge, witness, dossier, mediation, aftermath, and milestone copy."
non_party_scripted_text_src_data_scriptedText_family-01_channels_judge_evidence_combo_.entries_dc-2.b.q2_hard_.variants_judgeec-dc-2-b-q2-hard-v3_.text,non_party_scripted_text,src/data/scriptedText,family-01,channels[judge_evidence_combo].entries[dc-2.b.q2|hard].variants[judgeec-dc-2-b-q2-hard-v3].text,"돈이 목적이 아니었다면 더 무거운 숨김이 있었다는 뜻입니다. 윤정후 씨, 그 숨김을 말하지 않으면 책임 판단을 할 수 없습니다.","If money was not the purpose, that means there was a heavier concealment. Mr. Yoon Jeong-hu, unless you state that concealment, responsibility cannot be judged.",お金が目的ではなかったなら、より重い隠し事があったということです。ユン・ジョンフさん、その隠し事を話さなければ、責任の判断はできません。,如果目的不是钱，那就意味着存在更重的隐瞒。尹正厚先生，如果您不说明那项隐瞒，就无法判断责任。,"Scripted text channel without party a/b as speaker: system, judge, witness, dossier, mediation, aftermath, and milestone copy."
non_party_scripted_text_src_data_scriptedText_family-01_channels_judge_evidence_combo_.entries_dc-2.b.q2_hard_.variants_judgeec-dc-2-b-q2-hard-v4_.behaviorHint,non_party_scripted_text,src/data/scriptedText,family-01,channels[judge_evidence_combo].entries[dc-2.b.q2|hard].variants[judgeec-dc-2-b-q2-hard-v4].behaviorHint,재판관이 줄인 유서 콤보를 근거로 즉답을 요구한다. 회피를 끊는 톤이다.,The Judge demands an immediate answer based on the reduced-will combo. Tone cuts off evasion.,裁判官が減らされた遺言書コンボを根拠に即答を求める。回避を断ち切るトーン。,法官以缩减遗嘱组合为依据要求立即回答。语气切断回避。,"Scripted text channel without party a/b as speaker: system, judge, witness, dossier, mediation, aftermath, and milestone copy."
non_party_scripted_text_src_data_scriptedText_family-01_channels_judge_evidence_combo_.entries_dc-2.b.q2_hard_.variants_judgeec-dc-2-b-q2-hard-v4_.text,non_party_scripted_text,src/data/scriptedText,family-01,channels[judge_evidence_combo].entries[dc-2.b.q2|hard].variants[judgeec-dc-2-b-q2-hard-v4].text,"윤정후 씨, 90에서 60으로 낮추고 윤태성 씨에게 40을 남긴 선택은 선의와 위법이 동시에 서는 지점입니다. 그 선을 넘은 이유를 지금 답해 주십시오.","Mr. Yoon Jeong-hu, lowering the share from 90 to 60 and leaving 40 to Mr. Yoon Tae-seong is where good intent and illegality stand together. Answer now why you crossed that line.",ユン・ジョンフさん、90から60へ下げてユン・テソンさんに40を残した選択は、善意と違法が同時に立つ地点です。その線を越えた理由を今答えてください。,尹正厚先生，把份额从90降到60并给尹泰成先生留下40，是善意与违法同时存在的位置。现在请回答您为什么越过那条线。,"Scripted text channel without party a/b as speaker: system, judge, witness, dossier, mediation, aftermath, and milestone copy."
non_party_scripted_text_src_data_scriptedText_family-01_channels_judge_evidence_combo_.entries_dc-2.b.q2_hard_.variants_judgeec-dc-2-b-q2-hard-v5_.behaviorHint,non_party_scripted_text,src/data/scriptedText,family-01,channels[judge_evidence_combo].entries[dc-2.b.q2|hard].variants[judgeec-dc-2-b-q2-hard-v5].behaviorHint,재판관이 줄인 유서 콤보를 근거로 즉답을 요구한다. 회피를 끊는 톤이다.,The Judge demands an immediate answer based on the reduced-will combo. Tone cuts off evasion.,裁判官が減らされた遺言書コンボを根拠に即答を求める。回避を断ち切るトーン。,法官以缩减遗嘱组合为依据要求立即回答。语气切断回避。,"Scripted text channel without party a/b as speaker: system, judge, witness, dossier, mediation, aftermath, and milestone copy."
non_party_scripted_text_src_data_scriptedText_family-01_channels_judge_evidence_combo_.entries_dc-2.b.q2_hard_.variants_judgeec-dc-2-b-q2-hard-v5_.text,non_party_scripted_text,src/data/scriptedText,family-01,channels[judge_evidence_combo].entries[dc-2.b.q2|hard].variants[judgeec-dc-2-b-q2-hard-v5].text,"자필 연습본과 공증본의 차이는 명확합니다. 윤정후 씨, 윤태성 씨가 무엇을 알까 봐 유서를 고쳤는지 명확히 말씀해 주십시오.","The difference between the handwritten draft and notarized copy is clear. Mr. Yoon Jeong-hu, state clearly what you feared Mr. Yoon Tae-seong would learn when you changed the will.",自筆下書きと公証本の違いは明確です。ユン・ジョンフさん、ユン・テソンさんが何を知ることを恐れて遺言書を変えたのか、明確に話してください。,亲笔草稿和公证本的差异很明确。尹正厚先生，请明确说明您是怕尹泰成先生知道什么，才改动遗嘱。,"Scripted text channel without party a/b as speaker: system, judge, witness, dossier, mediation, aftermath, and milestone copy."
non_party_scripted_text_src_data_scriptedText_family-01_channels_judge_evidence_combo_.entries_dc-2.b.q2_mid_.variants_judgeec-dc-2-b-q2-mid-v1_.behaviorHint,non_party_scripted_text,src/data/scriptedText,family-01,channels[judge_evidence_combo].entries[dc-2.b.q2|mid].variants[judgeec-dc-2-b-q2-mid-v1].behaviorHint,재판관이 줄인 유서 콤보의 방향을 분명히 짚는다. 더 미루지 못하게 하는 톤이다.,The Judge clearly points out the direction of the reduced-will combo. Tone leaves no room to postpone.,裁判官が減らされた遺言書コンボの方向を明確に指摘する。これ以上先送りできないようにするトーン。,法官明确指出缩减遗嘱组合的方向。语气让对方无法再拖延。,"Scripted text channel without party a/b as speaker: system, judge, witness, dossier, mediation, aftermath, and milestone copy."
non_party_scripted_text_src_data_scriptedText_family-01_channels_judge_evidence_combo_.entries_dc-2.b.q2_mid_.variants_judgeec-dc-2-b-q2-mid-v1_.text,non_party_scripted_text,src/data/scriptedText,family-01,channels[judge_evidence_combo].entries[dc-2.b.q2|mid].variants[judgeec-dc-2-b-q2-mid-v1].text,"윤정후 씨, 자기 몫을 90에서 60으로 낮춘 사실은 선의처럼 보일 수 있지만 위조 책임은 그대로입니다. 무엇을 막으려 했는지 답해 주십시오.","Mr. Yoon Jeong-hu, lowering your own share from 90 to 60 may look well meant, but responsibility for forgery remains. Answer what you tried to prevent.",ユン・ジョンフさん、自分の取り分を90から60へ下げた事実は善意に見えるかもしれませんが、偽造の責任はそのままです。何を防ごうとしたのか答えてください。,尹正厚先生，把自己的份额从90降到60或许看似善意，但伪造责任仍然存在。请回答您想阻止什么。,"Scripted text channel without party a/b as speaker: system, judge, witness, dossier, mediation, aftermath, and milestone copy."
non_party_scripted_text_src_data_scriptedText_family-01_channels_judge_evidence_combo_.entries_dc-2.b.q2_mid_.variants_judgeec-dc-2-b-q2-mid-v2_.behaviorHint,non_party_scripted_text,src/data/scriptedText,family-01,channels[judge_evidence_combo].entries[dc-2.b.q2|mid].variants[judgeec-dc-2-b-q2-mid-v2].behaviorHint,재판관이 줄인 유서 콤보의 방향을 분명히 짚는다. 더 미루지 못하게 하는 톤이다.,The Judge clearly points out the direction of the reduced-will combo. Tone leaves no room to postpone.,裁判官が減らされた遺言書コンボの方向を明確に指摘する。これ以上先送りできないようにするトーン。,法官明确指出缩减遗嘱组合的方向。语气让对方无法再拖延。,"Scripted text channel without party a/b as speaker: system, judge, witness, dossier, mediation, aftermath, and milestone copy."
non_party_scripted_text_src_data_scriptedText_family-01_channels_judge_evidence_combo_.entries_dc-2.b.q2_mid_.variants_judgeec-dc-2-b-q2-mid-v2_.text,non_party_scripted_text,src/data/scriptedText,family-01,channels[judge_evidence_combo].entries[dc-2.b.q2|mid].variants[judgeec-dc-2-b-q2-mid-v2].text,"공증본과 자필 연습본을 대조하면 돈보다 더 큰 사정이 숨어 있습니다. 윤정후 씨, 그 사정을 더 미루지 말고 말해 주십시오.","Comparing the notarized copy with the handwritten draft shows a circumstance larger than money. Mr. Yoon Jeong-hu, stop postponing it and speak.",公証本と自筆下書きを対照すると、お金より大きな事情が隠れています。ユン・ジョンフさん、これ以上先送りせず話してください。,对照公证本和亲笔草稿，可以看到比金钱更大的情况。尹正厚先生，请不要再拖延，说出来。,"Scripted text channel without party a/b as speaker: system, judge, witness, dossier, mediation, aftermath, and milestone copy."
non_party_scripted_text_src_data_scriptedText_family-01_channels_judge_evidence_combo_.entries_dc-2.b.q2_mid_.variants_judgeec-dc-2-b-q2-mid-v3_.behaviorHint,non_party_scripted_text,src/data/scriptedText,family-01,channels[judge_evidence_combo].entries[dc-2.b.q2|mid].variants[judgeec-dc-2-b-q2-mid-v3].behaviorHint,재판관이 줄인 유서 콤보의 방향을 분명히 짚는다. 더 미루지 못하게 하는 톤이다.,The Judge clearly points out the direction of the reduced-will combo. Tone leaves no room to postpone.,裁判官が減らされた遺言書コンボの方向を明確に指摘する。これ以上先送りできないようにするトーン。,法官明确指出缩减遗嘱组合的方向。语气让对方无法再拖延。,"Scripted text channel without party a/b as speaker: system, judge, witness, dossier, mediation, aftermath, and milestone copy."
non_party_scripted_text_src_data_scriptedText_family-01_channels_judge_evidence_combo_.entries_dc-2.b.q2_mid_.variants_judgeec-dc-2-b-q2-mid-v3_.text,non_party_scripted_text,src/data/scriptedText,family-01,channels[judge_evidence_combo].entries[dc-2.b.q2|mid].variants[judgeec-dc-2-b-q2-mid-v3].text,변경 방향이 윤정후 씨에게 불리했다 해도 어머니 뜻을 고친 일입니다. 보호 명분이 있었다면 그 구체적 대상을 밝혀 주십시오.,"Even if the direction of the change was unfavorable to Mr. Yoon Jeong-hu, it was still a change to Mother's wishes. If you had a protective reason, state its specific target.",変更の方向がユン・ジョンフさんに不利だったとしても、母の意思を変えたことに変わりはありません。保護の名分があったなら、その具体的な対象を明らかにしてください。,即使变更方向对尹正厚先生不利，那也仍然是改动母亲的意愿。如果有保护的理由，请说明具体保护对象。,"Scripted text channel without party a/b as speaker: system, judge, witness, dossier, mediation, aftermath, and milestone copy."
non_party_scripted_text_src_data_scriptedText_family-01_channels_judge_evidence_combo_.entries_dc-2.b.q2_mid_.variants_judgeec-dc-2-b-q2-mid-v4_.behaviorHint,non_party_scripted_text,src/data/scriptedText,family-01,channels[judge_evidence_combo].entries[dc-2.b.q2|mid].variants[judgeec-dc-2-b-q2-mid-v4].behaviorHint,재판관이 줄인 유서 콤보의 방향을 분명히 짚는다. 더 미루지 못하게 하는 톤이다.,The Judge clearly points out the direction of the reduced-will combo. Tone leaves no room to postpone.,裁判官が減らされた遺言書コンボの方向を明確に指摘する。これ以上先送りできないようにするトーン。,法官明确指出缩减遗嘱组合的方向。语气让对方无法再拖延。,"Scripted text channel without party a/b as speaker: system, judge, witness, dossier, mediation, aftermath, and milestone copy."
non_party_scripted_text_src_data_scriptedText_family-01_channels_judge_evidence_combo_.entries_dc-2.b.q2_mid_.variants_judgeec-dc-2-b-q2-mid-v4_.text,non_party_scripted_text,src/data/scriptedText,family-01,channels[judge_evidence_combo].entries[dc-2.b.q2|mid].variants[judgeec-dc-2-b-q2-mid-v4].text,"자필 연습본을 그대로 두지 못한 이유가 돈이 아니라면, 윤정후 씨가 막으려 한 것은 윤태성 씨의 질문입니다. 그 끝에 무엇이 있었습니까.","If the reason you could not leave the handwritten draft as it was was not money, then what Mr. Yoon Jeong-hu tried to stop was Mr. Yoon Tae-seong's question. What lay at the end of that question?",自筆下書きをそのままにできなかった理由がお金でないなら、ユン・ジョンフさんが防ごうとしたのはユン・テソンさんの質問です。その先に何がありましたか。,如果无法保留亲笔草稿原样的理由不是钱，那么尹正厚先生想阻止的就是尹泰成先生的追问。那个追问的尽头有什么？,"Scripted text channel without party a/b as speaker: system, judge, witness, dossier, mediation, aftermath, and milestone copy."
non_party_scripted_text_src_data_scriptedText_family-01_channels_judge_evidence_combo_.entries_dc-2.b.q2_mid_.variants_judgeec-dc-2-b-q2-mid-v5_.behaviorHint,non_party_scripted_text,src/data/scriptedText,family-01,channels[judge_evidence_combo].entries[dc-2.b.q2|mid].variants[judgeec-dc-2-b-q2-mid-v5].behaviorHint,재판관이 줄인 유서 콤보의 방향을 분명히 짚는다. 더 미루지 못하게 하는 톤이다.,The Judge clearly points out the direction of the reduced-will combo. Tone leaves no room to postpone.,裁判官が減らされた遺言書コンボの方向を明確に指摘する。これ以上先送りできないようにするトーン。,法官明确指出缩减遗嘱组合的方向。语气让对方无法再拖延。,"Scripted text channel without party a/b as speaker: system, judge, witness, dossier, mediation, aftermath, and milestone copy."
non_party_scripted_text_src_data_scriptedText_family-01_channels_judge_evidence_combo_.entries_dc-2.b.q2_mid_.variants_judgeec-dc-2-b-q2-mid-v5_.text,non_party_scripted_text,src/data/scriptedText,family-01,channels[judge_evidence_combo].entries[dc-2.b.q2|mid].variants[judgeec-dc-2-b-q2-mid-v5].text,"윤정후 씨, 공증 기록은 위조를 묻고 자필 연습본은 동기를 묻습니다. 두 질문을 분리하지 말고 답해 주십시오.","Mr. Yoon Jeong-hu, the notarization record asks about forgery, and the handwritten draft asks about motive. Do not separate the two questions; answer them together.",ユン・ジョンフさん、公証記録は偽造を問い、自筆下書きは動機を問います。二つの質問を切り離さず答えてください。,尹正厚先生，公证记录追问伪造，亲笔草稿追问动机。请不要把两个问题分开，回答。,"Scripted text channel without party a/b as speaker: system, judge, witness, dossier, mediation, aftermath, and milestone copy."
non_party_scripted_text_src_data_scriptedText_family-01_channels_judge_evidence_combo_.entries_dc-2.b.q2_soft_.variants_judgeec-dc-2-b-q2-soft-v1_.behaviorHint,non_party_scripted_text,src/data/scriptedText,family-01,channels[judge_evidence_combo].entries[dc-2.b.q2|soft].variants[judgeec-dc-2-b-q2-soft-v1].behaviorHint,재판관이 줄인 유서 콤보를 차분히 제시한다. 증거의 연결을 먼저 설명하게 하는 톤이다.,The Judge calmly presents the reduced-will combo. Tone first asks for the evidence links to be explained.,裁判官が減らされた遺言書コンボを落ち着いて提示する。証拠のつながりを先に説明させるトーン。,法官冷静提出缩减遗嘱组合。语气先要求说明证据之间的关联。,"Scripted text channel without party a/b as speaker: system, judge, witness, dossier, mediation, aftermath, and milestone copy."
non_party_scripted_text_src_data_scriptedText_family-01_channels_judge_evidence_combo_.entries_dc-2.b.q2_soft_.variants_judgeec-dc-2-b-q2-soft-v1_.text,non_party_scripted_text,src/data/scriptedText,family-01,channels[judge_evidence_combo].entries[dc-2.b.q2|soft].variants[judgeec-dc-2-b-q2-soft-v1].text,"공증본과 자필 연습본을 보면 변경은 윤정후 씨에게 유리한 방향만은 아니었습니다. 윤정후 씨, 돈이 아니었다면 무엇을 막으려 했습니까.","The notarized copy and handwritten draft show that the change was not only in Mr. Yoon Jeong-hu's favor. Mr. Yoon Jeong-hu, if it was not money, what were you trying to prevent?",公証本と自筆下書きを見ると、変更はユン・ジョンフさんに有利な方向だけではありませんでした。ユン・ジョンフさん、お金でないなら何を防ごうとしたのですか。,从公证本和亲笔草稿来看，变更并不只是朝有利于尹正厚先生的方向。尹正厚先生，如果不是钱，您想阻止什么？,"Scripted text channel without party a/b as speaker: system, judge, witness, dossier, mediation, aftermath, and milestone copy."
non_party_scripted_text_src_data_scriptedText_family-01_channels_judge_evidence_combo_.entries_dc-2.b.q2_soft_.variants_judgeec-dc-2-b-q2-soft-v2_.behaviorHint,non_party_scripted_text,src/data/scriptedText,family-01,channels[judge_evidence_combo].entries[dc-2.b.q2|soft].variants[judgeec-dc-2-b-q2-soft-v2].behaviorHint,재판관이 줄인 유서 콤보를 차분히 제시한다. 증거의 연결을 먼저 설명하게 하는 톤이다.,The Judge calmly presents the reduced-will combo. Tone first asks for the evidence links to be explained.,裁判官が減らされた遺言書コンボを落ち着いて提示する。証拠のつながりを先に説明させるトーン。,法官冷静提出缩减遗嘱组合。语气先要求说明证据之间的关联。,"Scripted text channel without party a/b as speaker: system, judge, witness, dossier, mediation, aftermath, and milestone copy."
non_party_scripted_text_src_data_scriptedText_family-01_channels_judge_evidence_combo_.entries_dc-2.b.q2_soft_.variants_judgeec-dc-2-b-q2-soft-v2_.text,non_party_scripted_text,src/data/scriptedText,family-01,channels[judge_evidence_combo].entries[dc-2.b.q2|soft].variants[judgeec-dc-2-b-q2-soft-v2].text,"자필 연습본과 공증본의 차이는 위조 책임과 보호 명분을 함께 묻게 합니다. 윤정후 씨, 그때 두려웠던 일을 말씀해 주십시오.","The difference between the handwritten draft and notarized copy raises both forgery responsibility and a protective reason. Mr. Yoon Jeong-hu, state what you feared then.",自筆下書きと公証本の違いは、偽造の責任と保護の名分を同時に問わせます。ユン・ジョンフさん、その時恐れていたことを話してください。,亲笔草稿和公证本的差异，同时追问伪造责任和保护理由。尹正厚先生，请说明当时您害怕的事。,"Scripted text channel without party a/b as speaker: system, judge, witness, dossier, mediation, aftermath, and milestone copy."
non_party_scripted_text_src_data_scriptedText_family-01_channels_judge_evidence_combo_.entries_dc-2.b.q2_soft_.variants_judgeec-dc-2-b-q2-soft-v3_.behaviorHint,non_party_scripted_text,src/data/scriptedText,family-01,channels[judge_evidence_combo].entries[dc-2.b.q2|soft].variants[judgeec-dc-2-b-q2-soft-v3].behaviorHint,재판관이 줄인 유서 콤보를 차분히 제시한다. 증거의 연결을 먼저 설명하게 하는 톤이다.,The Judge calmly presents the reduced-will combo. Tone first asks for the evidence links to be explained.,裁判官が減らされた遺言書コンボを落ち着いて提示する。証拠のつながりを先に説明させるトーン。,法官冷静提出缩减遗嘱组合。语气先要求说明证据之间的关联。,"Scripted text channel without party a/b as speaker: system, judge, witness, dossier, mediation, aftermath, and milestone copy."
non_party_scripted_text_src_data_scriptedText_family-01_channels_judge_evidence_combo_.entries_dc-2.b.q2_soft_.variants_judgeec-dc-2-b-q2-soft-v3_.text,non_party_scripted_text,src/data/scriptedText,family-01,channels[judge_evidence_combo].entries[dc-2.b.q2|soft].variants[judgeec-dc-2-b-q2-soft-v3].text,"어머니 자필 연습본은 처음 뜻을, 공증본은 손댄 과정을 보여 줍니다. 윤정후 씨, 그 사이에 무엇을 숨기려 했습니까.","Mother's handwritten draft shows the first intent, and the notarized copy shows the process that was touched. Mr. Yoon Jeong-hu, what were you trying to hide between them?",母の自筆下書きは最初の意思を、公証本は手を加えた過程を示しています。ユン・ジョンフさん、その間で何を隠そうとしたのですか。,母亲的亲笔草稿显示最初意愿，公证本显示被改动的过程。尹正厚先生，您在两者之间想隐瞒什么？,"Scripted text channel without party a/b as speaker: system, judge, witness, dossier, mediation, aftermath, and milestone copy."
non_party_scripted_text_src_data_scriptedText_family-01_channels_judge_evidence_combo_.entries_dc-2.b.q2_soft_.variants_judgeec-dc-2-b-q2-soft-v4_.behaviorHint,non_party_scripted_text,src/data/scriptedText,family-01,channels[judge_evidence_combo].entries[dc-2.b.q2|soft].variants[judgeec-dc-2-b-q2-soft-v4].behaviorHint,재판관이 줄인 유서 콤보를 차분히 제시한다. 증거의 연결을 먼저 설명하게 하는 톤이다.,The Judge calmly presents the reduced-will combo. Tone first asks for the evidence links to be explained.,裁判官が減らされた遺言書コンボを落ち着いて提示する。証拠のつながりを先に説明させるトーン。,法官冷静提出缩减遗嘱组合。语气先要求说明证据之间的关联。,"Scripted text channel without party a/b as speaker: system, judge, witness, dossier, mediation, aftermath, and milestone copy."
non_party_scripted_text_src_data_scriptedText_family-01_channels_judge_evidence_combo_.entries_dc-2.b.q2_soft_.variants_judgeec-dc-2-b-q2-soft-v4_.text,non_party_scripted_text,src/data/scriptedText,family-01,channels[judge_evidence_combo].entries[dc-2.b.q2|soft].variants[judgeec-dc-2-b-q2-soft-v4].text,"윤정후 씨 몫이 줄어든 방향이라 해도 문서를 바꾼 건 사실입니다. 윤정후 씨, 그 책임을 지고 이유를 설명해 주십시오.","Even if the change reduced Mr. Yoon Jeong-hu's share, the fact remains that the document was altered. Mr. Yoon Jeong-hu, take that responsibility and explain why.",ユン・ジョンフさんの取り分が減る方向だったとしても、文書を変えた事実は残ります。ユン・ジョンフさん、その責任を負って理由を説明してください。,即使变更方向减少了尹正厚先生的份额，改动文件这一事实仍然存在。尹正厚先生，请承担这份责任并说明理由。,"Scripted text channel without party a/b as speaker: system, judge, witness, dossier, mediation, aftermath, and milestone copy."
non_party_scripted_text_src_data_scriptedText_family-01_channels_judge_evidence_combo_.entries_dc-2.b.q2_soft_.variants_judgeec-dc-2-b-q2-soft-v5_.behaviorHint,non_party_scripted_text,src/data/scriptedText,family-01,channels[judge_evidence_combo].entries[dc-2.b.q2|soft].variants[judgeec-dc-2-b-q2-soft-v5].behaviorHint,재판관이 줄인 유서 콤보를 차분히 제시한다. 증거의 연결을 먼저 설명하게 하는 톤이다.,The Judge calmly presents the reduced-will combo. Tone first asks for the evidence links to be explained.,裁判官が減らされた遺言書コンボを落ち着いて提示する。証拠のつながりを先に説明させるトーン。,法官冷静提出缩减遗嘱组合。语气先要求说明证据之间的关联。,"Scripted text channel without party a/b as speaker: system, judge, witness, dossier, mediation, aftermath, and milestone copy."
non_party_scripted_text_src_data_scriptedText_family-01_channels_judge_evidence_combo_.entries_dc-2.b.q2_soft_.variants_judgeec-dc-2-b-q2-soft-v5_.text,non_party_scripted_text,src/data/scriptedText,family-01,channels[judge_evidence_combo].entries[dc-2.b.q2|soft].variants[judgeec-dc-2-b-q2-soft-v5].text,"공증인 메모와 자필 연습본은 탐욕만으로는 설명되지 않는 변경을 보여 줍니다. 윤정후 씨, 막으려 한 질문이 무엇이었습니까.","The Notary's Memo Notes and handwritten draft show a change that cannot be explained by greed alone. Mr. Yoon Jeong-hu, what question were you trying to stop?",公証人のメモ記録と自筆下書きは、欲だけでは説明できない変更を示しています。ユン・ジョンフさん、どんな質問を防ごうとしたのですか。,公证人备忘记录和亲笔草稿显示的变更，无法仅用贪心解释。尹正厚先生，您想阻止什么问题？,"Scripted text channel without party a/b as speaker: system, judge, witness, dossier, mediation, aftermath, and milestone copy."
non_party_scripted_text_src_data_scriptedText_family-01_channels_judge_evidence_combo_.entries_dc-3.b.q1_hard_.variants_judgeec-dc-3-b-q1-hard-v1_.behaviorHint,non_party_scripted_text,src/data/scriptedText,family-01,channels[judge_evidence_combo].entries[dc-3.b.q1|hard].variants[judgeec-dc-3-b-q1-hard-v1].behaviorHint,재판관이 20년의 돈 콤보를 근거로 즉답을 요구한다. 회피를 끊는 톤이다.,The Judge demands an immediate answer based on the twenty-year money combo. Tone cuts off evasion.,裁判官が20年の金銭コンボを根拠に即答を求める。回避を断ち切るトーン。,法官以20年资金组合为依据要求立即回答。语气切断回避。,"Scripted text channel without party a/b as speaker: system, judge, witness, dossier, mediation, aftermath, and milestone copy."
non_party_scripted_text_src_data_scriptedText_family-01_channels_judge_evidence_combo_.entries_dc-3.b.q1_hard_.variants_judgeec-dc-3-b-q1-hard-v1_.text,non_party_scripted_text,src/data/scriptedText,family-01,channels[judge_evidence_combo].entries[dc-3.b.q1|hard].variants[judgeec-dc-3-b-q1-hard-v1].text,"자필 연습본과 계좌 흐름은 윤정후 씨가 오랫동안 집안을 떠받친 사실을 보여 줍니다. 윤정후 씨, 왜 그 돈을 어머니 돈처럼 보이게 했습니까.","The handwritten draft and account trail show that Mr. Yoon Jeong-hu supported the family for a long time. Mr. Yoon Jeong-hu, why did you make that money look like Mother's?",自筆下書きと口座の流れは、ユン・ジョンフさんが長く家を支えていた事実を示しています。ユン・ジョンフさん、なぜそのお金を母のお金のように見せたのですか。,亲笔草稿和账户流水显示，尹正厚先生长期支撑着家里。尹正厚先生，为什么让那笔钱看起来像母亲的钱？,"Scripted text channel without party a/b as speaker: system, judge, witness, dossier, mediation, aftermath, and milestone copy."
non_party_scripted_text_src_data_scriptedText_family-01_channels_judge_evidence_combo_.entries_dc-3.b.q1_hard_.variants_judgeec-dc-3-b-q1-hard-v2_.behaviorHint,non_party_scripted_text,src/data/scriptedText,family-01,channels[judge_evidence_combo].entries[dc-3.b.q1|hard].variants[judgeec-dc-3-b-q1-hard-v2].behaviorHint,재판관이 20년의 돈 콤보를 근거로 즉답을 요구한다. 회피를 끊는 톤이다.,The Judge demands an immediate answer based on the twenty-year money combo. Tone cuts off evasion.,裁判官が20年の金銭コンボを根拠に即答を求める。回避を断ち切るトーン。,法官以20年资金组合为依据要求立即回答。语气切断回避。,"Scripted text channel without party a/b as speaker: system, judge, witness, dossier, mediation, aftermath, and milestone copy."
non_party_scripted_text_src_data_scriptedText_family-01_channels_judge_evidence_combo_.entries_dc-3.b.q1_hard_.variants_judgeec-dc-3-b-q1-hard-v2_.text,non_party_scripted_text,src/data/scriptedText,family-01,channels[judge_evidence_combo].entries[dc-3.b.q1|hard].variants[judgeec-dc-3-b-q1-hard-v2].text,"윤정후 씨, 정기 지원금과 사업 자금의 출처를 제대로 설명하지 않은 일이 지금 유서 분쟁의 중심입니다. 언제부터 이어진 흐름인지 명확히 말씀해 주십시오.","Mr. Yoon Jeong-hu, the failure to explain the source of regular support and business funds is now at the center of the will dispute. State clearly when that flow began.",ユン・ジョンフさん、定期支援金と事業資金の出所をきちんと説明しなかったことが、今は遺言書争いの中心です。いつから続いた流れなのか、明確に話してください。,尹正厚先生，没有清楚说明定期资助和事业资金的来源，现在成为遗嘱纠纷的中心。请明确说明这条资金流从什么时候开始。,"Scripted text channel without party a/b as speaker: system, judge, witness, dossier, mediation, aftermath, and milestone copy."
non_party_scripted_text_src_data_scriptedText_family-01_channels_judge_evidence_combo_.entries_dc-3.b.q1_hard_.variants_judgeec-dc-3-b-q1-hard-v3_.behaviorHint,non_party_scripted_text,src/data/scriptedText,family-01,channels[judge_evidence_combo].entries[dc-3.b.q1|hard].variants[judgeec-dc-3-b-q1-hard-v3].behaviorHint,재판관이 20년의 돈 콤보를 근거로 즉답을 요구한다. 회피를 끊는 톤이다.,The Judge demands an immediate answer based on the twenty-year money combo. Tone cuts off evasion.,裁判官が20年の金銭コンボを根拠に即答を求める。回避を断ち切るトーン。,法官以20年资金组合为依据要求立即回答。语气切断回避。,"Scripted text channel without party a/b as speaker: system, judge, witness, dossier, mediation, aftermath, and milestone copy."
non_party_scripted_text_src_data_scriptedText_family-01_channels_judge_evidence_combo_.entries_dc-3.b.q1_hard_.variants_judgeec-dc-3-b-q1-hard-v3_.text,non_party_scripted_text,src/data/scriptedText,family-01,channels[judge_evidence_combo].entries[dc-3.b.q1|hard].variants[judgeec-dc-3-b-q1-hard-v3].text,"계좌 흐름과 자필 연습본은 윤태성 씨가 몰랐던 돈의 구조를 드러냅니다. 윤정후 씨, 그 침묵의 책임을 답해 주십시오.","The account trail and handwritten draft reveal a money structure Mr. Yoon Tae-seong did not know. Mr. Yoon Jeong-hu, answer for the responsibility of that silence.",口座の流れと自筆下書きは、ユン・テソンさんが知らなかったお金の構造を明らかにします。ユン・ジョンフさん、その沈黙の責任を答えてください。,账户流水和亲笔草稿揭示了尹泰成先生不知道的资金结构。尹正厚先生，请回答这份沉默的责任。,"Scripted text channel without party a/b as speaker: system, judge, witness, dossier, mediation, aftermath, and milestone copy."
non_party_scripted_text_src_data_scriptedText_family-01_channels_judge_evidence_combo_.entries_dc-3.b.q1_hard_.variants_judgeec-dc-3-b-q1-hard-v4_.behaviorHint,non_party_scripted_text,src/data/scriptedText,family-01,channels[judge_evidence_combo].entries[dc-3.b.q1|hard].variants[judgeec-dc-3-b-q1-hard-v4].behaviorHint,재판관이 20년의 돈 콤보를 근거로 즉답을 요구한다. 회피를 끊는 톤이다.,The Judge demands an immediate answer based on the twenty-year money combo. Tone cuts off evasion.,裁判官が20年の金銭コンボを根拠に即答を求める。回避を断ち切るトーン。,法官以20年资金组合为依据要求立即回答。语气切断回避。,"Scripted text channel without party a/b as speaker: system, judge, witness, dossier, mediation, aftermath, and milestone copy."
non_party_scripted_text_src_data_scriptedText_family-01_channels_judge_evidence_combo_.entries_dc-3.b.q1_hard_.variants_judgeec-dc-3-b-q1-hard-v4_.text,non_party_scripted_text,src/data/scriptedText,family-01,channels[judge_evidence_combo].entries[dc-3.b.q1|hard].variants[judgeec-dc-3-b-q1-hard-v4].text,"윤정후 씨, 돈의 출처를 밝히지 않으면 어머니 뜻도 제대로 판단할 수 없습니다. 송금 흐름을 차분히 말해 주십시오.","Mr. Yoon Jeong-hu, without clarifying the source of the money, Mother's wishes cannot be judged properly either. Speak calmly about the remittance flow.",ユン・ジョンフさん、お金の出所を明らかにしなければ、母の意思も正しく判断できません。送金の流れを落ち着いて話してください。,尹正厚先生，如果不说明钱的来源，就无法正确判断母亲的意愿。请冷静说明汇款流水。,"Scripted text channel without party a/b as speaker: system, judge, witness, dossier, mediation, aftermath, and milestone copy."
non_party_scripted_text_src_data_scriptedText_family-01_channels_judge_evidence_combo_.entries_dc-3.b.q1_hard_.variants_judgeec-dc-3-b-q1-hard-v5_.behaviorHint,non_party_scripted_text,src/data/scriptedText,family-01,channels[judge_evidence_combo].entries[dc-3.b.q1|hard].variants[judgeec-dc-3-b-q1-hard-v5].behaviorHint,재판관이 20년의 돈 콤보를 근거로 즉답을 요구한다. 회피를 끊는 톤이다.,The Judge demands an immediate answer based on the twenty-year money combo. Tone cuts off evasion.,裁判官が20年の金銭コンボを根拠に即答を求める。回避を断ち切るトーン。,法官以20年资金组合为依据要求立即回答。语气切断回避。,"Scripted text channel without party a/b as speaker: system, judge, witness, dossier, mediation, aftermath, and milestone copy."
non_party_scripted_text_src_data_scriptedText_family-01_channels_judge_evidence_combo_.entries_dc-3.b.q1_hard_.variants_judgeec-dc-3-b-q1-hard-v5_.text,non_party_scripted_text,src/data/scriptedText,family-01,channels[judge_evidence_combo].entries[dc-3.b.q1|hard].variants[judgeec-dc-3-b-q1-hard-v5].text,"자필 연습본이 왜 그렇게 기울었는지는 계좌 흐름이 설명합니다. 윤정후 씨, 본인 부담을 숨긴 판단을 지금 인정해 주십시오.","The account trail explains why the handwritten draft leaned that way. Mr. Yoon Jeong-hu, now acknowledge the judgment to hide your own burden.",自筆下書きがなぜそのように傾いたのかは、口座の流れが説明しています。ユン・ジョンフさん、自分の負担を隠した判断を今認めてください。,亲笔草稿为什么那样偏向，账户流水已经作出说明。尹正厚先生，现在请承认您隐瞒自己负担的判断。,"Scripted text channel without party a/b as speaker: system, judge, witness, dossier, mediation, aftermath, and milestone copy."
non_party_scripted_text_src_data_scriptedText_family-01_channels_judge_evidence_combo_.entries_dc-3.b.q1_mid_.variants_judgeec-dc-3-b-q1-mid-v1_.behaviorHint,non_party_scripted_text,src/data/scriptedText,family-01,channels[judge_evidence_combo].entries[dc-3.b.q1|mid].variants[judgeec-dc-3-b-q1-mid-v1].behaviorHint,재판관이 20년의 돈 콤보의 방향을 분명히 짚는다. 더 미루지 못하게 하는 톤이다.,The Judge clearly points out the direction of the twenty-year money combo. Tone leaves no room to postpone.,裁判官が20年の金銭コンボの方向を明確に指摘する。これ以上先送りできないようにするトーン。,法官明确指出20年资金组合的方向。语气让对方无法再拖延。,"Scripted text channel without party a/b as speaker: system, judge, witness, dossier, mediation, aftermath, and milestone copy."
non_party_scripted_text_src_data_scriptedText_family-01_channels_judge_evidence_combo_.entries_dc-3.b.q1_mid_.variants_judgeec-dc-3-b-q1-mid-v1_.text,non_party_scripted_text,src/data/scriptedText,family-01,channels[judge_evidence_combo].entries[dc-3.b.q1|mid].variants[judgeec-dc-3-b-q1-mid-v1].text,자필 연습본과 계좌 흐름을 붙이면 오랫동안 이어진 정기 지원금과 사업 자금 흐름이 보입니다. 왜 처음부터 말하지 않았습니까.,Putting the handwritten draft and account trail together shows long-running regular support and business funds. Why did you not say this from the beginning?,自筆下書きと口座の流れを合わせると、長く続いた定期支援金と事業資金の流れが見えます。なぜ最初から話さなかったのですか。,把亲笔草稿和账户流水放在一起，可以看到长期持续的定期资助和事业资金流。为什么一开始不说？,"Scripted text channel without party a/b as speaker: system, judge, witness, dossier, mediation, aftermath, and milestone copy."
non_party_scripted_text_src_data_scriptedText_family-01_channels_judge_evidence_combo_.entries_dc-3.b.q1_mid_.variants_judgeec-dc-3-b-q1-mid-v2_.behaviorHint,non_party_scripted_text,src/data/scriptedText,family-01,channels[judge_evidence_combo].entries[dc-3.b.q1|mid].variants[judgeec-dc-3-b-q1-mid-v2].behaviorHint,재판관이 20년의 돈 콤보의 방향을 분명히 짚는다. 더 미루지 못하게 하는 톤이다.,The Judge clearly points out the direction of the twenty-year money combo. Tone leaves no room to postpone.,裁判官が20年の金銭コンボの方向を明確に指摘する。これ以上先送りできないようにするトーン。,法官明确指出20年资金组合的方向。语气让对方无法再拖延。,"Scripted text channel without party a/b as speaker: system, judge, witness, dossier, mediation, aftermath, and milestone copy."
non_party_scripted_text_src_data_scriptedText_family-01_channels_judge_evidence_combo_.entries_dc-3.b.q1_mid_.variants_judgeec-dc-3-b-q1-mid-v2_.text,non_party_scripted_text,src/data/scriptedText,family-01,channels[judge_evidence_combo].entries[dc-3.b.q1|mid].variants[judgeec-dc-3-b-q1-mid-v2].text,"어머니 통장을 거친 돈이 실제로는 윤정후 씨 돈이었다면 유서의 의미가 달라집니다. 윤정후 씨, 그 규모를 숨긴 이유를 답해 주십시오.","If the money that passed through Mother's account was actually Mr. Yoon Jeong-hu's money, the meaning of the will changes. Mr. Yoon Jeong-hu, answer why you hid the scale.",母の通帳を経たお金が実際にはユン・ジョンフさんのお金だったなら、遺言書の意味は変わります。ユン・ジョンフさん、その規模を隠した理由を答えてください。,如果经过母亲账户的钱实际上是尹正厚先生的钱，遗嘱的意义就会改变。尹正厚先生，请回答为什么隐瞒规模。,"Scripted text channel without party a/b as speaker: system, judge, witness, dossier, mediation, aftermath, and milestone copy."
non_party_scripted_text_src_data_scriptedText_family-01_channels_judge_evidence_combo_.entries_dc-3.b.q1_mid_.variants_judgeec-dc-3-b-q1-mid-v3_.behaviorHint,non_party_scripted_text,src/data/scriptedText,family-01,channels[judge_evidence_combo].entries[dc-3.b.q1|mid].variants[judgeec-dc-3-b-q1-mid-v3].behaviorHint,재판관이 20년의 돈 콤보의 방향을 분명히 짚는다. 더 미루지 못하게 하는 톤이다.,The Judge clearly points out the direction of the twenty-year money combo. Tone leaves no room to postpone.,裁判官が20年の金銭コンボの方向を明確に指摘する。これ以上先送りできないようにするトーン。,法官明确指出20年资金组合的方向。语气让对方无法再拖延。,"Scripted text channel without party a/b as speaker: system, judge, witness, dossier, mediation, aftermath, and milestone copy."
non_party_scripted_text_src_data_scriptedText_family-01_channels_judge_evidence_combo_.entries_dc-3.b.q1_mid_.variants_judgeec-dc-3-b-q1-mid-v3_.text,non_party_scripted_text,src/data/scriptedText,family-01,channels[judge_evidence_combo].entries[dc-3.b.q1|mid].variants[judgeec-dc-3-b-q1-mid-v3].text,"자필 연습본의 방향과 계좌 흐름은 따로 볼 수 없습니다. 윤정후 씨, 윤태성 씨가 어머니 돈으로 믿게 둔 이유를 말씀해 주십시오.","The direction of the handwritten draft and the account trail cannot be separated. Mr. Yoon Jeong-hu, state why you let Mr. Yoon Tae-seong believe it was Mother's money.",自筆下書きの方向と口座の流れは、別々には見られません。ユン・ジョンフさん、ユン・テソンさんに母のお金だと信じさせておいた理由を話してください。,亲笔草稿的方向和账户流水不能分开看。尹正厚先生，请说明为什么让尹泰成先生相信那是母亲的钱。,"Scripted text channel without party a/b as speaker: system, judge, witness, dossier, mediation, aftermath, and milestone copy."
non_party_scripted_text_src_data_scriptedText_family-01_channels_judge_evidence_combo_.entries_dc-3.b.q1_mid_.variants_judgeec-dc-3-b-q1-mid-v4_.behaviorHint,non_party_scripted_text,src/data/scriptedText,family-01,channels[judge_evidence_combo].entries[dc-3.b.q1|mid].variants[judgeec-dc-3-b-q1-mid-v4].behaviorHint,재판관이 20년의 돈 콤보의 방향을 분명히 짚는다. 더 미루지 못하게 하는 톤이다.,The Judge clearly points out the direction of the twenty-year money combo. Tone leaves no room to postpone.,裁判官が20年の金銭コンボの方向を明確に指摘する。これ以上先送りできないようにするトーン。,法官明确指出20年资金组合的方向。语气让对方无法再拖延。,"Scripted text channel without party a/b as speaker: system, judge, witness, dossier, mediation, aftermath, and milestone copy."
non_party_scripted_text_src_data_scriptedText_family-01_channels_judge_evidence_combo_.entries_dc-3.b.q1_mid_.variants_judgeec-dc-3-b-q1-mid-v4_.text,non_party_scripted_text,src/data/scriptedText,family-01,channels[judge_evidence_combo].entries[dc-3.b.q1|mid].variants[judgeec-dc-3-b-q1-mid-v4].text,"정기 지원금과 사업 자금의 출처가 윤정후 씨라면, 어머니 뜻에도 근거가 있었습니다. 그 핵심을 왜 빼고 말했습니까.","If the source of the regular support and business funds was Mr. Yoon Jeong-hu, then Mother's wishes had a basis. Why did you leave out that core point?",定期支援金と事業資金の出所がユン・ジョンフさんだったなら、母の意思にも根拠がありました。その核心をなぜ抜いて話したのですか。,如果定期资助和事业资金的来源是尹正厚先生，那么母亲的意愿也有依据。为什么省略这个核心？,"Scripted text channel without party a/b as speaker: system, judge, witness, dossier, mediation, aftermath, and milestone copy."
non_party_scripted_text_src_data_scriptedText_family-01_channels_judge_evidence_combo_.entries_dc-3.b.q1_mid_.variants_judgeec-dc-3-b-q1-mid-v5_.behaviorHint,non_party_scripted_text,src/data/scriptedText,family-01,channels[judge_evidence_combo].entries[dc-3.b.q1|mid].variants[judgeec-dc-3-b-q1-mid-v5].behaviorHint,재판관이 20년의 돈 콤보의 방향을 분명히 짚는다. 더 미루지 못하게 하는 톤이다.,The Judge clearly points out the direction of the twenty-year money combo. Tone leaves no room to postpone.,裁判官が20年の金銭コンボの方向を明確に指摘する。これ以上先送りできないようにするトーン。,法官明确指出20年资金组合的方向。语气让对方无法再拖延。,"Scripted text channel without party a/b as speaker: system, judge, witness, dossier, mediation, aftermath, and milestone copy."
non_party_scripted_text_src_data_scriptedText_family-01_channels_judge_evidence_combo_.entries_dc-3.b.q1_mid_.variants_judgeec-dc-3-b-q1-mid-v5_.text,non_party_scripted_text,src/data/scriptedText,family-01,channels[judge_evidence_combo].entries[dc-3.b.q1|mid].variants[judgeec-dc-3-b-q1-mid-v5].text,"윤정후 씨, 계좌 흐름은 작은 도움을 넘어선 흐름입니다. 자필 연습본과 맞물린 의미를 지금 설명해 주십시오.","Mr. Yoon Jeong-hu, the account trail is more than a small favor. Explain now what it means when connected to the handwritten draft.",ユン・ジョンフさん、口座の流れは小さな援助を超えるものです。自筆下書きとつながる意味を今説明してください。,尹正厚先生，账户流水已经超出小小帮助。请说明它与亲笔草稿相连时的意义。,"Scripted text channel without party a/b as speaker: system, judge, witness, dossier, mediation, aftermath, and milestone copy."
non_party_scripted_text_src_data_scriptedText_family-01_channels_judge_evidence_combo_.entries_dc-3.b.q1_soft_.variants_judgeec-dc-3-b-q1-soft-v1_.behaviorHint,non_party_scripted_text,src/data/scriptedText,family-01,channels[judge_evidence_combo].entries[dc-3.b.q1|soft].variants[judgeec-dc-3-b-q1-soft-v1].behaviorHint,재판관이 20년의 돈 콤보를 차분히 제시한다. 증거의 연결을 먼저 설명하게 하는 톤이다.,The Judge calmly presents the twenty-year money combo. Tone first asks for the evidence links to be explained.,裁判官が20年の金銭コンボを落ち着いて提示する。証拠のつながりを先に説明させるトーン。,法官冷静提出20年资金组合。语气先要求说明证据之间的关联。,"Scripted text channel without party a/b as speaker: system, judge, witness, dossier, mediation, aftermath, and milestone copy."
non_party_scripted_text_src_data_scriptedText_family-01_channels_judge_evidence_combo_.entries_dc-3.b.q1_soft_.variants_judgeec-dc-3-b-q1-soft-v1_.text,non_party_scripted_text,src/data/scriptedText,family-01,channels[judge_evidence_combo].entries[dc-3.b.q1|soft].variants[judgeec-dc-3-b-q1-soft-v1].text,"어머니 서랍의 자필 연습본과 장기간 계좌 흐름을 함께 보면 어머니가 윤정후 씨 쪽에 크게 기운 이유가 보입니다. 윤정후 씨, 돈의 출처를 설명해 주십시오.","When Mother's handwritten draft from the drawer and the long-term account trail are viewed together, the reason Mother leaned heavily toward Mr. Yoon Jeong-hu becomes visible. Mr. Yoon Jeong-hu, explain the source of the money.",母の引き出しの自筆下書きと長期の口座の流れをあわせて見ると、母がユン・ジョンフさん側へ大きく傾いた理由が見えます。ユン・ジョンフさん、お金の出所を説明してください。,把母亲抽屉里的亲笔草稿和长期账户流水一起看，就能看出母亲明显偏向尹正厚先生的理由。尹正厚先生，请说明钱的来源。,"Scripted text channel without party a/b as speaker: system, judge, witness, dossier, mediation, aftermath, and milestone copy."
non_party_scripted_text_src_data_scriptedText_family-01_channels_judge_evidence_combo_.entries_dc-3.b.q1_soft_.variants_judgeec-dc-3-b-q1-soft-v2_.behaviorHint,non_party_scripted_text,src/data/scriptedText,family-01,channels[judge_evidence_combo].entries[dc-3.b.q1|soft].variants[judgeec-dc-3-b-q1-soft-v2].behaviorHint,재판관이 20년의 돈 콤보를 차분히 제시한다. 증거의 연결을 먼저 설명하게 하는 톤이다.,The Judge calmly presents the twenty-year money combo. Tone first asks for the evidence links to be explained.,裁判官が20年の金銭コンボを落ち着いて提示する。証拠のつながりを先に説明させるトーン。,法官冷静提出20年资金组合。语气先要求说明证据之间的关联。,"Scripted text channel without party a/b as speaker: system, judge, witness, dossier, mediation, aftermath, and milestone copy."
non_party_scripted_text_src_data_scriptedText_family-01_channels_judge_evidence_combo_.entries_dc-3.b.q1_soft_.variants_judgeec-dc-3-b-q1-soft-v2_.text,non_party_scripted_text,src/data/scriptedText,family-01,channels[judge_evidence_combo].entries[dc-3.b.q1|soft].variants[judgeec-dc-3-b-q1-soft-v2].text,"자필 연습본은 어머니의 마음을, 계좌 흐름은 그 마음의 근거를 보여 줍니다. 윤정후 씨, 정기 지원금과 사업 자금의 흐름을 말씀해 주십시오.","The handwritten draft shows Mother's feelings, and the account trail shows the basis for those feelings. Mr. Yoon Jeong-hu, state the flow of regular support and business funds.",自筆下書きは母の気持ちを、口座の流れはその気持ちの根拠を示しています。ユン・ジョンフさん、定期支援金と事業資金の流れを話してください。,亲笔草稿显示母亲的心意，账户流水显示这份心意的依据。尹正厚先生，请说明定期资助和事业资金的流向。,"Scripted text channel without party a/b as speaker: system, judge, witness, dossier, mediation, aftermath, and milestone copy."
non_party_scripted_text_src_data_scriptedText_family-01_channels_judge_evidence_combo_.entries_dc-3.b.q1_soft_.variants_judgeec-dc-3-b-q1-soft-v3_.behaviorHint,non_party_scripted_text,src/data/scriptedText,family-01,channels[judge_evidence_combo].entries[dc-3.b.q1|soft].variants[judgeec-dc-3-b-q1-soft-v3].behaviorHint,재판관이 20년의 돈 콤보를 차분히 제시한다. 증거의 연결을 먼저 설명하게 하는 톤이다.,The Judge calmly presents the twenty-year money combo. Tone first asks for the evidence links to be explained.,裁判官が20年の金銭コンボを落ち着いて提示する。証拠のつながりを先に説明させるトーン。,法官冷静提出20年资金组合。语气先要求说明证据之间的关联。,"Scripted text channel without party a/b as speaker: system, judge, witness, dossier, mediation, aftermath, and milestone copy."
non_party_scripted_text_src_data_scriptedText_family-01_channels_judge_evidence_combo_.entries_dc-3.b.q1_soft_.variants_judgeec-dc-3-b-q1-soft-v3_.text,non_party_scripted_text,src/data/scriptedText,family-01,channels[judge_evidence_combo].entries[dc-3.b.q1|soft].variants[judgeec-dc-3-b-q1-soft-v3].text,"계좌 흐름에는 어머니 통장을 거친 돈이 남아 있고, 자필 연습본은 그 사정을 반영합니다. 윤정후 씨, 본인 돈이 어디까지였습니까.","The account trail contains money that passed through Mother's account, and the handwritten draft reflects that circumstance. Mr. Yoon Jeong-hu, how much of it was your money?",口座の流れには母の通帳を経たお金が残っており、自筆下書きはその事情を反映しています。ユン・ジョンフさん、どこまでがご自身のお金でしたか。,账户流水中留下了经过母亲账户的钱，亲笔草稿反映了这一情况。尹正厚先生，其中到哪里为止是您的钱？,"Scripted text channel without party a/b as speaker: system, judge, witness, dossier, mediation, aftermath, and milestone copy."
non_party_scripted_text_src_data_scriptedText_family-01_channels_judge_evidence_combo_.entries_dc-3.b.q1_soft_.variants_judgeec-dc-3-b-q1-soft-v4_.behaviorHint,non_party_scripted_text,src/data/scriptedText,family-01,channels[judge_evidence_combo].entries[dc-3.b.q1|soft].variants[judgeec-dc-3-b-q1-soft-v4].behaviorHint,재판관이 20년의 돈 콤보를 차분히 제시한다. 증거의 연결을 먼저 설명하게 하는 톤이다.,The Judge calmly presents the twenty-year money combo. Tone first asks for the evidence links to be explained.,裁判官が20年の金銭コンボを落ち着いて提示する。証拠のつながりを先に説明させるトーン。,法官冷静提出20年资金组合。语气先要求说明证据之间的关联。,"Scripted text channel without party a/b as speaker: system, judge, witness, dossier, mediation, aftermath, and milestone copy."
non_party_scripted_text_src_data_scriptedText_family-01_channels_judge_evidence_combo_.entries_dc-3.b.q1_soft_.variants_judgeec-dc-3-b-q1-soft-v4_.text,non_party_scripted_text,src/data/scriptedText,family-01,channels[judge_evidence_combo].entries[dc-3.b.q1|soft].variants[judgeec-dc-3-b-q1-soft-v4].text,어머니가 왜 윤정후 씨에게 더 남기려 했는지는 자필 연습본만으로 끝나지 않습니다. 계좌 흐름와 맞춰 설명해 주십시오.,Why Mother meant to leave more to Mr. Yoon Jeong-hu cannot be settled by the handwritten draft alone. Explain it against the account trail.,母がなぜユン・ジョンフさんにより多く残そうとしたのかは、自筆下書きだけでは終わりません。口座の流れと照らして説明してください。,母亲为什么想给尹正厚先生留下更多，不能只用亲笔草稿解释。请结合账户流水说明。,"Scripted text channel without party a/b as speaker: system, judge, witness, dossier, mediation, aftermath, and milestone copy."
non_party_scripted_text_src_data_scriptedText_family-01_channels_judge_evidence_combo_.entries_dc-3.b.q1_soft_.variants_judgeec-dc-3-b-q1-soft-v5_.behaviorHint,non_party_scripted_text,src/data/scriptedText,family-01,channels[judge_evidence_combo].entries[dc-3.b.q1|soft].variants[judgeec-dc-3-b-q1-soft-v5].behaviorHint,재판관이 20년의 돈 콤보를 차분히 제시한다. 증거의 연결을 먼저 설명하게 하는 톤이다.,The Judge calmly presents the twenty-year money combo. Tone first asks for the evidence links to be explained.,裁判官が20年の金銭コンボを落ち着いて提示する。証拠のつながりを先に説明させるトーン。,法官冷静提出20年资金组合。语气先要求说明证据之间的关联。,"Scripted text channel without party a/b as speaker: system, judge, witness, dossier, mediation, aftermath, and milestone copy."
non_party_scripted_text_src_data_scriptedText_family-01_channels_judge_evidence_combo_.entries_dc-3.b.q1_soft_.variants_judgeec-dc-3-b-q1-soft-v5_.text,non_party_scripted_text,src/data/scriptedText,family-01,channels[judge_evidence_combo].entries[dc-3.b.q1|soft].variants[judgeec-dc-3-b-q1-soft-v5].text,"자필 연습본과 계좌 흐름은 어머니 돈처럼 보였던 돈의 출처를 다시 묻게 합니다. 윤정후 씨, 차분히 말씀해 주십시오.","The handwritten draft and account trail make the court ask again about the source of money that looked like Mother's. Mr. Yoon Jeong-hu, speak calmly.",自筆下書きと口座の流れは、母のお金のように見えたお金の出所を改めて問わせます。ユン・ジョンフさん、落ち着いて話してください。,亲笔草稿和账户流水让人重新追问，那些看似母亲的钱究竟来自哪里。尹正厚先生，请冷静说明。,"Scripted text channel without party a/b as speaker: system, judge, witness, dossier, mediation, aftermath, and milestone copy."
non_party_scripted_text_src_data_scriptedText_family-01_channels_judge_evidence_combo_.entries_dc-3.b.q2_hard_.variants_judgeec-dc-3-b-q2-hard-v1_.behaviorHint,non_party_scripted_text,src/data/scriptedText,family-01,channels[judge_evidence_combo].entries[dc-3.b.q2|hard].variants[judgeec-dc-3-b-q2-hard-v1].behaviorHint,재판관이 20년의 돈 콤보를 근거로 즉답을 요구한다. 회피를 끊는 톤이다.,The Judge demands an immediate answer based on the twenty-year money combo. Tone cuts off evasion.,裁判官が20年の金銭コンボを根拠に即答を求める。回避を断ち切るトーン。,法官以20年资金组合为依据要求立即回答。语气切断回避。,"Scripted text channel without party a/b as speaker: system, judge, witness, dossier, mediation, aftermath, and milestone copy."
non_party_scripted_text_src_data_scriptedText_family-01_channels_judge_evidence_combo_.entries_dc-3.b.q2_hard_.variants_judgeec-dc-3-b-q2-hard-v1_.text,non_party_scripted_text,src/data/scriptedText,family-01,channels[judge_evidence_combo].entries[dc-3.b.q2|hard].variants[judgeec-dc-3-b-q2-hard-v1].text,"윤정후 씨, 윤태성 씨가 어머니 돈으로 믿게 둔 구조가 지금까지 이어졌습니다. 보호였다는 말만으로 충분하지 않습니다. 이유를 답해 주십시오.","Mr. Yoon Jeong-hu, the structure that let Mr. Yoon Tae-seong believe it was Mother's money continued until now. Saying it was protection is not enough. Answer why.",ユン・ジョンフさん、ユン・テソンさんに母のお金だと信じさせた構造が今まで続きました。保護だったという言葉だけでは足りません。理由を答えてください。,尹正厚先生，让尹泰成先生一直相信那是母亲的钱的结构延续到现在。仅说是保护还不够。请说明理由。,"Scripted text channel without party a/b as speaker: system, judge, witness, dossier, mediation, aftermath, and milestone copy."
non_party_scripted_text_src_data_scriptedText_family-01_channels_judge_evidence_combo_.entries_dc-3.b.q2_hard_.variants_judgeec-dc-3-b-q2-hard-v2_.behaviorHint,non_party_scripted_text,src/data/scriptedText,family-01,channels[judge_evidence_combo].entries[dc-3.b.q2|hard].variants[judgeec-dc-3-b-q2-hard-v2].behaviorHint,재판관이 20년의 돈 콤보를 근거로 즉답을 요구한다. 회피를 끊는 톤이다.,The Judge demands an immediate answer based on the twenty-year money combo. Tone cuts off evasion.,裁判官が20年の金銭コンボを根拠に即答を求める。回避を断ち切るトーン。,法官以20年资金组合为依据要求立即回答。语气切断回避。,"Scripted text channel without party a/b as speaker: system, judge, witness, dossier, mediation, aftermath, and milestone copy."
non_party_scripted_text_src_data_scriptedText_family-01_channels_judge_evidence_combo_.entries_dc-3.b.q2_hard_.variants_judgeec-dc-3-b-q2-hard-v2_.text,non_party_scripted_text,src/data/scriptedText,family-01,channels[judge_evidence_combo].entries[dc-3.b.q2|hard].variants[judgeec-dc-3-b-q2-hard-v2].text,계좌 흐름과 자필 연습본은 윤정후 씨의 침묵이 유서 분쟁을 키웠다는 점을 보여 줍니다. 왜 이름을 숨겼는지 명확히 말씀해 주십시오.,The account trail and handwritten draft show that Mr. Yoon Jeong-hu's silence enlarged the will dispute. State clearly why you hid your name.,口座の流れと自筆下書きは、ユン・ジョンフさんの沈黙が遺言書争いを大きくしたことを示しています。なぜ名前を隠したのか、明確に話してください。,账户流水和亲笔草稿显示，尹正厚先生的沉默扩大了遗嘱纠纷。请明确说明为什么隐藏自己的名字。,"Scripted text channel without party a/b as speaker: system, judge, witness, dossier, mediation, aftermath, and milestone copy."
non_party_scripted_text_src_data_scriptedText_family-01_channels_judge_evidence_combo_.entries_dc-3.b.q2_hard_.variants_judgeec-dc-3-b-q2-hard-v3_.behaviorHint,non_party_scripted_text,src/data/scriptedText,family-01,channels[judge_evidence_combo].entries[dc-3.b.q2|hard].variants[judgeec-dc-3-b-q2-hard-v3].behaviorHint,재판관이 20년의 돈 콤보를 근거로 즉답을 요구한다. 회피를 끊는 톤이다.,The Judge demands an immediate answer based on the twenty-year money combo. Tone cuts off evasion.,裁判官が20年の金銭コンボを根拠に即答を求める。回避を断ち切るトーン。,法官以20年资金组合为依据要求立即回答。语气切断回避。,"Scripted text channel without party a/b as speaker: system, judge, witness, dossier, mediation, aftermath, and milestone copy."
non_party_scripted_text_src_data_scriptedText_family-01_channels_judge_evidence_combo_.entries_dc-3.b.q2_hard_.variants_judgeec-dc-3-b-q2-hard-v3_.text,non_party_scripted_text,src/data/scriptedText,family-01,channels[judge_evidence_combo].entries[dc-3.b.q2|hard].variants[judgeec-dc-3-b-q2-hard-v3].text,"윤정후 씨, 체면을 지킨다는 선택이 사실을 가린 선택이기도 했습니다. 그 결과를 더는 윤태성 씨에게만 미루지 마십시오.","Mr. Yoon Jeong-hu, the choice to preserve pride was also a choice to cover facts. Do not shift the result only onto Mr. Yoon Tae-seong any longer.",ユン・ジョンフさん、体面を守るという選択は、事実を隠す選択でもありました。その結果をこれ以上ユン・テソンさんだけに押しつけないでください。,尹正厚先生，维护面子的选择，同时也是遮盖事实的选择。请不要再把结果只推给尹泰成先生。,"Scripted text channel without party a/b as speaker: system, judge, witness, dossier, mediation, aftermath, and milestone copy."
non_party_scripted_text_src_data_scriptedText_family-01_channels_judge_evidence_combo_.entries_dc-3.b.q2_hard_.variants_judgeec-dc-3-b-q2-hard-v4_.behaviorHint,non_party_scripted_text,src/data/scriptedText,family-01,channels[judge_evidence_combo].entries[dc-3.b.q2|hard].variants[judgeec-dc-3-b-q2-hard-v4].behaviorHint,재판관이 20년의 돈 콤보를 근거로 즉답을 요구한다. 회피를 끊는 톤이다.,The Judge demands an immediate answer based on the twenty-year money combo. Tone cuts off evasion.,裁判官が20年の金銭コンボを根拠に即答を求める。回避を断ち切るトーン。,法官以20年资金组合为依据要求立即回答。语气切断回避。,"Scripted text channel without party a/b as speaker: system, judge, witness, dossier, mediation, aftermath, and milestone copy."
non_party_scripted_text_src_data_scriptedText_family-01_channels_judge_evidence_combo_.entries_dc-3.b.q2_hard_.variants_judgeec-dc-3-b-q2-hard-v4_.text,non_party_scripted_text,src/data/scriptedText,family-01,channels[judge_evidence_combo].entries[dc-3.b.q2|hard].variants[judgeec-dc-3-b-q2-hard-v4].text,"돈의 출처를 숨긴 일은 윤태성 씨의 판단을 바꿨습니다. 윤정후 씨, 그 침묵이 보호였는지 회피였는지 지금 답해 주십시오.","Hiding the source of the money changed Mr. Yoon Tae-seong's judgment. Mr. Yoon Jeong-hu, answer now whether that silence was protection or avoidance.",お金の出所を隠したことは、ユン・テソンさんの判断を変えました。ユン・ジョンフさん、その沈黙が保護だったのか回避だったのか、今答えてください。,隐瞒钱的来源改变了尹泰成先生的判断。尹正厚先生，现在请回答那份沉默是保护还是回避。,"Scripted text channel without party a/b as speaker: system, judge, witness, dossier, mediation, aftermath, and milestone copy."
non_party_scripted_text_src_data_scriptedText_family-01_channels_judge_evidence_combo_.entries_dc-3.b.q2_hard_.variants_judgeec-dc-3-b-q2-hard-v5_.behaviorHint,non_party_scripted_text,src/data/scriptedText,family-01,channels[judge_evidence_combo].entries[dc-3.b.q2|hard].variants[judgeec-dc-3-b-q2-hard-v5].behaviorHint,재판관이 20년의 돈 콤보를 근거로 즉답을 요구한다. 회피를 끊는 톤이다.,The Judge demands an immediate answer based on the twenty-year money combo. Tone cuts off evasion.,裁判官が20年の金銭コンボを根拠に即答を求める。回避を断ち切るトーン。,法官以20年资金组合为依据要求立即回答。语气切断回避。,"Scripted text channel without party a/b as speaker: system, judge, witness, dossier, mediation, aftermath, and milestone copy."
non_party_scripted_text_src_data_scriptedText_family-01_channels_judge_evidence_combo_.entries_dc-3.b.q2_hard_.variants_judgeec-dc-3-b-q2-hard-v5_.text,non_party_scripted_text,src/data/scriptedText,family-01,channels[judge_evidence_combo].entries[dc-3.b.q2|hard].variants[judgeec-dc-3-b-q2-hard-v5].text,"자필 연습본과 계좌 흐름이 말하는 건 오래된 자금 흐름과 오래된 숨김입니다. 윤정후 씨, 그 둘을 함께 책임져야 합니다.","What the handwritten draft and account trail show is an old flow of money and an old concealment. Mr. Yoon Jeong-hu, you must take responsibility for both.",自筆下書きと口座の流れが語るのは、古い資金の流れと古い隠し事です。ユン・ジョンフさん、その両方に責任を負わなければなりません。,亲笔草稿和账户流水所说明的，是长期的资金流和长期的隐瞒。尹正厚先生，您必须同时承担两者的责任。,"Scripted text channel without party a/b as speaker: system, judge, witness, dossier, mediation, aftermath, and milestone copy."
non_party_scripted_text_src_data_scriptedText_family-01_channels_judge_evidence_combo_.entries_dc-3.b.q2_mid_.variants_judgeec-dc-3-b-q2-mid-v1_.behaviorHint,non_party_scripted_text,src/data/scriptedText,family-01,channels[judge_evidence_combo].entries[dc-3.b.q2|mid].variants[judgeec-dc-3-b-q2-mid-v1].behaviorHint,재판관이 20년의 돈 콤보의 방향을 분명히 짚는다. 더 미루지 못하게 하는 톤이다.,The Judge clearly points out the direction of the twenty-year money combo. Tone leaves no room to postpone.,裁判官が20年の金銭コンボの方向を明確に指摘する。これ以上先送りできないようにするトーン。,法官明确指出20年资金组合的方向。语气让对方无法再拖延。,"Scripted text channel without party a/b as speaker: system, judge, witness, dossier, mediation, aftermath, and milestone copy."
non_party_scripted_text_src_data_scriptedText_family-01_channels_judge_evidence_combo_.entries_dc-3.b.q2_mid_.variants_judgeec-dc-3-b-q2-mid-v1_.text,non_party_scripted_text,src/data/scriptedText,family-01,channels[judge_evidence_combo].entries[dc-3.b.q2|mid].variants[judgeec-dc-3-b-q2-mid-v1].text,"윤정후 씨, 윤태성 씨가 어머니 돈으로 믿게 둔 선택은 단순 배려가 아닙니다. 계좌 흐름과 자필 연습본이 그 책임을 묻고 있습니다.","Mr. Yoon Jeong-hu, letting Mr. Yoon Tae-seong believe it was Mother's money was not simple consideration. The account trail and handwritten draft are asking about that responsibility.",ユン・ジョンフさん、ユン・テソンさんに母のお金だと信じさせた選択は、単なる配慮ではありません。口座の流れと自筆下書きがその責任を問うています。,尹正厚先生，让尹泰成先生相信那是母亲的钱，并不是单纯体贴。账户流水和亲笔草稿正在追问这份责任。,"Scripted text channel without party a/b as speaker: system, judge, witness, dossier, mediation, aftermath, and milestone copy."
non_party_scripted_text_src_data_scriptedText_family-01_channels_judge_evidence_combo_.entries_dc-3.b.q2_mid_.variants_judgeec-dc-3-b-q2-mid-v2_.behaviorHint,non_party_scripted_text,src/data/scriptedText,family-01,channels[judge_evidence_combo].entries[dc-3.b.q2|mid].variants[judgeec-dc-3-b-q2-mid-v2].behaviorHint,재판관이 20년의 돈 콤보의 방향을 분명히 짚는다. 더 미루지 못하게 하는 톤이다.,The Judge clearly points out the direction of the twenty-year money combo. Tone leaves no room to postpone.,裁判官が20年の金銭コンボの方向を明確に指摘する。これ以上先送りできないようにするトーン。,法官明确指出20年资金组合的方向。语气让对方无法再拖延。,"Scripted text channel without party a/b as speaker: system, judge, witness, dossier, mediation, aftermath, and milestone copy."
non_party_scripted_text_src_data_scriptedText_family-01_channels_judge_evidence_combo_.entries_dc-3.b.q2_mid_.variants_judgeec-dc-3-b-q2-mid-v2_.text,non_party_scripted_text,src/data/scriptedText,family-01,channels[judge_evidence_combo].entries[dc-3.b.q2|mid].variants[judgeec-dc-3-b-q2-mid-v2].text,"계좌 흐름은 도움을 숨긴 구조를 보여 주고, 자필 연습본은 어머니가 그 구조를 알고 있었음을 보입니다. 왜 계속 침묵했습니까.","The account trail shows a structure of hidden support, and the handwritten draft shows that Mother knew that structure. Why did you keep silent?",口座の流れは隠された支援の構造を示し、自筆下書きは母がその構造を知っていたことを示しています。なぜ沈黙し続けたのですか。,账户流水显示隐瞒帮助的结构，亲笔草稿显示母亲知道这个结构。为什么一直沉默？,"Scripted text channel without party a/b as speaker: system, judge, witness, dossier, mediation, aftermath, and milestone copy."
non_party_scripted_text_src_data_scriptedText_family-01_channels_judge_evidence_combo_.entries_dc-3.b.q2_mid_.variants_judgeec-dc-3-b-q2-mid-v3_.behaviorHint,non_party_scripted_text,src/data/scriptedText,family-01,channels[judge_evidence_combo].entries[dc-3.b.q2|mid].variants[judgeec-dc-3-b-q2-mid-v3].behaviorHint,재판관이 20년의 돈 콤보의 방향을 분명히 짚는다. 더 미루지 못하게 하는 톤이다.,The Judge clearly points out the direction of the twenty-year money combo. Tone leaves no room to postpone.,裁判官が20年の金銭コンボの方向を明確に指摘する。これ以上先送りできないようにするトーン。,法官明确指出20年资金组合的方向。语气让对方无法再拖延。,"Scripted text channel without party a/b as speaker: system, judge, witness, dossier, mediation, aftermath, and milestone copy."
non_party_scripted_text_src_data_scriptedText_family-01_channels_judge_evidence_combo_.entries_dc-3.b.q2_mid_.variants_judgeec-dc-3-b-q2-mid-v3_.text,non_party_scripted_text,src/data/scriptedText,family-01,channels[judge_evidence_combo].entries[dc-3.b.q2|mid].variants[judgeec-dc-3-b-q2-mid-v3].text,"윤태성 씨의 체면을 지키려 했다는 말이 사실이라면, 왜 그 체면을 유서 조작으로까지 이어 갔습니까.","If it is true that you were protecting Mr. Yoon Tae-seong's pride, why did that pride lead all the way to manipulating the will?",ユン・テソンさんの体面を守ろうとしたという言葉が本当なら、なぜその体面が遺言書操作にまでつながったのですか。,如果您说想维护尹泰成先生的面子是真的，为什么这份面子会一路延伸到遗嘱操纵？,"Scripted text channel without party a/b as speaker: system, judge, witness, dossier, mediation, aftermath, and milestone copy."
non_party_scripted_text_src_data_scriptedText_family-01_channels_judge_evidence_combo_.entries_dc-3.b.q2_mid_.variants_judgeec-dc-3-b-q2-mid-v4_.behaviorHint,non_party_scripted_text,src/data/scriptedText,family-01,channels[judge_evidence_combo].entries[dc-3.b.q2|mid].variants[judgeec-dc-3-b-q2-mid-v4].behaviorHint,재판관이 20년의 돈 콤보의 방향을 분명히 짚는다. 더 미루지 못하게 하는 톤이다.,The Judge clearly points out the direction of the twenty-year money combo. Tone leaves no room to postpone.,裁判官が20年の金銭コンボの方向を明確に指摘する。これ以上先送りできないようにするトーン。,法官明确指出20年资金组合的方向。语气让对方无法再拖延。,"Scripted text channel without party a/b as speaker: system, judge, witness, dossier, mediation, aftermath, and milestone copy."
non_party_scripted_text_src_data_scriptedText_family-01_channels_judge_evidence_combo_.entries_dc-3.b.q2_mid_.variants_judgeec-dc-3-b-q2-mid-v4_.text,non_party_scripted_text,src/data/scriptedText,family-01,channels[judge_evidence_combo].entries[dc-3.b.q2|mid].variants[judgeec-dc-3-b-q2-mid-v4].text,자필 연습본과 계좌 흐름이 맞물리면 윤정후 씨의 침묵은 보호이면서 왜곡이 됩니다. 무엇이 더 컸습니까.,"When the handwritten draft and account trail fit together, Mr. Yoon Jeong-hu's silence becomes both protection and distortion. Which was greater?",自筆下書きと口座の流れがかみ合うと、ユン・ジョンフさんの沈黙は保護であり歪曲にもなります。どちらが大きかったのですか。,亲笔草稿和账户流水相互吻合时，尹正厚先生的沉默既是保护，也是歪曲。哪一边更大？,"Scripted text channel without party a/b as speaker: system, judge, witness, dossier, mediation, aftermath, and milestone copy."
non_party_scripted_text_src_data_scriptedText_family-01_channels_judge_evidence_combo_.entries_dc-3.b.q2_mid_.variants_judgeec-dc-3-b-q2-mid-v5_.behaviorHint,non_party_scripted_text,src/data/scriptedText,family-01,channels[judge_evidence_combo].entries[dc-3.b.q2|mid].variants[judgeec-dc-3-b-q2-mid-v5].behaviorHint,재판관이 20년의 돈 콤보의 방향을 분명히 짚는다. 더 미루지 못하게 하는 톤이다.,The Judge clearly points out the direction of the twenty-year money combo. Tone leaves no room to postpone.,裁判官が20年の金銭コンボの方向を明確に指摘する。これ以上先送りできないようにするトーン。,法官明确指出20年资金组合的方向。语气让对方无法再拖延。,"Scripted text channel without party a/b as speaker: system, judge, witness, dossier, mediation, aftermath, and milestone copy."
non_party_scripted_text_src_data_scriptedText_family-01_channels_judge_evidence_combo_.entries_dc-3.b.q2_mid_.variants_judgeec-dc-3-b-q2-mid-v5_.text,non_party_scripted_text,src/data/scriptedText,family-01,channels[judge_evidence_combo].entries[dc-3.b.q2|mid].variants[judgeec-dc-3-b-q2-mid-v5].text,"윤정후 씨, 오래된 자금 흐름을 말하지 않은 탓에 윤태성 씨는 어머니 뜻을 다르게 읽었습니다. 그 책임을 말씀해 주십시오.","Mr. Yoon Jeong-hu, because you did not speak about the old money flow, Mr. Yoon Tae-seong read Mother's wishes differently. State your responsibility for that.",ユン・ジョンフさん、古い資金の流れを話さなかったために、ユン・テソンさんは母の意思を違う形で読みました。その責任を話してください。,尹正厚先生，因为您没有说明长期资金流，尹泰成先生才以不同方式理解了母亲的意愿。请说明您的责任。,"Scripted text channel without party a/b as speaker: system, judge, witness, dossier, mediation, aftermath, and milestone copy."
non_party_scripted_text_src_data_scriptedText_family-01_channels_judge_evidence_combo_.entries_dc-3.b.q2_soft_.variants_judgeec-dc-3-b-q2-soft-v1_.behaviorHint,non_party_scripted_text,src/data/scriptedText,family-01,channels[judge_evidence_combo].entries[dc-3.b.q2|soft].variants[judgeec-dc-3-b-q2-soft-v1].behaviorHint,재판관이 20년의 돈 콤보를 차분히 제시한다. 증거의 연결을 먼저 설명하게 하는 톤이다.,The Judge calmly presents the twenty-year money combo. Tone first asks for the evidence links to be explained.,裁判官が20年の金銭コンボを落ち着いて提示する。証拠のつながりを先に説明させるトーン。,法官冷静提出20年资金组合。语气先要求说明证据之间的关联。,"Scripted text channel without party a/b as speaker: system, judge, witness, dossier, mediation, aftermath, and milestone copy."
non_party_scripted_text_src_data_scriptedText_family-01_channels_judge_evidence_combo_.entries_dc-3.b.q2_soft_.variants_judgeec-dc-3-b-q2-soft-v1_.text,non_party_scripted_text,src/data/scriptedText,family-01,channels[judge_evidence_combo].entries[dc-3.b.q2|soft].variants[judgeec-dc-3-b-q2-soft-v1].text,"자필 연습본과 계좌 흐름을 함께 보면 윤태성 씨가 어머니 도움으로 믿은 돈의 다른 출처가 보입니다. 윤정후 씨, 왜 그 믿음을 그대로 두셨습니까.","Viewed together, the handwritten draft and account trail show another source for the money Mr. Yoon Tae-seong believed was Mother's help. Mr. Yoon Jeong-hu, why did you leave that belief untouched?",自筆下書きと口座の流れをあわせて見ると、ユン・テソンさんが母の援助だと信じたお金の別の出所が見えます。ユン・ジョンフさん、なぜその信じ込みをそのままにしたのですか。,把亲笔草稿和账户流水一起看，可以看到尹泰成先生以为是母亲帮助的钱其实有另一个来源。尹正厚先生，为什么任由这个相信继续存在？,"Scripted text channel without party a/b as speaker: system, judge, witness, dossier, mediation, aftermath, and milestone copy."
non_party_scripted_text_src_data_scriptedText_family-01_channels_judge_evidence_combo_.entries_dc-3.b.q2_soft_.variants_judgeec-dc-3-b-q2-soft-v2_.behaviorHint,non_party_scripted_text,src/data/scriptedText,family-01,channels[judge_evidence_combo].entries[dc-3.b.q2|soft].variants[judgeec-dc-3-b-q2-soft-v2].behaviorHint,재판관이 20년의 돈 콤보를 차분히 제시한다. 증거의 연결을 먼저 설명하게 하는 톤이다.,The Judge calmly presents the twenty-year money combo. Tone first asks for the evidence links to be explained.,裁判官が20年の金銭コンボを落ち着いて提示する。証拠のつながりを先に説明させるトーン。,法官冷静提出20年资金组合。语气先要求说明证据之间的关联。,"Scripted text channel without party a/b as speaker: system, judge, witness, dossier, mediation, aftermath, and milestone copy."
non_party_scripted_text_src_data_scriptedText_family-01_channels_judge_evidence_combo_.entries_dc-3.b.q2_soft_.variants_judgeec-dc-3-b-q2-soft-v2_.text,non_party_scripted_text,src/data/scriptedText,family-01,channels[judge_evidence_combo].entries[dc-3.b.q2|soft].variants[judgeec-dc-3-b-q2-soft-v2].text,"어머니 통장을 거친 돈이 윤정후 씨에게서 시작됐다면, 숨긴 것은 돈만이 아닙니다. 윤정후 씨, 윤태성 씨의 체면을 먼저 생각했습니까.","If the money that passed through Mother's account began with Mr. Yoon Jeong-hu, then money was not all you hid. Mr. Yoon Jeong-hu, did you think first of Mr. Yoon Tae-seong's pride?",母の通帳を経たお金がユン・ジョンフさんから始まったなら、隠したのはお金だけではありません。ユン・ジョンフさん、ユン・テソンさんの体面を先に考えましたか。,如果经过母亲账户的钱始于尹正厚先生，那么您隐瞒的不只是钱。尹正厚先生，您是否先考虑了尹泰成先生的面子？,"Scripted text channel without party a/b as speaker: system, judge, witness, dossier, mediation, aftermath, and milestone copy."
non_party_scripted_text_src_data_scriptedText_family-01_channels_judge_evidence_combo_.entries_dc-3.b.q2_soft_.variants_judgeec-dc-3-b-q2-soft-v3_.behaviorHint,non_party_scripted_text,src/data/scriptedText,family-01,channels[judge_evidence_combo].entries[dc-3.b.q2|soft].variants[judgeec-dc-3-b-q2-soft-v3].behaviorHint,재판관이 20년의 돈 콤보를 차분히 제시한다. 증거의 연결을 먼저 설명하게 하는 톤이다.,The Judge calmly presents the twenty-year money combo. Tone first asks for the evidence links to be explained.,裁判官が20年の金銭コンボを落ち着いて提示する。証拠のつながりを先に説明させるトーン。,法官冷静提出20年资金组合。语气先要求说明证据之间的关联。,"Scripted text channel without party a/b as speaker: system, judge, witness, dossier, mediation, aftermath, and milestone copy."
non_party_scripted_text_src_data_scriptedText_family-01_channels_judge_evidence_combo_.entries_dc-3.b.q2_soft_.variants_judgeec-dc-3-b-q2-soft-v3_.text,non_party_scripted_text,src/data/scriptedText,family-01,channels[judge_evidence_combo].entries[dc-3.b.q2|soft].variants[judgeec-dc-3-b-q2-soft-v3].text,"계좌 흐름와 자필 연습본은 윤정후 씨가 말하지 않은 지원을 보여 줍니다. 윤정후 씨, 그 침묵이 누구를 위한 것이었는지 말씀해 주십시오.","The account trail and handwritten draft show support that Mr. Yoon Jeong-hu did not disclose. Mr. Yoon Jeong-hu, say who that silence was for.",口座の流れと自筆下書きは、ユン・ジョンフさんが話さなかった支援を示しています。ユン・ジョンフさん、その沈黙が誰のためだったのか話してください。,账户流水和亲笔草稿显示尹正厚先生没有说出的帮助。尹正厚先生，请说明那份沉默是为了谁。,"Scripted text channel without party a/b as speaker: system, judge, witness, dossier, mediation, aftermath, and milestone copy."
non_party_scripted_text_src_data_scriptedText_family-01_channels_judge_evidence_combo_.entries_dc-3.b.q2_soft_.variants_judgeec-dc-3-b-q2-soft-v4_.behaviorHint,non_party_scripted_text,src/data/scriptedText,family-01,channels[judge_evidence_combo].entries[dc-3.b.q2|soft].variants[judgeec-dc-3-b-q2-soft-v4].behaviorHint,재판관이 20년의 돈 콤보를 차분히 제시한다. 증거의 연결을 먼저 설명하게 하는 톤이다.,The Judge calmly presents the twenty-year money combo. Tone first asks for the evidence links to be explained.,裁判官が20年の金銭コンボを落ち着いて提示する。証拠のつながりを先に説明させるトーン。,法官冷静提出20年资金组合。语气先要求说明证据之间的关联。,"Scripted text channel without party a/b as speaker: system, judge, witness, dossier, mediation, aftermath, and milestone copy."
non_party_scripted_text_src_data_scriptedText_family-01_channels_judge_evidence_combo_.entries_dc-3.b.q2_soft_.variants_judgeec-dc-3-b-q2-soft-v4_.text,non_party_scripted_text,src/data/scriptedText,family-01,channels[judge_evidence_combo].entries[dc-3.b.q2|soft].variants[judgeec-dc-3-b-q2-soft-v4].text,윤태성 씨가 어머니에게 도움받았다고 믿은 흐름 뒤에 윤정후 씨 돈이 있었습니다. 그 구조를 유지한 이유를 설명해 주십시오.,"Behind the flow Mr. Yoon Tae-seong believed was help from Mother, there was Mr. Yoon Jeong-hu's money. Explain why you maintained that structure.",ユン・テソンさんが母からの援助だと信じた流れの背後には、ユン・ジョンフさんのお金がありました。その構造を維持した理由を説明してください。,在尹泰成先生以为是母亲帮助的资金流背后，有尹正厚先生的钱。请说明您维持这个结构的理由。,"Scripted text channel without party a/b as speaker: system, judge, witness, dossier, mediation, aftermath, and milestone copy."
non_party_scripted_text_src_data_scriptedText_family-01_channels_judge_evidence_combo_.entries_dc-3.b.q2_soft_.variants_judgeec-dc-3-b-q2-soft-v5_.behaviorHint,non_party_scripted_text,src/data/scriptedText,family-01,channels[judge_evidence_combo].entries[dc-3.b.q2|soft].variants[judgeec-dc-3-b-q2-soft-v5].behaviorHint,재판관이 20년의 돈 콤보를 차분히 제시한다. 증거의 연결을 먼저 설명하게 하는 톤이다.,The Judge calmly presents the twenty-year money combo. Tone first asks for the evidence links to be explained.,裁判官が20年の金銭コンボを落ち着いて提示する。証拠のつながりを先に説明させるトーン。,法官冷静提出20年资金组合。语气先要求说明证据之间的关联。,"Scripted text channel without party a/b as speaker: system, judge, witness, dossier, mediation, aftermath, and milestone copy."
non_party_scripted_text_src_data_scriptedText_family-01_channels_judge_evidence_combo_.entries_dc-3.b.q2_soft_.variants_judgeec-dc-3-b-q2-soft-v5_.text,non_party_scripted_text,src/data/scriptedText,family-01,channels[judge_evidence_combo].entries[dc-3.b.q2|soft].variants[judgeec-dc-3-b-q2-soft-v5].text,"자필 연습본의 방향과 계좌 흐름을 붙이면 오래 숨긴 지원의 뜻이 보입니다. 윤정후 씨, 왜 이름을 남기지 않았습니까.","Putting the direction of the handwritten draft together with the account trail shows the meaning of support hidden for a long time. Mr. Yoon Jeong-hu, why did you not leave your name?",自筆下書きの方向と口座の流れを合わせると、長く隠された支援の意味が見えます。ユン・ジョンフさん、なぜ名前を残さなかったのですか。,把亲笔草稿的方向和账户流水连起来看，就能看出长期隐藏的帮助的含义。尹正厚先生，为什么不留下自己的名字？,"Scripted text channel without party a/b as speaker: system, judge, witness, dossier, mediation, aftermath, and milestone copy."
non_party_scripted_text_src_data_scriptedText_family-01_channels_judge_evidence_combo_.entries_dc-4.b.q1_hard_.variants_judgeec-dc-4-b-q1-hard-v1_.behaviorHint,non_party_scripted_text,src/data/scriptedText,family-01,channels[judge_evidence_combo].entries[dc-4.b.q1|hard].variants[judgeec-dc-4-b-q1-hard-v1].behaviorHint,재판관이 감춘 이유 콤보를 근거로 즉답을 요구한다. 회피를 끊는 톤이다.,The Judge demands an immediate answer based on the hidden-reason combo. Tone cuts off evasion.,裁判官が隠した理由コンボを根拠に即答を求める。回避を断ち切るトーン。,法官以隐藏理由组合为依据要求立即回答。语气切断回避。,"Scripted text channel without party a/b as speaker: system, judge, witness, dossier, mediation, aftermath, and milestone copy."
non_party_scripted_text_src_data_scriptedText_family-01_channels_judge_evidence_combo_.entries_dc-4.b.q1_hard_.variants_judgeec-dc-4-b-q1-hard-v1_.text,non_party_scripted_text,src/data/scriptedText,family-01,channels[judge_evidence_combo].entries[dc-4.b.q1|hard].variants[judgeec-dc-4-b-q1-hard-v1].text,"윤정후 씨, 계좌 흐름과 어머니 기록은 윤태성 씨가 몰랐던 가족사를 윤정후 씨가 알고 있었음을 보여 줍니다. 언제부터 숨겼습니까.","Mr. Yoon Jeong-hu, the account trail and Mother's records show that you knew family history Mr. Yoon Tae-seong did not. Since when did you hide it?",ユン・ジョンフさん、口座の流れと母の記録は、ユン・テソンさんが知らなかった家族史をあなたが知っていたことを示しています。いつから隠していたのですか。,尹正厚先生，账户流水和母亲记录显示，您知道尹泰成先生不知道的家族史。您从什么时候开始隐瞒？,"Scripted text channel without party a/b as speaker: system, judge, witness, dossier, mediation, aftermath, and milestone copy."
non_party_scripted_text_src_data_scriptedText_family-01_channels_judge_evidence_combo_.entries_dc-4.b.q1_hard_.variants_judgeec-dc-4-b-q1-hard-v2_.behaviorHint,non_party_scripted_text,src/data/scriptedText,family-01,channels[judge_evidence_combo].entries[dc-4.b.q1|hard].variants[judgeec-dc-4-b-q1-hard-v2].behaviorHint,재판관이 감춘 이유 콤보를 근거로 즉답을 요구한다. 회피를 끊는 톤이다.,The Judge demands an immediate answer based on the hidden-reason combo. Tone cuts off evasion.,裁判官が隠した理由コンボを根拠に即答を求める。回避を断ち切るトーン。,法官以隐藏理由组合为依据要求立即回答。语气切断回避。,"Scripted text channel without party a/b as speaker: system, judge, witness, dossier, mediation, aftermath, and milestone copy."
non_party_scripted_text_src_data_scriptedText_family-01_channels_judge_evidence_combo_.entries_dc-4.b.q1_hard_.variants_judgeec-dc-4-b-q1-hard-v2_.text,non_party_scripted_text,src/data/scriptedText,family-01,channels[judge_evidence_combo].entries[dc-4.b.q1|hard].variants[judgeec-dc-4-b-q1-hard-v2].text,"돈과 가족사를 함께 숨긴 일은 윤태성 씨의 판단을 바꿨습니다. 윤정후 씨, 혼자 감당했다는 말로 끝낼 수 없습니다. 답해 주십시오.","Hiding money and family history together changed Mr. Yoon Tae-seong's judgment. Mr. Yoon Jeong-hu, this cannot end with saying you bore it alone. Answer.",お金と家族史を一緒に隠したことは、ユン・テソンさんの判断を変えました。ユン・ジョンフさん、一人で背負ったという言葉では終われません。答えてください。,同时隐瞒金钱和家族史，改变了尹泰成先生的判断。尹正厚先生，不能用“独自承受”来结束。请回答。,"Scripted text channel without party a/b as speaker: system, judge, witness, dossier, mediation, aftermath, and milestone copy."
non_party_scripted_text_src_data_scriptedText_family-01_channels_judge_evidence_combo_.entries_dc-4.b.q1_hard_.variants_judgeec-dc-4-b-q1-hard-v3_.behaviorHint,non_party_scripted_text,src/data/scriptedText,family-01,channels[judge_evidence_combo].entries[dc-4.b.q1|hard].variants[judgeec-dc-4-b-q1-hard-v3].behaviorHint,재판관이 감춘 이유 콤보를 근거로 즉답을 요구한다. 회피를 끊는 톤이다.,The Judge demands an immediate answer based on the hidden-reason combo. Tone cuts off evasion.,裁判官が隠した理由コンボを根拠に即答を求める。回避を断ち切るトーン。,法官以隐藏理由组合为依据要求立即回答。语气切断回避。,"Scripted text channel without party a/b as speaker: system, judge, witness, dossier, mediation, aftermath, and milestone copy."
non_party_scripted_text_src_data_scriptedText_family-01_channels_judge_evidence_combo_.entries_dc-4.b.q1_hard_.variants_judgeec-dc-4-b-q1-hard-v3_.text,non_party_scripted_text,src/data/scriptedText,family-01,channels[judge_evidence_combo].entries[dc-4.b.q1|hard].variants[judgeec-dc-4-b-q1-hard-v3].text,"어머니 기록을 본 뒤에도 윤정후 씨는 침묵했고, 계좌 흐름도 숨겼습니다. 그 침묵의 시작을 지금 명확히 말씀해 주십시오.","Even after seeing Mother's records, Mr. Yoon Jeong-hu stayed silent, and he hid the account trail as well. State clearly now where that silence began.",母の記録を見た後も、ユン・ジョンフさんは沈黙し、口座の流れも隠しました。その沈黙の始まりを今明確に話してください。,即使看过母亲记录后，尹正厚先生仍保持沉默，也隐瞒了账户流水。现在请明确说明那份沉默从哪里开始。,"Scripted text channel without party a/b as speaker: system, judge, witness, dossier, mediation, aftermath, and milestone copy."
non_party_scripted_text_src_data_scriptedText_family-01_channels_judge_evidence_combo_.entries_dc-4.b.q1_hard_.variants_judgeec-dc-4-b-q1-hard-v4_.behaviorHint,non_party_scripted_text,src/data/scriptedText,family-01,channels[judge_evidence_combo].entries[dc-4.b.q1|hard].variants[judgeec-dc-4-b-q1-hard-v4].behaviorHint,재판관이 감춘 이유 콤보를 근거로 즉답을 요구한다. 회피를 끊는 톤이다.,The Judge demands an immediate answer based on the hidden-reason combo. Tone cuts off evasion.,裁判官が隠した理由コンボを根拠に即答を求める。回避を断ち切るトーン。,法官以隐藏理由组合为依据要求立即回答。语气切断回避。,"Scripted text channel without party a/b as speaker: system, judge, witness, dossier, mediation, aftermath, and milestone copy."
non_party_scripted_text_src_data_scriptedText_family-01_channels_judge_evidence_combo_.entries_dc-4.b.q1_hard_.variants_judgeec-dc-4-b-q1-hard-v4_.text,non_party_scripted_text,src/data/scriptedText,family-01,channels[judge_evidence_combo].entries[dc-4.b.q1|hard].variants[judgeec-dc-4-b-q1-hard-v4].text,"윤정후 씨, 자료는 보호 명분보다 먼저 숨긴 사실을 보여 줍니다. 윤태성 씨에게 말하지 않은 이유를 차분히 답해 주십시오.","Mr. Yoon Jeong-hu, the materials show the hidden fact before they show any protective reason. Calmly answer why you did not tell Mr. Yoon Tae-seong.",ユン・ジョンフさん、資料は保護の名分より先に隠した事実を示しています。ユン・テソンさんに話さなかった理由を落ち着いて答えてください。,尹正厚先生，资料显示的首先是被隐瞒的事实，而不是保护理由。请冷静回答为什么没有告诉尹泰成先生。,"Scripted text channel without party a/b as speaker: system, judge, witness, dossier, mediation, aftermath, and milestone copy."
non_party_scripted_text_src_data_scriptedText_family-01_channels_judge_evidence_combo_.entries_dc-4.b.q1_hard_.variants_judgeec-dc-4-b-q1-hard-v5_.behaviorHint,non_party_scripted_text,src/data/scriptedText,family-01,channels[judge_evidence_combo].entries[dc-4.b.q1|hard].variants[judgeec-dc-4-b-q1-hard-v5].behaviorHint,재판관이 감춘 이유 콤보를 근거로 즉답을 요구한다. 회피를 끊는 톤이다.,The Judge demands an immediate answer based on the hidden-reason combo. Tone cuts off evasion.,裁判官が隠した理由コンボを根拠に即答を求める。回避を断ち切るトーン。,法官以隐藏理由组合为依据要求立即回答。语气切断回避。,"Scripted text channel without party a/b as speaker: system, judge, witness, dossier, mediation, aftermath, and milestone copy."
non_party_scripted_text_src_data_scriptedText_family-01_channels_judge_evidence_combo_.entries_dc-4.b.q1_hard_.variants_judgeec-dc-4-b-q1-hard-v5_.text,non_party_scripted_text,src/data/scriptedText,family-01,channels[judge_evidence_combo].entries[dc-4.b.q1|hard].variants[judgeec-dc-4-b-q1-hard-v5].text,계좌 흐름과 어머니 기록이 모두 윤정후 씨의 침묵을 가리킵니다. 그 침묵이 누구를 위한 것이었는지 지금 말해 주십시오.,The account trail and Mother's records both point to Mr. Yoon Jeong-hu's silence. State now who that silence was for.,口座の流れと母の記録は、どちらもユン・ジョンフさんの沈黙を指しています。その沈黙が誰のためだったのか、今話してください。,账户流水和母亲记录都指向尹正厚先生的沉默。现在请说明那份沉默是为了谁。,"Scripted text channel without party a/b as speaker: system, judge, witness, dossier, mediation, aftermath, and milestone copy."
non_party_scripted_text_src_data_scriptedText_family-01_channels_judge_evidence_combo_.entries_dc-4.b.q1_mid_.variants_judgeec-dc-4-b-q1-mid-v1_.behaviorHint,non_party_scripted_text,src/data/scriptedText,family-01,channels[judge_evidence_combo].entries[dc-4.b.q1|mid].variants[judgeec-dc-4-b-q1-mid-v1].behaviorHint,재판관이 감춘 이유 콤보의 방향을 분명히 짚는다. 더 미루지 못하게 하는 톤이다.,The Judge clearly points out the direction of the hidden-reason combo. Tone leaves no room to postpone.,裁判官が隠した理由コンボの方向を明確に指摘する。これ以上先送りできないようにするトーン。,法官明确指出隐藏理由组合的方向。语气让对方无法再拖延。,"Scripted text channel without party a/b as speaker: system, judge, witness, dossier, mediation, aftermath, and milestone copy."
non_party_scripted_text_src_data_scriptedText_family-01_channels_judge_evidence_combo_.entries_dc-4.b.q1_mid_.variants_judgeec-dc-4-b-q1-mid-v1_.text,non_party_scripted_text,src/data/scriptedText,family-01,channels[judge_evidence_combo].entries[dc-4.b.q1|mid].variants[judgeec-dc-4-b-q1-mid-v1].text,"윤정후 씨, 계좌 흐름과 어머니 기록을 보면 윤태성 씨에게 말하지 않은 사정이 분명합니다. 왜 그 사실을 혼자만 붙들었습니까.","Mr. Yoon Jeong-hu, the account trail and Mother's records make clear that there was something you did not tell Mr. Yoon Tae-seong. Why did you hold that fact alone?",ユン・ジョンフさん、口座の流れと母の記録を見ると、ユン・テソンさんに話していない事情が明確です。なぜその事実を一人で抱えたのですか。,尹正厚先生，从账户流水和母亲记录来看，您没有告诉尹泰成先生的情况很明确。为什么独自抓着那个事实？,"Scripted text channel without party a/b as speaker: system, judge, witness, dossier, mediation, aftermath, and milestone copy."
non_party_scripted_text_src_data_scriptedText_family-01_channels_judge_evidence_combo_.entries_dc-4.b.q1_mid_.variants_judgeec-dc-4-b-q1-mid-v2_.behaviorHint,non_party_scripted_text,src/data/scriptedText,family-01,channels[judge_evidence_combo].entries[dc-4.b.q1|mid].variants[judgeec-dc-4-b-q1-mid-v2].behaviorHint,재판관이 감춘 이유 콤보의 방향을 분명히 짚는다. 더 미루지 못하게 하는 톤이다.,The Judge clearly points out the direction of the hidden-reason combo. Tone leaves no room to postpone.,裁判官が隠した理由コンボの方向を明確に指摘する。これ以上先送りできないようにするトーン。,法官明确指出隐藏理由组合的方向。语气让对方无法再拖延。,"Scripted text channel without party a/b as speaker: system, judge, witness, dossier, mediation, aftermath, and milestone copy."
non_party_scripted_text_src_data_scriptedText_family-01_channels_judge_evidence_combo_.entries_dc-4.b.q1_mid_.variants_judgeec-dc-4-b-q1-mid-v2_.text,non_party_scripted_text,src/data/scriptedText,family-01,channels[judge_evidence_combo].entries[dc-4.b.q1|mid].variants[judgeec-dc-4-b-q1-mid-v2].text,"어머니 기록은 가족사의 핵심을, 계좌 흐름은 윤정후 씨의 오래된 부담을 보여 줍니다. 그 둘을 왜 따로 숨겼습니까.","Mother's records show the core of the family history, and the account trail shows Mr. Yoon Jeong-hu's long burden. Why did you hide the two separately?",母の記録は家族史の核心を、口座の流れはユン・ジョンフさんの古い負担を示しています。その二つをなぜ別々に隠したのですか。,母亲记录显示家族史的核心，账户流水显示尹正厚先生长期承担的负担。为什么把两者分开隐瞒？,"Scripted text channel without party a/b as speaker: system, judge, witness, dossier, mediation, aftermath, and milestone copy."
non_party_scripted_text_src_data_scriptedText_family-01_channels_judge_evidence_combo_.entries_dc-4.b.q1_mid_.variants_judgeec-dc-4-b-q1-mid-v3_.behaviorHint,non_party_scripted_text,src/data/scriptedText,family-01,channels[judge_evidence_combo].entries[dc-4.b.q1|mid].variants[judgeec-dc-4-b-q1-mid-v3].behaviorHint,재판관이 감춘 이유 콤보의 방향을 분명히 짚는다. 더 미루지 못하게 하는 톤이다.,The Judge clearly points out the direction of the hidden-reason combo. Tone leaves no room to postpone.,裁判官が隠した理由コンボの方向を明確に指摘する。これ以上先送りできないようにするトーン。,法官明确指出隐藏理由组合的方向。语气让对方无法再拖延。,"Scripted text channel without party a/b as speaker: system, judge, witness, dossier, mediation, aftermath, and milestone copy."
non_party_scripted_text_src_data_scriptedText_family-01_channels_judge_evidence_combo_.entries_dc-4.b.q1_mid_.variants_judgeec-dc-4-b-q1-mid-v3_.text,non_party_scripted_text,src/data/scriptedText,family-01,channels[judge_evidence_combo].entries[dc-4.b.q1|mid].variants[judgeec-dc-4-b-q1-mid-v3].text,"돈을 보낸 흐름과 어머니 기록이 한 방향으로 이어집니다. 윤정후 씨, 윤태성 씨가 알게 될까 두려웠던 지점을 말씀해 주십시오.","The money flow and Mother's records lead in one direction. Mr. Yoon Jeong-hu, state the point you feared Mr. Yoon Tae-seong would discover.",お金を送った流れと母の記録は、一つの方向につながっています。ユン・ジョンフさん、ユン・テソンさんが知ることを恐れた地点を話してください。,汇款流向和母亲记录指向同一方向。尹正厚先生，请说明您害怕尹泰成先生知道的地方。,"Scripted text channel without party a/b as speaker: system, judge, witness, dossier, mediation, aftermath, and milestone copy."
non_party_scripted_text_src_data_scriptedText_family-01_channels_judge_evidence_combo_.entries_dc-4.b.q1_mid_.variants_judgeec-dc-4-b-q1-mid-v4_.behaviorHint,non_party_scripted_text,src/data/scriptedText,family-01,channels[judge_evidence_combo].entries[dc-4.b.q1|mid].variants[judgeec-dc-4-b-q1-mid-v4].behaviorHint,재판관이 감춘 이유 콤보의 방향을 분명히 짚는다. 더 미루지 못하게 하는 톤이다.,The Judge clearly points out the direction of the hidden-reason combo. Tone leaves no room to postpone.,裁判官が隠した理由コンボの方向を明確に指摘する。これ以上先送りできないようにするトーン。,法官明确指出隐藏理由组合的方向。语气让对方无法再拖延。,"Scripted text channel without party a/b as speaker: system, judge, witness, dossier, mediation, aftermath, and milestone copy."
non_party_scripted_text_src_data_scriptedText_family-01_channels_judge_evidence_combo_.entries_dc-4.b.q1_mid_.variants_judgeec-dc-4-b-q1-mid-v4_.text,non_party_scripted_text,src/data/scriptedText,family-01,channels[judge_evidence_combo].entries[dc-4.b.q1|mid].variants[judgeec-dc-4-b-q1-mid-v4].text,"윤정후 씨, 침묵의 이유를 말하려면 언제 알았는지부터 밝혀야 합니다. 계좌 흐름과 어머니 기록 앞에서 답해 주십시오.","Mr. Yoon Jeong-hu, to explain the reason for your silence, you must first state when you knew. Answer in front of the account trail and Mother's records.",ユン・ジョンフさん、沈黙の理由を話すには、いつ知ったのかから明らかにしなければなりません。口座の流れと母の記録の前で答えてください。,尹正厚先生，要说明沉默的理由，必须先说明您是什么时候知道的。请面对账户流水和母亲记录作答。,"Scripted text channel without party a/b as speaker: system, judge, witness, dossier, mediation, aftermath, and milestone copy."
non_party_scripted_text_src_data_scriptedText_family-01_channels_judge_evidence_combo_.entries_dc-4.b.q1_mid_.variants_judgeec-dc-4-b-q1-mid-v5_.behaviorHint,non_party_scripted_text,src/data/scriptedText,family-01,channels[judge_evidence_combo].entries[dc-4.b.q1|mid].variants[judgeec-dc-4-b-q1-mid-v5].behaviorHint,재판관이 감춘 이유 콤보의 방향을 분명히 짚는다. 더 미루지 못하게 하는 톤이다.,The Judge clearly points out the direction of the hidden-reason combo. Tone leaves no room to postpone.,裁判官が隠した理由コンボの方向を明確に指摘する。これ以上先送りできないようにするトーン。,法官明确指出隐藏理由组合的方向。语气让对方无法再拖延。,"Scripted text channel without party a/b as speaker: system, judge, witness, dossier, mediation, aftermath, and milestone copy."
non_party_scripted_text_src_data_scriptedText_family-01_channels_judge_evidence_combo_.entries_dc-4.b.q1_mid_.variants_judgeec-dc-4-b-q1-mid-v5_.text,non_party_scripted_text,src/data/scriptedText,family-01,channels[judge_evidence_combo].entries[dc-4.b.q1|mid].variants[judgeec-dc-4-b-q1-mid-v5].text,"계좌 흐름와 어머니 기록이 함께 놓인 이상 단순히 말하기 어려웠다는 설명은 부족합니다. 윤정후 씨, 처음 숨긴 이유를 말해 주십시오.","Now that the account trail and Mother's records are both on the table, saying it was simply hard to speak is not enough. Mr. Yoon Jeong-hu, state the first reason you hid it.",口座の流れと母の記録が一緒に置かれた以上、単に話しにくかったという説明では足りません。ユン・ジョンフさん、最初に隠した理由を話してください。,既然账户流水和母亲记录都已经摆在面前，仅说难以开口并不充分。尹正厚先生，请说明最初隐瞒的理由。,"Scripted text channel without party a/b as speaker: system, judge, witness, dossier, mediation, aftermath, and milestone copy."
non_party_scripted_text_src_data_scriptedText_family-01_channels_judge_evidence_combo_.entries_dc-4.b.q1_soft_.variants_judgeec-dc-4-b-q1-soft-v1_.behaviorHint,non_party_scripted_text,src/data/scriptedText,family-01,channels[judge_evidence_combo].entries[dc-4.b.q1|soft].variants[judgeec-dc-4-b-q1-soft-v1].behaviorHint,재판관이 감춘 이유 콤보를 차분히 제시한다. 증거의 연결을 먼저 설명하게 하는 톤이다.,The Judge calmly presents the hidden-reason combo. Tone first asks for the evidence links to be explained.,裁判官が隠した理由コンボを落ち着いて提示する。証拠のつながりを先に説明させるトーン。,法官冷静提出隐藏理由组合。语气先要求说明证据之间的关联。,"Scripted text channel without party a/b as speaker: system, judge, witness, dossier, mediation, aftermath, and milestone copy."
non_party_scripted_text_src_data_scriptedText_family-01_channels_judge_evidence_combo_.entries_dc-4.b.q1_soft_.variants_judgeec-dc-4-b-q1-soft-v1_.text,non_party_scripted_text,src/data/scriptedText,family-01,channels[judge_evidence_combo].entries[dc-4.b.q1|soft].variants[judgeec-dc-4-b-q1-soft-v1].text,"장기간 계좌 흐름과 어머니 기록을 함께 보면 윤정후 씨가 돈과 가족사를 함께 떠안은 흐름이 이어집니다. 윤정후 씨, 언제 그 사실을 알았습니까.","Taken together, the long-term account trail and Mother's records show the continuing pattern in which Mr. Yoon Jeong-hu carried both money and family history. Mr. Yoon Jeong-hu, when did you learn that fact?",長期間の口座の流れと母の記録をあわせて見ると、ユン・ジョンフさんがお金と家族史を共に背負った流れが続いています。ユン・ジョンフさん、いつその事実を知りましたか。,把长期账户流水和母亲记录一起看，可以看到尹正厚先生同时承担金钱和家族史的过程一直延续。尹正厚先生，您是什么时候知道这个事实的？,"Scripted text channel without party a/b as speaker: system, judge, witness, dossier, mediation, aftermath, and milestone copy."
non_party_scripted_text_src_data_scriptedText_family-01_channels_judge_evidence_combo_.entries_dc-4.b.q1_soft_.variants_judgeec-dc-4-b-q1-soft-v2_.behaviorHint,non_party_scripted_text,src/data/scriptedText,family-01,channels[judge_evidence_combo].entries[dc-4.b.q1|soft].variants[judgeec-dc-4-b-q1-soft-v2].behaviorHint,재판관이 감춘 이유 콤보를 차분히 제시한다. 증거의 연결을 먼저 설명하게 하는 톤이다.,The Judge calmly presents the hidden-reason combo. Tone first asks for the evidence links to be explained.,裁判官が隠した理由コンボを落ち着いて提示する。証拠のつながりを先に説明させるトーン。,法官冷静提出隐藏理由组合。语气先要求说明证据之间的关联。,"Scripted text channel without party a/b as speaker: system, judge, witness, dossier, mediation, aftermath, and milestone copy."
non_party_scripted_text_src_data_scriptedText_family-01_channels_judge_evidence_combo_.entries_dc-4.b.q1_soft_.variants_judgeec-dc-4-b-q1-soft-v2_.text,non_party_scripted_text,src/data/scriptedText,family-01,channels[judge_evidence_combo].entries[dc-4.b.q1|soft].variants[judgeec-dc-4-b-q1-soft-v2].text,"계좌 흐름는 오래된 부담을, 어머니 기록은 숨겨진 가족사를 보여 줍니다. 윤정후 씨, 그 뒤 왜 혼자 감당했는지 말씀해 주십시오.","The account trail shows an old burden, and Mother's records show hidden family history. Mr. Yoon Jeong-hu, state why you bore it alone afterward.",口座の流れは古い負担を、母の記録は隠された家族史を示しています。ユン・ジョンフさん、その後なぜ一人で背負ったのか話してください。,账户流水显示长期负担，母亲记录显示隐藏的家族史。尹正厚先生，请说明之后为什么独自承担。,"Scripted text channel without party a/b as speaker: system, judge, witness, dossier, mediation, aftermath, and milestone copy."
non_party_scripted_text_src_data_scriptedText_family-01_channels_judge_evidence_combo_.entries_dc-4.b.q1_soft_.variants_judgeec-dc-4-b-q1-soft-v3_.behaviorHint,non_party_scripted_text,src/data/scriptedText,family-01,channels[judge_evidence_combo].entries[dc-4.b.q1|soft].variants[judgeec-dc-4-b-q1-soft-v3].behaviorHint,재판관이 감춘 이유 콤보를 차분히 제시한다. 증거의 연결을 먼저 설명하게 하는 톤이다.,The Judge calmly presents the hidden-reason combo. Tone first asks for the evidence links to be explained.,裁判官が隠した理由コンボを落ち着いて提示する。証拠のつながりを先に説明させるトーン。,法官冷静提出隐藏理由组合。语气先要求说明证据之间的关联。,"Scripted text channel without party a/b as speaker: system, judge, witness, dossier, mediation, aftermath, and milestone copy."
non_party_scripted_text_src_data_scriptedText_family-01_channels_judge_evidence_combo_.entries_dc-4.b.q1_soft_.variants_judgeec-dc-4-b-q1-soft-v3_.text,non_party_scripted_text,src/data/scriptedText,family-01,channels[judge_evidence_combo].entries[dc-4.b.q1|soft].variants[judgeec-dc-4-b-q1-soft-v3].text,돈의 출처와 어머니 기록이 맞물리며 윤정후 씨의 침묵 이유가 드러납니다. 처음 알게 된 시점부터 설명해 주십시오.,"The source of the money and Mother's records fit together, revealing the reason for Mr. Yoon Jeong-hu's silence. Explain from the moment you first learned it.",お金の出所と母の記録がかみ合い、ユン・ジョンフさんの沈黙の理由が現れます。最初に知った時点から説明してください。,钱的来源和母亲记录相互吻合，揭示了尹正厚先生沉默的理由。请从最初知道的时间点开始说明。,"Scripted text channel without party a/b as speaker: system, judge, witness, dossier, mediation, aftermath, and milestone copy."
non_party_scripted_text_src_data_scriptedText_family-01_channels_judge_evidence_combo_.entries_dc-4.b.q1_soft_.variants_judgeec-dc-4-b-q1-soft-v4_.behaviorHint,non_party_scripted_text,src/data/scriptedText,family-01,channels[judge_evidence_combo].entries[dc-4.b.q1|soft].variants[judgeec-dc-4-b-q1-soft-v4].behaviorHint,재판관이 감춘 이유 콤보를 차분히 제시한다. 증거의 연결을 먼저 설명하게 하는 톤이다.,The Judge calmly presents the hidden-reason combo. Tone first asks for the evidence links to be explained.,裁判官が隠した理由コンボを落ち着いて提示する。証拠のつながりを先に説明させるトーン。,法官冷静提出隐藏理由组合。语气先要求说明证据之间的关联。,"Scripted text channel without party a/b as speaker: system, judge, witness, dossier, mediation, aftermath, and milestone copy."
non_party_scripted_text_src_data_scriptedText_family-01_channels_judge_evidence_combo_.entries_dc-4.b.q1_soft_.variants_judgeec-dc-4-b-q1-soft-v4_.text,non_party_scripted_text,src/data/scriptedText,family-01,channels[judge_evidence_combo].entries[dc-4.b.q1|soft].variants[judgeec-dc-4-b-q1-soft-v4].text,"어머니 기록과 계좌 흐름을 함께 보면 침묵이 단순한 회피가 아니었음을 알 수 있습니다. 윤정후 씨, 그 시작을 말씀해 주십시오.","When Mother's records and the account trail are viewed together, the silence was not simple avoidance. Mr. Yoon Jeong-hu, state where it began.",母の記録と口座の流れをあわせて見ると、沈黙は単純な回避ではなかったことが分かります。ユン・ジョンフさん、その始まりを話してください。,把母亲记录和账户流水一起看，可以知道沉默并不是简单回避。尹正厚先生，请说明它从哪里开始。,"Scripted text channel without party a/b as speaker: system, judge, witness, dossier, mediation, aftermath, and milestone copy."
non_party_scripted_text_src_data_scriptedText_family-01_channels_judge_evidence_combo_.entries_dc-4.b.q1_soft_.variants_judgeec-dc-4-b-q1-soft-v5_.behaviorHint,non_party_scripted_text,src/data/scriptedText,family-01,channels[judge_evidence_combo].entries[dc-4.b.q1|soft].variants[judgeec-dc-4-b-q1-soft-v5].behaviorHint,재판관이 감춘 이유 콤보를 차분히 제시한다. 증거의 연결을 먼저 설명하게 하는 톤이다.,The Judge calmly presents the hidden-reason combo. Tone first asks for the evidence links to be explained.,裁判官が隠した理由コンボを落ち着いて提示する。証拠のつながりを先に説明させるトーン。,法官冷静提出隐藏理由组合。语气先要求说明证据之间的关联。,"Scripted text channel without party a/b as speaker: system, judge, witness, dossier, mediation, aftermath, and milestone copy."
non_party_scripted_text_src_data_scriptedText_family-01_channels_judge_evidence_combo_.entries_dc-4.b.q1_soft_.variants_judgeec-dc-4-b-q1-soft-v5_.text,non_party_scripted_text,src/data/scriptedText,family-01,channels[judge_evidence_combo].entries[dc-4.b.q1|soft].variants[judgeec-dc-4-b-q1-soft-v5].text,"윤정후 씨, 계좌 흐름과 어머니 기록은 서로 다른 자료이지만 같은 부담을 가리킵니다. 그 부담을 언제부터 알고 있었습니까.","Mr. Yoon Jeong-hu, the account trail and Mother's records are different materials, but they point to the same burden. Since when did you know that burden?",ユン・ジョンフさん、口座の流れと母の記録は別々の資料ですが、同じ負担を指しています。その負担をいつから知っていましたか。,尹正厚先生，账户流水和母亲记录是不同资料，却指向同一份负担。您从什么时候开始知道这份负担？,"Scripted text channel without party a/b as speaker: system, judge, witness, dossier, mediation, aftermath, and milestone copy."
non_party_scripted_text_src_data_scriptedText_family-01_channels_judge_evidence_combo_.entries_dc-4.b.q2_hard_.variants_judgeec-dc-4-b-q2-hard-v1_.behaviorHint,non_party_scripted_text,src/data/scriptedText,family-01,channels[judge_evidence_combo].entries[dc-4.b.q2|hard].variants[judgeec-dc-4-b-q2-hard-v1].behaviorHint,재판관이 감춘 이유 콤보를 근거로 즉답을 요구한다. 회피를 끊는 톤이다.,The Judge demands an immediate answer based on the hidden-reason combo. Tone cuts off evasion.,裁判官が隠した理由コンボを根拠に即答を求める。回避を断ち切るトーン。,法官以隐藏理由组合为依据要求立即回答。语气切断回避。,"Scripted text channel without party a/b as speaker: system, judge, witness, dossier, mediation, aftermath, and milestone copy."
non_party_scripted_text_src_data_scriptedText_family-01_channels_judge_evidence_combo_.entries_dc-4.b.q2_hard_.variants_judgeec-dc-4-b-q2-hard-v1_.text,non_party_scripted_text,src/data/scriptedText,family-01,channels[judge_evidence_combo].entries[dc-4.b.q2|hard].variants[judgeec-dc-4-b-q2-hard-v1].text,"윤정후 씨, 윤태성 씨가 가족사의 핵심을 알게 될까 두려워 유서를 고쳤다면 보호와 위법이 함께 섭니다. 지금 명확히 말씀해 주십시오.","Mr. Yoon Jeong-hu, if you changed the will out of fear that Mr. Yoon Tae-seong would learn the core of the family history, protection and illegality stand together. State it clearly now.",ユン・ジョンフさん、ユン・テソンさんが家族史の核心を知ることを恐れて遺言書を変えたなら、保護と違法が同時に立ちます。今明確に話してください。,尹正厚先生，如果您是害怕尹泰成先生知道家族史核心才改动遗嘱，那么保护与违法同时存在。现在请明确说明。,"Scripted text channel without party a/b as speaker: system, judge, witness, dossier, mediation, aftermath, and milestone copy."
non_party_scripted_text_src_data_scriptedText_family-01_channels_judge_evidence_combo_.entries_dc-4.b.q2_hard_.variants_judgeec-dc-4-b-q2-hard-v2_.behaviorHint,non_party_scripted_text,src/data/scriptedText,family-01,channels[judge_evidence_combo].entries[dc-4.b.q2|hard].variants[judgeec-dc-4-b-q2-hard-v2].behaviorHint,재판관이 감춘 이유 콤보를 근거로 즉답을 요구한다. 회피를 끊는 톤이다.,The Judge demands an immediate answer based on the hidden-reason combo. Tone cuts off evasion.,裁判官が隠した理由コンボを根拠に即答を求める。回避を断ち切るトーン。,法官以隐藏理由组合为依据要求立即回答。语气切断回避。,"Scripted text channel without party a/b as speaker: system, judge, witness, dossier, mediation, aftermath, and milestone copy."
non_party_scripted_text_src_data_scriptedText_family-01_channels_judge_evidence_combo_.entries_dc-4.b.q2_hard_.variants_judgeec-dc-4-b-q2-hard-v2_.text,non_party_scripted_text,src/data/scriptedText,family-01,channels[judge_evidence_combo].entries[dc-4.b.q2|hard].variants[judgeec-dc-4-b-q2-hard-v2].text,"계좌 흐름과 어머니 기록은 유서 변경의 끝에 법정 회피가 있었다는 점을 보여 줍니다. 윤정후 씨, 그 판단을 책임져야 합니다.","The account trail and Mother's records show that avoiding court stood at the end of the will change. Mr. Yoon Jeong-hu, you must take responsibility for that judgment.",口座の流れと母の記録は、遺言書変更の先に法廷回避があったことを示しています。ユン・ジョンフさん、その判断に責任を負わなければなりません。,账户流水和母亲记录显示，遗嘱变更的尽头是回避法庭。尹正厚先生，您必须为这项判断负责。,"Scripted text channel without party a/b as speaker: system, judge, witness, dossier, mediation, aftermath, and milestone copy."
non_party_scripted_text_src_data_scriptedText_family-01_channels_judge_evidence_combo_.entries_dc-4.b.q2_hard_.variants_judgeec-dc-4-b-q2-hard-v3_.behaviorHint,non_party_scripted_text,src/data/scriptedText,family-01,channels[judge_evidence_combo].entries[dc-4.b.q2|hard].variants[judgeec-dc-4-b-q2-hard-v3].behaviorHint,재판관이 감춘 이유 콤보를 근거로 즉답을 요구한다. 회피를 끊는 톤이다.,The Judge demands an immediate answer based on the hidden-reason combo. Tone cuts off evasion.,裁判官が隠した理由コンボを根拠に即答を求める。回避を断ち切るトーン。,法官以隐藏理由组合为依据要求立即回答。语气切断回避。,"Scripted text channel without party a/b as speaker: system, judge, witness, dossier, mediation, aftermath, and milestone copy."
non_party_scripted_text_src_data_scriptedText_family-01_channels_judge_evidence_combo_.entries_dc-4.b.q2_hard_.variants_judgeec-dc-4-b-q2-hard-v3_.text,non_party_scripted_text,src/data/scriptedText,family-01,channels[judge_evidence_combo].entries[dc-4.b.q2|hard].variants[judgeec-dc-4-b-q2-hard-v3].text,"돈과 가족사가 드러날까 봐 문서를 바꿨다면, 윤정후 씨는 윤태성 씨의 알 권리도 막은 겁니다. 그 책임을 답해 주십시오.","If you changed the document because you feared the money and family history would be revealed, Mr. Yoon Jeong-hu, you also blocked Mr. Yoon Tae-seong's right to know. Answer for that responsibility.",お金と家族史が明らかになることを恐れて文書を変えたなら、ユン・ジョンフさんはユン・テソンさんの知る権利も止めたことになります。その責任を答えてください。,如果您是因为害怕金钱和家族史曝光才改动文件，那么尹正厚先生，您也阻止了尹泰成先生的知情权。请回答这份责任。,"Scripted text channel without party a/b as speaker: system, judge, witness, dossier, mediation, aftermath, and milestone copy."
non_party_scripted_text_src_data_scriptedText_family-01_channels_judge_evidence_combo_.entries_dc-4.b.q2_hard_.variants_judgeec-dc-4-b-q2-hard-v4_.behaviorHint,non_party_scripted_text,src/data/scriptedText,family-01,channels[judge_evidence_combo].entries[dc-4.b.q2|hard].variants[judgeec-dc-4-b-q2-hard-v4].behaviorHint,재판관이 감춘 이유 콤보를 근거로 즉답을 요구한다. 회피를 끊는 톤이다.,The Judge demands an immediate answer based on the hidden-reason combo. Tone cuts off evasion.,裁判官が隠した理由コンボを根拠に即答を求める。回避を断ち切るトーン。,法官以隐藏理由组合为依据要求立即回答。语气切断回避。,"Scripted text channel without party a/b as speaker: system, judge, witness, dossier, mediation, aftermath, and milestone copy."
non_party_scripted_text_src_data_scriptedText_family-01_channels_judge_evidence_combo_.entries_dc-4.b.q2_hard_.variants_judgeec-dc-4-b-q2-hard-v4_.text,non_party_scripted_text,src/data/scriptedText,family-01,channels[judge_evidence_combo].entries[dc-4.b.q2|hard].variants[judgeec-dc-4-b-q2-hard-v4].text,"윤정후 씨, 법정에 오지 않게 하려던 선택이 결국 이 자리까지 왔습니다. 무엇을 숨기려 했는지 지금 말해 주십시오.","Mr. Yoon Jeong-hu, the choice meant to keep this from court has brought us here in the end. State now what you were trying to hide.",ユン・ジョンフさん、法廷に来させまいとした選択が、結局この場まで来ました。何を隠そうとしたのか、今話してください。,尹正厚先生，本想不让事情走到法庭的选择，最终把我们带到了这里。现在请说明您想隐瞒什么。,"Scripted text channel without party a/b as speaker: system, judge, witness, dossier, mediation, aftermath, and milestone copy."
non_party_scripted_text_src_data_scriptedText_family-01_channels_judge_evidence_combo_.entries_dc-4.b.q2_hard_.variants_judgeec-dc-4-b-q2-hard-v5_.behaviorHint,non_party_scripted_text,src/data/scriptedText,family-01,channels[judge_evidence_combo].entries[dc-4.b.q2|hard].variants[judgeec-dc-4-b-q2-hard-v5].behaviorHint,재판관이 감춘 이유 콤보를 근거로 즉답을 요구한다. 회피를 끊는 톤이다.,The Judge demands an immediate answer based on the hidden-reason combo. Tone cuts off evasion.,裁判官が隠した理由コンボを根拠に即答を求める。回避を断ち切るトーン。,法官以隐藏理由组合为依据要求立即回答。语气切断回避。,"Scripted text channel without party a/b as speaker: system, judge, witness, dossier, mediation, aftermath, and milestone copy."
non_party_scripted_text_src_data_scriptedText_family-01_channels_judge_evidence_combo_.entries_dc-4.b.q2_hard_.variants_judgeec-dc-4-b-q2-hard-v5_.text,non_party_scripted_text,src/data/scriptedText,family-01,channels[judge_evidence_combo].entries[dc-4.b.q2|hard].variants[judgeec-dc-4-b-q2-hard-v5].text,계좌 흐름과 어머니 기록은 윤정후 씨의 보호 명분을 동시에 흔듭니다. 윤태성 씨에게 감춘 진실을 지금 밝혀 주십시오.,The account trail and Mother's records also shake Mr. Yoon Jeong-hu's protective reason. State now the truth you hid from Mr. Yoon Tae-seong.,口座の流れと母の記録は、ユン・ジョンフさんの保護の名分を同時に揺さぶります。ユン・テソンさんに隠した真実を今明らかにしてください。,账户流水和母亲记录同时动摇了尹正厚先生的保护理由。现在请说明您向尹泰成先生隐瞒的真相。,"Scripted text channel without party a/b as speaker: system, judge, witness, dossier, mediation, aftermath, and milestone copy."
non_party_scripted_text_src_data_scriptedText_family-01_channels_judge_evidence_combo_.entries_dc-4.b.q2_mid_.variants_judgeec-dc-4-b-q2-mid-v1_.behaviorHint,non_party_scripted_text,src/data/scriptedText,family-01,channels[judge_evidence_combo].entries[dc-4.b.q2|mid].variants[judgeec-dc-4-b-q2-mid-v1].behaviorHint,재판관이 감춘 이유 콤보의 방향을 분명히 짚는다. 더 미루지 못하게 하는 톤이다.,The Judge clearly points out the direction of the hidden-reason combo. Tone leaves no room to postpone.,裁判官が隠した理由コンボの方向を明確に指摘する。これ以上先送りできないようにするトーン。,法官明确指出隐藏理由组合的方向。语气让对方无法再拖延。,"Scripted text channel without party a/b as speaker: system, judge, witness, dossier, mediation, aftermath, and milestone copy."
non_party_scripted_text_src_data_scriptedText_family-01_channels_judge_evidence_combo_.entries_dc-4.b.q2_mid_.variants_judgeec-dc-4-b-q2-mid-v1_.text,non_party_scripted_text,src/data/scriptedText,family-01,channels[judge_evidence_combo].entries[dc-4.b.q2|mid].variants[judgeec-dc-4-b-q2-mid-v1].text,"윤정후 씨, 윤태성 씨가 알게 될 진실이 두려워 유서 문제를 작게 보이게 한 겁니까. 계좌 흐름과 어머니 기록 앞에서 답해 주십시오.","Mr. Yoon Jeong-hu, did you make the will issue look smaller because you feared the truth Mr. Yoon Tae-seong would learn? Answer in front of the account trail and Mother's records.",ユン・ジョンフさん、ユン・テソンさんが知ることになる真実を恐れて、遺言書問題を小さく見せたのですか。口座の流れと母の記録の前で答えてください。,尹正厚先生，您是否因为害怕尹泰成先生会知道的真相，才把遗嘱问题显得很小？请面对账户流水和母亲记录作答。,"Scripted text channel without party a/b as speaker: system, judge, witness, dossier, mediation, aftermath, and milestone copy."
non_party_scripted_text_src_data_scriptedText_family-01_channels_judge_evidence_combo_.entries_dc-4.b.q2_mid_.variants_judgeec-dc-4-b-q2-mid-v2_.behaviorHint,non_party_scripted_text,src/data/scriptedText,family-01,channels[judge_evidence_combo].entries[dc-4.b.q2|mid].variants[judgeec-dc-4-b-q2-mid-v2].behaviorHint,재판관이 감춘 이유 콤보의 방향을 분명히 짚는다. 더 미루지 못하게 하는 톤이다.,The Judge clearly points out the direction of the hidden-reason combo. Tone leaves no room to postpone.,裁判官が隠した理由コンボの方向を明確に指摘する。これ以上先送りできないようにするトーン。,法官明确指出隐藏理由组合的方向。语气让对方无法再拖延。,"Scripted text channel without party a/b as speaker: system, judge, witness, dossier, mediation, aftermath, and milestone copy."
non_party_scripted_text_src_data_scriptedText_family-01_channels_judge_evidence_combo_.entries_dc-4.b.q2_mid_.variants_judgeec-dc-4-b-q2-mid-v2_.text,non_party_scripted_text,src/data/scriptedText,family-01,channels[judge_evidence_combo].entries[dc-4.b.q2|mid].variants[judgeec-dc-4-b-q2-mid-v2].text,"돈의 흐름과 어머니 기록을 보면 법정 회피가 단순한 다툼 회피가 아니었습니다. 윤정후 씨, 무엇을 막으려 했는지 말해 주십시오.","The money flow and Mother's records show that avoiding court was not simply avoiding a dispute. Mr. Yoon Jeong-hu, state what you were trying to stop.",お金の流れと母の記録を見ると、法廷回避は単なる争い回避ではありませんでした。ユン・ジョンフさん、何を防ごうとしたのか話してください。,从资金流和母亲记录来看，回避法庭并不只是回避争吵。尹正厚先生，请说明您想阻止什么。,"Scripted text channel without party a/b as speaker: system, judge, witness, dossier, mediation, aftermath, and milestone copy."
non_party_scripted_text_src_data_scriptedText_family-01_channels_judge_evidence_combo_.entries_dc-4.b.q2_mid_.variants_judgeec-dc-4-b-q2-mid-v3_.behaviorHint,non_party_scripted_text,src/data/scriptedText,family-01,channels[judge_evidence_combo].entries[dc-4.b.q2|mid].variants[judgeec-dc-4-b-q2-mid-v3].behaviorHint,재판관이 감춘 이유 콤보의 방향을 분명히 짚는다. 더 미루지 못하게 하는 톤이다.,The Judge clearly points out the direction of the hidden-reason combo. Tone leaves no room to postpone.,裁判官が隠した理由コンボの方向を明確に指摘する。これ以上先送りできないようにするトーン。,法官明确指出隐藏理由组合的方向。语气让对方无法再拖延。,"Scripted text channel without party a/b as speaker: system, judge, witness, dossier, mediation, aftermath, and milestone copy."
non_party_scripted_text_src_data_scriptedText_family-01_channels_judge_evidence_combo_.entries_dc-4.b.q2_mid_.variants_judgeec-dc-4-b-q2-mid-v3_.text,non_party_scripted_text,src/data/scriptedText,family-01,channels[judge_evidence_combo].entries[dc-4.b.q2|mid].variants[judgeec-dc-4-b-q2-mid-v3].text,"윤정후 씨, 유서 변경은 윤태성 씨가 자필 연습본의 이유를 묻지 않게 하려는 판단과 이어집니다. 그 연결을 인정합니까.","Mr. Yoon Jeong-hu, the will change connects to a judgment that would keep Mr. Yoon Tae-seong from asking why the handwritten draft existed. Do you acknowledge that link?",ユン・ジョンフさん、遺言書変更は、ユン・テソンさんが自筆下書きの理由を問わないようにする判断へつながっています。そのつながりを認めますか。,尹正厚先生，遗嘱变更与不让尹泰成先生追问亲笔草稿理由的判断相连。您承认这个关联吗？,"Scripted text channel without party a/b as speaker: system, judge, witness, dossier, mediation, aftermath, and milestone copy."
non_party_scripted_text_src_data_scriptedText_family-01_channels_judge_evidence_combo_.entries_dc-4.b.q2_mid_.variants_judgeec-dc-4-b-q2-mid-v4_.behaviorHint,non_party_scripted_text,src/data/scriptedText,family-01,channels[judge_evidence_combo].entries[dc-4.b.q2|mid].variants[judgeec-dc-4-b-q2-mid-v4].behaviorHint,재판관이 감춘 이유 콤보의 방향을 분명히 짚는다. 더 미루지 못하게 하는 톤이다.,The Judge clearly points out the direction of the hidden-reason combo. Tone leaves no room to postpone.,裁判官が隠した理由コンボの方向を明確に指摘する。これ以上先送りできないようにするトーン。,法官明确指出隐藏理由组合的方向。语气让对方无法再拖延。,"Scripted text channel without party a/b as speaker: system, judge, witness, dossier, mediation, aftermath, and milestone copy."
non_party_scripted_text_src_data_scriptedText_family-01_channels_judge_evidence_combo_.entries_dc-4.b.q2_mid_.variants_judgeec-dc-4-b-q2-mid-v4_.text,non_party_scripted_text,src/data/scriptedText,family-01,channels[judge_evidence_combo].entries[dc-4.b.q2|mid].variants[judgeec-dc-4-b-q2-mid-v4].text,계좌 흐름과 어머니 기록이 함께 열리면 윤태성 씨의 삶 전체가 흔들릴 수 있었습니다. 그 우려 때문에 문서를 고쳤습니까.,"If the account trail and Mother's records were opened together, Mr. Yoon Tae-seong's entire life could have been shaken. Did you change the document because of that concern?",口座の流れと母の記録が一緒に開かれれば、ユン・テソンさんの人生全体が揺らぐ可能性がありました。その懸念のために文書を変えたのですか。,如果账户流水和母亲记录同时被打开，尹泰成先生整个人生的基础都可能动摇。您是因为这个担忧才改动文件的吗？,"Scripted text channel without party a/b as speaker: system, judge, witness, dossier, mediation, aftermath, and milestone copy."
non_party_scripted_text_src_data_scriptedText_family-01_channels_judge_evidence_combo_.entries_dc-4.b.q2_mid_.variants_judgeec-dc-4-b-q2-mid-v5_.behaviorHint,non_party_scripted_text,src/data/scriptedText,family-01,channels[judge_evidence_combo].entries[dc-4.b.q2|mid].variants[judgeec-dc-4-b-q2-mid-v5].behaviorHint,재판관이 감춘 이유 콤보의 방향을 분명히 짚는다. 더 미루지 못하게 하는 톤이다.,The Judge clearly points out the direction of the hidden-reason combo. Tone leaves no room to postpone.,裁判官が隠した理由コンボの方向を明確に指摘する。これ以上先送りできないようにするトーン。,法官明确指出隐藏理由组合的方向。语气让对方无法再拖延。,"Scripted text channel without party a/b as speaker: system, judge, witness, dossier, mediation, aftermath, and milestone copy."
non_party_scripted_text_src_data_scriptedText_family-01_channels_judge_evidence_combo_.entries_dc-4.b.q2_mid_.variants_judgeec-dc-4-b-q2-mid-v5_.text,non_party_scripted_text,src/data/scriptedText,family-01,channels[judge_evidence_combo].entries[dc-4.b.q2|mid].variants[judgeec-dc-4-b-q2-mid-v5].text,"윤정후 씨, 법정까지 가지 않게 하려 했다는 말은 곧 진실을 숨기겠다는 말이기도 합니다. 무엇이 먼저였습니까.","Mr. Yoon Jeong-hu, saying you tried to keep this from going to court also means you tried to hide the truth. Which came first?",ユン・ジョンフさん、法廷まで行かないようにしたという言葉は、真実を隠すという言葉でもあります。どちらが先でしたか。,尹正厚先生，说想让事情不要走到法庭，也意味着想隐藏真相。哪一个在先？,"Scripted text channel without party a/b as speaker: system, judge, witness, dossier, mediation, aftermath, and milestone copy."
non_party_scripted_text_src_data_scriptedText_family-01_channels_judge_evidence_combo_.entries_dc-4.b.q2_soft_.variants_judgeec-dc-4-b-q2-soft-v1_.behaviorHint,non_party_scripted_text,src/data/scriptedText,family-01,channels[judge_evidence_combo].entries[dc-4.b.q2|soft].variants[judgeec-dc-4-b-q2-soft-v1].behaviorHint,재판관이 감춘 이유 콤보를 차분히 제시한다. 증거의 연결을 먼저 설명하게 하는 톤이다.,The Judge calmly presents the hidden-reason combo. Tone first asks for the evidence links to be explained.,裁判官が隠した理由コンボを落ち着いて提示する。証拠のつながりを先に説明させるトーン。,法官冷静提出隐藏理由组合。语气先要求说明证据之间的关联。,"Scripted text channel without party a/b as speaker: system, judge, witness, dossier, mediation, aftermath, and milestone copy."
non_party_scripted_text_src_data_scriptedText_family-01_channels_judge_evidence_combo_.entries_dc-4.b.q2_soft_.variants_judgeec-dc-4-b-q2-soft-v1_.text,non_party_scripted_text,src/data/scriptedText,family-01,channels[judge_evidence_combo].entries[dc-4.b.q2|soft].variants[judgeec-dc-4-b-q2-soft-v1].text,"계좌 흐름과 어머니 기록을 함께 보면 윤태성 씨가 알게 될 경우 삶의 기반이 흔들릴 수 있다는 우려가 보입니다. 윤정후 씨, 법정까지 막으려 했습니까.","Looking at the account trail and Mother's records together shows concern that Mr. Yoon Tae-seong's foundation in life could be shaken if he learned the truth. Mr. Yoon Jeong-hu, did you try to block it from reaching court?",口座の流れと母の記録をあわせて見ると、ユン・テソンさんが知った場合に人生の基盤が揺らぐかもしれないという懸念が見えます。ユン・ジョンフさん、法廷まで止めようとしましたか。,把账户流水和母亲记录一起看，可以看到如果尹泰成先生得知真相，他的人生基础可能动摇的担忧。尹正厚先生，您是否试图阻止它走到法庭？,"Scripted text channel without party a/b as speaker: system, judge, witness, dossier, mediation, aftermath, and milestone copy."
non_party_scripted_text_src_data_scriptedText_family-01_channels_judge_evidence_combo_.entries_dc-4.b.q2_soft_.variants_judgeec-dc-4-b-q2-soft-v2_.behaviorHint,non_party_scripted_text,src/data/scriptedText,family-01,channels[judge_evidence_combo].entries[dc-4.b.q2|soft].variants[judgeec-dc-4-b-q2-soft-v2].behaviorHint,재판관이 감춘 이유 콤보를 차분히 제시한다. 증거의 연결을 먼저 설명하게 하는 톤이다.,The Judge calmly presents the hidden-reason combo. Tone first asks for the evidence links to be explained.,裁判官が隠した理由コンボを落ち着いて提示する。証拠のつながりを先に説明させるトーン。,法官冷静提出隐藏理由组合。语气先要求说明证据之间的关联。,"Scripted text channel without party a/b as speaker: system, judge, witness, dossier, mediation, aftermath, and milestone copy."
non_party_scripted_text_src_data_scriptedText_family-01_channels_judge_evidence_combo_.entries_dc-4.b.q2_soft_.variants_judgeec-dc-4-b-q2-soft-v2_.text,non_party_scripted_text,src/data/scriptedText,family-01,channels[judge_evidence_combo].entries[dc-4.b.q2|soft].variants[judgeec-dc-4-b-q2-soft-v2].text,"오래된 돈의 흐름과 어머니 기록은 상속 문제가 가족사 문제로 번질 수 있음을 보여 줍니다. 윤정후 씨, 그 점이 두려웠습니까.","The old money flow and Mother's records show that the inheritance issue could spread into a family-history issue. Mr. Yoon Jeong-hu, were you afraid of that?",古いお金の流れと母の記録は、相続問題が家族史の問題へ広がり得ることを示しています。ユン・ジョンフさん、その点が恐ろしかったのですか。,长期资金流和母亲记录显示，继承问题可能扩展为家族史问题。尹正厚先生，您害怕这一点吗？,"Scripted text channel without party a/b as speaker: system, judge, witness, dossier, mediation, aftermath, and milestone copy."
non_party_scripted_text_src_data_scriptedText_family-01_channels_judge_evidence_combo_.entries_dc-4.b.q2_soft_.variants_judgeec-dc-4-b-q2-soft-v3_.behaviorHint,non_party_scripted_text,src/data/scriptedText,family-01,channels[judge_evidence_combo].entries[dc-4.b.q2|soft].variants[judgeec-dc-4-b-q2-soft-v3].behaviorHint,재판관이 감춘 이유 콤보를 차분히 제시한다. 증거의 연결을 먼저 설명하게 하는 톤이다.,The Judge calmly presents the hidden-reason combo. Tone first asks for the evidence links to be explained.,裁判官が隠した理由コンボを落ち着いて提示する。証拠のつながりを先に説明させるトーン。,法官冷静提出隐藏理由组合。语气先要求说明证据之间的关联。,"Scripted text channel without party a/b as speaker: system, judge, witness, dossier, mediation, aftermath, and milestone copy."
non_party_scripted_text_src_data_scriptedText_family-01_channels_judge_evidence_combo_.entries_dc-4.b.q2_soft_.variants_judgeec-dc-4-b-q2-soft-v3_.text,non_party_scripted_text,src/data/scriptedText,family-01,channels[judge_evidence_combo].entries[dc-4.b.q2|soft].variants[judgeec-dc-4-b-q2-soft-v3].text,"어머니 기록과 계좌 흐름이 맞물리면 유서 문제가 더 깊은 질문으로 이어집니다. 윤정후 씨, 그 질문을 막으려 했는지 말씀해 주십시오.","When Mother's records and the account trail fit together, the will issue leads to a deeper question. Mr. Yoon Jeong-hu, state whether you tried to stop that question.",母の記録と口座の流れがかみ合うと、遺言書の問題はより深い質問へつながります。ユン・ジョンフさん、その質問を防ごうとしたのか話してください。,母亲记录和账户流水相互吻合时，遗嘱问题会通向更深的问题。尹正厚先生，请说明您是否想阻止那个问题。,"Scripted text channel without party a/b as speaker: system, judge, witness, dossier, mediation, aftermath, and milestone copy."
non_party_scripted_text_src_data_scriptedText_family-01_channels_judge_evidence_combo_.entries_dc-4.b.q2_soft_.variants_judgeec-dc-4-b-q2-soft-v4_.behaviorHint,non_party_scripted_text,src/data/scriptedText,family-01,channels[judge_evidence_combo].entries[dc-4.b.q2|soft].variants[judgeec-dc-4-b-q2-soft-v4].behaviorHint,재판관이 감춘 이유 콤보를 차분히 제시한다. 증거의 연결을 먼저 설명하게 하는 톤이다.,The Judge calmly presents the hidden-reason combo. Tone first asks for the evidence links to be explained.,裁判官が隠した理由コンボを落ち着いて提示する。証拠のつながりを先に説明させるトーン。,法官冷静提出隐藏理由组合。语气先要求说明证据之间的关联。,"Scripted text channel without party a/b as speaker: system, judge, witness, dossier, mediation, aftermath, and milestone copy."
non_party_scripted_text_src_data_scriptedText_family-01_channels_judge_evidence_combo_.entries_dc-4.b.q2_soft_.variants_judgeec-dc-4-b-q2-soft-v4_.text,non_party_scripted_text,src/data/scriptedText,family-01,channels[judge_evidence_combo].entries[dc-4.b.q2|soft].variants[judgeec-dc-4-b-q2-soft-v4].text,"윤정후 씨, 윤태성 씨가 자필 연습본의 이유를 파고들면 돈과 가족사가 함께 드러날 수 있었습니다. 그걸 막으려 했습니까.","Mr. Yoon Jeong-hu, if Mr. Yoon Tae-seong dug into the reason for the handwritten draft, both money and family history could have come out. Were you trying to prevent that?",ユン・ジョンフさん、ユン・テソンさんが自筆下書きの理由を掘り下げれば、お金と家族史が一緒に明らかになる可能性がありました。それを防ごうとしたのですか。,尹正厚先生，如果尹泰成先生深究亲笔草稿的理由，金钱和家族史可能一起浮出。您是想阻止这一点吗？,"Scripted text channel without party a/b as speaker: system, judge, witness, dossier, mediation, aftermath, and milestone copy."
non_party_scripted_text_src_data_scriptedText_family-01_channels_judge_evidence_combo_.entries_dc-4.b.q2_soft_.variants_judgeec-dc-4-b-q2-soft-v5_.behaviorHint,non_party_scripted_text,src/data/scriptedText,family-01,channels[judge_evidence_combo].entries[dc-4.b.q2|soft].variants[judgeec-dc-4-b-q2-soft-v5].behaviorHint,재판관이 감춘 이유 콤보를 차분히 제시한다. 증거의 연결을 먼저 설명하게 하는 톤이다.,The Judge calmly presents the hidden-reason combo. Tone first asks for the evidence links to be explained.,裁判官が隠した理由コンボを落ち着いて提示する。証拠のつながりを先に説明させるトーン。,法官冷静提出隐藏理由组合。语气先要求说明证据之间的关联。,"Scripted text channel without party a/b as speaker: system, judge, witness, dossier, mediation, aftermath, and milestone copy."
non_party_scripted_text_src_data_scriptedText_family-01_channels_judge_evidence_combo_.entries_dc-4.b.q2_soft_.variants_judgeec-dc-4-b-q2-soft-v5_.text,non_party_scripted_text,src/data/scriptedText,family-01,channels[judge_evidence_combo].entries[dc-4.b.q2|soft].variants[judgeec-dc-4-b-q2-soft-v5].text,"계좌 흐름와 어머니 기록은 왜 유서 문제를 법정까지 보내고 싶지 않았는지 묻습니다. 윤정후 씨, 차분히 설명해 주십시오.","The account trail and Mother's records ask why you did not want the will issue to reach court. Mr. Yoon Jeong-hu, explain calmly.",口座の流れと母の記録は、なぜ遺言書問題を法廷まで送ってほしくなかったのかを問うています。ユン・ジョンフさん、落ち着いて説明してください。,账户流水和母亲记录在追问，为什么您不希望遗嘱问题走到法庭。尹正厚先生，请冷静说明。,"Scripted text channel without party a/b as speaker: system, judge, witness, dossier, mediation, aftermath, and milestone copy."
non_party_scripted_text_src_data_scriptedText_family-01_channels_judge_evidence_combo_.entries_dc-5.a.q1_hard_.variants_judgeec-dc-5-a-q1-hard-v1_.behaviorHint,non_party_scripted_text,src/data/scriptedText,family-01,channels[judge_evidence_combo].entries[dc-5.a.q1|hard].variants[judgeec-dc-5-a-q1-hard-v1].behaviorHint,재판관이 어머니의 뜻 콤보를 근거로 즉답을 요구한다. 회피를 끊는 톤이다.,The Judge demands an immediate answer based on the Mother's Wishes combo. Tone cuts off evasion.,裁判官が母の意思コンボを根拠に即答を求める。回避を断ち切るトーン。,法官以母亲意愿组合为依据要求立即回答。语气切断回避。,"Scripted text channel without party a/b as speaker: system, judge, witness, dossier, mediation, aftermath, and milestone copy."
non_party_scripted_text_src_data_scriptedText_family-01_channels_judge_evidence_combo_.entries_dc-5.a.q1_hard_.variants_judgeec-dc-5-a-q1-hard-v1_.text,non_party_scripted_text,src/data/scriptedText,family-01,channels[judge_evidence_combo].entries[dc-5.a.q1|hard].variants[judgeec-dc-5-a-q1-hard-v1].text,"윤태성 씨, 계좌 흐름과 어머니 기록이 나온 뒤에도 모든 걸 윤정후 씨 책임으로만 돌릴 수 없습니다. 장남이라는 당연시를 지금 답해 주십시오.","Mr. Yoon Tae-seong, after the account trail and Mother's records have come out, you cannot place everything only on Mr. Yoon Jeong-hu's responsibility. Answer now about what you took for granted as the eldest son.",ユン・テソンさん、口座の流れと母の記録が出た後でも、すべてをユン・ジョンフさんの責任だけに回すことはできません。長男として当然視したことを今答えてください。,尹泰成先生，在账户流水和母亲记录出现之后，您不能把一切都只归到尹正厚先生的责任上。现在请回答您作为长子视为理所当然的部分。,"Scripted text channel without party a/b as speaker: system, judge, witness, dossier, mediation, aftermath, and milestone copy."
non_party_scripted_text_src_data_scriptedText_family-01_channels_judge_evidence_combo_.entries_dc-5.a.q1_hard_.variants_judgeec-dc-5-a-q1-hard-v2_.behaviorHint,non_party_scripted_text,src/data/scriptedText,family-01,channels[judge_evidence_combo].entries[dc-5.a.q1|hard].variants[judgeec-dc-5-a-q1-hard-v2].behaviorHint,재판관이 어머니의 뜻 콤보를 근거로 즉답을 요구한다. 회피를 끊는 톤이다.,The Judge demands an immediate answer based on the Mother's Wishes combo. Tone cuts off evasion.,裁判官が母の意思コンボを根拠に即答を求める。回避を断ち切るトーン。,法官以母亲意愿组合为依据要求立即回答。语气切断回避。,"Scripted text channel without party a/b as speaker: system, judge, witness, dossier, mediation, aftermath, and milestone copy."
non_party_scripted_text_src_data_scriptedText_family-01_channels_judge_evidence_combo_.entries_dc-5.a.q1_hard_.variants_judgeec-dc-5-a-q1-hard-v2_.text,non_party_scripted_text,src/data/scriptedText,family-01,channels[judge_evidence_combo].entries[dc-5.a.q1|hard].variants[judgeec-dc-5-a-q1-hard-v2].text,"유서 사본은 분노의 시작일 수 있지만, 계좌 흐름은 그 분노의 방향을 바꿉니다. 윤태성 씨, 왜 본인 몫을 당연하게 봤습니까.","The will copy may be the beginning of anger, but the account trail changes the direction of that anger. Mr. Yoon Tae-seong, why did you regard your share as a given?",遺言書コピーは怒りの始まりかもしれませんが、口座の流れはその怒りの方向を変えます。ユン・テソンさん、なぜ自分の取り分を当然のものと見たのですか。,遗嘱副本也许是愤怒的起点，但账户流水改变了愤怒的方向。尹泰成先生，为什么您把自己的份额看作理所当然？,"Scripted text channel without party a/b as speaker: system, judge, witness, dossier, mediation, aftermath, and milestone copy."
non_party_scripted_text_src_data_scriptedText_family-01_channels_judge_evidence_combo_.entries_dc-5.a.q1_hard_.variants_judgeec-dc-5-a-q1-hard-v3_.behaviorHint,non_party_scripted_text,src/data/scriptedText,family-01,channels[judge_evidence_combo].entries[dc-5.a.q1|hard].variants[judgeec-dc-5-a-q1-hard-v3].behaviorHint,재판관이 어머니의 뜻 콤보를 근거로 즉답을 요구한다. 회피를 끊는 톤이다.,The Judge demands an immediate answer based on the Mother's Wishes combo. Tone cuts off evasion.,裁判官が母の意思コンボを根拠に即答を求める。回避を断ち切るトーン。,法官以母亲意愿组合为依据要求立即回答。语气切断回避。,"Scripted text channel without party a/b as speaker: system, judge, witness, dossier, mediation, aftermath, and milestone copy."
non_party_scripted_text_src_data_scriptedText_family-01_channels_judge_evidence_combo_.entries_dc-5.a.q1_hard_.variants_judgeec-dc-5-a-q1-hard-v3_.text,non_party_scripted_text,src/data/scriptedText,family-01,channels[judge_evidence_combo].entries[dc-5.a.q1|hard].variants[judgeec-dc-5-a-q1-hard-v3].text,"윤태성 씨, 어머니 뜻을 본인 돌봄의 보상처럼 읽은 부분이 있다면 그 역시 책임입니다. 세 자료 앞에서 인정할 건 인정해 주십시오.","Mr. Yoon Tae-seong, if you read Mother's wishes as a reward for your care, that too is a responsibility. In front of the three materials, acknowledge what must be acknowledged.",ユン・テソンさん、母の意思を自分の介護への報酬のように読んだ部分があるなら、それも責任です。三つの資料の前で、認めるべきことは認めてください。,尹泰成先生，如果您把母亲的意愿解读成对自己照护的回报，那同样是责任。面对三份资料，请承认该承认的部分。,"Scripted text channel without party a/b as speaker: system, judge, witness, dossier, mediation, aftermath, and milestone copy."
non_party_scripted_text_src_data_scriptedText_family-01_channels_judge_evidence_combo_.entries_dc-5.a.q1_hard_.variants_judgeec-dc-5-a-q1-hard-v4_.behaviorHint,non_party_scripted_text,src/data/scriptedText,family-01,channels[judge_evidence_combo].entries[dc-5.a.q1|hard].variants[judgeec-dc-5-a-q1-hard-v4].behaviorHint,재판관이 어머니의 뜻 콤보를 근거로 즉답을 요구한다. 회피를 끊는 톤이다.,The Judge demands an immediate answer based on the Mother's Wishes combo. Tone cuts off evasion.,裁判官が母の意思コンボを根拠に即答を求める。回避を断ち切るトーン。,法官以母亲意愿组合为依据要求立即回答。语气切断回避。,"Scripted text channel without party a/b as speaker: system, judge, witness, dossier, mediation, aftermath, and milestone copy."
non_party_scripted_text_src_data_scriptedText_family-01_channels_judge_evidence_combo_.entries_dc-5.a.q1_hard_.variants_judgeec-dc-5-a-q1-hard-v4_.text,non_party_scripted_text,src/data/scriptedText,family-01,channels[judge_evidence_combo].entries[dc-5.a.q1|hard].variants[judgeec-dc-5-a-q1-hard-v4].text,계좌 흐름과 어머니 기록을 외면하면 윤태성 씨도 어머니 뜻을 자기 기준으로 바꾸어 읽는 겁니다. 지금 명확히 말씀해 주십시오.,"If you ignore the account trail and Mother's records, Mr. Yoon Tae-seong, you too are reading Mother's wishes through your own standard. State it clearly now.",口座の流れと母の記録を見ないなら、ユン・テソンさんも母の意思を自分の基準で読み替えていることになります。今明確に話してください。,如果无视账户流水和母亲记录，尹泰成先生，您也是在按自己的标准改读母亲的意愿。现在请明确说明。,"Scripted text channel without party a/b as speaker: system, judge, witness, dossier, mediation, aftermath, and milestone copy."
non_party_scripted_text_src_data_scriptedText_family-01_channels_judge_evidence_combo_.entries_dc-5.a.q1_hard_.variants_judgeec-dc-5-a-q1-hard-v5_.behaviorHint,non_party_scripted_text,src/data/scriptedText,family-01,channels[judge_evidence_combo].entries[dc-5.a.q1|hard].variants[judgeec-dc-5-a-q1-hard-v5].behaviorHint,재판관이 어머니의 뜻 콤보를 근거로 즉답을 요구한다. 회피를 끊는 톤이다.,The Judge demands an immediate answer based on the Mother's Wishes combo. Tone cuts off evasion.,裁判官が母の意思コンボを根拠に即答を求める。回避を断ち切るトーン。,法官以母亲意愿组合为依据要求立即回答。语气切断回避。,"Scripted text channel without party a/b as speaker: system, judge, witness, dossier, mediation, aftermath, and milestone copy."
non_party_scripted_text_src_data_scriptedText_family-01_channels_judge_evidence_combo_.entries_dc-5.a.q1_hard_.variants_judgeec-dc-5-a-q1-hard-v5_.text,non_party_scripted_text,src/data/scriptedText,family-01,channels[judge_evidence_combo].entries[dc-5.a.q1|hard].variants[judgeec-dc-5-a-q1-hard-v5].text,"윤태성 씨, 윤정후 씨가 숨긴 책임과 별개로 본인의 단정도 분쟁을 키웠습니다. 장남이라는 기준을 내려놓을 수 있습니까.","Mr. Yoon Tae-seong, apart from Mr. Yoon Jeong-hu's responsibility for hiding things, your own assumptions also enlarged the dispute. Can you set aside the standard of being the eldest son?",ユン・テソンさん、ユン・ジョンフさんが隠した責任とは別に、あなた自身の決めつけも争いを大きくしました。長男という基準を下ろすことはできますか。,尹泰成先生，尹正厚先生隐瞒的责任另当别论，您自己的断定也扩大了争端。您能放下长子这个标准吗？,"Scripted text channel without party a/b as speaker: system, judge, witness, dossier, mediation, aftermath, and milestone copy."
non_party_scripted_text_src_data_scriptedText_family-01_channels_judge_evidence_combo_.entries_dc-5.a.q1_mid_.variants_judgeec-dc-5-a-q1-mid-v1_.behaviorHint,non_party_scripted_text,src/data/scriptedText,family-01,channels[judge_evidence_combo].entries[dc-5.a.q1|mid].variants[judgeec-dc-5-a-q1-mid-v1].behaviorHint,재판관이 어머니의 뜻 콤보의 방향을 분명히 짚는다. 더 미루지 못하게 하는 톤이다.,The Judge clearly points out the direction of the Mother's Wishes combo. Tone leaves no room to postpone.,裁判官が母の意思コンボの方向を明確に指摘する。これ以上先送りできないようにするトーン。,法官明确指出母亲意愿组合的方向。语气让对方无法再拖延。,"Scripted text channel without party a/b as speaker: system, judge, witness, dossier, mediation, aftermath, and milestone copy."
non_party_scripted_text_src_data_scriptedText_family-01_channels_judge_evidence_combo_.entries_dc-5.a.q1_mid_.variants_judgeec-dc-5-a-q1-mid-v1_.text,non_party_scripted_text,src/data/scriptedText,family-01,channels[judge_evidence_combo].entries[dc-5.a.q1|mid].variants[judgeec-dc-5-a-q1-mid-v1].text,"윤태성 씨, 계좌 흐름과 어머니 기록을 본 뒤에도 장남의 몫을 먼저 말한다면 판단 기준을 밝혀야 합니다. 왜 그렇게 확신했습니까.","Mr. Yoon Tae-seong, if after seeing the account trail and Mother's records you still speak first of the eldest son's share, you must state your standard for judgment. Why were you so certain?",ユン・テソンさん、口座の流れと母の記録を見た後でも長男の取り分を先に言うなら、判断基準を明らかにしなければなりません。なぜそこまで確信したのですか。,尹泰成先生，如果看到账户流水和母亲记录后，您仍先谈长子的份额，就必须说明判断标准。您为什么如此确信？,"Scripted text channel without party a/b as speaker: system, judge, witness, dossier, mediation, aftermath, and milestone copy."
non_party_scripted_text_src_data_scriptedText_family-01_channels_judge_evidence_combo_.entries_dc-5.a.q1_mid_.variants_judgeec-dc-5-a-q1-mid-v2_.behaviorHint,non_party_scripted_text,src/data/scriptedText,family-01,channels[judge_evidence_combo].entries[dc-5.a.q1|mid].variants[judgeec-dc-5-a-q1-mid-v2].behaviorHint,재판관이 어머니의 뜻 콤보의 방향을 분명히 짚는다. 더 미루지 못하게 하는 톤이다.,The Judge clearly points out the direction of the Mother's Wishes combo. Tone leaves no room to postpone.,裁判官が母の意思コンボの方向を明確に指摘する。これ以上先送りできないようにするトーン。,法官明确指出母亲意愿组合的方向。语气让对方无法再拖延。,"Scripted text channel without party a/b as speaker: system, judge, witness, dossier, mediation, aftermath, and milestone copy."
non_party_scripted_text_src_data_scriptedText_family-01_channels_judge_evidence_combo_.entries_dc-5.a.q1_mid_.variants_judgeec-dc-5-a-q1-mid-v2_.text,non_party_scripted_text,src/data/scriptedText,family-01,channels[judge_evidence_combo].entries[dc-5.a.q1|mid].variants[judgeec-dc-5-a-q1-mid-v2].text,"유서 사본만 붙들면 윤태성 씨의 상처가 보이지만, 계좌 흐름을 붙이면 윤정후 씨의 부담이 보입니다. 그 차이를 어떻게 받아들입니까.","If you hold only the will copy, Mr. Yoon Tae-seong's wound is visible; if you add the account trail, Mr. Yoon Jeong-hu's burden is visible. How do you accept that difference?",遺言書コピーだけを握ればユン・テソンさんの傷が見えますが、口座の流れを合わせればユン・ジョンフさんの負担が見えます。その差をどう受け止めますか。,只抓住遗嘱副本，就能看见尹泰成先生的伤口；加上账户流水，就能看见尹正厚先生的负担。您如何接受这个差别？,"Scripted text channel without party a/b as speaker: system, judge, witness, dossier, mediation, aftermath, and milestone copy."
non_party_scripted_text_src_data_scriptedText_family-01_channels_judge_evidence_combo_.entries_dc-5.a.q1_mid_.variants_judgeec-dc-5-a-q1-mid-v3_.behaviorHint,non_party_scripted_text,src/data/scriptedText,family-01,channels[judge_evidence_combo].entries[dc-5.a.q1|mid].variants[judgeec-dc-5-a-q1-mid-v3].behaviorHint,재판관이 어머니의 뜻 콤보의 방향을 분명히 짚는다. 더 미루지 못하게 하는 톤이다.,The Judge clearly points out the direction of the Mother's Wishes combo. Tone leaves no room to postpone.,裁判官が母の意思コンボの方向を明確に指摘する。これ以上先送りできないようにするトーン。,法官明确指出母亲意愿组合的方向。语气让对方无法再拖延。,"Scripted text channel without party a/b as speaker: system, judge, witness, dossier, mediation, aftermath, and milestone copy."
non_party_scripted_text_src_data_scriptedText_family-01_channels_judge_evidence_combo_.entries_dc-5.a.q1_mid_.variants_judgeec-dc-5-a-q1-mid-v3_.text,non_party_scripted_text,src/data/scriptedText,family-01,channels[judge_evidence_combo].entries[dc-5.a.q1|mid].variants[judgeec-dc-5-a-q1-mid-v3].text,"어머니 기록과 돈의 출처가 드러난 뒤에는 장남이라는 이유만으로 설명되지 않습니다. 윤태성 씨, 본인 당연시를 인정합니까.","After Mother's records and the source of the money came out, the matter cannot be explained by being the eldest son alone. Mr. Yoon Tae-seong, do you acknowledge what you took for granted?",母の記録とお金の出所が明らかになった後は、長男という理由だけでは説明できません。ユン・テソンさん、自分の当然視を認めますか。,母亲记录和钱的来源显露之后，仅凭长子这一理由无法说明。尹泰成先生，您承认自己视为理所当然的心态吗？,"Scripted text channel without party a/b as speaker: system, judge, witness, dossier, mediation, aftermath, and milestone copy."
non_party_scripted_text_src_data_scriptedText_family-01_channels_judge_evidence_combo_.entries_dc-5.a.q1_mid_.variants_judgeec-dc-5-a-q1-mid-v4_.behaviorHint,non_party_scripted_text,src/data/scriptedText,family-01,channels[judge_evidence_combo].entries[dc-5.a.q1|mid].variants[judgeec-dc-5-a-q1-mid-v4].behaviorHint,재판관이 어머니의 뜻 콤보의 방향을 분명히 짚는다. 더 미루지 못하게 하는 톤이다.,The Judge clearly points out the direction of the Mother's Wishes combo. Tone leaves no room to postpone.,裁判官が母の意思コンボの方向を明確に指摘する。これ以上先送りできないようにするトーン。,法官明确指出母亲意愿组合的方向。语气让对方无法再拖延。,"Scripted text channel without party a/b as speaker: system, judge, witness, dossier, mediation, aftermath, and milestone copy."
non_party_scripted_text_src_data_scriptedText_family-01_channels_judge_evidence_combo_.entries_dc-5.a.q1_mid_.variants_judgeec-dc-5-a-q1-mid-v4_.text,non_party_scripted_text,src/data/scriptedText,family-01,channels[judge_evidence_combo].entries[dc-5.a.q1|mid].variants[judgeec-dc-5-a-q1-mid-v4].text,"윤태성 씨, 돌봄을 유산의 근거처럼 붙들었던 마음이 있었는지 묻겠습니다. 계좌 흐름과 어머니 기록 앞에서 답해 주십시오.","Mr. Yoon Tae-seong, I ask whether you held on to caregiving as if it were the basis for inheritance. Answer in front of the account trail and Mother's records.",ユン・テソンさん、介護を遺産の根拠のように握っていた気持ちがあったのか、問います。口座の流れと母の記録の前で答えてください。,尹泰成先生，我要问，您是否把照护当成遗产依据一样抓着不放。请面对账户流水和母亲记录作答。,"Scripted text channel without party a/b as speaker: system, judge, witness, dossier, mediation, aftermath, and milestone copy."
non_party_scripted_text_src_data_scriptedText_family-01_channels_judge_evidence_combo_.entries_dc-5.a.q1_mid_.variants_judgeec-dc-5-a-q1-mid-v5_.behaviorHint,non_party_scripted_text,src/data/scriptedText,family-01,channels[judge_evidence_combo].entries[dc-5.a.q1|mid].variants[judgeec-dc-5-a-q1-mid-v5].behaviorHint,재판관이 어머니의 뜻 콤보의 방향을 분명히 짚는다. 더 미루지 못하게 하는 톤이다.,The Judge clearly points out the direction of the Mother's Wishes combo. Tone leaves no room to postpone.,裁判官が母の意思コンボの方向を明確に指摘する。これ以上先送りできないようにするトーン。,法官明确指出母亲意愿组合的方向。语气让对方无法再拖延。,"Scripted text channel without party a/b as speaker: system, judge, witness, dossier, mediation, aftermath, and milestone copy."
non_party_scripted_text_src_data_scriptedText_family-01_channels_judge_evidence_combo_.entries_dc-5.a.q1_mid_.variants_judgeec-dc-5-a-q1-mid-v5_.text,non_party_scripted_text,src/data/scriptedText,family-01,channels[judge_evidence_combo].entries[dc-5.a.q1|mid].variants[judgeec-dc-5-a-q1-mid-v5].text,"유서 사본, 계좌 흐름, 어머니 기록이 함께 놓이면 어머니 뜻은 윤태성 씨 기준만으로 읽을 수 없습니다. 무엇을 인정합니까.","When the will copy, account trail, and Mother's records are placed together, Mother's wishes cannot be read only by Mr. Yoon Tae-seong's standard. What do you acknowledge?",遺言書コピー、口座の流れ、母の記録が一緒に置かれると、母の意思はユン・テソンさんの基準だけでは読めません。何を認めますか。,当遗嘱副本、账户流水和母亲记录放在一起，母亲的意愿就不能只按尹泰成先生的标准来读。您承认什么？,"Scripted text channel without party a/b as speaker: system, judge, witness, dossier, mediation, aftermath, and milestone copy."
non_party_scripted_text_src_data_scriptedText_family-01_channels_judge_evidence_combo_.entries_dc-5.a.q1_soft_.variants_judgeec-dc-5-a-q1-soft-v1_.behaviorHint,non_party_scripted_text,src/data/scriptedText,family-01,channels[judge_evidence_combo].entries[dc-5.a.q1|soft].variants[judgeec-dc-5-a-q1-soft-v1].behaviorHint,재판관이 어머니의 뜻 콤보를 차분히 제시한다. 증거의 연결을 먼저 설명하게 하는 톤이다.,The Judge calmly presents the Mother's Wishes combo. Tone first asks for the evidence links to be explained.,裁判官が母の意思コンボを落ち着いて提示する。証拠のつながりを先に説明させるトーン。,法官冷静提出母亲意愿组合。语气先要求说明证据之间的关联。,"Scripted text channel without party a/b as speaker: system, judge, witness, dossier, mediation, aftermath, and milestone copy."
non_party_scripted_text_src_data_scriptedText_family-01_channels_judge_evidence_combo_.entries_dc-5.a.q1_soft_.variants_judgeec-dc-5-a-q1-soft-v1_.text,non_party_scripted_text,src/data/scriptedText,family-01,channels[judge_evidence_combo].entries[dc-5.a.q1|soft].variants[judgeec-dc-5-a-q1-soft-v1].text,"변경된 유서 사본과 계좌 흐름, 어머니 기록을 함께 보면 장남으로서 당연히 더 받아야 한다는 마음도 따져야 합니다. 윤태성 씨, 그 마음을 설명해 주십시오.","Looking at the changed will copy, account trail, and Mother's records together, the feeling that you should naturally receive more as the eldest son must also be examined. Mr. Yoon Tae-seong, explain that feeling.",変更された遺言書コピー、口座の流れ、母の記録をあわせて見ると、長男として当然もっと受け取るべきだという気持ちも問わなければなりません。ユン・テソンさん、その気持ちを説明してください。,把变更后的遗嘱副本、账户流水和母亲记录一起看，作为长子理应多拿的心态也必须被审视。尹泰成先生，请说明这份心态。,"Scripted text channel without party a/b as speaker: system, judge, witness, dossier, mediation, aftermath, and milestone copy."
non_party_scripted_text_src_data_scriptedText_family-01_channels_judge_evidence_combo_.entries_dc-5.a.q1_soft_.variants_judgeec-dc-5-a-q1-soft-v2_.behaviorHint,non_party_scripted_text,src/data/scriptedText,family-01,channels[judge_evidence_combo].entries[dc-5.a.q1|soft].variants[judgeec-dc-5-a-q1-soft-v2].behaviorHint,재판관이 어머니의 뜻 콤보를 차분히 제시한다. 증거의 연결을 먼저 설명하게 하는 톤이다.,The Judge calmly presents the Mother's Wishes combo. Tone first asks for the evidence links to be explained.,裁判官が母の意思コンボを落ち着いて提示する。証拠のつながりを先に説明させるトーン。,法官冷静提出母亲意愿组合。语气先要求说明证据之间的关联。,"Scripted text channel without party a/b as speaker: system, judge, witness, dossier, mediation, aftermath, and milestone copy."
non_party_scripted_text_src_data_scriptedText_family-01_channels_judge_evidence_combo_.entries_dc-5.a.q1_soft_.variants_judgeec-dc-5-a-q1-soft-v2_.text,non_party_scripted_text,src/data/scriptedText,family-01,channels[judge_evidence_combo].entries[dc-5.a.q1|soft].variants[judgeec-dc-5-a-q1-soft-v2].text,"유서 사본은 윤태성 씨의 상처를 보이지만, 계좌 흐름은 돈의 출처를 다시 묻게 합니다. 윤태성 씨, 장남이라는 기준을 어떻게 보십니까.","The will copy shows Mr. Yoon Tae-seong's wound, but the account trail makes the source of the money a question again. Mr. Yoon Tae-seong, how do you view the standard of being the eldest son?",遺言書コピーはユン・テソンさんの傷を示しますが、口座の流れはお金の出所を改めて問わせます。ユン・テソンさん、長男という基準をどう見ていますか。,遗嘱副本显示尹泰成先生的伤口，但账户流水让钱的来源重新成为问题。尹泰成先生，您怎么看长子这个标准？,"Scripted text channel without party a/b as speaker: system, judge, witness, dossier, mediation, aftermath, and milestone copy."
non_party_scripted_text_src_data_scriptedText_family-01_channels_judge_evidence_combo_.entries_dc-5.a.q1_soft_.variants_judgeec-dc-5-a-q1-soft-v3_.behaviorHint,non_party_scripted_text,src/data/scriptedText,family-01,channels[judge_evidence_combo].entries[dc-5.a.q1|soft].variants[judgeec-dc-5-a-q1-soft-v3].behaviorHint,재판관이 어머니의 뜻 콤보를 차분히 제시한다. 증거의 연결을 먼저 설명하게 하는 톤이다.,The Judge calmly presents the Mother's Wishes combo. Tone first asks for the evidence links to be explained.,裁判官が母の意思コンボを落ち着いて提示する。証拠のつながりを先に説明させるトーン。,法官冷静提出母亲意愿组合。语气先要求说明证据之间的关联。,"Scripted text channel without party a/b as speaker: system, judge, witness, dossier, mediation, aftermath, and milestone copy."
non_party_scripted_text_src_data_scriptedText_family-01_channels_judge_evidence_combo_.entries_dc-5.a.q1_soft_.variants_judgeec-dc-5-a-q1-soft-v3_.text,non_party_scripted_text,src/data/scriptedText,family-01,channels[judge_evidence_combo].entries[dc-5.a.q1|soft].variants[judgeec-dc-5-a-q1-soft-v3].text,계좌 흐름과 어머니 기록을 붙이면 윤태성 씨가 몰랐던 사정이 보입니다. 그래도 본인 돌봄이 먼저였다고 보십니까.,"When the account trail and Mother's records are added, circumstances Mr. Yoon Tae-seong did not know become visible. Do you still believe your caregiving came first?",口座の流れと母の記録を合わせると、ユン・テソンさんが知らなかった事情が見えます。それでも自分の介護が先だったと見ますか。,加上账户流水和母亲记录，就能看到尹泰成先生不知道的情况。即便如此，您仍认为自己的照护优先吗？,"Scripted text channel without party a/b as speaker: system, judge, witness, dossier, mediation, aftermath, and milestone copy."
non_party_scripted_text_src_data_scriptedText_family-01_channels_judge_evidence_combo_.entries_dc-5.a.q1_soft_.variants_judgeec-dc-5-a-q1-soft-v4_.behaviorHint,non_party_scripted_text,src/data/scriptedText,family-01,channels[judge_evidence_combo].entries[dc-5.a.q1|soft].variants[judgeec-dc-5-a-q1-soft-v4].behaviorHint,재판관이 어머니의 뜻 콤보를 차분히 제시한다. 증거의 연결을 먼저 설명하게 하는 톤이다.,The Judge calmly presents the Mother's Wishes combo. Tone first asks for the evidence links to be explained.,裁判官が母の意思コンボを落ち着いて提示する。証拠のつながりを先に説明させるトーン。,法官冷静提出母亲意愿组合。语气先要求说明证据之间的关联。,"Scripted text channel without party a/b as speaker: system, judge, witness, dossier, mediation, aftermath, and milestone copy."
non_party_scripted_text_src_data_scriptedText_family-01_channels_judge_evidence_combo_.entries_dc-5.a.q1_soft_.variants_judgeec-dc-5-a-q1-soft-v4_.text,non_party_scripted_text,src/data/scriptedText,family-01,channels[judge_evidence_combo].entries[dc-5.a.q1|soft].variants[judgeec-dc-5-a-q1-soft-v4].text,"유서 사본, 계좌 흐름, 어머니 기록은 어머니 뜻을 서로 다르게 읽은 두 사람을 보여 줍니다. 윤태성 씨, 본인 기준을 말씀해 주십시오.","The will copy, account trail, and Mother's records show two people reading Mother's wishes differently. Mr. Yoon Tae-seong, state your standard.",遺言書コピー、口座の流れ、母の記録は、母の意思を互いに違って読んだ二人を示しています。ユン・テソンさん、ご自身の基準を話してください。,遗嘱副本、账户流水和母亲记录显示，两个人以不同方式理解了母亲的意愿。尹泰成先生，请说明您的标准。,"Scripted text channel without party a/b as speaker: system, judge, witness, dossier, mediation, aftermath, and milestone copy."
non_party_scripted_text_src_data_scriptedText_family-01_channels_judge_evidence_combo_.entries_dc-5.a.q1_soft_.variants_judgeec-dc-5-a-q1-soft-v5_.behaviorHint,non_party_scripted_text,src/data/scriptedText,family-01,channels[judge_evidence_combo].entries[dc-5.a.q1|soft].variants[judgeec-dc-5-a-q1-soft-v5].behaviorHint,재판관이 어머니의 뜻 콤보를 차분히 제시한다. 증거의 연결을 먼저 설명하게 하는 톤이다.,The Judge calmly presents the Mother's Wishes combo. Tone first asks for the evidence links to be explained.,裁判官が母の意思コンボを落ち着いて提示する。証拠のつながりを先に説明させるトーン。,法官冷静提出母亲意愿组合。语气先要求说明证据之间的关联。,"Scripted text channel without party a/b as speaker: system, judge, witness, dossier, mediation, aftermath, and milestone copy."
non_party_scripted_text_src_data_scriptedText_family-01_channels_judge_evidence_combo_.entries_dc-5.a.q1_soft_.variants_judgeec-dc-5-a-q1-soft-v5_.text,non_party_scripted_text,src/data/scriptedText,family-01,channels[judge_evidence_combo].entries[dc-5.a.q1|soft].variants[judgeec-dc-5-a-q1-soft-v5].text,"윤태성 씨, 변경된 유서를 보고 느낀 억울함과 계좌 흐름이 보여 주는 사실을 함께 봐야 합니다. 장남이라는 마음을 정리해 주십시오.","Mr. Yoon Tae-seong, the unfairness you felt after seeing the changed will and the facts shown by the account trail must be viewed together. Sort out the feeling of being the eldest son.",ユン・テソンさん、変更された遺言書を見て感じた悔しさと、口座の流れが示す事実を一緒に見なければなりません。長男という気持ちを整理してください。,尹泰成先生，看到被更改遗嘱后感到的委屈，必须和账户流水显示的事实一起看。请整理长子这份心情。,"Scripted text channel without party a/b as speaker: system, judge, witness, dossier, mediation, aftermath, and milestone copy."
non_party_scripted_text_src_data_scriptedText_family-01_channels_judge_evidence_combo_.entries_dc-5.b.q1_hard_.variants_judgeec-dc-5-b-q1-hard-v1_.behaviorHint,non_party_scripted_text,src/data/scriptedText,family-01,channels[judge_evidence_combo].entries[dc-5.b.q1|hard].variants[judgeec-dc-5-b-q1-hard-v1].behaviorHint,재판관이 어머니의 뜻 콤보를 근거로 즉답을 요구한다. 회피를 끊는 톤이다.,The Judge demands an immediate answer based on the Mother's Wishes combo. Tone cuts off evasion.,裁判官が母の意思コンボを根拠に即答を求める。回避を断ち切るトーン。,法官以母亲意愿组合为依据要求立即回答。语气切断回避。,"Scripted text channel without party a/b as speaker: system, judge, witness, dossier, mediation, aftermath, and milestone copy."
non_party_scripted_text_src_data_scriptedText_family-01_channels_judge_evidence_combo_.entries_dc-5.b.q1_hard_.variants_judgeec-dc-5-b-q1-hard-v1_.text,non_party_scripted_text,src/data/scriptedText,family-01,channels[judge_evidence_combo].entries[dc-5.b.q1|hard].variants[judgeec-dc-5-b-q1-hard-v1].text,"윤정후 씨, 어머니 기록과 계좌 흐름이 이유를 보여 줘도 문서에 손댄 책임은 없어지지 않습니다. 그 책임을 지금 인정해 주십시오.","Mr. Yoon Jeong-hu, even if Mother's records and the account trail show your reason, they do not erase responsibility for touching the document. Acknowledge that responsibility now.",ユン・ジョンフさん、母の記録と口座の流れが理由を示しても、文書に手を加えた責任は消えません。その責任を今認めてください。,尹正厚先生，即使母亲记录和账户流水显示了理由，也不会抹去动过文件的责任。现在请承认这份责任。,"Scripted text channel without party a/b as speaker: system, judge, witness, dossier, mediation, aftermath, and milestone copy."
non_party_scripted_text_src_data_scriptedText_family-01_channels_judge_evidence_combo_.entries_dc-5.b.q1_hard_.variants_judgeec-dc-5-b-q1-hard-v2_.behaviorHint,non_party_scripted_text,src/data/scriptedText,family-01,channels[judge_evidence_combo].entries[dc-5.b.q1|hard].variants[judgeec-dc-5-b-q1-hard-v2].behaviorHint,재판관이 어머니의 뜻 콤보를 근거로 즉답을 요구한다. 회피를 끊는 톤이다.,The Judge demands an immediate answer based on the Mother's Wishes combo. Tone cuts off evasion.,裁判官が母の意思コンボを根拠に即答を求める。回避を断ち切るトーン。,法官以母亲意愿组合为依据要求立即回答。语气切断回避。,"Scripted text channel without party a/b as speaker: system, judge, witness, dossier, mediation, aftermath, and milestone copy."
non_party_scripted_text_src_data_scriptedText_family-01_channels_judge_evidence_combo_.entries_dc-5.b.q1_hard_.variants_judgeec-dc-5-b-q1-hard-v2_.text,non_party_scripted_text,src/data/scriptedText,family-01,channels[judge_evidence_combo].entries[dc-5.b.q1|hard].variants[judgeec-dc-5-b-q1-hard-v2].text,"보호라는 말로 변경된 유서를 덮을 수 없습니다. 윤정후 씨, 세 자료 앞에서 어머니 뜻을 고친 사람으로 답해 주십시오.","The changed will cannot be covered by the word ""protection."" Mr. Yoon Jeong-hu, in front of the three materials, answer as the person who changed Mother's wishes.",保護という言葉で変更された遺言書を覆うことはできません。ユン・ジョンフさん、三つの資料の前で、母の意思を変えた人として答えてください。,不能用“保护”这个词盖过被更改的遗嘱。尹正厚先生，请面对三份资料，以改动母亲意愿的人身份作答。,"Scripted text channel without party a/b as speaker: system, judge, witness, dossier, mediation, aftermath, and milestone copy."
non_party_scripted_text_src_data_scriptedText_family-01_channels_judge_evidence_combo_.entries_dc-5.b.q1_hard_.variants_judgeec-dc-5-b-q1-hard-v3_.behaviorHint,non_party_scripted_text,src/data/scriptedText,family-01,channels[judge_evidence_combo].entries[dc-5.b.q1|hard].variants[judgeec-dc-5-b-q1-hard-v3].behaviorHint,재판관이 어머니의 뜻 콤보를 근거로 즉답을 요구한다. 회피를 끊는 톤이다.,The Judge demands an immediate answer based on the Mother's Wishes combo. Tone cuts off evasion.,裁判官が母の意思コンボを根拠に即答を求める。回避を断ち切るトーン。,法官以母亲意愿组合为依据要求立即回答。语气切断回避。,"Scripted text channel without party a/b as speaker: system, judge, witness, dossier, mediation, aftermath, and milestone copy."
non_party_scripted_text_src_data_scriptedText_family-01_channels_judge_evidence_combo_.entries_dc-5.b.q1_hard_.variants_judgeec-dc-5-b-q1-hard-v3_.text,non_party_scripted_text,src/data/scriptedText,family-01,channels[judge_evidence_combo].entries[dc-5.b.q1|hard].variants[judgeec-dc-5-b-q1-hard-v3].text,"윤정후 씨, 윤태성 씨를 지키려 했다는 이유가 위조의 선을 지워 주지는 않습니다. 무엇을 책임질 수 있는지 명확히 말씀해 주십시오.","Mr. Yoon Jeong-hu, the reason that you tried to protect Mr. Yoon Tae-seong does not erase the line of forgery. State clearly what you can take responsibility for.",ユン・ジョンフさん、ユン・テソンさんを守ろうとした理由が、偽造の線を消してくれるわけではありません。何に責任を取れるのか、明確に話してください。,尹正厚先生，您试图保护尹泰成先生的理由，并不能抹去伪造的界线。请明确说明您能承担什么责任。,"Scripted text channel without party a/b as speaker: system, judge, witness, dossier, mediation, aftermath, and milestone copy."
non_party_scripted_text_src_data_scriptedText_family-01_channels_judge_evidence_combo_.entries_dc-5.b.q1_hard_.variants_judgeec-dc-5-b-q1-hard-v4_.behaviorHint,non_party_scripted_text,src/data/scriptedText,family-01,channels[judge_evidence_combo].entries[dc-5.b.q1|hard].variants[judgeec-dc-5-b-q1-hard-v4].behaviorHint,재판관이 어머니의 뜻 콤보를 근거로 즉답을 요구한다. 회피를 끊는 톤이다.,The Judge demands an immediate answer based on the Mother's Wishes combo. Tone cuts off evasion.,裁判官が母の意思コンボを根拠に即答を求める。回避を断ち切るトーン。,法官以母亲意愿组合为依据要求立即回答。语气切断回避。,"Scripted text channel without party a/b as speaker: system, judge, witness, dossier, mediation, aftermath, and milestone copy."
non_party_scripted_text_src_data_scriptedText_family-01_channels_judge_evidence_combo_.entries_dc-5.b.q1_hard_.variants_judgeec-dc-5-b-q1-hard-v4_.text,non_party_scripted_text,src/data/scriptedText,family-01,channels[judge_evidence_combo].entries[dc-5.b.q1|hard].variants[judgeec-dc-5-b-q1-hard-v4].text,"계좌 흐름과 어머니 기록은 동기를 보탤 뿐입니다. 유서 사본은 결과를 말합니다. 윤정후 씨, 그 결과를 떠안아야 합니다.","The account trail and Mother's records only add motive. The will copy states the result. Mr. Yoon Jeong-hu, you must bear that result.",口座の流れと母の記録は動機を補うだけです。遺言書コピーは結果を語っています。ユン・ジョンフさん、その結果を引き受けなければなりません。,账户流水和母亲记录只是补充动机。遗嘱副本说明的是结果。尹正厚先生，您必须承担这个结果。,"Scripted text channel without party a/b as speaker: system, judge, witness, dossier, mediation, aftermath, and milestone copy."
non_party_scripted_text_src_data_scriptedText_family-01_channels_judge_evidence_combo_.entries_dc-5.b.q1_hard_.variants_judgeec-dc-5-b-q1-hard-v5_.behaviorHint,non_party_scripted_text,src/data/scriptedText,family-01,channels[judge_evidence_combo].entries[dc-5.b.q1|hard].variants[judgeec-dc-5-b-q1-hard-v5].behaviorHint,재판관이 어머니의 뜻 콤보를 근거로 즉답을 요구한다. 회피를 끊는 톤이다.,The Judge demands an immediate answer based on the Mother's Wishes combo. Tone cuts off evasion.,裁判官が母の意思コンボを根拠に即答を求める。回避を断ち切るトーン。,法官以母亲意愿组合为依据要求立即回答。语气切断回避。,"Scripted text channel without party a/b as speaker: system, judge, witness, dossier, mediation, aftermath, and milestone copy."
non_party_scripted_text_src_data_scriptedText_family-01_channels_judge_evidence_combo_.entries_dc-5.b.q1_hard_.variants_judgeec-dc-5-b-q1-hard-v5_.text,non_party_scripted_text,src/data/scriptedText,family-01,channels[judge_evidence_combo].entries[dc-5.b.q1|hard].variants[judgeec-dc-5-b-q1-hard-v5].text,"윤정후 씨, 어머니 뜻은 보호 명분 아래 다시 쓰일 수 없습니다. 세 자료가 남긴 책임을 지금 답해 주십시오.","Mr. Yoon Jeong-hu, Mother's wishes cannot be rewritten under the reason of protection. Answer now for the responsibility left by the three materials.",ユン・ジョンフさん、母の意思は保護の名分の下で書き直されてよいものではありません。三つの資料が残した責任を今答えてください。,尹正厚先生，母亲的意愿不能在保护名义下被重新书写。请回答三份资料留下的责任。,"Scripted text channel without party a/b as speaker: system, judge, witness, dossier, mediation, aftermath, and milestone copy."
non_party_scripted_text_src_data_scriptedText_family-01_channels_judge_evidence_combo_.entries_dc-5.b.q1_mid_.variants_judgeec-dc-5-b-q1-mid-v1_.behaviorHint,non_party_scripted_text,src/data/scriptedText,family-01,channels[judge_evidence_combo].entries[dc-5.b.q1|mid].variants[judgeec-dc-5-b-q1-mid-v1].behaviorHint,재판관이 어머니의 뜻 콤보의 방향을 분명히 짚는다. 더 미루지 못하게 하는 톤이다.,The Judge clearly points out the direction of the Mother's Wishes combo. Tone leaves no room to postpone.,裁判官が母の意思コンボの方向を明確に指摘する。これ以上先送りできないようにするトーン。,法官明确指出母亲意愿组合的方向。语气让对方无法再拖延。,"Scripted text channel without party a/b as speaker: system, judge, witness, dossier, mediation, aftermath, and milestone copy."
non_party_scripted_text_src_data_scriptedText_family-01_channels_judge_evidence_combo_.entries_dc-5.b.q1_mid_.variants_judgeec-dc-5-b-q1-mid-v1_.text,non_party_scripted_text,src/data/scriptedText,family-01,channels[judge_evidence_combo].entries[dc-5.b.q1|mid].variants[judgeec-dc-5-b-q1-mid-v1].text,"윤정후 씨, 자필 연습본은 윤정후 씨 쪽에 90으로 기울었고 공증본은 윤정후 씨 60, 윤태성 씨 40으로 바뀌었습니다. 보호와 책임을 분리해 답해 주십시오.","Mr. Yoon Jeong-hu, the handwritten draft leaned toward you at 90, and the notarized copy changed it to 60 for you and 40 for Mr. Yoon Tae-seong. Separate protection from responsibility and answer.",ユン・ジョンフさん、自筆下書きはユン・ジョンフさん側に90で傾き、公証本はユン・ジョンフさん60、ユン・テソンさん40へ変わりました。保護と責任を分けて答えてください。,尹正厚先生，亲笔草稿偏向您为90，公证本变成您60、尹泰成先生40。请把保护和责任分开回答。,"Scripted text channel without party a/b as speaker: system, judge, witness, dossier, mediation, aftermath, and milestone copy."
non_party_scripted_text_src_data_scriptedText_family-01_channels_judge_evidence_combo_.entries_dc-5.b.q1_mid_.variants_judgeec-dc-5-b-q1-mid-v2_.behaviorHint,non_party_scripted_text,src/data/scriptedText,family-01,channels[judge_evidence_combo].entries[dc-5.b.q1|mid].variants[judgeec-dc-5-b-q1-mid-v2].behaviorHint,재판관이 어머니의 뜻 콤보의 방향을 분명히 짚는다. 더 미루지 못하게 하는 톤이다.,The Judge clearly points out the direction of the Mother's Wishes combo. Tone leaves no room to postpone.,裁判官が母の意思コンボの方向を明確に指摘する。これ以上先送りできないようにするトーン。,法官明确指出母亲意愿组合的方向。语气让对方无法再拖延。,"Scripted text channel without party a/b as speaker: system, judge, witness, dossier, mediation, aftermath, and milestone copy."
non_party_scripted_text_src_data_scriptedText_family-01_channels_judge_evidence_combo_.entries_dc-5.b.q1_mid_.variants_judgeec-dc-5-b-q1-mid-v2_.text,non_party_scripted_text,src/data/scriptedText,family-01,channels[judge_evidence_combo].entries[dc-5.b.q1|mid].variants[judgeec-dc-5-b-q1-mid-v2].text,"세 자료가 함께 놓이면 윤정후 씨의 선의만 볼 수도, 위조만 볼 수도 없습니다. 그래도 어머니 뜻을 고친 사람은 누구입니까.","When the three materials are placed together, we cannot look only at Mr. Yoon Jeong-hu's good intent, nor only at forgery. Still, who changed Mother's wishes?",三つの資料が一緒に置かれると、ユン・ジョンフさんの善意だけを見ることも、偽造だけを見ることもできません。それでも、母の意思を変えた人は誰ですか。,三份资料放在一起，就不能只看尹正厚先生的善意，也不能只看伪造。即便如此，改动母亲意愿的人是谁？,"Scripted text channel without party a/b as speaker: system, judge, witness, dossier, mediation, aftermath, and milestone copy."
non_party_scripted_text_src_data_scriptedText_family-01_channels_judge_evidence_combo_.entries_dc-5.b.q1_mid_.variants_judgeec-dc-5-b-q1-mid-v3_.behaviorHint,non_party_scripted_text,src/data/scriptedText,family-01,channels[judge_evidence_combo].entries[dc-5.b.q1|mid].variants[judgeec-dc-5-b-q1-mid-v3].behaviorHint,재판관이 어머니의 뜻 콤보의 방향을 분명히 짚는다. 더 미루지 못하게 하는 톤이다.,The Judge clearly points out the direction of the Mother's Wishes combo. Tone leaves no room to postpone.,裁判官が母の意思コンボの方向を明確に指摘する。これ以上先送りできないようにするトーン。,法官明确指出母亲意愿组合的方向。语气让对方无法再拖延。,"Scripted text channel without party a/b as speaker: system, judge, witness, dossier, mediation, aftermath, and milestone copy."
non_party_scripted_text_src_data_scriptedText_family-01_channels_judge_evidence_combo_.entries_dc-5.b.q1_mid_.variants_judgeec-dc-5-b-q1-mid-v3_.text,non_party_scripted_text,src/data/scriptedText,family-01,channels[judge_evidence_combo].entries[dc-5.b.q1|mid].variants[judgeec-dc-5-b-q1-mid-v3].text,어머니 기록이 윤정후 씨의 두려움을 보여 주더라도 변경된 유서는 윤정후 씨의 행위입니다. 그 선을 명확히 하십시오.,"Even if Mother's records show Mr. Yoon Jeong-hu's fear, the changed will is Mr. Yoon Jeong-hu's act. Make that line clear.",母の記録がユン・ジョンフさんの恐れを示していても、変更された遺言書はユン・ジョンフさんの行為です。その線を明確にしてください。,即使母亲记录显示尹正厚先生的恐惧，被更改的遗嘱仍是尹正厚先生的行为。请把这条线说清楚。,"Scripted text channel without party a/b as speaker: system, judge, witness, dossier, mediation, aftermath, and milestone copy."
non_party_scripted_text_src_data_scriptedText_family-01_channels_judge_evidence_combo_.entries_dc-5.b.q1_mid_.variants_judgeec-dc-5-b-q1-mid-v4_.behaviorHint,non_party_scripted_text,src/data/scriptedText,family-01,channels[judge_evidence_combo].entries[dc-5.b.q1|mid].variants[judgeec-dc-5-b-q1-mid-v4].behaviorHint,재판관이 어머니의 뜻 콤보의 방향을 분명히 짚는다. 더 미루지 못하게 하는 톤이다.,The Judge clearly points out the direction of the Mother's Wishes combo. Tone leaves no room to postpone.,裁判官が母の意思コンボの方向を明確に指摘する。これ以上先送りできないようにするトーン。,法官明确指出母亲意愿组合的方向。语气让对方无法再拖延。,"Scripted text channel without party a/b as speaker: system, judge, witness, dossier, mediation, aftermath, and milestone copy."
non_party_scripted_text_src_data_scriptedText_family-01_channels_judge_evidence_combo_.entries_dc-5.b.q1_mid_.variants_judgeec-dc-5-b-q1-mid-v4_.text,non_party_scripted_text,src/data/scriptedText,family-01,channels[judge_evidence_combo].entries[dc-5.b.q1|mid].variants[judgeec-dc-5-b-q1-mid-v4].text,"윤정후 씨, 윤태성 씨를 지키려 한 이유가 있었다면 더더욱 절차를 왜 넘었는지 설명해야 합니다. 지금 말해 주십시오.","Mr. Yoon Jeong-hu, if there was a reason to protect Mr. Yoon Tae-seong, you must explain even more why you crossed the procedure. Speak now.",ユン・ジョンフさん、ユン・テソンさんを守ろうとした理由があったなら、なおさらなぜ手続きを越えたのか説明しなければなりません。今話してください。,尹正厚先生，如果有保护尹泰成先生的理由，就更需要说明为什么越过程序。现在请说。,"Scripted text channel without party a/b as speaker: system, judge, witness, dossier, mediation, aftermath, and milestone copy."
non_party_scripted_text_src_data_scriptedText_family-01_channels_judge_evidence_combo_.entries_dc-5.b.q1_mid_.variants_judgeec-dc-5-b-q1-mid-v5_.behaviorHint,non_party_scripted_text,src/data/scriptedText,family-01,channels[judge_evidence_combo].entries[dc-5.b.q1|mid].variants[judgeec-dc-5-b-q1-mid-v5].behaviorHint,재판관이 어머니의 뜻 콤보의 방향을 분명히 짚는다. 더 미루지 못하게 하는 톤이다.,The Judge clearly points out the direction of the Mother's Wishes combo. Tone leaves no room to postpone.,裁判官が母の意思コンボの方向を明確に指摘する。これ以上先送りできないようにするトーン。,法官明确指出母亲意愿组合的方向。语气让对方无法再拖延。,"Scripted text channel without party a/b as speaker: system, judge, witness, dossier, mediation, aftermath, and milestone copy."
non_party_scripted_text_src_data_scriptedText_family-01_channels_judge_evidence_combo_.entries_dc-5.b.q1_mid_.variants_judgeec-dc-5-b-q1-mid-v5_.text,non_party_scripted_text,src/data/scriptedText,family-01,channels[judge_evidence_combo].entries[dc-5.b.q1|mid].variants[judgeec-dc-5-b-q1-mid-v5].text,"유서 사본, 계좌 흐름, 어머니 기록이 한자리에서 묻고 있습니다. 윤정후 씨, 보호 명분이 위조 책임을 어디까지 줄인다고 보십니까.","The will copy, account trail, and Mother's records are asking in one place. Mr. Yoon Jeong-hu, how far do you think the protective reason reduces responsibility for forgery?",遺言書コピー、口座の流れ、母の記録が一つの場で問うています。ユン・ジョンフさん、保護の名分が偽造責任をどこまで減らすと見ますか。,遗嘱副本、账户流水和母亲记录在同一处追问。尹正厚先生，您认为保护理由能在多大程度上减轻伪造责任？,"Scripted text channel without party a/b as speaker: system, judge, witness, dossier, mediation, aftermath, and milestone copy."
non_party_scripted_text_src_data_scriptedText_family-01_channels_judge_evidence_combo_.entries_dc-5.b.q1_soft_.variants_judgeec-dc-5-b-q1-soft-v1_.behaviorHint,non_party_scripted_text,src/data/scriptedText,family-01,channels[judge_evidence_combo].entries[dc-5.b.q1|soft].variants[judgeec-dc-5-b-q1-soft-v1].behaviorHint,재판관이 어머니의 뜻 콤보를 차분히 제시한다. 증거의 연결을 먼저 설명하게 하는 톤이다.,The Judge calmly presents the Mother's Wishes combo. Tone first asks for the evidence links to be explained.,裁判官が母の意思コンボを落ち着いて提示する。証拠のつながりを先に説明させるトーン。,法官冷静提出母亲意愿组合。语气先要求说明证据之间的关联。,"Scripted text channel without party a/b as speaker: system, judge, witness, dossier, mediation, aftermath, and milestone copy."
non_party_scripted_text_src_data_scriptedText_family-01_channels_judge_evidence_combo_.entries_dc-5.b.q1_soft_.variants_judgeec-dc-5-b-q1-soft-v1_.text,non_party_scripted_text,src/data/scriptedText,family-01,channels[judge_evidence_combo].entries[dc-5.b.q1|soft].variants[judgeec-dc-5-b-q1-soft-v1].text,"변경된 유서 사본과 계좌 흐름, 어머니 기록을 함께 보면 윤정후 씨의 보호 명분과 유서 수정 책임이 함께 보입니다. 윤정후 씨, 둘을 나누어 말씀해 주십시오.","Viewed together, the changed will copy, account trail, and Mother's records show both Mr. Yoon Jeong-hu's protective reason and his responsibility for revising the will. Mr. Yoon Jeong-hu, speak about them separately.",変更された遺言書コピー、口座の流れ、母の記録をあわせて見ると、ユン・ジョンフさんの保護の名分と遺言書修正の責任が共に見えます。ユン・ジョンフさん、二つを分けて話してください。,把被更改的遗嘱副本、账户流水和母亲记录一起看，可以看到尹正厚先生的保护理由和修改遗嘱的责任。尹正厚先生，请分别说明两者。,"Scripted text channel without party a/b as speaker: system, judge, witness, dossier, mediation, aftermath, and milestone copy."
non_party_scripted_text_src_data_scriptedText_family-01_channels_judge_evidence_combo_.entries_dc-5.b.q1_soft_.variants_judgeec-dc-5-b-q1-soft-v2_.behaviorHint,non_party_scripted_text,src/data/scriptedText,family-01,channels[judge_evidence_combo].entries[dc-5.b.q1|soft].variants[judgeec-dc-5-b-q1-soft-v2].behaviorHint,재판관이 어머니의 뜻 콤보를 차분히 제시한다. 증거의 연결을 먼저 설명하게 하는 톤이다.,The Judge calmly presents the Mother's Wishes combo. Tone first asks for the evidence links to be explained.,裁判官が母の意思コンボを落ち着いて提示する。証拠のつながりを先に説明させるトーン。,法官冷静提出母亲意愿组合。语气先要求说明证据之间的关联。,"Scripted text channel without party a/b as speaker: system, judge, witness, dossier, mediation, aftermath, and milestone copy."
non_party_scripted_text_src_data_scriptedText_family-01_channels_judge_evidence_combo_.entries_dc-5.b.q1_soft_.variants_judgeec-dc-5-b-q1-soft-v2_.text,non_party_scripted_text,src/data/scriptedText,family-01,channels[judge_evidence_combo].entries[dc-5.b.q1|soft].variants[judgeec-dc-5-b-q1-soft-v2].text,"어머니 기록과 계좌 흐름은 윤정후 씨의 이유를 보여 주지만, 유서 사본은 손댄 결과를 보여 줍니다. 윤정후 씨, 책임을 어떻게 보십니까.","Mother's records and the account trail show Mr. Yoon Jeong-hu's reason, but the will copy shows the result of touching the document. Mr. Yoon Jeong-hu, how do you see your responsibility?",母の記録と口座の流れはユン・ジョンフさんの理由を示しますが、遺言書コピーは手を加えた結果を示します。ユン・ジョンフさん、責任をどう見ていますか。,母亲记录和账户流水显示尹正厚先生的理由，但遗嘱副本显示动过文件的结果。尹正厚先生，您如何看待责任？,"Scripted text channel without party a/b as speaker: system, judge, witness, dossier, mediation, aftermath, and milestone copy."
non_party_scripted_text_src_data_scriptedText_family-01_channels_judge_evidence_combo_.entries_dc-5.b.q1_soft_.variants_judgeec-dc-5-b-q1-soft-v3_.behaviorHint,non_party_scripted_text,src/data/scriptedText,family-01,channels[judge_evidence_combo].entries[dc-5.b.q1|soft].variants[judgeec-dc-5-b-q1-soft-v3].behaviorHint,재판관이 어머니의 뜻 콤보를 차분히 제시한다. 증거의 연결을 먼저 설명하게 하는 톤이다.,The Judge calmly presents the Mother's Wishes combo. Tone first asks for the evidence links to be explained.,裁判官が母の意思コンボを落ち着いて提示する。証拠のつながりを先に説明させるトーン。,法官冷静提出母亲意愿组合。语气先要求说明证据之间的关联。,"Scripted text channel without party a/b as speaker: system, judge, witness, dossier, mediation, aftermath, and milestone copy."
non_party_scripted_text_src_data_scriptedText_family-01_channels_judge_evidence_combo_.entries_dc-5.b.q1_soft_.variants_judgeec-dc-5-b-q1-soft-v3_.text,non_party_scripted_text,src/data/scriptedText,family-01,channels[judge_evidence_combo].entries[dc-5.b.q1|soft].variants[judgeec-dc-5-b-q1-soft-v3].text,"세 자료를 함께 보면 윤정후 씨가 왜 숨겼는지는 보이지만, 어머니 뜻을 고친 사실도 남습니다. 그 부분을 설명해 주십시오.","The three materials show why Mr. Yoon Jeong-hu hid it, but they also leave the fact that Mother's wishes were changed. Explain that part.",三つの資料をあわせて見ると、ユン・ジョンフさんがなぜ隠したのかは見えますが、母の意思を変えた事実も残ります。その部分を説明してください。,三份资料一起看，可以看见尹正厚先生为什么隐瞒，但改动母亲意愿的事实仍然存在。请说明这一部分。,"Scripted text channel without party a/b as speaker: system, judge, witness, dossier, mediation, aftermath, and milestone copy."
non_party_scripted_text_src_data_scriptedText_family-01_channels_judge_evidence_combo_.entries_dc-5.b.q1_soft_.variants_judgeec-dc-5-b-q1-soft-v4_.behaviorHint,non_party_scripted_text,src/data/scriptedText,family-01,channels[judge_evidence_combo].entries[dc-5.b.q1|soft].variants[judgeec-dc-5-b-q1-soft-v4].behaviorHint,재판관이 어머니의 뜻 콤보를 차분히 제시한다. 증거의 연결을 먼저 설명하게 하는 톤이다.,The Judge calmly presents the Mother's Wishes combo. Tone first asks for the evidence links to be explained.,裁判官が母の意思コンボを落ち着いて提示する。証拠のつながりを先に説明させるトーン。,法官冷静提出母亲意愿组合。语气先要求说明证据之间的关联。,"Scripted text channel without party a/b as speaker: system, judge, witness, dossier, mediation, aftermath, and milestone copy."
non_party_scripted_text_src_data_scriptedText_family-01_channels_judge_evidence_combo_.entries_dc-5.b.q1_soft_.variants_judgeec-dc-5-b-q1-soft-v4_.text,non_party_scripted_text,src/data/scriptedText,family-01,channels[judge_evidence_combo].entries[dc-5.b.q1|soft].variants[judgeec-dc-5-b-q1-soft-v4].text,"계좌 흐름은 오래된 부담을, 어머니 기록은 보호하려 한 이유를, 유서 사본은 변경된 결과를 보여 줍니다. 윤정후 씨, 답해 주십시오.","The account trail shows an old burden, Mother's records show the reason for protection, and the will copy shows the changed result. Mr. Yoon Jeong-hu, answer.",口座の流れは古い負担を、母の記録は守ろうとした理由を、遺言書コピーは変更された結果を示しています。ユン・ジョンフさん、答えてください。,账户流水显示长期负担，母亲记录显示想要保护的理由，遗嘱副本显示被更改的结果。尹正厚先生，请回答。,"Scripted text channel without party a/b as speaker: system, judge, witness, dossier, mediation, aftermath, and milestone copy."
non_party_scripted_text_src_data_scriptedText_family-01_channels_judge_evidence_combo_.entries_dc-5.b.q1_soft_.variants_judgeec-dc-5-b-q1-soft-v5_.behaviorHint,non_party_scripted_text,src/data/scriptedText,family-01,channels[judge_evidence_combo].entries[dc-5.b.q1|soft].variants[judgeec-dc-5-b-q1-soft-v5].behaviorHint,재판관이 어머니의 뜻 콤보를 차분히 제시한다. 증거의 연결을 먼저 설명하게 하는 톤이다.,The Judge calmly presents the Mother's Wishes combo. Tone first asks for the evidence links to be explained.,裁判官が母の意思コンボを落ち着いて提示する。証拠のつながりを先に説明させるトーン。,法官冷静提出母亲意愿组合。语气先要求说明证据之间的关联。,"Scripted text channel without party a/b as speaker: system, judge, witness, dossier, mediation, aftermath, and milestone copy."
non_party_scripted_text_src_data_scriptedText_family-01_channels_judge_evidence_combo_.entries_dc-5.b.q1_soft_.variants_judgeec-dc-5-b-q1-soft-v5_.text,non_party_scripted_text,src/data/scriptedText,family-01,channels[judge_evidence_combo].entries[dc-5.b.q1|soft].variants[judgeec-dc-5-b-q1-soft-v5].text,"윤정후 씨, 보호하려 했다는 말과 문서를 고친 책임은 동시에 남습니다. 세 자료를 앞에 두고 차분히 말씀해 주십시오.","Mr. Yoon Jeong-hu, both the statement that you tried to protect him and the responsibility for changing the document remain. With the three materials before you, speak calmly.",ユン・ジョンフさん、守ろうとしたという言葉と文書を変えた責任は同時に残ります。三つの資料を前にして、落ち着いて話してください。,尹正厚先生，您想保护他的说法和改动文件的责任同时存在。请面对三份资料，冷静说明。,"Scripted text channel without party a/b as speaker: system, judge, witness, dossier, mediation, aftermath, and milestone copy."
non_party_scripted_text_src_data_scriptedText_family-01_channels_judge_evidence_combo_.entries_dc-5.b.q2_hard_.variants_judgeec-dc-5-b-q2-hard-v1_.behaviorHint,non_party_scripted_text,src/data/scriptedText,family-01,channels[judge_evidence_combo].entries[dc-5.b.q2|hard].variants[judgeec-dc-5-b-q2-hard-v1].behaviorHint,재판관이 어머니의 뜻 콤보를 근거로 즉답을 요구한다. 회피를 끊는 톤이다.,The Judge demands an immediate answer based on the Mother's Wishes combo. Tone cuts off evasion.,裁判官が母の意思コンボを根拠に即答を求める。回避を断ち切るトーン。,法官以母亲意愿组合为依据要求立即回答。语气切断回避。,"Scripted text channel without party a/b as speaker: system, judge, witness, dossier, mediation, aftermath, and milestone copy."
non_party_scripted_text_src_data_scriptedText_family-01_channels_judge_evidence_combo_.entries_dc-5.b.q2_hard_.variants_judgeec-dc-5-b-q2-hard-v1_.text,non_party_scripted_text,src/data/scriptedText,family-01,channels[judge_evidence_combo].entries[dc-5.b.q2|hard].variants[judgeec-dc-5-b-q2-hard-v1].text,"두 분, 어머니 뜻은 한 사람의 분노나 한 사람의 보호 명분으로 다시 쓰일 수 없습니다. 세 자료 앞에서 각자 책임을 명확히 하십시오.","Both of you, Mother's wishes cannot be rewritten by one person's anger or one person's reason of protection. In front of the three materials, make each responsibility clear.",お二人、母の意思は一人の怒りや一人の保護の名分で書き直されるものではありません。三つの資料の前で、それぞれの責任を明確にしてください。,两位，母亲的意愿不能被一个人的愤怒或一个人的保护理由重新书写。请面对三份资料，明确各自责任。,"Scripted text channel without party a/b as speaker: system, judge, witness, dossier, mediation, aftermath, and milestone copy."
non_party_scripted_text_src_data_scriptedText_family-01_channels_judge_evidence_combo_.entries_dc-5.b.q2_hard_.variants_judgeec-dc-5-b-q2-hard-v2_.behaviorHint,non_party_scripted_text,src/data/scriptedText,family-01,channels[judge_evidence_combo].entries[dc-5.b.q2|hard].variants[judgeec-dc-5-b-q2-hard-v2].behaviorHint,재판관이 어머니의 뜻 콤보를 근거로 즉답을 요구한다. 회피를 끊는 톤이다.,The Judge demands an immediate answer based on the Mother's Wishes combo. Tone cuts off evasion.,裁判官が母の意思コンボを根拠に即答を求める。回避を断ち切るトーン。,法官以母亲意愿组合为依据要求立即回答。语气切断回避。,"Scripted text channel without party a/b as speaker: system, judge, witness, dossier, mediation, aftermath, and milestone copy."
non_party_scripted_text_src_data_scriptedText_family-01_channels_judge_evidence_combo_.entries_dc-5.b.q2_hard_.variants_judgeec-dc-5-b-q2-hard-v2_.text,non_party_scripted_text,src/data/scriptedText,family-01,channels[judge_evidence_combo].entries[dc-5.b.q2|hard].variants[judgeec-dc-5-b-q2-hard-v2].text,"유서 사본과 계좌 흐름, 어머니 기록은 두 사람 모두에게 묻고 있습니다. 누가 무엇을 숨기고 무엇을 단정했는지 지금 답해 주십시오.","The will copy, account trail, and Mother's records are asking both of you. State now who hid what and who assumed what.",遺言書コピー、口座の流れ、母の記録は、お二人の双方に問うています。誰が何を隠し、何を断定したのか、今答えてください。,遗嘱副本、账户流水和母亲记录正在追问两位。现在请回答谁隐瞒了什么，谁断定了什么。,"Scripted text channel without party a/b as speaker: system, judge, witness, dossier, mediation, aftermath, and milestone copy."
non_party_scripted_text_src_data_scriptedText_family-01_channels_judge_evidence_combo_.entries_dc-5.b.q2_hard_.variants_judgeec-dc-5-b-q2-hard-v3_.behaviorHint,non_party_scripted_text,src/data/scriptedText,family-01,channels[judge_evidence_combo].entries[dc-5.b.q2|hard].variants[judgeec-dc-5-b-q2-hard-v3].behaviorHint,재판관이 어머니의 뜻 콤보를 근거로 즉답을 요구한다. 회피를 끊는 톤이다.,The Judge demands an immediate answer based on the Mother's Wishes combo. Tone cuts off evasion.,裁判官が母の意思コンボを根拠に即答を求める。回避を断ち切るトーン。,法官以母亲意愿组合为依据要求立即回答。语气切断回避。,"Scripted text channel without party a/b as speaker: system, judge, witness, dossier, mediation, aftermath, and milestone copy."
non_party_scripted_text_src_data_scriptedText_family-01_channels_judge_evidence_combo_.entries_dc-5.b.q2_hard_.variants_judgeec-dc-5-b-q2-hard-v3_.text,non_party_scripted_text,src/data/scriptedText,family-01,channels[judge_evidence_combo].entries[dc-5.b.q2|hard].variants[judgeec-dc-5-b-q2-hard-v3].text,"두 분, 한쪽은 어머니 뜻을 고쳤고 다른 한쪽은 어머니 뜻을 자기 몫으로 해석했습니다. 그 사실을 피하지 말고 답해 주십시오.","Both of you, one side changed Mother's wishes, and the other interpreted Mother's wishes as his own share. Do not avoid that fact; answer.",お二人、一方は母の意思を変え、もう一方は母の意思を自分の取り分として解釈しました。その事実を避けずに答えてください。,两位，一方改动了母亲的意愿，另一方把母亲的意愿解读成自己的份额。请不要回避这个事实，回答。,"Scripted text channel without party a/b as speaker: system, judge, witness, dossier, mediation, aftermath, and milestone copy."
non_party_scripted_text_src_data_scriptedText_family-01_channels_judge_evidence_combo_.entries_dc-5.b.q2_hard_.variants_judgeec-dc-5-b-q2-hard-v4_.behaviorHint,non_party_scripted_text,src/data/scriptedText,family-01,channels[judge_evidence_combo].entries[dc-5.b.q2|hard].variants[judgeec-dc-5-b-q2-hard-v4].behaviorHint,재판관이 어머니의 뜻 콤보를 근거로 즉답을 요구한다. 회피를 끊는 톤이다.,The Judge demands an immediate answer based on the Mother's Wishes combo. Tone cuts off evasion.,裁判官が母の意思コンボを根拠に即答を求める。回避を断ち切るトーン。,法官以母亲意愿组合为依据要求立即回答。语气切断回避。,"Scripted text channel without party a/b as speaker: system, judge, witness, dossier, mediation, aftermath, and milestone copy."
non_party_scripted_text_src_data_scriptedText_family-01_channels_judge_evidence_combo_.entries_dc-5.b.q2_hard_.variants_judgeec-dc-5-b-q2-hard-v4_.text,non_party_scripted_text,src/data/scriptedText,family-01,channels[judge_evidence_combo].entries[dc-5.b.q2|hard].variants[judgeec-dc-5-b-q2-hard-v4].text,세 자료가 남긴 결론은 분명합니다. 어머니를 위한다는 말로 서로의 책임을 지울 수 없습니다. 지금 각자 인정해 주십시오.,"The conclusion left by the three materials is clear. Saying it was for Mother cannot erase each person's responsibility. Each of you, acknowledge it now.",三つの資料が残した結論は明確です。母のためという言葉で互いの責任を消すことはできません。今それぞれ認めてください。,三份资料留下的结论很明确。不能用“为了母亲”来抹去彼此的责任。现在请各自承认。,"Scripted text channel without party a/b as speaker: system, judge, witness, dossier, mediation, aftermath, and milestone copy."
non_party_scripted_text_src_data_scriptedText_family-01_channels_judge_evidence_combo_.entries_dc-5.b.q2_hard_.variants_judgeec-dc-5-b-q2-hard-v5_.behaviorHint,non_party_scripted_text,src/data/scriptedText,family-01,channels[judge_evidence_combo].entries[dc-5.b.q2|hard].variants[judgeec-dc-5-b-q2-hard-v5].behaviorHint,재판관이 어머니의 뜻 콤보를 근거로 즉답을 요구한다. 회피를 끊는 톤이다.,The Judge demands an immediate answer based on the Mother's Wishes combo. Tone cuts off evasion.,裁判官が母の意思コンボを根拠に即答を求める。回避を断ち切るトーン。,法官以母亲意愿组合为依据要求立即回答。语气切断回避。,"Scripted text channel without party a/b as speaker: system, judge, witness, dossier, mediation, aftermath, and milestone copy."
non_party_scripted_text_src_data_scriptedText_family-01_channels_judge_evidence_combo_.entries_dc-5.b.q2_hard_.variants_judgeec-dc-5-b-q2-hard-v5_.text,non_party_scripted_text,src/data/scriptedText,family-01,channels[judge_evidence_combo].entries[dc-5.b.q2|hard].variants[judgeec-dc-5-b-q2-hard-v5].text,"두 분, 이 사건은 유산 액수만의 문제가 아닙니다. 어머니 뜻 위에 각자의 두려움을 올린 책임을 지금 말해 주십시오.","Both of you, this case is not only about the size of the inheritance. State now your responsibility for placing your own fear over Mother's wishes.",お二人、この事件は遺産の額だけの問題ではありません。母の意思の上にそれぞれの恐れを載せた責任を今話してください。,两位，本案并不只是遗产数额的问题。现在请说明你们把各自的恐惧压在母亲意愿之上的责任。,"Scripted text channel without party a/b as speaker: system, judge, witness, dossier, mediation, aftermath, and milestone copy."
non_party_scripted_text_src_data_scriptedText_family-01_channels_judge_evidence_combo_.entries_dc-5.b.q2_mid_.variants_judgeec-dc-5-b-q2-mid-v1_.behaviorHint,non_party_scripted_text,src/data/scriptedText,family-01,channels[judge_evidence_combo].entries[dc-5.b.q2|mid].variants[judgeec-dc-5-b-q2-mid-v1].behaviorHint,재판관이 어머니의 뜻 콤보의 방향을 분명히 짚는다. 더 미루지 못하게 하는 톤이다.,The Judge clearly points out the direction of the Mother's Wishes combo. Tone leaves no room to postpone.,裁判官が母の意思コンボの方向を明確に指摘する。これ以上先送りできないようにするトーン。,法官明确指出母亲意愿组合的方向。语气让对方无法再拖延。,"Scripted text channel without party a/b as speaker: system, judge, witness, dossier, mediation, aftermath, and milestone copy."
non_party_scripted_text_src_data_scriptedText_family-01_channels_judge_evidence_combo_.entries_dc-5.b.q2_mid_.variants_judgeec-dc-5-b-q2-mid-v1_.text,non_party_scripted_text,src/data/scriptedText,family-01,channels[judge_evidence_combo].entries[dc-5.b.q2|mid].variants[judgeec-dc-5-b-q2-mid-v1].text,"두 분, 세 자료는 윤정후 씨만의 잘못도 윤태성 씨만의 억울함도 아니라고 말합니다. 누가 어머니 뜻을 어떻게 비틀었습니까.","Both of you, the three materials say this is not only Mr. Yoon Jeong-hu's fault and not only Mr. Yoon Tae-seong's grievance. Who twisted Mother's wishes, and how?",お二人、三つの資料は、これはユン・ジョンフさんだけの過ちでも、ユン・テソンさんだけの悔しさでもないと語っています。誰が母の意思をどのように歪めましたか。,两位，三份资料说明，这既不只是尹正厚先生的错误，也不只是尹泰成先生的委屈。是谁以何种方式扭曲了母亲的意愿？,"Scripted text channel without party a/b as speaker: system, judge, witness, dossier, mediation, aftermath, and milestone copy."
non_party_scripted_text_src_data_scriptedText_family-01_channels_judge_evidence_combo_.entries_dc-5.b.q2_mid_.variants_judgeec-dc-5-b-q2-mid-v2_.behaviorHint,non_party_scripted_text,src/data/scriptedText,family-01,channels[judge_evidence_combo].entries[dc-5.b.q2|mid].variants[judgeec-dc-5-b-q2-mid-v2].behaviorHint,재판관이 어머니의 뜻 콤보의 방향을 분명히 짚는다. 더 미루지 못하게 하는 톤이다.,The Judge clearly points out the direction of the Mother's Wishes combo. Tone leaves no room to postpone.,裁判官が母の意思コンボの方向を明確に指摘する。これ以上先送りできないようにするトーン。,法官明确指出母亲意愿组合的方向。语气让对方无法再拖延。,"Scripted text channel without party a/b as speaker: system, judge, witness, dossier, mediation, aftermath, and milestone copy."
non_party_scripted_text_src_data_scriptedText_family-01_channels_judge_evidence_combo_.entries_dc-5.b.q2_mid_.variants_judgeec-dc-5-b-q2-mid-v2_.text,non_party_scripted_text,src/data/scriptedText,family-01,channels[judge_evidence_combo].entries[dc-5.b.q2|mid].variants[judgeec-dc-5-b-q2-mid-v2].text,"유서 사본, 계좌 흐름, 어머니 기록은 서로의 책임을 동시에 세웁니다. 두 분, 자기에게 불리한 부분부터 말해 주십시오.","The will copy, account trail, and Mother's records establish both people's responsibilities at the same time. Both of you, start with the part that is unfavorable to you.",遺言書コピー、口座の流れ、母の記録は、互いの責任を同時に立てています。お二人、自分に不利な部分から話してください。,遗嘱副本、账户流水和母亲记录同时确立了两个人的责任。两位，请先说对自己不利的部分。,"Scripted text channel without party a/b as speaker: system, judge, witness, dossier, mediation, aftermath, and milestone copy."
non_party_scripted_text_src_data_scriptedText_family-01_channels_judge_evidence_combo_.entries_dc-5.b.q2_mid_.variants_judgeec-dc-5-b-q2-mid-v3_.behaviorHint,non_party_scripted_text,src/data/scriptedText,family-01,channels[judge_evidence_combo].entries[dc-5.b.q2|mid].variants[judgeec-dc-5-b-q2-mid-v3].behaviorHint,재판관이 어머니의 뜻 콤보의 방향을 분명히 짚는다. 더 미루지 못하게 하는 톤이다.,The Judge clearly points out the direction of the Mother's Wishes combo. Tone leaves no room to postpone.,裁判官が母の意思コンボの方向を明確に指摘する。これ以上先送りできないようにするトーン。,法官明确指出母亲意愿组合的方向。语气让对方无法再拖延。,"Scripted text channel without party a/b as speaker: system, judge, witness, dossier, mediation, aftermath, and milestone copy."
non_party_scripted_text_src_data_scriptedText_family-01_channels_judge_evidence_combo_.entries_dc-5.b.q2_mid_.variants_judgeec-dc-5-b-q2-mid-v3_.text,non_party_scripted_text,src/data/scriptedText,family-01,channels[judge_evidence_combo].entries[dc-5.b.q2|mid].variants[judgeec-dc-5-b-q2-mid-v3].text,"윤태성 씨는 장남의 기준으로, 윤정후 씨는 보호의 명분으로 어머니 뜻을 읽었습니다. 두 분, 그 차이를 인정합니까.","Mr. Yoon Tae-seong read Mother's wishes by the standard of being the eldest son, and Mr. Yoon Jeong-hu read them through the reason of protection. Both of you, do you acknowledge that difference?",ユン・テソンさんは長男の基準で、ユン・ジョンフさんは保護の名分で母の意思を読みました。お二人、その違いを認めますか。,尹泰成先生以长子的标准理解母亲的意愿，尹正厚先生以保护的理由理解母亲的意愿。两位，承认这个差别吗？,"Scripted text channel without party a/b as speaker: system, judge, witness, dossier, mediation, aftermath, and milestone copy."
non_party_scripted_text_src_data_scriptedText_family-01_channels_judge_evidence_combo_.entries_dc-5.b.q2_mid_.variants_judgeec-dc-5-b-q2-mid-v4_.behaviorHint,non_party_scripted_text,src/data/scriptedText,family-01,channels[judge_evidence_combo].entries[dc-5.b.q2|mid].variants[judgeec-dc-5-b-q2-mid-v4].behaviorHint,재판관이 어머니의 뜻 콤보의 방향을 분명히 짚는다. 더 미루지 못하게 하는 톤이다.,The Judge clearly points out the direction of the Mother's Wishes combo. Tone leaves no room to postpone.,裁判官が母の意思コンボの方向を明確に指摘する。これ以上先送りできないようにするトーン。,法官明确指出母亲意愿组合的方向。语气让对方无法再拖延。,"Scripted text channel without party a/b as speaker: system, judge, witness, dossier, mediation, aftermath, and milestone copy."
non_party_scripted_text_src_data_scriptedText_family-01_channels_judge_evidence_combo_.entries_dc-5.b.q2_mid_.variants_judgeec-dc-5-b-q2-mid-v4_.text,non_party_scripted_text,src/data/scriptedText,family-01,channels[judge_evidence_combo].entries[dc-5.b.q2|mid].variants[judgeec-dc-5-b-q2-mid-v4].text,"세 자료를 함께 보면 사랑과 통제가 함께 보입니다. 두 분, 어머니를 위한다는 말 뒤에 숨은 자기 기준을 밝혀 주십시오.","When the three materials are viewed together, both love and control become visible. Both of you, reveal the standard of your own hidden behind the words ""for Mother.""",三つの資料をあわせて見ると、愛と支配が共に見えます。お二人、母のためという言葉の後ろに隠れた自分の基準を明らかにしてください。,三份资料放在一起看，爱与控制都会显现。两位，请说明“为了母亲”这句话背后隐藏的自身标准。,"Scripted text channel without party a/b as speaker: system, judge, witness, dossier, mediation, aftermath, and milestone copy."
non_party_scripted_text_src_data_scriptedText_family-01_channels_judge_evidence_combo_.entries_dc-5.b.q2_mid_.variants_judgeec-dc-5-b-q2-mid-v5_.behaviorHint,non_party_scripted_text,src/data/scriptedText,family-01,channels[judge_evidence_combo].entries[dc-5.b.q2|mid].variants[judgeec-dc-5-b-q2-mid-v5].behaviorHint,재판관이 어머니의 뜻 콤보의 방향을 분명히 짚는다. 더 미루지 못하게 하는 톤이다.,The Judge clearly points out the direction of the Mother's Wishes combo. Tone leaves no room to postpone.,裁判官が母の意思コンボの方向を明確に指摘する。これ以上先送りできないようにするトーン。,法官明确指出母亲意愿组合的方向。语气让对方无法再拖延。,"Scripted text channel without party a/b as speaker: system, judge, witness, dossier, mediation, aftermath, and milestone copy."
non_party_scripted_text_src_data_scriptedText_family-01_channels_judge_evidence_combo_.entries_dc-5.b.q2_mid_.variants_judgeec-dc-5-b-q2-mid-v5_.text,non_party_scripted_text,src/data/scriptedText,family-01,channels[judge_evidence_combo].entries[dc-5.b.q2|mid].variants[judgeec-dc-5-b-q2-mid-v5].text,"두 분, 유서가 바뀐 책임과 유산을 당연시한 마음을 따로 떼어 판단할 수 없습니다. 각자 무엇을 인정합니까.","Both of you, the responsibility for the changed will and the feeling that the inheritance was yours by right cannot be judged separately. What does each of you acknowledge?",お二人、遺言書が変わった責任と遺産を当然視した気持ちは、切り離して判断できません。それぞれ何を認めますか。,两位，被更改遗嘱的责任和把遗产视为理所当然的心态，不能分开判断。你们各自承认什么？,"Scripted text channel without party a/b as speaker: system, judge, witness, dossier, mediation, aftermath, and milestone copy."
non_party_scripted_text_src_data_scriptedText_family-01_channels_judge_evidence_combo_.entries_dc-5.b.q2_soft_.variants_judgeec-dc-5-b-q2-soft-v1_.behaviorHint,non_party_scripted_text,src/data/scriptedText,family-01,channels[judge_evidence_combo].entries[dc-5.b.q2|soft].variants[judgeec-dc-5-b-q2-soft-v1].behaviorHint,재판관이 어머니의 뜻 콤보를 차분히 제시한다. 증거의 연결을 먼저 설명하게 하는 톤이다.,The Judge calmly presents the Mother's Wishes combo. Tone first asks for the evidence links to be explained.,裁判官が母の意思コンボを落ち着いて提示する。証拠のつながりを先に説明させるトーン。,法官冷静提出母亲意愿组合。语气先要求说明证据之间的关联。,"Scripted text channel without party a/b as speaker: system, judge, witness, dossier, mediation, aftermath, and milestone copy."
non_party_scripted_text_src_data_scriptedText_family-01_channels_judge_evidence_combo_.entries_dc-5.b.q2_soft_.variants_judgeec-dc-5-b-q2-soft-v1_.text,non_party_scripted_text,src/data/scriptedText,family-01,channels[judge_evidence_combo].entries[dc-5.b.q2|soft].variants[judgeec-dc-5-b-q2-soft-v1].text,"변경된 유서 사본과 계좌 흐름, 어머니 기록을 함께 보면 두 사람이 모두 어머니 뜻을 자기 방식으로 읽은 흐름이 이어집니다. 두 분, 차분히 답해 주십시오.","Looking at the changed will copy, account trail, and Mother's records together, the flow shows that both people read Mother's wishes in their own way. Both of you, answer calmly.",変更された遺言書コピー、口座の流れ、母の記録をあわせて見ると、二人がそれぞれ自分の方法で母の意思を読んだ流れが続いています。お二人、落ち着いて答えてください。,把被更改的遗嘱副本、账户流水和母亲记录一起看，可以看到两个人都以自己的方式解读了母亲的意愿。两位，请冷静回答。,"Scripted text channel without party a/b as speaker: system, judge, witness, dossier, mediation, aftermath, and milestone copy."
non_party_scripted_text_src_data_scriptedText_family-01_channels_judge_evidence_combo_.entries_dc-5.b.q2_soft_.variants_judgeec-dc-5-b-q2-soft-v2_.behaviorHint,non_party_scripted_text,src/data/scriptedText,family-01,channels[judge_evidence_combo].entries[dc-5.b.q2|soft].variants[judgeec-dc-5-b-q2-soft-v2].behaviorHint,재판관이 어머니의 뜻 콤보를 차분히 제시한다. 증거의 연결을 먼저 설명하게 하는 톤이다.,The Judge calmly presents the Mother's Wishes combo. Tone first asks for the evidence links to be explained.,裁判官が母の意思コンボを落ち着いて提示する。証拠のつながりを先に説明させるトーン。,法官冷静提出母亲意愿组合。语气先要求说明证据之间的关联。,"Scripted text channel without party a/b as speaker: system, judge, witness, dossier, mediation, aftermath, and milestone copy."
non_party_scripted_text_src_data_scriptedText_family-01_channels_judge_evidence_combo_.entries_dc-5.b.q2_soft_.variants_judgeec-dc-5-b-q2-soft-v2_.text,non_party_scripted_text,src/data/scriptedText,family-01,channels[judge_evidence_combo].entries[dc-5.b.q2|soft].variants[judgeec-dc-5-b-q2-soft-v2].text,"유서 사본은 결과를, 계좌 흐름은 숨겨진 부담을, 어머니 기록은 오래된 마음을 보여 줍니다. 두 분, 서로 무엇을 왜곡했는지 말씀해 주십시오.","The will copy shows the result, the account trail shows the hidden burden, and Mother's records show the old feelings. Both of you, state what each of you distorted.",遺言書コピーは結果を、口座の流れは隠された負担を、母の記録は古い思いを示しています。お二人、互いに何を歪めたのか話してください。,遗嘱副本显示结果，账户流水显示隐藏的负担，母亲记录显示长期的心意。两位，请说明彼此扭曲了什么。,"Scripted text channel without party a/b as speaker: system, judge, witness, dossier, mediation, aftermath, and milestone copy."
non_party_scripted_text_src_data_scriptedText_family-01_channels_judge_evidence_combo_.entries_dc-5.b.q2_soft_.variants_judgeec-dc-5-b-q2-soft-v3_.behaviorHint,non_party_scripted_text,src/data/scriptedText,family-01,channels[judge_evidence_combo].entries[dc-5.b.q2|soft].variants[judgeec-dc-5-b-q2-soft-v3].behaviorHint,재판관이 어머니의 뜻 콤보를 차분히 제시한다. 증거의 연결을 먼저 설명하게 하는 톤이다.,The Judge calmly presents the Mother's Wishes combo. Tone first asks for the evidence links to be explained.,裁判官が母の意思コンボを落ち着いて提示する。証拠のつながりを先に説明させるトーン。,法官冷静提出母亲意愿组合。语气先要求说明证据之间的关联。,"Scripted text channel without party a/b as speaker: system, judge, witness, dossier, mediation, aftermath, and milestone copy."
non_party_scripted_text_src_data_scriptedText_family-01_channels_judge_evidence_combo_.entries_dc-5.b.q2_soft_.variants_judgeec-dc-5-b-q2-soft-v3_.text,non_party_scripted_text,src/data/scriptedText,family-01,channels[judge_evidence_combo].entries[dc-5.b.q2|soft].variants[judgeec-dc-5-b-q2-soft-v3].text,"세 자료가 한자리에 놓이면 한쪽은 단정했고 다른 한쪽은 고쳤다는 구조가 보입니다. 두 분, 어머니 뜻을 어떻게 받아들였습니까.","When the three materials are placed together, the structure is visible: one side assumed, and the other changed. Both of you, how did you receive Mother's wishes?",三つの資料が一つの場に置かれると、一方は断定し、もう一方は変えたという構造が見えます。お二人、母の意思をどのように受け取りましたか。,三份资料放在一起，就能看到一种结构：一方作出断定，另一方进行了改动。两位，你们如何接受母亲的意愿？,"Scripted text channel without party a/b as speaker: system, judge, witness, dossier, mediation, aftermath, and milestone copy."
non_party_scripted_text_src_data_scriptedText_family-01_channels_judge_evidence_combo_.entries_dc-5.b.q2_soft_.variants_judgeec-dc-5-b-q2-soft-v4_.behaviorHint,non_party_scripted_text,src/data/scriptedText,family-01,channels[judge_evidence_combo].entries[dc-5.b.q2|soft].variants[judgeec-dc-5-b-q2-soft-v4].behaviorHint,재판관이 어머니의 뜻 콤보를 차분히 제시한다. 증거의 연결을 먼저 설명하게 하는 톤이다.,The Judge calmly presents the Mother's Wishes combo. Tone first asks for the evidence links to be explained.,裁判官が母の意思コンボを落ち着いて提示する。証拠のつながりを先に説明させるトーン。,法官冷静提出母亲意愿组合。语气先要求说明证据之间的关联。,"Scripted text channel without party a/b as speaker: system, judge, witness, dossier, mediation, aftermath, and milestone copy."
non_party_scripted_text_src_data_scriptedText_family-01_channels_judge_evidence_combo_.entries_dc-5.b.q2_soft_.variants_judgeec-dc-5-b-q2-soft-v4_.text,non_party_scripted_text,src/data/scriptedText,family-01,channels[judge_evidence_combo].entries[dc-5.b.q2|soft].variants[judgeec-dc-5-b-q2-soft-v4].text,"어머니 뜻을 지킨다는 말이 서로 다른 방식으로 쓰였습니다. 유서 사본과 계좌 흐름, 어머니 기록을 함께 보고 답해 주십시오.","The words ""protecting Mother's wishes"" were used in different ways. Look at the will copy, account trail, and Mother's records together, then answer.",母の意思を守るという言葉が、互いに違う形で使われました。遺言書コピー、口座の流れ、母の記録をあわせて見て答えてください。,“守护母亲意愿”这句话被以不同方式使用。请把遗嘱副本、账户流水和母亲记录一起看后回答。,"Scripted text channel without party a/b as speaker: system, judge, witness, dossier, mediation, aftermath, and milestone copy."
non_party_scripted_text_src_data_scriptedText_family-01_channels_judge_evidence_combo_.entries_dc-5.b.q2_soft_.variants_judgeec-dc-5-b-q2-soft-v5_.behaviorHint,non_party_scripted_text,src/data/scriptedText,family-01,channels[judge_evidence_combo].entries[dc-5.b.q2|soft].variants[judgeec-dc-5-b-q2-soft-v5].behaviorHint,재판관이 어머니의 뜻 콤보를 차분히 제시한다. 증거의 연결을 먼저 설명하게 하는 톤이다.,The Judge calmly presents the Mother's Wishes combo. Tone first asks for the evidence links to be explained.,裁判官が母の意思コンボを落ち着いて提示する。証拠のつながりを先に説明させるトーン。,法官冷静提出母亲意愿组合。语气先要求说明证据之间的关联。,"Scripted text channel without party a/b as speaker: system, judge, witness, dossier, mediation, aftermath, and milestone copy."
non_party_scripted_text_src_data_scriptedText_family-01_channels_judge_evidence_combo_.entries_dc-5.b.q2_soft_.variants_judgeec-dc-5-b-q2-soft-v5_.text,non_party_scripted_text,src/data/scriptedText,family-01,channels[judge_evidence_combo].entries[dc-5.b.q2|soft].variants[judgeec-dc-5-b-q2-soft-v5].text,"두 분, 유서 사본만 보면 분노가 보이고, 계좌 흐름과 어머니 기록까지 보면 오래된 침묵이 보입니다. 각자 책임을 말씀해 주십시오.","Both of you, the will copy alone shows anger; with the account trail and Mother's records, an old silence becomes visible. State each of your responsibilities.",お二人、遺言書コピーだけを見れば怒りが見えますが、口座の流れと母の記録まで見ると古い沈黙が見えます。それぞれの責任を話してください。,两位，只看遗嘱副本能看到愤怒；连同账户流水和母亲记录一起看，就能看到长期沉默。请说明各自责任。,"Scripted text channel without party a/b as speaker: system, judge, witness, dossier, mediation, aftermath, and milestone copy."
