id,category,source,case_id,key_path,ko,en,ja,zh-CN,notes
case_surface_content_src_data_cases_generated_friend-01_combinationLab.nodes_dc-1_.label,case_surface_content,src/data/cases/generated,friend-01,combinationLab.nodes[dc-1].label,dc-1 확인 없이 매도한 건 누구인가,dc-1 Who Condemned Without Checking?,dc-1 確認せず決めつけたのは誰か,dc-1 是谁未经确认就定罪,"Case metadata, character profile, dispute, evidence, solution, or evidence-viewer surface text. Party dialogue scripts are not included here."
case_surface_content_src_data_cases_generated_friend-01_combinationLab.nodes_dc-2_.label,case_surface_content,src/data/cases/generated,friend-01,combinationLab.nodes[dc-2].label,dc-2 왜 바로 말하지 않았는가,dc-2 Why Not Say It Right Away?,dc-2 なぜすぐ言わなかったのか,dc-2 为什么没有马上说,"Case metadata, character profile, dispute, evidence, solution, or evidence-viewer surface text. Party dialogue scripts are not included here."
case_surface_content_src_data_cases_generated_friend-01_combinationLab.nodes_dc-3_.label,case_surface_content,src/data/cases/generated,friend-01,combinationLab.nodes[dc-3].label,dc-3 또 혼자 막으려 했는가,dc-3 Tried to Stop It Alone Again?,dc-3 また一人で止めようとしたのか,dc-3 又想独自阻止吗,"Case metadata, character profile, dispute, evidence, solution, or evidence-viewer surface text. Party dialogue scripts are not included here."
case_surface_content_src_data_cases_generated_friend-01_combinationLab.nodes_dc-4_.label,case_surface_content,src/data/cases/generated,friend-01,combinationLab.nodes[dc-4].label,dc-4 손절의 값,dc-4 The Price of Cutting Ties,dc-4 絶交の代償,dc-4 决裂的代价,"Case metadata, character profile, dispute, evidence, solution, or evidence-viewer surface text. Party dialogue scripts are not included here."
case_surface_content_src_data_cases_generated_friend-01_combinationLab.nodes_dc-5_.label,case_surface_content,src/data/cases/generated,friend-01,combinationLab.nodes[dc-5].label,dc-5 낙인의 순서,dc-5 Order of the Stigma,dc-5 烙印の順序,dc-5 污名形成的顺序,"Case metadata, character profile, dispute, evidence, solution, or evidence-viewer surface text. Party dialogue scripts are not included here."
case_surface_content_src_data_cases_generated_friend-01_combinationLab.nodes_e-1_.label,case_surface_content,src/data/cases/generated,friend-01,combinationLab.nodes[e-1].label,e-1 연락 기록,e-1 Contact Logs,e-1 連絡記録,e-1 联系记录,"Case metadata, character profile, dispute, evidence, solution, or evidence-viewer surface text. Party dialogue scripts are not included here."
case_surface_content_src_data_cases_generated_friend-01_combinationLab.nodes_e-2_.label,case_surface_content,src/data/cases/generated,friend-01,combinationLab.nodes[e-2].label,e-2 단톡방 캡처,e-2 Group Chat Screenshot,e-2 グループチャットのスクリーンショット,e-2 群聊截图,"Case metadata, character profile, dispute, evidence, solution, or evidence-viewer surface text. Party dialogue scripts are not included here."
case_surface_content_src_data_cases_generated_friend-01_combinationLab.nodes_e-3_.label,case_surface_content,src/data/cases/generated,friend-01,combinationLab.nodes[e-3].label,e-3 과거 카톡,e-3 Old KakaoTalk Chat,e-3 過去のカカオトーク,e-3 过去的KakaoTalk,"Case metadata, character profile, dispute, evidence, solution, or evidence-viewer surface text. Party dialogue scripts are not included here."
case_surface_content_src_data_cases_generated_friend-01_combinationLab.nodes_e-4_.label,case_surface_content,src/data/cases/generated,friend-01,combinationLab.nodes[e-4].label,e-4 예비신랑 메시지,e-4 Fiancé's Message,e-4 婚約者のメッセージ,e-4 未婚夫留言,"Case metadata, character profile, dispute, evidence, solution, or evidence-viewer surface text. Party dialogue scripts are not included here."
case_surface_content_src_data_cases_generated_friend-01_combinationLab.outputs_dc-1_.judgeHint,case_surface_content,src/data/cases/generated,friend-01,combinationLab.outputs[dc-1].judgeHint,새 쟁점 '단톡방 매도와 명예훼손'이 드러났습니다. 확산 경로를 짚어보세요.,A new issue has emerged: “Group Chat Smear and Defamation.” Trace how it spread.,新たな争点「グループチャットでの決めつけと名誉毀損」が浮上しました。拡散経路を確認してください。,新的争议点“群聊抹黑与名誉损害”浮出水面。请梳理传播路径。,"Case metadata, character profile, dispute, evidence, solution, or evidence-viewer surface text. Party dialogue scripts are not included here."
case_surface_content_src_data_cases_generated_friend-01_combinationLab.outputs_dc-1_.label,case_surface_content,src/data/cases/generated,friend-01,combinationLab.outputs[dc-1].label,dc-1 확인 없이 매도한 건 누구인가,dc-1 Who Condemned Without Checking?,dc-1 確認せず決めつけたのは誰か,dc-1 是谁未经确认就定罪,"Case metadata, character profile, dispute, evidence, solution, or evidence-viewer surface text. Party dialogue scripts are not included here."
case_surface_content_src_data_cases_generated_friend-01_combinationLab.outputs_dc-1_.noteText,case_surface_content,src/data/cases/generated,friend-01,combinationLab.outputs[dc-1].noteText,직접 확인도 하지 않고 친구를 단톡방에서 먼저 매도한 건 당신 아닙니까?,Weren’t you the one who condemned your friend in the group chat before checking directly?,直接確認もしないまま、先に友人をグループチャットで決めつけたのはあなたではありませんか？,你不就是那个没有直接确认，就先在群聊里给朋友定罪的人吗？,"Case metadata, character profile, dispute, evidence, solution, or evidence-viewer surface text. Party dialogue scripts are not included here."
case_surface_content_src_data_cases_generated_friend-01_combinationLab.outputs_dc-1_.summary,case_surface_content,src/data/cases/generated,friend-01,combinationLab.outputs[dc-1].summary,직접 확인도 하지 않고 친구를 단톡방에서 먼저 매도한 건 누구인가,Who condemned a friend in the group chat before checking directly?,直接確認もしないまま、先に友人をグループチャットで決めつけたのは誰か,是谁没有直接确认，就先在群聊里给朋友定罪,"Case metadata, character profile, dispute, evidence, solution, or evidence-viewer surface text. Party dialogue scripts are not included here."
case_surface_content_src_data_cases_generated_friend-01_combinationLab.outputs_dc-2_.judgeHint,case_surface_content,src/data/cases/generated,friend-01,combinationLab.outputs[dc-2].judgeHint,예비신랑의 접근과 침묵의 이유가 맞물립니다. 왜 바로 말하지 못했는지 확인할 수 있습니다.,The fiancé’s approach connects with the reason for the silence. This can reveal why it was not said right away.,婚約者の接近と沈黙の理由がつながります。なぜすぐに言えなかったのかを確認できます。,未婚夫的接近与沉默的理由相互关联。可以由此确认为什么没能马上说出口。,"Case metadata, character profile, dispute, evidence, solution, or evidence-viewer surface text. Party dialogue scripts are not included here."
case_surface_content_src_data_cases_generated_friend-01_combinationLab.outputs_dc-2_.label,case_surface_content,src/data/cases/generated,friend-01,combinationLab.outputs[dc-2].label,dc-2 왜 바로 말하지 않았는가,dc-2 Why Not Say It Right Away?,dc-2 なぜすぐ言わなかったのか,dc-2 为什么没有马上说,"Case metadata, character profile, dispute, evidence, solution, or evidence-viewer surface text. Party dialogue scripts are not included here."
case_surface_content_src_data_cases_generated_friend-01_combinationLab.outputs_dc-2_.noteText,case_surface_content,src/data/cases/generated,friend-01,combinationLab.outputs[dc-2].noteText,"예비신랑이 먼저 선을 넘었다면, 왜 그때 바로 송다은에게 말하지 않았습니까?","If the fiancé crossed the line first, why didn’t you tell Song Da-eun right then?",婚約者が先に一線を越えたのなら、なぜその時すぐソン・ダウンに話さなかったのですか？,如果未婚夫先越了界，为什么当时没有马上告诉宋多恩？,"Case metadata, character profile, dispute, evidence, solution, or evidence-viewer surface text. Party dialogue scripts are not included here."
case_surface_content_src_data_cases_generated_friend-01_combinationLab.outputs_dc-2_.summary,case_surface_content,src/data/cases/generated,friend-01,combinationLab.outputs[dc-2].summary,예비신랑이 먼저 선을 넘었다면 왜 바로 송다은에게 말하지 않았는가,"If the fiancé crossed the line first, why was Song Da-eun not told right away?",婚約者が先に一線を越えたのなら、なぜすぐソン・ダウンに話さなかったのか,如果未婚夫先越了界，为什么没有马上告诉宋多恩,"Case metadata, character profile, dispute, evidence, solution, or evidence-viewer surface text. Party dialogue scripts are not included here."
case_surface_content_src_data_cases_generated_friend-01_combinationLab.outputs_dc-3_.judgeHint,case_surface_content,src/data/cases/generated,friend-01,combinationLab.outputs[dc-3].judgeHint,새 쟁점 '예비신랑에게 이어진 부탁'이 드러났습니다. 부탁의 내용과 경로를 확인하세요.,A new issue has emerged: “The Request That Reached the Fiancé.” Confirm the request’s content and route.,新たな争点「婚約者へつながった依頼」が浮上しました。依頼の内容と経路を確認してください。,新的争议点“延伸到未婚夫的请求”浮出水面。请确认请求内容和路径。,"Case metadata, character profile, dispute, evidence, solution, or evidence-viewer surface text. Party dialogue scripts are not included here."
case_surface_content_src_data_cases_generated_friend-01_combinationLab.outputs_dc-3_.label,case_surface_content,src/data/cases/generated,friend-01,combinationLab.outputs[dc-3].label,dc-3 또 혼자 막으려 했는가,dc-3 Tried to Stop It Alone Again?,dc-3 また一人で止めようとしたのか,dc-3 又想独自阻止吗,"Case metadata, character profile, dispute, evidence, solution, or evidence-viewer surface text. Party dialogue scripts are not included here."
case_surface_content_src_data_cases_generated_friend-01_combinationLab.outputs_dc-3_.noteText,case_surface_content,src/data/cases/generated,friend-01,combinationLab.outputs[dc-3].noteText,"송다은 아버지가 또 같은 방식으로 돈 얘기를 꺼냈다면, 당신은 이번에도 왜 혼자 막으려 했습니까?","If Song Da-eun’s father brought up money again in the same way, why did you try to stop it alone this time too?",ソン・ダウンの父がまた同じやり方で金の話を持ち出したのなら、なぜ今回も一人で止めようとしたのですか？,如果宋多恩的父亲又用同样方式提起钱的事，你为什么这次也想一个人拦下来？,"Case metadata, character profile, dispute, evidence, solution, or evidence-viewer surface text. Party dialogue scripts are not included here."
case_surface_content_src_data_cases_generated_friend-01_combinationLab.outputs_dc-3_.summary,case_surface_content,src/data/cases/generated,friend-01,combinationLab.outputs[dc-3].summary,송다은 아버지가 또 같은 방식으로 돈 얘기를 꺼냈다면 왜 또 혼자 막으려 했는가,"If Song Da-eun’s father brought up money again in the same way, why try to stop it alone again?",ソン・ダウンの父がまた同じやり方で金の話を持ち出したのなら、なぜまた一人で止めようとしたのか,如果宋多恩的父亲又用同样方式提起钱的事，为什么又想独自阻止,"Case metadata, character profile, dispute, evidence, solution, or evidence-viewer surface text. Party dialogue scripts are not included here."
case_surface_content_src_data_cases_generated_friend-01_combinationLab.outputs_dc-4_.judgeHint,case_surface_content,src/data/cases/generated,friend-01,combinationLab.outputs[dc-4].judgeHint,새 쟁점 '과거 손절의 이유'가 드러났습니다. 손절 직전의 돈 흐름과 침묵 이유를 확인하세요.,A new issue has emerged: “Why the Old Friendship Ended.” Check the money flow just before the fallout and the reason for the silence.,新たな争点「過去の絶交理由」が浮上しました。絶交直前の金の流れと沈黙の理由を確認してください。,新的争议点“旧日决裂的理由”浮出水面。请确认决裂前的资金流向和沉默理由。,"Case metadata, character profile, dispute, evidence, solution, or evidence-viewer surface text. Party dialogue scripts are not included here."
case_surface_content_src_data_cases_generated_friend-01_combinationLab.outputs_dc-4_.label,case_surface_content,src/data/cases/generated,friend-01,combinationLab.outputs[dc-4].label,dc-4 손절의 값,dc-4 The Price of Cutting Ties,dc-4 絶交の代償,dc-4 决裂的代价,"Case metadata, character profile, dispute, evidence, solution, or evidence-viewer surface text. Party dialogue scripts are not included here."
case_surface_content_src_data_cases_generated_friend-01_combinationLab.outputs_dc-4_.noteText,case_surface_content,src/data/cases/generated,friend-01,combinationLab.outputs[dc-4].noteText,손절의 값,The Price of Cutting Ties,絶交の代償,决裂的代价,"Case metadata, character profile, dispute, evidence, solution, or evidence-viewer surface text. Party dialogue scripts are not included here."
case_surface_content_src_data_cases_generated_friend-01_combinationLab.outputs_dc-4_.summary,case_surface_content,src/data/cases/generated,friend-01,combinationLab.outputs[dc-4].summary,"과거 손절이 변심이 아니라 차용금 미상환 문제와 침묵의 결과였다면, 왜 끝내 말하지 못했습니까?","If the old fallout was not a change of heart, but the result of an unpaid loan and silence, why were you never able to say so?",過去の絶交が心変わりではなく、借金の未返済と沈黙の結果だったのなら、なぜ最後まで言えなかったのですか？,如果旧日决裂不是变心，而是借款未还与沉默造成的结果，为什么你到最后都没能说出口？,"Case metadata, character profile, dispute, evidence, solution, or evidence-viewer surface text. Party dialogue scripts are not included here."
case_surface_content_src_data_cases_generated_friend-01_combinationLab.outputs_dc-5_.judgeHint,case_surface_content,src/data/cases/generated,friend-01,combinationLab.outputs[dc-5].judgeHint,단톡방 매도와 과거 손절이 맞물립니다. 확산 경로와 낙인의 순서를 짚어보세요.,The group chat smear connects with the old fallout. Trace the spread and the order in which the stigma formed.,グループチャットでの決めつけと過去の絶交がつながります。拡散経路と烙印が形成された順序を確認してください。,群聊抹黑与旧日决裂相互关联。请梳理传播路径和污名形成的顺序。,"Case metadata, character profile, dispute, evidence, solution, or evidence-viewer surface text. Party dialogue scripts are not included here."
case_surface_content_src_data_cases_generated_friend-01_combinationLab.outputs_dc-5_.label,case_surface_content,src/data/cases/generated,friend-01,combinationLab.outputs[dc-5].label,dc-5 낙인의 순서,dc-5 Order of the Stigma,dc-5 烙印の順序,dc-5 污名形成的顺序,"Case metadata, character profile, dispute, evidence, solution, or evidence-viewer surface text. Party dialogue scripts are not included here."
case_surface_content_src_data_cases_generated_friend-01_combinationLab.outputs_dc-5_.noteText,case_surface_content,src/data/cases/generated,friend-01,combinationLab.outputs[dc-5].noteText,낙인의 순서,Order of the Stigma,烙印の順序,污名形成的顺序,"Case metadata, character profile, dispute, evidence, solution, or evidence-viewer surface text. Party dialogue scripts are not included here."
case_surface_content_src_data_cases_generated_friend-01_combinationLab.outputs_dc-5_.summary,case_surface_content,src/data/cases/generated,friend-01,combinationLab.outputs[dc-5].summary,두 시점에서 말이 끊긴 순서가 반복됩니다. 단정과 침묵의 순서를 확인해야 합니다.,The same order of accusation and silence repeats at two points in time. The sequence must be checked.,二つの時点で、決めつけと沈黙の順序が繰り返されています。その順序を確認する必要があります。,两个时间点都重复出现了定论与沉默的顺序。必须确认这一先后关系。,"Case metadata, character profile, dispute, evidence, solution, or evidence-viewer surface text. Party dialogue scripts are not included here."
case_surface_content_src_data_cases_generated_friend-01_evidence_e-1_.description,case_surface_content,src/data/cases/generated,friend-01,evidence[e-1].description,최근 9일 동안 최수민이 예비신랑 김태윤에게 전화와 문자를 반복한 기록. 단계별 원문을 확인해야 연락 의도를 판단할 수 있다.,"A record of Choi Su-min repeatedly calling and texting Kim Tae-yun, the fiancé, over the last nine days. The intent behind the contact can only be judged by checking the original text at each stage.",直近9日間、チェ・スミンが婚約者キム・テユンに電話とメッセージを繰り返した記録。段階ごとの原文を確認してこそ、連絡の意図を判断できる。,最近9天内，崔秀敏反复给未婚夫金泰允打电话和发短信的记录。必须确认各阶段原文，才能判断联系意图。,"Case metadata, character profile, dispute, evidence, solution, or evidence-viewer surface text. Party dialogue scripts are not included here."
case_surface_content_src_data_cases_generated_friend-01_evidence_e-1_.investigationResults.check_metadata,case_surface_content,src/data/cases/generated,friend-01,evidence[e-1].investigationResults.check_metadata,두 번째 페이지에서 태윤과 수민 사이의 사적인 문제를 따지는 연락은 아니라는 문구가 보인다. 다만 정확한 목적은 아직 확정되지 않는다.,"Page 2 shows wording indicating the contact was not about a private matter between Tae-yun and Su-min. The exact purpose, however, is still unconfirmed.",2ページ目には、テユンとスミンの私的な問題を問いただす連絡ではないという文言が見える。ただし、正確な目的はまだ確定していない。,第二页可以看到，这并不是追问泰允与秀敏之间私人问题的联系。不过准确目的尚未确定。,"Case metadata, character profile, dispute, evidence, solution, or evidence-viewer surface text. Party dialogue scripts are not included here."
case_surface_content_src_data_cases_generated_friend-01_evidence_e-1_.investigationResults.request_original,case_surface_content,src/data/cases/generated,friend-01,evidence[e-1].investigationResults.request_original,첫 페이지에서는 9일간 반복된 발신과 부재중이 확인된다. 집착성 연락처럼 보이지만 원문은 대부분 봉인되어 있다.,"Page 1 confirms repeated outgoing calls and missed calls over nine days. It looks like obsessive contact, but most of the original text is still sealed.",1ページ目では、9日間繰り返された発信と不在着信が確認される。執着的な連絡に見えるが、原文の大半は封印されている。,第一页确认了9天内反复拨出和未接记录。看起来像执着联系，但大部分原文仍被封存。,"Case metadata, character profile, dispute, evidence, solution, or evidence-viewer surface text. Party dialogue scripts are not included here."
case_surface_content_src_data_cases_generated_friend-01_evidence_e-1_.investigationResults.restore_context,case_surface_content,src/data/cases/generated,friend-01,evidence[e-1].investigationResults.restore_context,세 번째 페이지에서 다은 관련 사유와 과거에도 비슷한 일이 있었다는 문구가 드러난다. 연락 의도를 본격적으로 물어볼 근거가 생긴다.,Page 3 reveals wording about Da-eun and a similar past incident. This gives grounds to ask directly about the intent of the contact.,3ページ目で、ダウンに関する理由と、過去にも似たことがあったという文言が明らかになる。連絡の意図を本格的に問う根拠が生まれる。,第三页显示了与多恩有关的理由，以及过去也发生过类似事情的字句。由此有了正式追问联系意图的依据。,"Case metadata, character profile, dispute, evidence, solution, or evidence-viewer surface text. Party dialogue scripts are not included here."
case_surface_content_src_data_cases_generated_friend-01_evidence_e-1_.investigationStages_0_.label,case_surface_content,src/data/cases/generated,friend-01,evidence[e-1].investigationStages[0].label,기록확인,Record Check,記録確認,记录确认,"Case metadata, character profile, dispute, evidence, solution, or evidence-viewer surface text. Party dialogue scripts are not included here."
case_surface_content_src_data_cases_generated_friend-01_evidence_e-1_.investigationStages_0_.question.text,case_surface_content,src/data/cases/generated,friend-01,evidence[e-1].investigationStages[0].question.text,이 연락 기록은 실제 발신 내역입니까?,Are these contact logs actual outgoing records?,この連絡記録は実際の発信履歴ですか？,这些联系记录是真实的拨出明细吗？,"Case metadata, character profile, dispute, evidence, solution, or evidence-viewer surface text. Party dialogue scripts are not included here."
case_surface_content_src_data_cases_generated_friend-01_evidence_e-1_.investigationStages_1_.label,case_surface_content,src/data/cases/generated,friend-01,evidence[e-1].investigationStages[1].label,시간대조,Time Check,時間照合,时间核对,"Case metadata, character profile, dispute, evidence, solution, or evidence-viewer surface text. Party dialogue scripts are not included here."
case_surface_content_src_data_cases_generated_friend-01_evidence_e-1_.investigationStages_1_.question.text,case_surface_content,src/data/cases/generated,friend-01,evidence[e-1].investigationStages[1].question.text,연락 시간대와 문구를 대조해 주십시오.,Please compare the contact times with the wording.,連絡の時間帯と文言を照合してください。,请核对联系时间段与措辞。,"Case metadata, character profile, dispute, evidence, solution, or evidence-viewer surface text. Party dialogue scripts are not included here."
case_surface_content_src_data_cases_generated_friend-01_evidence_e-1_.investigationStages_1_.unlockHint,case_surface_content,src/data/cases/generated,friend-01,evidence[e-1].investigationStages[1].unlockHint,원본을 더 확인하면 연락 시간대와 반복 문구를 함께 볼 수 있습니다.,Checking more of the original will show the contact times together with the repeated wording.,原文をさらに確認すると、連絡の時間帯と繰り返された文言をあわせて確認できます。,进一步确认原文后，可以同时看到联系时间段和重复措辞。,"Case metadata, character profile, dispute, evidence, solution, or evidence-viewer surface text. Party dialogue scripts are not included here."
case_surface_content_src_data_cases_generated_friend-01_evidence_e-1_.investigationStages_2_.label,case_surface_content,src/data/cases/generated,friend-01,evidence[e-1].investigationStages[2].label,의도복원,Intent Reconstruction,意図復元,意图还原,"Case metadata, character profile, dispute, evidence, solution, or evidence-viewer surface text. Party dialogue scripts are not included here."
case_surface_content_src_data_cases_generated_friend-01_evidence_e-1_.investigationStages_2_.question.text,case_surface_content,src/data/cases/generated,friend-01,evidence[e-1].investigationStages[2].question.text,이 연락이 경고였는지 집착이었는지 따져 주십시오.,Please determine whether this contact was a warning or an obsession.,この連絡が警告だったのか執着だったのかを判断してください。,请判断这次联系究竟是警告还是执着。,"Case metadata, character profile, dispute, evidence, solution, or evidence-viewer surface text. Party dialogue scripts are not included here."
case_surface_content_src_data_cases_generated_friend-01_evidence_e-1_.investigationStages_2_.unlockHint,case_surface_content,src/data/cases/generated,friend-01,evidence[e-1].investigationStages[2].unlockHint,문구를 대조하면 연락의 의도를 더 분명히 물을 수 있습니다.,Comparing the wording will make it possible to ask more clearly about the intent behind the contact.,文言を照合すれば、連絡の意図をより明確に問うことができます。,对比措辞后，可以更明确地追问联系意图。,"Case metadata, character profile, dispute, evidence, solution, or evidence-viewer surface text. Party dialogue scripts are not included here."
case_surface_content_src_data_cases_generated_friend-01_evidence_e-1_.meta.legalLabel,case_surface_content,src/data/cases/generated,friend-01,evidence[e-1].meta.legalLabel,적법,Legal,適法,合法,"Case metadata, character profile, dispute, evidence, solution, or evidence-viewer surface text. Party dialogue scripts are not included here."
case_surface_content_src_data_cases_generated_friend-01_evidence_e-1_.meta.name,case_surface_content,src/data/cases/generated,friend-01,evidence[e-1].meta.name,연락 기록,Contact Logs,連絡記録,联系记录,"Case metadata, character profile, dispute, evidence, solution, or evidence-viewer surface text. Party dialogue scripts are not included here."
case_surface_content_src_data_cases_generated_friend-01_evidence_e-1_.meta.sourceLabel,case_surface_content,src/data/cases/generated,friend-01,evidence[e-1].meta.sourceLabel,송다은 측,Song Da-eun's Side,ソン・ダウン側,宋多恩一方,"Case metadata, character profile, dispute, evidence, solution, or evidence-viewer surface text. Party dialogue scripts are not included here."
case_surface_content_src_data_cases_generated_friend-01_evidence_e-1_.meta.stageLabel,case_surface_content,src/data/cases/generated,friend-01,evidence[e-1].meta.stageLabel,초기 공개,Initial Disclosure,初期開示,初步公开,"Case metadata, character profile, dispute, evidence, solution, or evidence-viewer surface text. Party dialogue scripts are not included here."
case_surface_content_src_data_cases_generated_friend-01_evidence_e-1_.meta.trustLabel,case_surface_content,src/data/cases/generated,friend-01,evidence[e-1].meta.trustLabel,보통,Normal,普通,普通,"Case metadata, character profile, dispute, evidence, solution, or evidence-viewer surface text. Party dialogue scripts are not included here."
case_surface_content_src_data_cases_generated_friend-01_evidence_e-1_.name,case_surface_content,src/data/cases/generated,friend-01,evidence[e-1].name,최수민→예비신랑 연락 기록,Choi Su-min → Fiancé Contact Logs,チェ・スミン→婚約者の連絡記録,崔秀敏→未婚夫联系记录,"Case metadata, character profile, dispute, evidence, solution, or evidence-viewer surface text. Party dialogue scripts are not included here."
case_surface_content_src_data_cases_generated_friend-01_evidence_e-1_.partyContext.a.implication,case_surface_content,src/data/cases/generated,friend-01,evidence[e-1].partyContext.a.implication,집착으로 보이는 첫인상을 확인한다.,Confirm the first impression that the contact looked obsessive.,執着に見える第一印象を確認する。,确认其看起来像执着联系的第一印象。,"Case metadata, character profile, dispute, evidence, solution, or evidence-viewer surface text. Party dialogue scripts are not included here."
case_surface_content_src_data_cases_generated_friend-01_evidence_e-1_.partyContext.a.questionAngle,case_surface_content,src/data/cases/generated,friend-01,evidence[e-1].partyContext.a.questionAngle,이 연락 기록을 보고 어떤 생각이 들었습니까?,What did you think when you saw these contact logs?,この連絡記録を見て、どう思いましたか？,你看到这份联系记录时有什么想法？,"Case metadata, character profile, dispute, evidence, solution, or evidence-viewer surface text. Party dialogue scripts are not included here."
case_surface_content_src_data_cases_generated_friend-01_evidence_e-1_.partyContext.b.implication,case_surface_content,src/data/cases/generated,friend-01,evidence[e-1].partyContext.b.implication,연락 의도를 설명할 기회를 준다.,Give an opportunity to explain the intent behind the contact.,連絡の意図を説明する機会を与える。,给予解释联系意图的机会。,"Case metadata, character profile, dispute, evidence, solution, or evidence-viewer surface text. Party dialogue scripts are not included here."
case_surface_content_src_data_cases_generated_friend-01_evidence_e-1_.partyContext.b.questionAngle,case_surface_content,src/data/cases/generated,friend-01,evidence[e-1].partyContext.b.questionAngle,왜 이렇게까지 연락했는지 설명해 주십시오.,Please explain why you contacted him this persistently.,なぜここまで連絡したのか説明してください。,请说明为什么联系到这种程度。,"Case metadata, character profile, dispute, evidence, solution, or evidence-viewer surface text. Party dialogue scripts are not included here."
case_surface_content_src_data_cases_generated_friend-01_evidence_e-1_.surfaceDescription,case_surface_content,src/data/cases/generated,friend-01,evidence[e-1].surfaceDescription,최수민 씨가 예비신랑에게 보낸 연락 기록이 존재한다.,There are contact logs from Choi Su-min to the fiancé.,チェ・スミン氏が婚約者に送った連絡記録が存在する。,存在崔秀敏发给未婚夫的联系记录。,"Case metadata, character profile, dispute, evidence, solution, or evidence-viewer surface text. Party dialogue scripts are not included here."
case_surface_content_src_data_cases_generated_friend-01_evidence_e-1_.surfaceName,case_surface_content,src/data/cases/generated,friend-01,evidence[e-1].surfaceName,연락 기록,Contact Logs,連絡記録,联系记录,"Case metadata, character profile, dispute, evidence, solution, or evidence-viewer surface text. Party dialogue scripts are not included here."
case_surface_content_src_data_cases_generated_friend-01_evidence_e-1_.v3DepthPlan_context_.summary,case_surface_content,src/data/cases/generated,friend-01,evidence[e-1].v3DepthPlan[context].summary,다은 관련 사유와 과거 반복 암시 확인,Confirm reasons related to Da-eun and hints of past repetition,ダウン関連の理由と過去の反復の示唆を確認,确认与多恩有关的理由及旧事重演的暗示,"Case metadata, character profile, dispute, evidence, solution, or evidence-viewer surface text. Party dialogue scripts are not included here."
case_surface_content_src_data_cases_generated_friend-01_evidence_e-1_.v3DepthPlan_established_.summary,case_surface_content,src/data/cases/generated,friend-01,evidence[e-1].v3DepthPlan[established].summary,연락 의도를 경고 가능성까지 놓고 판단한다.,"Judge the intent behind the contact, including the possibility that it was a warning.",警告だった可能性も含めて、連絡の意図を判断する。,结合其可能是警告的情况，判断联系意图。,"Case metadata, character profile, dispute, evidence, solution, or evidence-viewer surface text. Party dialogue scripts are not included here."
case_surface_content_src_data_cases_generated_friend-01_evidence_e-1_.v3DepthPlan_excerpt_.summary,case_surface_content,src/data/cases/generated,friend-01,evidence[e-1].v3DepthPlan[excerpt].summary,발신 횟수와 부재중 중심으로 보임,Shows mainly outgoing-call counts and missed calls,発信回数と不在着信を中心に見える,主要显示拨出次数和未接记录,"Case metadata, character profile, dispute, evidence, solution, or evidence-viewer surface text. Party dialogue scripts are not included here."
case_surface_content_src_data_cases_generated_friend-01_evidence_e-1_.v3DepthPlan_original_.summary,case_surface_content,src/data/cases/generated,friend-01,evidence[e-1].v3DepthPlan[original].summary,일부 문자 원문으로 사적 연락 오해를 낮춤,Some original texts reduce the likelihood of a private-contact misunderstanding,一部のメッセージ原文により、私的な連絡という誤解が弱まる,部分短信原文降低了私人联系的误解可能,"Case metadata, character profile, dispute, evidence, solution, or evidence-viewer surface text. Party dialogue scripts are not included here."
case_surface_content_src_data_cases_generated_friend-01_evidence_e-1_.v3DepthPlan_stub_.summary,case_surface_content,src/data/cases/generated,friend-01,evidence[e-1].v3DepthPlan[stub].summary,연락 기록 존재만 보임,Only the existence of contact logs is shown,連絡記録の存在のみが見える,仅显示存在联系记录,"Case metadata, character profile, dispute, evidence, solution, or evidence-viewer surface text. Party dialogue scripts are not included here."
case_surface_content_src_data_cases_generated_friend-01_evidence_e-1_.v3TrustStates_authenticated_.label,case_surface_content,src/data/cases/generated,friend-01,evidence[e-1].v3TrustStates[authenticated].label,인증됨,Authenticated,認証済み,已认证,"Case metadata, character profile, dispute, evidence, solution, or evidence-viewer surface text. Party dialogue scripts are not included here."
case_surface_content_src_data_cases_generated_friend-01_evidence_e-1_.v3TrustStates_authenticated_.summary,case_surface_content,src/data/cases/generated,friend-01,evidence[e-1].v3TrustStates[authenticated].summary,통신사 기록과 일치 확인,Confirmed consistent with carrier records,通信事業者の記録と一致することを確認,已确认与通信公司记录一致,"Case metadata, character profile, dispute, evidence, solution, or evidence-viewer surface text. Party dialogue scripts are not included here."
case_surface_content_src_data_cases_generated_friend-01_evidence_e-1_.v3TrustStates_challenged_.label,case_surface_content,src/data/cases/generated,friend-01,evidence[e-1].v3TrustStates[challenged].label,이의 제기됨,Challenged,異議あり,有异议,"Case metadata, character profile, dispute, evidence, solution, or evidence-viewer surface text. Party dialogue scripts are not included here."
case_surface_content_src_data_cases_generated_friend-01_evidence_e-1_.v3TrustStates_challenged_.summary,case_surface_content,src/data/cases/generated,friend-01,evidence[e-1].v3TrustStates[challenged].summary,최수민이 연락 의도에 대해 이의 제기,Choi Su-min challenges the interpretation of the contact’s intent.,チェ・スミンが連絡の意図について異議を申し立てる。,崔秀敏对联系意图提出异议。,"Case metadata, character profile, dispute, evidence, solution, or evidence-viewer surface text. Party dialogue scripts are not included here."
case_surface_content_src_data_cases_generated_friend-01_evidence_e-1_.v3TrustStates_misread_.label,case_surface_content,src/data/cases/generated,friend-01,evidence[e-1].v3TrustStates[misread].label,조작/오독 판정,Manipulation/Misread Ruling,操作・誤読判定,操纵/误读判定,"Case metadata, character profile, dispute, evidence, solution, or evidence-viewer surface text. Party dialogue scripts are not included here."
case_surface_content_src_data_cases_generated_friend-01_evidence_e-1_.v3TrustStates_misread_.summary,case_surface_content,src/data/cases/generated,friend-01,evidence[e-1].v3TrustStates[misread].summary,집착 해석은 원문 대조가 필요하다.,The “obsession” reading requires comparison with the original text.,執着という解釈には原文との照合が必要だ。,“执着”的解读需要与原文对照。,"Case metadata, character profile, dispute, evidence, solution, or evidence-viewer surface text. Party dialogue scripts are not included here."
case_surface_content_src_data_cases_generated_friend-01_evidence_e-1_.v3TrustStates_submitted_.label,case_surface_content,src/data/cases/generated,friend-01,evidence[e-1].v3TrustStates[submitted].label,제출됨,Submitted,提出済み,已提交,"Case metadata, character profile, dispute, evidence, solution, or evidence-viewer surface text. Party dialogue scripts are not included here."
case_surface_content_src_data_cases_generated_friend-01_evidence_e-1_.v3TrustStates_submitted_.summary,case_surface_content,src/data/cases/generated,friend-01,evidence[e-1].v3TrustStates[submitted].summary,송다은이 캡처 제출,Song Da-eun submitted the screenshot.,ソン・ダウンがスクリーンショットを提出,宋多恩提交截图,"Case metadata, character profile, dispute, evidence, solution, or evidence-viewer surface text. Party dialogue scripts are not included here."
case_surface_content_src_data_cases_generated_friend-01_evidence_e-1_.v3TrustStates_verifying_.label,case_surface_content,src/data/cases/generated,friend-01,evidence[e-1].v3TrustStates[verifying].label,검증 중,Verifying,検証中,验证中,"Case metadata, character profile, dispute, evidence, solution, or evidence-viewer surface text. Party dialogue scripts are not included here."
case_surface_content_src_data_cases_generated_friend-01_evidence_e-1_.v3TrustStates_verifying_.summary,case_surface_content,src/data/cases/generated,friend-01,evidence[e-1].v3TrustStates[verifying].summary,원본 통화기록 대조 중,Comparing against the original call records,原本の通話記録と照合中,正在对照原始通话记录,"Case metadata, character profile, dispute, evidence, solution, or evidence-viewer surface text. Party dialogue scripts are not included here."
case_surface_content_src_data_cases_generated_friend-01_evidence_e-1_.viewerData.log.note,case_surface_content,src/data/cases/generated,friend-01,evidence[e-1].viewerData.log.note,"3쪽 전체 원문에서는 “다은이 관련 이야기”, “예전에 같은 일” 같은 문구가 반복된다. 연락 의도는 예비신랑과 수민 사이의 감정 문제가 아니라 다른 사안으로 보인다.","Across the full original text on Page 3, phrases like “a matter related to Da-eun” and “the same thing happened before” repeat. The intent behind the contact appears to involve another issue, not an emotional matter between the fiancé and Su-min.",3ページ目の原文全体では、「ダウンに関する話」「以前にも同じことがあった」といった文言が繰り返される。連絡の意図は、婚約者とスミンの感情問題ではなく別の事案に見える。,第3页完整原文中反复出现“与多恩有关的事”“以前也发生过同样的事”等表述。联系意图看起来不是未婚夫与秀敏之间的感情问题，而是另有事项。,"Case metadata, character profile, dispute, evidence, solution, or evidence-viewer surface text. Party dialogue scripts are not included here."
case_surface_content_src_data_cases_generated_friend-01_evidence_e-1_.viewerData.log.pages_0_.label,case_surface_content,src/data/cases/generated,friend-01,evidence[e-1].viewerData.log.pages[0].label,1쪽 발신 빈도,Page 1: Outgoing Frequency,1ページ：発信頻度,第1页：拨出频率,"Case metadata, character profile, dispute, evidence, solution, or evidence-viewer surface text. Party dialogue scripts are not included here."
case_surface_content_src_data_cases_generated_friend-01_evidence_e-1_.viewerData.log.pages_0_.note,case_surface_content,src/data/cases/generated,friend-01,evidence[e-1].viewerData.log.pages[0].note,1쪽은 발신 횟수와 부재중 중심의 발췌다. 이 단계만으로는 최수민이 예비신랑에게 반복 연락한 사실만 보인다.,"Page 1 is an excerpt focused on outgoing-call counts and missed calls. At this stage, it only shows that Choi Su-min repeatedly contacted the fiancé.",1ページ目は、発信回数と不在着信を中心にした抜粋だ。この段階だけでは、チェ・スミンが婚約者に繰り返し連絡した事実だけが見える。,第1页是以拨出次数和未接记录为主的摘录。仅凭这一阶段，只能看出崔秀敏曾反复联系未婚夫。,"Case metadata, character profile, dispute, evidence, solution, or evidence-viewer surface text. Party dialogue scripts are not included here."
case_surface_content_src_data_cases_generated_friend-01_evidence_e-1_.viewerData.log.pages_0_.rows_0_.date,case_surface_content,src/data/cases/generated,friend-01,evidence[e-1].viewerData.log.pages[0].rows[0].date,03.01 저녁,Mar. 1 evening,3月1日 夕方,3月1日晚间,"Case metadata, character profile, dispute, evidence, solution, or evidence-viewer surface text. Party dialogue scripts are not included here."
case_surface_content_src_data_cases_generated_friend-01_evidence_e-1_.viewerData.log.pages_0_.rows_0_.duration,case_surface_content,src/data/cases/generated,friend-01,evidence[e-1].viewerData.log.pages[0].rows[0].duration,짧게 끊김,Disconnected shortly after,短時間で切断,短暂接通后中断,"Case metadata, character profile, dispute, evidence, solution, or evidence-viewer surface text. Party dialogue scripts are not included here."
case_surface_content_src_data_cases_generated_friend-01_evidence_e-1_.viewerData.log.pages_0_.rows_0_.target,case_surface_content,src/data/cases/generated,friend-01,evidence[e-1].viewerData.log.pages[0].rows[0].target,김○○ (예비신랑),Kim ○○ (fiancé),キム○○（婚約者）,金○○（未婚夫）,"Case metadata, character profile, dispute, evidence, solution, or evidence-viewer surface text. Party dialogue scripts are not included here."
case_surface_content_src_data_cases_generated_friend-01_evidence_e-1_.viewerData.log.pages_0_.rows_0_.typeLabel,case_surface_content,src/data/cases/generated,friend-01,evidence[e-1].viewerData.log.pages[0].rows[0].typeLabel,발신,Outgoing,発信,拨出,"Case metadata, character profile, dispute, evidence, solution, or evidence-viewer surface text. Party dialogue scripts are not included here."
case_surface_content_src_data_cases_generated_friend-01_evidence_e-1_.viewerData.log.pages_0_.rows_1_.date,case_surface_content,src/data/cases/generated,friend-01,evidence[e-1].viewerData.log.pages[0].rows[1].date,03.01 저녁,Mar. 1 evening,3月1日 夕方,3月1日晚间,"Case metadata, character profile, dispute, evidence, solution, or evidence-viewer surface text. Party dialogue scripts are not included here."
case_surface_content_src_data_cases_generated_friend-01_evidence_e-1_.viewerData.log.pages_0_.rows_1_.duration,case_surface_content,src/data/cases/generated,friend-01,evidence[e-1].viewerData.log.pages[0].rows[1].duration,통화 요청 문구,Wording requesting a call,通話を求める文言,请求通话的措辞,"Case metadata, character profile, dispute, evidence, solution, or evidence-viewer surface text. Party dialogue scripts are not included here."
case_surface_content_src_data_cases_generated_friend-01_evidence_e-1_.viewerData.log.pages_0_.rows_1_.target,case_surface_content,src/data/cases/generated,friend-01,evidence[e-1].viewerData.log.pages[0].rows[1].target,김○○,Kim ○○,キム○○,金○○,"Case metadata, character profile, dispute, evidence, solution, or evidence-viewer surface text. Party dialogue scripts are not included here."
case_surface_content_src_data_cases_generated_friend-01_evidence_e-1_.viewerData.log.pages_0_.rows_1_.typeLabel,case_surface_content,src/data/cases/generated,friend-01,evidence[e-1].viewerData.log.pages[0].rows[1].typeLabel,문자,Text,メッセージ,短信,"Case metadata, character profile, dispute, evidence, solution, or evidence-viewer surface text. Party dialogue scripts are not included here."
case_surface_content_src_data_cases_generated_friend-01_evidence_e-1_.viewerData.log.pages_0_.rows_2_.date,case_surface_content,src/data/cases/generated,friend-01,evidence[e-1].viewerData.log.pages[0].rows[2].date,03.02 오전,Mar. 2 morning,3月2日 午前,3月2日上午,"Case metadata, character profile, dispute, evidence, solution, or evidence-viewer surface text. Party dialogue scripts are not included here."
case_surface_content_src_data_cases_generated_friend-01_evidence_e-1_.viewerData.log.pages_0_.rows_2_.duration,case_surface_content,src/data/cases/generated,friend-01,evidence[e-1].viewerData.log.pages[0].rows[2].duration,중요한 이야기 요청,Request to discuss something important,重要な話を求める文言,请求谈重要事情,"Case metadata, character profile, dispute, evidence, solution, or evidence-viewer surface text. Party dialogue scripts are not included here."
case_surface_content_src_data_cases_generated_friend-01_evidence_e-1_.viewerData.log.pages_0_.rows_2_.target,case_surface_content,src/data/cases/generated,friend-01,evidence[e-1].viewerData.log.pages[0].rows[2].target,김○○,Kim ○○,キム○○,金○○,"Case metadata, character profile, dispute, evidence, solution, or evidence-viewer surface text. Party dialogue scripts are not included here."
case_surface_content_src_data_cases_generated_friend-01_evidence_e-1_.viewerData.log.pages_0_.rows_2_.typeLabel,case_surface_content,src/data/cases/generated,friend-01,evidence[e-1].viewerData.log.pages[0].rows[2].typeLabel,문자,Text,メッセージ,短信,"Case metadata, character profile, dispute, evidence, solution, or evidence-viewer surface text. Party dialogue scripts are not included here."
case_surface_content_src_data_cases_generated_friend-01_evidence_e-1_.viewerData.log.pages_0_.rows_3_.date,case_surface_content,src/data/cases/generated,friend-01,evidence[e-1].viewerData.log.pages[0].rows[3].date,03.02 저녁,Mar. 2 evening,3月2日 夕方,3月2日晚间,"Case metadata, character profile, dispute, evidence, solution, or evidence-viewer surface text. Party dialogue scripts are not included here."
case_surface_content_src_data_cases_generated_friend-01_evidence_e-1_.viewerData.log.pages_0_.rows_3_.duration,case_surface_content,src/data/cases/generated,friend-01,evidence[e-1].viewerData.log.pages[0].rows[3].duration,부재중,Missed,不在着信,未接,"Case metadata, character profile, dispute, evidence, solution, or evidence-viewer surface text. Party dialogue scripts are not included here."
case_surface_content_src_data_cases_generated_friend-01_evidence_e-1_.viewerData.log.pages_0_.rows_3_.target,case_surface_content,src/data/cases/generated,friend-01,evidence[e-1].viewerData.log.pages[0].rows[3].target,김○○,Kim ○○,キム○○,金○○,"Case metadata, character profile, dispute, evidence, solution, or evidence-viewer surface text. Party dialogue scripts are not included here."
case_surface_content_src_data_cases_generated_friend-01_evidence_e-1_.viewerData.log.pages_0_.rows_3_.typeLabel,case_surface_content,src/data/cases/generated,friend-01,evidence[e-1].viewerData.log.pages[0].rows[3].typeLabel,발신,Outgoing,発信,拨出,"Case metadata, character profile, dispute, evidence, solution, or evidence-viewer surface text. Party dialogue scripts are not included here."
case_surface_content_src_data_cases_generated_friend-01_evidence_e-1_.viewerData.log.pages_0_.rows_4_.date,case_surface_content,src/data/cases/generated,friend-01,evidence[e-1].viewerData.log.pages[0].rows[4].date,03.03 오전,Mar. 3 morning,3月3日 午前,3月3日上午,"Case metadata, character profile, dispute, evidence, solution, or evidence-viewer surface text. Party dialogue scripts are not included here."
case_surface_content_src_data_cases_generated_friend-01_evidence_e-1_.viewerData.log.pages_0_.rows_4_.duration,case_surface_content,src/data/cases/generated,friend-01,evidence[e-1].viewerData.log.pages[0].rows[4].duration,결혼 전 확인 요청,Request to confirm before the wedding,結婚前の確認要請,结婚前确认请求,"Case metadata, character profile, dispute, evidence, solution, or evidence-viewer surface text. Party dialogue scripts are not included here."
case_surface_content_src_data_cases_generated_friend-01_evidence_e-1_.viewerData.log.pages_0_.rows_4_.target,case_surface_content,src/data/cases/generated,friend-01,evidence[e-1].viewerData.log.pages[0].rows[4].target,김○○,Kim ○○,キム○○,金○○,"Case metadata, character profile, dispute, evidence, solution, or evidence-viewer surface text. Party dialogue scripts are not included here."
case_surface_content_src_data_cases_generated_friend-01_evidence_e-1_.viewerData.log.pages_0_.rows_4_.typeLabel,case_surface_content,src/data/cases/generated,friend-01,evidence[e-1].viewerData.log.pages[0].rows[4].typeLabel,문자,Text,メッセージ,短信,"Case metadata, character profile, dispute, evidence, solution, or evidence-viewer surface text. Party dialogue scripts are not included here."
case_surface_content_src_data_cases_generated_friend-01_evidence_e-1_.viewerData.log.pages_0_.rows_5_.date,case_surface_content,src/data/cases/generated,friend-01,evidence[e-1].viewerData.log.pages[0].rows[5].date,03.04 낮,Mar. 4 daytime,3月4日 昼,3月4日白天,"Case metadata, character profile, dispute, evidence, solution, or evidence-viewer surface text. Party dialogue scripts are not included here."
case_surface_content_src_data_cases_generated_friend-01_evidence_e-1_.viewerData.log.pages_0_.rows_5_.duration,case_surface_content,src/data/cases/generated,friend-01,evidence[e-1].viewerData.log.pages[0].rows[5].duration,짧게 끊김,Disconnected shortly after,短時間で切断,短暂接通后中断,"Case metadata, character profile, dispute, evidence, solution, or evidence-viewer surface text. Party dialogue scripts are not included here."
case_surface_content_src_data_cases_generated_friend-01_evidence_e-1_.viewerData.log.pages_0_.rows_5_.target,case_surface_content,src/data/cases/generated,friend-01,evidence[e-1].viewerData.log.pages[0].rows[5].target,김○○,Kim ○○,キム○○,金○○,"Case metadata, character profile, dispute, evidence, solution, or evidence-viewer surface text. Party dialogue scripts are not included here."
case_surface_content_src_data_cases_generated_friend-01_evidence_e-1_.viewerData.log.pages_0_.rows_5_.typeLabel,case_surface_content,src/data/cases/generated,friend-01,evidence[e-1].viewerData.log.pages[0].rows[5].typeLabel,발신,Outgoing,発信,拨出,"Case metadata, character profile, dispute, evidence, solution, or evidence-viewer surface text. Party dialogue scripts are not included here."
case_surface_content_src_data_cases_generated_friend-01_evidence_e-1_.viewerData.log.pages_0_.rows_6_.date,case_surface_content,src/data/cases/generated,friend-01,evidence[e-1].viewerData.log.pages[0].rows[6].date,03.05 밤,Mar. 5 night,3月5日 夜,3月5日夜间,"Case metadata, character profile, dispute, evidence, solution, or evidence-viewer surface text. Party dialogue scripts are not included here."
case_surface_content_src_data_cases_generated_friend-01_evidence_e-1_.viewerData.log.pages_0_.rows_6_.duration,case_surface_content,src/data/cases/generated,friend-01,evidence[e-1].viewerData.log.pages[0].rows[6].duration,한 번만 만나자는 문구,Wording asking to meet just once,一度だけ会おうという文言,请求只见一次的措辞,"Case metadata, character profile, dispute, evidence, solution, or evidence-viewer surface text. Party dialogue scripts are not included here."
case_surface_content_src_data_cases_generated_friend-01_evidence_e-1_.viewerData.log.pages_0_.rows_6_.target,case_surface_content,src/data/cases/generated,friend-01,evidence[e-1].viewerData.log.pages[0].rows[6].target,김○○,Kim ○○,キム○○,金○○,"Case metadata, character profile, dispute, evidence, solution, or evidence-viewer surface text. Party dialogue scripts are not included here."
case_surface_content_src_data_cases_generated_friend-01_evidence_e-1_.viewerData.log.pages_0_.rows_6_.typeLabel,case_surface_content,src/data/cases/generated,friend-01,evidence[e-1].viewerData.log.pages[0].rows[6].typeLabel,문자,Text,メッセージ,短信,"Case metadata, character profile, dispute, evidence, solution, or evidence-viewer surface text. Party dialogue scripts are not included here."
case_surface_content_src_data_cases_generated_friend-01_evidence_e-1_.viewerData.log.pages_0_.title,case_surface_content,src/data/cases/generated,friend-01,evidence[e-1].viewerData.log.pages[0].title,최수민→예비신랑 연락 기록,Choi Su-min → Fiancé Contact Logs,チェ・スミン→婚約者の連絡記録,崔秀敏→未婚夫联系记录,"Case metadata, character profile, dispute, evidence, solution, or evidence-viewer surface text. Party dialogue scripts are not included here."
case_surface_content_src_data_cases_generated_friend-01_evidence_e-1_.viewerData.log.pages_1_.label,case_surface_content,src/data/cases/generated,friend-01,evidence[e-1].viewerData.log.pages[1].label,2쪽 문구 재맥락,Page 2: Wording Recontextualized,2ページ：文言の再文脈化,第2页：措辞再语境化,"Case metadata, character profile, dispute, evidence, solution, or evidence-viewer surface text. Party dialogue scripts are not included here."
case_surface_content_src_data_cases_generated_friend-01_evidence_e-1_.viewerData.log.pages_1_.note,case_surface_content,src/data/cases/generated,friend-01,evidence[e-1].viewerData.log.pages[1].note,"2쪽은 일부 원문을 복원한다. 최수민이 태윤과의 사적인 문제를 따지려는 연락은 아닌 듯하지만, 정확한 목적은 아직 봉인되어 있다.","Page 2 restores some of the original text. Choi Su-min’s contact does not seem to be about confronting Tae-yun over a private matter, but the exact purpose remains sealed.",2ページ目では原文の一部が復元される。チェ・スミンがテユンとの私的な問題を問いただそうとした連絡ではなさそうだが、正確な目的はまだ封印されている。,第2页恢复了部分原文。崔秀敏的联系似乎并不是为了追问她与泰允之间的私人问题，但准确目的仍被封存。,"Case metadata, character profile, dispute, evidence, solution, or evidence-viewer surface text. Party dialogue scripts are not included here."
case_surface_content_src_data_cases_generated_friend-01_evidence_e-1_.viewerData.log.pages_1_.rows_0_.date,case_surface_content,src/data/cases/generated,friend-01,evidence[e-1].viewerData.log.pages[1].rows[0].date,03.01 19시대,"Mar. 1, around 7 PM",3月1日 19時台,3月1日19点左右,"Case metadata, character profile, dispute, evidence, solution, or evidence-viewer surface text. Party dialogue scripts are not included here."
case_surface_content_src_data_cases_generated_friend-01_evidence_e-1_.viewerData.log.pages_1_.rows_0_.duration,case_surface_content,src/data/cases/generated,friend-01,evidence[e-1].viewerData.log.pages[1].rows[0].duration,0분 12초 (끊김),0 min 12 sec (disconnected),0分12秒（切断）,0分12秒（中断）,"Case metadata, character profile, dispute, evidence, solution, or evidence-viewer surface text. Party dialogue scripts are not included here."
case_surface_content_src_data_cases_generated_friend-01_evidence_e-1_.viewerData.log.pages_1_.rows_0_.target,case_surface_content,src/data/cases/generated,friend-01,evidence[e-1].viewerData.log.pages[1].rows[0].target,김태○ (예비신랑),Kim Tae-○ (fiancé),キム・テ○（婚約者）,金泰○（未婚夫）,"Case metadata, character profile, dispute, evidence, solution, or evidence-viewer surface text. Party dialogue scripts are not included here."
case_surface_content_src_data_cases_generated_friend-01_evidence_e-1_.viewerData.log.pages_1_.rows_0_.typeLabel,case_surface_content,src/data/cases/generated,friend-01,evidence[e-1].viewerData.log.pages[1].rows[0].typeLabel,발신,Outgoing,発信,拨出,"Case metadata, character profile, dispute, evidence, solution, or evidence-viewer surface text. Party dialogue scripts are not included here."
case_surface_content_src_data_cases_generated_friend-01_evidence_e-1_.viewerData.log.pages_1_.rows_1_.date,case_surface_content,src/data/cases/generated,friend-01,evidence[e-1].viewerData.log.pages[1].rows[1].date,03.01 19시대,"Mar. 1, around 7 PM",3月1日 19時台,3月1日19点左右,"Case metadata, character profile, dispute, evidence, solution, or evidence-viewer surface text. Party dialogue scripts are not included here."
case_surface_content_src_data_cases_generated_friend-01_evidence_e-1_.viewerData.log.pages_1_.rows_1_.duration,case_surface_content,src/data/cases/generated,friend-01,evidence[e-1].viewerData.log.pages[1].rows[1].duration,"""태윤 씨, 수민입니다. 잠깐만 통화할 수 있을까요""","""Tae-yun, this is Su-min. Could we speak for a moment?""",「テユンさん、スミンです。少しだけ通話できますか」,“泰允先生，我是秀敏。可以稍微通个话吗？”,"Case metadata, character profile, dispute, evidence, solution, or evidence-viewer surface text. Party dialogue scripts are not included here."
case_surface_content_src_data_cases_generated_friend-01_evidence_e-1_.viewerData.log.pages_1_.rows_1_.target,case_surface_content,src/data/cases/generated,friend-01,evidence[e-1].viewerData.log.pages[1].rows[1].target,김태○,Kim Tae-○,キム・テ○,金泰○,"Case metadata, character profile, dispute, evidence, solution, or evidence-viewer surface text. Party dialogue scripts are not included here."
case_surface_content_src_data_cases_generated_friend-01_evidence_e-1_.viewerData.log.pages_1_.rows_1_.typeLabel,case_surface_content,src/data/cases/generated,friend-01,evidence[e-1].viewerData.log.pages[1].rows[1].typeLabel,문자,Text,メッセージ,短信,"Case metadata, character profile, dispute, evidence, solution, or evidence-viewer surface text. Party dialogue scripts are not included here."
case_surface_content_src_data_cases_generated_friend-01_evidence_e-1_.viewerData.log.pages_1_.rows_2_.date,case_surface_content,src/data/cases/generated,friend-01,evidence[e-1].viewerData.log.pages[1].rows[2].date,03.02 10시대,"Mar. 2, around 10 AM",3月2日 10時台,3月2日10点左右,"Case metadata, character profile, dispute, evidence, solution, or evidence-viewer surface text. Party dialogue scripts are not included here."
case_surface_content_src_data_cases_generated_friend-01_evidence_e-1_.viewerData.log.pages_1_.rows_2_.duration,case_surface_content,src/data/cases/generated,friend-01,evidence[e-1].viewerData.log.pages[1].rows[2].duration,"""그때 저한테 선 넘은 말 한 걸 문제 삼으려는 게 아니에요""","""I’m not trying to make an issue of what you said to me when you crossed the line back then.""",「その時、私に一線を越えたことを言った件を問題にしようとしているわけではありません」,“我不是想追究你当时对我说过越界的话。”,"Case metadata, character profile, dispute, evidence, solution, or evidence-viewer surface text. Party dialogue scripts are not included here."
case_surface_content_src_data_cases_generated_friend-01_evidence_e-1_.viewerData.log.pages_1_.rows_2_.target,case_surface_content,src/data/cases/generated,friend-01,evidence[e-1].viewerData.log.pages[1].rows[2].target,김태○,Kim Tae-○,キム・テ○,金泰○,"Case metadata, character profile, dispute, evidence, solution, or evidence-viewer surface text. Party dialogue scripts are not included here."
case_surface_content_src_data_cases_generated_friend-01_evidence_e-1_.viewerData.log.pages_1_.rows_2_.typeLabel,case_surface_content,src/data/cases/generated,friend-01,evidence[e-1].viewerData.log.pages[1].rows[2].typeLabel,문자,Text,メッセージ,短信,"Case metadata, character profile, dispute, evidence, solution, or evidence-viewer surface text. Party dialogue scripts are not included here."
case_surface_content_src_data_cases_generated_friend-01_evidence_e-1_.viewerData.log.pages_1_.rows_3_.date,case_surface_content,src/data/cases/generated,friend-01,evidence[e-1].viewerData.log.pages[1].rows[3].date,03.03 09시대,"Mar. 3, around 9 AM",3月3日 9時台,3月3日9点左右,"Case metadata, character profile, dispute, evidence, solution, or evidence-viewer surface text. Party dialogue scripts are not included here."
case_surface_content_src_data_cases_generated_friend-01_evidence_e-1_.viewerData.log.pages_1_.rows_3_.duration,case_surface_content,src/data/cases/generated,friend-01,evidence[e-1].viewerData.log.pages[1].rows[3].duration,"""다른 얘기라서 전화로 설명하고 싶어요""","""It’s about something else, so I’d like to explain by phone.""",「別の話なので、電話で説明したいです」,“这是另一件事，我想通过电话说明。”,"Case metadata, character profile, dispute, evidence, solution, or evidence-viewer surface text. Party dialogue scripts are not included here."
case_surface_content_src_data_cases_generated_friend-01_evidence_e-1_.viewerData.log.pages_1_.rows_3_.target,case_surface_content,src/data/cases/generated,friend-01,evidence[e-1].viewerData.log.pages[1].rows[3].target,김태○,Kim Tae-○,キム・テ○,金泰○,"Case metadata, character profile, dispute, evidence, solution, or evidence-viewer surface text. Party dialogue scripts are not included here."
case_surface_content_src_data_cases_generated_friend-01_evidence_e-1_.viewerData.log.pages_1_.rows_3_.typeLabel,case_surface_content,src/data/cases/generated,friend-01,evidence[e-1].viewerData.log.pages[1].rows[3].typeLabel,문자,Text,メッセージ,短信,"Case metadata, character profile, dispute, evidence, solution, or evidence-viewer surface text. Party dialogue scripts are not included here."
case_surface_content_src_data_cases_generated_friend-01_evidence_e-1_.viewerData.log.pages_1_.rows_4_.date,case_surface_content,src/data/cases/generated,friend-01,evidence[e-1].viewerData.log.pages[1].rows[4].date,03.04 12시대,"Mar. 4, around noon",3月4日 12時台,3月4日12点左右,"Case metadata, character profile, dispute, evidence, solution, or evidence-viewer surface text. Party dialogue scripts are not included here."
case_surface_content_src_data_cases_generated_friend-01_evidence_e-1_.viewerData.log.pages_1_.rows_4_.duration,case_surface_content,src/data/cases/generated,friend-01,evidence[e-1].viewerData.log.pages[1].rows[4].duration,0분 08초 (끊김),0 min 08 sec (disconnected),0分08秒（切断）,0分08秒（中断）,"Case metadata, character profile, dispute, evidence, solution, or evidence-viewer surface text. Party dialogue scripts are not included here."
case_surface_content_src_data_cases_generated_friend-01_evidence_e-1_.viewerData.log.pages_1_.rows_4_.target,case_surface_content,src/data/cases/generated,friend-01,evidence[e-1].viewerData.log.pages[1].rows[4].target,김태○,Kim Tae-○,キム・テ○,金泰○,"Case metadata, character profile, dispute, evidence, solution, or evidence-viewer surface text. Party dialogue scripts are not included here."
case_surface_content_src_data_cases_generated_friend-01_evidence_e-1_.viewerData.log.pages_1_.rows_4_.typeLabel,case_surface_content,src/data/cases/generated,friend-01,evidence[e-1].viewerData.log.pages[1].rows[4].typeLabel,발신,Outgoing,発信,拨出,"Case metadata, character profile, dispute, evidence, solution, or evidence-viewer surface text. Party dialogue scripts are not included here."
case_surface_content_src_data_cases_generated_friend-01_evidence_e-1_.viewerData.log.pages_1_.rows_5_.date,case_surface_content,src/data/cases/generated,friend-01,evidence[e-1].viewerData.log.pages[1].rows[5].date,03.05 21시대,"Mar. 5, around 9 PM",3月5日 21時台,3月5日21点左右,"Case metadata, character profile, dispute, evidence, solution, or evidence-viewer surface text. Party dialogue scripts are not included here."
case_surface_content_src_data_cases_generated_friend-01_evidence_e-1_.viewerData.log.pages_1_.rows_5_.duration,case_surface_content,src/data/cases/generated,friend-01,evidence[e-1].viewerData.log.pages[1].rows[5].duration,"""저랑 태윤 씨 문제로 부르는 게 아니에요""","""I’m not asking to meet because of anything between me and Tae-yun.""",「私とテユンさんの問題で呼んでいるわけではありません」,“我不是因为我和泰允先生之间的问题才找你。”,"Case metadata, character profile, dispute, evidence, solution, or evidence-viewer surface text. Party dialogue scripts are not included here."
case_surface_content_src_data_cases_generated_friend-01_evidence_e-1_.viewerData.log.pages_1_.rows_5_.target,case_surface_content,src/data/cases/generated,friend-01,evidence[e-1].viewerData.log.pages[1].rows[5].target,김태○,Kim Tae-○,キム・テ○,金泰○,"Case metadata, character profile, dispute, evidence, solution, or evidence-viewer surface text. Party dialogue scripts are not included here."
case_surface_content_src_data_cases_generated_friend-01_evidence_e-1_.viewerData.log.pages_1_.rows_5_.typeLabel,case_surface_content,src/data/cases/generated,friend-01,evidence[e-1].viewerData.log.pages[1].rows[5].typeLabel,문자,Text,メッセージ,短信,"Case metadata, character profile, dispute, evidence, solution, or evidence-viewer surface text. Party dialogue scripts are not included here."
case_surface_content_src_data_cases_generated_friend-01_evidence_e-1_.viewerData.log.pages_1_.rows_6_.date,case_surface_content,src/data/cases/generated,friend-01,evidence[e-1].viewerData.log.pages[1].rows[6].date,03.06 08시대,"Mar. 6, around 8 AM",3月6日 8時台,3月6日8点左右,"Case metadata, character profile, dispute, evidence, solution, or evidence-viewer surface text. Party dialogue scripts are not included here."
case_surface_content_src_data_cases_generated_friend-01_evidence_e-1_.viewerData.log.pages_1_.rows_6_.duration,case_surface_content,src/data/cases/generated,friend-01,evidence[e-1].viewerData.log.pages[1].rows[6].duration,1분 42초,1 min 42 sec,1分42秒,1分42秒,"Case metadata, character profile, dispute, evidence, solution, or evidence-viewer surface text. Party dialogue scripts are not included here."
case_surface_content_src_data_cases_generated_friend-01_evidence_e-1_.viewerData.log.pages_1_.rows_6_.target,case_surface_content,src/data/cases/generated,friend-01,evidence[e-1].viewerData.log.pages[1].rows[6].target,김태○,Kim Tae-○,キム・テ○,金泰○,"Case metadata, character profile, dispute, evidence, solution, or evidence-viewer surface text. Party dialogue scripts are not included here."
case_surface_content_src_data_cases_generated_friend-01_evidence_e-1_.viewerData.log.pages_1_.rows_6_.typeLabel,case_surface_content,src/data/cases/generated,friend-01,evidence[e-1].viewerData.log.pages[1].rows[6].typeLabel,발신,Outgoing,発信,拨出,"Case metadata, character profile, dispute, evidence, solution, or evidence-viewer surface text. Party dialogue scripts are not included here."
case_surface_content_src_data_cases_generated_friend-01_evidence_e-1_.viewerData.log.pages_1_.rows_7_.date,case_surface_content,src/data/cases/generated,friend-01,evidence[e-1].viewerData.log.pages[1].rows[7].date,03.08 17시대,"Mar. 8, around 5 PM",3月8日 17時台,3月8日17点左右,"Case metadata, character profile, dispute, evidence, solution, or evidence-viewer surface text. Party dialogue scripts are not included here."
case_surface_content_src_data_cases_generated_friend-01_evidence_e-1_.viewerData.log.pages_1_.rows_7_.duration,case_surface_content,src/data/cases/generated,friend-01,evidence[e-1].viewerData.log.pages[1].rows[7].duration,"""오해할 얘기는 아닌데, 그냥 넘기면 안 될 것 같아요""","""It’s not something you should misunderstand, but I don’t think we can just let it pass.""",「誤解してほしい話ではないのですが、このまま見過ごしてはいけないと思います」,“这不是会让你误会的事，但我觉得不能就这样放过去。”,"Case metadata, character profile, dispute, evidence, solution, or evidence-viewer surface text. Party dialogue scripts are not included here."
case_surface_content_src_data_cases_generated_friend-01_evidence_e-1_.viewerData.log.pages_1_.rows_7_.target,case_surface_content,src/data/cases/generated,friend-01,evidence[e-1].viewerData.log.pages[1].rows[7].target,김태○,Kim Tae-○,キム・テ○,金泰○,"Case metadata, character profile, dispute, evidence, solution, or evidence-viewer surface text. Party dialogue scripts are not included here."
case_surface_content_src_data_cases_generated_friend-01_evidence_e-1_.viewerData.log.pages_1_.rows_7_.typeLabel,case_surface_content,src/data/cases/generated,friend-01,evidence[e-1].viewerData.log.pages[1].rows[7].typeLabel,문자,Text,メッセージ,短信,"Case metadata, character profile, dispute, evidence, solution, or evidence-viewer surface text. Party dialogue scripts are not included here."
case_surface_content_src_data_cases_generated_friend-01_evidence_e-1_.viewerData.log.pages_1_.rows_8_.date,case_surface_content,src/data/cases/generated,friend-01,evidence[e-1].viewerData.log.pages[1].rows[8].date,03.09 11시대,"Mar. 9, around 11 AM",3月9日 11時台,3月9日11点左右,"Case metadata, character profile, dispute, evidence, solution, or evidence-viewer surface text. Party dialogue scripts are not included here."
case_surface_content_src_data_cases_generated_friend-01_evidence_e-1_.viewerData.log.pages_1_.rows_8_.duration,case_surface_content,src/data/cases/generated,friend-01,evidence[e-1].viewerData.log.pages[1].rows[8].duration,부재중 (차단 추정),Missed (blocking suspected),不在着信（ブロック推定）,未接（推定已被拉黑）,"Case metadata, character profile, dispute, evidence, solution, or evidence-viewer surface text. Party dialogue scripts are not included here."
case_surface_content_src_data_cases_generated_friend-01_evidence_e-1_.viewerData.log.pages_1_.rows_8_.target,case_surface_content,src/data/cases/generated,friend-01,evidence[e-1].viewerData.log.pages[1].rows[8].target,김태○,Kim Tae-○,キム・テ○,金泰○,"Case metadata, character profile, dispute, evidence, solution, or evidence-viewer surface text. Party dialogue scripts are not included here."
case_surface_content_src_data_cases_generated_friend-01_evidence_e-1_.viewerData.log.pages_1_.rows_8_.typeLabel,case_surface_content,src/data/cases/generated,friend-01,evidence[e-1].viewerData.log.pages[1].rows[8].typeLabel,발신,Outgoing,発信,拨出,"Case metadata, character profile, dispute, evidence, solution, or evidence-viewer surface text. Party dialogue scripts are not included here."
case_surface_content_src_data_cases_generated_friend-01_evidence_e-1_.viewerData.log.pages_1_.title,case_surface_content,src/data/cases/generated,friend-01,evidence[e-1].viewerData.log.pages[1].title,최수민→예비신랑 연락 기록,Choi Su-min → Fiancé Contact Logs,チェ・スミン→婚約者の連絡記録,崔秀敏→未婚夫联系记录,"Case metadata, character profile, dispute, evidence, solution, or evidence-viewer surface text. Party dialogue scripts are not included here."
case_surface_content_src_data_cases_generated_friend-01_evidence_e-1_.viewerData.log.pages_2_.label,case_surface_content,src/data/cases/generated,friend-01,evidence[e-1].viewerData.log.pages[2].label,3쪽 다은 관련 사유,Page 3: Reason Related to Da-eun,3ページ：ダウン関連の理由,第3页：与多恩有关的理由,"Case metadata, character profile, dispute, evidence, solution, or evidence-viewer surface text. Party dialogue scripts are not included here."
case_surface_content_src_data_cases_generated_friend-01_evidence_e-1_.viewerData.log.pages_2_.note,case_surface_content,src/data/cases/generated,friend-01,evidence[e-1].viewerData.log.pages[2].note,"3쪽 전체 원문에서는 “다은이 관련 이야기”, “예전에 같은 일” 같은 문구가 반복된다. 연락 의도는 예비신랑과 수민 사이의 감정 문제가 아니라 다른 사안으로 보인다.","Across the full original text on Page 3, phrases like “a matter related to Da-eun” and “the same thing happened before” repeat. The intent behind the contact appears to involve another issue, not an emotional matter between the fiancé and Su-min.",3ページ目の原文全体では、「ダウンに関する話」「以前にも同じことがあった」といった文言が繰り返される。連絡の意図は、婚約者とスミンの感情問題ではなく別の事案に見える。,第3页完整原文中反复出现“与多恩有关的事”“以前也发生过同样的事”等表述。联系意图看起来不是未婚夫与秀敏之间的感情问题，而是另有事项。,"Case metadata, character profile, dispute, evidence, solution, or evidence-viewer surface text. Party dialogue scripts are not included here."
case_surface_content_src_data_cases_generated_friend-01_evidence_e-1_.viewerData.log.pages_2_.rows_0_.duration,case_surface_content,src/data/cases/generated,friend-01,evidence[e-1].viewerData.log.pages[2].rows[0].duration,0분 12초 (끊김),0 min 12 sec (disconnected),0分12秒（切断）,0分12秒（中断）,"Case metadata, character profile, dispute, evidence, solution, or evidence-viewer surface text. Party dialogue scripts are not included here."
case_surface_content_src_data_cases_generated_friend-01_evidence_e-1_.viewerData.log.pages_2_.rows_0_.target,case_surface_content,src/data/cases/generated,friend-01,evidence[e-1].viewerData.log.pages[2].rows[0].target,김태윤 (예비신랑),Kim Tae-yun (fiancé),キム・テユン（婚約者）,金泰允（未婚夫）,"Case metadata, character profile, dispute, evidence, solution, or evidence-viewer surface text. Party dialogue scripts are not included here."
case_surface_content_src_data_cases_generated_friend-01_evidence_e-1_.viewerData.log.pages_2_.rows_0_.typeLabel,case_surface_content,src/data/cases/generated,friend-01,evidence[e-1].viewerData.log.pages[2].rows[0].typeLabel,발신,Outgoing,発信,拨出,"Case metadata, character profile, dispute, evidence, solution, or evidence-viewer surface text. Party dialogue scripts are not included here."
case_surface_content_src_data_cases_generated_friend-01_evidence_e-1_.viewerData.log.pages_2_.rows_1_.duration,case_surface_content,src/data/cases/generated,friend-01,evidence[e-1].viewerData.log.pages[2].rows[1].duration,"""태윤 씨, 수민입니다. 잠깐만 통화할 수 있을까요""","""Tae-yun, this is Su-min. Could we speak for a moment?""",「テユンさん、スミンです。少しだけ通話できますか」,“泰允先生，我是秀敏。可以稍微通个话吗？”,"Case metadata, character profile, dispute, evidence, solution, or evidence-viewer surface text. Party dialogue scripts are not included here."
case_surface_content_src_data_cases_generated_friend-01_evidence_e-1_.viewerData.log.pages_2_.rows_1_.target,case_surface_content,src/data/cases/generated,friend-01,evidence[e-1].viewerData.log.pages[2].rows[1].target,김태윤,Kim Tae-yun,キム・テユン,金泰允,"Case metadata, character profile, dispute, evidence, solution, or evidence-viewer surface text. Party dialogue scripts are not included here."
case_surface_content_src_data_cases_generated_friend-01_evidence_e-1_.viewerData.log.pages_2_.rows_1_.typeLabel,case_surface_content,src/data/cases/generated,friend-01,evidence[e-1].viewerData.log.pages[2].rows[1].typeLabel,문자,Text,メッセージ,短信,"Case metadata, character profile, dispute, evidence, solution, or evidence-viewer surface text. Party dialogue scripts are not included here."
case_surface_content_src_data_cases_generated_friend-01_evidence_e-1_.viewerData.log.pages_2_.rows_10_.duration,case_surface_content,src/data/cases/generated,friend-01,evidence[e-1].viewerData.log.pages[2].rows[10].duration,부재중,Missed,不在着信,未接,"Case metadata, character profile, dispute, evidence, solution, or evidence-viewer surface text. Party dialogue scripts are not included here."
case_surface_content_src_data_cases_generated_friend-01_evidence_e-1_.viewerData.log.pages_2_.rows_10_.target,case_surface_content,src/data/cases/generated,friend-01,evidence[e-1].viewerData.log.pages[2].rows[10].target,김태윤,Kim Tae-yun,キム・テユン,金泰允,"Case metadata, character profile, dispute, evidence, solution, or evidence-viewer surface text. Party dialogue scripts are not included here."
case_surface_content_src_data_cases_generated_friend-01_evidence_e-1_.viewerData.log.pages_2_.rows_10_.typeLabel,case_surface_content,src/data/cases/generated,friend-01,evidence[e-1].viewerData.log.pages[2].rows[10].typeLabel,발신,Outgoing,発信,拨出,"Case metadata, character profile, dispute, evidence, solution, or evidence-viewer surface text. Party dialogue scripts are not included here."
case_surface_content_src_data_cases_generated_friend-01_evidence_e-1_.viewerData.log.pages_2_.rows_11_.duration,case_surface_content,src/data/cases/generated,friend-01,evidence[e-1].viewerData.log.pages[2].rows[11].duration,"""마지막으로 부탁드려요. 예전에 같은 일이 있었거든요""","""I’m asking one last time. The same thing happened before.""",「最後にお願いします。以前にも同じことがあったんです」,“最后再拜托你一次。以前也发生过同样的事。”,"Case metadata, character profile, dispute, evidence, solution, or evidence-viewer surface text. Party dialogue scripts are not included here."
case_surface_content_src_data_cases_generated_friend-01_evidence_e-1_.viewerData.log.pages_2_.rows_11_.target,case_surface_content,src/data/cases/generated,friend-01,evidence[e-1].viewerData.log.pages[2].rows[11].target,김태윤,Kim Tae-yun,キム・テユン,金泰允,"Case metadata, character profile, dispute, evidence, solution, or evidence-viewer surface text. Party dialogue scripts are not included here."
case_surface_content_src_data_cases_generated_friend-01_evidence_e-1_.viewerData.log.pages_2_.rows_11_.typeLabel,case_surface_content,src/data/cases/generated,friend-01,evidence[e-1].viewerData.log.pages[2].rows[11].typeLabel,문자,Text,メッセージ,短信,"Case metadata, character profile, dispute, evidence, solution, or evidence-viewer surface text. Party dialogue scripts are not included here."
case_surface_content_src_data_cases_generated_friend-01_evidence_e-1_.viewerData.log.pages_2_.rows_12_.duration,case_surface_content,src/data/cases/generated,friend-01,evidence[e-1].viewerData.log.pages[2].rows[12].duration,부재중 (차단 추정),Missed (blocking suspected),不在着信（ブロック推定）,未接（推定已被拉黑）,"Case metadata, character profile, dispute, evidence, solution, or evidence-viewer surface text. Party dialogue scripts are not included here."
case_surface_content_src_data_cases_generated_friend-01_evidence_e-1_.viewerData.log.pages_2_.rows_12_.target,case_surface_content,src/data/cases/generated,friend-01,evidence[e-1].viewerData.log.pages[2].rows[12].target,김태윤,Kim Tae-yun,キム・テユン,金泰允,"Case metadata, character profile, dispute, evidence, solution, or evidence-viewer surface text. Party dialogue scripts are not included here."
case_surface_content_src_data_cases_generated_friend-01_evidence_e-1_.viewerData.log.pages_2_.rows_12_.typeLabel,case_surface_content,src/data/cases/generated,friend-01,evidence[e-1].viewerData.log.pages[2].rows[12].typeLabel,발신,Outgoing,発信,拨出,"Case metadata, character profile, dispute, evidence, solution, or evidence-viewer surface text. Party dialogue scripts are not included here."
case_surface_content_src_data_cases_generated_friend-01_evidence_e-1_.viewerData.log.pages_2_.rows_13_.duration,case_surface_content,src/data/cases/generated,friend-01,evidence[e-1].viewerData.log.pages[2].rows[13].duration,"""차단하셨나 봐요. 다은이를 끌어들이고 싶지 않았는데 미안해요""","""I guess you blocked me. I’m sorry—I didn’t want to drag Da-eun into this.""",「ブロックされたみたいですね。ダウンを巻き込みたくなかったのに、すみません」,“看来你把我拉黑了。对不起，我本来不想把多恩牵扯进来的。”,"Case metadata, character profile, dispute, evidence, solution, or evidence-viewer surface text. Party dialogue scripts are not included here."
case_surface_content_src_data_cases_generated_friend-01_evidence_e-1_.viewerData.log.pages_2_.rows_13_.target,case_surface_content,src/data/cases/generated,friend-01,evidence[e-1].viewerData.log.pages[2].rows[13].target,김태윤,Kim Tae-yun,キム・テユン,金泰允,"Case metadata, character profile, dispute, evidence, solution, or evidence-viewer surface text. Party dialogue scripts are not included here."
case_surface_content_src_data_cases_generated_friend-01_evidence_e-1_.viewerData.log.pages_2_.rows_13_.typeLabel,case_surface_content,src/data/cases/generated,friend-01,evidence[e-1].viewerData.log.pages[2].rows[13].typeLabel,문자,Text,メッセージ,短信,"Case metadata, character profile, dispute, evidence, solution, or evidence-viewer surface text. Party dialogue scripts are not included here."
case_surface_content_src_data_cases_generated_friend-01_evidence_e-1_.viewerData.log.pages_2_.rows_2_.duration,case_surface_content,src/data/cases/generated,friend-01,evidence[e-1].viewerData.log.pages[2].rows[2].duration,"""지난번에 제게 선 넘는 농담을 한 걸 따지려는 게 아니에요. 다른 얘기예요""","""I’m not trying to confront you about the inappropriate joke you made to me last time. This is about something else.""",「前に私へ一線を越えた冗談を言った件を問いただしたいわけではありません。別の話です」,“我不是要追究你上次对我开过越界玩笑的事。这是另一件事。”,"Case metadata, character profile, dispute, evidence, solution, or evidence-viewer surface text. Party dialogue scripts are not included here."
case_surface_content_src_data_cases_generated_friend-01_evidence_e-1_.viewerData.log.pages_2_.rows_2_.target,case_surface_content,src/data/cases/generated,friend-01,evidence[e-1].viewerData.log.pages[2].rows[2].target,김태윤,Kim Tae-yun,キム・テユン,金泰允,"Case metadata, character profile, dispute, evidence, solution, or evidence-viewer surface text. Party dialogue scripts are not included here."
case_surface_content_src_data_cases_generated_friend-01_evidence_e-1_.viewerData.log.pages_2_.rows_2_.typeLabel,case_surface_content,src/data/cases/generated,friend-01,evidence[e-1].viewerData.log.pages[2].rows[2].typeLabel,문자,Text,メッセージ,短信,"Case metadata, character profile, dispute, evidence, solution, or evidence-viewer surface text. Party dialogue scripts are not included here."
case_surface_content_src_data_cases_generated_friend-01_evidence_e-1_.viewerData.log.pages_2_.rows_3_.duration,case_surface_content,src/data/cases/generated,friend-01,evidence[e-1].viewerData.log.pages[2].rows[3].duration,부재중,Missed,不在着信,未接,"Case metadata, character profile, dispute, evidence, solution, or evidence-viewer surface text. Party dialogue scripts are not included here."
case_surface_content_src_data_cases_generated_friend-01_evidence_e-1_.viewerData.log.pages_2_.rows_3_.target,case_surface_content,src/data/cases/generated,friend-01,evidence[e-1].viewerData.log.pages[2].rows[3].target,김태윤,Kim Tae-yun,キム・テユン,金泰允,"Case metadata, character profile, dispute, evidence, solution, or evidence-viewer surface text. Party dialogue scripts are not included here."
case_surface_content_src_data_cases_generated_friend-01_evidence_e-1_.viewerData.log.pages_2_.rows_3_.typeLabel,case_surface_content,src/data/cases/generated,friend-01,evidence[e-1].viewerData.log.pages[2].rows[3].typeLabel,발신,Outgoing,発信,拨出,"Case metadata, character profile, dispute, evidence, solution, or evidence-viewer surface text. Party dialogue scripts are not included here."
case_surface_content_src_data_cases_generated_friend-01_evidence_e-1_.viewerData.log.pages_2_.rows_4_.duration,case_surface_content,src/data/cases/generated,friend-01,evidence[e-1].viewerData.log.pages[2].rows[4].duration,"""중요한 얘기가 있어요. 다은이 관련 이야기에요""","""There’s something important to talk about. It has to do with Da-eun.""",「大事な話があります。ダウンに関する話です」,“我有重要的事要说。是关于多恩的。”,"Case metadata, character profile, dispute, evidence, solution, or evidence-viewer surface text. Party dialogue scripts are not included here."
case_surface_content_src_data_cases_generated_friend-01_evidence_e-1_.viewerData.log.pages_2_.rows_4_.target,case_surface_content,src/data/cases/generated,friend-01,evidence[e-1].viewerData.log.pages[2].rows[4].target,김태윤,Kim Tae-yun,キム・テユン,金泰允,"Case metadata, character profile, dispute, evidence, solution, or evidence-viewer surface text. Party dialogue scripts are not included here."
case_surface_content_src_data_cases_generated_friend-01_evidence_e-1_.viewerData.log.pages_2_.rows_4_.typeLabel,case_surface_content,src/data/cases/generated,friend-01,evidence[e-1].viewerData.log.pages[2].rows[4].typeLabel,문자,Text,メッセージ,短信,"Case metadata, character profile, dispute, evidence, solution, or evidence-viewer surface text. Party dialogue scripts are not included here."
case_surface_content_src_data_cases_generated_friend-01_evidence_e-1_.viewerData.log.pages_2_.rows_5_.duration,case_surface_content,src/data/cases/generated,friend-01,evidence[e-1].viewerData.log.pages[2].rows[5].duration,0분 08초 (끊김),0 min 08 sec (disconnected),0分08秒（切断）,0分08秒（中断）,"Case metadata, character profile, dispute, evidence, solution, or evidence-viewer surface text. Party dialogue scripts are not included here."
case_surface_content_src_data_cases_generated_friend-01_evidence_e-1_.viewerData.log.pages_2_.rows_5_.target,case_surface_content,src/data/cases/generated,friend-01,evidence[e-1].viewerData.log.pages[2].rows[5].target,김태윤,Kim Tae-yun,キム・テユン,金泰允,"Case metadata, character profile, dispute, evidence, solution, or evidence-viewer surface text. Party dialogue scripts are not included here."
case_surface_content_src_data_cases_generated_friend-01_evidence_e-1_.viewerData.log.pages_2_.rows_5_.typeLabel,case_surface_content,src/data/cases/generated,friend-01,evidence[e-1].viewerData.log.pages[2].rows[5].typeLabel,발신,Outgoing,発信,拨出,"Case metadata, character profile, dispute, evidence, solution, or evidence-viewer surface text. Party dialogue scripts are not included here."
case_surface_content_src_data_cases_generated_friend-01_evidence_e-1_.viewerData.log.pages_2_.rows_6_.duration,case_surface_content,src/data/cases/generated,friend-01,evidence[e-1].viewerData.log.pages[2].rows[6].duration,"""피하지 마세요. 다은이한테 지금 바로 말하기 어려워서 이러는 거예요""","""Please don’t avoid me. I’m doing this because it’s hard to tell Da-eun right now.""",「避けないでください。今すぐダウンに話すのが難しいので、こうしているんです」,“请不要躲我。我这样做是因为现在很难直接告诉多恩。”,"Case metadata, character profile, dispute, evidence, solution, or evidence-viewer surface text. Party dialogue scripts are not included here."
case_surface_content_src_data_cases_generated_friend-01_evidence_e-1_.viewerData.log.pages_2_.rows_6_.target,case_surface_content,src/data/cases/generated,friend-01,evidence[e-1].viewerData.log.pages[2].rows[6].target,김태윤,Kim Tae-yun,キム・テユン,金泰允,"Case metadata, character profile, dispute, evidence, solution, or evidence-viewer surface text. Party dialogue scripts are not included here."
case_surface_content_src_data_cases_generated_friend-01_evidence_e-1_.viewerData.log.pages_2_.rows_6_.typeLabel,case_surface_content,src/data/cases/generated,friend-01,evidence[e-1].viewerData.log.pages[2].rows[6].typeLabel,문자,Text,メッセージ,短信,"Case metadata, character profile, dispute, evidence, solution, or evidence-viewer surface text. Party dialogue scripts are not included here."
case_surface_content_src_data_cases_generated_friend-01_evidence_e-1_.viewerData.log.pages_2_.rows_7_.duration,case_surface_content,src/data/cases/generated,friend-01,evidence[e-1].viewerData.log.pages[2].rows[7].duration,"""한 번만 만나서 얘기하면 다 이해할 거예요""","""If we meet and talk just once, you’ll understand everything.""",「一度だけ会って話せば、全部わかるはずです」,“只要见一次面谈谈，你就会全都明白。”,"Case metadata, character profile, dispute, evidence, solution, or evidence-viewer surface text. Party dialogue scripts are not included here."
case_surface_content_src_data_cases_generated_friend-01_evidence_e-1_.viewerData.log.pages_2_.rows_7_.target,case_surface_content,src/data/cases/generated,friend-01,evidence[e-1].viewerData.log.pages[2].rows[7].target,김태윤,Kim Tae-yun,キム・テユン,金泰允,"Case metadata, character profile, dispute, evidence, solution, or evidence-viewer surface text. Party dialogue scripts are not included here."
case_surface_content_src_data_cases_generated_friend-01_evidence_e-1_.viewerData.log.pages_2_.rows_7_.typeLabel,case_surface_content,src/data/cases/generated,friend-01,evidence[e-1].viewerData.log.pages[2].rows[7].typeLabel,문자,Text,メッセージ,短信,"Case metadata, character profile, dispute, evidence, solution, or evidence-viewer surface text. Party dialogue scripts are not included here."
case_surface_content_src_data_cases_generated_friend-01_evidence_e-1_.viewerData.log.pages_2_.rows_8_.duration,case_surface_content,src/data/cases/generated,friend-01,evidence[e-1].viewerData.log.pages[2].rows[8].duration,1분 42초,1 min 42 sec,1分42秒,1分42秒,"Case metadata, character profile, dispute, evidence, solution, or evidence-viewer surface text. Party dialogue scripts are not included here."
case_surface_content_src_data_cases_generated_friend-01_evidence_e-1_.viewerData.log.pages_2_.rows_8_.target,case_surface_content,src/data/cases/generated,friend-01,evidence[e-1].viewerData.log.pages[2].rows[8].target,김태윤,Kim Tae-yun,キム・テユン,金泰允,"Case metadata, character profile, dispute, evidence, solution, or evidence-viewer surface text. Party dialogue scripts are not included here."
case_surface_content_src_data_cases_generated_friend-01_evidence_e-1_.viewerData.log.pages_2_.rows_8_.typeLabel,case_surface_content,src/data/cases/generated,friend-01,evidence[e-1].viewerData.log.pages[2].rows[8].typeLabel,발신,Outgoing,発信,拨出,"Case metadata, character profile, dispute, evidence, solution, or evidence-viewer surface text. Party dialogue scripts are not included here."
case_surface_content_src_data_cases_generated_friend-01_evidence_e-1_.viewerData.log.pages_2_.rows_9_.duration,case_surface_content,src/data/cases/generated,friend-01,evidence[e-1].viewerData.log.pages[2].rows[9].duration,"""저도 이러고 싶지 않아요. 다은이 일이라 그냥 넘길 수 없어요""","""I don’t want to do this either. But it concerns Da-eun, so I can’t just let it pass.""",「私もこんなことはしたくありません。ダウンのことなので、見過ごせません」,“我也不想这样。但这是多恩的事，我不能就这样放过去。”,"Case metadata, character profile, dispute, evidence, solution, or evidence-viewer surface text. Party dialogue scripts are not included here."
case_surface_content_src_data_cases_generated_friend-01_evidence_e-1_.viewerData.log.pages_2_.rows_9_.target,case_surface_content,src/data/cases/generated,friend-01,evidence[e-1].viewerData.log.pages[2].rows[9].target,김태윤,Kim Tae-yun,キム・テユン,金泰允,"Case metadata, character profile, dispute, evidence, solution, or evidence-viewer surface text. Party dialogue scripts are not included here."
case_surface_content_src_data_cases_generated_friend-01_evidence_e-1_.viewerData.log.pages_2_.rows_9_.typeLabel,case_surface_content,src/data/cases/generated,friend-01,evidence[e-1].viewerData.log.pages[2].rows[9].typeLabel,문자,Text,メッセージ,短信,"Case metadata, character profile, dispute, evidence, solution, or evidence-viewer surface text. Party dialogue scripts are not included here."
case_surface_content_src_data_cases_generated_friend-01_evidence_e-1_.viewerData.log.pages_2_.title,case_surface_content,src/data/cases/generated,friend-01,evidence[e-1].viewerData.log.pages[2].title,최수민→예비신랑 연락 기록,Choi Su-min → Fiancé Contact Logs,チェ・スミン→婚約者の連絡記録,崔秀敏→未婚夫联系记录,"Case metadata, character profile, dispute, evidence, solution, or evidence-viewer surface text. Party dialogue scripts are not included here."
case_surface_content_src_data_cases_generated_friend-01_evidence_e-1_.viewerData.log.rows_0_.duration,case_surface_content,src/data/cases/generated,friend-01,evidence[e-1].viewerData.log.rows[0].duration,0분 12초 (끊김),0 min 12 sec (disconnected),0分12秒（切断）,0分12秒（中断）,"Case metadata, character profile, dispute, evidence, solution, or evidence-viewer surface text. Party dialogue scripts are not included here."
case_surface_content_src_data_cases_generated_friend-01_evidence_e-1_.viewerData.log.rows_0_.target,case_surface_content,src/data/cases/generated,friend-01,evidence[e-1].viewerData.log.rows[0].target,김태윤 (예비신랑),Kim Tae-yun (fiancé),キム・テユン（婚約者）,金泰允（未婚夫）,"Case metadata, character profile, dispute, evidence, solution, or evidence-viewer surface text. Party dialogue scripts are not included here."
case_surface_content_src_data_cases_generated_friend-01_evidence_e-1_.viewerData.log.rows_0_.typeLabel,case_surface_content,src/data/cases/generated,friend-01,evidence[e-1].viewerData.log.rows[0].typeLabel,발신,Outgoing,発信,拨出,"Case metadata, character profile, dispute, evidence, solution, or evidence-viewer surface text. Party dialogue scripts are not included here."
case_surface_content_src_data_cases_generated_friend-01_evidence_e-1_.viewerData.log.rows_1_.duration,case_surface_content,src/data/cases/generated,friend-01,evidence[e-1].viewerData.log.rows[1].duration,"""태윤 씨, 수민입니다. 잠깐만 통화할 수 있을까요""","""Tae-yun, this is Su-min. Could we speak for a moment?""",「テユンさん、スミンです。少しだけ通話できますか」,“泰允先生，我是秀敏。可以稍微通个话吗？”,"Case metadata, character profile, dispute, evidence, solution, or evidence-viewer surface text. Party dialogue scripts are not included here."
case_surface_content_src_data_cases_generated_friend-01_evidence_e-1_.viewerData.log.rows_1_.target,case_surface_content,src/data/cases/generated,friend-01,evidence[e-1].viewerData.log.rows[1].target,김태윤,Kim Tae-yun,キム・テユン,金泰允,"Case metadata, character profile, dispute, evidence, solution, or evidence-viewer surface text. Party dialogue scripts are not included here."
case_surface_content_src_data_cases_generated_friend-01_evidence_e-1_.viewerData.log.rows_1_.typeLabel,case_surface_content,src/data/cases/generated,friend-01,evidence[e-1].viewerData.log.rows[1].typeLabel,문자,Text,メッセージ,短信,"Case metadata, character profile, dispute, evidence, solution, or evidence-viewer surface text. Party dialogue scripts are not included here."
case_surface_content_src_data_cases_generated_friend-01_evidence_e-1_.viewerData.log.rows_10_.duration,case_surface_content,src/data/cases/generated,friend-01,evidence[e-1].viewerData.log.rows[10].duration,부재중,Missed,不在着信,未接,"Case metadata, character profile, dispute, evidence, solution, or evidence-viewer surface text. Party dialogue scripts are not included here."
case_surface_content_src_data_cases_generated_friend-01_evidence_e-1_.viewerData.log.rows_10_.target,case_surface_content,src/data/cases/generated,friend-01,evidence[e-1].viewerData.log.rows[10].target,김태윤,Kim Tae-yun,キム・テユン,金泰允,"Case metadata, character profile, dispute, evidence, solution, or evidence-viewer surface text. Party dialogue scripts are not included here."
case_surface_content_src_data_cases_generated_friend-01_evidence_e-1_.viewerData.log.rows_10_.typeLabel,case_surface_content,src/data/cases/generated,friend-01,evidence[e-1].viewerData.log.rows[10].typeLabel,발신,Outgoing,発信,拨出,"Case metadata, character profile, dispute, evidence, solution, or evidence-viewer surface text. Party dialogue scripts are not included here."
case_surface_content_src_data_cases_generated_friend-01_evidence_e-1_.viewerData.log.rows_11_.duration,case_surface_content,src/data/cases/generated,friend-01,evidence[e-1].viewerData.log.rows[11].duration,"""마지막으로 부탁드려요. 예전에 같은 일이 있었거든요""","""I’m asking one last time. The same thing happened before.""",「最後にお願いします。以前にも同じことがあったんです」,“最后再拜托你一次。以前也发生过同样的事。”,"Case metadata, character profile, dispute, evidence, solution, or evidence-viewer surface text. Party dialogue scripts are not included here."
case_surface_content_src_data_cases_generated_friend-01_evidence_e-1_.viewerData.log.rows_11_.target,case_surface_content,src/data/cases/generated,friend-01,evidence[e-1].viewerData.log.rows[11].target,김태윤,Kim Tae-yun,キム・テユン,金泰允,"Case metadata, character profile, dispute, evidence, solution, or evidence-viewer surface text. Party dialogue scripts are not included here."
case_surface_content_src_data_cases_generated_friend-01_evidence_e-1_.viewerData.log.rows_11_.typeLabel,case_surface_content,src/data/cases/generated,friend-01,evidence[e-1].viewerData.log.rows[11].typeLabel,문자,Text,メッセージ,短信,"Case metadata, character profile, dispute, evidence, solution, or evidence-viewer surface text. Party dialogue scripts are not included here."
case_surface_content_src_data_cases_generated_friend-01_evidence_e-1_.viewerData.log.rows_12_.duration,case_surface_content,src/data/cases/generated,friend-01,evidence[e-1].viewerData.log.rows[12].duration,부재중 (차단 추정),Missed (blocking suspected),不在着信（ブロック推定）,未接（推定已被拉黑）,"Case metadata, character profile, dispute, evidence, solution, or evidence-viewer surface text. Party dialogue scripts are not included here."
case_surface_content_src_data_cases_generated_friend-01_evidence_e-1_.viewerData.log.rows_12_.target,case_surface_content,src/data/cases/generated,friend-01,evidence[e-1].viewerData.log.rows[12].target,김태윤,Kim Tae-yun,キム・テユン,金泰允,"Case metadata, character profile, dispute, evidence, solution, or evidence-viewer surface text. Party dialogue scripts are not included here."
case_surface_content_src_data_cases_generated_friend-01_evidence_e-1_.viewerData.log.rows_12_.typeLabel,case_surface_content,src/data/cases/generated,friend-01,evidence[e-1].viewerData.log.rows[12].typeLabel,발신,Outgoing,発信,拨出,"Case metadata, character profile, dispute, evidence, solution, or evidence-viewer surface text. Party dialogue scripts are not included here."
case_surface_content_src_data_cases_generated_friend-01_evidence_e-1_.viewerData.log.rows_13_.duration,case_surface_content,src/data/cases/generated,friend-01,evidence[e-1].viewerData.log.rows[13].duration,"""차단하셨나 봐요. 다은이를 끌어들이고 싶지 않았는데 미안해요""","""I guess you blocked me. I’m sorry—I didn’t want to drag Da-eun into this.""",「ブロックされたみたいですね。ダウンを巻き込みたくなかったのに、すみません」,“看来你把我拉黑了。对不起，我本来不想把多恩牵扯进来的。”,"Case metadata, character profile, dispute, evidence, solution, or evidence-viewer surface text. Party dialogue scripts are not included here."
case_surface_content_src_data_cases_generated_friend-01_evidence_e-1_.viewerData.log.rows_13_.target,case_surface_content,src/data/cases/generated,friend-01,evidence[e-1].viewerData.log.rows[13].target,김태윤,Kim Tae-yun,キム・テユン,金泰允,"Case metadata, character profile, dispute, evidence, solution, or evidence-viewer surface text. Party dialogue scripts are not included here."
case_surface_content_src_data_cases_generated_friend-01_evidence_e-1_.viewerData.log.rows_13_.typeLabel,case_surface_content,src/data/cases/generated,friend-01,evidence[e-1].viewerData.log.rows[13].typeLabel,문자,Text,メッセージ,短信,"Case metadata, character profile, dispute, evidence, solution, or evidence-viewer surface text. Party dialogue scripts are not included here."
case_surface_content_src_data_cases_generated_friend-01_evidence_e-1_.viewerData.log.rows_2_.duration,case_surface_content,src/data/cases/generated,friend-01,evidence[e-1].viewerData.log.rows[2].duration,"""지난번에 제게 선 넘는 농담을 한 걸 따지려는 게 아니에요. 다른 얘기예요""","""I’m not trying to confront you about the inappropriate joke you made to me last time. This is about something else.""",「前に私へ一線を越えた冗談を言った件を問いただしたいわけではありません。別の話です」,“我不是要追究你上次对我开过越界玩笑的事。这是另一件事。”,"Case metadata, character profile, dispute, evidence, solution, or evidence-viewer surface text. Party dialogue scripts are not included here."
case_surface_content_src_data_cases_generated_friend-01_evidence_e-1_.viewerData.log.rows_2_.target,case_surface_content,src/data/cases/generated,friend-01,evidence[e-1].viewerData.log.rows[2].target,김태윤,Kim Tae-yun,キム・テユン,金泰允,"Case metadata, character profile, dispute, evidence, solution, or evidence-viewer surface text. Party dialogue scripts are not included here."
case_surface_content_src_data_cases_generated_friend-01_evidence_e-1_.viewerData.log.rows_2_.typeLabel,case_surface_content,src/data/cases/generated,friend-01,evidence[e-1].viewerData.log.rows[2].typeLabel,문자,Text,メッセージ,短信,"Case metadata, character profile, dispute, evidence, solution, or evidence-viewer surface text. Party dialogue scripts are not included here."
case_surface_content_src_data_cases_generated_friend-01_evidence_e-1_.viewerData.log.rows_3_.duration,case_surface_content,src/data/cases/generated,friend-01,evidence[e-1].viewerData.log.rows[3].duration,부재중,Missed,不在着信,未接,"Case metadata, character profile, dispute, evidence, solution, or evidence-viewer surface text. Party dialogue scripts are not included here."
case_surface_content_src_data_cases_generated_friend-01_evidence_e-1_.viewerData.log.rows_3_.target,case_surface_content,src/data/cases/generated,friend-01,evidence[e-1].viewerData.log.rows[3].target,김태윤,Kim Tae-yun,キム・テユン,金泰允,"Case metadata, character profile, dispute, evidence, solution, or evidence-viewer surface text. Party dialogue scripts are not included here."
case_surface_content_src_data_cases_generated_friend-01_evidence_e-1_.viewerData.log.rows_3_.typeLabel,case_surface_content,src/data/cases/generated,friend-01,evidence[e-1].viewerData.log.rows[3].typeLabel,발신,Outgoing,発信,拨出,"Case metadata, character profile, dispute, evidence, solution, or evidence-viewer surface text. Party dialogue scripts are not included here."
case_surface_content_src_data_cases_generated_friend-01_evidence_e-1_.viewerData.log.rows_4_.duration,case_surface_content,src/data/cases/generated,friend-01,evidence[e-1].viewerData.log.rows[4].duration,"""중요한 얘기가 있어요. 다은이 관련 이야기에요""","""There’s something important to talk about. It has to do with Da-eun.""",「大事な話があります。ダウンに関する話です」,“我有重要的事要说。是关于多恩的。”,"Case metadata, character profile, dispute, evidence, solution, or evidence-viewer surface text. Party dialogue scripts are not included here."
case_surface_content_src_data_cases_generated_friend-01_evidence_e-1_.viewerData.log.rows_4_.target,case_surface_content,src/data/cases/generated,friend-01,evidence[e-1].viewerData.log.rows[4].target,김태윤,Kim Tae-yun,キム・テユン,金泰允,"Case metadata, character profile, dispute, evidence, solution, or evidence-viewer surface text. Party dialogue scripts are not included here."
case_surface_content_src_data_cases_generated_friend-01_evidence_e-1_.viewerData.log.rows_4_.typeLabel,case_surface_content,src/data/cases/generated,friend-01,evidence[e-1].viewerData.log.rows[4].typeLabel,문자,Text,メッセージ,短信,"Case metadata, character profile, dispute, evidence, solution, or evidence-viewer surface text. Party dialogue scripts are not included here."
case_surface_content_src_data_cases_generated_friend-01_evidence_e-1_.viewerData.log.rows_5_.duration,case_surface_content,src/data/cases/generated,friend-01,evidence[e-1].viewerData.log.rows[5].duration,0분 08초 (끊김),0 min 08 sec (disconnected),0分08秒（切断）,0分08秒（中断）,"Case metadata, character profile, dispute, evidence, solution, or evidence-viewer surface text. Party dialogue scripts are not included here."
case_surface_content_src_data_cases_generated_friend-01_evidence_e-1_.viewerData.log.rows_5_.target,case_surface_content,src/data/cases/generated,friend-01,evidence[e-1].viewerData.log.rows[5].target,김태윤,Kim Tae-yun,キム・テユン,金泰允,"Case metadata, character profile, dispute, evidence, solution, or evidence-viewer surface text. Party dialogue scripts are not included here."
case_surface_content_src_data_cases_generated_friend-01_evidence_e-1_.viewerData.log.rows_5_.typeLabel,case_surface_content,src/data/cases/generated,friend-01,evidence[e-1].viewerData.log.rows[5].typeLabel,발신,Outgoing,発信,拨出,"Case metadata, character profile, dispute, evidence, solution, or evidence-viewer surface text. Party dialogue scripts are not included here."
case_surface_content_src_data_cases_generated_friend-01_evidence_e-1_.viewerData.log.rows_6_.duration,case_surface_content,src/data/cases/generated,friend-01,evidence[e-1].viewerData.log.rows[6].duration,"""피하지 마세요. 다은이한테 지금 바로 말하기 어려워서 이러는 거예요""","""Please don’t avoid me. I’m doing this because it’s hard to tell Da-eun right now.""",「避けないでください。今すぐダウンに話すのが難しいので、こうしているんです」,“请不要躲我。我这样做是因为现在很难直接告诉多恩。”,"Case metadata, character profile, dispute, evidence, solution, or evidence-viewer surface text. Party dialogue scripts are not included here."
case_surface_content_src_data_cases_generated_friend-01_evidence_e-1_.viewerData.log.rows_6_.target,case_surface_content,src/data/cases/generated,friend-01,evidence[e-1].viewerData.log.rows[6].target,김태윤,Kim Tae-yun,キム・テユン,金泰允,"Case metadata, character profile, dispute, evidence, solution, or evidence-viewer surface text. Party dialogue scripts are not included here."
case_surface_content_src_data_cases_generated_friend-01_evidence_e-1_.viewerData.log.rows_6_.typeLabel,case_surface_content,src/data/cases/generated,friend-01,evidence[e-1].viewerData.log.rows[6].typeLabel,문자,Text,メッセージ,短信,"Case metadata, character profile, dispute, evidence, solution, or evidence-viewer surface text. Party dialogue scripts are not included here."
case_surface_content_src_data_cases_generated_friend-01_evidence_e-1_.viewerData.log.rows_7_.duration,case_surface_content,src/data/cases/generated,friend-01,evidence[e-1].viewerData.log.rows[7].duration,"""한 번만 만나서 얘기하면 다 이해할 거예요""","""If we meet and talk just once, you’ll understand everything.""",「一度だけ会って話せば、全部わかるはずです」,“只要见一次面谈谈，你就会全都明白。”,"Case metadata, character profile, dispute, evidence, solution, or evidence-viewer surface text. Party dialogue scripts are not included here."
case_surface_content_src_data_cases_generated_friend-01_evidence_e-1_.viewerData.log.rows_7_.target,case_surface_content,src/data/cases/generated,friend-01,evidence[e-1].viewerData.log.rows[7].target,김태윤,Kim Tae-yun,キム・テユン,金泰允,"Case metadata, character profile, dispute, evidence, solution, or evidence-viewer surface text. Party dialogue scripts are not included here."
case_surface_content_src_data_cases_generated_friend-01_evidence_e-1_.viewerData.log.rows_7_.typeLabel,case_surface_content,src/data/cases/generated,friend-01,evidence[e-1].viewerData.log.rows[7].typeLabel,문자,Text,メッセージ,短信,"Case metadata, character profile, dispute, evidence, solution, or evidence-viewer surface text. Party dialogue scripts are not included here."
case_surface_content_src_data_cases_generated_friend-01_evidence_e-1_.viewerData.log.rows_8_.duration,case_surface_content,src/data/cases/generated,friend-01,evidence[e-1].viewerData.log.rows[8].duration,1분 42초,1 min 42 sec,1分42秒,1分42秒,"Case metadata, character profile, dispute, evidence, solution, or evidence-viewer surface text. Party dialogue scripts are not included here."
case_surface_content_src_data_cases_generated_friend-01_evidence_e-1_.viewerData.log.rows_8_.target,case_surface_content,src/data/cases/generated,friend-01,evidence[e-1].viewerData.log.rows[8].target,김태윤,Kim Tae-yun,キム・テユン,金泰允,"Case metadata, character profile, dispute, evidence, solution, or evidence-viewer surface text. Party dialogue scripts are not included here."
case_surface_content_src_data_cases_generated_friend-01_evidence_e-1_.viewerData.log.rows_8_.typeLabel,case_surface_content,src/data/cases/generated,friend-01,evidence[e-1].viewerData.log.rows[8].typeLabel,발신,Outgoing,発信,拨出,"Case metadata, character profile, dispute, evidence, solution, or evidence-viewer surface text. Party dialogue scripts are not included here."
case_surface_content_src_data_cases_generated_friend-01_evidence_e-1_.viewerData.log.rows_9_.duration,case_surface_content,src/data/cases/generated,friend-01,evidence[e-1].viewerData.log.rows[9].duration,"""저도 이러고 싶지 않아요. 다은이 일이라 그냥 넘길 수 없어요""","""I don’t want to do this either. But it concerns Da-eun, so I can’t just let it pass.""",「私もこんなことはしたくありません。ダウンのことなので、見過ごせません」,“我也不想这样。但这是多恩的事，我不能就这样放过去。”,"Case metadata, character profile, dispute, evidence, solution, or evidence-viewer surface text. Party dialogue scripts are not included here."
case_surface_content_src_data_cases_generated_friend-01_evidence_e-1_.viewerData.log.rows_9_.target,case_surface_content,src/data/cases/generated,friend-01,evidence[e-1].viewerData.log.rows[9].target,김태윤,Kim Tae-yun,キム・テユン,金泰允,"Case metadata, character profile, dispute, evidence, solution, or evidence-viewer surface text. Party dialogue scripts are not included here."
case_surface_content_src_data_cases_generated_friend-01_evidence_e-1_.viewerData.log.rows_9_.typeLabel,case_surface_content,src/data/cases/generated,friend-01,evidence[e-1].viewerData.log.rows[9].typeLabel,문자,Text,メッセージ,短信,"Case metadata, character profile, dispute, evidence, solution, or evidence-viewer surface text. Party dialogue scripts are not included here."
case_surface_content_src_data_cases_generated_friend-01_evidence_e-1_.viewerData.log.title,case_surface_content,src/data/cases/generated,friend-01,evidence[e-1].viewerData.log.title,최수민→예비신랑 연락 기록,Choi Su-min → Fiancé Contact Logs,チェ・スミン→婚約者の連絡記録,崔秀敏→未婚夫联系记录,"Case metadata, character profile, dispute, evidence, solution, or evidence-viewer surface text. Party dialogue scripts are not included here."
case_surface_content_src_data_cases_generated_friend-01_evidence_e-1_.viewerData.meta.legalLabel,case_surface_content,src/data/cases/generated,friend-01,evidence[e-1].viewerData.meta.legalLabel,적법,Legal,適法,合法,"Case metadata, character profile, dispute, evidence, solution, or evidence-viewer surface text. Party dialogue scripts are not included here."
case_surface_content_src_data_cases_generated_friend-01_evidence_e-1_.viewerData.meta.name,case_surface_content,src/data/cases/generated,friend-01,evidence[e-1].viewerData.meta.name,연락 기록,Contact Logs,連絡記録,联系记录,"Case metadata, character profile, dispute, evidence, solution, or evidence-viewer surface text. Party dialogue scripts are not included here."
case_surface_content_src_data_cases_generated_friend-01_evidence_e-1_.viewerData.meta.sourceLabel,case_surface_content,src/data/cases/generated,friend-01,evidence[e-1].viewerData.meta.sourceLabel,송다은 측,Song Da-eun's Side,ソン・ダウン側,宋多恩一方,"Case metadata, character profile, dispute, evidence, solution, or evidence-viewer surface text. Party dialogue scripts are not included here."
case_surface_content_src_data_cases_generated_friend-01_evidence_e-1_.viewerData.meta.stageLabel,case_surface_content,src/data/cases/generated,friend-01,evidence[e-1].viewerData.meta.stageLabel,3단계 — 다은 관련 사유,Stage 3 — Reason Related to Da-eun,3段階 — ダウン関連の理由,第3阶段——与多恩有关的理由,"Case metadata, character profile, dispute, evidence, solution, or evidence-viewer surface text. Party dialogue scripts are not included here."
case_surface_content_src_data_cases_generated_friend-01_evidence_e-1_.viewerData.meta.trustLabel,case_surface_content,src/data/cases/generated,friend-01,evidence[e-1].viewerData.meta.trustLabel,보통,Normal,普通,普通,"Case metadata, character profile, dispute, evidence, solution, or evidence-viewer surface text. Party dialogue scripts are not included here."
case_surface_content_src_data_cases_generated_friend-01_evidence_e-1_.viewerDataByStage.1.log.note,case_surface_content,src/data/cases/generated,friend-01,evidence[e-1].viewerDataByStage.1.log.note,1쪽은 발신 횟수와 부재중 중심의 발췌다. 이 단계만으로는 최수민이 예비신랑에게 반복 연락한 사실만 보인다.,"Page 1 is an excerpt focused on outgoing-call counts and missed calls. At this stage, it only shows that Choi Su-min repeatedly contacted the fiancé.",1ページ目は、発信回数と不在着信を中心にした抜粋だ。この段階だけでは、チェ・スミンが婚約者に繰り返し連絡した事実だけが見える。,第1页是以拨出次数和未接记录为主的摘录。仅凭这一阶段，只能看出崔秀敏曾反复联系未婚夫。,"Case metadata, character profile, dispute, evidence, solution, or evidence-viewer surface text. Party dialogue scripts are not included here."
case_surface_content_src_data_cases_generated_friend-01_evidence_e-1_.viewerDataByStage.1.log.pages_0_.label,case_surface_content,src/data/cases/generated,friend-01,evidence[e-1].viewerDataByStage.1.log.pages[0].label,1쪽 발신 빈도,Page 1: Outgoing Frequency,1ページ：発信頻度,第1页：拨出频率,"Case metadata, character profile, dispute, evidence, solution, or evidence-viewer surface text. Party dialogue scripts are not included here."
case_surface_content_src_data_cases_generated_friend-01_evidence_e-1_.viewerDataByStage.1.log.pages_0_.note,case_surface_content,src/data/cases/generated,friend-01,evidence[e-1].viewerDataByStage.1.log.pages[0].note,1쪽은 발신 횟수와 부재중 중심의 발췌다. 이 단계만으로는 최수민이 예비신랑에게 반복 연락한 사실만 보인다.,"Page 1 is an excerpt focused on outgoing-call counts and missed calls. At this stage, it only shows that Choi Su-min repeatedly contacted the fiancé.",1ページ目は、発信回数と不在着信を中心にした抜粋だ。この段階だけでは、チェ・スミンが婚約者に繰り返し連絡した事実だけが見える。,第1页是以拨出次数和未接记录为主的摘录。仅凭这一阶段，只能看出崔秀敏曾反复联系未婚夫。,"Case metadata, character profile, dispute, evidence, solution, or evidence-viewer surface text. Party dialogue scripts are not included here."
case_surface_content_src_data_cases_generated_friend-01_evidence_e-1_.viewerDataByStage.1.log.pages_0_.rows_0_.date,case_surface_content,src/data/cases/generated,friend-01,evidence[e-1].viewerDataByStage.1.log.pages[0].rows[0].date,03.01 저녁,Mar. 1 evening,3月1日 夕方,3月1日晚间,"Case metadata, character profile, dispute, evidence, solution, or evidence-viewer surface text. Party dialogue scripts are not included here."
case_surface_content_src_data_cases_generated_friend-01_evidence_e-1_.viewerDataByStage.1.log.pages_0_.rows_0_.duration,case_surface_content,src/data/cases/generated,friend-01,evidence[e-1].viewerDataByStage.1.log.pages[0].rows[0].duration,짧게 끊김,Disconnected shortly after,短時間で切断,短暂接通后中断,"Case metadata, character profile, dispute, evidence, solution, or evidence-viewer surface text. Party dialogue scripts are not included here."
case_surface_content_src_data_cases_generated_friend-01_evidence_e-1_.viewerDataByStage.1.log.pages_0_.rows_0_.target,case_surface_content,src/data/cases/generated,friend-01,evidence[e-1].viewerDataByStage.1.log.pages[0].rows[0].target,김○○ (예비신랑),Kim ○○ (fiancé),キム○○（婚約者）,金○○（未婚夫）,"Case metadata, character profile, dispute, evidence, solution, or evidence-viewer surface text. Party dialogue scripts are not included here."
case_surface_content_src_data_cases_generated_friend-01_evidence_e-1_.viewerDataByStage.1.log.pages_0_.rows_0_.typeLabel,case_surface_content,src/data/cases/generated,friend-01,evidence[e-1].viewerDataByStage.1.log.pages[0].rows[0].typeLabel,발신,Outgoing,発信,拨出,"Case metadata, character profile, dispute, evidence, solution, or evidence-viewer surface text. Party dialogue scripts are not included here."
case_surface_content_src_data_cases_generated_friend-01_evidence_e-1_.viewerDataByStage.1.log.pages_0_.rows_1_.date,case_surface_content,src/data/cases/generated,friend-01,evidence[e-1].viewerDataByStage.1.log.pages[0].rows[1].date,03.01 저녁,Mar. 1 evening,3月1日 夕方,3月1日晚间,"Case metadata, character profile, dispute, evidence, solution, or evidence-viewer surface text. Party dialogue scripts are not included here."
case_surface_content_src_data_cases_generated_friend-01_evidence_e-1_.viewerDataByStage.1.log.pages_0_.rows_1_.duration,case_surface_content,src/data/cases/generated,friend-01,evidence[e-1].viewerDataByStage.1.log.pages[0].rows[1].duration,통화 요청 문구,Wording requesting a call,通話を求める文言,请求通话的措辞,"Case metadata, character profile, dispute, evidence, solution, or evidence-viewer surface text. Party dialogue scripts are not included here."
case_surface_content_src_data_cases_generated_friend-01_evidence_e-1_.viewerDataByStage.1.log.pages_0_.rows_1_.target,case_surface_content,src/data/cases/generated,friend-01,evidence[e-1].viewerDataByStage.1.log.pages[0].rows[1].target,김○○,Kim ○○,キム○○,金○○,"Case metadata, character profile, dispute, evidence, solution, or evidence-viewer surface text. Party dialogue scripts are not included here."
case_surface_content_src_data_cases_generated_friend-01_evidence_e-1_.viewerDataByStage.1.log.pages_0_.rows_1_.typeLabel,case_surface_content,src/data/cases/generated,friend-01,evidence[e-1].viewerDataByStage.1.log.pages[0].rows[1].typeLabel,문자,Text,メッセージ,短信,"Case metadata, character profile, dispute, evidence, solution, or evidence-viewer surface text. Party dialogue scripts are not included here."
case_surface_content_src_data_cases_generated_friend-01_evidence_e-1_.viewerDataByStage.1.log.pages_0_.rows_2_.date,case_surface_content,src/data/cases/generated,friend-01,evidence[e-1].viewerDataByStage.1.log.pages[0].rows[2].date,03.02 오전,Mar. 2 morning,3月2日 午前,3月2日上午,"Case metadata, character profile, dispute, evidence, solution, or evidence-viewer surface text. Party dialogue scripts are not included here."
case_surface_content_src_data_cases_generated_friend-01_evidence_e-1_.viewerDataByStage.1.log.pages_0_.rows_2_.duration,case_surface_content,src/data/cases/generated,friend-01,evidence[e-1].viewerDataByStage.1.log.pages[0].rows[2].duration,중요한 이야기 요청,Request to discuss something important,重要な話を求める文言,请求谈重要事情,"Case metadata, character profile, dispute, evidence, solution, or evidence-viewer surface text. Party dialogue scripts are not included here."
case_surface_content_src_data_cases_generated_friend-01_evidence_e-1_.viewerDataByStage.1.log.pages_0_.rows_2_.target,case_surface_content,src/data/cases/generated,friend-01,evidence[e-1].viewerDataByStage.1.log.pages[0].rows[2].target,김○○,Kim ○○,キム○○,金○○,"Case metadata, character profile, dispute, evidence, solution, or evidence-viewer surface text. Party dialogue scripts are not included here."
case_surface_content_src_data_cases_generated_friend-01_evidence_e-1_.viewerDataByStage.1.log.pages_0_.rows_2_.typeLabel,case_surface_content,src/data/cases/generated,friend-01,evidence[e-1].viewerDataByStage.1.log.pages[0].rows[2].typeLabel,문자,Text,メッセージ,短信,"Case metadata, character profile, dispute, evidence, solution, or evidence-viewer surface text. Party dialogue scripts are not included here."
case_surface_content_src_data_cases_generated_friend-01_evidence_e-1_.viewerDataByStage.1.log.pages_0_.rows_3_.date,case_surface_content,src/data/cases/generated,friend-01,evidence[e-1].viewerDataByStage.1.log.pages[0].rows[3].date,03.02 저녁,Mar. 2 evening,3月2日 夕方,3月2日晚间,"Case metadata, character profile, dispute, evidence, solution, or evidence-viewer surface text. Party dialogue scripts are not included here."
case_surface_content_src_data_cases_generated_friend-01_evidence_e-1_.viewerDataByStage.1.log.pages_0_.rows_3_.duration,case_surface_content,src/data/cases/generated,friend-01,evidence[e-1].viewerDataByStage.1.log.pages[0].rows[3].duration,부재중,Missed,不在着信,未接,"Case metadata, character profile, dispute, evidence, solution, or evidence-viewer surface text. Party dialogue scripts are not included here."
case_surface_content_src_data_cases_generated_friend-01_evidence_e-1_.viewerDataByStage.1.log.pages_0_.rows_3_.target,case_surface_content,src/data/cases/generated,friend-01,evidence[e-1].viewerDataByStage.1.log.pages[0].rows[3].target,김○○,Kim ○○,キム○○,金○○,"Case metadata, character profile, dispute, evidence, solution, or evidence-viewer surface text. Party dialogue scripts are not included here."
case_surface_content_src_data_cases_generated_friend-01_evidence_e-1_.viewerDataByStage.1.log.pages_0_.rows_3_.typeLabel,case_surface_content,src/data/cases/generated,friend-01,evidence[e-1].viewerDataByStage.1.log.pages[0].rows[3].typeLabel,발신,Outgoing,発信,拨出,"Case metadata, character profile, dispute, evidence, solution, or evidence-viewer surface text. Party dialogue scripts are not included here."
case_surface_content_src_data_cases_generated_friend-01_evidence_e-1_.viewerDataByStage.1.log.pages_0_.rows_4_.date,case_surface_content,src/data/cases/generated,friend-01,evidence[e-1].viewerDataByStage.1.log.pages[0].rows[4].date,03.03 오전,Mar. 3 morning,3月3日 午前,3月3日上午,"Case metadata, character profile, dispute, evidence, solution, or evidence-viewer surface text. Party dialogue scripts are not included here."
case_surface_content_src_data_cases_generated_friend-01_evidence_e-1_.viewerDataByStage.1.log.pages_0_.rows_4_.duration,case_surface_content,src/data/cases/generated,friend-01,evidence[e-1].viewerDataByStage.1.log.pages[0].rows[4].duration,결혼 전 확인 요청,Request to confirm before the wedding,結婚前の確認要請,结婚前确认请求,"Case metadata, character profile, dispute, evidence, solution, or evidence-viewer surface text. Party dialogue scripts are not included here."
case_surface_content_src_data_cases_generated_friend-01_evidence_e-1_.viewerDataByStage.1.log.pages_0_.rows_4_.target,case_surface_content,src/data/cases/generated,friend-01,evidence[e-1].viewerDataByStage.1.log.pages[0].rows[4].target,김○○,Kim ○○,キム○○,金○○,"Case metadata, character profile, dispute, evidence, solution, or evidence-viewer surface text. Party dialogue scripts are not included here."
case_surface_content_src_data_cases_generated_friend-01_evidence_e-1_.viewerDataByStage.1.log.pages_0_.rows_4_.typeLabel,case_surface_content,src/data/cases/generated,friend-01,evidence[e-1].viewerDataByStage.1.log.pages[0].rows[4].typeLabel,문자,Text,メッセージ,短信,"Case metadata, character profile, dispute, evidence, solution, or evidence-viewer surface text. Party dialogue scripts are not included here."
case_surface_content_src_data_cases_generated_friend-01_evidence_e-1_.viewerDataByStage.1.log.pages_0_.rows_5_.date,case_surface_content,src/data/cases/generated,friend-01,evidence[e-1].viewerDataByStage.1.log.pages[0].rows[5].date,03.04 낮,Mar. 4 daytime,3月4日 昼,3月4日白天,"Case metadata, character profile, dispute, evidence, solution, or evidence-viewer surface text. Party dialogue scripts are not included here."
case_surface_content_src_data_cases_generated_friend-01_evidence_e-1_.viewerDataByStage.1.log.pages_0_.rows_5_.duration,case_surface_content,src/data/cases/generated,friend-01,evidence[e-1].viewerDataByStage.1.log.pages[0].rows[5].duration,짧게 끊김,Disconnected shortly after,短時間で切断,短暂接通后中断,"Case metadata, character profile, dispute, evidence, solution, or evidence-viewer surface text. Party dialogue scripts are not included here."
case_surface_content_src_data_cases_generated_friend-01_evidence_e-1_.viewerDataByStage.1.log.pages_0_.rows_5_.target,case_surface_content,src/data/cases/generated,friend-01,evidence[e-1].viewerDataByStage.1.log.pages[0].rows[5].target,김○○,Kim ○○,キム○○,金○○,"Case metadata, character profile, dispute, evidence, solution, or evidence-viewer surface text. Party dialogue scripts are not included here."
case_surface_content_src_data_cases_generated_friend-01_evidence_e-1_.viewerDataByStage.1.log.pages_0_.rows_5_.typeLabel,case_surface_content,src/data/cases/generated,friend-01,evidence[e-1].viewerDataByStage.1.log.pages[0].rows[5].typeLabel,발신,Outgoing,発信,拨出,"Case metadata, character profile, dispute, evidence, solution, or evidence-viewer surface text. Party dialogue scripts are not included here."
case_surface_content_src_data_cases_generated_friend-01_evidence_e-1_.viewerDataByStage.1.log.pages_0_.rows_6_.date,case_surface_content,src/data/cases/generated,friend-01,evidence[e-1].viewerDataByStage.1.log.pages[0].rows[6].date,03.05 밤,Mar. 5 night,3月5日 夜,3月5日夜间,"Case metadata, character profile, dispute, evidence, solution, or evidence-viewer surface text. Party dialogue scripts are not included here."
case_surface_content_src_data_cases_generated_friend-01_evidence_e-1_.viewerDataByStage.1.log.pages_0_.rows_6_.duration,case_surface_content,src/data/cases/generated,friend-01,evidence[e-1].viewerDataByStage.1.log.pages[0].rows[6].duration,한 번만 만나자는 문구,Wording asking to meet just once,一度だけ会おうという文言,请求只见一次的措辞,"Case metadata, character profile, dispute, evidence, solution, or evidence-viewer surface text. Party dialogue scripts are not included here."
case_surface_content_src_data_cases_generated_friend-01_evidence_e-1_.viewerDataByStage.1.log.pages_0_.rows_6_.target,case_surface_content,src/data/cases/generated,friend-01,evidence[e-1].viewerDataByStage.1.log.pages[0].rows[6].target,김○○,Kim ○○,キム○○,金○○,"Case metadata, character profile, dispute, evidence, solution, or evidence-viewer surface text. Party dialogue scripts are not included here."
case_surface_content_src_data_cases_generated_friend-01_evidence_e-1_.viewerDataByStage.1.log.pages_0_.rows_6_.typeLabel,case_surface_content,src/data/cases/generated,friend-01,evidence[e-1].viewerDataByStage.1.log.pages[0].rows[6].typeLabel,문자,Text,メッセージ,短信,"Case metadata, character profile, dispute, evidence, solution, or evidence-viewer surface text. Party dialogue scripts are not included here."
case_surface_content_src_data_cases_generated_friend-01_evidence_e-1_.viewerDataByStage.1.log.pages_0_.title,case_surface_content,src/data/cases/generated,friend-01,evidence[e-1].viewerDataByStage.1.log.pages[0].title,최수민→예비신랑 연락 기록,Choi Su-min → Fiancé Contact Logs,チェ・スミン→婚約者の連絡記録,崔秀敏→未婚夫联系记录,"Case metadata, character profile, dispute, evidence, solution, or evidence-viewer surface text. Party dialogue scripts are not included here."
case_surface_content_src_data_cases_generated_friend-01_evidence_e-1_.viewerDataByStage.1.log.rows_0_.date,case_surface_content,src/data/cases/generated,friend-01,evidence[e-1].viewerDataByStage.1.log.rows[0].date,03.01 저녁,Mar. 1 evening,3月1日 夕方,3月1日晚间,"Case metadata, character profile, dispute, evidence, solution, or evidence-viewer surface text. Party dialogue scripts are not included here."
case_surface_content_src_data_cases_generated_friend-01_evidence_e-1_.viewerDataByStage.1.log.rows_0_.duration,case_surface_content,src/data/cases/generated,friend-01,evidence[e-1].viewerDataByStage.1.log.rows[0].duration,짧게 끊김,Disconnected shortly after,短時間で切断,短暂接通后中断,"Case metadata, character profile, dispute, evidence, solution, or evidence-viewer surface text. Party dialogue scripts are not included here."
case_surface_content_src_data_cases_generated_friend-01_evidence_e-1_.viewerDataByStage.1.log.rows_0_.target,case_surface_content,src/data/cases/generated,friend-01,evidence[e-1].viewerDataByStage.1.log.rows[0].target,김○○ (예비신랑),Kim ○○ (fiancé),キム○○（婚約者）,金○○（未婚夫）,"Case metadata, character profile, dispute, evidence, solution, or evidence-viewer surface text. Party dialogue scripts are not included here."
case_surface_content_src_data_cases_generated_friend-01_evidence_e-1_.viewerDataByStage.1.log.rows_0_.typeLabel,case_surface_content,src/data/cases/generated,friend-01,evidence[e-1].viewerDataByStage.1.log.rows[0].typeLabel,발신,Outgoing,発信,拨出,"Case metadata, character profile, dispute, evidence, solution, or evidence-viewer surface text. Party dialogue scripts are not included here."
case_surface_content_src_data_cases_generated_friend-01_evidence_e-1_.viewerDataByStage.1.log.rows_1_.date,case_surface_content,src/data/cases/generated,friend-01,evidence[e-1].viewerDataByStage.1.log.rows[1].date,03.01 저녁,Mar. 1 evening,3月1日 夕方,3月1日晚间,"Case metadata, character profile, dispute, evidence, solution, or evidence-viewer surface text. Party dialogue scripts are not included here."
case_surface_content_src_data_cases_generated_friend-01_evidence_e-1_.viewerDataByStage.1.log.rows_1_.duration,case_surface_content,src/data/cases/generated,friend-01,evidence[e-1].viewerDataByStage.1.log.rows[1].duration,통화 요청 문구,Wording requesting a call,通話を求める文言,请求通话的措辞,"Case metadata, character profile, dispute, evidence, solution, or evidence-viewer surface text. Party dialogue scripts are not included here."
case_surface_content_src_data_cases_generated_friend-01_evidence_e-1_.viewerDataByStage.1.log.rows_1_.target,case_surface_content,src/data/cases/generated,friend-01,evidence[e-1].viewerDataByStage.1.log.rows[1].target,김○○,Kim ○○,キム○○,金○○,"Case metadata, character profile, dispute, evidence, solution, or evidence-viewer surface text. Party dialogue scripts are not included here."
case_surface_content_src_data_cases_generated_friend-01_evidence_e-1_.viewerDataByStage.1.log.rows_1_.typeLabel,case_surface_content,src/data/cases/generated,friend-01,evidence[e-1].viewerDataByStage.1.log.rows[1].typeLabel,문자,Text,メッセージ,短信,"Case metadata, character profile, dispute, evidence, solution, or evidence-viewer surface text. Party dialogue scripts are not included here."
case_surface_content_src_data_cases_generated_friend-01_evidence_e-1_.viewerDataByStage.1.log.rows_2_.date,case_surface_content,src/data/cases/generated,friend-01,evidence[e-1].viewerDataByStage.1.log.rows[2].date,03.02 오전,Mar. 2 morning,3月2日 午前,3月2日上午,"Case metadata, character profile, dispute, evidence, solution, or evidence-viewer surface text. Party dialogue scripts are not included here."
case_surface_content_src_data_cases_generated_friend-01_evidence_e-1_.viewerDataByStage.1.log.rows_2_.duration,case_surface_content,src/data/cases/generated,friend-01,evidence[e-1].viewerDataByStage.1.log.rows[2].duration,중요한 이야기 요청,Request to discuss something important,重要な話を求める文言,请求谈重要事情,"Case metadata, character profile, dispute, evidence, solution, or evidence-viewer surface text. Party dialogue scripts are not included here."
case_surface_content_src_data_cases_generated_friend-01_evidence_e-1_.viewerDataByStage.1.log.rows_2_.target,case_surface_content,src/data/cases/generated,friend-01,evidence[e-1].viewerDataByStage.1.log.rows[2].target,김○○,Kim ○○,キム○○,金○○,"Case metadata, character profile, dispute, evidence, solution, or evidence-viewer surface text. Party dialogue scripts are not included here."
case_surface_content_src_data_cases_generated_friend-01_evidence_e-1_.viewerDataByStage.1.log.rows_2_.typeLabel,case_surface_content,src/data/cases/generated,friend-01,evidence[e-1].viewerDataByStage.1.log.rows[2].typeLabel,문자,Text,メッセージ,短信,"Case metadata, character profile, dispute, evidence, solution, or evidence-viewer surface text. Party dialogue scripts are not included here."
case_surface_content_src_data_cases_generated_friend-01_evidence_e-1_.viewerDataByStage.1.log.rows_3_.date,case_surface_content,src/data/cases/generated,friend-01,evidence[e-1].viewerDataByStage.1.log.rows[3].date,03.02 저녁,Mar. 2 evening,3月2日 夕方,3月2日晚间,"Case metadata, character profile, dispute, evidence, solution, or evidence-viewer surface text. Party dialogue scripts are not included here."
case_surface_content_src_data_cases_generated_friend-01_evidence_e-1_.viewerDataByStage.1.log.rows_3_.duration,case_surface_content,src/data/cases/generated,friend-01,evidence[e-1].viewerDataByStage.1.log.rows[3].duration,부재중,Missed,不在着信,未接,"Case metadata, character profile, dispute, evidence, solution, or evidence-viewer surface text. Party dialogue scripts are not included here."
case_surface_content_src_data_cases_generated_friend-01_evidence_e-1_.viewerDataByStage.1.log.rows_3_.target,case_surface_content,src/data/cases/generated,friend-01,evidence[e-1].viewerDataByStage.1.log.rows[3].target,김○○,Kim ○○,キム○○,金○○,"Case metadata, character profile, dispute, evidence, solution, or evidence-viewer surface text. Party dialogue scripts are not included here."
case_surface_content_src_data_cases_generated_friend-01_evidence_e-1_.viewerDataByStage.1.log.rows_3_.typeLabel,case_surface_content,src/data/cases/generated,friend-01,evidence[e-1].viewerDataByStage.1.log.rows[3].typeLabel,발신,Outgoing,発信,拨出,"Case metadata, character profile, dispute, evidence, solution, or evidence-viewer surface text. Party dialogue scripts are not included here."
case_surface_content_src_data_cases_generated_friend-01_evidence_e-1_.viewerDataByStage.1.log.rows_4_.date,case_surface_content,src/data/cases/generated,friend-01,evidence[e-1].viewerDataByStage.1.log.rows[4].date,03.03 오전,Mar. 3 morning,3月3日 午前,3月3日上午,"Case metadata, character profile, dispute, evidence, solution, or evidence-viewer surface text. Party dialogue scripts are not included here."
case_surface_content_src_data_cases_generated_friend-01_evidence_e-1_.viewerDataByStage.1.log.rows_4_.duration,case_surface_content,src/data/cases/generated,friend-01,evidence[e-1].viewerDataByStage.1.log.rows[4].duration,결혼 전 확인 요청,Request to confirm before the wedding,結婚前の確認要請,结婚前确认请求,"Case metadata, character profile, dispute, evidence, solution, or evidence-viewer surface text. Party dialogue scripts are not included here."
case_surface_content_src_data_cases_generated_friend-01_evidence_e-1_.viewerDataByStage.1.log.rows_4_.target,case_surface_content,src/data/cases/generated,friend-01,evidence[e-1].viewerDataByStage.1.log.rows[4].target,김○○,Kim ○○,キム○○,金○○,"Case metadata, character profile, dispute, evidence, solution, or evidence-viewer surface text. Party dialogue scripts are not included here."
case_surface_content_src_data_cases_generated_friend-01_evidence_e-1_.viewerDataByStage.1.log.rows_4_.typeLabel,case_surface_content,src/data/cases/generated,friend-01,evidence[e-1].viewerDataByStage.1.log.rows[4].typeLabel,문자,Text,メッセージ,短信,"Case metadata, character profile, dispute, evidence, solution, or evidence-viewer surface text. Party dialogue scripts are not included here."
case_surface_content_src_data_cases_generated_friend-01_evidence_e-1_.viewerDataByStage.1.log.rows_5_.date,case_surface_content,src/data/cases/generated,friend-01,evidence[e-1].viewerDataByStage.1.log.rows[5].date,03.04 낮,Mar. 4 daytime,3月4日 昼,3月4日白天,"Case metadata, character profile, dispute, evidence, solution, or evidence-viewer surface text. Party dialogue scripts are not included here."
case_surface_content_src_data_cases_generated_friend-01_evidence_e-1_.viewerDataByStage.1.log.rows_5_.duration,case_surface_content,src/data/cases/generated,friend-01,evidence[e-1].viewerDataByStage.1.log.rows[5].duration,짧게 끊김,Disconnected shortly after,短時間で切断,短暂接通后中断,"Case metadata, character profile, dispute, evidence, solution, or evidence-viewer surface text. Party dialogue scripts are not included here."
case_surface_content_src_data_cases_generated_friend-01_evidence_e-1_.viewerDataByStage.1.log.rows_5_.target,case_surface_content,src/data/cases/generated,friend-01,evidence[e-1].viewerDataByStage.1.log.rows[5].target,김○○,Kim ○○,キム○○,金○○,"Case metadata, character profile, dispute, evidence, solution, or evidence-viewer surface text. Party dialogue scripts are not included here."
case_surface_content_src_data_cases_generated_friend-01_evidence_e-1_.viewerDataByStage.1.log.rows_5_.typeLabel,case_surface_content,src/data/cases/generated,friend-01,evidence[e-1].viewerDataByStage.1.log.rows[5].typeLabel,발신,Outgoing,発信,拨出,"Case metadata, character profile, dispute, evidence, solution, or evidence-viewer surface text. Party dialogue scripts are not included here."
case_surface_content_src_data_cases_generated_friend-01_evidence_e-1_.viewerDataByStage.1.log.rows_6_.date,case_surface_content,src/data/cases/generated,friend-01,evidence[e-1].viewerDataByStage.1.log.rows[6].date,03.05 밤,Mar. 5 night,3月5日 夜,3月5日夜间,"Case metadata, character profile, dispute, evidence, solution, or evidence-viewer surface text. Party dialogue scripts are not included here."
case_surface_content_src_data_cases_generated_friend-01_evidence_e-1_.viewerDataByStage.1.log.rows_6_.duration,case_surface_content,src/data/cases/generated,friend-01,evidence[e-1].viewerDataByStage.1.log.rows[6].duration,한 번만 만나자는 문구,Wording asking to meet just once,一度だけ会おうという文言,请求只见一次的措辞,"Case metadata, character profile, dispute, evidence, solution, or evidence-viewer surface text. Party dialogue scripts are not included here."
case_surface_content_src_data_cases_generated_friend-01_evidence_e-1_.viewerDataByStage.1.log.rows_6_.target,case_surface_content,src/data/cases/generated,friend-01,evidence[e-1].viewerDataByStage.1.log.rows[6].target,김○○,Kim ○○,キム○○,金○○,"Case metadata, character profile, dispute, evidence, solution, or evidence-viewer surface text. Party dialogue scripts are not included here."
case_surface_content_src_data_cases_generated_friend-01_evidence_e-1_.viewerDataByStage.1.log.rows_6_.typeLabel,case_surface_content,src/data/cases/generated,friend-01,evidence[e-1].viewerDataByStage.1.log.rows[6].typeLabel,문자,Text,メッセージ,短信,"Case metadata, character profile, dispute, evidence, solution, or evidence-viewer surface text. Party dialogue scripts are not included here."
case_surface_content_src_data_cases_generated_friend-01_evidence_e-1_.viewerDataByStage.1.log.title,case_surface_content,src/data/cases/generated,friend-01,evidence[e-1].viewerDataByStage.1.log.title,최수민→예비신랑 연락 기록,Choi Su-min → Fiancé Contact Logs,チェ・スミン→婚約者の連絡記録,崔秀敏→未婚夫联系记录,"Case metadata, character profile, dispute, evidence, solution, or evidence-viewer surface text. Party dialogue scripts are not included here."
case_surface_content_src_data_cases_generated_friend-01_evidence_e-1_.viewerDataByStage.1.meta.legalLabel,case_surface_content,src/data/cases/generated,friend-01,evidence[e-1].viewerDataByStage.1.meta.legalLabel,적법,Legal,適法,合法,"Case metadata, character profile, dispute, evidence, solution, or evidence-viewer surface text. Party dialogue scripts are not included here."
case_surface_content_src_data_cases_generated_friend-01_evidence_e-1_.viewerDataByStage.1.meta.name,case_surface_content,src/data/cases/generated,friend-01,evidence[e-1].viewerDataByStage.1.meta.name,연락 기록,Contact Logs,連絡記録,联系记录,"Case metadata, character profile, dispute, evidence, solution, or evidence-viewer surface text. Party dialogue scripts are not included here."
case_surface_content_src_data_cases_generated_friend-01_evidence_e-1_.viewerDataByStage.1.meta.redactions_0,case_surface_content,src/data/cases/generated,friend-01,evidence[e-1].viewerDataByStage.1.meta.redactions[0],수신자 이름 일부 마스킹,Recipient name partially masked,受信者名を一部マスキング,收件人姓名部分遮盖,"Case metadata, character profile, dispute, evidence, solution, or evidence-viewer surface text. Party dialogue scripts are not included here."
case_surface_content_src_data_cases_generated_friend-01_evidence_e-1_.viewerDataByStage.1.meta.redactions_1,case_surface_content,src/data/cases/generated,friend-01,evidence[e-1].viewerDataByStage.1.meta.redactions[1],문자 원문 축약,Original text messages abbreviated,メッセージ原文を要約,短信原文节略,"Case metadata, character profile, dispute, evidence, solution, or evidence-viewer surface text. Party dialogue scripts are not included here."
case_surface_content_src_data_cases_generated_friend-01_evidence_e-1_.viewerDataByStage.1.meta.sourceLabel,case_surface_content,src/data/cases/generated,friend-01,evidence[e-1].viewerDataByStage.1.meta.sourceLabel,송다은 측,Song Da-eun's Side,ソン・ダウン側,宋多恩一方,"Case metadata, character profile, dispute, evidence, solution, or evidence-viewer surface text. Party dialogue scripts are not included here."
case_surface_content_src_data_cases_generated_friend-01_evidence_e-1_.viewerDataByStage.1.meta.stageLabel,case_surface_content,src/data/cases/generated,friend-01,evidence[e-1].viewerDataByStage.1.meta.stageLabel,1단계 — 발신 빈도,Stage 1 — Outgoing Frequency,1段階 — 発信頻度,第1阶段——拨出频率,"Case metadata, character profile, dispute, evidence, solution, or evidence-viewer surface text. Party dialogue scripts are not included here."
case_surface_content_src_data_cases_generated_friend-01_evidence_e-1_.viewerDataByStage.1.meta.trustLabel,case_surface_content,src/data/cases/generated,friend-01,evidence[e-1].viewerDataByStage.1.meta.trustLabel,보통,Normal,普通,普通,"Case metadata, character profile, dispute, evidence, solution, or evidence-viewer surface text. Party dialogue scripts are not included here."
case_surface_content_src_data_cases_generated_friend-01_evidence_e-1_.viewerDataByStage.2.log.note,case_surface_content,src/data/cases/generated,friend-01,evidence[e-1].viewerDataByStage.2.log.note,"2쪽은 일부 원문을 복원한다. 최수민이 태윤과의 사적인 문제를 따지려는 연락은 아닌 듯하지만, 정확한 목적은 아직 봉인되어 있다.","Page 2 restores some of the original text. Choi Su-min’s contact does not seem to be about confronting Tae-yun over a private matter, but the exact purpose remains sealed.",2ページ目では原文の一部が復元される。チェ・スミンがテユンとの私的な問題を問いただそうとした連絡ではなさそうだが、正確な目的はまだ封印されている。,第2页恢复了部分原文。崔秀敏的联系似乎并不是为了追问她与泰允之间的私人问题，但准确目的仍被封存。,"Case metadata, character profile, dispute, evidence, solution, or evidence-viewer surface text. Party dialogue scripts are not included here."
case_surface_content_src_data_cases_generated_friend-01_evidence_e-1_.viewerDataByStage.2.log.pages_0_.label,case_surface_content,src/data/cases/generated,friend-01,evidence[e-1].viewerDataByStage.2.log.pages[0].label,1쪽 발신 빈도,Page 1: Outgoing Frequency,1ページ：発信頻度,第1页：拨出频率,"Case metadata, character profile, dispute, evidence, solution, or evidence-viewer surface text. Party dialogue scripts are not included here."
case_surface_content_src_data_cases_generated_friend-01_evidence_e-1_.viewerDataByStage.2.log.pages_0_.note,case_surface_content,src/data/cases/generated,friend-01,evidence[e-1].viewerDataByStage.2.log.pages[0].note,1쪽은 발신 횟수와 부재중 중심의 발췌다. 이 단계만으로는 최수민이 예비신랑에게 반복 연락한 사실만 보인다.,"Page 1 is an excerpt focused on outgoing-call counts and missed calls. At this stage, it only shows that Choi Su-min repeatedly contacted the fiancé.",1ページ目は、発信回数と不在着信を中心にした抜粋だ。この段階だけでは、チェ・スミンが婚約者に繰り返し連絡した事実だけが見える。,第1页是以拨出次数和未接记录为主的摘录。仅凭这一阶段，只能看出崔秀敏曾反复联系未婚夫。,"Case metadata, character profile, dispute, evidence, solution, or evidence-viewer surface text. Party dialogue scripts are not included here."
case_surface_content_src_data_cases_generated_friend-01_evidence_e-1_.viewerDataByStage.2.log.pages_0_.rows_0_.date,case_surface_content,src/data/cases/generated,friend-01,evidence[e-1].viewerDataByStage.2.log.pages[0].rows[0].date,03.01 저녁,Mar. 1 evening,3月1日 夕方,3月1日晚间,"Case metadata, character profile, dispute, evidence, solution, or evidence-viewer surface text. Party dialogue scripts are not included here."
case_surface_content_src_data_cases_generated_friend-01_evidence_e-1_.viewerDataByStage.2.log.pages_0_.rows_0_.duration,case_surface_content,src/data/cases/generated,friend-01,evidence[e-1].viewerDataByStage.2.log.pages[0].rows[0].duration,짧게 끊김,Disconnected shortly after,短時間で切断,短暂接通后中断,"Case metadata, character profile, dispute, evidence, solution, or evidence-viewer surface text. Party dialogue scripts are not included here."
case_surface_content_src_data_cases_generated_friend-01_evidence_e-1_.viewerDataByStage.2.log.pages_0_.rows_0_.target,case_surface_content,src/data/cases/generated,friend-01,evidence[e-1].viewerDataByStage.2.log.pages[0].rows[0].target,김○○ (예비신랑),Kim ○○ (fiancé),キム○○（婚約者）,金○○（未婚夫）,"Case metadata, character profile, dispute, evidence, solution, or evidence-viewer surface text. Party dialogue scripts are not included here."
case_surface_content_src_data_cases_generated_friend-01_evidence_e-1_.viewerDataByStage.2.log.pages_0_.rows_0_.typeLabel,case_surface_content,src/data/cases/generated,friend-01,evidence[e-1].viewerDataByStage.2.log.pages[0].rows[0].typeLabel,발신,Outgoing,発信,拨出,"Case metadata, character profile, dispute, evidence, solution, or evidence-viewer surface text. Party dialogue scripts are not included here."
case_surface_content_src_data_cases_generated_friend-01_evidence_e-1_.viewerDataByStage.2.log.pages_0_.rows_1_.date,case_surface_content,src/data/cases/generated,friend-01,evidence[e-1].viewerDataByStage.2.log.pages[0].rows[1].date,03.01 저녁,Mar. 1 evening,3月1日 夕方,3月1日晚间,"Case metadata, character profile, dispute, evidence, solution, or evidence-viewer surface text. Party dialogue scripts are not included here."
case_surface_content_src_data_cases_generated_friend-01_evidence_e-1_.viewerDataByStage.2.log.pages_0_.rows_1_.duration,case_surface_content,src/data/cases/generated,friend-01,evidence[e-1].viewerDataByStage.2.log.pages[0].rows[1].duration,통화 요청 문구,Wording requesting a call,通話を求める文言,请求通话的措辞,"Case metadata, character profile, dispute, evidence, solution, or evidence-viewer surface text. Party dialogue scripts are not included here."
case_surface_content_src_data_cases_generated_friend-01_evidence_e-1_.viewerDataByStage.2.log.pages_0_.rows_1_.target,case_surface_content,src/data/cases/generated,friend-01,evidence[e-1].viewerDataByStage.2.log.pages[0].rows[1].target,김○○,Kim ○○,キム○○,金○○,"Case metadata, character profile, dispute, evidence, solution, or evidence-viewer surface text. Party dialogue scripts are not included here."
case_surface_content_src_data_cases_generated_friend-01_evidence_e-1_.viewerDataByStage.2.log.pages_0_.rows_1_.typeLabel,case_surface_content,src/data/cases/generated,friend-01,evidence[e-1].viewerDataByStage.2.log.pages[0].rows[1].typeLabel,문자,Text,メッセージ,短信,"Case metadata, character profile, dispute, evidence, solution, or evidence-viewer surface text. Party dialogue scripts are not included here."
case_surface_content_src_data_cases_generated_friend-01_evidence_e-1_.viewerDataByStage.2.log.pages_0_.rows_2_.date,case_surface_content,src/data/cases/generated,friend-01,evidence[e-1].viewerDataByStage.2.log.pages[0].rows[2].date,03.02 오전,Mar. 2 morning,3月2日 午前,3月2日上午,"Case metadata, character profile, dispute, evidence, solution, or evidence-viewer surface text. Party dialogue scripts are not included here."
case_surface_content_src_data_cases_generated_friend-01_evidence_e-1_.viewerDataByStage.2.log.pages_0_.rows_2_.duration,case_surface_content,src/data/cases/generated,friend-01,evidence[e-1].viewerDataByStage.2.log.pages[0].rows[2].duration,중요한 이야기 요청,Request to discuss something important,重要な話を求める文言,请求谈重要事情,"Case metadata, character profile, dispute, evidence, solution, or evidence-viewer surface text. Party dialogue scripts are not included here."
case_surface_content_src_data_cases_generated_friend-01_evidence_e-1_.viewerDataByStage.2.log.pages_0_.rows_2_.target,case_surface_content,src/data/cases/generated,friend-01,evidence[e-1].viewerDataByStage.2.log.pages[0].rows[2].target,김○○,Kim ○○,キム○○,金○○,"Case metadata, character profile, dispute, evidence, solution, or evidence-viewer surface text. Party dialogue scripts are not included here."
case_surface_content_src_data_cases_generated_friend-01_evidence_e-1_.viewerDataByStage.2.log.pages_0_.rows_2_.typeLabel,case_surface_content,src/data/cases/generated,friend-01,evidence[e-1].viewerDataByStage.2.log.pages[0].rows[2].typeLabel,문자,Text,メッセージ,短信,"Case metadata, character profile, dispute, evidence, solution, or evidence-viewer surface text. Party dialogue scripts are not included here."
case_surface_content_src_data_cases_generated_friend-01_evidence_e-1_.viewerDataByStage.2.log.pages_0_.rows_3_.date,case_surface_content,src/data/cases/generated,friend-01,evidence[e-1].viewerDataByStage.2.log.pages[0].rows[3].date,03.02 저녁,Mar. 2 evening,3月2日 夕方,3月2日晚间,"Case metadata, character profile, dispute, evidence, solution, or evidence-viewer surface text. Party dialogue scripts are not included here."
case_surface_content_src_data_cases_generated_friend-01_evidence_e-1_.viewerDataByStage.2.log.pages_0_.rows_3_.duration,case_surface_content,src/data/cases/generated,friend-01,evidence[e-1].viewerDataByStage.2.log.pages[0].rows[3].duration,부재중,Missed,不在着信,未接,"Case metadata, character profile, dispute, evidence, solution, or evidence-viewer surface text. Party dialogue scripts are not included here."
case_surface_content_src_data_cases_generated_friend-01_evidence_e-1_.viewerDataByStage.2.log.pages_0_.rows_3_.target,case_surface_content,src/data/cases/generated,friend-01,evidence[e-1].viewerDataByStage.2.log.pages[0].rows[3].target,김○○,Kim ○○,キム○○,金○○,"Case metadata, character profile, dispute, evidence, solution, or evidence-viewer surface text. Party dialogue scripts are not included here."
case_surface_content_src_data_cases_generated_friend-01_evidence_e-1_.viewerDataByStage.2.log.pages_0_.rows_3_.typeLabel,case_surface_content,src/data/cases/generated,friend-01,evidence[e-1].viewerDataByStage.2.log.pages[0].rows[3].typeLabel,발신,Outgoing,発信,拨出,"Case metadata, character profile, dispute, evidence, solution, or evidence-viewer surface text. Party dialogue scripts are not included here."
case_surface_content_src_data_cases_generated_friend-01_evidence_e-1_.viewerDataByStage.2.log.pages_0_.rows_4_.date,case_surface_content,src/data/cases/generated,friend-01,evidence[e-1].viewerDataByStage.2.log.pages[0].rows[4].date,03.03 오전,Mar. 3 morning,3月3日 午前,3月3日上午,"Case metadata, character profile, dispute, evidence, solution, or evidence-viewer surface text. Party dialogue scripts are not included here."
case_surface_content_src_data_cases_generated_friend-01_evidence_e-1_.viewerDataByStage.2.log.pages_0_.rows_4_.duration,case_surface_content,src/data/cases/generated,friend-01,evidence[e-1].viewerDataByStage.2.log.pages[0].rows[4].duration,결혼 전 확인 요청,Request to confirm before the wedding,結婚前の確認要請,结婚前确认请求,"Case metadata, character profile, dispute, evidence, solution, or evidence-viewer surface text. Party dialogue scripts are not included here."
case_surface_content_src_data_cases_generated_friend-01_evidence_e-1_.viewerDataByStage.2.log.pages_0_.rows_4_.target,case_surface_content,src/data/cases/generated,friend-01,evidence[e-1].viewerDataByStage.2.log.pages[0].rows[4].target,김○○,Kim ○○,キム○○,金○○,"Case metadata, character profile, dispute, evidence, solution, or evidence-viewer surface text. Party dialogue scripts are not included here."
case_surface_content_src_data_cases_generated_friend-01_evidence_e-1_.viewerDataByStage.2.log.pages_0_.rows_4_.typeLabel,case_surface_content,src/data/cases/generated,friend-01,evidence[e-1].viewerDataByStage.2.log.pages[0].rows[4].typeLabel,문자,Text,メッセージ,短信,"Case metadata, character profile, dispute, evidence, solution, or evidence-viewer surface text. Party dialogue scripts are not included here."
case_surface_content_src_data_cases_generated_friend-01_evidence_e-1_.viewerDataByStage.2.log.pages_0_.rows_5_.date,case_surface_content,src/data/cases/generated,friend-01,evidence[e-1].viewerDataByStage.2.log.pages[0].rows[5].date,03.04 낮,Mar. 4 daytime,3月4日 昼,3月4日白天,"Case metadata, character profile, dispute, evidence, solution, or evidence-viewer surface text. Party dialogue scripts are not included here."
case_surface_content_src_data_cases_generated_friend-01_evidence_e-1_.viewerDataByStage.2.log.pages_0_.rows_5_.duration,case_surface_content,src/data/cases/generated,friend-01,evidence[e-1].viewerDataByStage.2.log.pages[0].rows[5].duration,짧게 끊김,Disconnected shortly after,短時間で切断,短暂接通后中断,"Case metadata, character profile, dispute, evidence, solution, or evidence-viewer surface text. Party dialogue scripts are not included here."
case_surface_content_src_data_cases_generated_friend-01_evidence_e-1_.viewerDataByStage.2.log.pages_0_.rows_5_.target,case_surface_content,src/data/cases/generated,friend-01,evidence[e-1].viewerDataByStage.2.log.pages[0].rows[5].target,김○○,Kim ○○,キム○○,金○○,"Case metadata, character profile, dispute, evidence, solution, or evidence-viewer surface text. Party dialogue scripts are not included here."
case_surface_content_src_data_cases_generated_friend-01_evidence_e-1_.viewerDataByStage.2.log.pages_0_.rows_5_.typeLabel,case_surface_content,src/data/cases/generated,friend-01,evidence[e-1].viewerDataByStage.2.log.pages[0].rows[5].typeLabel,발신,Outgoing,発信,拨出,"Case metadata, character profile, dispute, evidence, solution, or evidence-viewer surface text. Party dialogue scripts are not included here."
case_surface_content_src_data_cases_generated_friend-01_evidence_e-1_.viewerDataByStage.2.log.pages_0_.rows_6_.date,case_surface_content,src/data/cases/generated,friend-01,evidence[e-1].viewerDataByStage.2.log.pages[0].rows[6].date,03.05 밤,Mar. 5 night,3月5日 夜,3月5日夜间,"Case metadata, character profile, dispute, evidence, solution, or evidence-viewer surface text. Party dialogue scripts are not included here."
case_surface_content_src_data_cases_generated_friend-01_evidence_e-1_.viewerDataByStage.2.log.pages_0_.rows_6_.duration,case_surface_content,src/data/cases/generated,friend-01,evidence[e-1].viewerDataByStage.2.log.pages[0].rows[6].duration,한 번만 만나자는 문구,Wording asking to meet just once,一度だけ会おうという文言,请求只见一次的措辞,"Case metadata, character profile, dispute, evidence, solution, or evidence-viewer surface text. Party dialogue scripts are not included here."
case_surface_content_src_data_cases_generated_friend-01_evidence_e-1_.viewerDataByStage.2.log.pages_0_.rows_6_.target,case_surface_content,src/data/cases/generated,friend-01,evidence[e-1].viewerDataByStage.2.log.pages[0].rows[6].target,김○○,Kim ○○,キム○○,金○○,"Case metadata, character profile, dispute, evidence, solution, or evidence-viewer surface text. Party dialogue scripts are not included here."
case_surface_content_src_data_cases_generated_friend-01_evidence_e-1_.viewerDataByStage.2.log.pages_0_.rows_6_.typeLabel,case_surface_content,src/data/cases/generated,friend-01,evidence[e-1].viewerDataByStage.2.log.pages[0].rows[6].typeLabel,문자,Text,メッセージ,短信,"Case metadata, character profile, dispute, evidence, solution, or evidence-viewer surface text. Party dialogue scripts are not included here."
case_surface_content_src_data_cases_generated_friend-01_evidence_e-1_.viewerDataByStage.2.log.pages_0_.title,case_surface_content,src/data/cases/generated,friend-01,evidence[e-1].viewerDataByStage.2.log.pages[0].title,최수민→예비신랑 연락 기록,Choi Su-min → Fiancé Contact Logs,チェ・スミン→婚約者の連絡記録,崔秀敏→未婚夫联系记录,"Case metadata, character profile, dispute, evidence, solution, or evidence-viewer surface text. Party dialogue scripts are not included here."
case_surface_content_src_data_cases_generated_friend-01_evidence_e-1_.viewerDataByStage.2.log.pages_1_.label,case_surface_content,src/data/cases/generated,friend-01,evidence[e-1].viewerDataByStage.2.log.pages[1].label,2쪽 문구 재맥락,Page 2: Wording Recontextualized,2ページ：文言の再文脈化,第2页：措辞再语境化,"Case metadata, character profile, dispute, evidence, solution, or evidence-viewer surface text. Party dialogue scripts are not included here."
case_surface_content_src_data_cases_generated_friend-01_evidence_e-1_.viewerDataByStage.2.log.pages_1_.note,case_surface_content,src/data/cases/generated,friend-01,evidence[e-1].viewerDataByStage.2.log.pages[1].note,"2쪽은 일부 원문을 복원한다. 최수민이 태윤과의 사적인 문제를 따지려는 연락은 아닌 듯하지만, 정확한 목적은 아직 봉인되어 있다.","Page 2 restores some of the original text. Choi Su-min’s contact does not seem to be about confronting Tae-yun over a private matter, but the exact purpose remains sealed.",2ページ目では原文の一部が復元される。チェ・スミンがテユンとの私的な問題を問いただそうとした連絡ではなさそうだが、正確な目的はまだ封印されている。,第2页恢复了部分原文。崔秀敏的联系似乎并不是为了追问她与泰允之间的私人问题，但准确目的仍被封存。,"Case metadata, character profile, dispute, evidence, solution, or evidence-viewer surface text. Party dialogue scripts are not included here."
case_surface_content_src_data_cases_generated_friend-01_evidence_e-1_.viewerDataByStage.2.log.pages_1_.rows_0_.date,case_surface_content,src/data/cases/generated,friend-01,evidence[e-1].viewerDataByStage.2.log.pages[1].rows[0].date,03.01 19시대,"Mar. 1, around 7 PM",3月1日 19時台,3月1日19点左右,"Case metadata, character profile, dispute, evidence, solution, or evidence-viewer surface text. Party dialogue scripts are not included here."
case_surface_content_src_data_cases_generated_friend-01_evidence_e-1_.viewerDataByStage.2.log.pages_1_.rows_0_.duration,case_surface_content,src/data/cases/generated,friend-01,evidence[e-1].viewerDataByStage.2.log.pages[1].rows[0].duration,0분 12초 (끊김),0 min 12 sec (disconnected),0分12秒（切断）,0分12秒（中断）,"Case metadata, character profile, dispute, evidence, solution, or evidence-viewer surface text. Party dialogue scripts are not included here."
case_surface_content_src_data_cases_generated_friend-01_evidence_e-1_.viewerDataByStage.2.log.pages_1_.rows_0_.target,case_surface_content,src/data/cases/generated,friend-01,evidence[e-1].viewerDataByStage.2.log.pages[1].rows[0].target,김태○ (예비신랑),Kim Tae-○ (fiancé),キム・テ○（婚約者）,金泰○（未婚夫）,"Case metadata, character profile, dispute, evidence, solution, or evidence-viewer surface text. Party dialogue scripts are not included here."
case_surface_content_src_data_cases_generated_friend-01_evidence_e-1_.viewerDataByStage.2.log.pages_1_.rows_0_.typeLabel,case_surface_content,src/data/cases/generated,friend-01,evidence[e-1].viewerDataByStage.2.log.pages[1].rows[0].typeLabel,발신,Outgoing,発信,拨出,"Case metadata, character profile, dispute, evidence, solution, or evidence-viewer surface text. Party dialogue scripts are not included here."
case_surface_content_src_data_cases_generated_friend-01_evidence_e-1_.viewerDataByStage.2.log.pages_1_.rows_1_.date,case_surface_content,src/data/cases/generated,friend-01,evidence[e-1].viewerDataByStage.2.log.pages[1].rows[1].date,03.01 19시대,"Mar. 1, around 7 PM",3月1日 19時台,3月1日19点左右,"Case metadata, character profile, dispute, evidence, solution, or evidence-viewer surface text. Party dialogue scripts are not included here."
case_surface_content_src_data_cases_generated_friend-01_evidence_e-1_.viewerDataByStage.2.log.pages_1_.rows_1_.duration,case_surface_content,src/data/cases/generated,friend-01,evidence[e-1].viewerDataByStage.2.log.pages[1].rows[1].duration,"""태윤 씨, 수민입니다. 잠깐만 통화할 수 있을까요""","""Tae-yun, this is Su-min. Could we speak for a moment?""",「テユンさん、スミンです。少しだけ通話できますか」,“泰允先生，我是秀敏。可以稍微通个话吗？”,"Case metadata, character profile, dispute, evidence, solution, or evidence-viewer surface text. Party dialogue scripts are not included here."
case_surface_content_src_data_cases_generated_friend-01_evidence_e-1_.viewerDataByStage.2.log.pages_1_.rows_1_.target,case_surface_content,src/data/cases/generated,friend-01,evidence[e-1].viewerDataByStage.2.log.pages[1].rows[1].target,김태○,Kim Tae-○,キム・テ○,金泰○,"Case metadata, character profile, dispute, evidence, solution, or evidence-viewer surface text. Party dialogue scripts are not included here."
case_surface_content_src_data_cases_generated_friend-01_evidence_e-1_.viewerDataByStage.2.log.pages_1_.rows_1_.typeLabel,case_surface_content,src/data/cases/generated,friend-01,evidence[e-1].viewerDataByStage.2.log.pages[1].rows[1].typeLabel,문자,Text,メッセージ,短信,"Case metadata, character profile, dispute, evidence, solution, or evidence-viewer surface text. Party dialogue scripts are not included here."
case_surface_content_src_data_cases_generated_friend-01_evidence_e-1_.viewerDataByStage.2.log.pages_1_.rows_2_.date,case_surface_content,src/data/cases/generated,friend-01,evidence[e-1].viewerDataByStage.2.log.pages[1].rows[2].date,03.02 10시대,"Mar. 2, around 10 AM",3月2日 10時台,3月2日10点左右,"Case metadata, character profile, dispute, evidence, solution, or evidence-viewer surface text. Party dialogue scripts are not included here."
case_surface_content_src_data_cases_generated_friend-01_evidence_e-1_.viewerDataByStage.2.log.pages_1_.rows_2_.duration,case_surface_content,src/data/cases/generated,friend-01,evidence[e-1].viewerDataByStage.2.log.pages[1].rows[2].duration,"""그때 저한테 선 넘은 말 한 걸 문제 삼으려는 게 아니에요""","""I’m not trying to make an issue of what you said to me when you crossed the line back then.""",「その時、私に一線を越えたことを言った件を問題にしようとしているわけではありません」,“我不是想追究你当时对我说过越界的话。”,"Case metadata, character profile, dispute, evidence, solution, or evidence-viewer surface text. Party dialogue scripts are not included here."
case_surface_content_src_data_cases_generated_friend-01_evidence_e-1_.viewerDataByStage.2.log.pages_1_.rows_2_.target,case_surface_content,src/data/cases/generated,friend-01,evidence[e-1].viewerDataByStage.2.log.pages[1].rows[2].target,김태○,Kim Tae-○,キム・テ○,金泰○,"Case metadata, character profile, dispute, evidence, solution, or evidence-viewer surface text. Party dialogue scripts are not included here."
case_surface_content_src_data_cases_generated_friend-01_evidence_e-1_.viewerDataByStage.2.log.pages_1_.rows_2_.typeLabel,case_surface_content,src/data/cases/generated,friend-01,evidence[e-1].viewerDataByStage.2.log.pages[1].rows[2].typeLabel,문자,Text,メッセージ,短信,"Case metadata, character profile, dispute, evidence, solution, or evidence-viewer surface text. Party dialogue scripts are not included here."
case_surface_content_src_data_cases_generated_friend-01_evidence_e-1_.viewerDataByStage.2.log.pages_1_.rows_3_.date,case_surface_content,src/data/cases/generated,friend-01,evidence[e-1].viewerDataByStage.2.log.pages[1].rows[3].date,03.03 09시대,"Mar. 3, around 9 AM",3月3日 9時台,3月3日9点左右,"Case metadata, character profile, dispute, evidence, solution, or evidence-viewer surface text. Party dialogue scripts are not included here."
case_surface_content_src_data_cases_generated_friend-01_evidence_e-1_.viewerDataByStage.2.log.pages_1_.rows_3_.duration,case_surface_content,src/data/cases/generated,friend-01,evidence[e-1].viewerDataByStage.2.log.pages[1].rows[3].duration,"""다른 얘기라서 전화로 설명하고 싶어요""","""It’s about something else, so I’d like to explain by phone.""",「別の話なので、電話で説明したいです」,“这是另一件事，我想通过电话说明。”,"Case metadata, character profile, dispute, evidence, solution, or evidence-viewer surface text. Party dialogue scripts are not included here."
case_surface_content_src_data_cases_generated_friend-01_evidence_e-1_.viewerDataByStage.2.log.pages_1_.rows_3_.target,case_surface_content,src/data/cases/generated,friend-01,evidence[e-1].viewerDataByStage.2.log.pages[1].rows[3].target,김태○,Kim Tae-○,キム・テ○,金泰○,"Case metadata, character profile, dispute, evidence, solution, or evidence-viewer surface text. Party dialogue scripts are not included here."
case_surface_content_src_data_cases_generated_friend-01_evidence_e-1_.viewerDataByStage.2.log.pages_1_.rows_3_.typeLabel,case_surface_content,src/data/cases/generated,friend-01,evidence[e-1].viewerDataByStage.2.log.pages[1].rows[3].typeLabel,문자,Text,メッセージ,短信,"Case metadata, character profile, dispute, evidence, solution, or evidence-viewer surface text. Party dialogue scripts are not included here."
case_surface_content_src_data_cases_generated_friend-01_evidence_e-1_.viewerDataByStage.2.log.pages_1_.rows_4_.date,case_surface_content,src/data/cases/generated,friend-01,evidence[e-1].viewerDataByStage.2.log.pages[1].rows[4].date,03.04 12시대,"Mar. 4, around noon",3月4日 12時台,3月4日12点左右,"Case metadata, character profile, dispute, evidence, solution, or evidence-viewer surface text. Party dialogue scripts are not included here."
case_surface_content_src_data_cases_generated_friend-01_evidence_e-1_.viewerDataByStage.2.log.pages_1_.rows_4_.duration,case_surface_content,src/data/cases/generated,friend-01,evidence[e-1].viewerDataByStage.2.log.pages[1].rows[4].duration,0분 08초 (끊김),0 min 08 sec (disconnected),0分08秒（切断）,0分08秒（中断）,"Case metadata, character profile, dispute, evidence, solution, or evidence-viewer surface text. Party dialogue scripts are not included here."
case_surface_content_src_data_cases_generated_friend-01_evidence_e-1_.viewerDataByStage.2.log.pages_1_.rows_4_.target,case_surface_content,src/data/cases/generated,friend-01,evidence[e-1].viewerDataByStage.2.log.pages[1].rows[4].target,김태○,Kim Tae-○,キム・テ○,金泰○,"Case metadata, character profile, dispute, evidence, solution, or evidence-viewer surface text. Party dialogue scripts are not included here."
case_surface_content_src_data_cases_generated_friend-01_evidence_e-1_.viewerDataByStage.2.log.pages_1_.rows_4_.typeLabel,case_surface_content,src/data/cases/generated,friend-01,evidence[e-1].viewerDataByStage.2.log.pages[1].rows[4].typeLabel,발신,Outgoing,発信,拨出,"Case metadata, character profile, dispute, evidence, solution, or evidence-viewer surface text. Party dialogue scripts are not included here."
case_surface_content_src_data_cases_generated_friend-01_evidence_e-1_.viewerDataByStage.2.log.pages_1_.rows_5_.date,case_surface_content,src/data/cases/generated,friend-01,evidence[e-1].viewerDataByStage.2.log.pages[1].rows[5].date,03.05 21시대,"Mar. 5, around 9 PM",3月5日 21時台,3月5日21点左右,"Case metadata, character profile, dispute, evidence, solution, or evidence-viewer surface text. Party dialogue scripts are not included here."
case_surface_content_src_data_cases_generated_friend-01_evidence_e-1_.viewerDataByStage.2.log.pages_1_.rows_5_.duration,case_surface_content,src/data/cases/generated,friend-01,evidence[e-1].viewerDataByStage.2.log.pages[1].rows[5].duration,"""저랑 태윤 씨 문제로 부르는 게 아니에요""","""I’m not asking to meet because of anything between me and Tae-yun.""",「私とテユンさんの問題で呼んでいるわけではありません」,“我不是因为我和泰允先生之间的问题才找你。”,"Case metadata, character profile, dispute, evidence, solution, or evidence-viewer surface text. Party dialogue scripts are not included here."
case_surface_content_src_data_cases_generated_friend-01_evidence_e-1_.viewerDataByStage.2.log.pages_1_.rows_5_.target,case_surface_content,src/data/cases/generated,friend-01,evidence[e-1].viewerDataByStage.2.log.pages[1].rows[5].target,김태○,Kim Tae-○,キム・テ○,金泰○,"Case metadata, character profile, dispute, evidence, solution, or evidence-viewer surface text. Party dialogue scripts are not included here."
case_surface_content_src_data_cases_generated_friend-01_evidence_e-1_.viewerDataByStage.2.log.pages_1_.rows_5_.typeLabel,case_surface_content,src/data/cases/generated,friend-01,evidence[e-1].viewerDataByStage.2.log.pages[1].rows[5].typeLabel,문자,Text,メッセージ,短信,"Case metadata, character profile, dispute, evidence, solution, or evidence-viewer surface text. Party dialogue scripts are not included here."
case_surface_content_src_data_cases_generated_friend-01_evidence_e-1_.viewerDataByStage.2.log.pages_1_.rows_6_.date,case_surface_content,src/data/cases/generated,friend-01,evidence[e-1].viewerDataByStage.2.log.pages[1].rows[6].date,03.06 08시대,"Mar. 6, around 8 AM",3月6日 8時台,3月6日8点左右,"Case metadata, character profile, dispute, evidence, solution, or evidence-viewer surface text. Party dialogue scripts are not included here."
case_surface_content_src_data_cases_generated_friend-01_evidence_e-1_.viewerDataByStage.2.log.pages_1_.rows_6_.duration,case_surface_content,src/data/cases/generated,friend-01,evidence[e-1].viewerDataByStage.2.log.pages[1].rows[6].duration,1분 42초,1 min 42 sec,1分42秒,1分42秒,"Case metadata, character profile, dispute, evidence, solution, or evidence-viewer surface text. Party dialogue scripts are not included here."
case_surface_content_src_data_cases_generated_friend-01_evidence_e-1_.viewerDataByStage.2.log.pages_1_.rows_6_.target,case_surface_content,src/data/cases/generated,friend-01,evidence[e-1].viewerDataByStage.2.log.pages[1].rows[6].target,김태○,Kim Tae-○,キム・テ○,金泰○,"Case metadata, character profile, dispute, evidence, solution, or evidence-viewer surface text. Party dialogue scripts are not included here."
case_surface_content_src_data_cases_generated_friend-01_evidence_e-1_.viewerDataByStage.2.log.pages_1_.rows_6_.typeLabel,case_surface_content,src/data/cases/generated,friend-01,evidence[e-1].viewerDataByStage.2.log.pages[1].rows[6].typeLabel,발신,Outgoing,発信,拨出,"Case metadata, character profile, dispute, evidence, solution, or evidence-viewer surface text. Party dialogue scripts are not included here."
case_surface_content_src_data_cases_generated_friend-01_evidence_e-1_.viewerDataByStage.2.log.pages_1_.rows_7_.date,case_surface_content,src/data/cases/generated,friend-01,evidence[e-1].viewerDataByStage.2.log.pages[1].rows[7].date,03.08 17시대,"Mar. 8, around 5 PM",3月8日 17時台,3月8日17点左右,"Case metadata, character profile, dispute, evidence, solution, or evidence-viewer surface text. Party dialogue scripts are not included here."
case_surface_content_src_data_cases_generated_friend-01_evidence_e-1_.viewerDataByStage.2.log.pages_1_.rows_7_.duration,case_surface_content,src/data/cases/generated,friend-01,evidence[e-1].viewerDataByStage.2.log.pages[1].rows[7].duration,"""오해할 얘기는 아닌데, 그냥 넘기면 안 될 것 같아요""","""It’s not something you should misunderstand, but I don’t think we can just let it pass.""",「誤解してほしい話ではないのですが、このまま見過ごしてはいけないと思います」,“这不是会让你误会的事，但我觉得不能就这样放过去。”,"Case metadata, character profile, dispute, evidence, solution, or evidence-viewer surface text. Party dialogue scripts are not included here."
case_surface_content_src_data_cases_generated_friend-01_evidence_e-1_.viewerDataByStage.2.log.pages_1_.rows_7_.target,case_surface_content,src/data/cases/generated,friend-01,evidence[e-1].viewerDataByStage.2.log.pages[1].rows[7].target,김태○,Kim Tae-○,キム・テ○,金泰○,"Case metadata, character profile, dispute, evidence, solution, or evidence-viewer surface text. Party dialogue scripts are not included here."
case_surface_content_src_data_cases_generated_friend-01_evidence_e-1_.viewerDataByStage.2.log.pages_1_.rows_7_.typeLabel,case_surface_content,src/data/cases/generated,friend-01,evidence[e-1].viewerDataByStage.2.log.pages[1].rows[7].typeLabel,문자,Text,メッセージ,短信,"Case metadata, character profile, dispute, evidence, solution, or evidence-viewer surface text. Party dialogue scripts are not included here."
case_surface_content_src_data_cases_generated_friend-01_evidence_e-1_.viewerDataByStage.2.log.pages_1_.rows_8_.date,case_surface_content,src/data/cases/generated,friend-01,evidence[e-1].viewerDataByStage.2.log.pages[1].rows[8].date,03.09 11시대,"Mar. 9, around 11 AM",3月9日 11時台,3月9日11点左右,"Case metadata, character profile, dispute, evidence, solution, or evidence-viewer surface text. Party dialogue scripts are not included here."
case_surface_content_src_data_cases_generated_friend-01_evidence_e-1_.viewerDataByStage.2.log.pages_1_.rows_8_.duration,case_surface_content,src/data/cases/generated,friend-01,evidence[e-1].viewerDataByStage.2.log.pages[1].rows[8].duration,부재중 (차단 추정),Missed (blocking suspected),不在着信（ブロック推定）,未接（推定已被拉黑）,"Case metadata, character profile, dispute, evidence, solution, or evidence-viewer surface text. Party dialogue scripts are not included here."
case_surface_content_src_data_cases_generated_friend-01_evidence_e-1_.viewerDataByStage.2.log.pages_1_.rows_8_.target,case_surface_content,src/data/cases/generated,friend-01,evidence[e-1].viewerDataByStage.2.log.pages[1].rows[8].target,김태○,Kim Tae-○,キム・テ○,金泰○,"Case metadata, character profile, dispute, evidence, solution, or evidence-viewer surface text. Party dialogue scripts are not included here."
case_surface_content_src_data_cases_generated_friend-01_evidence_e-1_.viewerDataByStage.2.log.pages_1_.rows_8_.typeLabel,case_surface_content,src/data/cases/generated,friend-01,evidence[e-1].viewerDataByStage.2.log.pages[1].rows[8].typeLabel,발신,Outgoing,発信,拨出,"Case metadata, character profile, dispute, evidence, solution, or evidence-viewer surface text. Party dialogue scripts are not included here."
case_surface_content_src_data_cases_generated_friend-01_evidence_e-1_.viewerDataByStage.2.log.pages_1_.title,case_surface_content,src/data/cases/generated,friend-01,evidence[e-1].viewerDataByStage.2.log.pages[1].title,최수민→예비신랑 연락 기록,Choi Su-min → Fiancé Contact Logs,チェ・スミン→婚約者の連絡記録,崔秀敏→未婚夫联系记录,"Case metadata, character profile, dispute, evidence, solution, or evidence-viewer surface text. Party dialogue scripts are not included here."
case_surface_content_src_data_cases_generated_friend-01_evidence_e-1_.viewerDataByStage.2.log.rows_0_.date,case_surface_content,src/data/cases/generated,friend-01,evidence[e-1].viewerDataByStage.2.log.rows[0].date,03.01 19시대,"Mar. 1, around 7 PM",3月1日 19時台,3月1日19点左右,"Case metadata, character profile, dispute, evidence, solution, or evidence-viewer surface text. Party dialogue scripts are not included here."
case_surface_content_src_data_cases_generated_friend-01_evidence_e-1_.viewerDataByStage.2.log.rows_0_.duration,case_surface_content,src/data/cases/generated,friend-01,evidence[e-1].viewerDataByStage.2.log.rows[0].duration,0분 12초 (끊김),0 min 12 sec (disconnected),0分12秒（切断）,0分12秒（中断）,"Case metadata, character profile, dispute, evidence, solution, or evidence-viewer surface text. Party dialogue scripts are not included here."
case_surface_content_src_data_cases_generated_friend-01_evidence_e-1_.viewerDataByStage.2.log.rows_0_.target,case_surface_content,src/data/cases/generated,friend-01,evidence[e-1].viewerDataByStage.2.log.rows[0].target,김태○ (예비신랑),Kim Tae-○ (fiancé),キム・テ○（婚約者）,金泰○（未婚夫）,"Case metadata, character profile, dispute, evidence, solution, or evidence-viewer surface text. Party dialogue scripts are not included here."
case_surface_content_src_data_cases_generated_friend-01_evidence_e-1_.viewerDataByStage.2.log.rows_0_.typeLabel,case_surface_content,src/data/cases/generated,friend-01,evidence[e-1].viewerDataByStage.2.log.rows[0].typeLabel,발신,Outgoing,発信,拨出,"Case metadata, character profile, dispute, evidence, solution, or evidence-viewer surface text. Party dialogue scripts are not included here."
case_surface_content_src_data_cases_generated_friend-01_evidence_e-1_.viewerDataByStage.2.log.rows_1_.date,case_surface_content,src/data/cases/generated,friend-01,evidence[e-1].viewerDataByStage.2.log.rows[1].date,03.01 19시대,"Mar. 1, around 7 PM",3月1日 19時台,3月1日19点左右,"Case metadata, character profile, dispute, evidence, solution, or evidence-viewer surface text. Party dialogue scripts are not included here."
case_surface_content_src_data_cases_generated_friend-01_evidence_e-1_.viewerDataByStage.2.log.rows_1_.duration,case_surface_content,src/data/cases/generated,friend-01,evidence[e-1].viewerDataByStage.2.log.rows[1].duration,"""태윤 씨, 수민입니다. 잠깐만 통화할 수 있을까요""","""Tae-yun, this is Su-min. Could we speak for a moment?""",「テユンさん、スミンです。少しだけ通話できますか」,“泰允先生，我是秀敏。可以稍微通个话吗？”,"Case metadata, character profile, dispute, evidence, solution, or evidence-viewer surface text. Party dialogue scripts are not included here."
case_surface_content_src_data_cases_generated_friend-01_evidence_e-1_.viewerDataByStage.2.log.rows_1_.target,case_surface_content,src/data/cases/generated,friend-01,evidence[e-1].viewerDataByStage.2.log.rows[1].target,김태○,Kim Tae-○,キム・テ○,金泰○,"Case metadata, character profile, dispute, evidence, solution, or evidence-viewer surface text. Party dialogue scripts are not included here."
case_surface_content_src_data_cases_generated_friend-01_evidence_e-1_.viewerDataByStage.2.log.rows_1_.typeLabel,case_surface_content,src/data/cases/generated,friend-01,evidence[e-1].viewerDataByStage.2.log.rows[1].typeLabel,문자,Text,メッセージ,短信,"Case metadata, character profile, dispute, evidence, solution, or evidence-viewer surface text. Party dialogue scripts are not included here."
case_surface_content_src_data_cases_generated_friend-01_evidence_e-1_.viewerDataByStage.2.log.rows_2_.date,case_surface_content,src/data/cases/generated,friend-01,evidence[e-1].viewerDataByStage.2.log.rows[2].date,03.02 10시대,"Mar. 2, around 10 AM",3月2日 10時台,3月2日10点左右,"Case metadata, character profile, dispute, evidence, solution, or evidence-viewer surface text. Party dialogue scripts are not included here."
case_surface_content_src_data_cases_generated_friend-01_evidence_e-1_.viewerDataByStage.2.log.rows_2_.duration,case_surface_content,src/data/cases/generated,friend-01,evidence[e-1].viewerDataByStage.2.log.rows[2].duration,"""그때 저한테 선 넘은 말 한 걸 문제 삼으려는 게 아니에요""","""I’m not trying to make an issue of what you said to me when you crossed the line back then.""",「その時、私に一線を越えたことを言った件を問題にしようとしているわけではありません」,“我不是想追究你当时对我说过越界的话。”,"Case metadata, character profile, dispute, evidence, solution, or evidence-viewer surface text. Party dialogue scripts are not included here."
case_surface_content_src_data_cases_generated_friend-01_evidence_e-1_.viewerDataByStage.2.log.rows_2_.target,case_surface_content,src/data/cases/generated,friend-01,evidence[e-1].viewerDataByStage.2.log.rows[2].target,김태○,Kim Tae-○,キム・テ○,金泰○,"Case metadata, character profile, dispute, evidence, solution, or evidence-viewer surface text. Party dialogue scripts are not included here."
case_surface_content_src_data_cases_generated_friend-01_evidence_e-1_.viewerDataByStage.2.log.rows_2_.typeLabel,case_surface_content,src/data/cases/generated,friend-01,evidence[e-1].viewerDataByStage.2.log.rows[2].typeLabel,문자,Text,メッセージ,短信,"Case metadata, character profile, dispute, evidence, solution, or evidence-viewer surface text. Party dialogue scripts are not included here."
case_surface_content_src_data_cases_generated_friend-01_evidence_e-1_.viewerDataByStage.2.log.rows_3_.date,case_surface_content,src/data/cases/generated,friend-01,evidence[e-1].viewerDataByStage.2.log.rows[3].date,03.03 09시대,"Mar. 3, around 9 AM",3月3日 9時台,3月3日9点左右,"Case metadata, character profile, dispute, evidence, solution, or evidence-viewer surface text. Party dialogue scripts are not included here."
case_surface_content_src_data_cases_generated_friend-01_evidence_e-1_.viewerDataByStage.2.log.rows_3_.duration,case_surface_content,src/data/cases/generated,friend-01,evidence[e-1].viewerDataByStage.2.log.rows[3].duration,"""다른 얘기라서 전화로 설명하고 싶어요""","""It’s about something else, so I’d like to explain by phone.""",「別の話なので、電話で説明したいです」,“这是另一件事，我想通过电话说明。”,"Case metadata, character profile, dispute, evidence, solution, or evidence-viewer surface text. Party dialogue scripts are not included here."
case_surface_content_src_data_cases_generated_friend-01_evidence_e-1_.viewerDataByStage.2.log.rows_3_.target,case_surface_content,src/data/cases/generated,friend-01,evidence[e-1].viewerDataByStage.2.log.rows[3].target,김태○,Kim Tae-○,キム・テ○,金泰○,"Case metadata, character profile, dispute, evidence, solution, or evidence-viewer surface text. Party dialogue scripts are not included here."
case_surface_content_src_data_cases_generated_friend-01_evidence_e-1_.viewerDataByStage.2.log.rows_3_.typeLabel,case_surface_content,src/data/cases/generated,friend-01,evidence[e-1].viewerDataByStage.2.log.rows[3].typeLabel,문자,Text,メッセージ,短信,"Case metadata, character profile, dispute, evidence, solution, or evidence-viewer surface text. Party dialogue scripts are not included here."
case_surface_content_src_data_cases_generated_friend-01_evidence_e-1_.viewerDataByStage.2.log.rows_4_.date,case_surface_content,src/data/cases/generated,friend-01,evidence[e-1].viewerDataByStage.2.log.rows[4].date,03.04 12시대,"Mar. 4, around noon",3月4日 12時台,3月4日12点左右,"Case metadata, character profile, dispute, evidence, solution, or evidence-viewer surface text. Party dialogue scripts are not included here."
case_surface_content_src_data_cases_generated_friend-01_evidence_e-1_.viewerDataByStage.2.log.rows_4_.duration,case_surface_content,src/data/cases/generated,friend-01,evidence[e-1].viewerDataByStage.2.log.rows[4].duration,0분 08초 (끊김),0 min 08 sec (disconnected),0分08秒（切断）,0分08秒（中断）,"Case metadata, character profile, dispute, evidence, solution, or evidence-viewer surface text. Party dialogue scripts are not included here."
case_surface_content_src_data_cases_generated_friend-01_evidence_e-1_.viewerDataByStage.2.log.rows_4_.target,case_surface_content,src/data/cases/generated,friend-01,evidence[e-1].viewerDataByStage.2.log.rows[4].target,김태○,Kim Tae-○,キム・テ○,金泰○,"Case metadata, character profile, dispute, evidence, solution, or evidence-viewer surface text. Party dialogue scripts are not included here."
case_surface_content_src_data_cases_generated_friend-01_evidence_e-1_.viewerDataByStage.2.log.rows_4_.typeLabel,case_surface_content,src/data/cases/generated,friend-01,evidence[e-1].viewerDataByStage.2.log.rows[4].typeLabel,발신,Outgoing,発信,拨出,"Case metadata, character profile, dispute, evidence, solution, or evidence-viewer surface text. Party dialogue scripts are not included here."
case_surface_content_src_data_cases_generated_friend-01_evidence_e-1_.viewerDataByStage.2.log.rows_5_.date,case_surface_content,src/data/cases/generated,friend-01,evidence[e-1].viewerDataByStage.2.log.rows[5].date,03.05 21시대,"Mar. 5, around 9 PM",3月5日 21時台,3月5日21点左右,"Case metadata, character profile, dispute, evidence, solution, or evidence-viewer surface text. Party dialogue scripts are not included here."
case_surface_content_src_data_cases_generated_friend-01_evidence_e-1_.viewerDataByStage.2.log.rows_5_.duration,case_surface_content,src/data/cases/generated,friend-01,evidence[e-1].viewerDataByStage.2.log.rows[5].duration,"""저랑 태윤 씨 문제로 부르는 게 아니에요""","""I’m not asking to meet because of anything between me and Tae-yun.""",「私とテユンさんの問題で呼んでいるわけではありません」,“我不是因为我和泰允先生之间的问题才找你。”,"Case metadata, character profile, dispute, evidence, solution, or evidence-viewer surface text. Party dialogue scripts are not included here."
case_surface_content_src_data_cases_generated_friend-01_evidence_e-1_.viewerDataByStage.2.log.rows_5_.target,case_surface_content,src/data/cases/generated,friend-01,evidence[e-1].viewerDataByStage.2.log.rows[5].target,김태○,Kim Tae-○,キム・テ○,金泰○,"Case metadata, character profile, dispute, evidence, solution, or evidence-viewer surface text. Party dialogue scripts are not included here."
case_surface_content_src_data_cases_generated_friend-01_evidence_e-1_.viewerDataByStage.2.log.rows_5_.typeLabel,case_surface_content,src/data/cases/generated,friend-01,evidence[e-1].viewerDataByStage.2.log.rows[5].typeLabel,문자,Text,メッセージ,短信,"Case metadata, character profile, dispute, evidence, solution, or evidence-viewer surface text. Party dialogue scripts are not included here."
case_surface_content_src_data_cases_generated_friend-01_evidence_e-1_.viewerDataByStage.2.log.rows_6_.date,case_surface_content,src/data/cases/generated,friend-01,evidence[e-1].viewerDataByStage.2.log.rows[6].date,03.06 08시대,"Mar. 6, around 8 AM",3月6日 8時台,3月6日8点左右,"Case metadata, character profile, dispute, evidence, solution, or evidence-viewer surface text. Party dialogue scripts are not included here."
case_surface_content_src_data_cases_generated_friend-01_evidence_e-1_.viewerDataByStage.2.log.rows_6_.duration,case_surface_content,src/data/cases/generated,friend-01,evidence[e-1].viewerDataByStage.2.log.rows[6].duration,1분 42초,1 min 42 sec,1分42秒,1分42秒,"Case metadata, character profile, dispute, evidence, solution, or evidence-viewer surface text. Party dialogue scripts are not included here."
case_surface_content_src_data_cases_generated_friend-01_evidence_e-1_.viewerDataByStage.2.log.rows_6_.target,case_surface_content,src/data/cases/generated,friend-01,evidence[e-1].viewerDataByStage.2.log.rows[6].target,김태○,Kim Tae-○,キム・テ○,金泰○,"Case metadata, character profile, dispute, evidence, solution, or evidence-viewer surface text. Party dialogue scripts are not included here."
case_surface_content_src_data_cases_generated_friend-01_evidence_e-1_.viewerDataByStage.2.log.rows_6_.typeLabel,case_surface_content,src/data/cases/generated,friend-01,evidence[e-1].viewerDataByStage.2.log.rows[6].typeLabel,발신,Outgoing,発信,拨出,"Case metadata, character profile, dispute, evidence, solution, or evidence-viewer surface text. Party dialogue scripts are not included here."
case_surface_content_src_data_cases_generated_friend-01_evidence_e-1_.viewerDataByStage.2.log.rows_7_.date,case_surface_content,src/data/cases/generated,friend-01,evidence[e-1].viewerDataByStage.2.log.rows[7].date,03.08 17시대,"Mar. 8, around 5 PM",3月8日 17時台,3月8日17点左右,"Case metadata, character profile, dispute, evidence, solution, or evidence-viewer surface text. Party dialogue scripts are not included here."
case_surface_content_src_data_cases_generated_friend-01_evidence_e-1_.viewerDataByStage.2.log.rows_7_.duration,case_surface_content,src/data/cases/generated,friend-01,evidence[e-1].viewerDataByStage.2.log.rows[7].duration,"""오해할 얘기는 아닌데, 그냥 넘기면 안 될 것 같아요""","""It’s not something you should misunderstand, but I don’t think we can just let it pass.""",「誤解してほしい話ではないのですが、このまま見過ごしてはいけないと思います」,“这不是会让你误会的事，但我觉得不能就这样放过去。”,"Case metadata, character profile, dispute, evidence, solution, or evidence-viewer surface text. Party dialogue scripts are not included here."
case_surface_content_src_data_cases_generated_friend-01_evidence_e-1_.viewerDataByStage.2.log.rows_7_.target,case_surface_content,src/data/cases/generated,friend-01,evidence[e-1].viewerDataByStage.2.log.rows[7].target,김태○,Kim Tae-○,キム・テ○,金泰○,"Case metadata, character profile, dispute, evidence, solution, or evidence-viewer surface text. Party dialogue scripts are not included here."
case_surface_content_src_data_cases_generated_friend-01_evidence_e-1_.viewerDataByStage.2.log.rows_7_.typeLabel,case_surface_content,src/data/cases/generated,friend-01,evidence[e-1].viewerDataByStage.2.log.rows[7].typeLabel,문자,Text,メッセージ,短信,"Case metadata, character profile, dispute, evidence, solution, or evidence-viewer surface text. Party dialogue scripts are not included here."
case_surface_content_src_data_cases_generated_friend-01_evidence_e-1_.viewerDataByStage.2.log.rows_8_.date,case_surface_content,src/data/cases/generated,friend-01,evidence[e-1].viewerDataByStage.2.log.rows[8].date,03.09 11시대,"Mar. 9, around 11 AM",3月9日 11時台,3月9日11点左右,"Case metadata, character profile, dispute, evidence, solution, or evidence-viewer surface text. Party dialogue scripts are not included here."
case_surface_content_src_data_cases_generated_friend-01_evidence_e-1_.viewerDataByStage.2.log.rows_8_.duration,case_surface_content,src/data/cases/generated,friend-01,evidence[e-1].viewerDataByStage.2.log.rows[8].duration,부재중 (차단 추정),Missed (blocking suspected),不在着信（ブロック推定）,未接（推定已被拉黑）,"Case metadata, character profile, dispute, evidence, solution, or evidence-viewer surface text. Party dialogue scripts are not included here."
case_surface_content_src_data_cases_generated_friend-01_evidence_e-1_.viewerDataByStage.2.log.rows_8_.target,case_surface_content,src/data/cases/generated,friend-01,evidence[e-1].viewerDataByStage.2.log.rows[8].target,김태○,Kim Tae-○,キム・テ○,金泰○,"Case metadata, character profile, dispute, evidence, solution, or evidence-viewer surface text. Party dialogue scripts are not included here."
case_surface_content_src_data_cases_generated_friend-01_evidence_e-1_.viewerDataByStage.2.log.rows_8_.typeLabel,case_surface_content,src/data/cases/generated,friend-01,evidence[e-1].viewerDataByStage.2.log.rows[8].typeLabel,발신,Outgoing,発信,拨出,"Case metadata, character profile, dispute, evidence, solution, or evidence-viewer surface text. Party dialogue scripts are not included here."
case_surface_content_src_data_cases_generated_friend-01_evidence_e-1_.viewerDataByStage.2.log.title,case_surface_content,src/data/cases/generated,friend-01,evidence[e-1].viewerDataByStage.2.log.title,최수민→예비신랑 연락 기록,Choi Su-min → Fiancé Contact Logs,チェ・スミン→婚約者の連絡記録,崔秀敏→未婚夫联系记录,"Case metadata, character profile, dispute, evidence, solution, or evidence-viewer surface text. Party dialogue scripts are not included here."
case_surface_content_src_data_cases_generated_friend-01_evidence_e-1_.viewerDataByStage.2.meta.legalLabel,case_surface_content,src/data/cases/generated,friend-01,evidence[e-1].viewerDataByStage.2.meta.legalLabel,적법,Legal,適法,合法,"Case metadata, character profile, dispute, evidence, solution, or evidence-viewer surface text. Party dialogue scripts are not included here."
case_surface_content_src_data_cases_generated_friend-01_evidence_e-1_.viewerDataByStage.2.meta.name,case_surface_content,src/data/cases/generated,friend-01,evidence[e-1].viewerDataByStage.2.meta.name,연락 기록,Contact Logs,連絡記録,联系记录,"Case metadata, character profile, dispute, evidence, solution, or evidence-viewer surface text. Party dialogue scripts are not included here."
case_surface_content_src_data_cases_generated_friend-01_evidence_e-1_.viewerDataByStage.2.meta.redactions_0,case_surface_content,src/data/cases/generated,friend-01,evidence[e-1].viewerDataByStage.2.meta.redactions[0],수신자 이름 일부 마스킹,Recipient name partially masked,受信者名を一部マスキング,收件人姓名部分遮盖,"Case metadata, character profile, dispute, evidence, solution, or evidence-viewer surface text. Party dialogue scripts are not included here."
case_surface_content_src_data_cases_generated_friend-01_evidence_e-1_.viewerDataByStage.2.meta.redactions_1,case_surface_content,src/data/cases/generated,friend-01,evidence[e-1].viewerDataByStage.2.meta.redactions[1],핵심 원인 문구 봉인,Key reason wording sealed,核心原因の文言を封印,核心原因措辞封存,"Case metadata, character profile, dispute, evidence, solution, or evidence-viewer surface text. Party dialogue scripts are not included here."
case_surface_content_src_data_cases_generated_friend-01_evidence_e-1_.viewerDataByStage.2.meta.sourceLabel,case_surface_content,src/data/cases/generated,friend-01,evidence[e-1].viewerDataByStage.2.meta.sourceLabel,송다은 측,Song Da-eun's Side,ソン・ダウン側,宋多恩一方,"Case metadata, character profile, dispute, evidence, solution, or evidence-viewer surface text. Party dialogue scripts are not included here."
case_surface_content_src_data_cases_generated_friend-01_evidence_e-1_.viewerDataByStage.2.meta.stageLabel,case_surface_content,src/data/cases/generated,friend-01,evidence[e-1].viewerDataByStage.2.meta.stageLabel,2단계 — 문구 재맥락,Stage 2 — Wording Recontextualized,2段階 — 文言の再文脈化,第2阶段——措辞再语境化,"Case metadata, character profile, dispute, evidence, solution, or evidence-viewer surface text. Party dialogue scripts are not included here."
case_surface_content_src_data_cases_generated_friend-01_evidence_e-1_.viewerDataByStage.2.meta.trustLabel,case_surface_content,src/data/cases/generated,friend-01,evidence[e-1].viewerDataByStage.2.meta.trustLabel,보통,Normal,普通,普通,"Case metadata, character profile, dispute, evidence, solution, or evidence-viewer surface text. Party dialogue scripts are not included here."
case_surface_content_src_data_cases_generated_friend-01_evidence_e-1_.viewerDataByStage.3.log.note,case_surface_content,src/data/cases/generated,friend-01,evidence[e-1].viewerDataByStage.3.log.note,"3쪽 전체 원문에서는 “다은이 관련 이야기”, “예전에 같은 일” 같은 문구가 반복된다. 연락 의도는 예비신랑과 수민 사이의 감정 문제가 아니라 다른 사안으로 보인다.","Across the full original text on Page 3, phrases like “a matter related to Da-eun” and “the same thing happened before” repeat. The intent behind the contact appears to involve another issue, not an emotional matter between the fiancé and Su-min.",3ページ目の原文全体では、「ダウンに関する話」「以前にも同じことがあった」といった文言が繰り返される。連絡の意図は、婚約者とスミンの感情問題ではなく別の事案に見える。,第3页完整原文中反复出现“与多恩有关的事”“以前也发生过同样的事”等表述。联系意图看起来不是未婚夫与秀敏之间的感情问题，而是另有事项。,"Case metadata, character profile, dispute, evidence, solution, or evidence-viewer surface text. Party dialogue scripts are not included here."
case_surface_content_src_data_cases_generated_friend-01_evidence_e-1_.viewerDataByStage.3.log.pages_0_.label,case_surface_content,src/data/cases/generated,friend-01,evidence[e-1].viewerDataByStage.3.log.pages[0].label,1쪽 발신 빈도,Page 1: Outgoing Frequency,1ページ：発信頻度,第1页：拨出频率,"Case metadata, character profile, dispute, evidence, solution, or evidence-viewer surface text. Party dialogue scripts are not included here."
case_surface_content_src_data_cases_generated_friend-01_evidence_e-1_.viewerDataByStage.3.log.pages_0_.note,case_surface_content,src/data/cases/generated,friend-01,evidence[e-1].viewerDataByStage.3.log.pages[0].note,1쪽은 발신 횟수와 부재중 중심의 발췌다. 이 단계만으로는 최수민이 예비신랑에게 반복 연락한 사실만 보인다.,"Page 1 is an excerpt focused on outgoing-call counts and missed calls. At this stage, it only shows that Choi Su-min repeatedly contacted the fiancé.",1ページ目は、発信回数と不在着信を中心にした抜粋だ。この段階だけでは、チェ・スミンが婚約者に繰り返し連絡した事実だけが見える。,第1页是以拨出次数和未接记录为主的摘录。仅凭这一阶段，只能看出崔秀敏曾反复联系未婚夫。,"Case metadata, character profile, dispute, evidence, solution, or evidence-viewer surface text. Party dialogue scripts are not included here."
case_surface_content_src_data_cases_generated_friend-01_evidence_e-1_.viewerDataByStage.3.log.pages_0_.rows_0_.date,case_surface_content,src/data/cases/generated,friend-01,evidence[e-1].viewerDataByStage.3.log.pages[0].rows[0].date,03.01 저녁,Mar. 1 evening,3月1日 夕方,3月1日晚间,"Case metadata, character profile, dispute, evidence, solution, or evidence-viewer surface text. Party dialogue scripts are not included here."
case_surface_content_src_data_cases_generated_friend-01_evidence_e-1_.viewerDataByStage.3.log.pages_0_.rows_0_.duration,case_surface_content,src/data/cases/generated,friend-01,evidence[e-1].viewerDataByStage.3.log.pages[0].rows[0].duration,짧게 끊김,Disconnected shortly after,短時間で切断,短暂接通后中断,"Case metadata, character profile, dispute, evidence, solution, or evidence-viewer surface text. Party dialogue scripts are not included here."
case_surface_content_src_data_cases_generated_friend-01_evidence_e-1_.viewerDataByStage.3.log.pages_0_.rows_0_.target,case_surface_content,src/data/cases/generated,friend-01,evidence[e-1].viewerDataByStage.3.log.pages[0].rows[0].target,김○○ (예비신랑),Kim ○○ (fiancé),キム○○（婚約者）,金○○（未婚夫）,"Case metadata, character profile, dispute, evidence, solution, or evidence-viewer surface text. Party dialogue scripts are not included here."
case_surface_content_src_data_cases_generated_friend-01_evidence_e-1_.viewerDataByStage.3.log.pages_0_.rows_0_.typeLabel,case_surface_content,src/data/cases/generated,friend-01,evidence[e-1].viewerDataByStage.3.log.pages[0].rows[0].typeLabel,발신,Outgoing,発信,拨出,"Case metadata, character profile, dispute, evidence, solution, or evidence-viewer surface text. Party dialogue scripts are not included here."
case_surface_content_src_data_cases_generated_friend-01_evidence_e-1_.viewerDataByStage.3.log.pages_0_.rows_1_.date,case_surface_content,src/data/cases/generated,friend-01,evidence[e-1].viewerDataByStage.3.log.pages[0].rows[1].date,03.01 저녁,Mar. 1 evening,3月1日 夕方,3月1日晚间,"Case metadata, character profile, dispute, evidence, solution, or evidence-viewer surface text. Party dialogue scripts are not included here."
case_surface_content_src_data_cases_generated_friend-01_evidence_e-1_.viewerDataByStage.3.log.pages_0_.rows_1_.duration,case_surface_content,src/data/cases/generated,friend-01,evidence[e-1].viewerDataByStage.3.log.pages[0].rows[1].duration,통화 요청 문구,Wording requesting a call,通話を求める文言,请求通话的措辞,"Case metadata, character profile, dispute, evidence, solution, or evidence-viewer surface text. Party dialogue scripts are not included here."
case_surface_content_src_data_cases_generated_friend-01_evidence_e-1_.viewerDataByStage.3.log.pages_0_.rows_1_.target,case_surface_content,src/data/cases/generated,friend-01,evidence[e-1].viewerDataByStage.3.log.pages[0].rows[1].target,김○○,Kim ○○,キム○○,金○○,"Case metadata, character profile, dispute, evidence, solution, or evidence-viewer surface text. Party dialogue scripts are not included here."
case_surface_content_src_data_cases_generated_friend-01_evidence_e-1_.viewerDataByStage.3.log.pages_0_.rows_1_.typeLabel,case_surface_content,src/data/cases/generated,friend-01,evidence[e-1].viewerDataByStage.3.log.pages[0].rows[1].typeLabel,문자,Text,メッセージ,短信,"Case metadata, character profile, dispute, evidence, solution, or evidence-viewer surface text. Party dialogue scripts are not included here."
case_surface_content_src_data_cases_generated_friend-01_evidence_e-1_.viewerDataByStage.3.log.pages_0_.rows_2_.date,case_surface_content,src/data/cases/generated,friend-01,evidence[e-1].viewerDataByStage.3.log.pages[0].rows[2].date,03.02 오전,Mar. 2 morning,3月2日 午前,3月2日上午,"Case metadata, character profile, dispute, evidence, solution, or evidence-viewer surface text. Party dialogue scripts are not included here."
case_surface_content_src_data_cases_generated_friend-01_evidence_e-1_.viewerDataByStage.3.log.pages_0_.rows_2_.duration,case_surface_content,src/data/cases/generated,friend-01,evidence[e-1].viewerDataByStage.3.log.pages[0].rows[2].duration,중요한 이야기 요청,Request to discuss something important,重要な話を求める文言,请求谈重要事情,"Case metadata, character profile, dispute, evidence, solution, or evidence-viewer surface text. Party dialogue scripts are not included here."
case_surface_content_src_data_cases_generated_friend-01_evidence_e-1_.viewerDataByStage.3.log.pages_0_.rows_2_.target,case_surface_content,src/data/cases/generated,friend-01,evidence[e-1].viewerDataByStage.3.log.pages[0].rows[2].target,김○○,Kim ○○,キム○○,金○○,"Case metadata, character profile, dispute, evidence, solution, or evidence-viewer surface text. Party dialogue scripts are not included here."
case_surface_content_src_data_cases_generated_friend-01_evidence_e-1_.viewerDataByStage.3.log.pages_0_.rows_2_.typeLabel,case_surface_content,src/data/cases/generated,friend-01,evidence[e-1].viewerDataByStage.3.log.pages[0].rows[2].typeLabel,문자,Text,メッセージ,短信,"Case metadata, character profile, dispute, evidence, solution, or evidence-viewer surface text. Party dialogue scripts are not included here."
case_surface_content_src_data_cases_generated_friend-01_evidence_e-1_.viewerDataByStage.3.log.pages_0_.rows_3_.date,case_surface_content,src/data/cases/generated,friend-01,evidence[e-1].viewerDataByStage.3.log.pages[0].rows[3].date,03.02 저녁,Mar. 2 evening,3月2日 夕方,3月2日晚间,"Case metadata, character profile, dispute, evidence, solution, or evidence-viewer surface text. Party dialogue scripts are not included here."
case_surface_content_src_data_cases_generated_friend-01_evidence_e-1_.viewerDataByStage.3.log.pages_0_.rows_3_.duration,case_surface_content,src/data/cases/generated,friend-01,evidence[e-1].viewerDataByStage.3.log.pages[0].rows[3].duration,부재중,Missed,不在着信,未接,"Case metadata, character profile, dispute, evidence, solution, or evidence-viewer surface text. Party dialogue scripts are not included here."
case_surface_content_src_data_cases_generated_friend-01_evidence_e-1_.viewerDataByStage.3.log.pages_0_.rows_3_.target,case_surface_content,src/data/cases/generated,friend-01,evidence[e-1].viewerDataByStage.3.log.pages[0].rows[3].target,김○○,Kim ○○,キム○○,金○○,"Case metadata, character profile, dispute, evidence, solution, or evidence-viewer surface text. Party dialogue scripts are not included here."
case_surface_content_src_data_cases_generated_friend-01_evidence_e-1_.viewerDataByStage.3.log.pages_0_.rows_3_.typeLabel,case_surface_content,src/data/cases/generated,friend-01,evidence[e-1].viewerDataByStage.3.log.pages[0].rows[3].typeLabel,발신,Outgoing,発信,拨出,"Case metadata, character profile, dispute, evidence, solution, or evidence-viewer surface text. Party dialogue scripts are not included here."
case_surface_content_src_data_cases_generated_friend-01_evidence_e-1_.viewerDataByStage.3.log.pages_0_.rows_4_.date,case_surface_content,src/data/cases/generated,friend-01,evidence[e-1].viewerDataByStage.3.log.pages[0].rows[4].date,03.03 오전,Mar. 3 morning,3月3日 午前,3月3日上午,"Case metadata, character profile, dispute, evidence, solution, or evidence-viewer surface text. Party dialogue scripts are not included here."
case_surface_content_src_data_cases_generated_friend-01_evidence_e-1_.viewerDataByStage.3.log.pages_0_.rows_4_.duration,case_surface_content,src/data/cases/generated,friend-01,evidence[e-1].viewerDataByStage.3.log.pages[0].rows[4].duration,결혼 전 확인 요청,Request to confirm before the wedding,結婚前の確認要請,结婚前确认请求,"Case metadata, character profile, dispute, evidence, solution, or evidence-viewer surface text. Party dialogue scripts are not included here."
case_surface_content_src_data_cases_generated_friend-01_evidence_e-1_.viewerDataByStage.3.log.pages_0_.rows_4_.target,case_surface_content,src/data/cases/generated,friend-01,evidence[e-1].viewerDataByStage.3.log.pages[0].rows[4].target,김○○,Kim ○○,キム○○,金○○,"Case metadata, character profile, dispute, evidence, solution, or evidence-viewer surface text. Party dialogue scripts are not included here."
case_surface_content_src_data_cases_generated_friend-01_evidence_e-1_.viewerDataByStage.3.log.pages_0_.rows_4_.typeLabel,case_surface_content,src/data/cases/generated,friend-01,evidence[e-1].viewerDataByStage.3.log.pages[0].rows[4].typeLabel,문자,Text,メッセージ,短信,"Case metadata, character profile, dispute, evidence, solution, or evidence-viewer surface text. Party dialogue scripts are not included here."
case_surface_content_src_data_cases_generated_friend-01_evidence_e-1_.viewerDataByStage.3.log.pages_0_.rows_5_.date,case_surface_content,src/data/cases/generated,friend-01,evidence[e-1].viewerDataByStage.3.log.pages[0].rows[5].date,03.04 낮,Mar. 4 daytime,3月4日 昼,3月4日白天,"Case metadata, character profile, dispute, evidence, solution, or evidence-viewer surface text. Party dialogue scripts are not included here."
case_surface_content_src_data_cases_generated_friend-01_evidence_e-1_.viewerDataByStage.3.log.pages_0_.rows_5_.duration,case_surface_content,src/data/cases/generated,friend-01,evidence[e-1].viewerDataByStage.3.log.pages[0].rows[5].duration,짧게 끊김,Disconnected shortly after,短時間で切断,短暂接通后中断,"Case metadata, character profile, dispute, evidence, solution, or evidence-viewer surface text. Party dialogue scripts are not included here."
case_surface_content_src_data_cases_generated_friend-01_evidence_e-1_.viewerDataByStage.3.log.pages_0_.rows_5_.target,case_surface_content,src/data/cases/generated,friend-01,evidence[e-1].viewerDataByStage.3.log.pages[0].rows[5].target,김○○,Kim ○○,キム○○,金○○,"Case metadata, character profile, dispute, evidence, solution, or evidence-viewer surface text. Party dialogue scripts are not included here."
case_surface_content_src_data_cases_generated_friend-01_evidence_e-1_.viewerDataByStage.3.log.pages_0_.rows_5_.typeLabel,case_surface_content,src/data/cases/generated,friend-01,evidence[e-1].viewerDataByStage.3.log.pages[0].rows[5].typeLabel,발신,Outgoing,発信,拨出,"Case metadata, character profile, dispute, evidence, solution, or evidence-viewer surface text. Party dialogue scripts are not included here."
case_surface_content_src_data_cases_generated_friend-01_evidence_e-1_.viewerDataByStage.3.log.pages_0_.rows_6_.date,case_surface_content,src/data/cases/generated,friend-01,evidence[e-1].viewerDataByStage.3.log.pages[0].rows[6].date,03.05 밤,Mar. 5 night,3月5日 夜,3月5日夜间,"Case metadata, character profile, dispute, evidence, solution, or evidence-viewer surface text. Party dialogue scripts are not included here."
case_surface_content_src_data_cases_generated_friend-01_evidence_e-1_.viewerDataByStage.3.log.pages_0_.rows_6_.duration,case_surface_content,src/data/cases/generated,friend-01,evidence[e-1].viewerDataByStage.3.log.pages[0].rows[6].duration,한 번만 만나자는 문구,Wording asking to meet just once,一度だけ会おうという文言,请求只见一次的措辞,"Case metadata, character profile, dispute, evidence, solution, or evidence-viewer surface text. Party dialogue scripts are not included here."
case_surface_content_src_data_cases_generated_friend-01_evidence_e-1_.viewerDataByStage.3.log.pages_0_.rows_6_.target,case_surface_content,src/data/cases/generated,friend-01,evidence[e-1].viewerDataByStage.3.log.pages[0].rows[6].target,김○○,Kim ○○,キム○○,金○○,"Case metadata, character profile, dispute, evidence, solution, or evidence-viewer surface text. Party dialogue scripts are not included here."
case_surface_content_src_data_cases_generated_friend-01_evidence_e-1_.viewerDataByStage.3.log.pages_0_.rows_6_.typeLabel,case_surface_content,src/data/cases/generated,friend-01,evidence[e-1].viewerDataByStage.3.log.pages[0].rows[6].typeLabel,문자,Text,メッセージ,短信,"Case metadata, character profile, dispute, evidence, solution, or evidence-viewer surface text. Party dialogue scripts are not included here."
case_surface_content_src_data_cases_generated_friend-01_evidence_e-1_.viewerDataByStage.3.log.pages_0_.title,case_surface_content,src/data/cases/generated,friend-01,evidence[e-1].viewerDataByStage.3.log.pages[0].title,최수민→예비신랑 연락 기록,Choi Su-min → Fiancé Contact Logs,チェ・スミン→婚約者の連絡記録,崔秀敏→未婚夫联系记录,"Case metadata, character profile, dispute, evidence, solution, or evidence-viewer surface text. Party dialogue scripts are not included here."
case_surface_content_src_data_cases_generated_friend-01_evidence_e-1_.viewerDataByStage.3.log.pages_1_.label,case_surface_content,src/data/cases/generated,friend-01,evidence[e-1].viewerDataByStage.3.log.pages[1].label,2쪽 문구 재맥락,Page 2: Wording Recontextualized,2ページ：文言の再文脈化,第2页：措辞再语境化,"Case metadata, character profile, dispute, evidence, solution, or evidence-viewer surface text. Party dialogue scripts are not included here."
case_surface_content_src_data_cases_generated_friend-01_evidence_e-1_.viewerDataByStage.3.log.pages_1_.note,case_surface_content,src/data/cases/generated,friend-01,evidence[e-1].viewerDataByStage.3.log.pages[1].note,"2쪽은 일부 원문을 복원한다. 최수민이 태윤과의 사적인 문제를 따지려는 연락은 아닌 듯하지만, 정확한 목적은 아직 봉인되어 있다.","Page 2 restores some of the original text. Choi Su-min’s contact does not seem to be about confronting Tae-yun over a private matter, but the exact purpose remains sealed.",2ページ目では原文の一部が復元される。チェ・スミンがテユンとの私的な問題を問いただそうとした連絡ではなさそうだが、正確な目的はまだ封印されている。,第2页恢复了部分原文。崔秀敏的联系似乎并不是为了追问她与泰允之间的私人问题，但准确目的仍被封存。,"Case metadata, character profile, dispute, evidence, solution, or evidence-viewer surface text. Party dialogue scripts are not included here."
case_surface_content_src_data_cases_generated_friend-01_evidence_e-1_.viewerDataByStage.3.log.pages_1_.rows_0_.date,case_surface_content,src/data/cases/generated,friend-01,evidence[e-1].viewerDataByStage.3.log.pages[1].rows[0].date,03.01 19시대,"Mar. 1, around 7 PM",3月1日 19時台,3月1日19点左右,"Case metadata, character profile, dispute, evidence, solution, or evidence-viewer surface text. Party dialogue scripts are not included here."
case_surface_content_src_data_cases_generated_friend-01_evidence_e-1_.viewerDataByStage.3.log.pages_1_.rows_0_.duration,case_surface_content,src/data/cases/generated,friend-01,evidence[e-1].viewerDataByStage.3.log.pages[1].rows[0].duration,0분 12초 (끊김),0 min 12 sec (disconnected),0分12秒（切断）,0分12秒（中断）,"Case metadata, character profile, dispute, evidence, solution, or evidence-viewer surface text. Party dialogue scripts are not included here."
case_surface_content_src_data_cases_generated_friend-01_evidence_e-1_.viewerDataByStage.3.log.pages_1_.rows_0_.target,case_surface_content,src/data/cases/generated,friend-01,evidence[e-1].viewerDataByStage.3.log.pages[1].rows[0].target,김태○ (예비신랑),Kim Tae-○ (fiancé),キム・テ○（婚約者）,金泰○（未婚夫）,"Case metadata, character profile, dispute, evidence, solution, or evidence-viewer surface text. Party dialogue scripts are not included here."
case_surface_content_src_data_cases_generated_friend-01_evidence_e-1_.viewerDataByStage.3.log.pages_1_.rows_0_.typeLabel,case_surface_content,src/data/cases/generated,friend-01,evidence[e-1].viewerDataByStage.3.log.pages[1].rows[0].typeLabel,발신,Outgoing,発信,拨出,"Case metadata, character profile, dispute, evidence, solution, or evidence-viewer surface text. Party dialogue scripts are not included here."
case_surface_content_src_data_cases_generated_friend-01_evidence_e-1_.viewerDataByStage.3.log.pages_1_.rows_1_.date,case_surface_content,src/data/cases/generated,friend-01,evidence[e-1].viewerDataByStage.3.log.pages[1].rows[1].date,03.01 19시대,"Mar. 1, around 7 PM",3月1日 19時台,3月1日19点左右,"Case metadata, character profile, dispute, evidence, solution, or evidence-viewer surface text. Party dialogue scripts are not included here."
case_surface_content_src_data_cases_generated_friend-01_evidence_e-1_.viewerDataByStage.3.log.pages_1_.rows_1_.duration,case_surface_content,src/data/cases/generated,friend-01,evidence[e-1].viewerDataByStage.3.log.pages[1].rows[1].duration,"""태윤 씨, 수민입니다. 잠깐만 통화할 수 있을까요""","""Tae-yun, this is Su-min. Could we speak for a moment?""",「テユンさん、スミンです。少しだけ通話できますか」,“泰允先生，我是秀敏。可以稍微通个话吗？”,"Case metadata, character profile, dispute, evidence, solution, or evidence-viewer surface text. Party dialogue scripts are not included here."
case_surface_content_src_data_cases_generated_friend-01_evidence_e-1_.viewerDataByStage.3.log.pages_1_.rows_1_.target,case_surface_content,src/data/cases/generated,friend-01,evidence[e-1].viewerDataByStage.3.log.pages[1].rows[1].target,김태○,Kim Tae-○,キム・テ○,金泰○,"Case metadata, character profile, dispute, evidence, solution, or evidence-viewer surface text. Party dialogue scripts are not included here."
case_surface_content_src_data_cases_generated_friend-01_evidence_e-1_.viewerDataByStage.3.log.pages_1_.rows_1_.typeLabel,case_surface_content,src/data/cases/generated,friend-01,evidence[e-1].viewerDataByStage.3.log.pages[1].rows[1].typeLabel,문자,Text,メッセージ,短信,"Case metadata, character profile, dispute, evidence, solution, or evidence-viewer surface text. Party dialogue scripts are not included here."
case_surface_content_src_data_cases_generated_friend-01_evidence_e-1_.viewerDataByStage.3.log.pages_1_.rows_2_.date,case_surface_content,src/data/cases/generated,friend-01,evidence[e-1].viewerDataByStage.3.log.pages[1].rows[2].date,03.02 10시대,"Mar. 2, around 10 AM",3月2日 10時台,3月2日10点左右,"Case metadata, character profile, dispute, evidence, solution, or evidence-viewer surface text. Party dialogue scripts are not included here."
case_surface_content_src_data_cases_generated_friend-01_evidence_e-1_.viewerDataByStage.3.log.pages_1_.rows_2_.duration,case_surface_content,src/data/cases/generated,friend-01,evidence[e-1].viewerDataByStage.3.log.pages[1].rows[2].duration,"""그때 저한테 선 넘은 말 한 걸 문제 삼으려는 게 아니에요""","""I’m not trying to make an issue of what you said to me when you crossed the line back then.""",「その時、私に一線を越えたことを言った件を問題にしようとしているわけではありません」,“我不是想追究你当时对我说过越界的话。”,"Case metadata, character profile, dispute, evidence, solution, or evidence-viewer surface text. Party dialogue scripts are not included here."
case_surface_content_src_data_cases_generated_friend-01_evidence_e-1_.viewerDataByStage.3.log.pages_1_.rows_2_.target,case_surface_content,src/data/cases/generated,friend-01,evidence[e-1].viewerDataByStage.3.log.pages[1].rows[2].target,김태○,Kim Tae-○,キム・テ○,金泰○,"Case metadata, character profile, dispute, evidence, solution, or evidence-viewer surface text. Party dialogue scripts are not included here."
case_surface_content_src_data_cases_generated_friend-01_evidence_e-1_.viewerDataByStage.3.log.pages_1_.rows_2_.typeLabel,case_surface_content,src/data/cases/generated,friend-01,evidence[e-1].viewerDataByStage.3.log.pages[1].rows[2].typeLabel,문자,Text,メッセージ,短信,"Case metadata, character profile, dispute, evidence, solution, or evidence-viewer surface text. Party dialogue scripts are not included here."
case_surface_content_src_data_cases_generated_friend-01_evidence_e-1_.viewerDataByStage.3.log.pages_1_.rows_3_.date,case_surface_content,src/data/cases/generated,friend-01,evidence[e-1].viewerDataByStage.3.log.pages[1].rows[3].date,03.03 09시대,"Mar. 3, around 9 AM",3月3日 9時台,3月3日9点左右,"Case metadata, character profile, dispute, evidence, solution, or evidence-viewer surface text. Party dialogue scripts are not included here."
case_surface_content_src_data_cases_generated_friend-01_evidence_e-1_.viewerDataByStage.3.log.pages_1_.rows_3_.duration,case_surface_content,src/data/cases/generated,friend-01,evidence[e-1].viewerDataByStage.3.log.pages[1].rows[3].duration,"""다른 얘기라서 전화로 설명하고 싶어요""","""It’s about something else, so I’d like to explain by phone.""",「別の話なので、電話で説明したいです」,“这是另一件事，我想通过电话说明。”,"Case metadata, character profile, dispute, evidence, solution, or evidence-viewer surface text. Party dialogue scripts are not included here."
case_surface_content_src_data_cases_generated_friend-01_evidence_e-1_.viewerDataByStage.3.log.pages_1_.rows_3_.target,case_surface_content,src/data/cases/generated,friend-01,evidence[e-1].viewerDataByStage.3.log.pages[1].rows[3].target,김태○,Kim Tae-○,キム・テ○,金泰○,"Case metadata, character profile, dispute, evidence, solution, or evidence-viewer surface text. Party dialogue scripts are not included here."
case_surface_content_src_data_cases_generated_friend-01_evidence_e-1_.viewerDataByStage.3.log.pages_1_.rows_3_.typeLabel,case_surface_content,src/data/cases/generated,friend-01,evidence[e-1].viewerDataByStage.3.log.pages[1].rows[3].typeLabel,문자,Text,メッセージ,短信,"Case metadata, character profile, dispute, evidence, solution, or evidence-viewer surface text. Party dialogue scripts are not included here."
case_surface_content_src_data_cases_generated_friend-01_evidence_e-1_.viewerDataByStage.3.log.pages_1_.rows_4_.date,case_surface_content,src/data/cases/generated,friend-01,evidence[e-1].viewerDataByStage.3.log.pages[1].rows[4].date,03.04 12시대,"Mar. 4, around noon",3月4日 12時台,3月4日12点左右,"Case metadata, character profile, dispute, evidence, solution, or evidence-viewer surface text. Party dialogue scripts are not included here."
case_surface_content_src_data_cases_generated_friend-01_evidence_e-1_.viewerDataByStage.3.log.pages_1_.rows_4_.duration,case_surface_content,src/data/cases/generated,friend-01,evidence[e-1].viewerDataByStage.3.log.pages[1].rows[4].duration,0분 08초 (끊김),0 min 08 sec (disconnected),0分08秒（切断）,0分08秒（中断）,"Case metadata, character profile, dispute, evidence, solution, or evidence-viewer surface text. Party dialogue scripts are not included here."
case_surface_content_src_data_cases_generated_friend-01_evidence_e-1_.viewerDataByStage.3.log.pages_1_.rows_4_.target,case_surface_content,src/data/cases/generated,friend-01,evidence[e-1].viewerDataByStage.3.log.pages[1].rows[4].target,김태○,Kim Tae-○,キム・テ○,金泰○,"Case metadata, character profile, dispute, evidence, solution, or evidence-viewer surface text. Party dialogue scripts are not included here."
case_surface_content_src_data_cases_generated_friend-01_evidence_e-1_.viewerDataByStage.3.log.pages_1_.rows_4_.typeLabel,case_surface_content,src/data/cases/generated,friend-01,evidence[e-1].viewerDataByStage.3.log.pages[1].rows[4].typeLabel,발신,Outgoing,発信,拨出,"Case metadata, character profile, dispute, evidence, solution, or evidence-viewer surface text. Party dialogue scripts are not included here."
case_surface_content_src_data_cases_generated_friend-01_evidence_e-1_.viewerDataByStage.3.log.pages_1_.rows_5_.date,case_surface_content,src/data/cases/generated,friend-01,evidence[e-1].viewerDataByStage.3.log.pages[1].rows[5].date,03.05 21시대,"Mar. 5, around 9 PM",3月5日 21時台,3月5日21点左右,"Case metadata, character profile, dispute, evidence, solution, or evidence-viewer surface text. Party dialogue scripts are not included here."
case_surface_content_src_data_cases_generated_friend-01_evidence_e-1_.viewerDataByStage.3.log.pages_1_.rows_5_.duration,case_surface_content,src/data/cases/generated,friend-01,evidence[e-1].viewerDataByStage.3.log.pages[1].rows[5].duration,"""저랑 태윤 씨 문제로 부르는 게 아니에요""","""I’m not asking to meet because of anything between me and Tae-yun.""",「私とテユンさんの問題で呼んでいるわけではありません」,“我不是因为我和泰允先生之间的问题才找你。”,"Case metadata, character profile, dispute, evidence, solution, or evidence-viewer surface text. Party dialogue scripts are not included here."
case_surface_content_src_data_cases_generated_friend-01_evidence_e-1_.viewerDataByStage.3.log.pages_1_.rows_5_.target,case_surface_content,src/data/cases/generated,friend-01,evidence[e-1].viewerDataByStage.3.log.pages[1].rows[5].target,김태○,Kim Tae-○,キム・テ○,金泰○,"Case metadata, character profile, dispute, evidence, solution, or evidence-viewer surface text. Party dialogue scripts are not included here."
case_surface_content_src_data_cases_generated_friend-01_evidence_e-1_.viewerDataByStage.3.log.pages_1_.rows_5_.typeLabel,case_surface_content,src/data/cases/generated,friend-01,evidence[e-1].viewerDataByStage.3.log.pages[1].rows[5].typeLabel,문자,Text,メッセージ,短信,"Case metadata, character profile, dispute, evidence, solution, or evidence-viewer surface text. Party dialogue scripts are not included here."
case_surface_content_src_data_cases_generated_friend-01_evidence_e-1_.viewerDataByStage.3.log.pages_1_.rows_6_.date,case_surface_content,src/data/cases/generated,friend-01,evidence[e-1].viewerDataByStage.3.log.pages[1].rows[6].date,03.06 08시대,"Mar. 6, around 8 AM",3月6日 8時台,3月6日8点左右,"Case metadata, character profile, dispute, evidence, solution, or evidence-viewer surface text. Party dialogue scripts are not included here."
case_surface_content_src_data_cases_generated_friend-01_evidence_e-1_.viewerDataByStage.3.log.pages_1_.rows_6_.duration,case_surface_content,src/data/cases/generated,friend-01,evidence[e-1].viewerDataByStage.3.log.pages[1].rows[6].duration,1분 42초,1 min 42 sec,1分42秒,1分42秒,"Case metadata, character profile, dispute, evidence, solution, or evidence-viewer surface text. Party dialogue scripts are not included here."
case_surface_content_src_data_cases_generated_friend-01_evidence_e-1_.viewerDataByStage.3.log.pages_1_.rows_6_.target,case_surface_content,src/data/cases/generated,friend-01,evidence[e-1].viewerDataByStage.3.log.pages[1].rows[6].target,김태○,Kim Tae-○,キム・テ○,金泰○,"Case metadata, character profile, dispute, evidence, solution, or evidence-viewer surface text. Party dialogue scripts are not included here."
case_surface_content_src_data_cases_generated_friend-01_evidence_e-1_.viewerDataByStage.3.log.pages_1_.rows_6_.typeLabel,case_surface_content,src/data/cases/generated,friend-01,evidence[e-1].viewerDataByStage.3.log.pages[1].rows[6].typeLabel,발신,Outgoing,発信,拨出,"Case metadata, character profile, dispute, evidence, solution, or evidence-viewer surface text. Party dialogue scripts are not included here."
case_surface_content_src_data_cases_generated_friend-01_evidence_e-1_.viewerDataByStage.3.log.pages_1_.rows_7_.date,case_surface_content,src/data/cases/generated,friend-01,evidence[e-1].viewerDataByStage.3.log.pages[1].rows[7].date,03.08 17시대,"Mar. 8, around 5 PM",3月8日 17時台,3月8日17点左右,"Case metadata, character profile, dispute, evidence, solution, or evidence-viewer surface text. Party dialogue scripts are not included here."
case_surface_content_src_data_cases_generated_friend-01_evidence_e-1_.viewerDataByStage.3.log.pages_1_.rows_7_.duration,case_surface_content,src/data/cases/generated,friend-01,evidence[e-1].viewerDataByStage.3.log.pages[1].rows[7].duration,"""오해할 얘기는 아닌데, 그냥 넘기면 안 될 것 같아요""","""It’s not something you should misunderstand, but I don’t think we can just let it pass.""",「誤解してほしい話ではないのですが、このまま見過ごしてはいけないと思います」,“这不是会让你误会的事，但我觉得不能就这样放过去。”,"Case metadata, character profile, dispute, evidence, solution, or evidence-viewer surface text. Party dialogue scripts are not included here."
case_surface_content_src_data_cases_generated_friend-01_evidence_e-1_.viewerDataByStage.3.log.pages_1_.rows_7_.target,case_surface_content,src/data/cases/generated,friend-01,evidence[e-1].viewerDataByStage.3.log.pages[1].rows[7].target,김태○,Kim Tae-○,キム・テ○,金泰○,"Case metadata, character profile, dispute, evidence, solution, or evidence-viewer surface text. Party dialogue scripts are not included here."
case_surface_content_src_data_cases_generated_friend-01_evidence_e-1_.viewerDataByStage.3.log.pages_1_.rows_7_.typeLabel,case_surface_content,src/data/cases/generated,friend-01,evidence[e-1].viewerDataByStage.3.log.pages[1].rows[7].typeLabel,문자,Text,メッセージ,短信,"Case metadata, character profile, dispute, evidence, solution, or evidence-viewer surface text. Party dialogue scripts are not included here."
case_surface_content_src_data_cases_generated_friend-01_evidence_e-1_.viewerDataByStage.3.log.pages_1_.rows_8_.date,case_surface_content,src/data/cases/generated,friend-01,evidence[e-1].viewerDataByStage.3.log.pages[1].rows[8].date,03.09 11시대,"Mar. 9, around 11 AM",3月9日 11時台,3月9日11点左右,"Case metadata, character profile, dispute, evidence, solution, or evidence-viewer surface text. Party dialogue scripts are not included here."
case_surface_content_src_data_cases_generated_friend-01_evidence_e-1_.viewerDataByStage.3.log.pages_1_.rows_8_.duration,case_surface_content,src/data/cases/generated,friend-01,evidence[e-1].viewerDataByStage.3.log.pages[1].rows[8].duration,부재중 (차단 추정),Missed (blocking suspected),不在着信（ブロック推定）,未接（推定已被拉黑）,"Case metadata, character profile, dispute, evidence, solution, or evidence-viewer surface text. Party dialogue scripts are not included here."
case_surface_content_src_data_cases_generated_friend-01_evidence_e-1_.viewerDataByStage.3.log.pages_1_.rows_8_.target,case_surface_content,src/data/cases/generated,friend-01,evidence[e-1].viewerDataByStage.3.log.pages[1].rows[8].target,김태○,Kim Tae-○,キム・テ○,金泰○,"Case metadata, character profile, dispute, evidence, solution, or evidence-viewer surface text. Party dialogue scripts are not included here."
case_surface_content_src_data_cases_generated_friend-01_evidence_e-1_.viewerDataByStage.3.log.pages_1_.rows_8_.typeLabel,case_surface_content,src/data/cases/generated,friend-01,evidence[e-1].viewerDataByStage.3.log.pages[1].rows[8].typeLabel,발신,Outgoing,発信,拨出,"Case metadata, character profile, dispute, evidence, solution, or evidence-viewer surface text. Party dialogue scripts are not included here."
case_surface_content_src_data_cases_generated_friend-01_evidence_e-1_.viewerDataByStage.3.log.pages_1_.title,case_surface_content,src/data/cases/generated,friend-01,evidence[e-1].viewerDataByStage.3.log.pages[1].title,최수민→예비신랑 연락 기록,Choi Su-min → Fiancé Contact Logs,チェ・スミン→婚約者の連絡記録,崔秀敏→未婚夫联系记录,"Case metadata, character profile, dispute, evidence, solution, or evidence-viewer surface text. Party dialogue scripts are not included here."
case_surface_content_src_data_cases_generated_friend-01_evidence_e-1_.viewerDataByStage.3.log.pages_2_.label,case_surface_content,src/data/cases/generated,friend-01,evidence[e-1].viewerDataByStage.3.log.pages[2].label,3쪽 다은 관련 사유,Page 3: Reason Related to Da-eun,3ページ：ダウン関連の理由,第3页：与多恩有关的理由,"Case metadata, character profile, dispute, evidence, solution, or evidence-viewer surface text. Party dialogue scripts are not included here."
case_surface_content_src_data_cases_generated_friend-01_evidence_e-1_.viewerDataByStage.3.log.pages_2_.note,case_surface_content,src/data/cases/generated,friend-01,evidence[e-1].viewerDataByStage.3.log.pages[2].note,"3쪽 전체 원문에서는 “다은이 관련 이야기”, “예전에 같은 일” 같은 문구가 반복된다. 연락 의도는 예비신랑과 수민 사이의 감정 문제가 아니라 다른 사안으로 보인다.","Across the full original text on Page 3, phrases like “a matter related to Da-eun” and “the same thing happened before” repeat. The intent behind the contact appears to involve another issue, not an emotional matter between the fiancé and Su-min.",3ページ目の原文全体では、「ダウンに関する話」「以前にも同じことがあった」といった文言が繰り返される。連絡の意図は、婚約者とスミンの感情問題ではなく別の事案に見える。,第3页完整原文中反复出现“与多恩有关的事”“以前也发生过同样的事”等表述。联系意图看起来不是未婚夫与秀敏之间的感情问题，而是另有事项。,"Case metadata, character profile, dispute, evidence, solution, or evidence-viewer surface text. Party dialogue scripts are not included here."
case_surface_content_src_data_cases_generated_friend-01_evidence_e-1_.viewerDataByStage.3.log.pages_2_.rows_0_.duration,case_surface_content,src/data/cases/generated,friend-01,evidence[e-1].viewerDataByStage.3.log.pages[2].rows[0].duration,0분 12초 (끊김),0 min 12 sec (disconnected),0分12秒（切断）,0分12秒（中断）,"Case metadata, character profile, dispute, evidence, solution, or evidence-viewer surface text. Party dialogue scripts are not included here."
case_surface_content_src_data_cases_generated_friend-01_evidence_e-1_.viewerDataByStage.3.log.pages_2_.rows_0_.target,case_surface_content,src/data/cases/generated,friend-01,evidence[e-1].viewerDataByStage.3.log.pages[2].rows[0].target,김태윤 (예비신랑),Kim Tae-yun (fiancé),キム・テユン（婚約者）,金泰允（未婚夫）,"Case metadata, character profile, dispute, evidence, solution, or evidence-viewer surface text. Party dialogue scripts are not included here."
case_surface_content_src_data_cases_generated_friend-01_evidence_e-1_.viewerDataByStage.3.log.pages_2_.rows_0_.typeLabel,case_surface_content,src/data/cases/generated,friend-01,evidence[e-1].viewerDataByStage.3.log.pages[2].rows[0].typeLabel,발신,Outgoing,発信,拨出,"Case metadata, character profile, dispute, evidence, solution, or evidence-viewer surface text. Party dialogue scripts are not included here."
case_surface_content_src_data_cases_generated_friend-01_evidence_e-1_.viewerDataByStage.3.log.pages_2_.rows_1_.duration,case_surface_content,src/data/cases/generated,friend-01,evidence[e-1].viewerDataByStage.3.log.pages[2].rows[1].duration,"""태윤 씨, 수민입니다. 잠깐만 통화할 수 있을까요""","""Tae-yun, this is Su-min. Could we speak for a moment?""",「テユンさん、スミンです。少しだけ通話できますか」,“泰允先生，我是秀敏。可以稍微通个话吗？”,"Case metadata, character profile, dispute, evidence, solution, or evidence-viewer surface text. Party dialogue scripts are not included here."
case_surface_content_src_data_cases_generated_friend-01_evidence_e-1_.viewerDataByStage.3.log.pages_2_.rows_1_.target,case_surface_content,src/data/cases/generated,friend-01,evidence[e-1].viewerDataByStage.3.log.pages[2].rows[1].target,김태윤,Kim Tae-yun,キム・テユン,金泰允,"Case metadata, character profile, dispute, evidence, solution, or evidence-viewer surface text. Party dialogue scripts are not included here."
case_surface_content_src_data_cases_generated_friend-01_evidence_e-1_.viewerDataByStage.3.log.pages_2_.rows_1_.typeLabel,case_surface_content,src/data/cases/generated,friend-01,evidence[e-1].viewerDataByStage.3.log.pages[2].rows[1].typeLabel,문자,Text,メッセージ,短信,"Case metadata, character profile, dispute, evidence, solution, or evidence-viewer surface text. Party dialogue scripts are not included here."
case_surface_content_src_data_cases_generated_friend-01_evidence_e-1_.viewerDataByStage.3.log.pages_2_.rows_10_.duration,case_surface_content,src/data/cases/generated,friend-01,evidence[e-1].viewerDataByStage.3.log.pages[2].rows[10].duration,부재중,Missed,不在着信,未接,"Case metadata, character profile, dispute, evidence, solution, or evidence-viewer surface text. Party dialogue scripts are not included here."
case_surface_content_src_data_cases_generated_friend-01_evidence_e-1_.viewerDataByStage.3.log.pages_2_.rows_10_.target,case_surface_content,src/data/cases/generated,friend-01,evidence[e-1].viewerDataByStage.3.log.pages[2].rows[10].target,김태윤,Kim Tae-yun,キム・テユン,金泰允,"Case metadata, character profile, dispute, evidence, solution, or evidence-viewer surface text. Party dialogue scripts are not included here."
case_surface_content_src_data_cases_generated_friend-01_evidence_e-1_.viewerDataByStage.3.log.pages_2_.rows_10_.typeLabel,case_surface_content,src/data/cases/generated,friend-01,evidence[e-1].viewerDataByStage.3.log.pages[2].rows[10].typeLabel,발신,Outgoing,発信,拨出,"Case metadata, character profile, dispute, evidence, solution, or evidence-viewer surface text. Party dialogue scripts are not included here."
case_surface_content_src_data_cases_generated_friend-01_evidence_e-1_.viewerDataByStage.3.log.pages_2_.rows_11_.duration,case_surface_content,src/data/cases/generated,friend-01,evidence[e-1].viewerDataByStage.3.log.pages[2].rows[11].duration,"""마지막으로 부탁드려요. 예전에 같은 일이 있었거든요""","""I’m asking one last time. The same thing happened before.""",「最後にお願いします。以前にも同じことがあったんです」,“最后再拜托你一次。以前也发生过同样的事。”,"Case metadata, character profile, dispute, evidence, solution, or evidence-viewer surface text. Party dialogue scripts are not included here."
case_surface_content_src_data_cases_generated_friend-01_evidence_e-1_.viewerDataByStage.3.log.pages_2_.rows_11_.target,case_surface_content,src/data/cases/generated,friend-01,evidence[e-1].viewerDataByStage.3.log.pages[2].rows[11].target,김태윤,Kim Tae-yun,キム・テユン,金泰允,"Case metadata, character profile, dispute, evidence, solution, or evidence-viewer surface text. Party dialogue scripts are not included here."
case_surface_content_src_data_cases_generated_friend-01_evidence_e-1_.viewerDataByStage.3.log.pages_2_.rows_11_.typeLabel,case_surface_content,src/data/cases/generated,friend-01,evidence[e-1].viewerDataByStage.3.log.pages[2].rows[11].typeLabel,문자,Text,メッセージ,短信,"Case metadata, character profile, dispute, evidence, solution, or evidence-viewer surface text. Party dialogue scripts are not included here."
case_surface_content_src_data_cases_generated_friend-01_evidence_e-1_.viewerDataByStage.3.log.pages_2_.rows_12_.duration,case_surface_content,src/data/cases/generated,friend-01,evidence[e-1].viewerDataByStage.3.log.pages[2].rows[12].duration,부재중 (차단 추정),Missed (blocking suspected),不在着信（ブロック推定）,未接（推定已被拉黑）,"Case metadata, character profile, dispute, evidence, solution, or evidence-viewer surface text. Party dialogue scripts are not included here."
case_surface_content_src_data_cases_generated_friend-01_evidence_e-1_.viewerDataByStage.3.log.pages_2_.rows_12_.target,case_surface_content,src/data/cases/generated,friend-01,evidence[e-1].viewerDataByStage.3.log.pages[2].rows[12].target,김태윤,Kim Tae-yun,キム・テユン,金泰允,"Case metadata, character profile, dispute, evidence, solution, or evidence-viewer surface text. Party dialogue scripts are not included here."
case_surface_content_src_data_cases_generated_friend-01_evidence_e-1_.viewerDataByStage.3.log.pages_2_.rows_12_.typeLabel,case_surface_content,src/data/cases/generated,friend-01,evidence[e-1].viewerDataByStage.3.log.pages[2].rows[12].typeLabel,발신,Outgoing,発信,拨出,"Case metadata, character profile, dispute, evidence, solution, or evidence-viewer surface text. Party dialogue scripts are not included here."
case_surface_content_src_data_cases_generated_friend-01_evidence_e-1_.viewerDataByStage.3.log.pages_2_.rows_13_.duration,case_surface_content,src/data/cases/generated,friend-01,evidence[e-1].viewerDataByStage.3.log.pages[2].rows[13].duration,"""차단하셨나 봐요. 다은이를 끌어들이고 싶지 않았는데 미안해요""","""I guess you blocked me. I’m sorry—I didn’t want to drag Da-eun into this.""",「ブロックされたみたいですね。ダウンを巻き込みたくなかったのに、すみません」,“看来你把我拉黑了。对不起，我本来不想把多恩牵扯进来的。”,"Case metadata, character profile, dispute, evidence, solution, or evidence-viewer surface text. Party dialogue scripts are not included here."
case_surface_content_src_data_cases_generated_friend-01_evidence_e-1_.viewerDataByStage.3.log.pages_2_.rows_13_.target,case_surface_content,src/data/cases/generated,friend-01,evidence[e-1].viewerDataByStage.3.log.pages[2].rows[13].target,김태윤,Kim Tae-yun,キム・テユン,金泰允,"Case metadata, character profile, dispute, evidence, solution, or evidence-viewer surface text. Party dialogue scripts are not included here."
case_surface_content_src_data_cases_generated_friend-01_evidence_e-1_.viewerDataByStage.3.log.pages_2_.rows_13_.typeLabel,case_surface_content,src/data/cases/generated,friend-01,evidence[e-1].viewerDataByStage.3.log.pages[2].rows[13].typeLabel,문자,Text,メッセージ,短信,"Case metadata, character profile, dispute, evidence, solution, or evidence-viewer surface text. Party dialogue scripts are not included here."
case_surface_content_src_data_cases_generated_friend-01_evidence_e-1_.viewerDataByStage.3.log.pages_2_.rows_2_.duration,case_surface_content,src/data/cases/generated,friend-01,evidence[e-1].viewerDataByStage.3.log.pages[2].rows[2].duration,"""지난번에 제게 선 넘는 농담을 한 걸 따지려는 게 아니에요. 다른 얘기예요""","""I’m not trying to confront you about the inappropriate joke you made to me last time. This is about something else.""",「前に私へ一線を越えた冗談を言った件を問いただしたいわけではありません。別の話です」,“我不是要追究你上次对我开过越界玩笑的事。这是另一件事。”,"Case metadata, character profile, dispute, evidence, solution, or evidence-viewer surface text. Party dialogue scripts are not included here."
case_surface_content_src_data_cases_generated_friend-01_evidence_e-1_.viewerDataByStage.3.log.pages_2_.rows_2_.target,case_surface_content,src/data/cases/generated,friend-01,evidence[e-1].viewerDataByStage.3.log.pages[2].rows[2].target,김태윤,Kim Tae-yun,キム・テユン,金泰允,"Case metadata, character profile, dispute, evidence, solution, or evidence-viewer surface text. Party dialogue scripts are not included here."
case_surface_content_src_data_cases_generated_friend-01_evidence_e-1_.viewerDataByStage.3.log.pages_2_.rows_2_.typeLabel,case_surface_content,src/data/cases/generated,friend-01,evidence[e-1].viewerDataByStage.3.log.pages[2].rows[2].typeLabel,문자,Text,メッセージ,短信,"Case metadata, character profile, dispute, evidence, solution, or evidence-viewer surface text. Party dialogue scripts are not included here."
case_surface_content_src_data_cases_generated_friend-01_evidence_e-1_.viewerDataByStage.3.log.pages_2_.rows_3_.duration,case_surface_content,src/data/cases/generated,friend-01,evidence[e-1].viewerDataByStage.3.log.pages[2].rows[3].duration,부재중,Missed,不在着信,未接,"Case metadata, character profile, dispute, evidence, solution, or evidence-viewer surface text. Party dialogue scripts are not included here."
case_surface_content_src_data_cases_generated_friend-01_evidence_e-1_.viewerDataByStage.3.log.pages_2_.rows_3_.target,case_surface_content,src/data/cases/generated,friend-01,evidence[e-1].viewerDataByStage.3.log.pages[2].rows[3].target,김태윤,Kim Tae-yun,キム・テユン,金泰允,"Case metadata, character profile, dispute, evidence, solution, or evidence-viewer surface text. Party dialogue scripts are not included here."
case_surface_content_src_data_cases_generated_friend-01_evidence_e-1_.viewerDataByStage.3.log.pages_2_.rows_3_.typeLabel,case_surface_content,src/data/cases/generated,friend-01,evidence[e-1].viewerDataByStage.3.log.pages[2].rows[3].typeLabel,발신,Outgoing,発信,拨出,"Case metadata, character profile, dispute, evidence, solution, or evidence-viewer surface text. Party dialogue scripts are not included here."
case_surface_content_src_data_cases_generated_friend-01_evidence_e-1_.viewerDataByStage.3.log.pages_2_.rows_4_.duration,case_surface_content,src/data/cases/generated,friend-01,evidence[e-1].viewerDataByStage.3.log.pages[2].rows[4].duration,"""중요한 얘기가 있어요. 다은이 관련 이야기에요""","""There’s something important to talk about. It has to do with Da-eun.""",「大事な話があります。ダウンに関する話です」,“我有重要的事要说。是关于多恩的。”,"Case metadata, character profile, dispute, evidence, solution, or evidence-viewer surface text. Party dialogue scripts are not included here."
case_surface_content_src_data_cases_generated_friend-01_evidence_e-1_.viewerDataByStage.3.log.pages_2_.rows_4_.target,case_surface_content,src/data/cases/generated,friend-01,evidence[e-1].viewerDataByStage.3.log.pages[2].rows[4].target,김태윤,Kim Tae-yun,キム・テユン,金泰允,"Case metadata, character profile, dispute, evidence, solution, or evidence-viewer surface text. Party dialogue scripts are not included here."
case_surface_content_src_data_cases_generated_friend-01_evidence_e-1_.viewerDataByStage.3.log.pages_2_.rows_4_.typeLabel,case_surface_content,src/data/cases/generated,friend-01,evidence[e-1].viewerDataByStage.3.log.pages[2].rows[4].typeLabel,문자,Text,メッセージ,短信,"Case metadata, character profile, dispute, evidence, solution, or evidence-viewer surface text. Party dialogue scripts are not included here."
case_surface_content_src_data_cases_generated_friend-01_evidence_e-1_.viewerDataByStage.3.log.pages_2_.rows_5_.duration,case_surface_content,src/data/cases/generated,friend-01,evidence[e-1].viewerDataByStage.3.log.pages[2].rows[5].duration,0분 08초 (끊김),0 min 08 sec (disconnected),0分08秒（切断）,0分08秒（中断）,"Case metadata, character profile, dispute, evidence, solution, or evidence-viewer surface text. Party dialogue scripts are not included here."
case_surface_content_src_data_cases_generated_friend-01_evidence_e-1_.viewerDataByStage.3.log.pages_2_.rows_5_.target,case_surface_content,src/data/cases/generated,friend-01,evidence[e-1].viewerDataByStage.3.log.pages[2].rows[5].target,김태윤,Kim Tae-yun,キム・テユン,金泰允,"Case metadata, character profile, dispute, evidence, solution, or evidence-viewer surface text. Party dialogue scripts are not included here."
case_surface_content_src_data_cases_generated_friend-01_evidence_e-1_.viewerDataByStage.3.log.pages_2_.rows_5_.typeLabel,case_surface_content,src/data/cases/generated,friend-01,evidence[e-1].viewerDataByStage.3.log.pages[2].rows[5].typeLabel,발신,Outgoing,発信,拨出,"Case metadata, character profile, dispute, evidence, solution, or evidence-viewer surface text. Party dialogue scripts are not included here."
case_surface_content_src_data_cases_generated_friend-01_evidence_e-1_.viewerDataByStage.3.log.pages_2_.rows_6_.duration,case_surface_content,src/data/cases/generated,friend-01,evidence[e-1].viewerDataByStage.3.log.pages[2].rows[6].duration,"""피하지 마세요. 다은이한테 지금 바로 말하기 어려워서 이러는 거예요""","""Please don’t avoid me. I’m doing this because it’s hard to tell Da-eun right now.""",「避けないでください。今すぐダウンに話すのが難しいので、こうしているんです」,“请不要躲我。我这样做是因为现在很难直接告诉多恩。”,"Case metadata, character profile, dispute, evidence, solution, or evidence-viewer surface text. Party dialogue scripts are not included here."
case_surface_content_src_data_cases_generated_friend-01_evidence_e-1_.viewerDataByStage.3.log.pages_2_.rows_6_.target,case_surface_content,src/data/cases/generated,friend-01,evidence[e-1].viewerDataByStage.3.log.pages[2].rows[6].target,김태윤,Kim Tae-yun,キム・テユン,金泰允,"Case metadata, character profile, dispute, evidence, solution, or evidence-viewer surface text. Party dialogue scripts are not included here."
case_surface_content_src_data_cases_generated_friend-01_evidence_e-1_.viewerDataByStage.3.log.pages_2_.rows_6_.typeLabel,case_surface_content,src/data/cases/generated,friend-01,evidence[e-1].viewerDataByStage.3.log.pages[2].rows[6].typeLabel,문자,Text,メッセージ,短信,"Case metadata, character profile, dispute, evidence, solution, or evidence-viewer surface text. Party dialogue scripts are not included here."
case_surface_content_src_data_cases_generated_friend-01_evidence_e-1_.viewerDataByStage.3.log.pages_2_.rows_7_.duration,case_surface_content,src/data/cases/generated,friend-01,evidence[e-1].viewerDataByStage.3.log.pages[2].rows[7].duration,"""한 번만 만나서 얘기하면 다 이해할 거예요""","""If we meet and talk just once, you’ll understand everything.""",「一度だけ会って話せば、全部わかるはずです」,“只要见一次面谈谈，你就会全都明白。”,"Case metadata, character profile, dispute, evidence, solution, or evidence-viewer surface text. Party dialogue scripts are not included here."
case_surface_content_src_data_cases_generated_friend-01_evidence_e-1_.viewerDataByStage.3.log.pages_2_.rows_7_.target,case_surface_content,src/data/cases/generated,friend-01,evidence[e-1].viewerDataByStage.3.log.pages[2].rows[7].target,김태윤,Kim Tae-yun,キム・テユン,金泰允,"Case metadata, character profile, dispute, evidence, solution, or evidence-viewer surface text. Party dialogue scripts are not included here."
case_surface_content_src_data_cases_generated_friend-01_evidence_e-1_.viewerDataByStage.3.log.pages_2_.rows_7_.typeLabel,case_surface_content,src/data/cases/generated,friend-01,evidence[e-1].viewerDataByStage.3.log.pages[2].rows[7].typeLabel,문자,Text,メッセージ,短信,"Case metadata, character profile, dispute, evidence, solution, or evidence-viewer surface text. Party dialogue scripts are not included here."
case_surface_content_src_data_cases_generated_friend-01_evidence_e-1_.viewerDataByStage.3.log.pages_2_.rows_8_.duration,case_surface_content,src/data/cases/generated,friend-01,evidence[e-1].viewerDataByStage.3.log.pages[2].rows[8].duration,1분 42초,1 min 42 sec,1分42秒,1分42秒,"Case metadata, character profile, dispute, evidence, solution, or evidence-viewer surface text. Party dialogue scripts are not included here."
case_surface_content_src_data_cases_generated_friend-01_evidence_e-1_.viewerDataByStage.3.log.pages_2_.rows_8_.target,case_surface_content,src/data/cases/generated,friend-01,evidence[e-1].viewerDataByStage.3.log.pages[2].rows[8].target,김태윤,Kim Tae-yun,キム・テユン,金泰允,"Case metadata, character profile, dispute, evidence, solution, or evidence-viewer surface text. Party dialogue scripts are not included here."
case_surface_content_src_data_cases_generated_friend-01_evidence_e-1_.viewerDataByStage.3.log.pages_2_.rows_8_.typeLabel,case_surface_content,src/data/cases/generated,friend-01,evidence[e-1].viewerDataByStage.3.log.pages[2].rows[8].typeLabel,발신,Outgoing,発信,拨出,"Case metadata, character profile, dispute, evidence, solution, or evidence-viewer surface text. Party dialogue scripts are not included here."
case_surface_content_src_data_cases_generated_friend-01_evidence_e-1_.viewerDataByStage.3.log.pages_2_.rows_9_.duration,case_surface_content,src/data/cases/generated,friend-01,evidence[e-1].viewerDataByStage.3.log.pages[2].rows[9].duration,"""저도 이러고 싶지 않아요. 다은이 일이라 그냥 넘길 수 없어요""","""I don’t want to do this either. But it concerns Da-eun, so I can’t just let it pass.""",「私もこんなことはしたくありません。ダウンのことなので、見過ごせません」,“我也不想这样。但这是多恩的事，我不能就这样放过去。”,"Case metadata, character profile, dispute, evidence, solution, or evidence-viewer surface text. Party dialogue scripts are not included here."
case_surface_content_src_data_cases_generated_friend-01_evidence_e-1_.viewerDataByStage.3.log.pages_2_.rows_9_.target,case_surface_content,src/data/cases/generated,friend-01,evidence[e-1].viewerDataByStage.3.log.pages[2].rows[9].target,김태윤,Kim Tae-yun,キム・テユン,金泰允,"Case metadata, character profile, dispute, evidence, solution, or evidence-viewer surface text. Party dialogue scripts are not included here."
case_surface_content_src_data_cases_generated_friend-01_evidence_e-1_.viewerDataByStage.3.log.pages_2_.rows_9_.typeLabel,case_surface_content,src/data/cases/generated,friend-01,evidence[e-1].viewerDataByStage.3.log.pages[2].rows[9].typeLabel,문자,Text,メッセージ,短信,"Case metadata, character profile, dispute, evidence, solution, or evidence-viewer surface text. Party dialogue scripts are not included here."
case_surface_content_src_data_cases_generated_friend-01_evidence_e-1_.viewerDataByStage.3.log.pages_2_.title,case_surface_content,src/data/cases/generated,friend-01,evidence[e-1].viewerDataByStage.3.log.pages[2].title,최수민→예비신랑 연락 기록,Choi Su-min → Fiancé Contact Logs,チェ・スミン→婚約者の連絡記録,崔秀敏→未婚夫联系记录,"Case metadata, character profile, dispute, evidence, solution, or evidence-viewer surface text. Party dialogue scripts are not included here."
case_surface_content_src_data_cases_generated_friend-01_evidence_e-1_.viewerDataByStage.3.log.rows_0_.duration,case_surface_content,src/data/cases/generated,friend-01,evidence[e-1].viewerDataByStage.3.log.rows[0].duration,0분 12초 (끊김),0 min 12 sec (disconnected),0分12秒（切断）,0分12秒（中断）,"Case metadata, character profile, dispute, evidence, solution, or evidence-viewer surface text. Party dialogue scripts are not included here."
case_surface_content_src_data_cases_generated_friend-01_evidence_e-1_.viewerDataByStage.3.log.rows_0_.target,case_surface_content,src/data/cases/generated,friend-01,evidence[e-1].viewerDataByStage.3.log.rows[0].target,김태윤 (예비신랑),Kim Tae-yun (fiancé),キム・テユン（婚約者）,金泰允（未婚夫）,"Case metadata, character profile, dispute, evidence, solution, or evidence-viewer surface text. Party dialogue scripts are not included here."
case_surface_content_src_data_cases_generated_friend-01_evidence_e-1_.viewerDataByStage.3.log.rows_0_.typeLabel,case_surface_content,src/data/cases/generated,friend-01,evidence[e-1].viewerDataByStage.3.log.rows[0].typeLabel,발신,Outgoing,発信,拨出,"Case metadata, character profile, dispute, evidence, solution, or evidence-viewer surface text. Party dialogue scripts are not included here."
case_surface_content_src_data_cases_generated_friend-01_evidence_e-1_.viewerDataByStage.3.log.rows_1_.duration,case_surface_content,src/data/cases/generated,friend-01,evidence[e-1].viewerDataByStage.3.log.rows[1].duration,"""태윤 씨, 수민입니다. 잠깐만 통화할 수 있을까요""","""Tae-yun, this is Su-min. Could we speak for a moment?""",「テユンさん、スミンです。少しだけ通話できますか」,“泰允先生，我是秀敏。可以稍微通个话吗？”,"Case metadata, character profile, dispute, evidence, solution, or evidence-viewer surface text. Party dialogue scripts are not included here."
case_surface_content_src_data_cases_generated_friend-01_evidence_e-1_.viewerDataByStage.3.log.rows_1_.target,case_surface_content,src/data/cases/generated,friend-01,evidence[e-1].viewerDataByStage.3.log.rows[1].target,김태윤,Kim Tae-yun,キム・テユン,金泰允,"Case metadata, character profile, dispute, evidence, solution, or evidence-viewer surface text. Party dialogue scripts are not included here."
case_surface_content_src_data_cases_generated_friend-01_evidence_e-1_.viewerDataByStage.3.log.rows_1_.typeLabel,case_surface_content,src/data/cases/generated,friend-01,evidence[e-1].viewerDataByStage.3.log.rows[1].typeLabel,문자,Text,メッセージ,短信,"Case metadata, character profile, dispute, evidence, solution, or evidence-viewer surface text. Party dialogue scripts are not included here."
case_surface_content_src_data_cases_generated_friend-01_evidence_e-1_.viewerDataByStage.3.log.rows_10_.duration,case_surface_content,src/data/cases/generated,friend-01,evidence[e-1].viewerDataByStage.3.log.rows[10].duration,부재중,Missed,不在着信,未接,"Case metadata, character profile, dispute, evidence, solution, or evidence-viewer surface text. Party dialogue scripts are not included here."
case_surface_content_src_data_cases_generated_friend-01_evidence_e-1_.viewerDataByStage.3.log.rows_10_.target,case_surface_content,src/data/cases/generated,friend-01,evidence[e-1].viewerDataByStage.3.log.rows[10].target,김태윤,Kim Tae-yun,キム・テユン,金泰允,"Case metadata, character profile, dispute, evidence, solution, or evidence-viewer surface text. Party dialogue scripts are not included here."
case_surface_content_src_data_cases_generated_friend-01_evidence_e-1_.viewerDataByStage.3.log.rows_10_.typeLabel,case_surface_content,src/data/cases/generated,friend-01,evidence[e-1].viewerDataByStage.3.log.rows[10].typeLabel,발신,Outgoing,発信,拨出,"Case metadata, character profile, dispute, evidence, solution, or evidence-viewer surface text. Party dialogue scripts are not included here."
case_surface_content_src_data_cases_generated_friend-01_evidence_e-1_.viewerDataByStage.3.log.rows_11_.duration,case_surface_content,src/data/cases/generated,friend-01,evidence[e-1].viewerDataByStage.3.log.rows[11].duration,"""마지막으로 부탁드려요. 예전에 같은 일이 있었거든요""","""I’m asking one last time. The same thing happened before.""",「最後にお願いします。以前にも同じことがあったんです」,“最后再拜托你一次。以前也发生过同样的事。”,"Case metadata, character profile, dispute, evidence, solution, or evidence-viewer surface text. Party dialogue scripts are not included here."
case_surface_content_src_data_cases_generated_friend-01_evidence_e-1_.viewerDataByStage.3.log.rows_11_.target,case_surface_content,src/data/cases/generated,friend-01,evidence[e-1].viewerDataByStage.3.log.rows[11].target,김태윤,Kim Tae-yun,キム・テユン,金泰允,"Case metadata, character profile, dispute, evidence, solution, or evidence-viewer surface text. Party dialogue scripts are not included here."
case_surface_content_src_data_cases_generated_friend-01_evidence_e-1_.viewerDataByStage.3.log.rows_11_.typeLabel,case_surface_content,src/data/cases/generated,friend-01,evidence[e-1].viewerDataByStage.3.log.rows[11].typeLabel,문자,Text,メッセージ,短信,"Case metadata, character profile, dispute, evidence, solution, or evidence-viewer surface text. Party dialogue scripts are not included here."
case_surface_content_src_data_cases_generated_friend-01_evidence_e-1_.viewerDataByStage.3.log.rows_12_.duration,case_surface_content,src/data/cases/generated,friend-01,evidence[e-1].viewerDataByStage.3.log.rows[12].duration,부재중 (차단 추정),Missed (blocking suspected),不在着信（ブロック推定）,未接（推定已被拉黑）,"Case metadata, character profile, dispute, evidence, solution, or evidence-viewer surface text. Party dialogue scripts are not included here."
case_surface_content_src_data_cases_generated_friend-01_evidence_e-1_.viewerDataByStage.3.log.rows_12_.target,case_surface_content,src/data/cases/generated,friend-01,evidence[e-1].viewerDataByStage.3.log.rows[12].target,김태윤,Kim Tae-yun,キム・テユン,金泰允,"Case metadata, character profile, dispute, evidence, solution, or evidence-viewer surface text. Party dialogue scripts are not included here."
case_surface_content_src_data_cases_generated_friend-01_evidence_e-1_.viewerDataByStage.3.log.rows_12_.typeLabel,case_surface_content,src/data/cases/generated,friend-01,evidence[e-1].viewerDataByStage.3.log.rows[12].typeLabel,발신,Outgoing,発信,拨出,"Case metadata, character profile, dispute, evidence, solution, or evidence-viewer surface text. Party dialogue scripts are not included here."
case_surface_content_src_data_cases_generated_friend-01_evidence_e-1_.viewerDataByStage.3.log.rows_13_.duration,case_surface_content,src/data/cases/generated,friend-01,evidence[e-1].viewerDataByStage.3.log.rows[13].duration,"""차단하셨나 봐요. 다은이를 끌어들이고 싶지 않았는데 미안해요""","""I guess you blocked me. I’m sorry—I didn’t want to drag Da-eun into this.""",「ブロックされたみたいですね。ダウンを巻き込みたくなかったのに、すみません」,“看来你把我拉黑了。对不起，我本来不想把多恩牵扯进来的。”,"Case metadata, character profile, dispute, evidence, solution, or evidence-viewer surface text. Party dialogue scripts are not included here."
case_surface_content_src_data_cases_generated_friend-01_evidence_e-1_.viewerDataByStage.3.log.rows_13_.target,case_surface_content,src/data/cases/generated,friend-01,evidence[e-1].viewerDataByStage.3.log.rows[13].target,김태윤,Kim Tae-yun,キム・テユン,金泰允,"Case metadata, character profile, dispute, evidence, solution, or evidence-viewer surface text. Party dialogue scripts are not included here."
case_surface_content_src_data_cases_generated_friend-01_evidence_e-1_.viewerDataByStage.3.log.rows_13_.typeLabel,case_surface_content,src/data/cases/generated,friend-01,evidence[e-1].viewerDataByStage.3.log.rows[13].typeLabel,문자,Text,メッセージ,短信,"Case metadata, character profile, dispute, evidence, solution, or evidence-viewer surface text. Party dialogue scripts are not included here."
case_surface_content_src_data_cases_generated_friend-01_evidence_e-1_.viewerDataByStage.3.log.rows_2_.duration,case_surface_content,src/data/cases/generated,friend-01,evidence[e-1].viewerDataByStage.3.log.rows[2].duration,"""지난번에 제게 선 넘는 농담을 한 걸 따지려는 게 아니에요. 다른 얘기예요""","""I’m not trying to confront you about the inappropriate joke you made to me last time. This is about something else.""",「前に私へ一線を越えた冗談を言った件を問いただしたいわけではありません。別の話です」,“我不是要追究你上次对我开过越界玩笑的事。这是另一件事。”,"Case metadata, character profile, dispute, evidence, solution, or evidence-viewer surface text. Party dialogue scripts are not included here."
case_surface_content_src_data_cases_generated_friend-01_evidence_e-1_.viewerDataByStage.3.log.rows_2_.target,case_surface_content,src/data/cases/generated,friend-01,evidence[e-1].viewerDataByStage.3.log.rows[2].target,김태윤,Kim Tae-yun,キム・テユン,金泰允,"Case metadata, character profile, dispute, evidence, solution, or evidence-viewer surface text. Party dialogue scripts are not included here."
case_surface_content_src_data_cases_generated_friend-01_evidence_e-1_.viewerDataByStage.3.log.rows_2_.typeLabel,case_surface_content,src/data/cases/generated,friend-01,evidence[e-1].viewerDataByStage.3.log.rows[2].typeLabel,문자,Text,メッセージ,短信,"Case metadata, character profile, dispute, evidence, solution, or evidence-viewer surface text. Party dialogue scripts are not included here."
case_surface_content_src_data_cases_generated_friend-01_evidence_e-1_.viewerDataByStage.3.log.rows_3_.duration,case_surface_content,src/data/cases/generated,friend-01,evidence[e-1].viewerDataByStage.3.log.rows[3].duration,부재중,Missed,不在着信,未接,"Case metadata, character profile, dispute, evidence, solution, or evidence-viewer surface text. Party dialogue scripts are not included here."
case_surface_content_src_data_cases_generated_friend-01_evidence_e-1_.viewerDataByStage.3.log.rows_3_.target,case_surface_content,src/data/cases/generated,friend-01,evidence[e-1].viewerDataByStage.3.log.rows[3].target,김태윤,Kim Tae-yun,キム・テユン,金泰允,"Case metadata, character profile, dispute, evidence, solution, or evidence-viewer surface text. Party dialogue scripts are not included here."
case_surface_content_src_data_cases_generated_friend-01_evidence_e-1_.viewerDataByStage.3.log.rows_3_.typeLabel,case_surface_content,src/data/cases/generated,friend-01,evidence[e-1].viewerDataByStage.3.log.rows[3].typeLabel,발신,Outgoing,発信,拨出,"Case metadata, character profile, dispute, evidence, solution, or evidence-viewer surface text. Party dialogue scripts are not included here."
case_surface_content_src_data_cases_generated_friend-01_evidence_e-1_.viewerDataByStage.3.log.rows_4_.duration,case_surface_content,src/data/cases/generated,friend-01,evidence[e-1].viewerDataByStage.3.log.rows[4].duration,"""중요한 얘기가 있어요. 다은이 관련 이야기에요""","""There’s something important to talk about. It has to do with Da-eun.""",「大事な話があります。ダウンに関する話です」,“我有重要的事要说。是关于多恩的。”,"Case metadata, character profile, dispute, evidence, solution, or evidence-viewer surface text. Party dialogue scripts are not included here."
case_surface_content_src_data_cases_generated_friend-01_evidence_e-1_.viewerDataByStage.3.log.rows_4_.target,case_surface_content,src/data/cases/generated,friend-01,evidence[e-1].viewerDataByStage.3.log.rows[4].target,김태윤,Kim Tae-yun,キム・テユン,金泰允,"Case metadata, character profile, dispute, evidence, solution, or evidence-viewer surface text. Party dialogue scripts are not included here."
case_surface_content_src_data_cases_generated_friend-01_evidence_e-1_.viewerDataByStage.3.log.rows_4_.typeLabel,case_surface_content,src/data/cases/generated,friend-01,evidence[e-1].viewerDataByStage.3.log.rows[4].typeLabel,문자,Text,メッセージ,短信,"Case metadata, character profile, dispute, evidence, solution, or evidence-viewer surface text. Party dialogue scripts are not included here."
case_surface_content_src_data_cases_generated_friend-01_evidence_e-1_.viewerDataByStage.3.log.rows_5_.duration,case_surface_content,src/data/cases/generated,friend-01,evidence[e-1].viewerDataByStage.3.log.rows[5].duration,0분 08초 (끊김),0 min 08 sec (disconnected),0分08秒（切断）,0分08秒（中断）,"Case metadata, character profile, dispute, evidence, solution, or evidence-viewer surface text. Party dialogue scripts are not included here."
case_surface_content_src_data_cases_generated_friend-01_evidence_e-1_.viewerDataByStage.3.log.rows_5_.target,case_surface_content,src/data/cases/generated,friend-01,evidence[e-1].viewerDataByStage.3.log.rows[5].target,김태윤,Kim Tae-yun,キム・テユン,金泰允,"Case metadata, character profile, dispute, evidence, solution, or evidence-viewer surface text. Party dialogue scripts are not included here."
case_surface_content_src_data_cases_generated_friend-01_evidence_e-1_.viewerDataByStage.3.log.rows_5_.typeLabel,case_surface_content,src/data/cases/generated,friend-01,evidence[e-1].viewerDataByStage.3.log.rows[5].typeLabel,발신,Outgoing,発信,拨出,"Case metadata, character profile, dispute, evidence, solution, or evidence-viewer surface text. Party dialogue scripts are not included here."
case_surface_content_src_data_cases_generated_friend-01_evidence_e-1_.viewerDataByStage.3.log.rows_6_.duration,case_surface_content,src/data/cases/generated,friend-01,evidence[e-1].viewerDataByStage.3.log.rows[6].duration,"""피하지 마세요. 다은이한테 지금 바로 말하기 어려워서 이러는 거예요""","""Please don’t avoid me. I’m doing this because it’s hard to tell Da-eun right now.""",「避けないでください。今すぐダウンに話すのが難しいので、こうしているんです」,“请不要躲我。我这样做是因为现在很难直接告诉多恩。”,"Case metadata, character profile, dispute, evidence, solution, or evidence-viewer surface text. Party dialogue scripts are not included here."
case_surface_content_src_data_cases_generated_friend-01_evidence_e-1_.viewerDataByStage.3.log.rows_6_.target,case_surface_content,src/data/cases/generated,friend-01,evidence[e-1].viewerDataByStage.3.log.rows[6].target,김태윤,Kim Tae-yun,キム・テユン,金泰允,"Case metadata, character profile, dispute, evidence, solution, or evidence-viewer surface text. Party dialogue scripts are not included here."
case_surface_content_src_data_cases_generated_friend-01_evidence_e-1_.viewerDataByStage.3.log.rows_6_.typeLabel,case_surface_content,src/data/cases/generated,friend-01,evidence[e-1].viewerDataByStage.3.log.rows[6].typeLabel,문자,Text,メッセージ,短信,"Case metadata, character profile, dispute, evidence, solution, or evidence-viewer surface text. Party dialogue scripts are not included here."
case_surface_content_src_data_cases_generated_friend-01_evidence_e-1_.viewerDataByStage.3.log.rows_7_.duration,case_surface_content,src/data/cases/generated,friend-01,evidence[e-1].viewerDataByStage.3.log.rows[7].duration,"""한 번만 만나서 얘기하면 다 이해할 거예요""","""If we meet and talk just once, you’ll understand everything.""",「一度だけ会って話せば、全部わかるはずです」,“只要见一次面谈谈，你就会全都明白。”,"Case metadata, character profile, dispute, evidence, solution, or evidence-viewer surface text. Party dialogue scripts are not included here."
case_surface_content_src_data_cases_generated_friend-01_evidence_e-1_.viewerDataByStage.3.log.rows_7_.target,case_surface_content,src/data/cases/generated,friend-01,evidence[e-1].viewerDataByStage.3.log.rows[7].target,김태윤,Kim Tae-yun,キム・テユン,金泰允,"Case metadata, character profile, dispute, evidence, solution, or evidence-viewer surface text. Party dialogue scripts are not included here."
case_surface_content_src_data_cases_generated_friend-01_evidence_e-1_.viewerDataByStage.3.log.rows_7_.typeLabel,case_surface_content,src/data/cases/generated,friend-01,evidence[e-1].viewerDataByStage.3.log.rows[7].typeLabel,문자,Text,メッセージ,短信,"Case metadata, character profile, dispute, evidence, solution, or evidence-viewer surface text. Party dialogue scripts are not included here."
case_surface_content_src_data_cases_generated_friend-01_evidence_e-1_.viewerDataByStage.3.log.rows_8_.duration,case_surface_content,src/data/cases/generated,friend-01,evidence[e-1].viewerDataByStage.3.log.rows[8].duration,1분 42초,1 min 42 sec,1分42秒,1分42秒,"Case metadata, character profile, dispute, evidence, solution, or evidence-viewer surface text. Party dialogue scripts are not included here."
case_surface_content_src_data_cases_generated_friend-01_evidence_e-1_.viewerDataByStage.3.log.rows_8_.target,case_surface_content,src/data/cases/generated,friend-01,evidence[e-1].viewerDataByStage.3.log.rows[8].target,김태윤,Kim Tae-yun,キム・テユン,金泰允,"Case metadata, character profile, dispute, evidence, solution, or evidence-viewer surface text. Party dialogue scripts are not included here."
case_surface_content_src_data_cases_generated_friend-01_evidence_e-1_.viewerDataByStage.3.log.rows_8_.typeLabel,case_surface_content,src/data/cases/generated,friend-01,evidence[e-1].viewerDataByStage.3.log.rows[8].typeLabel,발신,Outgoing,発信,拨出,"Case metadata, character profile, dispute, evidence, solution, or evidence-viewer surface text. Party dialogue scripts are not included here."
case_surface_content_src_data_cases_generated_friend-01_evidence_e-1_.viewerDataByStage.3.log.rows_9_.duration,case_surface_content,src/data/cases/generated,friend-01,evidence[e-1].viewerDataByStage.3.log.rows[9].duration,"""저도 이러고 싶지 않아요. 다은이 일이라 그냥 넘길 수 없어요""","""I don’t want to do this either. But it concerns Da-eun, so I can’t just let it pass.""",「私もこんなことはしたくありません。ダウンのことなので、見過ごせません」,“我也不想这样。但这是多恩的事，我不能就这样放过去。”,"Case metadata, character profile, dispute, evidence, solution, or evidence-viewer surface text. Party dialogue scripts are not included here."
case_surface_content_src_data_cases_generated_friend-01_evidence_e-1_.viewerDataByStage.3.log.rows_9_.target,case_surface_content,src/data/cases/generated,friend-01,evidence[e-1].viewerDataByStage.3.log.rows[9].target,김태윤,Kim Tae-yun,キム・テユン,金泰允,"Case metadata, character profile, dispute, evidence, solution, or evidence-viewer surface text. Party dialogue scripts are not included here."
case_surface_content_src_data_cases_generated_friend-01_evidence_e-1_.viewerDataByStage.3.log.rows_9_.typeLabel,case_surface_content,src/data/cases/generated,friend-01,evidence[e-1].viewerDataByStage.3.log.rows[9].typeLabel,문자,Text,メッセージ,短信,"Case metadata, character profile, dispute, evidence, solution, or evidence-viewer surface text. Party dialogue scripts are not included here."
case_surface_content_src_data_cases_generated_friend-01_evidence_e-1_.viewerDataByStage.3.log.title,case_surface_content,src/data/cases/generated,friend-01,evidence[e-1].viewerDataByStage.3.log.title,최수민→예비신랑 연락 기록,Choi Su-min → Fiancé Contact Logs,チェ・スミン→婚約者の連絡記録,崔秀敏→未婚夫联系记录,"Case metadata, character profile, dispute, evidence, solution, or evidence-viewer surface text. Party dialogue scripts are not included here."
case_surface_content_src_data_cases_generated_friend-01_evidence_e-1_.viewerDataByStage.3.meta.legalLabel,case_surface_content,src/data/cases/generated,friend-01,evidence[e-1].viewerDataByStage.3.meta.legalLabel,적법,Legal,適法,合法,"Case metadata, character profile, dispute, evidence, solution, or evidence-viewer surface text. Party dialogue scripts are not included here."
case_surface_content_src_data_cases_generated_friend-01_evidence_e-1_.viewerDataByStage.3.meta.name,case_surface_content,src/data/cases/generated,friend-01,evidence[e-1].viewerDataByStage.3.meta.name,연락 기록,Contact Logs,連絡記録,联系记录,"Case metadata, character profile, dispute, evidence, solution, or evidence-viewer surface text. Party dialogue scripts are not included here."
case_surface_content_src_data_cases_generated_friend-01_evidence_e-1_.viewerDataByStage.3.meta.sourceLabel,case_surface_content,src/data/cases/generated,friend-01,evidence[e-1].viewerDataByStage.3.meta.sourceLabel,송다은 측,Song Da-eun's Side,ソン・ダウン側,宋多恩一方,"Case metadata, character profile, dispute, evidence, solution, or evidence-viewer surface text. Party dialogue scripts are not included here."
case_surface_content_src_data_cases_generated_friend-01_evidence_e-1_.viewerDataByStage.3.meta.stageLabel,case_surface_content,src/data/cases/generated,friend-01,evidence[e-1].viewerDataByStage.3.meta.stageLabel,3단계 — 다은 관련 사유,Stage 3 — Reason Related to Da-eun,3段階 — ダウン関連の理由,第3阶段——与多恩有关的理由,"Case metadata, character profile, dispute, evidence, solution, or evidence-viewer surface text. Party dialogue scripts are not included here."
case_surface_content_src_data_cases_generated_friend-01_evidence_e-1_.viewerDataByStage.3.meta.trustLabel,case_surface_content,src/data/cases/generated,friend-01,evidence[e-1].viewerDataByStage.3.meta.trustLabel,보통,Normal,普通,普通,"Case metadata, character profile, dispute, evidence, solution, or evidence-viewer surface text. Party dialogue scripts are not included here."
case_surface_content_src_data_cases_generated_friend-01_evidence_e-2_.description,case_surface_content,src/data/cases/generated,friend-01,evidence[e-2].description,"송다은이 '수민이가 또 내 남자한테 연락한다'고 올렸고, 몇몇 친구들이 최수민을 비난한 내용.","Song Da-eun posted, “Su-min is contacting my man again,” and several friends criticized Choi Su-min.",ソン・ダウンが「スミンがまた私の男に連絡している」と投稿し、何人かの友人がチェ・スミンを非難した内容。,宋多恩发出“秀敏又联系我的男人了”的内容，几名朋友随后批评了崔秀敏。,"Case metadata, character profile, dispute, evidence, solution, or evidence-viewer surface text. Party dialogue scripts are not included here."
case_surface_content_src_data_cases_generated_friend-01_evidence_e-2_.investigationResults.check_metadata,case_surface_content,src/data/cases/generated,friend-01,evidence[e-2].investigationResults.check_metadata,"두 번째 페이지에서 공통 친구들이 직접 확인 전 발언에 동조하고, 일부는 확인 필요성을 제기했음이 보인다.","Page 2 shows mutual friends agreeing with the claim before direct confirmation, while some raise the need to verify it.",2ページ目では、共通の友人たちが直接確認する前の発言に同調し、一部は確認の必要性を指摘していることが見える。,第二页显示，共同朋友在直接确认前附和了该发言，也有人提出需要确认。,"Case metadata, character profile, dispute, evidence, solution, or evidence-viewer surface text. Party dialogue scripts are not included here."
case_surface_content_src_data_cases_generated_friend-01_evidence_e-2_.investigationResults.request_original,case_surface_content,src/data/cases/generated,friend-01,evidence[e-2].investigationResults.request_original,"단톡방 첫 페이지에서 송다은이 최수민의 연락을 ""또 내 남자에게 연락""으로 단정하며 올린 정황이 확인된다.","The first page of the group chat confirms that Song Da-eun posted Choi Su-min’s contact as “contacting my man again,” presenting it as a settled conclusion.",グループチャットの1ページ目で、ソン・ダウンがチェ・スミンの連絡を「また私の男に連絡」と決めつけて投稿した状況が確認される。,群聊第一页显示，宋多恩将崔秀敏的联系定性为“又联系我的男人”，并这样发到了群里。,"Case metadata, character profile, dispute, evidence, solution, or evidence-viewer surface text. Party dialogue scripts are not included here."
case_surface_content_src_data_cases_generated_friend-01_evidence_e-2_.investigationResults.restore_context,case_surface_content,src/data/cases/generated,friend-01,evidence[e-2].investigationResults.restore_context,세 번째 페이지의 원본 대조로 송다은이 최수민에게 직접 묻기 전에 단톡방에 먼저 공유했다는 시간 순서가 확인된다.,Comparison with the original text on Page 3 confirms the timeline: Song Da-eun shared it in the group chat before asking Choi Su-min directly.,3ページ目の原文照合により、ソン・ダウンがチェ・スミンに直接尋ねる前にグループチャットへ先に共有したという時間順が確認される。,通过第三页原文对照，可以确认时间顺序：宋多恩在直接询问崔秀敏之前，先分享到群聊。,"Case metadata, character profile, dispute, evidence, solution, or evidence-viewer surface text. Party dialogue scripts are not included here."
case_surface_content_src_data_cases_generated_friend-01_evidence_e-2_.investigationStages_0_.label,case_surface_content,src/data/cases/generated,friend-01,evidence[e-2].investigationStages[0].label,대화확인,Conversation Check,会話確認,对话确认,"Case metadata, character profile, dispute, evidence, solution, or evidence-viewer surface text. Party dialogue scripts are not included here."
case_surface_content_src_data_cases_generated_friend-01_evidence_e-2_.investigationStages_0_.question.text,case_surface_content,src/data/cases/generated,friend-01,evidence[e-2].investigationStages[0].question.text,단톡방에 처음 올린 사람은 누구입니까?,Who first posted it in the group chat?,グループチャットに最初に投稿したのは誰ですか？,最先发到群聊里的人是谁？,"Case metadata, character profile, dispute, evidence, solution, or evidence-viewer surface text. Party dialogue scripts are not included here."
case_surface_content_src_data_cases_generated_friend-01_evidence_e-2_.investigationStages_1_.label,case_surface_content,src/data/cases/generated,friend-01,evidence[e-2].investigationStages[1].label,확산대조,Spread Check,拡散照合,传播核对,"Case metadata, character profile, dispute, evidence, solution, or evidence-viewer surface text. Party dialogue scripts are not included here."
case_surface_content_src_data_cases_generated_friend-01_evidence_e-2_.investigationStages_1_.question.text,case_surface_content,src/data/cases/generated,friend-01,evidence[e-2].investigationStages[1].question.text,친구들이 어떤 말로 동조했는지 확인해 주십시오.,Please confirm what the friends said in agreement.,友人たちがどのような言葉で同調したのか確認してください。,请确认朋友们用哪些话表示附和。,"Case metadata, character profile, dispute, evidence, solution, or evidence-viewer surface text. Party dialogue scripts are not included here."
case_surface_content_src_data_cases_generated_friend-01_evidence_e-2_.investigationStages_1_.unlockHint,case_surface_content,src/data/cases/generated,friend-01,evidence[e-2].investigationStages[1].unlockHint,대화 원문을 더 보면 최초 발언 뒤 반응이 이어진 순서를 볼 수 있습니다.,Viewing more of the original conversation reveals the order of reactions after the first statement.,会話の原文をさらに見ると、最初の発言の後に反応が続いた順序を確認できます。,进一步查看对话原文，可以看到最初发言之后反应接续的顺序。,"Case metadata, character profile, dispute, evidence, solution, or evidence-viewer surface text. Party dialogue scripts are not included here."
case_surface_content_src_data_cases_generated_friend-01_evidence_e-2_.investigationStages_2_.label,case_surface_content,src/data/cases/generated,friend-01,evidence[e-2].investigationStages[2].label,책임추궁,Accountability Check,責任追及,责任追问,"Case metadata, character profile, dispute, evidence, solution, or evidence-viewer surface text. Party dialogue scripts are not included here."
case_surface_content_src_data_cases_generated_friend-01_evidence_e-2_.investigationStages_2_.question.text,case_surface_content,src/data/cases/generated,friend-01,evidence[e-2].investigationStages[2].question.text,직접 확인보다 공개가 먼저였는지 따져 주십시오.,Please determine whether disclosure came before direct confirmation.,直接確認より公開が先だったのかを判断してください。,请判断是否公开在直接确认之前发生。,"Case metadata, character profile, dispute, evidence, solution, or evidence-viewer surface text. Party dialogue scripts are not included here."
case_surface_content_src_data_cases_generated_friend-01_evidence_e-2_.investigationStages_2_.unlockHint,case_surface_content,src/data/cases/generated,friend-01,evidence[e-2].investigationStages[2].unlockHint,확산 순서를 대조하면 누가 먼저 낙인을 만들었는지 물을 수 있습니다.,Comparing the order of spread makes it possible to ask who created the stigma first.,拡散の順序を照合すれば、誰が先に烙印を作ったのかを問うことができます。,对照传播顺序后，可以追问是谁先制造了污名。,"Case metadata, character profile, dispute, evidence, solution, or evidence-viewer surface text. Party dialogue scripts are not included here."
case_surface_content_src_data_cases_generated_friend-01_evidence_e-2_.meta.legalLabel,case_surface_content,src/data/cases/generated,friend-01,evidence[e-2].meta.legalLabel,적법,Legal,適法,合法,"Case metadata, character profile, dispute, evidence, solution, or evidence-viewer surface text. Party dialogue scripts are not included here."
case_surface_content_src_data_cases_generated_friend-01_evidence_e-2_.meta.name,case_surface_content,src/data/cases/generated,friend-01,evidence[e-2].meta.name,단톡방 캡처,Group Chat Screenshot,グループチャットのスクリーンショット,群聊截图,"Case metadata, character profile, dispute, evidence, solution, or evidence-viewer surface text. Party dialogue scripts are not included here."
case_surface_content_src_data_cases_generated_friend-01_evidence_e-2_.meta.sourceLabel,case_surface_content,src/data/cases/generated,friend-01,evidence[e-2].meta.sourceLabel,양측,Both Sides,双方,双方,"Case metadata, character profile, dispute, evidence, solution, or evidence-viewer surface text. Party dialogue scripts are not included here."
case_surface_content_src_data_cases_generated_friend-01_evidence_e-2_.meta.stageLabel,case_surface_content,src/data/cases/generated,friend-01,evidence[e-2].meta.stageLabel,초기 공개,Initial Disclosure,初期開示,初步公开,"Case metadata, character profile, dispute, evidence, solution, or evidence-viewer surface text. Party dialogue scripts are not included here."
case_surface_content_src_data_cases_generated_friend-01_evidence_e-2_.meta.trustLabel,case_surface_content,src/data/cases/generated,friend-01,evidence[e-2].meta.trustLabel,보통,Normal,普通,普通,"Case metadata, character profile, dispute, evidence, solution, or evidence-viewer surface text. Party dialogue scripts are not included here."
case_surface_content_src_data_cases_generated_friend-01_evidence_e-2_.name,case_surface_content,src/data/cases/generated,friend-01,evidence[e-2].name,공통 친구 단톡방 캡처,Mutual Friends Group Chat Screenshot,共通の友人グループチャットのスクリーンショット,共同朋友群聊截图,"Case metadata, character profile, dispute, evidence, solution, or evidence-viewer surface text. Party dialogue scripts are not included here."
case_surface_content_src_data_cases_generated_friend-01_evidence_e-2_.partyContext.a.implication,case_surface_content,src/data/cases/generated,friend-01,evidence[e-2].partyContext.a.implication,사전 확인을 거치지 않고 공개한 경위를 추궁한다.,Press the circumstances of making it public without prior confirmation.,事前確認を経ずに公開した経緯を追及する。,追问未经事先确认就公开的经过。,"Case metadata, character profile, dispute, evidence, solution, or evidence-viewer surface text. Party dialogue scripts are not included here."
case_surface_content_src_data_cases_generated_friend-01_evidence_e-2_.partyContext.a.questionAngle,case_surface_content,src/data/cases/generated,friend-01,evidence[e-2].partyContext.a.questionAngle,이 글을 올린 이유를 설명해 주십시오.,Please explain why you posted this.,この投稿をした理由を説明してください。,请说明你发布这段内容的理由。,"Case metadata, character profile, dispute, evidence, solution, or evidence-viewer surface text. Party dialogue scripts are not included here."
case_surface_content_src_data_cases_generated_friend-01_evidence_e-2_.partyContext.b.implication,case_surface_content,src/data/cases/generated,friend-01,evidence[e-2].partyContext.b.implication,명예 훼손의 피해를 확인한다.,Confirm the harm caused by defamation.,名誉毀損による被害を確認する。,确认名誉损害造成的伤害。,"Case metadata, character profile, dispute, evidence, solution, or evidence-viewer surface text. Party dialogue scripts are not included here."
case_surface_content_src_data_cases_generated_friend-01_evidence_e-2_.partyContext.b.questionAngle,case_surface_content,src/data/cases/generated,friend-01,evidence[e-2].partyContext.b.questionAngle,이 단톡방 내용을 봤을 때 어떤 기분이었습니까?,How did you feel when you saw the group chat?,このグループチャットの内容を見た時、どんな気持ちでしたか？,看到这个群聊内容时，你是什么感受？,"Case metadata, character profile, dispute, evidence, solution, or evidence-viewer surface text. Party dialogue scripts are not included here."
case_surface_content_src_data_cases_generated_friend-01_evidence_e-2_.surfaceDescription,case_surface_content,src/data/cases/generated,friend-01,evidence[e-2].surfaceDescription,공통 친구 단톡방의 대화 캡처가 존재한다.,A screenshot of a mutual friends’ group chat exists.,共通の友人グループチャットの会話スクリーンショットが存在する。,存在共同朋友群聊的对话截图。,"Case metadata, character profile, dispute, evidence, solution, or evidence-viewer surface text. Party dialogue scripts are not included here."
case_surface_content_src_data_cases_generated_friend-01_evidence_e-2_.surfaceName,case_surface_content,src/data/cases/generated,friend-01,evidence[e-2].surfaceName,단톡방 캡처,Group Chat Screenshot,グループチャットのスクリーンショット,群聊截图,"Case metadata, character profile, dispute, evidence, solution, or evidence-viewer surface text. Party dialogue scripts are not included here."
case_surface_content_src_data_cases_generated_friend-01_evidence_e-2_.v3DepthPlan_context_.summary,case_surface_content,src/data/cases/generated,friend-01,evidence[e-2].v3DepthPlan[context].summary,확인 없이 올린 시간 순서 확인,Confirm the timeline of posting without verification,確認せず投稿した時間順を確認,确认未经确认就发布的时间顺序,"Case metadata, character profile, dispute, evidence, solution, or evidence-viewer surface text. Party dialogue scripts are not included here."
case_surface_content_src_data_cases_generated_friend-01_evidence_e-2_.v3DepthPlan_established_.summary,case_surface_content,src/data/cases/generated,friend-01,evidence[e-2].v3DepthPlan[established].summary,성급한 단정에 의한 명예훼손 확인,Confirm defamation caused by a hasty conclusion,性急な決めつけによる名誉毀損を確認,确认仓促定论造成的名誉损害,"Case metadata, character profile, dispute, evidence, solution, or evidence-viewer surface text. Party dialogue scripts are not included here."
case_surface_content_src_data_cases_generated_friend-01_evidence_e-2_.v3DepthPlan_excerpt_.summary,case_surface_content,src/data/cases/generated,friend-01,evidence[e-2].v3DepthPlan[excerpt].summary,송다은의 최초 발언만 보임,Only Song Da-eun’s first statement is shown,ソン・ダウンの最初の発言のみが見える,仅显示宋多恩的最初发言,"Case metadata, character profile, dispute, evidence, solution, or evidence-viewer surface text. Party dialogue scripts are not included here."
case_surface_content_src_data_cases_generated_friend-01_evidence_e-2_.v3DepthPlan_original_.summary,case_surface_content,src/data/cases/generated,friend-01,evidence[e-2].v3DepthPlan[original].summary,친구들의 동조 반응 확인,Confirm friends’ agreeing reactions,友人たちの同調反応を確認,确认朋友们的附和反应,"Case metadata, character profile, dispute, evidence, solution, or evidence-viewer surface text. Party dialogue scripts are not included here."
case_surface_content_src_data_cases_generated_friend-01_evidence_e-2_.v3DepthPlan_stub_.summary,case_surface_content,src/data/cases/generated,friend-01,evidence[e-2].v3DepthPlan[stub].summary,단톡방 캡처 존재만 보임,Only the existence of the group chat screenshot is shown,グループチャットのスクリーンショットの存在のみが見える,仅显示存在群聊截图,"Case metadata, character profile, dispute, evidence, solution, or evidence-viewer surface text. Party dialogue scripts are not included here."
case_surface_content_src_data_cases_generated_friend-01_evidence_e-2_.v3TrustStates_authenticated_.label,case_surface_content,src/data/cases/generated,friend-01,evidence[e-2].v3TrustStates[authenticated].label,인증됨,Authenticated,認証済み,已认证,"Case metadata, character profile, dispute, evidence, solution, or evidence-viewer surface text. Party dialogue scripts are not included here."
case_surface_content_src_data_cases_generated_friend-01_evidence_e-2_.v3TrustStates_authenticated_.summary,case_surface_content,src/data/cases/generated,friend-01,evidence[e-2].v3TrustStates[authenticated].summary,메시지 시각과 발신자 확인됨,Message time and sender confirmed,メッセージの時刻と送信者を確認済み,已确认消息时间和发送者,"Case metadata, character profile, dispute, evidence, solution, or evidence-viewer surface text. Party dialogue scripts are not included here."
case_surface_content_src_data_cases_generated_friend-01_evidence_e-2_.v3TrustStates_challenged_.label,case_surface_content,src/data/cases/generated,friend-01,evidence[e-2].v3TrustStates[challenged].label,이의 제기됨,Challenged,異議あり,有异议,"Case metadata, character profile, dispute, evidence, solution, or evidence-viewer surface text. Party dialogue scripts are not included here."
case_surface_content_src_data_cases_generated_friend-01_evidence_e-2_.v3TrustStates_challenged_.summary,case_surface_content,src/data/cases/generated,friend-01,evidence[e-2].v3TrustStates[challenged].summary,송다은이 '사실을 알린 것뿐'이라고 이의,"Song Da-eun challenges it, saying she “only stated the facts.”",ソン・ダウンが「事実を知らせただけ」と異議を申し立てる,宋多恩提出异议，称“只是告知事实”。,"Case metadata, character profile, dispute, evidence, solution, or evidence-viewer surface text. Party dialogue scripts are not included here."
case_surface_content_src_data_cases_generated_friend-01_evidence_e-2_.v3TrustStates_misread_.label,case_surface_content,src/data/cases/generated,friend-01,evidence[e-2].v3TrustStates[misread].label,조작/오독 판정,Manipulation/Misread Ruling,操作・誤読判定,操纵/误读判定,"Case metadata, character profile, dispute, evidence, solution, or evidence-viewer surface text. Party dialogue scripts are not included here."
case_surface_content_src_data_cases_generated_friend-01_evidence_e-2_.v3TrustStates_misread_.summary,case_surface_content,src/data/cases/generated,friend-01,evidence[e-2].v3TrustStates[misread].summary,확인 없는 단정은 명예훼손에 해당 가능,An unchecked conclusion may constitute defamation.,確認のない決めつけは名誉毀損に当たる可能性がある,未经确认的定论可能构成名誉损害,"Case metadata, character profile, dispute, evidence, solution, or evidence-viewer surface text. Party dialogue scripts are not included here."
case_surface_content_src_data_cases_generated_friend-01_evidence_e-2_.v3TrustStates_submitted_.label,case_surface_content,src/data/cases/generated,friend-01,evidence[e-2].v3TrustStates[submitted].label,제출됨,Submitted,提出済み,已提交,"Case metadata, character profile, dispute, evidence, solution, or evidence-viewer surface text. Party dialogue scripts are not included here."
case_surface_content_src_data_cases_generated_friend-01_evidence_e-2_.v3TrustStates_submitted_.summary,case_surface_content,src/data/cases/generated,friend-01,evidence[e-2].v3TrustStates[submitted].summary,최수민이 캡처 제출,Choi Su-min submitted the screenshot.,チェ・スミンがスクリーンショットを提出,崔秀敏提交截图,"Case metadata, character profile, dispute, evidence, solution, or evidence-viewer surface text. Party dialogue scripts are not included here."
case_surface_content_src_data_cases_generated_friend-01_evidence_e-2_.v3TrustStates_verifying_.label,case_surface_content,src/data/cases/generated,friend-01,evidence[e-2].v3TrustStates[verifying].label,검증 중,Verifying,検証中,验证中,"Case metadata, character profile, dispute, evidence, solution, or evidence-viewer surface text. Party dialogue scripts are not included here."
case_surface_content_src_data_cases_generated_friend-01_evidence_e-2_.v3TrustStates_verifying_.summary,case_surface_content,src/data/cases/generated,friend-01,evidence[e-2].v3TrustStates[verifying].summary,단톡방 원본 대조 중,Comparing against the original group chat,グループチャットの原文と照合中,正在对照群聊原文,"Case metadata, character profile, dispute, evidence, solution, or evidence-viewer surface text. Party dialogue scripts are not included here."
case_surface_content_src_data_cases_generated_friend-01_evidence_e-2_.viewerData.chat.header,case_surface_content,src/data/cases/generated,friend-01,evidence[e-2].viewerData.chat.header,"인스타그램 DM 그룹 ""여벤저스"" — 2026.03.06 21:24",Instagram DM Group “She-vengers” — 2026.03.06 21:24,Instagram DMグループ「女子ベンジャーズ」— 2026.03.06 21:24,Instagram DM群“女复联” — 2026.03.06 21:24,"Case metadata, character profile, dispute, evidence, solution, or evidence-viewer surface text. Party dialogue scripts are not included here."
case_surface_content_src_data_cases_generated_friend-01_evidence_e-2_.viewerData.chat.messages_0_.text,case_surface_content,src/data/cases/generated,friend-01,evidence[e-2].viewerData.chat.messages[0].text,2026.03.06 21:24 · 원본 대조본 / 직접 확인 전 공유 순서 확인,2026.03.06 21:24 · Original comparison / confirms sharing order before direct verification,2026.03.06 21:24 · 原文対照版／直接確認前の共有順序を確認,2026.03.06 21:24 · 原文对照本 / 确认直接核实前的分享顺序,"Case metadata, character profile, dispute, evidence, solution, or evidence-viewer surface text. Party dialogue scripts are not included here."
case_surface_content_src_data_cases_generated_friend-01_evidence_e-2_.viewerData.chat.messages_1_.sender,case_surface_content,src/data/cases/generated,friend-01,evidence[e-2].viewerData.chat.messages[1].sender,김세라,Kim Se-ra,キム・セラ,金世罗,"Case metadata, character profile, dispute, evidence, solution, or evidence-viewer surface text. Party dialogue scripts are not included here."
case_surface_content_src_data_cases_generated_friend-01_evidence_e-2_.viewerData.chat.messages_1_.text,case_surface_content,src/data/cases/generated,friend-01,evidence[e-2].viewerData.chat.messages[1].text,"다은아, 수민이가 왜 연락했는지는 확인한 거야? 혹시 태윤이가 먼저 연락한 건 아니고?","Da-eun, did you check why Su-min contacted him? Are you sure Tae-yun didn’t contact her first?",ダウン、スミンがなぜ連絡したのか確認したの？ もしかしてテユンが先に連絡したんじゃないの？,多恩，你确认过秀敏为什么联系他了吗？会不会是泰允先联系她的？,"Case metadata, character profile, dispute, evidence, solution, or evidence-viewer surface text. Party dialogue scripts are not included here."
case_surface_content_src_data_cases_generated_friend-01_evidence_e-2_.viewerData.chat.messages_10_.sender,case_surface_content,src/data/cases/generated,friend-01,evidence[e-2].viewerData.chat.messages[10].sender,송다은,Song Da-eun,ソン・ダウン,宋多恩,"Case metadata, character profile, dispute, evidence, solution, or evidence-viewer surface text. Party dialogue scripts are not included here."
case_surface_content_src_data_cases_generated_friend-01_evidence_e-2_.viewerData.chat.messages_10_.text,case_surface_content,src/data/cases/generated,friend-01,evidence[e-2].viewerData.chat.messages[10].text,응. 근데 지금은 수민이가 선 넘은 게 맞다고 생각해.,"Yeah. But right now, I think Su-min really did cross the line.",うん。でも今は、スミンが一線を越えたのは確かだと思う。,嗯。但现在我觉得秀敏确实越界了。,"Case metadata, character profile, dispute, evidence, solution, or evidence-viewer surface text. Party dialogue scripts are not included here."
case_surface_content_src_data_cases_generated_friend-01_evidence_e-2_.viewerData.chat.messages_2_.sender,case_surface_content,src/data/cases/generated,friend-01,evidence[e-2].viewerData.chat.messages[2].sender,송다은,Song Da-eun,ソン・ダウン,宋多恩,"Case metadata, character profile, dispute, evidence, solution, or evidence-viewer surface text. Party dialogue scripts are not included here."
case_surface_content_src_data_cases_generated_friend-01_evidence_e-2_.viewerData.chat.messages_2_.text,case_surface_content,src/data/cases/generated,friend-01,evidence[e-2].viewerData.chat.messages[2].text,아직 수민이한테 직접 묻진 않았어. 물어보면 또 오해라고 할 게 뻔하니까.,"I haven’t asked Su-min directly yet. If I ask, she’ll obviously say it’s another misunderstanding.",まだスミンには直接聞いてない。聞いたら、また誤解だって言うに決まってるから。,我还没直接问秀敏。因为一问，她肯定又会说是误会。,"Case metadata, character profile, dispute, evidence, solution, or evidence-viewer surface text. Party dialogue scripts are not included here."
case_surface_content_src_data_cases_generated_friend-01_evidence_e-2_.viewerData.chat.messages_3_.sender,case_surface_content,src/data/cases/generated,friend-01,evidence[e-2].viewerData.chat.messages[3].sender,송다은,Song Da-eun,ソン・ダウン,宋多恩,"Case metadata, character profile, dispute, evidence, solution, or evidence-viewer surface text. Party dialogue scripts are not included here."
case_surface_content_src_data_cases_generated_friend-01_evidence_e-2_.viewerData.chat.messages_3_.text,case_surface_content,src/data/cases/generated,friend-01,evidence[e-2].viewerData.chat.messages[3].text,그래도 이건 너희가 알아야 할 것 같아서 먼저 올린 거야. 나 혼자 예민한 사람 되기 싫어.,"Still, I thought you all should know, so I posted it first. I don’t want to be the only one who looks oversensitive.",でも、これはみんなも知っておくべきだと思って先に上げたの。私だけが神経質な人みたいになるのは嫌だから。,可是我觉得你们也该知道，所以先发上来了。我不想一个人被当成太敏感。,"Case metadata, character profile, dispute, evidence, solution, or evidence-viewer surface text. Party dialogue scripts are not included here."
case_surface_content_src_data_cases_generated_friend-01_evidence_e-2_.viewerData.chat.messages_4_.sender,case_surface_content,src/data/cases/generated,friend-01,evidence[e-2].viewerData.chat.messages[4].sender,소연,So-yeon,ソヨン,素妍,"Case metadata, character profile, dispute, evidence, solution, or evidence-viewer surface text. Party dialogue scripts are not included here."
case_surface_content_src_data_cases_generated_friend-01_evidence_e-2_.viewerData.chat.messages_4_.text,case_surface_content,src/data/cases/generated,friend-01,evidence[e-2].viewerData.chat.messages[4].text,직접 확인 전이면 말은 조금 조심해야 할 것 같아. 단정해서 퍼지면 돌이키기 어렵잖아.,"If you haven’t checked directly yet, you should be careful with your words. Once it spreads as a conclusion, it’s hard to take back.",直接確認する前なら、言い方には少し気をつけた方がいいと思う。決めつけて広がったら取り返しがつかないでしょ。,如果还没直接确认，说话还是要谨慎一点。一旦被当成定论传开，就很难挽回了。,"Case metadata, character profile, dispute, evidence, solution, or evidence-viewer surface text. Party dialogue scripts are not included here."
case_surface_content_src_data_cases_generated_friend-01_evidence_e-2_.viewerData.chat.messages_5_.sender,case_surface_content,src/data/cases/generated,friend-01,evidence[e-2].viewerData.chat.messages[5].sender,하은,Ha-eun,ハウン,夏恩,"Case metadata, character profile, dispute, evidence, solution, or evidence-viewer surface text. Party dialogue scripts are not included here."
case_surface_content_src_data_cases_generated_friend-01_evidence_e-2_.viewerData.chat.messages_5_.text,case_surface_content,src/data/cases/generated,friend-01,evidence[e-2].viewerData.chat.messages[5].text,근데 이미 방 분위기는 수민이가 잘못한 걸로 가고 있어.,But the mood in the chat is already turning toward “Su-min did something wrong.”,でも、もうグループの空気はスミンが悪いって方向に流れてるよ。,可是群里的气氛已经在往“秀敏做错了”的方向走了。,"Case metadata, character profile, dispute, evidence, solution, or evidence-viewer surface text. Party dialogue scripts are not included here."
case_surface_content_src_data_cases_generated_friend-01_evidence_e-2_.viewerData.chat.messages_6_.sender,case_surface_content,src/data/cases/generated,friend-01,evidence[e-2].viewerData.chat.messages[6].sender,송다은,Song Da-eun,ソン・ダウン,宋多恩,"Case metadata, character profile, dispute, evidence, solution, or evidence-viewer surface text. Party dialogue scripts are not included here."
case_surface_content_src_data_cases_generated_friend-01_evidence_e-2_.viewerData.chat.messages_6_.text,case_surface_content,src/data/cases/generated,friend-01,evidence[e-2].viewerData.chat.messages[6].text,내가 괜히 말한 건 아니야. 수민이는 예전에도 비슷한 일에서 끝까지 설명 안 했어.,I didn’t say this for no reason. Su-min refused to explain to the end in a similar situation before too.,私が理由もなく言ったわけじゃない。スミンは前にも似たような件で最後まで説明しなかった。,我不是无缘无故这么说。秀敏以前遇到类似的事，也一直没有解释到最后。,"Case metadata, character profile, dispute, evidence, solution, or evidence-viewer surface text. Party dialogue scripts are not included here."
case_surface_content_src_data_cases_generated_friend-01_evidence_e-2_.viewerData.chat.messages_7_.sender,case_surface_content,src/data/cases/generated,friend-01,evidence[e-2].viewerData.chat.messages[7].sender,김세라,Kim Se-ra,キム・セラ,金世罗,"Case metadata, character profile, dispute, evidence, solution, or evidence-viewer surface text. Party dialogue scripts are not included here."
case_surface_content_src_data_cases_generated_friend-01_evidence_e-2_.viewerData.chat.messages_7_.text,case_surface_content,src/data/cases/generated,friend-01,evidence[e-2].viewerData.chat.messages[7].text,그 예전 일이랑 이번 연락이 같은 일인지는 따로 봐야 하지 않을까.,Shouldn’t we look separately at whether that old incident and this contact are really the same thing?,その昔の件と今回の連絡が同じことなのかは、別に見た方がいいんじゃない？,那件旧事和这次联系是不是同一回事，不该分开看吗？,"Case metadata, character profile, dispute, evidence, solution, or evidence-viewer surface text. Party dialogue scripts are not included here."
case_surface_content_src_data_cases_generated_friend-01_evidence_e-2_.viewerData.chat.messages_8_.sender,case_surface_content,src/data/cases/generated,friend-01,evidence[e-2].viewerData.chat.messages[8].sender,송다은,Song Da-eun,ソン・ダウン,宋多恩,"Case metadata, character profile, dispute, evidence, solution, or evidence-viewer surface text. Party dialogue scripts are not included here."
case_surface_content_src_data_cases_generated_friend-01_evidence_e-2_.viewerData.chat.messages_8_.text,case_surface_content,src/data/cases/generated,friend-01,evidence[e-2].viewerData.chat.messages[8].text,나는 지금 결혼 앞두고 또 이런 얘기 듣는 게 너무 지쳐. 태윤이한테는 내가 먼저 정리하라고 할게.,I’m exhausted hearing this again right before my wedding. I’ll tell Tae-yun to handle it first.,結婚を控えて、またこんな話を聞くのは本当に疲れる。テユンには私から先に整理するよう言う。,马上要结婚了又听到这种事，我真的很累。我会先让泰允把这件事处理好。,"Case metadata, character profile, dispute, evidence, solution, or evidence-viewer surface text. Party dialogue scripts are not included here."
case_surface_content_src_data_cases_generated_friend-01_evidence_e-2_.viewerData.chat.messages_9_.sender,case_surface_content,src/data/cases/generated,friend-01,evidence[e-2].viewerData.chat.messages[9].sender,유진,Yu-jin,ユジン,宥珍,"Case metadata, character profile, dispute, evidence, solution, or evidence-viewer surface text. Party dialogue scripts are not included here."
case_surface_content_src_data_cases_generated_friend-01_evidence_e-2_.viewerData.chat.messages_9_.text,case_surface_content,src/data/cases/generated,friend-01,evidence[e-2].viewerData.chat.messages[9].text,알겠어. 다만 나중에 사실이 다르면 방에 정정도 해야 해.,"Okay. But if the facts turn out to be different later, you need to correct it in the chat too.",わかった。ただ、後で事実が違ったら、グループにも訂正を入れないといけないよ。,明白。但如果之后事实不一样，也必须在群里更正。,"Case metadata, character profile, dispute, evidence, solution, or evidence-viewer surface text. Party dialogue scripts are not included here."
case_surface_content_src_data_cases_generated_friend-01_evidence_e-2_.viewerData.chat.pages_0_.header,case_surface_content,src/data/cases/generated,friend-01,evidence[e-2].viewerData.chat.pages[0].header,"인스타그램 DM 그룹 ""여벤저스"" — 2026.03.06 21:14",Instagram DM Group “She-vengers” — 2026.03.06 21:14,Instagram DMグループ「女子ベンジャーズ」— 2026.03.06 21:14,Instagram DM群“女复联” — 2026.03.06 21:14,"Case metadata, character profile, dispute, evidence, solution, or evidence-viewer surface text. Party dialogue scripts are not included here."
case_surface_content_src_data_cases_generated_friend-01_evidence_e-2_.viewerData.chat.pages_0_.label,case_surface_content,src/data/cases/generated,friend-01,evidence[e-2].viewerData.chat.pages[0].label,1쪽 최초 발언,Page 1: First Statement,1ページ：最初の発言,第1页：最初发言,"Case metadata, character profile, dispute, evidence, solution, or evidence-viewer surface text. Party dialogue scripts are not included here."
case_surface_content_src_data_cases_generated_friend-01_evidence_e-2_.viewerData.chat.pages_0_.messages_0_.text,case_surface_content,src/data/cases/generated,friend-01,evidence[e-2].viewerData.chat.pages[0].messages[0].text,2026.03.06 21:14 · 단톡방 캡처 1쪽 / 일부 이름 마스킹,"2026.03.06 21:14 · Group chat screenshot, page 1 / some names masked",2026.03.06 21:14 · グループチャットのスクリーンショット1ページ／一部の名前をマスキング,2026.03.06 21:14 · 群聊截图第1页 / 部分姓名遮盖,"Case metadata, character profile, dispute, evidence, solution, or evidence-viewer surface text. Party dialogue scripts are not included here."
case_surface_content_src_data_cases_generated_friend-01_evidence_e-2_.viewerData.chat.pages_0_.messages_1_.sender,case_surface_content,src/data/cases/generated,friend-01,evidence[e-2].viewerData.chat.pages[0].messages[1].sender,송다은,Song Da-eun,ソン・ダウン,宋多恩,"Case metadata, character profile, dispute, evidence, solution, or evidence-viewer surface text. Party dialogue scripts are not included here."
case_surface_content_src_data_cases_generated_friend-01_evidence_e-2_.viewerData.chat.pages_0_.messages_1_.text,case_surface_content,src/data/cases/generated,friend-01,evidence[e-2].viewerData.chat.pages[0].messages[1].text,얘들아 나 진짜 손 떨려. 방금 태윤이 폰 알림을 봤는데 수민이 이름이 계속 떠 있었어.,"Guys, my hands are actually shaking. I just saw Tae-yun’s phone notifications, and Su-min’s name kept popping up.",みんな、私ほんとに手が震えてる。さっきテユンのスマホ通知を見たんだけど、スミンの名前がずっと出てたの。,姐妹们，我手真的在抖。我刚看到泰允手机的通知，秀敏的名字一直跳出来。,"Case metadata, character profile, dispute, evidence, solution, or evidence-viewer surface text. Party dialogue scripts are not included here."
case_surface_content_src_data_cases_generated_friend-01_evidence_e-2_.viewerData.chat.pages_0_.messages_2_.sender,case_surface_content,src/data/cases/generated,friend-01,evidence[e-2].viewerData.chat.pages[0].messages[2].sender,송다은,Song Da-eun,ソン・ダウン,宋多恩,"Case metadata, character profile, dispute, evidence, solution, or evidence-viewer surface text. Party dialogue scripts are not included here."
case_surface_content_src_data_cases_generated_friend-01_evidence_e-2_.viewerData.chat.pages_0_.messages_2_.text,case_surface_content,src/data/cases/generated,friend-01,evidence[e-2].viewerData.chat.pages[0].messages[2].text,나한테는 아무 말도 안 해놓고 왜 내 예비신랑한테만 연락하는지 모르겠어.,She didn’t say anything to me. I don’t know why she’s only contacting my fiancé.,私には何も言わないで、どうして私の婚約者にだけ連絡するのかわからない。,她什么都没跟我说，却只联系我的未婚夫，我真不知道为什么。,"Case metadata, character profile, dispute, evidence, solution, or evidence-viewer surface text. Party dialogue scripts are not included here."
case_surface_content_src_data_cases_generated_friend-01_evidence_e-2_.viewerData.chat.pages_0_.messages_3_.sender,case_surface_content,src/data/cases/generated,friend-01,evidence[e-2].viewerData.chat.pages[0].messages[3].sender,친구 1,Friend 1,友人1,朋友1,"Case metadata, character profile, dispute, evidence, solution, or evidence-viewer surface text. Party dialogue scripts are not included here."
case_surface_content_src_data_cases_generated_friend-01_evidence_e-2_.viewerData.chat.pages_0_.messages_3_.text,case_surface_content,src/data/cases/generated,friend-01,evidence[e-2].viewerData.chat.pages[0].messages[3].text,"잠깐, 정확히 무슨 내용이었는데?","Wait, what exactly was it about?",待って、正確にはどんな内容だったの？,等一下，具体是什么内容？,"Case metadata, character profile, dispute, evidence, solution, or evidence-viewer surface text. Party dialogue scripts are not included here."
case_surface_content_src_data_cases_generated_friend-01_evidence_e-2_.viewerData.chat.pages_0_.messages_4_.sender,case_surface_content,src/data/cases/generated,friend-01,evidence[e-2].viewerData.chat.pages[0].messages[4].sender,송다은,Song Da-eun,ソン・ダウン,宋多恩,"Case metadata, character profile, dispute, evidence, solution, or evidence-viewer surface text. Party dialogue scripts are not included here."
case_surface_content_src_data_cases_generated_friend-01_evidence_e-2_.viewerData.chat.pages_0_.messages_4_.text,case_surface_content,src/data/cases/generated,friend-01,evidence[e-2].viewerData.chat.pages[0].messages[4].text,통화 기록도 있고 문자도 여러 번이야. 그냥 안부 수준으로 보이진 않았어.,There were call logs and several texts. It didn’t look like a simple check-in.,通話記録もあるし、メッセージも何度もある。ただの近況確認には見えなかった。,有通话记录，也有好几条短信。看起来不像只是问候。,"Case metadata, character profile, dispute, evidence, solution, or evidence-viewer surface text. Party dialogue scripts are not included here."
case_surface_content_src_data_cases_generated_friend-01_evidence_e-2_.viewerData.chat.pages_0_.messages_5_.sender,case_surface_content,src/data/cases/generated,friend-01,evidence[e-2].viewerData.chat.pages[0].messages[5].sender,친구 2,Friend 2,友人2,朋友2,"Case metadata, character profile, dispute, evidence, solution, or evidence-viewer surface text. Party dialogue scripts are not included here."
case_surface_content_src_data_cases_generated_friend-01_evidence_e-2_.viewerData.chat.pages_0_.messages_5_.text,case_surface_content,src/data/cases/generated,friend-01,evidence[e-2].viewerData.chat.pages[0].messages[5].text,너한테 먼저 말 안 한 건 좀 이상하긴 하다.,It is a little strange that she didn’t tell you first.,あなたに先に言わなかったのは、少しおかしいね。,没有先告诉你，确实有点奇怪。,"Case metadata, character profile, dispute, evidence, solution, or evidence-viewer surface text. Party dialogue scripts are not included here."
case_surface_content_src_data_cases_generated_friend-01_evidence_e-2_.viewerData.chat.pages_0_.messages_6_.sender,case_surface_content,src/data/cases/generated,friend-01,evidence[e-2].viewerData.chat.pages[0].messages[6].sender,송다은,Song Da-eun,ソン・ダウン,宋多恩,"Case metadata, character profile, dispute, evidence, solution, or evidence-viewer surface text. Party dialogue scripts are not included here."
case_surface_content_src_data_cases_generated_friend-01_evidence_e-2_.viewerData.chat.pages_0_.messages_6_.text,case_surface_content,src/data/cases/generated,friend-01,evidence[e-2].viewerData.chat.pages[0].messages[6].text,예전에도 이런 식으로 사람 곤란하게 만든 적 있잖아. 나만 예민한 거 아니지?,"She’s put people in awkward positions like this before. I’m not the only one being sensitive, right?",前にもこういう形で人を困らせたことがあるでしょ。私だけが過敏なわけじゃないよね？,她以前也这样让别人为难过吧。不是只有我太敏感，对吧？,"Case metadata, character profile, dispute, evidence, solution, or evidence-viewer surface text. Party dialogue scripts are not included here."
case_surface_content_src_data_cases_generated_friend-01_evidence_e-2_.viewerData.chat.pages_0_.messages_7_.sender,case_surface_content,src/data/cases/generated,friend-01,evidence[e-2].viewerData.chat.pages[0].messages[7].sender,친구 1,Friend 1,友人1,朋友1,"Case metadata, character profile, dispute, evidence, solution, or evidence-viewer surface text. Party dialogue scripts are not included here."
case_surface_content_src_data_cases_generated_friend-01_evidence_e-2_.viewerData.chat.pages_0_.messages_7_.text,case_surface_content,src/data/cases/generated,friend-01,evidence[e-2].viewerData.chat.pages[0].messages[7].text,일단 캡처만 보면 다은이가 놀랄 만은 해 보여.,"Just from the screenshot, it does look like Da-eun had reason to be upset.",少なくともスクリーンショットだけ見ると、ダウンが驚くのも無理はないように見える。,只看截图的话，多恩会惊讶也不是没有理由。,"Case metadata, character profile, dispute, evidence, solution, or evidence-viewer surface text. Party dialogue scripts are not included here."
case_surface_content_src_data_cases_generated_friend-01_evidence_e-2_.viewerData.chat.pages_1_.header,case_surface_content,src/data/cases/generated,friend-01,evidence[e-2].viewerData.chat.pages[1].header,"인스타그램 DM 그룹 ""여벤저스"" — 2026.03.06 21:18",Instagram DM Group “She-vengers” — 2026.03.06 21:18,Instagram DMグループ「女子ベンジャーズ」— 2026.03.06 21:18,Instagram DM群“女复联” — 2026.03.06 21:18,"Case metadata, character profile, dispute, evidence, solution, or evidence-viewer surface text. Party dialogue scripts are not included here."
case_surface_content_src_data_cases_generated_friend-01_evidence_e-2_.viewerData.chat.pages_1_.label,case_surface_content,src/data/cases/generated,friend-01,evidence[e-2].viewerData.chat.pages[1].label,2쪽 확산 반응,Page 2: Spreading Reactions,2ページ：拡散反応,第2页：扩散反应,"Case metadata, character profile, dispute, evidence, solution, or evidence-viewer surface text. Party dialogue scripts are not included here."
case_surface_content_src_data_cases_generated_friend-01_evidence_e-2_.viewerData.chat.pages_1_.messages_0_.text,case_surface_content,src/data/cases/generated,friend-01,evidence[e-2].viewerData.chat.pages[1].messages[0].text,2026.03.06 21:18 · 단톡방 캡처 2쪽 / 반응 구간 확대,"2026.03.06 21:18 · Group chat screenshot, page 2 / reaction section expanded",2026.03.06 21:18 · グループチャットのスクリーンショット2ページ／反応部分を拡大,2026.03.06 21:18 · 群聊截图第2页 / 反应区段放大,"Case metadata, character profile, dispute, evidence, solution, or evidence-viewer surface text. Party dialogue scripts are not included here."
case_surface_content_src_data_cases_generated_friend-01_evidence_e-2_.viewerData.chat.pages_1_.messages_1_.sender,case_surface_content,src/data/cases/generated,friend-01,evidence[e-2].viewerData.chat.pages[1].messages[1].sender,하은,Ha-eun,ハウン,夏恩,"Case metadata, character profile, dispute, evidence, solution, or evidence-viewer surface text. Party dialogue scripts are not included here."
case_surface_content_src_data_cases_generated_friend-01_evidence_e-2_.viewerData.chat.pages_1_.messages_1_.text,case_surface_content,src/data/cases/generated,friend-01,evidence[e-2].viewerData.chat.pages[1].messages[1].text,아 걔 진짜 또 그래? 결혼 준비하는 사람한테 왜 그러는 거야.,Is she seriously doing that again? Why would she do that to someone preparing for marriage?,え、あの子また本当にそうなの？ 結婚準備してる人にどうしてそんなことするの。,啊，她真的又这样？为什么要对一个在准备结婚的人这样？,"Case metadata, character profile, dispute, evidence, solution, or evidence-viewer surface text. Party dialogue scripts are not included here."
case_surface_content_src_data_cases_generated_friend-01_evidence_e-2_.viewerData.chat.pages_1_.messages_2_.sender,case_surface_content,src/data/cases/generated,friend-01,evidence[e-2].viewerData.chat.pages[1].messages[2].sender,유진,Yu-jin,ユジン,宥珍,"Case metadata, character profile, dispute, evidence, solution, or evidence-viewer surface text. Party dialogue scripts are not included here."
case_surface_content_src_data_cases_generated_friend-01_evidence_e-2_.viewerData.chat.pages_1_.messages_2_.text,case_surface_content,src/data/cases/generated,friend-01,evidence[e-2].viewerData.chat.pages[1].messages[2].text,수민이는 선 넘는 걸 본인이 잘 모르는 것 같아. 예전에도 분위기 이상하게 만들었잖아.,I don’t think Su-min realizes when she crosses the line. She made things weird before too.,スミンは、自分が一線を越えていることにあまり気づいていないみたい。前にも空気を変にしたじゃない。,秀敏好像不太知道自己什么时候越界。以前也把气氛弄得很怪。,"Case metadata, character profile, dispute, evidence, solution, or evidence-viewer surface text. Party dialogue scripts are not included here."
case_surface_content_src_data_cases_generated_friend-01_evidence_e-2_.viewerData.chat.pages_1_.messages_3_.sender,case_surface_content,src/data/cases/generated,friend-01,evidence[e-2].viewerData.chat.pages[1].messages[3].sender,송다은,Song Da-eun,ソン・ダウン,宋多恩,"Case metadata, character profile, dispute, evidence, solution, or evidence-viewer surface text. Party dialogue scripts are not included here."
case_surface_content_src_data_cases_generated_friend-01_evidence_e-2_.viewerData.chat.pages_1_.messages_3_.text,case_surface_content,src/data/cases/generated,friend-01,evidence[e-2].viewerData.chat.pages[1].messages[3].text,나도 그래서 더 화가 나. 이번에는 그냥 넘어가면 안 될 것 같아.,That’s why I’m even angrier. I don’t think we can just let it slide this time.,だから私も余計に腹が立つ。今回はそのまま流しちゃいけないと思う。,所以我才更生气。这次不能就这么算了。,"Case metadata, character profile, dispute, evidence, solution, or evidence-viewer surface text. Party dialogue scripts are not included here."
case_surface_content_src_data_cases_generated_friend-01_evidence_e-2_.viewerData.chat.pages_1_.messages_4_.sender,case_surface_content,src/data/cases/generated,friend-01,evidence[e-2].viewerData.chat.pages[1].messages[4].sender,송다은,Song Da-eun,ソン・ダウン,宋多恩,"Case metadata, character profile, dispute, evidence, solution, or evidence-viewer surface text. Party dialogue scripts are not included here."
case_surface_content_src_data_cases_generated_friend-01_evidence_e-2_.viewerData.chat.pages_1_.messages_4_.text,case_surface_content,src/data/cases/generated,friend-01,evidence[e-2].viewerData.chat.pages[1].messages[4].text,"태윤이는 별거 아니라고 하는데, 나는 그 말도 못 믿겠어.","Tae-yun says it’s nothing, but I can’t believe that either.",テユンは大したことじゃないって言うけど、その言葉も信じられない。,泰允说没什么，但我连这话也信不了。,"Case metadata, character profile, dispute, evidence, solution, or evidence-viewer surface text. Party dialogue scripts are not included here."
case_surface_content_src_data_cases_generated_friend-01_evidence_e-2_.viewerData.chat.pages_1_.messages_5_.sender,case_surface_content,src/data/cases/generated,friend-01,evidence[e-2].viewerData.chat.pages[1].messages[5].sender,소연,So-yeon,ソヨン,素妍,"Case metadata, character profile, dispute, evidence, solution, or evidence-viewer surface text. Party dialogue scripts are not included here."
case_surface_content_src_data_cases_generated_friend-01_evidence_e-2_.viewerData.chat.pages_1_.messages_5_.text,case_surface_content,src/data/cases/generated,friend-01,evidence[e-2].viewerData.chat.pages[1].messages[5].text,그럼 수민이한테 직접 물어봤어?,Then did you ask Su-min directly?,じゃあ、スミンには直接聞いたの？,那你直接问秀敏了吗？,"Case metadata, character profile, dispute, evidence, solution, or evidence-viewer surface text. Party dialogue scripts are not included here."
case_surface_content_src_data_cases_generated_friend-01_evidence_e-2_.viewerData.chat.pages_1_.messages_6_.sender,case_surface_content,src/data/cases/generated,friend-01,evidence[e-2].viewerData.chat.pages[1].messages[6].sender,송다은,Song Da-eun,ソン・ダウン,宋多恩,"Case metadata, character profile, dispute, evidence, solution, or evidence-viewer surface text. Party dialogue scripts are not included here."
case_surface_content_src_data_cases_generated_friend-01_evidence_e-2_.viewerData.chat.pages_1_.messages_6_.text,case_surface_content,src/data/cases/generated,friend-01,evidence[e-2].viewerData.chat.pages[1].messages[6].text,아직. 지금 말 걸면 또 피해자처럼 굴 것 같아서 먼저 너희한테 말한 거야.,"Not yet. If I talk to her now, I think she’ll act like the victim again, so I told you first.",まだ。今話しかけたらまた被害者みたいに振る舞いそうだから、先にみんなに話したの。,还没有。现在去问她，她可能又会装成受害者，所以我先告诉你们。,"Case metadata, character profile, dispute, evidence, solution, or evidence-viewer surface text. Party dialogue scripts are not included here."
case_surface_content_src_data_cases_generated_friend-01_evidence_e-2_.viewerData.chat.pages_1_.messages_7_.sender,case_surface_content,src/data/cases/generated,friend-01,evidence[e-2].viewerData.chat.pages[1].messages[7].sender,하은,Ha-eun,ハウン,夏恩,"Case metadata, character profile, dispute, evidence, solution, or evidence-viewer surface text. Party dialogue scripts are not included here."
case_surface_content_src_data_cases_generated_friend-01_evidence_e-2_.viewerData.chat.pages_1_.messages_7_.text,case_surface_content,src/data/cases/generated,friend-01,evidence[e-2].viewerData.chat.pages[1].messages[7].text,그래도 직접 확인은 해야 하지 않아? 캡처만으로는 앞뒤를 모르잖아.,"Still, shouldn’t you confirm it directly? A screenshot alone doesn’t show the full context.",それでも直接確認はした方がいいんじゃない？ スクリーンショットだけでは前後がわからないでしょ。,但还是应该直接确认吧？光凭截图不知道前因后果。,"Case metadata, character profile, dispute, evidence, solution, or evidence-viewer surface text. Party dialogue scripts are not included here."
case_surface_content_src_data_cases_generated_friend-01_evidence_e-2_.viewerData.chat.pages_1_.messages_8_.sender,case_surface_content,src/data/cases/generated,friend-01,evidence[e-2].viewerData.chat.pages[1].messages[8].sender,유진,Yu-jin,ユジン,宥珍,"Case metadata, character profile, dispute, evidence, solution, or evidence-viewer surface text. Party dialogue scripts are not included here."
case_surface_content_src_data_cases_generated_friend-01_evidence_e-2_.viewerData.chat.pages_1_.messages_8_.text,case_surface_content,src/data/cases/generated,friend-01,evidence[e-2].viewerData.chat.pages[1].messages[8].text,근데 이미 다은이가 이 정도로 불안하면 수민이도 조심했어야지.,"But if Da-eun is already this anxious, Su-min should have been more careful too.",でも、ダウンがここまで不安になっているなら、スミンも気をつけるべきだったよ。,可是多恩都这么不安了，秀敏也应该更谨慎一点。,"Case metadata, character profile, dispute, evidence, solution, or evidence-viewer surface text. Party dialogue scripts are not included here."
case_surface_content_src_data_cases_generated_friend-01_evidence_e-2_.viewerData.chat.pages_1_.messages_9_.sender,case_surface_content,src/data/cases/generated,friend-01,evidence[e-2].viewerData.chat.pages[1].messages[9].sender,송다은,Song Da-eun,ソン・ダウン,宋多恩,"Case metadata, character profile, dispute, evidence, solution, or evidence-viewer surface text. Party dialogue scripts are not included here."
case_surface_content_src_data_cases_generated_friend-01_evidence_e-2_.viewerData.chat.pages_1_.messages_9_.text,case_surface_content,src/data/cases/generated,friend-01,evidence[e-2].viewerData.chat.pages[1].messages[9].text,맞아. 나는 지금 수민이가 또 내 사람한테 붙는 것처럼 느껴져.,"Right. Right now, it feels like Su-min is going after my man again.",そう。今はスミンがまた私の人に近づいているように感じる。,对。我现在感觉秀敏又在贴近我的人。,"Case metadata, character profile, dispute, evidence, solution, or evidence-viewer surface text. Party dialogue scripts are not included here."
case_surface_content_src_data_cases_generated_friend-01_evidence_e-2_.viewerData.chat.pages_2_.header,case_surface_content,src/data/cases/generated,friend-01,evidence[e-2].viewerData.chat.pages[2].header,"인스타그램 DM 그룹 ""여벤저스"" — 2026.03.06 21:24",Instagram DM Group “She-vengers” — 2026.03.06 21:24,Instagram DMグループ「女子ベンジャーズ」— 2026.03.06 21:24,Instagram DM群“女复联” — 2026.03.06 21:24,"Case metadata, character profile, dispute, evidence, solution, or evidence-viewer surface text. Party dialogue scripts are not included here."
case_surface_content_src_data_cases_generated_friend-01_evidence_e-2_.viewerData.chat.pages_2_.label,case_surface_content,src/data/cases/generated,friend-01,evidence[e-2].viewerData.chat.pages[2].label,3쪽 시간 순서,Page 3: Timeline,3ページ：時間順,第3页：时间顺序,"Case metadata, character profile, dispute, evidence, solution, or evidence-viewer surface text. Party dialogue scripts are not included here."
case_surface_content_src_data_cases_generated_friend-01_evidence_e-2_.viewerData.chat.pages_2_.messages_0_.text,case_surface_content,src/data/cases/generated,friend-01,evidence[e-2].viewerData.chat.pages[2].messages[0].text,2026.03.06 21:24 · 원본 대조본 / 직접 확인 전 공유 순서 확인,2026.03.06 21:24 · Original comparison / confirms sharing order before direct verification,2026.03.06 21:24 · 原文対照版／直接確認前の共有順序を確認,2026.03.06 21:24 · 原文对照本 / 确认直接核实前的分享顺序,"Case metadata, character profile, dispute, evidence, solution, or evidence-viewer surface text. Party dialogue scripts are not included here."
case_surface_content_src_data_cases_generated_friend-01_evidence_e-2_.viewerData.chat.pages_2_.messages_1_.sender,case_surface_content,src/data/cases/generated,friend-01,evidence[e-2].viewerData.chat.pages[2].messages[1].sender,김세라,Kim Se-ra,キム・セラ,金世罗,"Case metadata, character profile, dispute, evidence, solution, or evidence-viewer surface text. Party dialogue scripts are not included here."
case_surface_content_src_data_cases_generated_friend-01_evidence_e-2_.viewerData.chat.pages_2_.messages_1_.text,case_surface_content,src/data/cases/generated,friend-01,evidence[e-2].viewerData.chat.pages[2].messages[1].text,"다은아, 수민이가 왜 연락했는지는 확인한 거야? 혹시 태윤이가 먼저 연락한 건 아니고?","Da-eun, did you check why Su-min contacted him? Are you sure Tae-yun didn’t contact her first?",ダウン、スミンがなぜ連絡したのか確認したの？ もしかしてテユンが先に連絡したんじゃないの？,多恩，你确认过秀敏为什么联系他了吗？会不会是泰允先联系她的？,"Case metadata, character profile, dispute, evidence, solution, or evidence-viewer surface text. Party dialogue scripts are not included here."
case_surface_content_src_data_cases_generated_friend-01_evidence_e-2_.viewerData.chat.pages_2_.messages_10_.sender,case_surface_content,src/data/cases/generated,friend-01,evidence[e-2].viewerData.chat.pages[2].messages[10].sender,송다은,Song Da-eun,ソン・ダウン,宋多恩,"Case metadata, character profile, dispute, evidence, solution, or evidence-viewer surface text. Party dialogue scripts are not included here."
case_surface_content_src_data_cases_generated_friend-01_evidence_e-2_.viewerData.chat.pages_2_.messages_10_.text,case_surface_content,src/data/cases/generated,friend-01,evidence[e-2].viewerData.chat.pages[2].messages[10].text,응. 근데 지금은 수민이가 선 넘은 게 맞다고 생각해.,"Yeah. But right now, I think Su-min really did cross the line.",うん。でも今は、スミンが一線を越えたのは確かだと思う。,嗯。但现在我觉得秀敏确实越界了。,"Case metadata, character profile, dispute, evidence, solution, or evidence-viewer surface text. Party dialogue scripts are not included here."
case_surface_content_src_data_cases_generated_friend-01_evidence_e-2_.viewerData.chat.pages_2_.messages_2_.sender,case_surface_content,src/data/cases/generated,friend-01,evidence[e-2].viewerData.chat.pages[2].messages[2].sender,송다은,Song Da-eun,ソン・ダウン,宋多恩,"Case metadata, character profile, dispute, evidence, solution, or evidence-viewer surface text. Party dialogue scripts are not included here."
case_surface_content_src_data_cases_generated_friend-01_evidence_e-2_.viewerData.chat.pages_2_.messages_2_.text,case_surface_content,src/data/cases/generated,friend-01,evidence[e-2].viewerData.chat.pages[2].messages[2].text,아직 수민이한테 직접 묻진 않았어. 물어보면 또 오해라고 할 게 뻔하니까.,"I haven’t asked Su-min directly yet. If I ask, she’ll obviously say it’s another misunderstanding.",まだスミンには直接聞いてない。聞いたら、また誤解だって言うに決まってるから。,我还没直接问秀敏。因为一问，她肯定又会说是误会。,"Case metadata, character profile, dispute, evidence, solution, or evidence-viewer surface text. Party dialogue scripts are not included here."
case_surface_content_src_data_cases_generated_friend-01_evidence_e-2_.viewerData.chat.pages_2_.messages_3_.sender,case_surface_content,src/data/cases/generated,friend-01,evidence[e-2].viewerData.chat.pages[2].messages[3].sender,송다은,Song Da-eun,ソン・ダウン,宋多恩,"Case metadata, character profile, dispute, evidence, solution, or evidence-viewer surface text. Party dialogue scripts are not included here."
case_surface_content_src_data_cases_generated_friend-01_evidence_e-2_.viewerData.chat.pages_2_.messages_3_.text,case_surface_content,src/data/cases/generated,friend-01,evidence[e-2].viewerData.chat.pages[2].messages[3].text,그래도 이건 너희가 알아야 할 것 같아서 먼저 올린 거야. 나 혼자 예민한 사람 되기 싫어.,"Still, I thought you all should know, so I posted it first. I don’t want to be the only one who looks oversensitive.",でも、これはみんなも知っておくべきだと思って先に上げたの。私だけが神経質な人みたいになるのは嫌だから。,可是我觉得你们也该知道，所以先发上来了。我不想一个人被当成太敏感。,"Case metadata, character profile, dispute, evidence, solution, or evidence-viewer surface text. Party dialogue scripts are not included here."
case_surface_content_src_data_cases_generated_friend-01_evidence_e-2_.viewerData.chat.pages_2_.messages_4_.sender,case_surface_content,src/data/cases/generated,friend-01,evidence[e-2].viewerData.chat.pages[2].messages[4].sender,소연,So-yeon,ソヨン,素妍,"Case metadata, character profile, dispute, evidence, solution, or evidence-viewer surface text. Party dialogue scripts are not included here."
case_surface_content_src_data_cases_generated_friend-01_evidence_e-2_.viewerData.chat.pages_2_.messages_4_.text,case_surface_content,src/data/cases/generated,friend-01,evidence[e-2].viewerData.chat.pages[2].messages[4].text,직접 확인 전이면 말은 조금 조심해야 할 것 같아. 단정해서 퍼지면 돌이키기 어렵잖아.,"If you haven’t checked directly yet, you should be careful with your words. Once it spreads as a conclusion, it’s hard to take back.",直接確認する前なら、言い方には少し気をつけた方がいいと思う。決めつけて広がったら取り返しがつかないでしょ。,如果还没直接确认，说话还是要谨慎一点。一旦被当成定论传开，就很难挽回了。,"Case metadata, character profile, dispute, evidence, solution, or evidence-viewer surface text. Party dialogue scripts are not included here."
case_surface_content_src_data_cases_generated_friend-01_evidence_e-2_.viewerData.chat.pages_2_.messages_5_.sender,case_surface_content,src/data/cases/generated,friend-01,evidence[e-2].viewerData.chat.pages[2].messages[5].sender,하은,Ha-eun,ハウン,夏恩,"Case metadata, character profile, dispute, evidence, solution, or evidence-viewer surface text. Party dialogue scripts are not included here."
case_surface_content_src_data_cases_generated_friend-01_evidence_e-2_.viewerData.chat.pages_2_.messages_5_.text,case_surface_content,src/data/cases/generated,friend-01,evidence[e-2].viewerData.chat.pages[2].messages[5].text,근데 이미 방 분위기는 수민이가 잘못한 걸로 가고 있어.,But the mood in the chat is already turning toward “Su-min did something wrong.”,でも、もうグループの空気はスミンが悪いって方向に流れてるよ。,可是群里的气氛已经在往“秀敏做错了”的方向走了。,"Case metadata, character profile, dispute, evidence, solution, or evidence-viewer surface text. Party dialogue scripts are not included here."
case_surface_content_src_data_cases_generated_friend-01_evidence_e-2_.viewerData.chat.pages_2_.messages_6_.sender,case_surface_content,src/data/cases/generated,friend-01,evidence[e-2].viewerData.chat.pages[2].messages[6].sender,송다은,Song Da-eun,ソン・ダウン,宋多恩,"Case metadata, character profile, dispute, evidence, solution, or evidence-viewer surface text. Party dialogue scripts are not included here."
case_surface_content_src_data_cases_generated_friend-01_evidence_e-2_.viewerData.chat.pages_2_.messages_6_.text,case_surface_content,src/data/cases/generated,friend-01,evidence[e-2].viewerData.chat.pages[2].messages[6].text,내가 괜히 말한 건 아니야. 수민이는 예전에도 비슷한 일에서 끝까지 설명 안 했어.,I didn’t say this for no reason. Su-min refused to explain to the end in a similar situation before too.,私が理由もなく言ったわけじゃない。スミンは前にも似たような件で最後まで説明しなかった。,我不是无缘无故这么说。秀敏以前遇到类似的事，也一直没有解释到最后。,"Case metadata, character profile, dispute, evidence, solution, or evidence-viewer surface text. Party dialogue scripts are not included here."
case_surface_content_src_data_cases_generated_friend-01_evidence_e-2_.viewerData.chat.pages_2_.messages_7_.sender,case_surface_content,src/data/cases/generated,friend-01,evidence[e-2].viewerData.chat.pages[2].messages[7].sender,김세라,Kim Se-ra,キム・セラ,金世罗,"Case metadata, character profile, dispute, evidence, solution, or evidence-viewer surface text. Party dialogue scripts are not included here."
case_surface_content_src_data_cases_generated_friend-01_evidence_e-2_.viewerData.chat.pages_2_.messages_7_.text,case_surface_content,src/data/cases/generated,friend-01,evidence[e-2].viewerData.chat.pages[2].messages[7].text,그 예전 일이랑 이번 연락이 같은 일인지는 따로 봐야 하지 않을까.,Shouldn’t we look separately at whether that old incident and this contact are really the same thing?,その昔の件と今回の連絡が同じことなのかは、別に見た方がいいんじゃない？,那件旧事和这次联系是不是同一回事，不该分开看吗？,"Case metadata, character profile, dispute, evidence, solution, or evidence-viewer surface text. Party dialogue scripts are not included here."
case_surface_content_src_data_cases_generated_friend-01_evidence_e-2_.viewerData.chat.pages_2_.messages_8_.sender,case_surface_content,src/data/cases/generated,friend-01,evidence[e-2].viewerData.chat.pages[2].messages[8].sender,송다은,Song Da-eun,ソン・ダウン,宋多恩,"Case metadata, character profile, dispute, evidence, solution, or evidence-viewer surface text. Party dialogue scripts are not included here."
case_surface_content_src_data_cases_generated_friend-01_evidence_e-2_.viewerData.chat.pages_2_.messages_8_.text,case_surface_content,src/data/cases/generated,friend-01,evidence[e-2].viewerData.chat.pages[2].messages[8].text,나는 지금 결혼 앞두고 또 이런 얘기 듣는 게 너무 지쳐. 태윤이한테는 내가 먼저 정리하라고 할게.,I’m exhausted hearing this again right before my wedding. I’ll tell Tae-yun to handle it first.,結婚を控えて、またこんな話を聞くのは本当に疲れる。テユンには私から先に整理するよう言う。,马上要结婚了又听到这种事，我真的很累。我会先让泰允把这件事处理好。,"Case metadata, character profile, dispute, evidence, solution, or evidence-viewer surface text. Party dialogue scripts are not included here."
case_surface_content_src_data_cases_generated_friend-01_evidence_e-2_.viewerData.chat.pages_2_.messages_9_.sender,case_surface_content,src/data/cases/generated,friend-01,evidence[e-2].viewerData.chat.pages[2].messages[9].sender,유진,Yu-jin,ユジン,宥珍,"Case metadata, character profile, dispute, evidence, solution, or evidence-viewer surface text. Party dialogue scripts are not included here."
case_surface_content_src_data_cases_generated_friend-01_evidence_e-2_.viewerData.chat.pages_2_.messages_9_.text,case_surface_content,src/data/cases/generated,friend-01,evidence[e-2].viewerData.chat.pages[2].messages[9].text,알겠어. 다만 나중에 사실이 다르면 방에 정정도 해야 해.,"Okay. But if the facts turn out to be different later, you need to correct it in the chat too.",わかった。ただ、後で事実が違ったら、グループにも訂正を入れないといけないよ。,明白。但如果之后事实不一样，也必须在群里更正。,"Case metadata, character profile, dispute, evidence, solution, or evidence-viewer surface text. Party dialogue scripts are not included here."
case_surface_content_src_data_cases_generated_friend-01_evidence_e-2_.viewerData.meta.legalLabel,case_surface_content,src/data/cases/generated,friend-01,evidence[e-2].viewerData.meta.legalLabel,적법,Legal,適法,合法,"Case metadata, character profile, dispute, evidence, solution, or evidence-viewer surface text. Party dialogue scripts are not included here."
case_surface_content_src_data_cases_generated_friend-01_evidence_e-2_.viewerData.meta.name,case_surface_content,src/data/cases/generated,friend-01,evidence[e-2].viewerData.meta.name,단톡방 캡처,Group Chat Screenshot,グループチャットのスクリーンショット,群聊截图,"Case metadata, character profile, dispute, evidence, solution, or evidence-viewer surface text. Party dialogue scripts are not included here."
case_surface_content_src_data_cases_generated_friend-01_evidence_e-2_.viewerData.meta.sourceLabel,case_surface_content,src/data/cases/generated,friend-01,evidence[e-2].viewerData.meta.sourceLabel,양측,Both Sides,双方,双方,"Case metadata, character profile, dispute, evidence, solution, or evidence-viewer surface text. Party dialogue scripts are not included here."
case_surface_content_src_data_cases_generated_friend-01_evidence_e-2_.viewerData.meta.stageLabel,case_surface_content,src/data/cases/generated,friend-01,evidence[e-2].viewerData.meta.stageLabel,3단계 — 전체 공개,Stage 3 — Full Disclosure,3段階 — 全体公開,第3阶段——全部公开,"Case metadata, character profile, dispute, evidence, solution, or evidence-viewer surface text. Party dialogue scripts are not included here."
case_surface_content_src_data_cases_generated_friend-01_evidence_e-2_.viewerData.meta.trustLabel,case_surface_content,src/data/cases/generated,friend-01,evidence[e-2].viewerData.meta.trustLabel,보통,Normal,普通,普通,"Case metadata, character profile, dispute, evidence, solution, or evidence-viewer surface text. Party dialogue scripts are not included here."
case_surface_content_src_data_cases_generated_friend-01_evidence_e-2_.viewerDataByStage.1.chat.header,case_surface_content,src/data/cases/generated,friend-01,evidence[e-2].viewerDataByStage.1.chat.header,"인스타그램 DM 그룹 ""여벤저스"" — 2026.03.06 21:14",Instagram DM Group “She-vengers” — 2026.03.06 21:14,Instagram DMグループ「女子ベンジャーズ」— 2026.03.06 21:14,Instagram DM群“女复联” — 2026.03.06 21:14,"Case metadata, character profile, dispute, evidence, solution, or evidence-viewer surface text. Party dialogue scripts are not included here."
case_surface_content_src_data_cases_generated_friend-01_evidence_e-2_.viewerDataByStage.1.chat.messages_0_.text,case_surface_content,src/data/cases/generated,friend-01,evidence[e-2].viewerDataByStage.1.chat.messages[0].text,2026.03.06 21:14 · 단톡방 캡처 1쪽 / 일부 이름 마스킹,"2026.03.06 21:14 · Group chat screenshot, page 1 / some names masked",2026.03.06 21:14 · グループチャットのスクリーンショット1ページ／一部の名前をマスキング,2026.03.06 21:14 · 群聊截图第1页 / 部分姓名遮盖,"Case metadata, character profile, dispute, evidence, solution, or evidence-viewer surface text. Party dialogue scripts are not included here."
case_surface_content_src_data_cases_generated_friend-01_evidence_e-2_.viewerDataByStage.1.chat.messages_1_.sender,case_surface_content,src/data/cases/generated,friend-01,evidence[e-2].viewerDataByStage.1.chat.messages[1].sender,송다은,Song Da-eun,ソン・ダウン,宋多恩,"Case metadata, character profile, dispute, evidence, solution, or evidence-viewer surface text. Party dialogue scripts are not included here."
case_surface_content_src_data_cases_generated_friend-01_evidence_e-2_.viewerDataByStage.1.chat.messages_1_.text,case_surface_content,src/data/cases/generated,friend-01,evidence[e-2].viewerDataByStage.1.chat.messages[1].text,얘들아 나 진짜 손 떨려. 방금 태윤이 폰 알림을 봤는데 수민이 이름이 계속 떠 있었어.,"Guys, my hands are actually shaking. I just saw Tae-yun’s phone notifications, and Su-min’s name kept popping up.",みんな、私ほんとに手が震えてる。さっきテユンのスマホ通知を見たんだけど、スミンの名前がずっと出てたの。,姐妹们，我手真的在抖。我刚看到泰允手机的通知，秀敏的名字一直跳出来。,"Case metadata, character profile, dispute, evidence, solution, or evidence-viewer surface text. Party dialogue scripts are not included here."
case_surface_content_src_data_cases_generated_friend-01_evidence_e-2_.viewerDataByStage.1.chat.messages_2_.sender,case_surface_content,src/data/cases/generated,friend-01,evidence[e-2].viewerDataByStage.1.chat.messages[2].sender,송다은,Song Da-eun,ソン・ダウン,宋多恩,"Case metadata, character profile, dispute, evidence, solution, or evidence-viewer surface text. Party dialogue scripts are not included here."
case_surface_content_src_data_cases_generated_friend-01_evidence_e-2_.viewerDataByStage.1.chat.messages_2_.text,case_surface_content,src/data/cases/generated,friend-01,evidence[e-2].viewerDataByStage.1.chat.messages[2].text,나한테는 아무 말도 안 해놓고 왜 내 예비신랑한테만 연락하는지 모르겠어.,She didn’t say anything to me. I don’t know why she’s only contacting my fiancé.,私には何も言わないで、どうして私の婚約者にだけ連絡するのかわからない。,她什么都没跟我说，却只联系我的未婚夫，我真不知道为什么。,"Case metadata, character profile, dispute, evidence, solution, or evidence-viewer surface text. Party dialogue scripts are not included here."
case_surface_content_src_data_cases_generated_friend-01_evidence_e-2_.viewerDataByStage.1.chat.messages_3_.sender,case_surface_content,src/data/cases/generated,friend-01,evidence[e-2].viewerDataByStage.1.chat.messages[3].sender,친구 1,Friend 1,友人1,朋友1,"Case metadata, character profile, dispute, evidence, solution, or evidence-viewer surface text. Party dialogue scripts are not included here."
case_surface_content_src_data_cases_generated_friend-01_evidence_e-2_.viewerDataByStage.1.chat.messages_3_.text,case_surface_content,src/data/cases/generated,friend-01,evidence[e-2].viewerDataByStage.1.chat.messages[3].text,"잠깐, 정확히 무슨 내용이었는데?","Wait, what exactly was it about?",待って、正確にはどんな内容だったの？,等一下，具体是什么内容？,"Case metadata, character profile, dispute, evidence, solution, or evidence-viewer surface text. Party dialogue scripts are not included here."
case_surface_content_src_data_cases_generated_friend-01_evidence_e-2_.viewerDataByStage.1.chat.messages_4_.sender,case_surface_content,src/data/cases/generated,friend-01,evidence[e-2].viewerDataByStage.1.chat.messages[4].sender,송다은,Song Da-eun,ソン・ダウン,宋多恩,"Case metadata, character profile, dispute, evidence, solution, or evidence-viewer surface text. Party dialogue scripts are not included here."
case_surface_content_src_data_cases_generated_friend-01_evidence_e-2_.viewerDataByStage.1.chat.messages_4_.text,case_surface_content,src/data/cases/generated,friend-01,evidence[e-2].viewerDataByStage.1.chat.messages[4].text,통화 기록도 있고 문자도 여러 번이야. 그냥 안부 수준으로 보이진 않았어.,There were call logs and several texts. It didn’t look like a simple check-in.,通話記録もあるし、メッセージも何度もある。ただの近況確認には見えなかった。,有通话记录，也有好几条短信。看起来不像只是问候。,"Case metadata, character profile, dispute, evidence, solution, or evidence-viewer surface text. Party dialogue scripts are not included here."
case_surface_content_src_data_cases_generated_friend-01_evidence_e-2_.viewerDataByStage.1.chat.messages_5_.sender,case_surface_content,src/data/cases/generated,friend-01,evidence[e-2].viewerDataByStage.1.chat.messages[5].sender,친구 2,Friend 2,友人2,朋友2,"Case metadata, character profile, dispute, evidence, solution, or evidence-viewer surface text. Party dialogue scripts are not included here."
case_surface_content_src_data_cases_generated_friend-01_evidence_e-2_.viewerDataByStage.1.chat.messages_5_.text,case_surface_content,src/data/cases/generated,friend-01,evidence[e-2].viewerDataByStage.1.chat.messages[5].text,너한테 먼저 말 안 한 건 좀 이상하긴 하다.,It is a little strange that she didn’t tell you first.,あなたに先に言わなかったのは、少しおかしいね。,没有先告诉你，确实有点奇怪。,"Case metadata, character profile, dispute, evidence, solution, or evidence-viewer surface text. Party dialogue scripts are not included here."
case_surface_content_src_data_cases_generated_friend-01_evidence_e-2_.viewerDataByStage.1.chat.messages_6_.sender,case_surface_content,src/data/cases/generated,friend-01,evidence[e-2].viewerDataByStage.1.chat.messages[6].sender,송다은,Song Da-eun,ソン・ダウン,宋多恩,"Case metadata, character profile, dispute, evidence, solution, or evidence-viewer surface text. Party dialogue scripts are not included here."
case_surface_content_src_data_cases_generated_friend-01_evidence_e-2_.viewerDataByStage.1.chat.messages_6_.text,case_surface_content,src/data/cases/generated,friend-01,evidence[e-2].viewerDataByStage.1.chat.messages[6].text,예전에도 이런 식으로 사람 곤란하게 만든 적 있잖아. 나만 예민한 거 아니지?,"She’s put people in awkward positions like this before. I’m not the only one being sensitive, right?",前にもこういう形で人を困らせたことがあるでしょ。私だけが過敏なわけじゃないよね？,她以前也这样让别人为难过吧。不是只有我太敏感，对吧？,"Case metadata, character profile, dispute, evidence, solution, or evidence-viewer surface text. Party dialogue scripts are not included here."
case_surface_content_src_data_cases_generated_friend-01_evidence_e-2_.viewerDataByStage.1.chat.messages_7_.sender,case_surface_content,src/data/cases/generated,friend-01,evidence[e-2].viewerDataByStage.1.chat.messages[7].sender,친구 1,Friend 1,友人1,朋友1,"Case metadata, character profile, dispute, evidence, solution, or evidence-viewer surface text. Party dialogue scripts are not included here."
case_surface_content_src_data_cases_generated_friend-01_evidence_e-2_.viewerDataByStage.1.chat.messages_7_.text,case_surface_content,src/data/cases/generated,friend-01,evidence[e-2].viewerDataByStage.1.chat.messages[7].text,일단 캡처만 보면 다은이가 놀랄 만은 해 보여.,"Just from the screenshot, it does look like Da-eun had reason to be upset.",少なくともスクリーンショットだけ見ると、ダウンが驚くのも無理はないように見える。,只看截图的话，多恩会惊讶也不是没有理由。,"Case metadata, character profile, dispute, evidence, solution, or evidence-viewer surface text. Party dialogue scripts are not included here."
case_surface_content_src_data_cases_generated_friend-01_evidence_e-2_.viewerDataByStage.1.chat.pages_0_.header,case_surface_content,src/data/cases/generated,friend-01,evidence[e-2].viewerDataByStage.1.chat.pages[0].header,"인스타그램 DM 그룹 ""여벤저스"" — 2026.03.06 21:14",Instagram DM Group “She-vengers” — 2026.03.06 21:14,Instagram DMグループ「女子ベンジャーズ」— 2026.03.06 21:14,Instagram DM群“女复联” — 2026.03.06 21:14,"Case metadata, character profile, dispute, evidence, solution, or evidence-viewer surface text. Party dialogue scripts are not included here."
case_surface_content_src_data_cases_generated_friend-01_evidence_e-2_.viewerDataByStage.1.chat.pages_0_.label,case_surface_content,src/data/cases/generated,friend-01,evidence[e-2].viewerDataByStage.1.chat.pages[0].label,1쪽 최초 발언,Page 1: First Statement,1ページ：最初の発言,第1页：最初发言,"Case metadata, character profile, dispute, evidence, solution, or evidence-viewer surface text. Party dialogue scripts are not included here."
case_surface_content_src_data_cases_generated_friend-01_evidence_e-2_.viewerDataByStage.1.chat.pages_0_.messages_0_.text,case_surface_content,src/data/cases/generated,friend-01,evidence[e-2].viewerDataByStage.1.chat.pages[0].messages[0].text,2026.03.06 21:14 · 단톡방 캡처 1쪽 / 일부 이름 마스킹,"2026.03.06 21:14 · Group chat screenshot, page 1 / some names masked",2026.03.06 21:14 · グループチャットのスクリーンショット1ページ／一部の名前をマスキング,2026.03.06 21:14 · 群聊截图第1页 / 部分姓名遮盖,"Case metadata, character profile, dispute, evidence, solution, or evidence-viewer surface text. Party dialogue scripts are not included here."
case_surface_content_src_data_cases_generated_friend-01_evidence_e-2_.viewerDataByStage.1.chat.pages_0_.messages_1_.sender,case_surface_content,src/data/cases/generated,friend-01,evidence[e-2].viewerDataByStage.1.chat.pages[0].messages[1].sender,송다은,Song Da-eun,ソン・ダウン,宋多恩,"Case metadata, character profile, dispute, evidence, solution, or evidence-viewer surface text. Party dialogue scripts are not included here."
case_surface_content_src_data_cases_generated_friend-01_evidence_e-2_.viewerDataByStage.1.chat.pages_0_.messages_1_.text,case_surface_content,src/data/cases/generated,friend-01,evidence[e-2].viewerDataByStage.1.chat.pages[0].messages[1].text,얘들아 나 진짜 손 떨려. 방금 태윤이 폰 알림을 봤는데 수민이 이름이 계속 떠 있었어.,"Guys, my hands are actually shaking. I just saw Tae-yun’s phone notifications, and Su-min’s name kept popping up.",みんな、私ほんとに手が震えてる。さっきテユンのスマホ通知を見たんだけど、スミンの名前がずっと出てたの。,姐妹们，我手真的在抖。我刚看到泰允手机的通知，秀敏的名字一直跳出来。,"Case metadata, character profile, dispute, evidence, solution, or evidence-viewer surface text. Party dialogue scripts are not included here."
case_surface_content_src_data_cases_generated_friend-01_evidence_e-2_.viewerDataByStage.1.chat.pages_0_.messages_2_.sender,case_surface_content,src/data/cases/generated,friend-01,evidence[e-2].viewerDataByStage.1.chat.pages[0].messages[2].sender,송다은,Song Da-eun,ソン・ダウン,宋多恩,"Case metadata, character profile, dispute, evidence, solution, or evidence-viewer surface text. Party dialogue scripts are not included here."
case_surface_content_src_data_cases_generated_friend-01_evidence_e-2_.viewerDataByStage.1.chat.pages_0_.messages_2_.text,case_surface_content,src/data/cases/generated,friend-01,evidence[e-2].viewerDataByStage.1.chat.pages[0].messages[2].text,나한테는 아무 말도 안 해놓고 왜 내 예비신랑한테만 연락하는지 모르겠어.,She didn’t say anything to me. I don’t know why she’s only contacting my fiancé.,私には何も言わないで、どうして私の婚約者にだけ連絡するのかわからない。,她什么都没跟我说，却只联系我的未婚夫，我真不知道为什么。,"Case metadata, character profile, dispute, evidence, solution, or evidence-viewer surface text. Party dialogue scripts are not included here."
case_surface_content_src_data_cases_generated_friend-01_evidence_e-2_.viewerDataByStage.1.chat.pages_0_.messages_3_.sender,case_surface_content,src/data/cases/generated,friend-01,evidence[e-2].viewerDataByStage.1.chat.pages[0].messages[3].sender,친구 1,Friend 1,友人1,朋友1,"Case metadata, character profile, dispute, evidence, solution, or evidence-viewer surface text. Party dialogue scripts are not included here."
case_surface_content_src_data_cases_generated_friend-01_evidence_e-2_.viewerDataByStage.1.chat.pages_0_.messages_3_.text,case_surface_content,src/data/cases/generated,friend-01,evidence[e-2].viewerDataByStage.1.chat.pages[0].messages[3].text,"잠깐, 정확히 무슨 내용이었는데?","Wait, what exactly was it about?",待って、正確にはどんな内容だったの？,等一下，具体是什么内容？,"Case metadata, character profile, dispute, evidence, solution, or evidence-viewer surface text. Party dialogue scripts are not included here."
case_surface_content_src_data_cases_generated_friend-01_evidence_e-2_.viewerDataByStage.1.chat.pages_0_.messages_4_.sender,case_surface_content,src/data/cases/generated,friend-01,evidence[e-2].viewerDataByStage.1.chat.pages[0].messages[4].sender,송다은,Song Da-eun,ソン・ダウン,宋多恩,"Case metadata, character profile, dispute, evidence, solution, or evidence-viewer surface text. Party dialogue scripts are not included here."
case_surface_content_src_data_cases_generated_friend-01_evidence_e-2_.viewerDataByStage.1.chat.pages_0_.messages_4_.text,case_surface_content,src/data/cases/generated,friend-01,evidence[e-2].viewerDataByStage.1.chat.pages[0].messages[4].text,통화 기록도 있고 문자도 여러 번이야. 그냥 안부 수준으로 보이진 않았어.,There were call logs and several texts. It didn’t look like a simple check-in.,通話記録もあるし、メッセージも何度もある。ただの近況確認には見えなかった。,有通话记录，也有好几条短信。看起来不像只是问候。,"Case metadata, character profile, dispute, evidence, solution, or evidence-viewer surface text. Party dialogue scripts are not included here."
case_surface_content_src_data_cases_generated_friend-01_evidence_e-2_.viewerDataByStage.1.chat.pages_0_.messages_5_.sender,case_surface_content,src/data/cases/generated,friend-01,evidence[e-2].viewerDataByStage.1.chat.pages[0].messages[5].sender,친구 2,Friend 2,友人2,朋友2,"Case metadata, character profile, dispute, evidence, solution, or evidence-viewer surface text. Party dialogue scripts are not included here."
case_surface_content_src_data_cases_generated_friend-01_evidence_e-2_.viewerDataByStage.1.chat.pages_0_.messages_5_.text,case_surface_content,src/data/cases/generated,friend-01,evidence[e-2].viewerDataByStage.1.chat.pages[0].messages[5].text,너한테 먼저 말 안 한 건 좀 이상하긴 하다.,It is a little strange that she didn’t tell you first.,あなたに先に言わなかったのは、少しおかしいね。,没有先告诉你，确实有点奇怪。,"Case metadata, character profile, dispute, evidence, solution, or evidence-viewer surface text. Party dialogue scripts are not included here."
case_surface_content_src_data_cases_generated_friend-01_evidence_e-2_.viewerDataByStage.1.chat.pages_0_.messages_6_.sender,case_surface_content,src/data/cases/generated,friend-01,evidence[e-2].viewerDataByStage.1.chat.pages[0].messages[6].sender,송다은,Song Da-eun,ソン・ダウン,宋多恩,"Case metadata, character profile, dispute, evidence, solution, or evidence-viewer surface text. Party dialogue scripts are not included here."
case_surface_content_src_data_cases_generated_friend-01_evidence_e-2_.viewerDataByStage.1.chat.pages_0_.messages_6_.text,case_surface_content,src/data/cases/generated,friend-01,evidence[e-2].viewerDataByStage.1.chat.pages[0].messages[6].text,예전에도 이런 식으로 사람 곤란하게 만든 적 있잖아. 나만 예민한 거 아니지?,"She’s put people in awkward positions like this before. I’m not the only one being sensitive, right?",前にもこういう形で人を困らせたことがあるでしょ。私だけが過敏なわけじゃないよね？,她以前也这样让别人为难过吧。不是只有我太敏感，对吧？,"Case metadata, character profile, dispute, evidence, solution, or evidence-viewer surface text. Party dialogue scripts are not included here."
case_surface_content_src_data_cases_generated_friend-01_evidence_e-2_.viewerDataByStage.1.chat.pages_0_.messages_7_.sender,case_surface_content,src/data/cases/generated,friend-01,evidence[e-2].viewerDataByStage.1.chat.pages[0].messages[7].sender,친구 1,Friend 1,友人1,朋友1,"Case metadata, character profile, dispute, evidence, solution, or evidence-viewer surface text. Party dialogue scripts are not included here."
case_surface_content_src_data_cases_generated_friend-01_evidence_e-2_.viewerDataByStage.1.chat.pages_0_.messages_7_.text,case_surface_content,src/data/cases/generated,friend-01,evidence[e-2].viewerDataByStage.1.chat.pages[0].messages[7].text,일단 캡처만 보면 다은이가 놀랄 만은 해 보여.,"Just from the screenshot, it does look like Da-eun had reason to be upset.",少なくともスクリーンショットだけ見ると、ダウンが驚くのも無理はないように見える。,只看截图的话，多恩会惊讶也不是没有理由。,"Case metadata, character profile, dispute, evidence, solution, or evidence-viewer surface text. Party dialogue scripts are not included here."
case_surface_content_src_data_cases_generated_friend-01_evidence_e-2_.viewerDataByStage.1.meta.legalLabel,case_surface_content,src/data/cases/generated,friend-01,evidence[e-2].viewerDataByStage.1.meta.legalLabel,적법,Legal,適法,合法,"Case metadata, character profile, dispute, evidence, solution, or evidence-viewer surface text. Party dialogue scripts are not included here."
case_surface_content_src_data_cases_generated_friend-01_evidence_e-2_.viewerDataByStage.1.meta.name,case_surface_content,src/data/cases/generated,friend-01,evidence[e-2].viewerDataByStage.1.meta.name,단톡방 캡처,Group Chat Screenshot,グループチャットのスクリーンショット,群聊截图,"Case metadata, character profile, dispute, evidence, solution, or evidence-viewer surface text. Party dialogue scripts are not included here."
case_surface_content_src_data_cases_generated_friend-01_evidence_e-2_.viewerDataByStage.1.meta.redactions_0,case_surface_content,src/data/cases/generated,friend-01,evidence[e-2].viewerDataByStage.1.meta.redactions[0],친구 이름 마스킹,Friend names masked,友人名をマスキング,朋友姓名遮盖,"Case metadata, character profile, dispute, evidence, solution, or evidence-viewer surface text. Party dialogue scripts are not included here."
case_surface_content_src_data_cases_generated_friend-01_evidence_e-2_.viewerDataByStage.1.meta.redactions_1,case_surface_content,src/data/cases/generated,friend-01,evidence[e-2].viewerDataByStage.1.meta.redactions[1],일부 발언 축약,Some remarks abbreviated,一部の発言を要約,部分发言节略,"Case metadata, character profile, dispute, evidence, solution, or evidence-viewer surface text. Party dialogue scripts are not included here."
case_surface_content_src_data_cases_generated_friend-01_evidence_e-2_.viewerDataByStage.1.meta.sourceLabel,case_surface_content,src/data/cases/generated,friend-01,evidence[e-2].viewerDataByStage.1.meta.sourceLabel,양측,Both Sides,双方,双方,"Case metadata, character profile, dispute, evidence, solution, or evidence-viewer surface text. Party dialogue scripts are not included here."
case_surface_content_src_data_cases_generated_friend-01_evidence_e-2_.viewerDataByStage.1.meta.stageLabel,case_surface_content,src/data/cases/generated,friend-01,evidence[e-2].viewerDataByStage.1.meta.stageLabel,1단계 — 최초 발언 공개,Stage 1 — First Statement Disclosed,1段階 — 最初の発言を公開,第1阶段——公开最初发言,"Case metadata, character profile, dispute, evidence, solution, or evidence-viewer surface text. Party dialogue scripts are not included here."
case_surface_content_src_data_cases_generated_friend-01_evidence_e-2_.viewerDataByStage.1.meta.trustLabel,case_surface_content,src/data/cases/generated,friend-01,evidence[e-2].viewerDataByStage.1.meta.trustLabel,보통,Normal,普通,普通,"Case metadata, character profile, dispute, evidence, solution, or evidence-viewer surface text. Party dialogue scripts are not included here."
case_surface_content_src_data_cases_generated_friend-01_evidence_e-2_.viewerDataByStage.2.chat.header,case_surface_content,src/data/cases/generated,friend-01,evidence[e-2].viewerDataByStage.2.chat.header,"인스타그램 DM 그룹 ""여벤저스"" — 2026.03.06 21:18",Instagram DM Group “She-vengers” — 2026.03.06 21:18,Instagram DMグループ「女子ベンジャーズ」— 2026.03.06 21:18,Instagram DM群“女复联” — 2026.03.06 21:18,"Case metadata, character profile, dispute, evidence, solution, or evidence-viewer surface text. Party dialogue scripts are not included here."
case_surface_content_src_data_cases_generated_friend-01_evidence_e-2_.viewerDataByStage.2.chat.messages_0_.text,case_surface_content,src/data/cases/generated,friend-01,evidence[e-2].viewerDataByStage.2.chat.messages[0].text,2026.03.06 21:18 · 단톡방 캡처 2쪽 / 반응 구간 확대,"2026.03.06 21:18 · Group chat screenshot, page 2 / reaction section expanded",2026.03.06 21:18 · グループチャットのスクリーンショット2ページ／反応部分を拡大,2026.03.06 21:18 · 群聊截图第2页 / 反应区段放大,"Case metadata, character profile, dispute, evidence, solution, or evidence-viewer surface text. Party dialogue scripts are not included here."
case_surface_content_src_data_cases_generated_friend-01_evidence_e-2_.viewerDataByStage.2.chat.messages_1_.sender,case_surface_content,src/data/cases/generated,friend-01,evidence[e-2].viewerDataByStage.2.chat.messages[1].sender,하은,Ha-eun,ハウン,夏恩,"Case metadata, character profile, dispute, evidence, solution, or evidence-viewer surface text. Party dialogue scripts are not included here."
case_surface_content_src_data_cases_generated_friend-01_evidence_e-2_.viewerDataByStage.2.chat.messages_1_.text,case_surface_content,src/data/cases/generated,friend-01,evidence[e-2].viewerDataByStage.2.chat.messages[1].text,아 걔 진짜 또 그래? 결혼 준비하는 사람한테 왜 그러는 거야.,Is she seriously doing that again? Why would she do that to someone preparing for marriage?,え、あの子また本当にそうなの？ 結婚準備してる人にどうしてそんなことするの。,啊，她真的又这样？为什么要对一个在准备结婚的人这样？,"Case metadata, character profile, dispute, evidence, solution, or evidence-viewer surface text. Party dialogue scripts are not included here."
case_surface_content_src_data_cases_generated_friend-01_evidence_e-2_.viewerDataByStage.2.chat.messages_2_.sender,case_surface_content,src/data/cases/generated,friend-01,evidence[e-2].viewerDataByStage.2.chat.messages[2].sender,유진,Yu-jin,ユジン,宥珍,"Case metadata, character profile, dispute, evidence, solution, or evidence-viewer surface text. Party dialogue scripts are not included here."
case_surface_content_src_data_cases_generated_friend-01_evidence_e-2_.viewerDataByStage.2.chat.messages_2_.text,case_surface_content,src/data/cases/generated,friend-01,evidence[e-2].viewerDataByStage.2.chat.messages[2].text,수민이는 선 넘는 걸 본인이 잘 모르는 것 같아. 예전에도 분위기 이상하게 만들었잖아.,I don’t think Su-min realizes when she crosses the line. She made things weird before too.,スミンは、自分が一線を越えていることにあまり気づいていないみたい。前にも空気を変にしたじゃない。,秀敏好像不太知道自己什么时候越界。以前也把气氛弄得很怪。,"Case metadata, character profile, dispute, evidence, solution, or evidence-viewer surface text. Party dialogue scripts are not included here."
case_surface_content_src_data_cases_generated_friend-01_evidence_e-2_.viewerDataByStage.2.chat.messages_3_.sender,case_surface_content,src/data/cases/generated,friend-01,evidence[e-2].viewerDataByStage.2.chat.messages[3].sender,송다은,Song Da-eun,ソン・ダウン,宋多恩,"Case metadata, character profile, dispute, evidence, solution, or evidence-viewer surface text. Party dialogue scripts are not included here."
case_surface_content_src_data_cases_generated_friend-01_evidence_e-2_.viewerDataByStage.2.chat.messages_3_.text,case_surface_content,src/data/cases/generated,friend-01,evidence[e-2].viewerDataByStage.2.chat.messages[3].text,나도 그래서 더 화가 나. 이번에는 그냥 넘어가면 안 될 것 같아.,That’s why I’m even angrier. I don’t think we can just let it slide this time.,だから私も余計に腹が立つ。今回はそのまま流しちゃいけないと思う。,所以我才更生气。这次不能就这么算了。,"Case metadata, character profile, dispute, evidence, solution, or evidence-viewer surface text. Party dialogue scripts are not included here."
case_surface_content_src_data_cases_generated_friend-01_evidence_e-2_.viewerDataByStage.2.chat.messages_4_.sender,case_surface_content,src/data/cases/generated,friend-01,evidence[e-2].viewerDataByStage.2.chat.messages[4].sender,송다은,Song Da-eun,ソン・ダウン,宋多恩,"Case metadata, character profile, dispute, evidence, solution, or evidence-viewer surface text. Party dialogue scripts are not included here."
case_surface_content_src_data_cases_generated_friend-01_evidence_e-2_.viewerDataByStage.2.chat.messages_4_.text,case_surface_content,src/data/cases/generated,friend-01,evidence[e-2].viewerDataByStage.2.chat.messages[4].text,"태윤이는 별거 아니라고 하는데, 나는 그 말도 못 믿겠어.","Tae-yun says it’s nothing, but I can’t believe that either.",テユンは大したことじゃないって言うけど、その言葉も信じられない。,泰允说没什么，但我连这话也信不了。,"Case metadata, character profile, dispute, evidence, solution, or evidence-viewer surface text. Party dialogue scripts are not included here."
case_surface_content_src_data_cases_generated_friend-01_evidence_e-2_.viewerDataByStage.2.chat.messages_5_.sender,case_surface_content,src/data/cases/generated,friend-01,evidence[e-2].viewerDataByStage.2.chat.messages[5].sender,소연,So-yeon,ソヨン,素妍,"Case metadata, character profile, dispute, evidence, solution, or evidence-viewer surface text. Party dialogue scripts are not included here."
case_surface_content_src_data_cases_generated_friend-01_evidence_e-2_.viewerDataByStage.2.chat.messages_5_.text,case_surface_content,src/data/cases/generated,friend-01,evidence[e-2].viewerDataByStage.2.chat.messages[5].text,그럼 수민이한테 직접 물어봤어?,Then did you ask Su-min directly?,じゃあ、スミンには直接聞いたの？,那你直接问秀敏了吗？,"Case metadata, character profile, dispute, evidence, solution, or evidence-viewer surface text. Party dialogue scripts are not included here."
case_surface_content_src_data_cases_generated_friend-01_evidence_e-2_.viewerDataByStage.2.chat.messages_6_.sender,case_surface_content,src/data/cases/generated,friend-01,evidence[e-2].viewerDataByStage.2.chat.messages[6].sender,송다은,Song Da-eun,ソン・ダウン,宋多恩,"Case metadata, character profile, dispute, evidence, solution, or evidence-viewer surface text. Party dialogue scripts are not included here."
case_surface_content_src_data_cases_generated_friend-01_evidence_e-2_.viewerDataByStage.2.chat.messages_6_.text,case_surface_content,src/data/cases/generated,friend-01,evidence[e-2].viewerDataByStage.2.chat.messages[6].text,아직. 지금 말 걸면 또 피해자처럼 굴 것 같아서 먼저 너희한테 말한 거야.,"Not yet. If I talk to her now, I think she’ll act like the victim again, so I told you first.",まだ。今話しかけたらまた被害者みたいに振る舞いそうだから、先にみんなに話したの。,还没有。现在去问她，她可能又会装成受害者，所以我先告诉你们。,"Case metadata, character profile, dispute, evidence, solution, or evidence-viewer surface text. Party dialogue scripts are not included here."
case_surface_content_src_data_cases_generated_friend-01_evidence_e-2_.viewerDataByStage.2.chat.messages_7_.sender,case_surface_content,src/data/cases/generated,friend-01,evidence[e-2].viewerDataByStage.2.chat.messages[7].sender,하은,Ha-eun,ハウン,夏恩,"Case metadata, character profile, dispute, evidence, solution, or evidence-viewer surface text. Party dialogue scripts are not included here."
case_surface_content_src_data_cases_generated_friend-01_evidence_e-2_.viewerDataByStage.2.chat.messages_7_.text,case_surface_content,src/data/cases/generated,friend-01,evidence[e-2].viewerDataByStage.2.chat.messages[7].text,그래도 직접 확인은 해야 하지 않아? 캡처만으로는 앞뒤를 모르잖아.,"Still, shouldn’t you confirm it directly? A screenshot alone doesn’t show the full context.",それでも直接確認はした方がいいんじゃない？ スクリーンショットだけでは前後がわからないでしょ。,但还是应该直接确认吧？光凭截图不知道前因后果。,"Case metadata, character profile, dispute, evidence, solution, or evidence-viewer surface text. Party dialogue scripts are not included here."
case_surface_content_src_data_cases_generated_friend-01_evidence_e-2_.viewerDataByStage.2.chat.messages_8_.sender,case_surface_content,src/data/cases/generated,friend-01,evidence[e-2].viewerDataByStage.2.chat.messages[8].sender,유진,Yu-jin,ユジン,宥珍,"Case metadata, character profile, dispute, evidence, solution, or evidence-viewer surface text. Party dialogue scripts are not included here."
case_surface_content_src_data_cases_generated_friend-01_evidence_e-2_.viewerDataByStage.2.chat.messages_8_.text,case_surface_content,src/data/cases/generated,friend-01,evidence[e-2].viewerDataByStage.2.chat.messages[8].text,근데 이미 다은이가 이 정도로 불안하면 수민이도 조심했어야지.,"But if Da-eun is already this anxious, Su-min should have been more careful too.",でも、ダウンがここまで不安になっているなら、スミンも気をつけるべきだったよ。,可是多恩都这么不安了，秀敏也应该更谨慎一点。,"Case metadata, character profile, dispute, evidence, solution, or evidence-viewer surface text. Party dialogue scripts are not included here."
case_surface_content_src_data_cases_generated_friend-01_evidence_e-2_.viewerDataByStage.2.chat.messages_9_.sender,case_surface_content,src/data/cases/generated,friend-01,evidence[e-2].viewerDataByStage.2.chat.messages[9].sender,송다은,Song Da-eun,ソン・ダウン,宋多恩,"Case metadata, character profile, dispute, evidence, solution, or evidence-viewer surface text. Party dialogue scripts are not included here."
case_surface_content_src_data_cases_generated_friend-01_evidence_e-2_.viewerDataByStage.2.chat.messages_9_.text,case_surface_content,src/data/cases/generated,friend-01,evidence[e-2].viewerDataByStage.2.chat.messages[9].text,맞아. 나는 지금 수민이가 또 내 사람한테 붙는 것처럼 느껴져.,"Right. Right now, it feels like Su-min is going after my man again.",そう。今はスミンがまた私の人に近づいているように感じる。,对。我现在感觉秀敏又在贴近我的人。,"Case metadata, character profile, dispute, evidence, solution, or evidence-viewer surface text. Party dialogue scripts are not included here."
case_surface_content_src_data_cases_generated_friend-01_evidence_e-2_.viewerDataByStage.2.chat.pages_0_.header,case_surface_content,src/data/cases/generated,friend-01,evidence[e-2].viewerDataByStage.2.chat.pages[0].header,"인스타그램 DM 그룹 ""여벤저스"" — 2026.03.06 21:14",Instagram DM Group “She-vengers” — 2026.03.06 21:14,Instagram DMグループ「女子ベンジャーズ」— 2026.03.06 21:14,Instagram DM群“女复联” — 2026.03.06 21:14,"Case metadata, character profile, dispute, evidence, solution, or evidence-viewer surface text. Party dialogue scripts are not included here."
case_surface_content_src_data_cases_generated_friend-01_evidence_e-2_.viewerDataByStage.2.chat.pages_0_.label,case_surface_content,src/data/cases/generated,friend-01,evidence[e-2].viewerDataByStage.2.chat.pages[0].label,1쪽 최초 발언,Page 1: First Statement,1ページ：最初の発言,第1页：最初发言,"Case metadata, character profile, dispute, evidence, solution, or evidence-viewer surface text. Party dialogue scripts are not included here."
case_surface_content_src_data_cases_generated_friend-01_evidence_e-2_.viewerDataByStage.2.chat.pages_0_.messages_0_.text,case_surface_content,src/data/cases/generated,friend-01,evidence[e-2].viewerDataByStage.2.chat.pages[0].messages[0].text,2026.03.06 21:14 · 단톡방 캡처 1쪽 / 일부 이름 마스킹,"2026.03.06 21:14 · Group chat screenshot, page 1 / some names masked",2026.03.06 21:14 · グループチャットのスクリーンショット1ページ／一部の名前をマスキング,2026.03.06 21:14 · 群聊截图第1页 / 部分姓名遮盖,"Case metadata, character profile, dispute, evidence, solution, or evidence-viewer surface text. Party dialogue scripts are not included here."
case_surface_content_src_data_cases_generated_friend-01_evidence_e-2_.viewerDataByStage.2.chat.pages_0_.messages_1_.sender,case_surface_content,src/data/cases/generated,friend-01,evidence[e-2].viewerDataByStage.2.chat.pages[0].messages[1].sender,송다은,Song Da-eun,ソン・ダウン,宋多恩,"Case metadata, character profile, dispute, evidence, solution, or evidence-viewer surface text. Party dialogue scripts are not included here."
case_surface_content_src_data_cases_generated_friend-01_evidence_e-2_.viewerDataByStage.2.chat.pages_0_.messages_1_.text,case_surface_content,src/data/cases/generated,friend-01,evidence[e-2].viewerDataByStage.2.chat.pages[0].messages[1].text,얘들아 나 진짜 손 떨려. 방금 태윤이 폰 알림을 봤는데 수민이 이름이 계속 떠 있었어.,"Guys, my hands are actually shaking. I just saw Tae-yun’s phone notifications, and Su-min’s name kept popping up.",みんな、私ほんとに手が震えてる。さっきテユンのスマホ通知を見たんだけど、スミンの名前がずっと出てたの。,姐妹们，我手真的在抖。我刚看到泰允手机的通知，秀敏的名字一直跳出来。,"Case metadata, character profile, dispute, evidence, solution, or evidence-viewer surface text. Party dialogue scripts are not included here."
case_surface_content_src_data_cases_generated_friend-01_evidence_e-2_.viewerDataByStage.2.chat.pages_0_.messages_2_.sender,case_surface_content,src/data/cases/generated,friend-01,evidence[e-2].viewerDataByStage.2.chat.pages[0].messages[2].sender,송다은,Song Da-eun,ソン・ダウン,宋多恩,"Case metadata, character profile, dispute, evidence, solution, or evidence-viewer surface text. Party dialogue scripts are not included here."
case_surface_content_src_data_cases_generated_friend-01_evidence_e-2_.viewerDataByStage.2.chat.pages_0_.messages_2_.text,case_surface_content,src/data/cases/generated,friend-01,evidence[e-2].viewerDataByStage.2.chat.pages[0].messages[2].text,나한테는 아무 말도 안 해놓고 왜 내 예비신랑한테만 연락하는지 모르겠어.,She didn’t say anything to me. I don’t know why she’s only contacting my fiancé.,私には何も言わないで、どうして私の婚約者にだけ連絡するのかわからない。,她什么都没跟我说，却只联系我的未婚夫，我真不知道为什么。,"Case metadata, character profile, dispute, evidence, solution, or evidence-viewer surface text. Party dialogue scripts are not included here."
case_surface_content_src_data_cases_generated_friend-01_evidence_e-2_.viewerDataByStage.2.chat.pages_0_.messages_3_.sender,case_surface_content,src/data/cases/generated,friend-01,evidence[e-2].viewerDataByStage.2.chat.pages[0].messages[3].sender,친구 1,Friend 1,友人1,朋友1,"Case metadata, character profile, dispute, evidence, solution, or evidence-viewer surface text. Party dialogue scripts are not included here."
case_surface_content_src_data_cases_generated_friend-01_evidence_e-2_.viewerDataByStage.2.chat.pages_0_.messages_3_.text,case_surface_content,src/data/cases/generated,friend-01,evidence[e-2].viewerDataByStage.2.chat.pages[0].messages[3].text,"잠깐, 정확히 무슨 내용이었는데?","Wait, what exactly was it about?",待って、正確にはどんな内容だったの？,等一下，具体是什么内容？,"Case metadata, character profile, dispute, evidence, solution, or evidence-viewer surface text. Party dialogue scripts are not included here."
case_surface_content_src_data_cases_generated_friend-01_evidence_e-2_.viewerDataByStage.2.chat.pages_0_.messages_4_.sender,case_surface_content,src/data/cases/generated,friend-01,evidence[e-2].viewerDataByStage.2.chat.pages[0].messages[4].sender,송다은,Song Da-eun,ソン・ダウン,宋多恩,"Case metadata, character profile, dispute, evidence, solution, or evidence-viewer surface text. Party dialogue scripts are not included here."
case_surface_content_src_data_cases_generated_friend-01_evidence_e-2_.viewerDataByStage.2.chat.pages_0_.messages_4_.text,case_surface_content,src/data/cases/generated,friend-01,evidence[e-2].viewerDataByStage.2.chat.pages[0].messages[4].text,통화 기록도 있고 문자도 여러 번이야. 그냥 안부 수준으로 보이진 않았어.,There were call logs and several texts. It didn’t look like a simple check-in.,通話記録もあるし、メッセージも何度もある。ただの近況確認には見えなかった。,有通话记录，也有好几条短信。看起来不像只是问候。,"Case metadata, character profile, dispute, evidence, solution, or evidence-viewer surface text. Party dialogue scripts are not included here."
case_surface_content_src_data_cases_generated_friend-01_evidence_e-2_.viewerDataByStage.2.chat.pages_0_.messages_5_.sender,case_surface_content,src/data/cases/generated,friend-01,evidence[e-2].viewerDataByStage.2.chat.pages[0].messages[5].sender,친구 2,Friend 2,友人2,朋友2,"Case metadata, character profile, dispute, evidence, solution, or evidence-viewer surface text. Party dialogue scripts are not included here."
case_surface_content_src_data_cases_generated_friend-01_evidence_e-2_.viewerDataByStage.2.chat.pages_0_.messages_5_.text,case_surface_content,src/data/cases/generated,friend-01,evidence[e-2].viewerDataByStage.2.chat.pages[0].messages[5].text,너한테 먼저 말 안 한 건 좀 이상하긴 하다.,It is a little strange that she didn’t tell you first.,あなたに先に言わなかったのは、少しおかしいね。,没有先告诉你，确实有点奇怪。,"Case metadata, character profile, dispute, evidence, solution, or evidence-viewer surface text. Party dialogue scripts are not included here."
case_surface_content_src_data_cases_generated_friend-01_evidence_e-2_.viewerDataByStage.2.chat.pages_0_.messages_6_.sender,case_surface_content,src/data/cases/generated,friend-01,evidence[e-2].viewerDataByStage.2.chat.pages[0].messages[6].sender,송다은,Song Da-eun,ソン・ダウン,宋多恩,"Case metadata, character profile, dispute, evidence, solution, or evidence-viewer surface text. Party dialogue scripts are not included here."
case_surface_content_src_data_cases_generated_friend-01_evidence_e-2_.viewerDataByStage.2.chat.pages_0_.messages_6_.text,case_surface_content,src/data/cases/generated,friend-01,evidence[e-2].viewerDataByStage.2.chat.pages[0].messages[6].text,예전에도 이런 식으로 사람 곤란하게 만든 적 있잖아. 나만 예민한 거 아니지?,"She’s put people in awkward positions like this before. I’m not the only one being sensitive, right?",前にもこういう形で人を困らせたことがあるでしょ。私だけが過敏なわけじゃないよね？,她以前也这样让别人为难过吧。不是只有我太敏感，对吧？,"Case metadata, character profile, dispute, evidence, solution, or evidence-viewer surface text. Party dialogue scripts are not included here."
case_surface_content_src_data_cases_generated_friend-01_evidence_e-2_.viewerDataByStage.2.chat.pages_0_.messages_7_.sender,case_surface_content,src/data/cases/generated,friend-01,evidence[e-2].viewerDataByStage.2.chat.pages[0].messages[7].sender,친구 1,Friend 1,友人1,朋友1,"Case metadata, character profile, dispute, evidence, solution, or evidence-viewer surface text. Party dialogue scripts are not included here."
case_surface_content_src_data_cases_generated_friend-01_evidence_e-2_.viewerDataByStage.2.chat.pages_0_.messages_7_.text,case_surface_content,src/data/cases/generated,friend-01,evidence[e-2].viewerDataByStage.2.chat.pages[0].messages[7].text,일단 캡처만 보면 다은이가 놀랄 만은 해 보여.,"Just from the screenshot, it does look like Da-eun had reason to be upset.",少なくともスクリーンショットだけ見ると、ダウンが驚くのも無理はないように見える。,只看截图的话，多恩会惊讶也不是没有理由。,"Case metadata, character profile, dispute, evidence, solution, or evidence-viewer surface text. Party dialogue scripts are not included here."
case_surface_content_src_data_cases_generated_friend-01_evidence_e-2_.viewerDataByStage.2.chat.pages_1_.header,case_surface_content,src/data/cases/generated,friend-01,evidence[e-2].viewerDataByStage.2.chat.pages[1].header,"인스타그램 DM 그룹 ""여벤저스"" — 2026.03.06 21:18",Instagram DM Group “She-vengers” — 2026.03.06 21:18,Instagram DMグループ「女子ベンジャーズ」— 2026.03.06 21:18,Instagram DM群“女复联” — 2026.03.06 21:18,"Case metadata, character profile, dispute, evidence, solution, or evidence-viewer surface text. Party dialogue scripts are not included here."
case_surface_content_src_data_cases_generated_friend-01_evidence_e-2_.viewerDataByStage.2.chat.pages_1_.label,case_surface_content,src/data/cases/generated,friend-01,evidence[e-2].viewerDataByStage.2.chat.pages[1].label,2쪽 확산 반응,Page 2: Spreading Reactions,2ページ：拡散反応,第2页：扩散反应,"Case metadata, character profile, dispute, evidence, solution, or evidence-viewer surface text. Party dialogue scripts are not included here."
case_surface_content_src_data_cases_generated_friend-01_evidence_e-2_.viewerDataByStage.2.chat.pages_1_.messages_0_.text,case_surface_content,src/data/cases/generated,friend-01,evidence[e-2].viewerDataByStage.2.chat.pages[1].messages[0].text,2026.03.06 21:18 · 단톡방 캡처 2쪽 / 반응 구간 확대,"2026.03.06 21:18 · Group chat screenshot, page 2 / reaction section expanded",2026.03.06 21:18 · グループチャットのスクリーンショット2ページ／反応部分を拡大,2026.03.06 21:18 · 群聊截图第2页 / 反应区段放大,"Case metadata, character profile, dispute, evidence, solution, or evidence-viewer surface text. Party dialogue scripts are not included here."
case_surface_content_src_data_cases_generated_friend-01_evidence_e-2_.viewerDataByStage.2.chat.pages_1_.messages_1_.sender,case_surface_content,src/data/cases/generated,friend-01,evidence[e-2].viewerDataByStage.2.chat.pages[1].messages[1].sender,하은,Ha-eun,ハウン,夏恩,"Case metadata, character profile, dispute, evidence, solution, or evidence-viewer surface text. Party dialogue scripts are not included here."
case_surface_content_src_data_cases_generated_friend-01_evidence_e-2_.viewerDataByStage.2.chat.pages_1_.messages_1_.text,case_surface_content,src/data/cases/generated,friend-01,evidence[e-2].viewerDataByStage.2.chat.pages[1].messages[1].text,아 걔 진짜 또 그래? 결혼 준비하는 사람한테 왜 그러는 거야.,Is she seriously doing that again? Why would she do that to someone preparing for marriage?,え、あの子また本当にそうなの？ 結婚準備してる人にどうしてそんなことするの。,啊，她真的又这样？为什么要对一个在准备结婚的人这样？,"Case metadata, character profile, dispute, evidence, solution, or evidence-viewer surface text. Party dialogue scripts are not included here."
case_surface_content_src_data_cases_generated_friend-01_evidence_e-2_.viewerDataByStage.2.chat.pages_1_.messages_2_.sender,case_surface_content,src/data/cases/generated,friend-01,evidence[e-2].viewerDataByStage.2.chat.pages[1].messages[2].sender,유진,Yu-jin,ユジン,宥珍,"Case metadata, character profile, dispute, evidence, solution, or evidence-viewer surface text. Party dialogue scripts are not included here."
case_surface_content_src_data_cases_generated_friend-01_evidence_e-2_.viewerDataByStage.2.chat.pages_1_.messages_2_.text,case_surface_content,src/data/cases/generated,friend-01,evidence[e-2].viewerDataByStage.2.chat.pages[1].messages[2].text,수민이는 선 넘는 걸 본인이 잘 모르는 것 같아. 예전에도 분위기 이상하게 만들었잖아.,I don’t think Su-min realizes when she crosses the line. She made things weird before too.,スミンは、自分が一線を越えていることにあまり気づいていないみたい。前にも空気を変にしたじゃない。,秀敏好像不太知道自己什么时候越界。以前也把气氛弄得很怪。,"Case metadata, character profile, dispute, evidence, solution, or evidence-viewer surface text. Party dialogue scripts are not included here."
case_surface_content_src_data_cases_generated_friend-01_evidence_e-2_.viewerDataByStage.2.chat.pages_1_.messages_3_.sender,case_surface_content,src/data/cases/generated,friend-01,evidence[e-2].viewerDataByStage.2.chat.pages[1].messages[3].sender,송다은,Song Da-eun,ソン・ダウン,宋多恩,"Case metadata, character profile, dispute, evidence, solution, or evidence-viewer surface text. Party dialogue scripts are not included here."
case_surface_content_src_data_cases_generated_friend-01_evidence_e-2_.viewerDataByStage.2.chat.pages_1_.messages_3_.text,case_surface_content,src/data/cases/generated,friend-01,evidence[e-2].viewerDataByStage.2.chat.pages[1].messages[3].text,나도 그래서 더 화가 나. 이번에는 그냥 넘어가면 안 될 것 같아.,That’s why I’m even angrier. I don’t think we can just let it slide this time.,だから私も余計に腹が立つ。今回はそのまま流しちゃいけないと思う。,所以我才更生气。这次不能就这么算了。,"Case metadata, character profile, dispute, evidence, solution, or evidence-viewer surface text. Party dialogue scripts are not included here."
case_surface_content_src_data_cases_generated_friend-01_evidence_e-2_.viewerDataByStage.2.chat.pages_1_.messages_4_.sender,case_surface_content,src/data/cases/generated,friend-01,evidence[e-2].viewerDataByStage.2.chat.pages[1].messages[4].sender,송다은,Song Da-eun,ソン・ダウン,宋多恩,"Case metadata, character profile, dispute, evidence, solution, or evidence-viewer surface text. Party dialogue scripts are not included here."
case_surface_content_src_data_cases_generated_friend-01_evidence_e-2_.viewerDataByStage.2.chat.pages_1_.messages_4_.text,case_surface_content,src/data/cases/generated,friend-01,evidence[e-2].viewerDataByStage.2.chat.pages[1].messages[4].text,"태윤이는 별거 아니라고 하는데, 나는 그 말도 못 믿겠어.","Tae-yun says it’s nothing, but I can’t believe that either.",テユンは大したことじゃないって言うけど、その言葉も信じられない。,泰允说没什么，但我连这话也信不了。,"Case metadata, character profile, dispute, evidence, solution, or evidence-viewer surface text. Party dialogue scripts are not included here."
case_surface_content_src_data_cases_generated_friend-01_evidence_e-2_.viewerDataByStage.2.chat.pages_1_.messages_5_.sender,case_surface_content,src/data/cases/generated,friend-01,evidence[e-2].viewerDataByStage.2.chat.pages[1].messages[5].sender,소연,So-yeon,ソヨン,素妍,"Case metadata, character profile, dispute, evidence, solution, or evidence-viewer surface text. Party dialogue scripts are not included here."
case_surface_content_src_data_cases_generated_friend-01_evidence_e-2_.viewerDataByStage.2.chat.pages_1_.messages_5_.text,case_surface_content,src/data/cases/generated,friend-01,evidence[e-2].viewerDataByStage.2.chat.pages[1].messages[5].text,그럼 수민이한테 직접 물어봤어?,Then did you ask Su-min directly?,じゃあ、スミンには直接聞いたの？,那你直接问秀敏了吗？,"Case metadata, character profile, dispute, evidence, solution, or evidence-viewer surface text. Party dialogue scripts are not included here."
case_surface_content_src_data_cases_generated_friend-01_evidence_e-2_.viewerDataByStage.2.chat.pages_1_.messages_6_.sender,case_surface_content,src/data/cases/generated,friend-01,evidence[e-2].viewerDataByStage.2.chat.pages[1].messages[6].sender,송다은,Song Da-eun,ソン・ダウン,宋多恩,"Case metadata, character profile, dispute, evidence, solution, or evidence-viewer surface text. Party dialogue scripts are not included here."
case_surface_content_src_data_cases_generated_friend-01_evidence_e-2_.viewerDataByStage.2.chat.pages_1_.messages_6_.text,case_surface_content,src/data/cases/generated,friend-01,evidence[e-2].viewerDataByStage.2.chat.pages[1].messages[6].text,아직. 지금 말 걸면 또 피해자처럼 굴 것 같아서 먼저 너희한테 말한 거야.,"Not yet. If I talk to her now, I think she’ll act like the victim again, so I told you first.",まだ。今話しかけたらまた被害者みたいに振る舞いそうだから、先にみんなに話したの。,还没有。现在去问她，她可能又会装成受害者，所以我先告诉你们。,"Case metadata, character profile, dispute, evidence, solution, or evidence-viewer surface text. Party dialogue scripts are not included here."
case_surface_content_src_data_cases_generated_friend-01_evidence_e-2_.viewerDataByStage.2.chat.pages_1_.messages_7_.sender,case_surface_content,src/data/cases/generated,friend-01,evidence[e-2].viewerDataByStage.2.chat.pages[1].messages[7].sender,하은,Ha-eun,ハウン,夏恩,"Case metadata, character profile, dispute, evidence, solution, or evidence-viewer surface text. Party dialogue scripts are not included here."
case_surface_content_src_data_cases_generated_friend-01_evidence_e-2_.viewerDataByStage.2.chat.pages_1_.messages_7_.text,case_surface_content,src/data/cases/generated,friend-01,evidence[e-2].viewerDataByStage.2.chat.pages[1].messages[7].text,그래도 직접 확인은 해야 하지 않아? 캡처만으로는 앞뒤를 모르잖아.,"Still, shouldn’t you confirm it directly? A screenshot alone doesn’t show the full context.",それでも直接確認はした方がいいんじゃない？ スクリーンショットだけでは前後がわからないでしょ。,但还是应该直接确认吧？光凭截图不知道前因后果。,"Case metadata, character profile, dispute, evidence, solution, or evidence-viewer surface text. Party dialogue scripts are not included here."
case_surface_content_src_data_cases_generated_friend-01_evidence_e-2_.viewerDataByStage.2.chat.pages_1_.messages_8_.sender,case_surface_content,src/data/cases/generated,friend-01,evidence[e-2].viewerDataByStage.2.chat.pages[1].messages[8].sender,유진,Yu-jin,ユジン,宥珍,"Case metadata, character profile, dispute, evidence, solution, or evidence-viewer surface text. Party dialogue scripts are not included here."
case_surface_content_src_data_cases_generated_friend-01_evidence_e-2_.viewerDataByStage.2.chat.pages_1_.messages_8_.text,case_surface_content,src/data/cases/generated,friend-01,evidence[e-2].viewerDataByStage.2.chat.pages[1].messages[8].text,근데 이미 다은이가 이 정도로 불안하면 수민이도 조심했어야지.,"But if Da-eun is already this anxious, Su-min should have been more careful too.",でも、ダウンがここまで不安になっているなら、スミンも気をつけるべきだったよ。,可是多恩都这么不安了，秀敏也应该更谨慎一点。,"Case metadata, character profile, dispute, evidence, solution, or evidence-viewer surface text. Party dialogue scripts are not included here."
case_surface_content_src_data_cases_generated_friend-01_evidence_e-2_.viewerDataByStage.2.chat.pages_1_.messages_9_.sender,case_surface_content,src/data/cases/generated,friend-01,evidence[e-2].viewerDataByStage.2.chat.pages[1].messages[9].sender,송다은,Song Da-eun,ソン・ダウン,宋多恩,"Case metadata, character profile, dispute, evidence, solution, or evidence-viewer surface text. Party dialogue scripts are not included here."
case_surface_content_src_data_cases_generated_friend-01_evidence_e-2_.viewerDataByStage.2.chat.pages_1_.messages_9_.text,case_surface_content,src/data/cases/generated,friend-01,evidence[e-2].viewerDataByStage.2.chat.pages[1].messages[9].text,맞아. 나는 지금 수민이가 또 내 사람한테 붙는 것처럼 느껴져.,"Right. Right now, it feels like Su-min is going after my man again.",そう。今はスミンがまた私の人に近づいているように感じる。,对。我现在感觉秀敏又在贴近我的人。,"Case metadata, character profile, dispute, evidence, solution, or evidence-viewer surface text. Party dialogue scripts are not included here."
case_surface_content_src_data_cases_generated_friend-01_evidence_e-2_.viewerDataByStage.2.meta.legalLabel,case_surface_content,src/data/cases/generated,friend-01,evidence[e-2].viewerDataByStage.2.meta.legalLabel,적법,Legal,適法,合法,"Case metadata, character profile, dispute, evidence, solution, or evidence-viewer surface text. Party dialogue scripts are not included here."
case_surface_content_src_data_cases_generated_friend-01_evidence_e-2_.viewerDataByStage.2.meta.name,case_surface_content,src/data/cases/generated,friend-01,evidence[e-2].viewerDataByStage.2.meta.name,단톡방 캡처,Group Chat Screenshot,グループチャットのスクリーンショット,群聊截图,"Case metadata, character profile, dispute, evidence, solution, or evidence-viewer surface text. Party dialogue scripts are not included here."
case_surface_content_src_data_cases_generated_friend-01_evidence_e-2_.viewerDataByStage.2.meta.redactions_0,case_surface_content,src/data/cases/generated,friend-01,evidence[e-2].viewerDataByStage.2.meta.redactions[0],친구 이름 일부 마스킹,Friend names partially masked,友人名を一部マスキング,朋友姓名部分遮盖,"Case metadata, character profile, dispute, evidence, solution, or evidence-viewer surface text. Party dialogue scripts are not included here."
case_surface_content_src_data_cases_generated_friend-01_evidence_e-2_.viewerDataByStage.2.meta.sourceLabel,case_surface_content,src/data/cases/generated,friend-01,evidence[e-2].viewerDataByStage.2.meta.sourceLabel,양측,Both Sides,双方,双方,"Case metadata, character profile, dispute, evidence, solution, or evidence-viewer surface text. Party dialogue scripts are not included here."
case_surface_content_src_data_cases_generated_friend-01_evidence_e-2_.viewerDataByStage.2.meta.stageLabel,case_surface_content,src/data/cases/generated,friend-01,evidence[e-2].viewerDataByStage.2.meta.stageLabel,2단계 — 동조 반응 추가,Stage 2 — Agreeing Reactions Added,2段階 — 同調反応を追加,第2阶段——追加附和反应,"Case metadata, character profile, dispute, evidence, solution, or evidence-viewer surface text. Party dialogue scripts are not included here."
case_surface_content_src_data_cases_generated_friend-01_evidence_e-2_.viewerDataByStage.2.meta.trustLabel,case_surface_content,src/data/cases/generated,friend-01,evidence[e-2].viewerDataByStage.2.meta.trustLabel,보통,Normal,普通,普通,"Case metadata, character profile, dispute, evidence, solution, or evidence-viewer surface text. Party dialogue scripts are not included here."
case_surface_content_src_data_cases_generated_friend-01_evidence_e-2_.viewerDataByStage.3.chat.header,case_surface_content,src/data/cases/generated,friend-01,evidence[e-2].viewerDataByStage.3.chat.header,"인스타그램 DM 그룹 ""여벤저스"" — 2026.03.06 21:24",Instagram DM Group “She-vengers” — 2026.03.06 21:24,Instagram DMグループ「女子ベンジャーズ」— 2026.03.06 21:24,Instagram DM群“女复联” — 2026.03.06 21:24,"Case metadata, character profile, dispute, evidence, solution, or evidence-viewer surface text. Party dialogue scripts are not included here."
case_surface_content_src_data_cases_generated_friend-01_evidence_e-2_.viewerDataByStage.3.chat.messages_0_.text,case_surface_content,src/data/cases/generated,friend-01,evidence[e-2].viewerDataByStage.3.chat.messages[0].text,2026.03.06 21:24 · 원본 대조본 / 직접 확인 전 공유 순서 확인,2026.03.06 21:24 · Original comparison / confirms sharing order before direct verification,2026.03.06 21:24 · 原文対照版／直接確認前の共有順序を確認,2026.03.06 21:24 · 原文对照本 / 确认直接核实前的分享顺序,"Case metadata, character profile, dispute, evidence, solution, or evidence-viewer surface text. Party dialogue scripts are not included here."
case_surface_content_src_data_cases_generated_friend-01_evidence_e-2_.viewerDataByStage.3.chat.messages_1_.sender,case_surface_content,src/data/cases/generated,friend-01,evidence[e-2].viewerDataByStage.3.chat.messages[1].sender,김세라,Kim Se-ra,キム・セラ,金世罗,"Case metadata, character profile, dispute, evidence, solution, or evidence-viewer surface text. Party dialogue scripts are not included here."
case_surface_content_src_data_cases_generated_friend-01_evidence_e-2_.viewerDataByStage.3.chat.messages_1_.text,case_surface_content,src/data/cases/generated,friend-01,evidence[e-2].viewerDataByStage.3.chat.messages[1].text,"다은아, 수민이가 왜 연락했는지는 확인한 거야? 혹시 태윤이가 먼저 연락한 건 아니고?","Da-eun, did you check why Su-min contacted him? Are you sure Tae-yun didn’t contact her first?",ダウン、スミンがなぜ連絡したのか確認したの？ もしかしてテユンが先に連絡したんじゃないの？,多恩，你确认过秀敏为什么联系他了吗？会不会是泰允先联系她的？,"Case metadata, character profile, dispute, evidence, solution, or evidence-viewer surface text. Party dialogue scripts are not included here."
case_surface_content_src_data_cases_generated_friend-01_evidence_e-2_.viewerDataByStage.3.chat.messages_10_.sender,case_surface_content,src/data/cases/generated,friend-01,evidence[e-2].viewerDataByStage.3.chat.messages[10].sender,송다은,Song Da-eun,ソン・ダウン,宋多恩,"Case metadata, character profile, dispute, evidence, solution, or evidence-viewer surface text. Party dialogue scripts are not included here."
case_surface_content_src_data_cases_generated_friend-01_evidence_e-2_.viewerDataByStage.3.chat.messages_10_.text,case_surface_content,src/data/cases/generated,friend-01,evidence[e-2].viewerDataByStage.3.chat.messages[10].text,응. 근데 지금은 수민이가 선 넘은 게 맞다고 생각해.,"Yeah. But right now, I think Su-min really did cross the line.",うん。でも今は、スミンが一線を越えたのは確かだと思う。,嗯。但现在我觉得秀敏确实越界了。,"Case metadata, character profile, dispute, evidence, solution, or evidence-viewer surface text. Party dialogue scripts are not included here."
case_surface_content_src_data_cases_generated_friend-01_evidence_e-2_.viewerDataByStage.3.chat.messages_2_.sender,case_surface_content,src/data/cases/generated,friend-01,evidence[e-2].viewerDataByStage.3.chat.messages[2].sender,송다은,Song Da-eun,ソン・ダウン,宋多恩,"Case metadata, character profile, dispute, evidence, solution, or evidence-viewer surface text. Party dialogue scripts are not included here."
case_surface_content_src_data_cases_generated_friend-01_evidence_e-2_.viewerDataByStage.3.chat.messages_2_.text,case_surface_content,src/data/cases/generated,friend-01,evidence[e-2].viewerDataByStage.3.chat.messages[2].text,아직 수민이한테 직접 묻진 않았어. 물어보면 또 오해라고 할 게 뻔하니까.,"I haven’t asked Su-min directly yet. If I ask, she’ll obviously say it’s another misunderstanding.",まだスミンには直接聞いてない。聞いたら、また誤解だって言うに決まってるから。,我还没直接问秀敏。因为一问，她肯定又会说是误会。,"Case metadata, character profile, dispute, evidence, solution, or evidence-viewer surface text. Party dialogue scripts are not included here."
case_surface_content_src_data_cases_generated_friend-01_evidence_e-2_.viewerDataByStage.3.chat.messages_3_.sender,case_surface_content,src/data/cases/generated,friend-01,evidence[e-2].viewerDataByStage.3.chat.messages[3].sender,송다은,Song Da-eun,ソン・ダウン,宋多恩,"Case metadata, character profile, dispute, evidence, solution, or evidence-viewer surface text. Party dialogue scripts are not included here."
case_surface_content_src_data_cases_generated_friend-01_evidence_e-2_.viewerDataByStage.3.chat.messages_3_.text,case_surface_content,src/data/cases/generated,friend-01,evidence[e-2].viewerDataByStage.3.chat.messages[3].text,그래도 이건 너희가 알아야 할 것 같아서 먼저 올린 거야. 나 혼자 예민한 사람 되기 싫어.,"Still, I thought you all should know, so I posted it first. I don’t want to be the only one who looks oversensitive.",でも、これはみんなも知っておくべきだと思って先に上げたの。私だけが神経質な人みたいになるのは嫌だから。,可是我觉得你们也该知道，所以先发上来了。我不想一个人被当成太敏感。,"Case metadata, character profile, dispute, evidence, solution, or evidence-viewer surface text. Party dialogue scripts are not included here."
case_surface_content_src_data_cases_generated_friend-01_evidence_e-2_.viewerDataByStage.3.chat.messages_4_.sender,case_surface_content,src/data/cases/generated,friend-01,evidence[e-2].viewerDataByStage.3.chat.messages[4].sender,소연,So-yeon,ソヨン,素妍,"Case metadata, character profile, dispute, evidence, solution, or evidence-viewer surface text. Party dialogue scripts are not included here."
case_surface_content_src_data_cases_generated_friend-01_evidence_e-2_.viewerDataByStage.3.chat.messages_4_.text,case_surface_content,src/data/cases/generated,friend-01,evidence[e-2].viewerDataByStage.3.chat.messages[4].text,직접 확인 전이면 말은 조금 조심해야 할 것 같아. 단정해서 퍼지면 돌이키기 어렵잖아.,"If you haven’t checked directly yet, you should be careful with your words. Once it spreads as a conclusion, it’s hard to take back.",直接確認する前なら、言い方には少し気をつけた方がいいと思う。決めつけて広がったら取り返しがつかないでしょ。,如果还没直接确认，说话还是要谨慎一点。一旦被当成定论传开，就很难挽回了。,"Case metadata, character profile, dispute, evidence, solution, or evidence-viewer surface text. Party dialogue scripts are not included here."
case_surface_content_src_data_cases_generated_friend-01_evidence_e-2_.viewerDataByStage.3.chat.messages_5_.sender,case_surface_content,src/data/cases/generated,friend-01,evidence[e-2].viewerDataByStage.3.chat.messages[5].sender,하은,Ha-eun,ハウン,夏恩,"Case metadata, character profile, dispute, evidence, solution, or evidence-viewer surface text. Party dialogue scripts are not included here."
case_surface_content_src_data_cases_generated_friend-01_evidence_e-2_.viewerDataByStage.3.chat.messages_5_.text,case_surface_content,src/data/cases/generated,friend-01,evidence[e-2].viewerDataByStage.3.chat.messages[5].text,근데 이미 방 분위기는 수민이가 잘못한 걸로 가고 있어.,But the mood in the chat is already turning toward “Su-min did something wrong.”,でも、もうグループの空気はスミンが悪いって方向に流れてるよ。,可是群里的气氛已经在往“秀敏做错了”的方向走了。,"Case metadata, character profile, dispute, evidence, solution, or evidence-viewer surface text. Party dialogue scripts are not included here."
case_surface_content_src_data_cases_generated_friend-01_evidence_e-2_.viewerDataByStage.3.chat.messages_6_.sender,case_surface_content,src/data/cases/generated,friend-01,evidence[e-2].viewerDataByStage.3.chat.messages[6].sender,송다은,Song Da-eun,ソン・ダウン,宋多恩,"Case metadata, character profile, dispute, evidence, solution, or evidence-viewer surface text. Party dialogue scripts are not included here."
case_surface_content_src_data_cases_generated_friend-01_evidence_e-2_.viewerDataByStage.3.chat.messages_6_.text,case_surface_content,src/data/cases/generated,friend-01,evidence[e-2].viewerDataByStage.3.chat.messages[6].text,내가 괜히 말한 건 아니야. 수민이는 예전에도 비슷한 일에서 끝까지 설명 안 했어.,I didn’t say this for no reason. Su-min refused to explain to the end in a similar situation before too.,私が理由もなく言ったわけじゃない。スミンは前にも似たような件で最後まで説明しなかった。,我不是无缘无故这么说。秀敏以前遇到类似的事，也一直没有解释到最后。,"Case metadata, character profile, dispute, evidence, solution, or evidence-viewer surface text. Party dialogue scripts are not included here."
case_surface_content_src_data_cases_generated_friend-01_evidence_e-2_.viewerDataByStage.3.chat.messages_7_.sender,case_surface_content,src/data/cases/generated,friend-01,evidence[e-2].viewerDataByStage.3.chat.messages[7].sender,김세라,Kim Se-ra,キム・セラ,金世罗,"Case metadata, character profile, dispute, evidence, solution, or evidence-viewer surface text. Party dialogue scripts are not included here."
case_surface_content_src_data_cases_generated_friend-01_evidence_e-2_.viewerDataByStage.3.chat.messages_7_.text,case_surface_content,src/data/cases/generated,friend-01,evidence[e-2].viewerDataByStage.3.chat.messages[7].text,그 예전 일이랑 이번 연락이 같은 일인지는 따로 봐야 하지 않을까.,Shouldn’t we look separately at whether that old incident and this contact are really the same thing?,その昔の件と今回の連絡が同じことなのかは、別に見た方がいいんじゃない？,那件旧事和这次联系是不是同一回事，不该分开看吗？,"Case metadata, character profile, dispute, evidence, solution, or evidence-viewer surface text. Party dialogue scripts are not included here."
case_surface_content_src_data_cases_generated_friend-01_evidence_e-2_.viewerDataByStage.3.chat.messages_8_.sender,case_surface_content,src/data/cases/generated,friend-01,evidence[e-2].viewerDataByStage.3.chat.messages[8].sender,송다은,Song Da-eun,ソン・ダウン,宋多恩,"Case metadata, character profile, dispute, evidence, solution, or evidence-viewer surface text. Party dialogue scripts are not included here."
case_surface_content_src_data_cases_generated_friend-01_evidence_e-2_.viewerDataByStage.3.chat.messages_8_.text,case_surface_content,src/data/cases/generated,friend-01,evidence[e-2].viewerDataByStage.3.chat.messages[8].text,나는 지금 결혼 앞두고 또 이런 얘기 듣는 게 너무 지쳐. 태윤이한테는 내가 먼저 정리하라고 할게.,I’m exhausted hearing this again right before my wedding. I’ll tell Tae-yun to handle it first.,結婚を控えて、またこんな話を聞くのは本当に疲れる。テユンには私から先に整理するよう言う。,马上要结婚了又听到这种事，我真的很累。我会先让泰允把这件事处理好。,"Case metadata, character profile, dispute, evidence, solution, or evidence-viewer surface text. Party dialogue scripts are not included here."
case_surface_content_src_data_cases_generated_friend-01_evidence_e-2_.viewerDataByStage.3.chat.messages_9_.sender,case_surface_content,src/data/cases/generated,friend-01,evidence[e-2].viewerDataByStage.3.chat.messages[9].sender,유진,Yu-jin,ユジン,宥珍,"Case metadata, character profile, dispute, evidence, solution, or evidence-viewer surface text. Party dialogue scripts are not included here."
case_surface_content_src_data_cases_generated_friend-01_evidence_e-2_.viewerDataByStage.3.chat.messages_9_.text,case_surface_content,src/data/cases/generated,friend-01,evidence[e-2].viewerDataByStage.3.chat.messages[9].text,알겠어. 다만 나중에 사실이 다르면 방에 정정도 해야 해.,"Okay. But if the facts turn out to be different later, you need to correct it in the chat too.",わかった。ただ、後で事実が違ったら、グループにも訂正を入れないといけないよ。,明白。但如果之后事实不一样，也必须在群里更正。,"Case metadata, character profile, dispute, evidence, solution, or evidence-viewer surface text. Party dialogue scripts are not included here."
case_surface_content_src_data_cases_generated_friend-01_evidence_e-2_.viewerDataByStage.3.chat.pages_0_.header,case_surface_content,src/data/cases/generated,friend-01,evidence[e-2].viewerDataByStage.3.chat.pages[0].header,"인스타그램 DM 그룹 ""여벤저스"" — 2026.03.06 21:14",Instagram DM Group “She-vengers” — 2026.03.06 21:14,Instagram DMグループ「女子ベンジャーズ」— 2026.03.06 21:14,Instagram DM群“女复联” — 2026.03.06 21:14,"Case metadata, character profile, dispute, evidence, solution, or evidence-viewer surface text. Party dialogue scripts are not included here."
case_surface_content_src_data_cases_generated_friend-01_evidence_e-2_.viewerDataByStage.3.chat.pages_0_.label,case_surface_content,src/data/cases/generated,friend-01,evidence[e-2].viewerDataByStage.3.chat.pages[0].label,1쪽 최초 발언,Page 1: First Statement,1ページ：最初の発言,第1页：最初发言,"Case metadata, character profile, dispute, evidence, solution, or evidence-viewer surface text. Party dialogue scripts are not included here."
case_surface_content_src_data_cases_generated_friend-01_evidence_e-2_.viewerDataByStage.3.chat.pages_0_.messages_0_.text,case_surface_content,src/data/cases/generated,friend-01,evidence[e-2].viewerDataByStage.3.chat.pages[0].messages[0].text,2026.03.06 21:14 · 단톡방 캡처 1쪽 / 일부 이름 마스킹,"2026.03.06 21:14 · Group chat screenshot, page 1 / some names masked",2026.03.06 21:14 · グループチャットのスクリーンショット1ページ／一部の名前をマスキング,2026.03.06 21:14 · 群聊截图第1页 / 部分姓名遮盖,"Case metadata, character profile, dispute, evidence, solution, or evidence-viewer surface text. Party dialogue scripts are not included here."
case_surface_content_src_data_cases_generated_friend-01_evidence_e-2_.viewerDataByStage.3.chat.pages_0_.messages_1_.sender,case_surface_content,src/data/cases/generated,friend-01,evidence[e-2].viewerDataByStage.3.chat.pages[0].messages[1].sender,송다은,Song Da-eun,ソン・ダウン,宋多恩,"Case metadata, character profile, dispute, evidence, solution, or evidence-viewer surface text. Party dialogue scripts are not included here."
case_surface_content_src_data_cases_generated_friend-01_evidence_e-2_.viewerDataByStage.3.chat.pages_0_.messages_1_.text,case_surface_content,src/data/cases/generated,friend-01,evidence[e-2].viewerDataByStage.3.chat.pages[0].messages[1].text,얘들아 나 진짜 손 떨려. 방금 태윤이 폰 알림을 봤는데 수민이 이름이 계속 떠 있었어.,"Guys, my hands are actually shaking. I just saw Tae-yun’s phone notifications, and Su-min’s name kept popping up.",みんな、私ほんとに手が震えてる。さっきテユンのスマホ通知を見たんだけど、スミンの名前がずっと出てたの。,姐妹们，我手真的在抖。我刚看到泰允手机的通知，秀敏的名字一直跳出来。,"Case metadata, character profile, dispute, evidence, solution, or evidence-viewer surface text. Party dialogue scripts are not included here."
case_surface_content_src_data_cases_generated_friend-01_evidence_e-2_.viewerDataByStage.3.chat.pages_0_.messages_2_.sender,case_surface_content,src/data/cases/generated,friend-01,evidence[e-2].viewerDataByStage.3.chat.pages[0].messages[2].sender,송다은,Song Da-eun,ソン・ダウン,宋多恩,"Case metadata, character profile, dispute, evidence, solution, or evidence-viewer surface text. Party dialogue scripts are not included here."
case_surface_content_src_data_cases_generated_friend-01_evidence_e-2_.viewerDataByStage.3.chat.pages_0_.messages_2_.text,case_surface_content,src/data/cases/generated,friend-01,evidence[e-2].viewerDataByStage.3.chat.pages[0].messages[2].text,나한테는 아무 말도 안 해놓고 왜 내 예비신랑한테만 연락하는지 모르겠어.,She didn’t say anything to me. I don’t know why she’s only contacting my fiancé.,私には何も言わないで、どうして私の婚約者にだけ連絡するのかわからない。,她什么都没跟我说，却只联系我的未婚夫，我真不知道为什么。,"Case metadata, character profile, dispute, evidence, solution, or evidence-viewer surface text. Party dialogue scripts are not included here."
case_surface_content_src_data_cases_generated_friend-01_evidence_e-2_.viewerDataByStage.3.chat.pages_0_.messages_3_.sender,case_surface_content,src/data/cases/generated,friend-01,evidence[e-2].viewerDataByStage.3.chat.pages[0].messages[3].sender,친구 1,Friend 1,友人1,朋友1,"Case metadata, character profile, dispute, evidence, solution, or evidence-viewer surface text. Party dialogue scripts are not included here."
case_surface_content_src_data_cases_generated_friend-01_evidence_e-2_.viewerDataByStage.3.chat.pages_0_.messages_3_.text,case_surface_content,src/data/cases/generated,friend-01,evidence[e-2].viewerDataByStage.3.chat.pages[0].messages[3].text,"잠깐, 정확히 무슨 내용이었는데?","Wait, what exactly was it about?",待って、正確にはどんな内容だったの？,等一下，具体是什么内容？,"Case metadata, character profile, dispute, evidence, solution, or evidence-viewer surface text. Party dialogue scripts are not included here."
case_surface_content_src_data_cases_generated_friend-01_evidence_e-2_.viewerDataByStage.3.chat.pages_0_.messages_4_.sender,case_surface_content,src/data/cases/generated,friend-01,evidence[e-2].viewerDataByStage.3.chat.pages[0].messages[4].sender,송다은,Song Da-eun,ソン・ダウン,宋多恩,"Case metadata, character profile, dispute, evidence, solution, or evidence-viewer surface text. Party dialogue scripts are not included here."
case_surface_content_src_data_cases_generated_friend-01_evidence_e-2_.viewerDataByStage.3.chat.pages_0_.messages_4_.text,case_surface_content,src/data/cases/generated,friend-01,evidence[e-2].viewerDataByStage.3.chat.pages[0].messages[4].text,통화 기록도 있고 문자도 여러 번이야. 그냥 안부 수준으로 보이진 않았어.,There were call logs and several texts. It didn’t look like a simple check-in.,通話記録もあるし、メッセージも何度もある。ただの近況確認には見えなかった。,有通话记录，也有好几条短信。看起来不像只是问候。,"Case metadata, character profile, dispute, evidence, solution, or evidence-viewer surface text. Party dialogue scripts are not included here."
case_surface_content_src_data_cases_generated_friend-01_evidence_e-2_.viewerDataByStage.3.chat.pages_0_.messages_5_.sender,case_surface_content,src/data/cases/generated,friend-01,evidence[e-2].viewerDataByStage.3.chat.pages[0].messages[5].sender,친구 2,Friend 2,友人2,朋友2,"Case metadata, character profile, dispute, evidence, solution, or evidence-viewer surface text. Party dialogue scripts are not included here."
case_surface_content_src_data_cases_generated_friend-01_evidence_e-2_.viewerDataByStage.3.chat.pages_0_.messages_5_.text,case_surface_content,src/data/cases/generated,friend-01,evidence[e-2].viewerDataByStage.3.chat.pages[0].messages[5].text,너한테 먼저 말 안 한 건 좀 이상하긴 하다.,It is a little strange that she didn’t tell you first.,あなたに先に言わなかったのは、少しおかしいね。,没有先告诉你，确实有点奇怪。,"Case metadata, character profile, dispute, evidence, solution, or evidence-viewer surface text. Party dialogue scripts are not included here."
case_surface_content_src_data_cases_generated_friend-01_evidence_e-2_.viewerDataByStage.3.chat.pages_0_.messages_6_.sender,case_surface_content,src/data/cases/generated,friend-01,evidence[e-2].viewerDataByStage.3.chat.pages[0].messages[6].sender,송다은,Song Da-eun,ソン・ダウン,宋多恩,"Case metadata, character profile, dispute, evidence, solution, or evidence-viewer surface text. Party dialogue scripts are not included here."
case_surface_content_src_data_cases_generated_friend-01_evidence_e-2_.viewerDataByStage.3.chat.pages_0_.messages_6_.text,case_surface_content,src/data/cases/generated,friend-01,evidence[e-2].viewerDataByStage.3.chat.pages[0].messages[6].text,예전에도 이런 식으로 사람 곤란하게 만든 적 있잖아. 나만 예민한 거 아니지?,"She’s put people in awkward positions like this before. I’m not the only one being sensitive, right?",前にもこういう形で人を困らせたことがあるでしょ。私だけが過敏なわけじゃないよね？,她以前也这样让别人为难过吧。不是只有我太敏感，对吧？,"Case metadata, character profile, dispute, evidence, solution, or evidence-viewer surface text. Party dialogue scripts are not included here."
case_surface_content_src_data_cases_generated_friend-01_evidence_e-2_.viewerDataByStage.3.chat.pages_0_.messages_7_.sender,case_surface_content,src/data/cases/generated,friend-01,evidence[e-2].viewerDataByStage.3.chat.pages[0].messages[7].sender,친구 1,Friend 1,友人1,朋友1,"Case metadata, character profile, dispute, evidence, solution, or evidence-viewer surface text. Party dialogue scripts are not included here."
case_surface_content_src_data_cases_generated_friend-01_evidence_e-2_.viewerDataByStage.3.chat.pages_0_.messages_7_.text,case_surface_content,src/data/cases/generated,friend-01,evidence[e-2].viewerDataByStage.3.chat.pages[0].messages[7].text,일단 캡처만 보면 다은이가 놀랄 만은 해 보여.,"Just from the screenshot, it does look like Da-eun had reason to be upset.",少なくともスクリーンショットだけ見ると、ダウンが驚くのも無理はないように見える。,只看截图的话，多恩会惊讶也不是没有理由。,"Case metadata, character profile, dispute, evidence, solution, or evidence-viewer surface text. Party dialogue scripts are not included here."
case_surface_content_src_data_cases_generated_friend-01_evidence_e-2_.viewerDataByStage.3.chat.pages_1_.header,case_surface_content,src/data/cases/generated,friend-01,evidence[e-2].viewerDataByStage.3.chat.pages[1].header,"인스타그램 DM 그룹 ""여벤저스"" — 2026.03.06 21:18",Instagram DM Group “She-vengers” — 2026.03.06 21:18,Instagram DMグループ「女子ベンジャーズ」— 2026.03.06 21:18,Instagram DM群“女复联” — 2026.03.06 21:18,"Case metadata, character profile, dispute, evidence, solution, or evidence-viewer surface text. Party dialogue scripts are not included here."
case_surface_content_src_data_cases_generated_friend-01_evidence_e-2_.viewerDataByStage.3.chat.pages_1_.label,case_surface_content,src/data/cases/generated,friend-01,evidence[e-2].viewerDataByStage.3.chat.pages[1].label,2쪽 확산 반응,Page 2: Spreading Reactions,2ページ：拡散反応,第2页：扩散反应,"Case metadata, character profile, dispute, evidence, solution, or evidence-viewer surface text. Party dialogue scripts are not included here."
case_surface_content_src_data_cases_generated_friend-01_evidence_e-2_.viewerDataByStage.3.chat.pages_1_.messages_0_.text,case_surface_content,src/data/cases/generated,friend-01,evidence[e-2].viewerDataByStage.3.chat.pages[1].messages[0].text,2026.03.06 21:18 · 단톡방 캡처 2쪽 / 반응 구간 확대,"2026.03.06 21:18 · Group chat screenshot, page 2 / reaction section expanded",2026.03.06 21:18 · グループチャットのスクリーンショット2ページ／反応部分を拡大,2026.03.06 21:18 · 群聊截图第2页 / 反应区段放大,"Case metadata, character profile, dispute, evidence, solution, or evidence-viewer surface text. Party dialogue scripts are not included here."
case_surface_content_src_data_cases_generated_friend-01_evidence_e-2_.viewerDataByStage.3.chat.pages_1_.messages_1_.sender,case_surface_content,src/data/cases/generated,friend-01,evidence[e-2].viewerDataByStage.3.chat.pages[1].messages[1].sender,하은,Ha-eun,ハウン,夏恩,"Case metadata, character profile, dispute, evidence, solution, or evidence-viewer surface text. Party dialogue scripts are not included here."
case_surface_content_src_data_cases_generated_friend-01_evidence_e-2_.viewerDataByStage.3.chat.pages_1_.messages_1_.text,case_surface_content,src/data/cases/generated,friend-01,evidence[e-2].viewerDataByStage.3.chat.pages[1].messages[1].text,아 걔 진짜 또 그래? 결혼 준비하는 사람한테 왜 그러는 거야.,Is she seriously doing that again? Why would she do that to someone preparing for marriage?,え、あの子また本当にそうなの？ 結婚準備してる人にどうしてそんなことするの。,啊，她真的又这样？为什么要对一个在准备结婚的人这样？,"Case metadata, character profile, dispute, evidence, solution, or evidence-viewer surface text. Party dialogue scripts are not included here."
case_surface_content_src_data_cases_generated_friend-01_evidence_e-2_.viewerDataByStage.3.chat.pages_1_.messages_2_.sender,case_surface_content,src/data/cases/generated,friend-01,evidence[e-2].viewerDataByStage.3.chat.pages[1].messages[2].sender,유진,Yu-jin,ユジン,宥珍,"Case metadata, character profile, dispute, evidence, solution, or evidence-viewer surface text. Party dialogue scripts are not included here."
case_surface_content_src_data_cases_generated_friend-01_evidence_e-2_.viewerDataByStage.3.chat.pages_1_.messages_2_.text,case_surface_content,src/data/cases/generated,friend-01,evidence[e-2].viewerDataByStage.3.chat.pages[1].messages[2].text,수민이는 선 넘는 걸 본인이 잘 모르는 것 같아. 예전에도 분위기 이상하게 만들었잖아.,I don’t think Su-min realizes when she crosses the line. She made things weird before too.,スミンは、自分が一線を越えていることにあまり気づいていないみたい。前にも空気を変にしたじゃない。,秀敏好像不太知道自己什么时候越界。以前也把气氛弄得很怪。,"Case metadata, character profile, dispute, evidence, solution, or evidence-viewer surface text. Party dialogue scripts are not included here."
case_surface_content_src_data_cases_generated_friend-01_evidence_e-2_.viewerDataByStage.3.chat.pages_1_.messages_3_.sender,case_surface_content,src/data/cases/generated,friend-01,evidence[e-2].viewerDataByStage.3.chat.pages[1].messages[3].sender,송다은,Song Da-eun,ソン・ダウン,宋多恩,"Case metadata, character profile, dispute, evidence, solution, or evidence-viewer surface text. Party dialogue scripts are not included here."
case_surface_content_src_data_cases_generated_friend-01_evidence_e-2_.viewerDataByStage.3.chat.pages_1_.messages_3_.text,case_surface_content,src/data/cases/generated,friend-01,evidence[e-2].viewerDataByStage.3.chat.pages[1].messages[3].text,나도 그래서 더 화가 나. 이번에는 그냥 넘어가면 안 될 것 같아.,That’s why I’m even angrier. I don’t think we can just let it slide this time.,だから私も余計に腹が立つ。今回はそのまま流しちゃいけないと思う。,所以我才更生气。这次不能就这么算了。,"Case metadata, character profile, dispute, evidence, solution, or evidence-viewer surface text. Party dialogue scripts are not included here."
case_surface_content_src_data_cases_generated_friend-01_evidence_e-2_.viewerDataByStage.3.chat.pages_1_.messages_4_.sender,case_surface_content,src/data/cases/generated,friend-01,evidence[e-2].viewerDataByStage.3.chat.pages[1].messages[4].sender,송다은,Song Da-eun,ソン・ダウン,宋多恩,"Case metadata, character profile, dispute, evidence, solution, or evidence-viewer surface text. Party dialogue scripts are not included here."
case_surface_content_src_data_cases_generated_friend-01_evidence_e-2_.viewerDataByStage.3.chat.pages_1_.messages_4_.text,case_surface_content,src/data/cases/generated,friend-01,evidence[e-2].viewerDataByStage.3.chat.pages[1].messages[4].text,"태윤이는 별거 아니라고 하는데, 나는 그 말도 못 믿겠어.","Tae-yun says it’s nothing, but I can’t believe that either.",テユンは大したことじゃないって言うけど、その言葉も信じられない。,泰允说没什么，但我连这话也信不了。,"Case metadata, character profile, dispute, evidence, solution, or evidence-viewer surface text. Party dialogue scripts are not included here."
case_surface_content_src_data_cases_generated_friend-01_evidence_e-2_.viewerDataByStage.3.chat.pages_1_.messages_5_.sender,case_surface_content,src/data/cases/generated,friend-01,evidence[e-2].viewerDataByStage.3.chat.pages[1].messages[5].sender,소연,So-yeon,ソヨン,素妍,"Case metadata, character profile, dispute, evidence, solution, or evidence-viewer surface text. Party dialogue scripts are not included here."
case_surface_content_src_data_cases_generated_friend-01_evidence_e-2_.viewerDataByStage.3.chat.pages_1_.messages_5_.text,case_surface_content,src/data/cases/generated,friend-01,evidence[e-2].viewerDataByStage.3.chat.pages[1].messages[5].text,그럼 수민이한테 직접 물어봤어?,Then did you ask Su-min directly?,じゃあ、スミンには直接聞いたの？,那你直接问秀敏了吗？,"Case metadata, character profile, dispute, evidence, solution, or evidence-viewer surface text. Party dialogue scripts are not included here."
case_surface_content_src_data_cases_generated_friend-01_evidence_e-2_.viewerDataByStage.3.chat.pages_1_.messages_6_.sender,case_surface_content,src/data/cases/generated,friend-01,evidence[e-2].viewerDataByStage.3.chat.pages[1].messages[6].sender,송다은,Song Da-eun,ソン・ダウン,宋多恩,"Case metadata, character profile, dispute, evidence, solution, or evidence-viewer surface text. Party dialogue scripts are not included here."
case_surface_content_src_data_cases_generated_friend-01_evidence_e-2_.viewerDataByStage.3.chat.pages_1_.messages_6_.text,case_surface_content,src/data/cases/generated,friend-01,evidence[e-2].viewerDataByStage.3.chat.pages[1].messages[6].text,아직. 지금 말 걸면 또 피해자처럼 굴 것 같아서 먼저 너희한테 말한 거야.,"Not yet. If I talk to her now, I think she’ll act like the victim again, so I told you first.",まだ。今話しかけたらまた被害者みたいに振る舞いそうだから、先にみんなに話したの。,还没有。现在去问她，她可能又会装成受害者，所以我先告诉你们。,"Case metadata, character profile, dispute, evidence, solution, or evidence-viewer surface text. Party dialogue scripts are not included here."
case_surface_content_src_data_cases_generated_friend-01_evidence_e-2_.viewerDataByStage.3.chat.pages_1_.messages_7_.sender,case_surface_content,src/data/cases/generated,friend-01,evidence[e-2].viewerDataByStage.3.chat.pages[1].messages[7].sender,하은,Ha-eun,ハウン,夏恩,"Case metadata, character profile, dispute, evidence, solution, or evidence-viewer surface text. Party dialogue scripts are not included here."
case_surface_content_src_data_cases_generated_friend-01_evidence_e-2_.viewerDataByStage.3.chat.pages_1_.messages_7_.text,case_surface_content,src/data/cases/generated,friend-01,evidence[e-2].viewerDataByStage.3.chat.pages[1].messages[7].text,그래도 직접 확인은 해야 하지 않아? 캡처만으로는 앞뒤를 모르잖아.,"Still, shouldn’t you confirm it directly? A screenshot alone doesn’t show the full context.",それでも直接確認はした方がいいんじゃない？ スクリーンショットだけでは前後がわからないでしょ。,但还是应该直接确认吧？光凭截图不知道前因后果。,"Case metadata, character profile, dispute, evidence, solution, or evidence-viewer surface text. Party dialogue scripts are not included here."
case_surface_content_src_data_cases_generated_friend-01_evidence_e-2_.viewerDataByStage.3.chat.pages_1_.messages_8_.sender,case_surface_content,src/data/cases/generated,friend-01,evidence[e-2].viewerDataByStage.3.chat.pages[1].messages[8].sender,유진,Yu-jin,ユジン,宥珍,"Case metadata, character profile, dispute, evidence, solution, or evidence-viewer surface text. Party dialogue scripts are not included here."
case_surface_content_src_data_cases_generated_friend-01_evidence_e-2_.viewerDataByStage.3.chat.pages_1_.messages_8_.text,case_surface_content,src/data/cases/generated,friend-01,evidence[e-2].viewerDataByStage.3.chat.pages[1].messages[8].text,근데 이미 다은이가 이 정도로 불안하면 수민이도 조심했어야지.,"But if Da-eun is already this anxious, Su-min should have been more careful too.",でも、ダウンがここまで不安になっているなら、スミンも気をつけるべきだったよ。,可是多恩都这么不安了，秀敏也应该更谨慎一点。,"Case metadata, character profile, dispute, evidence, solution, or evidence-viewer surface text. Party dialogue scripts are not included here."
case_surface_content_src_data_cases_generated_friend-01_evidence_e-2_.viewerDataByStage.3.chat.pages_1_.messages_9_.sender,case_surface_content,src/data/cases/generated,friend-01,evidence[e-2].viewerDataByStage.3.chat.pages[1].messages[9].sender,송다은,Song Da-eun,ソン・ダウン,宋多恩,"Case metadata, character profile, dispute, evidence, solution, or evidence-viewer surface text. Party dialogue scripts are not included here."
case_surface_content_src_data_cases_generated_friend-01_evidence_e-2_.viewerDataByStage.3.chat.pages_1_.messages_9_.text,case_surface_content,src/data/cases/generated,friend-01,evidence[e-2].viewerDataByStage.3.chat.pages[1].messages[9].text,맞아. 나는 지금 수민이가 또 내 사람한테 붙는 것처럼 느껴져.,"Right. Right now, it feels like Su-min is going after my man again.",そう。今はスミンがまた私の人に近づいているように感じる。,对。我现在感觉秀敏又在贴近我的人。,"Case metadata, character profile, dispute, evidence, solution, or evidence-viewer surface text. Party dialogue scripts are not included here."
case_surface_content_src_data_cases_generated_friend-01_evidence_e-2_.viewerDataByStage.3.chat.pages_2_.header,case_surface_content,src/data/cases/generated,friend-01,evidence[e-2].viewerDataByStage.3.chat.pages[2].header,"인스타그램 DM 그룹 ""여벤저스"" — 2026.03.06 21:24",Instagram DM Group “She-vengers” — 2026.03.06 21:24,Instagram DMグループ「女子ベンジャーズ」— 2026.03.06 21:24,Instagram DM群“女复联” — 2026.03.06 21:24,"Case metadata, character profile, dispute, evidence, solution, or evidence-viewer surface text. Party dialogue scripts are not included here."
case_surface_content_src_data_cases_generated_friend-01_evidence_e-2_.viewerDataByStage.3.chat.pages_2_.label,case_surface_content,src/data/cases/generated,friend-01,evidence[e-2].viewerDataByStage.3.chat.pages[2].label,3쪽 시간 순서,Page 3: Timeline,3ページ：時間順,第3页：时间顺序,"Case metadata, character profile, dispute, evidence, solution, or evidence-viewer surface text. Party dialogue scripts are not included here."
case_surface_content_src_data_cases_generated_friend-01_evidence_e-2_.viewerDataByStage.3.chat.pages_2_.messages_0_.text,case_surface_content,src/data/cases/generated,friend-01,evidence[e-2].viewerDataByStage.3.chat.pages[2].messages[0].text,2026.03.06 21:24 · 원본 대조본 / 직접 확인 전 공유 순서 확인,2026.03.06 21:24 · Original comparison / confirms sharing order before direct verification,2026.03.06 21:24 · 原文対照版／直接確認前の共有順序を確認,2026.03.06 21:24 · 原文对照本 / 确认直接核实前的分享顺序,"Case metadata, character profile, dispute, evidence, solution, or evidence-viewer surface text. Party dialogue scripts are not included here."
case_surface_content_src_data_cases_generated_friend-01_evidence_e-2_.viewerDataByStage.3.chat.pages_2_.messages_1_.sender,case_surface_content,src/data/cases/generated,friend-01,evidence[e-2].viewerDataByStage.3.chat.pages[2].messages[1].sender,김세라,Kim Se-ra,キム・セラ,金世罗,"Case metadata, character profile, dispute, evidence, solution, or evidence-viewer surface text. Party dialogue scripts are not included here."
case_surface_content_src_data_cases_generated_friend-01_evidence_e-2_.viewerDataByStage.3.chat.pages_2_.messages_1_.text,case_surface_content,src/data/cases/generated,friend-01,evidence[e-2].viewerDataByStage.3.chat.pages[2].messages[1].text,"다은아, 수민이가 왜 연락했는지는 확인한 거야? 혹시 태윤이가 먼저 연락한 건 아니고?","Da-eun, did you check why Su-min contacted him? Are you sure Tae-yun didn’t contact her first?",ダウン、スミンがなぜ連絡したのか確認したの？ もしかしてテユンが先に連絡したんじゃないの？,多恩，你确认过秀敏为什么联系他了吗？会不会是泰允先联系她的？,"Case metadata, character profile, dispute, evidence, solution, or evidence-viewer surface text. Party dialogue scripts are not included here."
case_surface_content_src_data_cases_generated_friend-01_evidence_e-2_.viewerDataByStage.3.chat.pages_2_.messages_10_.sender,case_surface_content,src/data/cases/generated,friend-01,evidence[e-2].viewerDataByStage.3.chat.pages[2].messages[10].sender,송다은,Song Da-eun,ソン・ダウン,宋多恩,"Case metadata, character profile, dispute, evidence, solution, or evidence-viewer surface text. Party dialogue scripts are not included here."
case_surface_content_src_data_cases_generated_friend-01_evidence_e-2_.viewerDataByStage.3.chat.pages_2_.messages_10_.text,case_surface_content,src/data/cases/generated,friend-01,evidence[e-2].viewerDataByStage.3.chat.pages[2].messages[10].text,응. 근데 지금은 수민이가 선 넘은 게 맞다고 생각해.,"Yeah. But right now, I think Su-min really did cross the line.",うん。でも今は、スミンが一線を越えたのは確かだと思う。,嗯。但现在我觉得秀敏确实越界了。,"Case metadata, character profile, dispute, evidence, solution, or evidence-viewer surface text. Party dialogue scripts are not included here."
case_surface_content_src_data_cases_generated_friend-01_evidence_e-2_.viewerDataByStage.3.chat.pages_2_.messages_2_.sender,case_surface_content,src/data/cases/generated,friend-01,evidence[e-2].viewerDataByStage.3.chat.pages[2].messages[2].sender,송다은,Song Da-eun,ソン・ダウン,宋多恩,"Case metadata, character profile, dispute, evidence, solution, or evidence-viewer surface text. Party dialogue scripts are not included here."
case_surface_content_src_data_cases_generated_friend-01_evidence_e-2_.viewerDataByStage.3.chat.pages_2_.messages_2_.text,case_surface_content,src/data/cases/generated,friend-01,evidence[e-2].viewerDataByStage.3.chat.pages[2].messages[2].text,아직 수민이한테 직접 묻진 않았어. 물어보면 또 오해라고 할 게 뻔하니까.,"I haven’t asked Su-min directly yet. If I ask, she’ll obviously say it’s another misunderstanding.",まだスミンには直接聞いてない。聞いたら、また誤解だって言うに決まってるから。,我还没直接问秀敏。因为一问，她肯定又会说是误会。,"Case metadata, character profile, dispute, evidence, solution, or evidence-viewer surface text. Party dialogue scripts are not included here."
case_surface_content_src_data_cases_generated_friend-01_evidence_e-2_.viewerDataByStage.3.chat.pages_2_.messages_3_.sender,case_surface_content,src/data/cases/generated,friend-01,evidence[e-2].viewerDataByStage.3.chat.pages[2].messages[3].sender,송다은,Song Da-eun,ソン・ダウン,宋多恩,"Case metadata, character profile, dispute, evidence, solution, or evidence-viewer surface text. Party dialogue scripts are not included here."
case_surface_content_src_data_cases_generated_friend-01_evidence_e-2_.viewerDataByStage.3.chat.pages_2_.messages_3_.text,case_surface_content,src/data/cases/generated,friend-01,evidence[e-2].viewerDataByStage.3.chat.pages[2].messages[3].text,그래도 이건 너희가 알아야 할 것 같아서 먼저 올린 거야. 나 혼자 예민한 사람 되기 싫어.,"Still, I thought you all should know, so I posted it first. I don’t want to be the only one who looks oversensitive.",でも、これはみんなも知っておくべきだと思って先に上げたの。私だけが神経質な人みたいになるのは嫌だから。,可是我觉得你们也该知道，所以先发上来了。我不想一个人被当成太敏感。,"Case metadata, character profile, dispute, evidence, solution, or evidence-viewer surface text. Party dialogue scripts are not included here."
case_surface_content_src_data_cases_generated_friend-01_evidence_e-2_.viewerDataByStage.3.chat.pages_2_.messages_4_.sender,case_surface_content,src/data/cases/generated,friend-01,evidence[e-2].viewerDataByStage.3.chat.pages[2].messages[4].sender,소연,So-yeon,ソヨン,素妍,"Case metadata, character profile, dispute, evidence, solution, or evidence-viewer surface text. Party dialogue scripts are not included here."
case_surface_content_src_data_cases_generated_friend-01_evidence_e-2_.viewerDataByStage.3.chat.pages_2_.messages_4_.text,case_surface_content,src/data/cases/generated,friend-01,evidence[e-2].viewerDataByStage.3.chat.pages[2].messages[4].text,직접 확인 전이면 말은 조금 조심해야 할 것 같아. 단정해서 퍼지면 돌이키기 어렵잖아.,"If you haven’t checked directly yet, you should be careful with your words. Once it spreads as a conclusion, it’s hard to take back.",直接確認する前なら、言い方には少し気をつけた方がいいと思う。決めつけて広がったら取り返しがつかないでしょ。,如果还没直接确认，说话还是要谨慎一点。一旦被当成定论传开，就很难挽回了。,"Case metadata, character profile, dispute, evidence, solution, or evidence-viewer surface text. Party dialogue scripts are not included here."
case_surface_content_src_data_cases_generated_friend-01_evidence_e-2_.viewerDataByStage.3.chat.pages_2_.messages_5_.sender,case_surface_content,src/data/cases/generated,friend-01,evidence[e-2].viewerDataByStage.3.chat.pages[2].messages[5].sender,하은,Ha-eun,ハウン,夏恩,"Case metadata, character profile, dispute, evidence, solution, or evidence-viewer surface text. Party dialogue scripts are not included here."
case_surface_content_src_data_cases_generated_friend-01_evidence_e-2_.viewerDataByStage.3.chat.pages_2_.messages_5_.text,case_surface_content,src/data/cases/generated,friend-01,evidence[e-2].viewerDataByStage.3.chat.pages[2].messages[5].text,근데 이미 방 분위기는 수민이가 잘못한 걸로 가고 있어.,But the mood in the chat is already turning toward “Su-min did something wrong.”,でも、もうグループの空気はスミンが悪いって方向に流れてるよ。,可是群里的气氛已经在往“秀敏做错了”的方向走了。,"Case metadata, character profile, dispute, evidence, solution, or evidence-viewer surface text. Party dialogue scripts are not included here."
case_surface_content_src_data_cases_generated_friend-01_evidence_e-2_.viewerDataByStage.3.chat.pages_2_.messages_6_.sender,case_surface_content,src/data/cases/generated,friend-01,evidence[e-2].viewerDataByStage.3.chat.pages[2].messages[6].sender,송다은,Song Da-eun,ソン・ダウン,宋多恩,"Case metadata, character profile, dispute, evidence, solution, or evidence-viewer surface text. Party dialogue scripts are not included here."
case_surface_content_src_data_cases_generated_friend-01_evidence_e-2_.viewerDataByStage.3.chat.pages_2_.messages_6_.text,case_surface_content,src/data/cases/generated,friend-01,evidence[e-2].viewerDataByStage.3.chat.pages[2].messages[6].text,내가 괜히 말한 건 아니야. 수민이는 예전에도 비슷한 일에서 끝까지 설명 안 했어.,I didn’t say this for no reason. Su-min refused to explain to the end in a similar situation before too.,私が理由もなく言ったわけじゃない。スミンは前にも似たような件で最後まで説明しなかった。,我不是无缘无故这么说。秀敏以前遇到类似的事，也一直没有解释到最后。,"Case metadata, character profile, dispute, evidence, solution, or evidence-viewer surface text. Party dialogue scripts are not included here."
case_surface_content_src_data_cases_generated_friend-01_evidence_e-2_.viewerDataByStage.3.chat.pages_2_.messages_7_.sender,case_surface_content,src/data/cases/generated,friend-01,evidence[e-2].viewerDataByStage.3.chat.pages[2].messages[7].sender,김세라,Kim Se-ra,キム・セラ,金世罗,"Case metadata, character profile, dispute, evidence, solution, or evidence-viewer surface text. Party dialogue scripts are not included here."
case_surface_content_src_data_cases_generated_friend-01_evidence_e-2_.viewerDataByStage.3.chat.pages_2_.messages_7_.text,case_surface_content,src/data/cases/generated,friend-01,evidence[e-2].viewerDataByStage.3.chat.pages[2].messages[7].text,그 예전 일이랑 이번 연락이 같은 일인지는 따로 봐야 하지 않을까.,Shouldn’t we look separately at whether that old incident and this contact are really the same thing?,その昔の件と今回の連絡が同じことなのかは、別に見た方がいいんじゃない？,那件旧事和这次联系是不是同一回事，不该分开看吗？,"Case metadata, character profile, dispute, evidence, solution, or evidence-viewer surface text. Party dialogue scripts are not included here."
case_surface_content_src_data_cases_generated_friend-01_evidence_e-2_.viewerDataByStage.3.chat.pages_2_.messages_8_.sender,case_surface_content,src/data/cases/generated,friend-01,evidence[e-2].viewerDataByStage.3.chat.pages[2].messages[8].sender,송다은,Song Da-eun,ソン・ダウン,宋多恩,"Case metadata, character profile, dispute, evidence, solution, or evidence-viewer surface text. Party dialogue scripts are not included here."
case_surface_content_src_data_cases_generated_friend-01_evidence_e-2_.viewerDataByStage.3.chat.pages_2_.messages_8_.text,case_surface_content,src/data/cases/generated,friend-01,evidence[e-2].viewerDataByStage.3.chat.pages[2].messages[8].text,나는 지금 결혼 앞두고 또 이런 얘기 듣는 게 너무 지쳐. 태윤이한테는 내가 먼저 정리하라고 할게.,I’m exhausted hearing this again right before my wedding. I’ll tell Tae-yun to handle it first.,結婚を控えて、またこんな話を聞くのは本当に疲れる。テユンには私から先に整理するよう言う。,马上要结婚了又听到这种事，我真的很累。我会先让泰允把这件事处理好。,"Case metadata, character profile, dispute, evidence, solution, or evidence-viewer surface text. Party dialogue scripts are not included here."
case_surface_content_src_data_cases_generated_friend-01_evidence_e-2_.viewerDataByStage.3.chat.pages_2_.messages_9_.sender,case_surface_content,src/data/cases/generated,friend-01,evidence[e-2].viewerDataByStage.3.chat.pages[2].messages[9].sender,유진,Yu-jin,ユジン,宥珍,"Case metadata, character profile, dispute, evidence, solution, or evidence-viewer surface text. Party dialogue scripts are not included here."
case_surface_content_src_data_cases_generated_friend-01_evidence_e-2_.viewerDataByStage.3.chat.pages_2_.messages_9_.text,case_surface_content,src/data/cases/generated,friend-01,evidence[e-2].viewerDataByStage.3.chat.pages[2].messages[9].text,알겠어. 다만 나중에 사실이 다르면 방에 정정도 해야 해.,"Okay. But if the facts turn out to be different later, you need to correct it in the chat too.",わかった。ただ、後で事実が違ったら、グループにも訂正を入れないといけないよ。,明白。但如果之后事实不一样，也必须在群里更正。,"Case metadata, character profile, dispute, evidence, solution, or evidence-viewer surface text. Party dialogue scripts are not included here."
case_surface_content_src_data_cases_generated_friend-01_evidence_e-2_.viewerDataByStage.3.meta.legalLabel,case_surface_content,src/data/cases/generated,friend-01,evidence[e-2].viewerDataByStage.3.meta.legalLabel,적법,Legal,適法,合法,"Case metadata, character profile, dispute, evidence, solution, or evidence-viewer surface text. Party dialogue scripts are not included here."
case_surface_content_src_data_cases_generated_friend-01_evidence_e-2_.viewerDataByStage.3.meta.name,case_surface_content,src/data/cases/generated,friend-01,evidence[e-2].viewerDataByStage.3.meta.name,단톡방 캡처,Group Chat Screenshot,グループチャットのスクリーンショット,群聊截图,"Case metadata, character profile, dispute, evidence, solution, or evidence-viewer surface text. Party dialogue scripts are not included here."
case_surface_content_src_data_cases_generated_friend-01_evidence_e-2_.viewerDataByStage.3.meta.sourceLabel,case_surface_content,src/data/cases/generated,friend-01,evidence[e-2].viewerDataByStage.3.meta.sourceLabel,양측,Both Sides,双方,双方,"Case metadata, character profile, dispute, evidence, solution, or evidence-viewer surface text. Party dialogue scripts are not included here."
case_surface_content_src_data_cases_generated_friend-01_evidence_e-2_.viewerDataByStage.3.meta.stageLabel,case_surface_content,src/data/cases/generated,friend-01,evidence[e-2].viewerDataByStage.3.meta.stageLabel,3단계 — 전체 대화 공개,Stage 3 — Full Conversation Disclosed,3段階 — 会話全体を公開,第3阶段——公开完整对话,"Case metadata, character profile, dispute, evidence, solution, or evidence-viewer surface text. Party dialogue scripts are not included here."
case_surface_content_src_data_cases_generated_friend-01_evidence_e-2_.viewerDataByStage.3.meta.trustLabel,case_surface_content,src/data/cases/generated,friend-01,evidence[e-2].viewerDataByStage.3.meta.trustLabel,보통,Normal,普通,普通,"Case metadata, character profile, dispute, evidence, solution, or evidence-viewer surface text. Party dialogue scripts are not included here."
case_surface_content_src_data_cases_generated_friend-01_evidence_e-3_.description,case_surface_content,src/data/cases/generated,friend-01,evidence[e-3].description,"최수민이 그 일은 자신이 정리하겠다는 말만 남기고 설명을 피했고, 송다은은 그 일에 얽히면 사람이 달라진다는 취지로 답한 기록.","A record in which Choi Su-min avoided explaining and only said she would handle the matter herself, while Song Da-eun replied to the effect that people change when they get involved in that matter.",チェ・スミンが、その件は自分が整理するとだけ言って説明を避け、ソン・ダウンはその件に関わると人が変わるという趣旨で返した記録。,记录显示，崔秀敏只留下“那件事我会自己处理”的话并回避说明，宋多恩则回应称一旦卷入那件事，人就会变。,"Case metadata, character profile, dispute, evidence, solution, or evidence-viewer surface text. Party dialogue scripts are not included here."
case_surface_content_src_data_cases_generated_friend-01_evidence_e-3_.investigationResults.check_metadata,case_surface_content,src/data/cases/generated,friend-01,evidence[e-3].investigationResults.check_metadata,이 대화 직후 두 사람은 연락이 끊겼고 약 2년간 만나지 않았다.,"Immediately after this conversation, the two lost contact and did not meet for about two years.",この会話の直後、二人は連絡が途絶え、約2年間会わなかった。,这次对话之后，两人立刻断了联系，约两年没有见面。,"Case metadata, character profile, dispute, evidence, solution, or evidence-viewer surface text. Party dialogue scripts are not included here."
case_surface_content_src_data_cases_generated_friend-01_evidence_e-3_.investigationResults.request_original,case_surface_content,src/data/cases/generated,friend-01,evidence[e-3].investigationResults.request_original,"최수민이 그 일은 자신이 정리하겠다는 말만 남겼고, 송다은은 그 일에 얽히면 사람이 달라진다는 취지로 답했다.","Choi Su-min only said she would handle the matter herself, and Song Da-eun replied to the effect that people change when they get involved in that matter.",チェ・スミンはその件は自分が整理するとだけ言い、ソン・ダウンはその件に関わると人が変わるという趣旨で返した。,崔秀敏只说那件事会由自己处理，宋多恩则回应称一旦卷入那件事，人就会变。,"Case metadata, character profile, dispute, evidence, solution, or evidence-viewer surface text. Party dialogue scripts are not included here."
case_surface_content_src_data_cases_generated_friend-01_evidence_e-3_.investigationResults.restore_context,case_surface_content,src/data/cases/generated,friend-01,evidence[e-3].investigationResults.restore_context,과거 대화만으로는 돈 문제의 상대와 책임 소재가 아직 분리되지 않는다. 추가 기록과 대조해야 한다.,The past conversation alone does not yet separate the other party in the money issue from where responsibility lies. It must be compared with additional records.,過去の会話だけでは、金銭問題の相手と責任の所在はまだ切り分けられない。追加記録と照合する必要がある。,仅凭过去的对话，仍无法区分金钱问题的相对方与责任归属。必须与追加记录对照。,"Case metadata, character profile, dispute, evidence, solution, or evidence-viewer surface text. Party dialogue scripts are not included here."
case_surface_content_src_data_cases_generated_friend-01_evidence_e-3_.investigationStages_0_.label,case_surface_content,src/data/cases/generated,friend-01,evidence[e-3].investigationStages[0].label,대화확인,Conversation Check,会話確認,对话确认,"Case metadata, character profile, dispute, evidence, solution, or evidence-viewer surface text. Party dialogue scripts are not included here."
case_surface_content_src_data_cases_generated_friend-01_evidence_e-3_.investigationStages_0_.question.text,case_surface_content,src/data/cases/generated,friend-01,evidence[e-3].investigationStages[0].question.text,손절 직전 대화 원문을 확인해 주십시오.,Please check the original conversation from just before the fallout.,絶交直前の会話原文を確認してください。,请确认决裂前的对话原文。,"Case metadata, character profile, dispute, evidence, solution, or evidence-viewer surface text. Party dialogue scripts are not included here."
case_surface_content_src_data_cases_generated_friend-01_evidence_e-3_.investigationStages_1_.label,case_surface_content,src/data/cases/generated,friend-01,evidence[e-3].investigationStages[1].label,맥락대조,Context Check,文脈照合,语境核对,"Case metadata, character profile, dispute, evidence, solution, or evidence-viewer surface text. Party dialogue scripts are not included here."
case_surface_content_src_data_cases_generated_friend-01_evidence_e-3_.investigationStages_1_.question.text,case_surface_content,src/data/cases/generated,friend-01,evidence[e-3].investigationStages[1].question.text,돈 문제 뒤 연락이 끊긴 순서를 대조해 주십시오.,Please compare the order in which contact broke off after the money issue.,金銭問題の後、連絡が途絶えた順序を照合してください。,请对照金钱问题之后联系中断的顺序。,"Case metadata, character profile, dispute, evidence, solution, or evidence-viewer surface text. Party dialogue scripts are not included here."
case_surface_content_src_data_cases_generated_friend-01_evidence_e-3_.investigationStages_1_.unlockHint,case_surface_content,src/data/cases/generated,friend-01,evidence[e-3].investigationStages[1].unlockHint,대화 전후를 보면 돈 문제 언급과 손절 시점을 함께 볼 수 있습니다.,Looking before and after the conversation shows both the mention of the money issue and the timing of the fallout.,会話の前後を見ると、金銭問題への言及と絶交の時点をあわせて確認できます。,查看对话前后，可以同时看到金钱问题的提及与决裂时间点。,"Case metadata, character profile, dispute, evidence, solution, or evidence-viewer surface text. Party dialogue scripts are not included here."
case_surface_content_src_data_cases_generated_friend-01_evidence_e-3_.investigationStages_2_.label,case_surface_content,src/data/cases/generated,friend-01,evidence[e-3].investigationStages[2].label,침묵추궁,Silence Check,沈黙追及,沉默追问,"Case metadata, character profile, dispute, evidence, solution, or evidence-viewer surface text. Party dialogue scripts are not included here."
case_surface_content_src_data_cases_generated_friend-01_evidence_e-3_.investigationStages_2_.question.text,case_surface_content,src/data/cases/generated,friend-01,evidence[e-3].investigationStages[2].question.text,왜 끝까지 그 일을 말하지 않았습니까?,Why did you never speak about that matter to the end?,なぜ最後までその件を話さなかったのですか？,为什么到最后都没有说出那件事？,"Case metadata, character profile, dispute, evidence, solution, or evidence-viewer surface text. Party dialogue scripts are not included here."
case_surface_content_src_data_cases_generated_friend-01_evidence_e-3_.investigationStages_2_.unlockHint,case_surface_content,src/data/cases/generated,friend-01,evidence[e-3].investigationStages[2].unlockHint,맥락을 대조하면 숨긴 돈 문제의 상대를 물을 수 있습니다.,Comparing the context makes it possible to ask who the hidden money issue involved.,文脈を照合すれば、隠された金銭問題の相手を問うことができます。,对照语境后，可以追问被隐瞒的金钱问题涉及谁。,"Case metadata, character profile, dispute, evidence, solution, or evidence-viewer surface text. Party dialogue scripts are not included here."
case_surface_content_src_data_cases_generated_friend-01_evidence_e-3_.meta.legalLabel,case_surface_content,src/data/cases/generated,friend-01,evidence[e-3].meta.legalLabel,적법,Legal,適法,合法,"Case metadata, character profile, dispute, evidence, solution, or evidence-viewer surface text. Party dialogue scripts are not included here."
case_surface_content_src_data_cases_generated_friend-01_evidence_e-3_.meta.name,case_surface_content,src/data/cases/generated,friend-01,evidence[e-3].meta.name,과거 카톡,Old KakaoTalk Chat,過去のカカオトーク,过去的KakaoTalk,"Case metadata, character profile, dispute, evidence, solution, or evidence-viewer surface text. Party dialogue scripts are not included here."
case_surface_content_src_data_cases_generated_friend-01_evidence_e-3_.meta.sourceLabel,case_surface_content,src/data/cases/generated,friend-01,evidence[e-3].meta.sourceLabel,양측,Both Sides,双方,双方,"Case metadata, character profile, dispute, evidence, solution, or evidence-viewer surface text. Party dialogue scripts are not included here."
case_surface_content_src_data_cases_generated_friend-01_evidence_e-3_.meta.stageLabel,case_surface_content,src/data/cases/generated,friend-01,evidence[e-3].meta.stageLabel,초기 공개,Initial Disclosure,初期開示,初步公开,"Case metadata, character profile, dispute, evidence, solution, or evidence-viewer surface text. Party dialogue scripts are not included here."
case_surface_content_src_data_cases_generated_friend-01_evidence_e-3_.meta.trustLabel,case_surface_content,src/data/cases/generated,friend-01,evidence[e-3].meta.trustLabel,보통,Normal,普通,普通,"Case metadata, character profile, dispute, evidence, solution, or evidence-viewer surface text. Party dialogue scripts are not included here."
case_surface_content_src_data_cases_generated_friend-01_evidence_e-3_.name,case_surface_content,src/data/cases/generated,friend-01,evidence[e-3].name,과거 손절 직전 카톡,KakaoTalk Before the Old Fallout,絶交直前のカカオトーク,旧日决裂前的KakaoTalk,"Case metadata, character profile, dispute, evidence, solution, or evidence-viewer surface text. Party dialogue scripts are not included here."
case_surface_content_src_data_cases_generated_friend-01_evidence_e-3_.partyContext.a.implication,case_surface_content,src/data/cases/generated,friend-01,evidence[e-3].partyContext.a.implication,송다은이 확인 없이 단정한 패턴을 드러낸다.,Reveal Song Da-eun’s pattern of reaching conclusions without checking.,ソン・ダウンが確認せず決めつけるパターンを明らかにする。,揭示宋多恩未经确认就下定论的模式。,"Case metadata, character profile, dispute, evidence, solution, or evidence-viewer surface text. Party dialogue scripts are not included here."
case_surface_content_src_data_cases_generated_friend-01_evidence_e-3_.partyContext.a.questionAngle,case_surface_content,src/data/cases/generated,friend-01,evidence[e-3].partyContext.a.questionAngle,이 대화 이후 최수민에게 다시 물어본 적이 있습니까?,Did you ever ask Choi Su-min again after this conversation?,この会話の後、チェ・スミンに改めて尋ねたことはありますか？,这次对话之后，你有没有再问过崔秀敏？,"Case metadata, character profile, dispute, evidence, solution, or evidence-viewer surface text. Party dialogue scripts are not included here."
case_surface_content_src_data_cases_generated_friend-01_evidence_e-3_.partyContext.b.implication,case_surface_content,src/data/cases/generated,friend-01,evidence[e-3].partyContext.b.implication,최수민의 침묵 동기를 확인한다.,Confirm Choi Su-min’s motive for staying silent.,チェ・スミンが沈黙した動機を確認する。,确认崔秀敏保持沉默的动机。,"Case metadata, character profile, dispute, evidence, solution, or evidence-viewer surface text. Party dialogue scripts are not included here."
case_surface_content_src_data_cases_generated_friend-01_evidence_e-3_.partyContext.b.questionAngle,case_surface_content,src/data/cases/generated,friend-01,evidence[e-3].partyContext.b.questionAngle,왜 그 일의 책임 소재를 끝까지 말하지 않았습니까?,Why did you never say who was responsible for that matter?,なぜその件の責任の所在を最後まで話さなかったのですか？,为什么到最后都没有说出那件事的责任归属？,"Case metadata, character profile, dispute, evidence, solution, or evidence-viewer surface text. Party dialogue scripts are not included here."
case_surface_content_src_data_cases_generated_friend-01_evidence_e-3_.surfaceDescription,case_surface_content,src/data/cases/generated,friend-01,evidence[e-3].surfaceDescription,과거 손절 직전의 카카오톡 대화 기록이 존재한다.,There is a KakaoTalk conversation record from just before the old fallout.,過去の絶交直前のカカオトーク会話記録が存在する。,存在旧日决裂前的KakaoTalk对话记录。,"Case metadata, character profile, dispute, evidence, solution, or evidence-viewer surface text. Party dialogue scripts are not included here."
case_surface_content_src_data_cases_generated_friend-01_evidence_e-3_.surfaceName,case_surface_content,src/data/cases/generated,friend-01,evidence[e-3].surfaceName,과거 카톡,Old KakaoTalk Chat,過去のカカオトーク,过去的KakaoTalk,"Case metadata, character profile, dispute, evidence, solution, or evidence-viewer surface text. Party dialogue scripts are not included here."
case_surface_content_src_data_cases_generated_friend-01_evidence_e-3_.v3DepthPlan_context_.summary,case_surface_content,src/data/cases/generated,friend-01,evidence[e-3].v3DepthPlan[context].summary,최수민이 숨긴 돈 문제의 상대를 암시한다.,It hints at who was involved in the money issue Choi Su-min hid.,チェ・スミンが隠した金銭問題の相手を示唆する。,暗示崔秀敏隐瞒的金钱问题涉及谁。,"Case metadata, character profile, dispute, evidence, solution, or evidence-viewer surface text. Party dialogue scripts are not included here."
case_surface_content_src_data_cases_generated_friend-01_evidence_e-3_.v3DepthPlan_established_.summary,case_surface_content,src/data/cases/generated,friend-01,evidence[e-3].v3DepthPlan[established].summary,과거 금전 문제와의 연결 가능성을 확인한다.,Confirm a possible connection to the past money issue.,過去の金銭問題とのつながりの可能性を確認する。,确认与过去金钱问题的关联可能。,"Case metadata, character profile, dispute, evidence, solution, or evidence-viewer surface text. Party dialogue scripts are not included here."
case_surface_content_src_data_cases_generated_friend-01_evidence_e-3_.v3DepthPlan_excerpt_.summary,case_surface_content,src/data/cases/generated,friend-01,evidence[e-3].v3DepthPlan[excerpt].summary,'그 일'과 '사람이 달라진다' 발언만 보임,Only “that matter” and “people change” are shown,「その件」と「人が変わる」という発言のみが見える,仅显示“那件事”和“人会变”的发言,"Case metadata, character profile, dispute, evidence, solution, or evidence-viewer surface text. Party dialogue scripts are not included here."
case_surface_content_src_data_cases_generated_friend-01_evidence_e-3_.v3DepthPlan_original_.summary,case_surface_content,src/data/cases/generated,friend-01,evidence[e-3].v3DepthPlan[original].summary,대화 전후 맥락과 손절 시점 확인,Confirm the context before and after the conversation and the timing of the fallout,会話前後の文脈と絶交の時点を確認,确认对话前后语境及决裂时间点,"Case metadata, character profile, dispute, evidence, solution, or evidence-viewer surface text. Party dialogue scripts are not included here."
case_surface_content_src_data_cases_generated_friend-01_evidence_e-3_.v3DepthPlan_stub_.summary,case_surface_content,src/data/cases/generated,friend-01,evidence[e-3].v3DepthPlan[stub].summary,과거 카톡 존재만 보임,Only the existence of the old KakaoTalk chat is shown,過去のカカオトークの存在のみが見える,仅显示存在过去的KakaoTalk,"Case metadata, character profile, dispute, evidence, solution, or evidence-viewer surface text. Party dialogue scripts are not included here."
case_surface_content_src_data_cases_generated_friend-01_evidence_e-3_.v3TrustStates_authenticated_.label,case_surface_content,src/data/cases/generated,friend-01,evidence[e-3].v3TrustStates[authenticated].label,인증됨,Authenticated,認証済み,已认证,"Case metadata, character profile, dispute, evidence, solution, or evidence-viewer surface text. Party dialogue scripts are not included here."
case_surface_content_src_data_cases_generated_friend-01_evidence_e-3_.v3TrustStates_authenticated_.summary,case_surface_content,src/data/cases/generated,friend-01,evidence[e-3].v3TrustStates[authenticated].summary,메시지 시각과 발신자 확인됨,Message time and sender confirmed,メッセージの時刻と送信者を確認済み,已确认消息时间和发送者,"Case metadata, character profile, dispute, evidence, solution, or evidence-viewer surface text. Party dialogue scripts are not included here."
case_surface_content_src_data_cases_generated_friend-01_evidence_e-3_.v3TrustStates_challenged_.label,case_surface_content,src/data/cases/generated,friend-01,evidence[e-3].v3TrustStates[challenged].label,이의 제기됨,Challenged,異議あり,有异议,"Case metadata, character profile, dispute, evidence, solution, or evidence-viewer surface text. Party dialogue scripts are not included here."
case_surface_content_src_data_cases_generated_friend-01_evidence_e-3_.v3TrustStates_challenged_.summary,case_surface_content,src/data/cases/generated,friend-01,evidence[e-3].v3TrustStates[challenged].summary,최수민이 '말할 수 없었다'고 이의,"Choi Su-min challenges it, saying she “couldn’t say it.”",チェ・スミンが「話せなかった」と異議を申し立てる,崔秀敏提出异议，称“无法说出口”。,"Case metadata, character profile, dispute, evidence, solution, or evidence-viewer surface text. Party dialogue scripts are not included here."
case_surface_content_src_data_cases_generated_friend-01_evidence_e-3_.v3TrustStates_misread_.label,case_surface_content,src/data/cases/generated,friend-01,evidence[e-3].v3TrustStates[misread].label,조작/오독 판정,Manipulation/Misread Ruling,操作・誤読判定,操纵/误读判定,"Case metadata, character profile, dispute, evidence, solution, or evidence-viewer surface text. Party dialogue scripts are not included here."
case_surface_content_src_data_cases_generated_friend-01_evidence_e-3_.v3TrustStates_misread_.summary,case_surface_content,src/data/cases/generated,friend-01,evidence[e-3].v3TrustStates[misread].summary,숨겨진 맥락이 있음 확인,Confirmed hidden context exists,隠された文脈があることを確認,确认存在隐藏语境,"Case metadata, character profile, dispute, evidence, solution, or evidence-viewer surface text. Party dialogue scripts are not included here."
case_surface_content_src_data_cases_generated_friend-01_evidence_e-3_.v3TrustStates_submitted_.label,case_surface_content,src/data/cases/generated,friend-01,evidence[e-3].v3TrustStates[submitted].label,제출됨,Submitted,提出済み,已提交,"Case metadata, character profile, dispute, evidence, solution, or evidence-viewer surface text. Party dialogue scripts are not included here."
case_surface_content_src_data_cases_generated_friend-01_evidence_e-3_.v3TrustStates_submitted_.summary,case_surface_content,src/data/cases/generated,friend-01,evidence[e-3].v3TrustStates[submitted].summary,양측 제출,Submitted by both sides,双方提出,双方提交,"Case metadata, character profile, dispute, evidence, solution, or evidence-viewer surface text. Party dialogue scripts are not included here."
case_surface_content_src_data_cases_generated_friend-01_evidence_e-3_.v3TrustStates_verifying_.label,case_surface_content,src/data/cases/generated,friend-01,evidence[e-3].v3TrustStates[verifying].label,검증 중,Verifying,検証中,验证中,"Case metadata, character profile, dispute, evidence, solution, or evidence-viewer surface text. Party dialogue scripts are not included here."
case_surface_content_src_data_cases_generated_friend-01_evidence_e-3_.v3TrustStates_verifying_.summary,case_surface_content,src/data/cases/generated,friend-01,evidence[e-3].v3TrustStates[verifying].summary,카톡 원본 대조 중,Comparing against the original KakaoTalk chat,カカオトークの原文と照合中,正在对照KakaoTalk原文,"Case metadata, character profile, dispute, evidence, solution, or evidence-viewer surface text. Party dialogue scripts are not included here."
case_surface_content_src_data_cases_generated_friend-01_evidence_e-3_.viewerData.chat.header,case_surface_content,src/data/cases/generated,friend-01,evidence[e-3].viewerData.chat.header,알 수 없는 상대 카톡 — 2024.08.17,Unknown Contact KakaoTalk — 2024.08.17,不明な相手のカカオトーク — 2024.08.17,未知对象KakaoTalk — 2024.08.17,"Case metadata, character profile, dispute, evidence, solution, or evidence-viewer surface text. Party dialogue scripts are not included here."
case_surface_content_src_data_cases_generated_friend-01_evidence_e-3_.viewerData.chat.inputStatus,case_surface_content,src/data/cases/generated,friend-01,evidence[e-3].viewerData.chat.inputStatus,[+] 차단 친구와는 대화가 불가능합니다.,[+] You cannot chat with a blocked friend.,[+] ブロックした友だちとは会話できません。,[+] 无法与已拉黑的好友对话。,"Case metadata, character profile, dispute, evidence, solution, or evidence-viewer surface text. Party dialogue scripts are not included here."
case_surface_content_src_data_cases_generated_friend-01_evidence_e-3_.viewerData.chat.messages_0_.sender,case_surface_content,src/data/cases/generated,friend-01,evidence[e-3].viewerData.chat.messages[0].sender,알 수 없는 상대,Unknown Contact,不明な相手,未知对象,"Case metadata, character profile, dispute, evidence, solution, or evidence-viewer surface text. Party dialogue scripts are not included here."
case_surface_content_src_data_cases_generated_friend-01_evidence_e-3_.viewerData.chat.messages_0_.text,case_surface_content,src/data/cases/generated,friend-01,evidence[e-3].viewerData.chat.messages[0].text,"다은아, 네 아버지와 관련된 일이야. 그래서 더 조심스러웠어.","Da-eun, it has to do with your father. That’s why I was even more careful.",ダウン、あなたのお父さんに関わることなの。だから余計に慎重になった。,多恩，这件事和你父亲有关。所以我才更加谨慎。,"Case metadata, character profile, dispute, evidence, solution, or evidence-viewer surface text. Party dialogue scripts are not included here."
case_surface_content_src_data_cases_generated_friend-01_evidence_e-3_.viewerData.chat.messages_0_.time,case_surface_content,src/data/cases/generated,friend-01,evidence[e-3].viewerData.chat.messages[0].time,오후 9:53,9:53 PM,午後9時53分,晚上9:53,"Case metadata, character profile, dispute, evidence, solution, or evidence-viewer surface text. Party dialogue scripts are not included here."
case_surface_content_src_data_cases_generated_friend-01_evidence_e-3_.viewerData.chat.messages_1_.sender,case_surface_content,src/data/cases/generated,friend-01,evidence[e-3].viewerData.chat.messages[1].sender,송다은,Song Da-eun,ソン・ダウン,宋多恩,"Case metadata, character profile, dispute, evidence, solution, or evidence-viewer surface text. Party dialogue scripts are not included here."
case_surface_content_src_data_cases_generated_friend-01_evidence_e-3_.viewerData.chat.messages_1_.text,case_surface_content,src/data/cases/generated,friend-01,evidence[e-3].viewerData.chat.messages[1].text,우리 아빠를 왜 끌어들여? 그걸로 나 협박하려는 거야?,Why are you dragging my dad into this? Are you trying to threaten me with that?,なんで私の父を巻き込むの？ それで私を脅すつもり？,为什么把我爸牵扯进来？你是想拿这个威胁我吗？,"Case metadata, character profile, dispute, evidence, solution, or evidence-viewer surface text. Party dialogue scripts are not included here."
case_surface_content_src_data_cases_generated_friend-01_evidence_e-3_.viewerData.chat.messages_1_.time,case_surface_content,src/data/cases/generated,friend-01,evidence[e-3].viewerData.chat.messages[1].time,오후 9:54,9:54 PM,午後9時54分,晚上9:54,"Case metadata, character profile, dispute, evidence, solution, or evidence-viewer surface text. Party dialogue scripts are not included here."
case_surface_content_src_data_cases_generated_friend-01_evidence_e-3_.viewerData.chat.messages_2_.sender,case_surface_content,src/data/cases/generated,friend-01,evidence[e-3].viewerData.chat.messages[2].sender,알 수 없는 상대,Unknown Contact,不明な相手,未知对象,"Case metadata, character profile, dispute, evidence, solution, or evidence-viewer surface text. Party dialogue scripts are not included here."
case_surface_content_src_data_cases_generated_friend-01_evidence_e-3_.viewerData.chat.messages_2_.text,case_surface_content,src/data/cases/generated,friend-01,evidence[e-3].viewerData.chat.messages[2].text,"협박이 아니야. 아버지한테 빌려준 돈이 있었고, 네가 알면 상처받을까 봐 숨겼어.","It’s not a threat. I had lent your father money, and I hid it because I thought you’d be hurt if you found out.",脅しじゃない。あなたのお父さんに貸したお金があって、あなたが知ったら傷つくと思って隠したの。,这不是威胁。我借过钱给你父亲，因为怕你知道后受伤，所以才瞒着你。,"Case metadata, character profile, dispute, evidence, solution, or evidence-viewer surface text. Party dialogue scripts are not included here."
case_surface_content_src_data_cases_generated_friend-01_evidence_e-3_.viewerData.chat.messages_2_.time,case_surface_content,src/data/cases/generated,friend-01,evidence[e-3].viewerData.chat.messages[2].time,오후 9:55,9:55 PM,午後9時55分,晚上9:55,"Case metadata, character profile, dispute, evidence, solution, or evidence-viewer surface text. Party dialogue scripts are not included here."
case_surface_content_src_data_cases_generated_friend-01_evidence_e-3_.viewerData.chat.messages_3_.sender,case_surface_content,src/data/cases/generated,friend-01,evidence[e-3].viewerData.chat.messages[3].sender,송다은,Song Da-eun,ソン・ダウン,宋多恩,"Case metadata, character profile, dispute, evidence, solution, or evidence-viewer surface text. Party dialogue scripts are not included here."
case_surface_content_src_data_cases_generated_friend-01_evidence_e-3_.viewerData.chat.messages_3_.text,case_surface_content,src/data/cases/generated,friend-01,evidence[e-3].viewerData.chat.messages[3].text,그만해. 우리 아빠 이름까지 꺼내서 네 돈 문제를 정당화하지 마.,Stop it. Don’t bring up my dad’s name to justify your money problem.,やめて。私の父の名前まで出して、自分の金の問題を正当化しないで。,够了。不要连我爸的名字都搬出来，为你的钱的问题找借口。,"Case metadata, character profile, dispute, evidence, solution, or evidence-viewer surface text. Party dialogue scripts are not included here."
case_surface_content_src_data_cases_generated_friend-01_evidence_e-3_.viewerData.chat.messages_3_.time,case_surface_content,src/data/cases/generated,friend-01,evidence[e-3].viewerData.chat.messages[3].time,오후 9:56,9:56 PM,午後9時56分,晚上9:56,"Case metadata, character profile, dispute, evidence, solution, or evidence-viewer surface text. Party dialogue scripts are not included here."
case_surface_content_src_data_cases_generated_friend-01_evidence_e-3_.viewerData.chat.messages_4_.sender,case_surface_content,src/data/cases/generated,friend-01,evidence[e-3].viewerData.chat.messages[4].sender,알 수 없는 상대,Unknown Contact,不明な相手,未知对象,"Case metadata, character profile, dispute, evidence, solution, or evidence-viewer surface text. Party dialogue scripts are not included here."
case_surface_content_src_data_cases_generated_friend-01_evidence_e-3_.viewerData.chat.messages_4_.text,case_surface_content,src/data/cases/generated,friend-01,evidence[e-3].viewerData.chat.messages[4].text,미안해. 그래도 네가 오해한 채로 끝나는 건 싫었어.,I’m sorry. But I didn’t want it to end with you misunderstanding me.,ごめん。でも、あなたが誤解したまま終わるのは嫌だった。,对不起。但我不想让事情在你误会的情况下结束。,"Case metadata, character profile, dispute, evidence, solution, or evidence-viewer surface text. Party dialogue scripts are not included here."
case_surface_content_src_data_cases_generated_friend-01_evidence_e-3_.viewerData.chat.messages_4_.time,case_surface_content,src/data/cases/generated,friend-01,evidence[e-3].viewerData.chat.messages[4].time,오후 9:57,9:57 PM,午後9時57分,晚上9:57,"Case metadata, character profile, dispute, evidence, solution, or evidence-viewer surface text. Party dialogue scripts are not included here."
case_surface_content_src_data_cases_generated_friend-01_evidence_e-3_.viewerData.chat.messages_5_.sender,case_surface_content,src/data/cases/generated,friend-01,evidence[e-3].viewerData.chat.messages[5].sender,송다은,Song Da-eun,ソン・ダウン,宋多恩,"Case metadata, character profile, dispute, evidence, solution, or evidence-viewer surface text. Party dialogue scripts are not included here."
case_surface_content_src_data_cases_generated_friend-01_evidence_e-3_.viewerData.chat.messages_5_.text,case_surface_content,src/data/cases/generated,friend-01,evidence[e-3].viewerData.chat.messages[5].text,됐어. 더 연락하지 마. 차단할게.,Enough. Don’t contact me again. I’m blocking you.,もういい。これ以上連絡しないで。ブロックする。,够了。别再联系我。我会拉黑你。,"Case metadata, character profile, dispute, evidence, solution, or evidence-viewer surface text. Party dialogue scripts are not included here."
case_surface_content_src_data_cases_generated_friend-01_evidence_e-3_.viewerData.chat.messages_5_.time,case_surface_content,src/data/cases/generated,friend-01,evidence[e-3].viewerData.chat.messages[5].time,오후 9:58,9:58 PM,午後9時58分,晚上9:58,"Case metadata, character profile, dispute, evidence, solution, or evidence-viewer surface text. Party dialogue scripts are not included here."
case_surface_content_src_data_cases_generated_friend-01_evidence_e-3_.viewerData.chat.messages_6_.text,case_surface_content,src/data/cases/generated,friend-01,evidence[e-3].viewerData.chat.messages[6].text,송다은 — 차단함,Song Da-eun — Blocked,ソン・ダウン — ブロック済み,宋多恩 — 已拉黑,"Case metadata, character profile, dispute, evidence, solution, or evidence-viewer surface text. Party dialogue scripts are not included here."
case_surface_content_src_data_cases_generated_friend-01_evidence_e-3_.viewerData.chat.pages_0_.header,case_surface_content,src/data/cases/generated,friend-01,evidence[e-3].viewerData.chat.pages[0].header,알 수 없는 상대 카톡 — 2024.08.17,Unknown Contact KakaoTalk — 2024.08.17,不明な相手のカカオトーク — 2024.08.17,未知对象KakaoTalk — 2024.08.17,"Case metadata, character profile, dispute, evidence, solution, or evidence-viewer surface text. Party dialogue scripts are not included here."
case_surface_content_src_data_cases_generated_friend-01_evidence_e-3_.viewerData.chat.pages_0_.label,case_surface_content,src/data/cases/generated,friend-01,evidence[e-3].viewerData.chat.pages[0].label,1쪽 망설이는 연락,Page 1: Hesitant Contact,1ページ：ためらいながらの連絡,第1页：犹豫的联系,"Case metadata, character profile, dispute, evidence, solution, or evidence-viewer surface text. Party dialogue scripts are not included here."
case_surface_content_src_data_cases_generated_friend-01_evidence_e-3_.viewerData.chat.pages_0_.messages_1_.sender,case_surface_content,src/data/cases/generated,friend-01,evidence[e-3].viewerData.chat.pages[0].messages[1].sender,알 수 없는 상대,Unknown Contact,不明な相手,未知对象,"Case metadata, character profile, dispute, evidence, solution, or evidence-viewer surface text. Party dialogue scripts are not included here."
case_surface_content_src_data_cases_generated_friend-01_evidence_e-3_.viewerData.chat.pages_0_.messages_1_.text,case_surface_content,src/data/cases/generated,friend-01,evidence[e-3].viewerData.chat.pages[0].messages[1].text,"다은아, 갑자기 연락해서 미안해. 바로 말하기가 좀 어려워서 몇 번을 썼다 지웠어.","Da-eun, I’m sorry for contacting you out of the blue. It was hard to say directly, so I wrote and deleted it several times.",ダウン、急に連絡してごめん。すぐに言うのが少し難しくて、何度も書いては消した。,多恩，突然联系你，对不起。有些话很难直接说出口，我写了又删了好几次。,"Case metadata, character profile, dispute, evidence, solution, or evidence-viewer surface text. Party dialogue scripts are not included here."
case_surface_content_src_data_cases_generated_friend-01_evidence_e-3_.viewerData.chat.pages_0_.messages_1_.time,case_surface_content,src/data/cases/generated,friend-01,evidence[e-3].viewerData.chat.pages[0].messages[1].time,오후 9:41,9:41 PM,午後9時41分,晚上9:41,"Case metadata, character profile, dispute, evidence, solution, or evidence-viewer surface text. Party dialogue scripts are not included here."
case_surface_content_src_data_cases_generated_friend-01_evidence_e-3_.viewerData.chat.pages_0_.messages_2_.sender,case_surface_content,src/data/cases/generated,friend-01,evidence[e-3].viewerData.chat.pages[0].messages[2].sender,송다은,Song Da-eun,ソン・ダウン,宋多恩,"Case metadata, character profile, dispute, evidence, solution, or evidence-viewer surface text. Party dialogue scripts are not included here."
case_surface_content_src_data_cases_generated_friend-01_evidence_e-3_.viewerData.chat.pages_0_.messages_2_.text,case_surface_content,src/data/cases/generated,friend-01,evidence[e-3].viewerData.chat.pages[0].messages[2].text,무슨 일인데 이렇게 뜸을 들여.,What is it? Why are you dragging it out like this?,何なの、そんなにもったいぶって。,到底什么事，你这么吞吞吐吐的。,"Case metadata, character profile, dispute, evidence, solution, or evidence-viewer surface text. Party dialogue scripts are not included here."
case_surface_content_src_data_cases_generated_friend-01_evidence_e-3_.viewerData.chat.pages_0_.messages_2_.time,case_surface_content,src/data/cases/generated,friend-01,evidence[e-3].viewerData.chat.pages[0].messages[2].time,오후 9:42,9:42 PM,午後9時42分,晚上9:42,"Case metadata, character profile, dispute, evidence, solution, or evidence-viewer surface text. Party dialogue scripts are not included here."
case_surface_content_src_data_cases_generated_friend-01_evidence_e-3_.viewerData.chat.pages_0_.messages_3_.sender,case_surface_content,src/data/cases/generated,friend-01,evidence[e-3].viewerData.chat.pages[0].messages[3].sender,알 수 없는 상대,Unknown Contact,不明な相手,未知对象,"Case metadata, character profile, dispute, evidence, solution, or evidence-viewer surface text. Party dialogue scripts are not included here."
case_surface_content_src_data_cases_generated_friend-01_evidence_e-3_.viewerData.chat.pages_0_.messages_3_.text,case_surface_content,src/data/cases/generated,friend-01,evidence[e-3].viewerData.chat.pages[0].messages[3].text,네가 들으면 기분 나쁠 얘기일 수도 있어서 망설였어. 그래도 그냥 묻어두면 더 이상해질 것 같아.,"I hesitated because it might be upsetting for you to hear. But if I just bury it, things will get even stranger.",あなたが聞いたら嫌な気分になる話かもしれなくて迷った。でも、このまま伏せておくともっとおかしくなりそう。,我犹豫是因为你听了可能会不舒服。但如果就这样埋着不说，事情会变得更奇怪。,"Case metadata, character profile, dispute, evidence, solution, or evidence-viewer surface text. Party dialogue scripts are not included here."
case_surface_content_src_data_cases_generated_friend-01_evidence_e-3_.viewerData.chat.pages_0_.messages_3_.time,case_surface_content,src/data/cases/generated,friend-01,evidence[e-3].viewerData.chat.pages[0].messages[3].time,오후 9:43,9:43 PM,午後9時43分,晚上9:43,"Case metadata, character profile, dispute, evidence, solution, or evidence-viewer surface text. Party dialogue scripts are not included here."
case_surface_content_src_data_cases_generated_friend-01_evidence_e-3_.viewerData.chat.pages_0_.messages_4_.sender,case_surface_content,src/data/cases/generated,friend-01,evidence[e-3].viewerData.chat.pages[0].messages[4].sender,송다은,Song Da-eun,ソン・ダウン,宋多恩,"Case metadata, character profile, dispute, evidence, solution, or evidence-viewer surface text. Party dialogue scripts are not included here."
case_surface_content_src_data_cases_generated_friend-01_evidence_e-3_.viewerData.chat.pages_0_.messages_4_.text,case_surface_content,src/data/cases/generated,friend-01,evidence[e-3].viewerData.chat.pages[0].messages[4].text,또 애매하게 말하지 말고 정확히 말해.,Don’t be vague again. Say it clearly.,また曖昧に言わないで、はっきり言って。,别又说得含含糊糊，讲清楚。,"Case metadata, character profile, dispute, evidence, solution, or evidence-viewer surface text. Party dialogue scripts are not included here."
case_surface_content_src_data_cases_generated_friend-01_evidence_e-3_.viewerData.chat.pages_0_.messages_4_.time,case_surface_content,src/data/cases/generated,friend-01,evidence[e-3].viewerData.chat.pages[0].messages[4].time,오후 9:44,9:44 PM,午後9時44分,晚上9:44,"Case metadata, character profile, dispute, evidence, solution, or evidence-viewer surface text. Party dialogue scripts are not included here."
case_surface_content_src_data_cases_generated_friend-01_evidence_e-3_.viewerData.chat.pages_0_.messages_5_.sender,case_surface_content,src/data/cases/generated,friend-01,evidence[e-3].viewerData.chat.pages[0].messages[5].sender,알 수 없는 상대,Unknown Contact,不明な相手,未知对象,"Case metadata, character profile, dispute, evidence, solution, or evidence-viewer surface text. Party dialogue scripts are not included here."
case_surface_content_src_data_cases_generated_friend-01_evidence_e-3_.viewerData.chat.pages_0_.messages_5_.text,case_surface_content,src/data/cases/generated,friend-01,evidence[e-3].viewerData.chat.pages[0].messages[5].text,"나도 정리가 다 된 건 아닌데, 네 주변에서 생긴 일이라 너한테는 말해야 할 것 같아.","I haven’t sorted it all out either, but it happened around you, so I think I need to tell you.",私も全部整理できているわけじゃないけど、あなたの周りで起きたことだから、あなたには話すべきだと思う。,我也还没有完全理清，但这是发生在你身边的事，我觉得应该告诉你。,"Case metadata, character profile, dispute, evidence, solution, or evidence-viewer surface text. Party dialogue scripts are not included here."
case_surface_content_src_data_cases_generated_friend-01_evidence_e-3_.viewerData.chat.pages_0_.messages_5_.time,case_surface_content,src/data/cases/generated,friend-01,evidence[e-3].viewerData.chat.pages[0].messages[5].time,오후 9:45,9:45 PM,午後9時45分,晚上9:45,"Case metadata, character profile, dispute, evidence, solution, or evidence-viewer surface text. Party dialogue scripts are not included here."
case_surface_content_src_data_cases_generated_friend-01_evidence_e-3_.viewerData.chat.pages_0_.messages_6_.sender,case_surface_content,src/data/cases/generated,friend-01,evidence[e-3].viewerData.chat.pages[0].messages[6].sender,송다은,Song Da-eun,ソン・ダウン,宋多恩,"Case metadata, character profile, dispute, evidence, solution, or evidence-viewer surface text. Party dialogue scripts are not included here."
case_surface_content_src_data_cases_generated_friend-01_evidence_e-3_.viewerData.chat.pages_0_.messages_6_.text,case_surface_content,src/data/cases/generated,friend-01,evidence[e-3].viewerData.chat.pages[0].messages[6].text,내 주변? 무슨 뜻인데.,Around me? What do you mean?,私の周り？ どういう意味？,我身边？什么意思？,"Case metadata, character profile, dispute, evidence, solution, or evidence-viewer surface text. Party dialogue scripts are not included here."
case_surface_content_src_data_cases_generated_friend-01_evidence_e-3_.viewerData.chat.pages_0_.messages_6_.time,case_surface_content,src/data/cases/generated,friend-01,evidence[e-3].viewerData.chat.pages[0].messages[6].time,오후 9:46,9:46 PM,午後9時46分,晚上9:46,"Case metadata, character profile, dispute, evidence, solution, or evidence-viewer surface text. Party dialogue scripts are not included here."
case_surface_content_src_data_cases_generated_friend-01_evidence_e-3_.viewerData.chat.pages_1_.header,case_surface_content,src/data/cases/generated,friend-01,evidence[e-3].viewerData.chat.pages[1].header,알 수 없는 상대 카톡 — 2024.08.17,Unknown Contact KakaoTalk — 2024.08.17,不明な相手のカカオトーク — 2024.08.17,未知对象KakaoTalk — 2024.08.17,"Case metadata, character profile, dispute, evidence, solution, or evidence-viewer surface text. Party dialogue scripts are not included here."
case_surface_content_src_data_cases_generated_friend-01_evidence_e-3_.viewerData.chat.pages_1_.label,case_surface_content,src/data/cases/generated,friend-01,evidence[e-3].viewerData.chat.pages[1].label,2쪽 돈 문제 오해,Page 2: Money Issue Misunderstanding,2ページ：金銭問題の誤解,第2页：金钱问题误会,"Case metadata, character profile, dispute, evidence, solution, or evidence-viewer surface text. Party dialogue scripts are not included here."
case_surface_content_src_data_cases_generated_friend-01_evidence_e-3_.viewerData.chat.pages_1_.messages_0_.sender,case_surface_content,src/data/cases/generated,friend-01,evidence[e-3].viewerData.chat.pages[1].messages[0].sender,알 수 없는 상대,Unknown Contact,不明な相手,未知对象,"Case metadata, character profile, dispute, evidence, solution, or evidence-viewer surface text. Party dialogue scripts are not included here."
case_surface_content_src_data_cases_generated_friend-01_evidence_e-3_.viewerData.chat.pages_1_.messages_0_.text,case_surface_content,src/data/cases/generated,friend-01,evidence[e-3].viewerData.chat.pages[1].messages[0].text,돈 문제 때문이야. 내가 혼자 정리하려고 했던 게 있어.,It’s because of a money issue. There was something I tried to handle on my own.,金の問題なの。私が一人で整理しようとしていたことがある。,是因为钱的问题。有件事我一直想自己处理。,"Case metadata, character profile, dispute, evidence, solution, or evidence-viewer surface text. Party dialogue scripts are not included here."
case_surface_content_src_data_cases_generated_friend-01_evidence_e-3_.viewerData.chat.pages_1_.messages_0_.time,case_surface_content,src/data/cases/generated,friend-01,evidence[e-3].viewerData.chat.pages[1].messages[0].time,오후 9:47,9:47 PM,午後9時47分,晚上9:47,"Case metadata, character profile, dispute, evidence, solution, or evidence-viewer surface text. Party dialogue scripts are not included here."
case_surface_content_src_data_cases_generated_friend-01_evidence_e-3_.viewerData.chat.pages_1_.messages_1_.sender,case_surface_content,src/data/cases/generated,friend-01,evidence[e-3].viewerData.chat.pages[1].messages[1].sender,송다은,Song Da-eun,ソン・ダウン,宋多恩,"Case metadata, character profile, dispute, evidence, solution, or evidence-viewer surface text. Party dialogue scripts are not included here."
case_surface_content_src_data_cases_generated_friend-01_evidence_e-3_.viewerData.chat.pages_1_.messages_1_.text,case_surface_content,src/data/cases/generated,friend-01,evidence[e-3].viewerData.chat.pages[1].messages[1].text,돈? 갑자기 왜 돈 얘기를 해? 나한테 뭘 뒤집어씌우려는 거야?,Money? Why are you suddenly talking about money? What are you trying to pin on me?,金？ 急にどうして金の話をするの？ 私に何をなすりつけるつもり？,钱？怎么突然说起钱了？你想把什么扣到我头上？,"Case metadata, character profile, dispute, evidence, solution, or evidence-viewer surface text. Party dialogue scripts are not included here."
case_surface_content_src_data_cases_generated_friend-01_evidence_e-3_.viewerData.chat.pages_1_.messages_1_.time,case_surface_content,src/data/cases/generated,friend-01,evidence[e-3].viewerData.chat.pages[1].messages[1].time,오후 9:48,9:48 PM,午後9時48分,晚上9:48,"Case metadata, character profile, dispute, evidence, solution, or evidence-viewer surface text. Party dialogue scripts are not included here."
case_surface_content_src_data_cases_generated_friend-01_evidence_e-3_.viewerData.chat.pages_1_.messages_2_.sender,case_surface_content,src/data/cases/generated,friend-01,evidence[e-3].viewerData.chat.pages[1].messages[2].sender,알 수 없는 상대,Unknown Contact,不明な相手,未知对象,"Case metadata, character profile, dispute, evidence, solution, or evidence-viewer surface text. Party dialogue scripts are not included here."
case_surface_content_src_data_cases_generated_friend-01_evidence_e-3_.viewerData.chat.pages_1_.messages_2_.text,case_surface_content,src/data/cases/generated,friend-01,evidence[e-3].viewerData.chat.pages[1].messages[2].text,네 돈을 말하는 게 아니야. 네가 오해할까 봐 더 말을 못 꺼냈어.,I’m not talking about your money. I couldn’t say more because I was afraid you’d misunderstand.,あなたの金の話じゃない。あなたが誤解するかと思って、それ以上言い出せなかった。,我说的不是你的钱。我怕你误会，所以没能再说下去。,"Case metadata, character profile, dispute, evidence, solution, or evidence-viewer surface text. Party dialogue scripts are not included here."
case_surface_content_src_data_cases_generated_friend-01_evidence_e-3_.viewerData.chat.pages_1_.messages_2_.time,case_surface_content,src/data/cases/generated,friend-01,evidence[e-3].viewerData.chat.pages[1].messages[2].time,오후 9:49,9:49 PM,午後9時49分,晚上9:49,"Case metadata, character profile, dispute, evidence, solution, or evidence-viewer surface text. Party dialogue scripts are not included here."
case_surface_content_src_data_cases_generated_friend-01_evidence_e-3_.viewerData.chat.pages_1_.messages_3_.sender,case_surface_content,src/data/cases/generated,friend-01,evidence[e-3].viewerData.chat.pages[1].messages[3].sender,송다은,Song Da-eun,ソン・ダウン,宋多恩,"Case metadata, character profile, dispute, evidence, solution, or evidence-viewer surface text. Party dialogue scripts are not included here."
case_surface_content_src_data_cases_generated_friend-01_evidence_e-3_.viewerData.chat.pages_1_.messages_3_.text,case_surface_content,src/data/cases/generated,friend-01,evidence[e-3].viewerData.chat.pages[1].messages[3].text,그럼 왜 내 앞에서는 아무 일 없는 척했는데? 이제 와서 돈 문제라고 하면 내가 뭘 믿어.,"Then why did you act like nothing was wrong in front of me? If you call it a money issue now, what am I supposed to believe?",じゃあ、どうして私の前では何もないふりをしたの？ 今さら金の問題だと言われても、何を信じればいいの。,那你为什么在我面前装作什么都没发生？现在才说是钱的问题，你让我相信什么？,"Case metadata, character profile, dispute, evidence, solution, or evidence-viewer surface text. Party dialogue scripts are not included here."
case_surface_content_src_data_cases_generated_friend-01_evidence_e-3_.viewerData.chat.pages_1_.messages_3_.time,case_surface_content,src/data/cases/generated,friend-01,evidence[e-3].viewerData.chat.pages[1].messages[3].time,오후 9:50,9:50 PM,午後9時50分,晚上9:50,"Case metadata, character profile, dispute, evidence, solution, or evidence-viewer surface text. Party dialogue scripts are not included here."
case_surface_content_src_data_cases_generated_friend-01_evidence_e-3_.viewerData.chat.pages_1_.messages_4_.sender,case_surface_content,src/data/cases/generated,friend-01,evidence[e-3].viewerData.chat.pages[1].messages[4].sender,알 수 없는 상대,Unknown Contact,不明な相手,未知对象,"Case metadata, character profile, dispute, evidence, solution, or evidence-viewer surface text. Party dialogue scripts are not included here."
case_surface_content_src_data_cases_generated_friend-01_evidence_e-3_.viewerData.chat.pages_1_.messages_4_.text,case_surface_content,src/data/cases/generated,friend-01,evidence[e-3].viewerData.chat.pages[1].messages[4].text,말하면 네가 바로 다치게 될 사람 얘기가 나와서 그랬어. 그래서 내가 먼저 막아보려고 했어.,"Because if I told you, it would involve someone whose name would hurt you immediately. So I tried to stop it first.",話したら、あなたがすぐ傷つく相手の話が出てくるから。だから私が先に止めようとした。,因为一说出口，就会牵扯到一个会马上伤到你的人。所以我才想先挡下来。,"Case metadata, character profile, dispute, evidence, solution, or evidence-viewer surface text. Party dialogue scripts are not included here."
case_surface_content_src_data_cases_generated_friend-01_evidence_e-3_.viewerData.chat.pages_1_.messages_4_.time,case_surface_content,src/data/cases/generated,friend-01,evidence[e-3].viewerData.chat.pages[1].messages[4].time,오후 9:51,9:51 PM,午後9時51分,晚上9:51,"Case metadata, character profile, dispute, evidence, solution, or evidence-viewer surface text. Party dialogue scripts are not included here."
case_surface_content_src_data_cases_generated_friend-01_evidence_e-3_.viewerData.chat.pages_1_.messages_5_.sender,case_surface_content,src/data/cases/generated,friend-01,evidence[e-3].viewerData.chat.pages[1].messages[5].sender,송다은,Song Da-eun,ソン・ダウン,宋多恩,"Case metadata, character profile, dispute, evidence, solution, or evidence-viewer surface text. Party dialogue scripts are not included here."
case_surface_content_src_data_cases_generated_friend-01_evidence_e-3_.viewerData.chat.pages_1_.messages_5_.text,case_surface_content,src/data/cases/generated,friend-01,evidence[e-3].viewerData.chat.pages[1].messages[5].text,그런 식으로 책임 피하지 마. 돈 얘기 꺼내는 순간 네가 이상해 보여.,"Don’t dodge responsibility like that. The moment you bring up money, you look suspicious.",そうやって責任から逃げないで。金の話を持ち出した瞬間、あなたの方がおかしく見える。,不要用这种方式逃避责任。你一提钱的问题，看起来奇怪的就是你。,"Case metadata, character profile, dispute, evidence, solution, or evidence-viewer surface text. Party dialogue scripts are not included here."
case_surface_content_src_data_cases_generated_friend-01_evidence_e-3_.viewerData.chat.pages_1_.messages_5_.time,case_surface_content,src/data/cases/generated,friend-01,evidence[e-3].viewerData.chat.pages[1].messages[5].time,오후 9:52,9:52 PM,午後9時52分,晚上9:52,"Case metadata, character profile, dispute, evidence, solution, or evidence-viewer surface text. Party dialogue scripts are not included here."
case_surface_content_src_data_cases_generated_friend-01_evidence_e-3_.viewerData.chat.pages_2_.header,case_surface_content,src/data/cases/generated,friend-01,evidence[e-3].viewerData.chat.pages[2].header,알 수 없는 상대 카톡 — 2024.08.17,Unknown Contact KakaoTalk — 2024.08.17,不明な相手のカカオトーク — 2024.08.17,未知对象KakaoTalk — 2024.08.17,"Case metadata, character profile, dispute, evidence, solution, or evidence-viewer surface text. Party dialogue scripts are not included here."
case_surface_content_src_data_cases_generated_friend-01_evidence_e-3_.viewerData.chat.pages_2_.label,case_surface_content,src/data/cases/generated,friend-01,evidence[e-3].viewerData.chat.pages[2].label,3쪽 아버지 언급과 차단,Page 3: Father Mentioned and Blocked,3ページ：父への言及とブロック,第3页：提及父亲与拉黑,"Case metadata, character profile, dispute, evidence, solution, or evidence-viewer surface text. Party dialogue scripts are not included here."
case_surface_content_src_data_cases_generated_friend-01_evidence_e-3_.viewerData.chat.pages_2_.messages_0_.sender,case_surface_content,src/data/cases/generated,friend-01,evidence[e-3].viewerData.chat.pages[2].messages[0].sender,알 수 없는 상대,Unknown Contact,不明な相手,未知对象,"Case metadata, character profile, dispute, evidence, solution, or evidence-viewer surface text. Party dialogue scripts are not included here."
case_surface_content_src_data_cases_generated_friend-01_evidence_e-3_.viewerData.chat.pages_2_.messages_0_.text,case_surface_content,src/data/cases/generated,friend-01,evidence[e-3].viewerData.chat.pages[2].messages[0].text,"다은아, 네 아버지와 관련된 일이야. 그래서 더 조심스러웠어.","Da-eun, it has to do with your father. That’s why I was even more careful.",ダウン、あなたのお父さんに関わることなの。だから余計に慎重になった。,多恩，这件事和你父亲有关。所以我才更加谨慎。,"Case metadata, character profile, dispute, evidence, solution, or evidence-viewer surface text. Party dialogue scripts are not included here."
case_surface_content_src_data_cases_generated_friend-01_evidence_e-3_.viewerData.chat.pages_2_.messages_0_.time,case_surface_content,src/data/cases/generated,friend-01,evidence[e-3].viewerData.chat.pages[2].messages[0].time,오후 9:53,9:53 PM,午後9時53分,晚上9:53,"Case metadata, character profile, dispute, evidence, solution, or evidence-viewer surface text. Party dialogue scripts are not included here."
case_surface_content_src_data_cases_generated_friend-01_evidence_e-3_.viewerData.chat.pages_2_.messages_1_.sender,case_surface_content,src/data/cases/generated,friend-01,evidence[e-3].viewerData.chat.pages[2].messages[1].sender,송다은,Song Da-eun,ソン・ダウン,宋多恩,"Case metadata, character profile, dispute, evidence, solution, or evidence-viewer surface text. Party dialogue scripts are not included here."
case_surface_content_src_data_cases_generated_friend-01_evidence_e-3_.viewerData.chat.pages_2_.messages_1_.text,case_surface_content,src/data/cases/generated,friend-01,evidence[e-3].viewerData.chat.pages[2].messages[1].text,우리 아빠를 왜 끌어들여? 그걸로 나 협박하려는 거야?,Why are you dragging my dad into this? Are you trying to threaten me with that?,なんで私の父を巻き込むの？ それで私を脅すつもり？,为什么把我爸牵扯进来？你是想拿这个威胁我吗？,"Case metadata, character profile, dispute, evidence, solution, or evidence-viewer surface text. Party dialogue scripts are not included here."
case_surface_content_src_data_cases_generated_friend-01_evidence_e-3_.viewerData.chat.pages_2_.messages_1_.time,case_surface_content,src/data/cases/generated,friend-01,evidence[e-3].viewerData.chat.pages[2].messages[1].time,오후 9:54,9:54 PM,午後9時54分,晚上9:54,"Case metadata, character profile, dispute, evidence, solution, or evidence-viewer surface text. Party dialogue scripts are not included here."
case_surface_content_src_data_cases_generated_friend-01_evidence_e-3_.viewerData.chat.pages_2_.messages_2_.sender,case_surface_content,src/data/cases/generated,friend-01,evidence[e-3].viewerData.chat.pages[2].messages[2].sender,알 수 없는 상대,Unknown Contact,不明な相手,未知对象,"Case metadata, character profile, dispute, evidence, solution, or evidence-viewer surface text. Party dialogue scripts are not included here."
case_surface_content_src_data_cases_generated_friend-01_evidence_e-3_.viewerData.chat.pages_2_.messages_2_.text,case_surface_content,src/data/cases/generated,friend-01,evidence[e-3].viewerData.chat.pages[2].messages[2].text,"협박이 아니야. 아버지한테 빌려준 돈이 있었고, 네가 알면 상처받을까 봐 숨겼어.","It’s not a threat. I had lent your father money, and I hid it because I thought you’d be hurt if you found out.",脅しじゃない。あなたのお父さんに貸したお金があって、あなたが知ったら傷つくと思って隠したの。,这不是威胁。我借过钱给你父亲，因为怕你知道后受伤，所以才瞒着你。,"Case metadata, character profile, dispute, evidence, solution, or evidence-viewer surface text. Party dialogue scripts are not included here."
case_surface_content_src_data_cases_generated_friend-01_evidence_e-3_.viewerData.chat.pages_2_.messages_2_.time,case_surface_content,src/data/cases/generated,friend-01,evidence[e-3].viewerData.chat.pages[2].messages[2].time,오후 9:55,9:55 PM,午後9時55分,晚上9:55,"Case metadata, character profile, dispute, evidence, solution, or evidence-viewer surface text. Party dialogue scripts are not included here."
case_surface_content_src_data_cases_generated_friend-01_evidence_e-3_.viewerData.chat.pages_2_.messages_3_.sender,case_surface_content,src/data/cases/generated,friend-01,evidence[e-3].viewerData.chat.pages[2].messages[3].sender,송다은,Song Da-eun,ソン・ダウン,宋多恩,"Case metadata, character profile, dispute, evidence, solution, or evidence-viewer surface text. Party dialogue scripts are not included here."
case_surface_content_src_data_cases_generated_friend-01_evidence_e-3_.viewerData.chat.pages_2_.messages_3_.text,case_surface_content,src/data/cases/generated,friend-01,evidence[e-3].viewerData.chat.pages[2].messages[3].text,그만해. 우리 아빠 이름까지 꺼내서 네 돈 문제를 정당화하지 마.,Stop it. Don’t bring up my dad’s name to justify your money problem.,やめて。私の父の名前まで出して、自分の金の問題を正当化しないで。,够了。不要连我爸的名字都搬出来，为你的钱的问题找借口。,"Case metadata, character profile, dispute, evidence, solution, or evidence-viewer surface text. Party dialogue scripts are not included here."
case_surface_content_src_data_cases_generated_friend-01_evidence_e-3_.viewerData.chat.pages_2_.messages_3_.time,case_surface_content,src/data/cases/generated,friend-01,evidence[e-3].viewerData.chat.pages[2].messages[3].time,오후 9:56,9:56 PM,午後9時56分,晚上9:56,"Case metadata, character profile, dispute, evidence, solution, or evidence-viewer surface text. Party dialogue scripts are not included here."
case_surface_content_src_data_cases_generated_friend-01_evidence_e-3_.viewerData.chat.pages_2_.messages_4_.sender,case_surface_content,src/data/cases/generated,friend-01,evidence[e-3].viewerData.chat.pages[2].messages[4].sender,알 수 없는 상대,Unknown Contact,不明な相手,未知对象,"Case metadata, character profile, dispute, evidence, solution, or evidence-viewer surface text. Party dialogue scripts are not included here."
case_surface_content_src_data_cases_generated_friend-01_evidence_e-3_.viewerData.chat.pages_2_.messages_4_.text,case_surface_content,src/data/cases/generated,friend-01,evidence[e-3].viewerData.chat.pages[2].messages[4].text,미안해. 그래도 네가 오해한 채로 끝나는 건 싫었어.,I’m sorry. But I didn’t want it to end with you misunderstanding me.,ごめん。でも、あなたが誤解したまま終わるのは嫌だった。,对不起。但我不想让事情在你误会的情况下结束。,"Case metadata, character profile, dispute, evidence, solution, or evidence-viewer surface text. Party dialogue scripts are not included here."
case_surface_content_src_data_cases_generated_friend-01_evidence_e-3_.viewerData.chat.pages_2_.messages_4_.time,case_surface_content,src/data/cases/generated,friend-01,evidence[e-3].viewerData.chat.pages[2].messages[4].time,오후 9:57,9:57 PM,午後9時57分,晚上9:57,"Case metadata, character profile, dispute, evidence, solution, or evidence-viewer surface text. Party dialogue scripts are not included here."
case_surface_content_src_data_cases_generated_friend-01_evidence_e-3_.viewerData.chat.pages_2_.messages_5_.sender,case_surface_content,src/data/cases/generated,friend-01,evidence[e-3].viewerData.chat.pages[2].messages[5].sender,송다은,Song Da-eun,ソン・ダウン,宋多恩,"Case metadata, character profile, dispute, evidence, solution, or evidence-viewer surface text. Party dialogue scripts are not included here."
case_surface_content_src_data_cases_generated_friend-01_evidence_e-3_.viewerData.chat.pages_2_.messages_5_.text,case_surface_content,src/data/cases/generated,friend-01,evidence[e-3].viewerData.chat.pages[2].messages[5].text,됐어. 더 연락하지 마. 차단할게.,Enough. Don’t contact me again. I’m blocking you.,もういい。これ以上連絡しないで。ブロックする。,够了。别再联系我。我会拉黑你。,"Case metadata, character profile, dispute, evidence, solution, or evidence-viewer surface text. Party dialogue scripts are not included here."
case_surface_content_src_data_cases_generated_friend-01_evidence_e-3_.viewerData.chat.pages_2_.messages_5_.time,case_surface_content,src/data/cases/generated,friend-01,evidence[e-3].viewerData.chat.pages[2].messages[5].time,오후 9:58,9:58 PM,午後9時58分,晚上9:58,"Case metadata, character profile, dispute, evidence, solution, or evidence-viewer surface text. Party dialogue scripts are not included here."
case_surface_content_src_data_cases_generated_friend-01_evidence_e-3_.viewerData.chat.pages_2_.messages_6_.text,case_surface_content,src/data/cases/generated,friend-01,evidence[e-3].viewerData.chat.pages[2].messages[6].text,송다은 — 차단함,Song Da-eun — Blocked,ソン・ダウン — ブロック済み,宋多恩 — 已拉黑,"Case metadata, character profile, dispute, evidence, solution, or evidence-viewer surface text. Party dialogue scripts are not included here."
case_surface_content_src_data_cases_generated_friend-01_evidence_e-3_.viewerData.meta.legalLabel,case_surface_content,src/data/cases/generated,friend-01,evidence[e-3].viewerData.meta.legalLabel,적법,Legal,適法,合法,"Case metadata, character profile, dispute, evidence, solution, or evidence-viewer surface text. Party dialogue scripts are not included here."
case_surface_content_src_data_cases_generated_friend-01_evidence_e-3_.viewerData.meta.name,case_surface_content,src/data/cases/generated,friend-01,evidence[e-3].viewerData.meta.name,과거 카톡,Old KakaoTalk Chat,過去のカカオトーク,过去的KakaoTalk,"Case metadata, character profile, dispute, evidence, solution, or evidence-viewer surface text. Party dialogue scripts are not included here."
case_surface_content_src_data_cases_generated_friend-01_evidence_e-3_.viewerData.meta.sourceLabel,case_surface_content,src/data/cases/generated,friend-01,evidence[e-3].viewerData.meta.sourceLabel,양측,Both Sides,双方,双方,"Case metadata, character profile, dispute, evidence, solution, or evidence-viewer surface text. Party dialogue scripts are not included here."
case_surface_content_src_data_cases_generated_friend-01_evidence_e-3_.viewerData.meta.stageLabel,case_surface_content,src/data/cases/generated,friend-01,evidence[e-3].viewerData.meta.stageLabel,3단계 — 아버지 언급과 차단,Stage 3 — Father Mentioned and Blocked,3段階 — 父への言及とブロック,第3阶段——提及父亲与拉黑,"Case metadata, character profile, dispute, evidence, solution, or evidence-viewer surface text. Party dialogue scripts are not included here."
case_surface_content_src_data_cases_generated_friend-01_evidence_e-3_.viewerData.meta.trustLabel,case_surface_content,src/data/cases/generated,friend-01,evidence[e-3].viewerData.meta.trustLabel,보통,Normal,普通,普通,"Case metadata, character profile, dispute, evidence, solution, or evidence-viewer surface text. Party dialogue scripts are not included here."
case_surface_content_src_data_cases_generated_friend-01_evidence_e-3_.viewerDataByStage.1.chat.header,case_surface_content,src/data/cases/generated,friend-01,evidence[e-3].viewerDataByStage.1.chat.header,알 수 없는 상대 카톡 — 2024.08.17,Unknown Contact KakaoTalk — 2024.08.17,不明な相手のカカオトーク — 2024.08.17,未知对象KakaoTalk — 2024.08.17,"Case metadata, character profile, dispute, evidence, solution, or evidence-viewer surface text. Party dialogue scripts are not included here."
case_surface_content_src_data_cases_generated_friend-01_evidence_e-3_.viewerDataByStage.1.chat.inputStatus,case_surface_content,src/data/cases/generated,friend-01,evidence[e-3].viewerDataByStage.1.chat.inputStatus,[+] 차단 친구와는 대화가 불가능합니다.,[+] You cannot chat with a blocked friend.,[+] ブロックした友だちとは会話できません。,[+] 无法与已拉黑的好友对话。,"Case metadata, character profile, dispute, evidence, solution, or evidence-viewer surface text. Party dialogue scripts are not included here."
case_surface_content_src_data_cases_generated_friend-01_evidence_e-3_.viewerDataByStage.1.chat.messages_1_.sender,case_surface_content,src/data/cases/generated,friend-01,evidence[e-3].viewerDataByStage.1.chat.messages[1].sender,알 수 없는 상대,Unknown Contact,不明な相手,未知对象,"Case metadata, character profile, dispute, evidence, solution, or evidence-viewer surface text. Party dialogue scripts are not included here."
case_surface_content_src_data_cases_generated_friend-01_evidence_e-3_.viewerDataByStage.1.chat.messages_1_.text,case_surface_content,src/data/cases/generated,friend-01,evidence[e-3].viewerDataByStage.1.chat.messages[1].text,"다은아, 갑자기 연락해서 미안해. 바로 말하기가 좀 어려워서 몇 번을 썼다 지웠어.","Da-eun, I’m sorry for contacting you out of the blue. It was hard to say directly, so I wrote and deleted it several times.",ダウン、急に連絡してごめん。すぐに言うのが少し難しくて、何度も書いては消した。,多恩，突然联系你，对不起。有些话很难直接说出口，我写了又删了好几次。,"Case metadata, character profile, dispute, evidence, solution, or evidence-viewer surface text. Party dialogue scripts are not included here."
case_surface_content_src_data_cases_generated_friend-01_evidence_e-3_.viewerDataByStage.1.chat.messages_1_.time,case_surface_content,src/data/cases/generated,friend-01,evidence[e-3].viewerDataByStage.1.chat.messages[1].time,오후 9:41,9:41 PM,午後9時41分,晚上9:41,"Case metadata, character profile, dispute, evidence, solution, or evidence-viewer surface text. Party dialogue scripts are not included here."
case_surface_content_src_data_cases_generated_friend-01_evidence_e-3_.viewerDataByStage.1.chat.messages_2_.sender,case_surface_content,src/data/cases/generated,friend-01,evidence[e-3].viewerDataByStage.1.chat.messages[2].sender,송다은,Song Da-eun,ソン・ダウン,宋多恩,"Case metadata, character profile, dispute, evidence, solution, or evidence-viewer surface text. Party dialogue scripts are not included here."
case_surface_content_src_data_cases_generated_friend-01_evidence_e-3_.viewerDataByStage.1.chat.messages_2_.text,case_surface_content,src/data/cases/generated,friend-01,evidence[e-3].viewerDataByStage.1.chat.messages[2].text,무슨 일인데 이렇게 뜸을 들여.,What is it? Why are you dragging it out like this?,何なの、そんなにもったいぶって。,到底什么事，你这么吞吞吐吐的。,"Case metadata, character profile, dispute, evidence, solution, or evidence-viewer surface text. Party dialogue scripts are not included here."
case_surface_content_src_data_cases_generated_friend-01_evidence_e-3_.viewerDataByStage.1.chat.messages_2_.time,case_surface_content,src/data/cases/generated,friend-01,evidence[e-3].viewerDataByStage.1.chat.messages[2].time,오후 9:42,9:42 PM,午後9時42分,晚上9:42,"Case metadata, character profile, dispute, evidence, solution, or evidence-viewer surface text. Party dialogue scripts are not included here."
case_surface_content_src_data_cases_generated_friend-01_evidence_e-3_.viewerDataByStage.1.chat.messages_3_.sender,case_surface_content,src/data/cases/generated,friend-01,evidence[e-3].viewerDataByStage.1.chat.messages[3].sender,알 수 없는 상대,Unknown Contact,不明な相手,未知对象,"Case metadata, character profile, dispute, evidence, solution, or evidence-viewer surface text. Party dialogue scripts are not included here."
case_surface_content_src_data_cases_generated_friend-01_evidence_e-3_.viewerDataByStage.1.chat.messages_3_.text,case_surface_content,src/data/cases/generated,friend-01,evidence[e-3].viewerDataByStage.1.chat.messages[3].text,네가 들으면 기분 나쁠 얘기일 수도 있어서 망설였어. 그래도 그냥 묻어두면 더 이상해질 것 같아.,"I hesitated because it might be upsetting for you to hear. But if I just bury it, things will get even stranger.",あなたが聞いたら嫌な気分になる話かもしれなくて迷った。でも、このまま伏せておくともっとおかしくなりそう。,我犹豫是因为你听了可能会不舒服。但如果就这样埋着不说，事情会变得更奇怪。,"Case metadata, character profile, dispute, evidence, solution, or evidence-viewer surface text. Party dialogue scripts are not included here."
case_surface_content_src_data_cases_generated_friend-01_evidence_e-3_.viewerDataByStage.1.chat.messages_3_.time,case_surface_content,src/data/cases/generated,friend-01,evidence[e-3].viewerDataByStage.1.chat.messages[3].time,오후 9:43,9:43 PM,午後9時43分,晚上9:43,"Case metadata, character profile, dispute, evidence, solution, or evidence-viewer surface text. Party dialogue scripts are not included here."
case_surface_content_src_data_cases_generated_friend-01_evidence_e-3_.viewerDataByStage.1.chat.messages_4_.sender,case_surface_content,src/data/cases/generated,friend-01,evidence[e-3].viewerDataByStage.1.chat.messages[4].sender,송다은,Song Da-eun,ソン・ダウン,宋多恩,"Case metadata, character profile, dispute, evidence, solution, or evidence-viewer surface text. Party dialogue scripts are not included here."
case_surface_content_src_data_cases_generated_friend-01_evidence_e-3_.viewerDataByStage.1.chat.messages_4_.text,case_surface_content,src/data/cases/generated,friend-01,evidence[e-3].viewerDataByStage.1.chat.messages[4].text,또 애매하게 말하지 말고 정확히 말해.,Don’t be vague again. Say it clearly.,また曖昧に言わないで、はっきり言って。,别又说得含含糊糊，讲清楚。,"Case metadata, character profile, dispute, evidence, solution, or evidence-viewer surface text. Party dialogue scripts are not included here."
case_surface_content_src_data_cases_generated_friend-01_evidence_e-3_.viewerDataByStage.1.chat.messages_4_.time,case_surface_content,src/data/cases/generated,friend-01,evidence[e-3].viewerDataByStage.1.chat.messages[4].time,오후 9:44,9:44 PM,午後9時44分,晚上9:44,"Case metadata, character profile, dispute, evidence, solution, or evidence-viewer surface text. Party dialogue scripts are not included here."
case_surface_content_src_data_cases_generated_friend-01_evidence_e-3_.viewerDataByStage.1.chat.messages_5_.sender,case_surface_content,src/data/cases/generated,friend-01,evidence[e-3].viewerDataByStage.1.chat.messages[5].sender,알 수 없는 상대,Unknown Contact,不明な相手,未知对象,"Case metadata, character profile, dispute, evidence, solution, or evidence-viewer surface text. Party dialogue scripts are not included here."
case_surface_content_src_data_cases_generated_friend-01_evidence_e-3_.viewerDataByStage.1.chat.messages_5_.text,case_surface_content,src/data/cases/generated,friend-01,evidence[e-3].viewerDataByStage.1.chat.messages[5].text,"나도 정리가 다 된 건 아닌데, 네 주변에서 생긴 일이라 너한테는 말해야 할 것 같아.","I haven’t sorted it all out either, but it happened around you, so I think I need to tell you.",私も全部整理できているわけじゃないけど、あなたの周りで起きたことだから、あなたには話すべきだと思う。,我也还没有完全理清，但这是发生在你身边的事，我觉得应该告诉你。,"Case metadata, character profile, dispute, evidence, solution, or evidence-viewer surface text. Party dialogue scripts are not included here."
case_surface_content_src_data_cases_generated_friend-01_evidence_e-3_.viewerDataByStage.1.chat.messages_5_.time,case_surface_content,src/data/cases/generated,friend-01,evidence[e-3].viewerDataByStage.1.chat.messages[5].time,오후 9:45,9:45 PM,午後9時45分,晚上9:45,"Case metadata, character profile, dispute, evidence, solution, or evidence-viewer surface text. Party dialogue scripts are not included here."
case_surface_content_src_data_cases_generated_friend-01_evidence_e-3_.viewerDataByStage.1.chat.messages_6_.sender,case_surface_content,src/data/cases/generated,friend-01,evidence[e-3].viewerDataByStage.1.chat.messages[6].sender,송다은,Song Da-eun,ソン・ダウン,宋多恩,"Case metadata, character profile, dispute, evidence, solution, or evidence-viewer surface text. Party dialogue scripts are not included here."
case_surface_content_src_data_cases_generated_friend-01_evidence_e-3_.viewerDataByStage.1.chat.messages_6_.text,case_surface_content,src/data/cases/generated,friend-01,evidence[e-3].viewerDataByStage.1.chat.messages[6].text,내 주변? 무슨 뜻인데.,Around me? What do you mean?,私の周り？ どういう意味？,我身边？什么意思？,"Case metadata, character profile, dispute, evidence, solution, or evidence-viewer surface text. Party dialogue scripts are not included here."
case_surface_content_src_data_cases_generated_friend-01_evidence_e-3_.viewerDataByStage.1.chat.messages_6_.time,case_surface_content,src/data/cases/generated,friend-01,evidence[e-3].viewerDataByStage.1.chat.messages[6].time,오후 9:46,9:46 PM,午後9時46分,晚上9:46,"Case metadata, character profile, dispute, evidence, solution, or evidence-viewer surface text. Party dialogue scripts are not included here."
case_surface_content_src_data_cases_generated_friend-01_evidence_e-3_.viewerDataByStage.1.chat.pages_0_.header,case_surface_content,src/data/cases/generated,friend-01,evidence[e-3].viewerDataByStage.1.chat.pages[0].header,알 수 없는 상대 카톡 — 2024.08.17,Unknown Contact KakaoTalk — 2024.08.17,不明な相手のカカオトーク — 2024.08.17,未知对象KakaoTalk — 2024.08.17,"Case metadata, character profile, dispute, evidence, solution, or evidence-viewer surface text. Party dialogue scripts are not included here."
case_surface_content_src_data_cases_generated_friend-01_evidence_e-3_.viewerDataByStage.1.chat.pages_0_.label,case_surface_content,src/data/cases/generated,friend-01,evidence[e-3].viewerDataByStage.1.chat.pages[0].label,1쪽 망설이는 연락,Page 1: Hesitant Contact,1ページ：ためらいながらの連絡,第1页：犹豫的联系,"Case metadata, character profile, dispute, evidence, solution, or evidence-viewer surface text. Party dialogue scripts are not included here."
case_surface_content_src_data_cases_generated_friend-01_evidence_e-3_.viewerDataByStage.1.chat.pages_0_.messages_1_.sender,case_surface_content,src/data/cases/generated,friend-01,evidence[e-3].viewerDataByStage.1.chat.pages[0].messages[1].sender,알 수 없는 상대,Unknown Contact,不明な相手,未知对象,"Case metadata, character profile, dispute, evidence, solution, or evidence-viewer surface text. Party dialogue scripts are not included here."
case_surface_content_src_data_cases_generated_friend-01_evidence_e-3_.viewerDataByStage.1.chat.pages_0_.messages_1_.text,case_surface_content,src/data/cases/generated,friend-01,evidence[e-3].viewerDataByStage.1.chat.pages[0].messages[1].text,"다은아, 갑자기 연락해서 미안해. 바로 말하기가 좀 어려워서 몇 번을 썼다 지웠어.","Da-eun, I’m sorry for contacting you out of the blue. It was hard to say directly, so I wrote and deleted it several times.",ダウン、急に連絡してごめん。すぐに言うのが少し難しくて、何度も書いては消した。,多恩，突然联系你，对不起。有些话很难直接说出口，我写了又删了好几次。,"Case metadata, character profile, dispute, evidence, solution, or evidence-viewer surface text. Party dialogue scripts are not included here."
case_surface_content_src_data_cases_generated_friend-01_evidence_e-3_.viewerDataByStage.1.chat.pages_0_.messages_1_.time,case_surface_content,src/data/cases/generated,friend-01,evidence[e-3].viewerDataByStage.1.chat.pages[0].messages[1].time,오후 9:41,9:41 PM,午後9時41分,晚上9:41,"Case metadata, character profile, dispute, evidence, solution, or evidence-viewer surface text. Party dialogue scripts are not included here."
case_surface_content_src_data_cases_generated_friend-01_evidence_e-3_.viewerDataByStage.1.chat.pages_0_.messages_2_.sender,case_surface_content,src/data/cases/generated,friend-01,evidence[e-3].viewerDataByStage.1.chat.pages[0].messages[2].sender,송다은,Song Da-eun,ソン・ダウン,宋多恩,"Case metadata, character profile, dispute, evidence, solution, or evidence-viewer surface text. Party dialogue scripts are not included here."
case_surface_content_src_data_cases_generated_friend-01_evidence_e-3_.viewerDataByStage.1.chat.pages_0_.messages_2_.text,case_surface_content,src/data/cases/generated,friend-01,evidence[e-3].viewerDataByStage.1.chat.pages[0].messages[2].text,무슨 일인데 이렇게 뜸을 들여.,What is it? Why are you dragging it out like this?,何なの、そんなにもったいぶって。,到底什么事，你这么吞吞吐吐的。,"Case metadata, character profile, dispute, evidence, solution, or evidence-viewer surface text. Party dialogue scripts are not included here."
case_surface_content_src_data_cases_generated_friend-01_evidence_e-3_.viewerDataByStage.1.chat.pages_0_.messages_2_.time,case_surface_content,src/data/cases/generated,friend-01,evidence[e-3].viewerDataByStage.1.chat.pages[0].messages[2].time,오후 9:42,9:42 PM,午後9時42分,晚上9:42,"Case metadata, character profile, dispute, evidence, solution, or evidence-viewer surface text. Party dialogue scripts are not included here."
case_surface_content_src_data_cases_generated_friend-01_evidence_e-3_.viewerDataByStage.1.chat.pages_0_.messages_3_.sender,case_surface_content,src/data/cases/generated,friend-01,evidence[e-3].viewerDataByStage.1.chat.pages[0].messages[3].sender,알 수 없는 상대,Unknown Contact,不明な相手,未知对象,"Case metadata, character profile, dispute, evidence, solution, or evidence-viewer surface text. Party dialogue scripts are not included here."
case_surface_content_src_data_cases_generated_friend-01_evidence_e-3_.viewerDataByStage.1.chat.pages_0_.messages_3_.text,case_surface_content,src/data/cases/generated,friend-01,evidence[e-3].viewerDataByStage.1.chat.pages[0].messages[3].text,네가 들으면 기분 나쁠 얘기일 수도 있어서 망설였어. 그래도 그냥 묻어두면 더 이상해질 것 같아.,"I hesitated because it might be upsetting for you to hear. But if I just bury it, things will get even stranger.",あなたが聞いたら嫌な気分になる話かもしれなくて迷った。でも、このまま伏せておくともっとおかしくなりそう。,我犹豫是因为你听了可能会不舒服。但如果就这样埋着不说，事情会变得更奇怪。,"Case metadata, character profile, dispute, evidence, solution, or evidence-viewer surface text. Party dialogue scripts are not included here."
case_surface_content_src_data_cases_generated_friend-01_evidence_e-3_.viewerDataByStage.1.chat.pages_0_.messages_3_.time,case_surface_content,src/data/cases/generated,friend-01,evidence[e-3].viewerDataByStage.1.chat.pages[0].messages[3].time,오후 9:43,9:43 PM,午後9時43分,晚上9:43,"Case metadata, character profile, dispute, evidence, solution, or evidence-viewer surface text. Party dialogue scripts are not included here."
case_surface_content_src_data_cases_generated_friend-01_evidence_e-3_.viewerDataByStage.1.chat.pages_0_.messages_4_.sender,case_surface_content,src/data/cases/generated,friend-01,evidence[e-3].viewerDataByStage.1.chat.pages[0].messages[4].sender,송다은,Song Da-eun,ソン・ダウン,宋多恩,"Case metadata, character profile, dispute, evidence, solution, or evidence-viewer surface text. Party dialogue scripts are not included here."
case_surface_content_src_data_cases_generated_friend-01_evidence_e-3_.viewerDataByStage.1.chat.pages_0_.messages_4_.text,case_surface_content,src/data/cases/generated,friend-01,evidence[e-3].viewerDataByStage.1.chat.pages[0].messages[4].text,또 애매하게 말하지 말고 정확히 말해.,Don’t be vague again. Say it clearly.,また曖昧に言わないで、はっきり言って。,别又说得含含糊糊，讲清楚。,"Case metadata, character profile, dispute, evidence, solution, or evidence-viewer surface text. Party dialogue scripts are not included here."
case_surface_content_src_data_cases_generated_friend-01_evidence_e-3_.viewerDataByStage.1.chat.pages_0_.messages_4_.time,case_surface_content,src/data/cases/generated,friend-01,evidence[e-3].viewerDataByStage.1.chat.pages[0].messages[4].time,오후 9:44,9:44 PM,午後9時44分,晚上9:44,"Case metadata, character profile, dispute, evidence, solution, or evidence-viewer surface text. Party dialogue scripts are not included here."
case_surface_content_src_data_cases_generated_friend-01_evidence_e-3_.viewerDataByStage.1.chat.pages_0_.messages_5_.sender,case_surface_content,src/data/cases/generated,friend-01,evidence[e-3].viewerDataByStage.1.chat.pages[0].messages[5].sender,알 수 없는 상대,Unknown Contact,不明な相手,未知对象,"Case metadata, character profile, dispute, evidence, solution, or evidence-viewer surface text. Party dialogue scripts are not included here."
case_surface_content_src_data_cases_generated_friend-01_evidence_e-3_.viewerDataByStage.1.chat.pages_0_.messages_5_.text,case_surface_content,src/data/cases/generated,friend-01,evidence[e-3].viewerDataByStage.1.chat.pages[0].messages[5].text,"나도 정리가 다 된 건 아닌데, 네 주변에서 생긴 일이라 너한테는 말해야 할 것 같아.","I haven’t sorted it all out either, but it happened around you, so I think I need to tell you.",私も全部整理できているわけじゃないけど、あなたの周りで起きたことだから、あなたには話すべきだと思う。,我也还没有完全理清，但这是发生在你身边的事，我觉得应该告诉你。,"Case metadata, character profile, dispute, evidence, solution, or evidence-viewer surface text. Party dialogue scripts are not included here."
case_surface_content_src_data_cases_generated_friend-01_evidence_e-3_.viewerDataByStage.1.chat.pages_0_.messages_5_.time,case_surface_content,src/data/cases/generated,friend-01,evidence[e-3].viewerDataByStage.1.chat.pages[0].messages[5].time,오후 9:45,9:45 PM,午後9時45分,晚上9:45,"Case metadata, character profile, dispute, evidence, solution, or evidence-viewer surface text. Party dialogue scripts are not included here."
case_surface_content_src_data_cases_generated_friend-01_evidence_e-3_.viewerDataByStage.1.chat.pages_0_.messages_6_.sender,case_surface_content,src/data/cases/generated,friend-01,evidence[e-3].viewerDataByStage.1.chat.pages[0].messages[6].sender,송다은,Song Da-eun,ソン・ダウン,宋多恩,"Case metadata, character profile, dispute, evidence, solution, or evidence-viewer surface text. Party dialogue scripts are not included here."
case_surface_content_src_data_cases_generated_friend-01_evidence_e-3_.viewerDataByStage.1.chat.pages_0_.messages_6_.text,case_surface_content,src/data/cases/generated,friend-01,evidence[e-3].viewerDataByStage.1.chat.pages[0].messages[6].text,내 주변? 무슨 뜻인데.,Around me? What do you mean?,私の周り？ どういう意味？,我身边？什么意思？,"Case metadata, character profile, dispute, evidence, solution, or evidence-viewer surface text. Party dialogue scripts are not included here."
case_surface_content_src_data_cases_generated_friend-01_evidence_e-3_.viewerDataByStage.1.chat.pages_0_.messages_6_.time,case_surface_content,src/data/cases/generated,friend-01,evidence[e-3].viewerDataByStage.1.chat.pages[0].messages[6].time,오후 9:46,9:46 PM,午後9時46分,晚上9:46,"Case metadata, character profile, dispute, evidence, solution, or evidence-viewer surface text. Party dialogue scripts are not included here."
case_surface_content_src_data_cases_generated_friend-01_evidence_e-3_.viewerDataByStage.1.meta.legalLabel,case_surface_content,src/data/cases/generated,friend-01,evidence[e-3].viewerDataByStage.1.meta.legalLabel,적법,Legal,適法,合法,"Case metadata, character profile, dispute, evidence, solution, or evidence-viewer surface text. Party dialogue scripts are not included here."
case_surface_content_src_data_cases_generated_friend-01_evidence_e-3_.viewerDataByStage.1.meta.name,case_surface_content,src/data/cases/generated,friend-01,evidence[e-3].viewerDataByStage.1.meta.name,과거 카톡,Old KakaoTalk Chat,過去のカカオトーク,过去的KakaoTalk,"Case metadata, character profile, dispute, evidence, solution, or evidence-viewer surface text. Party dialogue scripts are not included here."
case_surface_content_src_data_cases_generated_friend-01_evidence_e-3_.viewerDataByStage.1.meta.redactions_0,case_surface_content,src/data/cases/generated,friend-01,evidence[e-3].viewerDataByStage.1.meta.redactions[0],돈 문제와 차단 직전 대화 봉인,Money issue and conversation just before blocking sealed,金銭問題とブロック直前の会話を封印,金钱问题及拉黑前对话封存,"Case metadata, character profile, dispute, evidence, solution, or evidence-viewer surface text. Party dialogue scripts are not included here."
case_surface_content_src_data_cases_generated_friend-01_evidence_e-3_.viewerDataByStage.1.meta.sourceLabel,case_surface_content,src/data/cases/generated,friend-01,evidence[e-3].viewerDataByStage.1.meta.sourceLabel,양측,Both Sides,双方,双方,"Case metadata, character profile, dispute, evidence, solution, or evidence-viewer surface text. Party dialogue scripts are not included here."
case_surface_content_src_data_cases_generated_friend-01_evidence_e-3_.viewerDataByStage.1.meta.stageLabel,case_surface_content,src/data/cases/generated,friend-01,evidence[e-3].viewerDataByStage.1.meta.stageLabel,1단계 — 망설이는 연락,Stage 1 — Hesitant Contact,1段階 — ためらいながらの連絡,第1阶段——犹豫的联系,"Case metadata, character profile, dispute, evidence, solution, or evidence-viewer surface text. Party dialogue scripts are not included here."
case_surface_content_src_data_cases_generated_friend-01_evidence_e-3_.viewerDataByStage.1.meta.trustLabel,case_surface_content,src/data/cases/generated,friend-01,evidence[e-3].viewerDataByStage.1.meta.trustLabel,보통,Normal,普通,普通,"Case metadata, character profile, dispute, evidence, solution, or evidence-viewer surface text. Party dialogue scripts are not included here."
case_surface_content_src_data_cases_generated_friend-01_evidence_e-3_.viewerDataByStage.2.chat.header,case_surface_content,src/data/cases/generated,friend-01,evidence[e-3].viewerDataByStage.2.chat.header,알 수 없는 상대 카톡 — 2024.08.17,Unknown Contact KakaoTalk — 2024.08.17,不明な相手のカカオトーク — 2024.08.17,未知对象KakaoTalk — 2024.08.17,"Case metadata, character profile, dispute, evidence, solution, or evidence-viewer surface text. Party dialogue scripts are not included here."
case_surface_content_src_data_cases_generated_friend-01_evidence_e-3_.viewerDataByStage.2.chat.inputStatus,case_surface_content,src/data/cases/generated,friend-01,evidence[e-3].viewerDataByStage.2.chat.inputStatus,[+] 차단 친구와는 대화가 불가능합니다.,[+] You cannot chat with a blocked friend.,[+] ブロックした友だちとは会話できません。,[+] 无法与已拉黑的好友对话。,"Case metadata, character profile, dispute, evidence, solution, or evidence-viewer surface text. Party dialogue scripts are not included here."
case_surface_content_src_data_cases_generated_friend-01_evidence_e-3_.viewerDataByStage.2.chat.messages_0_.sender,case_surface_content,src/data/cases/generated,friend-01,evidence[e-3].viewerDataByStage.2.chat.messages[0].sender,알 수 없는 상대,Unknown Contact,不明な相手,未知对象,"Case metadata, character profile, dispute, evidence, solution, or evidence-viewer surface text. Party dialogue scripts are not included here."
case_surface_content_src_data_cases_generated_friend-01_evidence_e-3_.viewerDataByStage.2.chat.messages_0_.text,case_surface_content,src/data/cases/generated,friend-01,evidence[e-3].viewerDataByStage.2.chat.messages[0].text,돈 문제 때문이야. 내가 혼자 정리하려고 했던 게 있어.,It’s because of a money issue. There was something I tried to handle on my own.,金の問題なの。私が一人で整理しようとしていたことがある。,是因为钱的问题。有件事我一直想自己处理。,"Case metadata, character profile, dispute, evidence, solution, or evidence-viewer surface text. Party dialogue scripts are not included here."
case_surface_content_src_data_cases_generated_friend-01_evidence_e-3_.viewerDataByStage.2.chat.messages_0_.time,case_surface_content,src/data/cases/generated,friend-01,evidence[e-3].viewerDataByStage.2.chat.messages[0].time,오후 9:47,9:47 PM,午後9時47分,晚上9:47,"Case metadata, character profile, dispute, evidence, solution, or evidence-viewer surface text. Party dialogue scripts are not included here."
case_surface_content_src_data_cases_generated_friend-01_evidence_e-3_.viewerDataByStage.2.chat.messages_1_.sender,case_surface_content,src/data/cases/generated,friend-01,evidence[e-3].viewerDataByStage.2.chat.messages[1].sender,송다은,Song Da-eun,ソン・ダウン,宋多恩,"Case metadata, character profile, dispute, evidence, solution, or evidence-viewer surface text. Party dialogue scripts are not included here."
case_surface_content_src_data_cases_generated_friend-01_evidence_e-3_.viewerDataByStage.2.chat.messages_1_.text,case_surface_content,src/data/cases/generated,friend-01,evidence[e-3].viewerDataByStage.2.chat.messages[1].text,돈? 갑자기 왜 돈 얘기를 해? 나한테 뭘 뒤집어씌우려는 거야?,Money? Why are you suddenly talking about money? What are you trying to pin on me?,金？ 急にどうして金の話をするの？ 私に何をなすりつけるつもり？,钱？怎么突然说起钱了？你想把什么扣到我头上？,"Case metadata, character profile, dispute, evidence, solution, or evidence-viewer surface text. Party dialogue scripts are not included here."
case_surface_content_src_data_cases_generated_friend-01_evidence_e-3_.viewerDataByStage.2.chat.messages_1_.time,case_surface_content,src/data/cases/generated,friend-01,evidence[e-3].viewerDataByStage.2.chat.messages[1].time,오후 9:48,9:48 PM,午後9時48分,晚上9:48,"Case metadata, character profile, dispute, evidence, solution, or evidence-viewer surface text. Party dialogue scripts are not included here."
case_surface_content_src_data_cases_generated_friend-01_evidence_e-3_.viewerDataByStage.2.chat.messages_2_.sender,case_surface_content,src/data/cases/generated,friend-01,evidence[e-3].viewerDataByStage.2.chat.messages[2].sender,알 수 없는 상대,Unknown Contact,不明な相手,未知对象,"Case metadata, character profile, dispute, evidence, solution, or evidence-viewer surface text. Party dialogue scripts are not included here."
case_surface_content_src_data_cases_generated_friend-01_evidence_e-3_.viewerDataByStage.2.chat.messages_2_.text,case_surface_content,src/data/cases/generated,friend-01,evidence[e-3].viewerDataByStage.2.chat.messages[2].text,네 돈을 말하는 게 아니야. 네가 오해할까 봐 더 말을 못 꺼냈어.,I’m not talking about your money. I couldn’t say more because I was afraid you’d misunderstand.,あなたの金の話じゃない。あなたが誤解するかと思って、それ以上言い出せなかった。,我说的不是你的钱。我怕你误会，所以没能再说下去。,"Case metadata, character profile, dispute, evidence, solution, or evidence-viewer surface text. Party dialogue scripts are not included here."
case_surface_content_src_data_cases_generated_friend-01_evidence_e-3_.viewerDataByStage.2.chat.messages_2_.time,case_surface_content,src/data/cases/generated,friend-01,evidence[e-3].viewerDataByStage.2.chat.messages[2].time,오후 9:49,9:49 PM,午後9時49分,晚上9:49,"Case metadata, character profile, dispute, evidence, solution, or evidence-viewer surface text. Party dialogue scripts are not included here."
case_surface_content_src_data_cases_generated_friend-01_evidence_e-3_.viewerDataByStage.2.chat.messages_3_.sender,case_surface_content,src/data/cases/generated,friend-01,evidence[e-3].viewerDataByStage.2.chat.messages[3].sender,송다은,Song Da-eun,ソン・ダウン,宋多恩,"Case metadata, character profile, dispute, evidence, solution, or evidence-viewer surface text. Party dialogue scripts are not included here."
case_surface_content_src_data_cases_generated_friend-01_evidence_e-3_.viewerDataByStage.2.chat.messages_3_.text,case_surface_content,src/data/cases/generated,friend-01,evidence[e-3].viewerDataByStage.2.chat.messages[3].text,그럼 왜 내 앞에서는 아무 일 없는 척했는데? 이제 와서 돈 문제라고 하면 내가 뭘 믿어.,"Then why did you act like nothing was wrong in front of me? If you call it a money issue now, what am I supposed to believe?",じゃあ、どうして私の前では何もないふりをしたの？ 今さら金の問題だと言われても、何を信じればいいの。,那你为什么在我面前装作什么都没发生？现在才说是钱的问题，你让我相信什么？,"Case metadata, character profile, dispute, evidence, solution, or evidence-viewer surface text. Party dialogue scripts are not included here."
case_surface_content_src_data_cases_generated_friend-01_evidence_e-3_.viewerDataByStage.2.chat.messages_3_.time,case_surface_content,src/data/cases/generated,friend-01,evidence[e-3].viewerDataByStage.2.chat.messages[3].time,오후 9:50,9:50 PM,午後9時50分,晚上9:50,"Case metadata, character profile, dispute, evidence, solution, or evidence-viewer surface text. Party dialogue scripts are not included here."
case_surface_content_src_data_cases_generated_friend-01_evidence_e-3_.viewerDataByStage.2.chat.messages_4_.sender,case_surface_content,src/data/cases/generated,friend-01,evidence[e-3].viewerDataByStage.2.chat.messages[4].sender,알 수 없는 상대,Unknown Contact,不明な相手,未知对象,"Case metadata, character profile, dispute, evidence, solution, or evidence-viewer surface text. Party dialogue scripts are not included here."
case_surface_content_src_data_cases_generated_friend-01_evidence_e-3_.viewerDataByStage.2.chat.messages_4_.text,case_surface_content,src/data/cases/generated,friend-01,evidence[e-3].viewerDataByStage.2.chat.messages[4].text,말하면 네가 바로 다치게 될 사람 얘기가 나와서 그랬어. 그래서 내가 먼저 막아보려고 했어.,"Because if I told you, it would involve someone whose name would hurt you immediately. So I tried to stop it first.",話したら、あなたがすぐ傷つく相手の話が出てくるから。だから私が先に止めようとした。,因为一说出口，就会牵扯到一个会马上伤到你的人。所以我才想先挡下来。,"Case metadata, character profile, dispute, evidence, solution, or evidence-viewer surface text. Party dialogue scripts are not included here."
case_surface_content_src_data_cases_generated_friend-01_evidence_e-3_.viewerDataByStage.2.chat.messages_4_.time,case_surface_content,src/data/cases/generated,friend-01,evidence[e-3].viewerDataByStage.2.chat.messages[4].time,오후 9:51,9:51 PM,午後9時51分,晚上9:51,"Case metadata, character profile, dispute, evidence, solution, or evidence-viewer surface text. Party dialogue scripts are not included here."
case_surface_content_src_data_cases_generated_friend-01_evidence_e-3_.viewerDataByStage.2.chat.messages_5_.sender,case_surface_content,src/data/cases/generated,friend-01,evidence[e-3].viewerDataByStage.2.chat.messages[5].sender,송다은,Song Da-eun,ソン・ダウン,宋多恩,"Case metadata, character profile, dispute, evidence, solution, or evidence-viewer surface text. Party dialogue scripts are not included here."
case_surface_content_src_data_cases_generated_friend-01_evidence_e-3_.viewerDataByStage.2.chat.messages_5_.text,case_surface_content,src/data/cases/generated,friend-01,evidence[e-3].viewerDataByStage.2.chat.messages[5].text,그런 식으로 책임 피하지 마. 돈 얘기 꺼내는 순간 네가 이상해 보여.,"Don’t dodge responsibility like that. The moment you bring up money, you look suspicious.",そうやって責任から逃げないで。金の話を持ち出した瞬間、あなたの方がおかしく見える。,不要用这种方式逃避责任。你一提钱的问题，看起来奇怪的就是你。,"Case metadata, character profile, dispute, evidence, solution, or evidence-viewer surface text. Party dialogue scripts are not included here."
case_surface_content_src_data_cases_generated_friend-01_evidence_e-3_.viewerDataByStage.2.chat.messages_5_.time,case_surface_content,src/data/cases/generated,friend-01,evidence[e-3].viewerDataByStage.2.chat.messages[5].time,오후 9:52,9:52 PM,午後9時52分,晚上9:52,"Case metadata, character profile, dispute, evidence, solution, or evidence-viewer surface text. Party dialogue scripts are not included here."
case_surface_content_src_data_cases_generated_friend-01_evidence_e-3_.viewerDataByStage.2.chat.pages_0_.header,case_surface_content,src/data/cases/generated,friend-01,evidence[e-3].viewerDataByStage.2.chat.pages[0].header,알 수 없는 상대 카톡 — 2024.08.17,Unknown Contact KakaoTalk — 2024.08.17,不明な相手のカカオトーク — 2024.08.17,未知对象KakaoTalk — 2024.08.17,"Case metadata, character profile, dispute, evidence, solution, or evidence-viewer surface text. Party dialogue scripts are not included here."
case_surface_content_src_data_cases_generated_friend-01_evidence_e-3_.viewerDataByStage.2.chat.pages_0_.label,case_surface_content,src/data/cases/generated,friend-01,evidence[e-3].viewerDataByStage.2.chat.pages[0].label,1쪽 망설이는 연락,Page 1: Hesitant Contact,1ページ：ためらいながらの連絡,第1页：犹豫的联系,"Case metadata, character profile, dispute, evidence, solution, or evidence-viewer surface text. Party dialogue scripts are not included here."
case_surface_content_src_data_cases_generated_friend-01_evidence_e-3_.viewerDataByStage.2.chat.pages_0_.messages_1_.sender,case_surface_content,src/data/cases/generated,friend-01,evidence[e-3].viewerDataByStage.2.chat.pages[0].messages[1].sender,알 수 없는 상대,Unknown Contact,不明な相手,未知对象,"Case metadata, character profile, dispute, evidence, solution, or evidence-viewer surface text. Party dialogue scripts are not included here."
case_surface_content_src_data_cases_generated_friend-01_evidence_e-3_.viewerDataByStage.2.chat.pages_0_.messages_1_.text,case_surface_content,src/data/cases/generated,friend-01,evidence[e-3].viewerDataByStage.2.chat.pages[0].messages[1].text,"다은아, 갑자기 연락해서 미안해. 바로 말하기가 좀 어려워서 몇 번을 썼다 지웠어.","Da-eun, I’m sorry for contacting you out of the blue. It was hard to say directly, so I wrote and deleted it several times.",ダウン、急に連絡してごめん。すぐに言うのが少し難しくて、何度も書いては消した。,多恩，突然联系你，对不起。有些话很难直接说出口，我写了又删了好几次。,"Case metadata, character profile, dispute, evidence, solution, or evidence-viewer surface text. Party dialogue scripts are not included here."
case_surface_content_src_data_cases_generated_friend-01_evidence_e-3_.viewerDataByStage.2.chat.pages_0_.messages_1_.time,case_surface_content,src/data/cases/generated,friend-01,evidence[e-3].viewerDataByStage.2.chat.pages[0].messages[1].time,오후 9:41,9:41 PM,午後9時41分,晚上9:41,"Case metadata, character profile, dispute, evidence, solution, or evidence-viewer surface text. Party dialogue scripts are not included here."
case_surface_content_src_data_cases_generated_friend-01_evidence_e-3_.viewerDataByStage.2.chat.pages_0_.messages_2_.sender,case_surface_content,src/data/cases/generated,friend-01,evidence[e-3].viewerDataByStage.2.chat.pages[0].messages[2].sender,송다은,Song Da-eun,ソン・ダウン,宋多恩,"Case metadata, character profile, dispute, evidence, solution, or evidence-viewer surface text. Party dialogue scripts are not included here."
case_surface_content_src_data_cases_generated_friend-01_evidence_e-3_.viewerDataByStage.2.chat.pages_0_.messages_2_.text,case_surface_content,src/data/cases/generated,friend-01,evidence[e-3].viewerDataByStage.2.chat.pages[0].messages[2].text,무슨 일인데 이렇게 뜸을 들여.,What is it? Why are you dragging it out like this?,何なの、そんなにもったいぶって。,到底什么事，你这么吞吞吐吐的。,"Case metadata, character profile, dispute, evidence, solution, or evidence-viewer surface text. Party dialogue scripts are not included here."
case_surface_content_src_data_cases_generated_friend-01_evidence_e-3_.viewerDataByStage.2.chat.pages_0_.messages_2_.time,case_surface_content,src/data/cases/generated,friend-01,evidence[e-3].viewerDataByStage.2.chat.pages[0].messages[2].time,오후 9:42,9:42 PM,午後9時42分,晚上9:42,"Case metadata, character profile, dispute, evidence, solution, or evidence-viewer surface text. Party dialogue scripts are not included here."
case_surface_content_src_data_cases_generated_friend-01_evidence_e-3_.viewerDataByStage.2.chat.pages_0_.messages_3_.sender,case_surface_content,src/data/cases/generated,friend-01,evidence[e-3].viewerDataByStage.2.chat.pages[0].messages[3].sender,알 수 없는 상대,Unknown Contact,不明な相手,未知对象,"Case metadata, character profile, dispute, evidence, solution, or evidence-viewer surface text. Party dialogue scripts are not included here."
case_surface_content_src_data_cases_generated_friend-01_evidence_e-3_.viewerDataByStage.2.chat.pages_0_.messages_3_.text,case_surface_content,src/data/cases/generated,friend-01,evidence[e-3].viewerDataByStage.2.chat.pages[0].messages[3].text,네가 들으면 기분 나쁠 얘기일 수도 있어서 망설였어. 그래도 그냥 묻어두면 더 이상해질 것 같아.,"I hesitated because it might be upsetting for you to hear. But if I just bury it, things will get even stranger.",あなたが聞いたら嫌な気分になる話かもしれなくて迷った。でも、このまま伏せておくともっとおかしくなりそう。,我犹豫是因为你听了可能会不舒服。但如果就这样埋着不说，事情会变得更奇怪。,"Case metadata, character profile, dispute, evidence, solution, or evidence-viewer surface text. Party dialogue scripts are not included here."
case_surface_content_src_data_cases_generated_friend-01_evidence_e-3_.viewerDataByStage.2.chat.pages_0_.messages_3_.time,case_surface_content,src/data/cases/generated,friend-01,evidence[e-3].viewerDataByStage.2.chat.pages[0].messages[3].time,오후 9:43,9:43 PM,午後9時43分,晚上9:43,"Case metadata, character profile, dispute, evidence, solution, or evidence-viewer surface text. Party dialogue scripts are not included here."
case_surface_content_src_data_cases_generated_friend-01_evidence_e-3_.viewerDataByStage.2.chat.pages_0_.messages_4_.sender,case_surface_content,src/data/cases/generated,friend-01,evidence[e-3].viewerDataByStage.2.chat.pages[0].messages[4].sender,송다은,Song Da-eun,ソン・ダウン,宋多恩,"Case metadata, character profile, dispute, evidence, solution, or evidence-viewer surface text. Party dialogue scripts are not included here."
case_surface_content_src_data_cases_generated_friend-01_evidence_e-3_.viewerDataByStage.2.chat.pages_0_.messages_4_.text,case_surface_content,src/data/cases/generated,friend-01,evidence[e-3].viewerDataByStage.2.chat.pages[0].messages[4].text,또 애매하게 말하지 말고 정확히 말해.,Don’t be vague again. Say it clearly.,また曖昧に言わないで、はっきり言って。,别又说得含含糊糊，讲清楚。,"Case metadata, character profile, dispute, evidence, solution, or evidence-viewer surface text. Party dialogue scripts are not included here."
case_surface_content_src_data_cases_generated_friend-01_evidence_e-3_.viewerDataByStage.2.chat.pages_0_.messages_4_.time,case_surface_content,src/data/cases/generated,friend-01,evidence[e-3].viewerDataByStage.2.chat.pages[0].messages[4].time,오후 9:44,9:44 PM,午後9時44分,晚上9:44,"Case metadata, character profile, dispute, evidence, solution, or evidence-viewer surface text. Party dialogue scripts are not included here."
case_surface_content_src_data_cases_generated_friend-01_evidence_e-3_.viewerDataByStage.2.chat.pages_0_.messages_5_.sender,case_surface_content,src/data/cases/generated,friend-01,evidence[e-3].viewerDataByStage.2.chat.pages[0].messages[5].sender,알 수 없는 상대,Unknown Contact,不明な相手,未知对象,"Case metadata, character profile, dispute, evidence, solution, or evidence-viewer surface text. Party dialogue scripts are not included here."
case_surface_content_src_data_cases_generated_friend-01_evidence_e-3_.viewerDataByStage.2.chat.pages_0_.messages_5_.text,case_surface_content,src/data/cases/generated,friend-01,evidence[e-3].viewerDataByStage.2.chat.pages[0].messages[5].text,"나도 정리가 다 된 건 아닌데, 네 주변에서 생긴 일이라 너한테는 말해야 할 것 같아.","I haven’t sorted it all out either, but it happened around you, so I think I need to tell you.",私も全部整理できているわけじゃないけど、あなたの周りで起きたことだから、あなたには話すべきだと思う。,我也还没有完全理清，但这是发生在你身边的事，我觉得应该告诉你。,"Case metadata, character profile, dispute, evidence, solution, or evidence-viewer surface text. Party dialogue scripts are not included here."
case_surface_content_src_data_cases_generated_friend-01_evidence_e-3_.viewerDataByStage.2.chat.pages_0_.messages_5_.time,case_surface_content,src/data/cases/generated,friend-01,evidence[e-3].viewerDataByStage.2.chat.pages[0].messages[5].time,오후 9:45,9:45 PM,午後9時45分,晚上9:45,"Case metadata, character profile, dispute, evidence, solution, or evidence-viewer surface text. Party dialogue scripts are not included here."
case_surface_content_src_data_cases_generated_friend-01_evidence_e-3_.viewerDataByStage.2.chat.pages_0_.messages_6_.sender,case_surface_content,src/data/cases/generated,friend-01,evidence[e-3].viewerDataByStage.2.chat.pages[0].messages[6].sender,송다은,Song Da-eun,ソン・ダウン,宋多恩,"Case metadata, character profile, dispute, evidence, solution, or evidence-viewer surface text. Party dialogue scripts are not included here."
case_surface_content_src_data_cases_generated_friend-01_evidence_e-3_.viewerDataByStage.2.chat.pages_0_.messages_6_.text,case_surface_content,src/data/cases/generated,friend-01,evidence[e-3].viewerDataByStage.2.chat.pages[0].messages[6].text,내 주변? 무슨 뜻인데.,Around me? What do you mean?,私の周り？ どういう意味？,我身边？什么意思？,"Case metadata, character profile, dispute, evidence, solution, or evidence-viewer surface text. Party dialogue scripts are not included here."
case_surface_content_src_data_cases_generated_friend-01_evidence_e-3_.viewerDataByStage.2.chat.pages_0_.messages_6_.time,case_surface_content,src/data/cases/generated,friend-01,evidence[e-3].viewerDataByStage.2.chat.pages[0].messages[6].time,오후 9:46,9:46 PM,午後9時46分,晚上9:46,"Case metadata, character profile, dispute, evidence, solution, or evidence-viewer surface text. Party dialogue scripts are not included here."
case_surface_content_src_data_cases_generated_friend-01_evidence_e-3_.viewerDataByStage.2.chat.pages_1_.header,case_surface_content,src/data/cases/generated,friend-01,evidence[e-3].viewerDataByStage.2.chat.pages[1].header,알 수 없는 상대 카톡 — 2024.08.17,Unknown Contact KakaoTalk — 2024.08.17,不明な相手のカカオトーク — 2024.08.17,未知对象KakaoTalk — 2024.08.17,"Case metadata, character profile, dispute, evidence, solution, or evidence-viewer surface text. Party dialogue scripts are not included here."
case_surface_content_src_data_cases_generated_friend-01_evidence_e-3_.viewerDataByStage.2.chat.pages_1_.label,case_surface_content,src/data/cases/generated,friend-01,evidence[e-3].viewerDataByStage.2.chat.pages[1].label,2쪽 돈 문제 오해,Page 2: Money Issue Misunderstanding,2ページ：金銭問題の誤解,第2页：金钱问题误会,"Case metadata, character profile, dispute, evidence, solution, or evidence-viewer surface text. Party dialogue scripts are not included here."
case_surface_content_src_data_cases_generated_friend-01_evidence_e-3_.viewerDataByStage.2.chat.pages_1_.messages_0_.sender,case_surface_content,src/data/cases/generated,friend-01,evidence[e-3].viewerDataByStage.2.chat.pages[1].messages[0].sender,알 수 없는 상대,Unknown Contact,不明な相手,未知对象,"Case metadata, character profile, dispute, evidence, solution, or evidence-viewer surface text. Party dialogue scripts are not included here."
case_surface_content_src_data_cases_generated_friend-01_evidence_e-3_.viewerDataByStage.2.chat.pages_1_.messages_0_.text,case_surface_content,src/data/cases/generated,friend-01,evidence[e-3].viewerDataByStage.2.chat.pages[1].messages[0].text,돈 문제 때문이야. 내가 혼자 정리하려고 했던 게 있어.,It’s because of a money issue. There was something I tried to handle on my own.,金の問題なの。私が一人で整理しようとしていたことがある。,是因为钱的问题。有件事我一直想自己处理。,"Case metadata, character profile, dispute, evidence, solution, or evidence-viewer surface text. Party dialogue scripts are not included here."
case_surface_content_src_data_cases_generated_friend-01_evidence_e-3_.viewerDataByStage.2.chat.pages_1_.messages_0_.time,case_surface_content,src/data/cases/generated,friend-01,evidence[e-3].viewerDataByStage.2.chat.pages[1].messages[0].time,오후 9:47,9:47 PM,午後9時47分,晚上9:47,"Case metadata, character profile, dispute, evidence, solution, or evidence-viewer surface text. Party dialogue scripts are not included here."
case_surface_content_src_data_cases_generated_friend-01_evidence_e-3_.viewerDataByStage.2.chat.pages_1_.messages_1_.sender,case_surface_content,src/data/cases/generated,friend-01,evidence[e-3].viewerDataByStage.2.chat.pages[1].messages[1].sender,송다은,Song Da-eun,ソン・ダウン,宋多恩,"Case metadata, character profile, dispute, evidence, solution, or evidence-viewer surface text. Party dialogue scripts are not included here."
case_surface_content_src_data_cases_generated_friend-01_evidence_e-3_.viewerDataByStage.2.chat.pages_1_.messages_1_.text,case_surface_content,src/data/cases/generated,friend-01,evidence[e-3].viewerDataByStage.2.chat.pages[1].messages[1].text,돈? 갑자기 왜 돈 얘기를 해? 나한테 뭘 뒤집어씌우려는 거야?,Money? Why are you suddenly talking about money? What are you trying to pin on me?,金？ 急にどうして金の話をするの？ 私に何をなすりつけるつもり？,钱？怎么突然说起钱了？你想把什么扣到我头上？,"Case metadata, character profile, dispute, evidence, solution, or evidence-viewer surface text. Party dialogue scripts are not included here."
case_surface_content_src_data_cases_generated_friend-01_evidence_e-3_.viewerDataByStage.2.chat.pages_1_.messages_1_.time,case_surface_content,src/data/cases/generated,friend-01,evidence[e-3].viewerDataByStage.2.chat.pages[1].messages[1].time,오후 9:48,9:48 PM,午後9時48分,晚上9:48,"Case metadata, character profile, dispute, evidence, solution, or evidence-viewer surface text. Party dialogue scripts are not included here."
case_surface_content_src_data_cases_generated_friend-01_evidence_e-3_.viewerDataByStage.2.chat.pages_1_.messages_2_.sender,case_surface_content,src/data/cases/generated,friend-01,evidence[e-3].viewerDataByStage.2.chat.pages[1].messages[2].sender,알 수 없는 상대,Unknown Contact,不明な相手,未知对象,"Case metadata, character profile, dispute, evidence, solution, or evidence-viewer surface text. Party dialogue scripts are not included here."
case_surface_content_src_data_cases_generated_friend-01_evidence_e-3_.viewerDataByStage.2.chat.pages_1_.messages_2_.text,case_surface_content,src/data/cases/generated,friend-01,evidence[e-3].viewerDataByStage.2.chat.pages[1].messages[2].text,네 돈을 말하는 게 아니야. 네가 오해할까 봐 더 말을 못 꺼냈어.,I’m not talking about your money. I couldn’t say more because I was afraid you’d misunderstand.,あなたの金の話じゃない。あなたが誤解するかと思って、それ以上言い出せなかった。,我说的不是你的钱。我怕你误会，所以没能再说下去。,"Case metadata, character profile, dispute, evidence, solution, or evidence-viewer surface text. Party dialogue scripts are not included here."
case_surface_content_src_data_cases_generated_friend-01_evidence_e-3_.viewerDataByStage.2.chat.pages_1_.messages_2_.time,case_surface_content,src/data/cases/generated,friend-01,evidence[e-3].viewerDataByStage.2.chat.pages[1].messages[2].time,오후 9:49,9:49 PM,午後9時49分,晚上9:49,"Case metadata, character profile, dispute, evidence, solution, or evidence-viewer surface text. Party dialogue scripts are not included here."
case_surface_content_src_data_cases_generated_friend-01_evidence_e-3_.viewerDataByStage.2.chat.pages_1_.messages_3_.sender,case_surface_content,src/data/cases/generated,friend-01,evidence[e-3].viewerDataByStage.2.chat.pages[1].messages[3].sender,송다은,Song Da-eun,ソン・ダウン,宋多恩,"Case metadata, character profile, dispute, evidence, solution, or evidence-viewer surface text. Party dialogue scripts are not included here."
case_surface_content_src_data_cases_generated_friend-01_evidence_e-3_.viewerDataByStage.2.chat.pages_1_.messages_3_.text,case_surface_content,src/data/cases/generated,friend-01,evidence[e-3].viewerDataByStage.2.chat.pages[1].messages[3].text,그럼 왜 내 앞에서는 아무 일 없는 척했는데? 이제 와서 돈 문제라고 하면 내가 뭘 믿어.,"Then why did you act like nothing was wrong in front of me? If you call it a money issue now, what am I supposed to believe?",じゃあ、どうして私の前では何もないふりをしたの？ 今さら金の問題だと言われても、何を信じればいいの。,那你为什么在我面前装作什么都没发生？现在才说是钱的问题，你让我相信什么？,"Case metadata, character profile, dispute, evidence, solution, or evidence-viewer surface text. Party dialogue scripts are not included here."
case_surface_content_src_data_cases_generated_friend-01_evidence_e-3_.viewerDataByStage.2.chat.pages_1_.messages_3_.time,case_surface_content,src/data/cases/generated,friend-01,evidence[e-3].viewerDataByStage.2.chat.pages[1].messages[3].time,오후 9:50,9:50 PM,午後9時50分,晚上9:50,"Case metadata, character profile, dispute, evidence, solution, or evidence-viewer surface text. Party dialogue scripts are not included here."
case_surface_content_src_data_cases_generated_friend-01_evidence_e-3_.viewerDataByStage.2.chat.pages_1_.messages_4_.sender,case_surface_content,src/data/cases/generated,friend-01,evidence[e-3].viewerDataByStage.2.chat.pages[1].messages[4].sender,알 수 없는 상대,Unknown Contact,不明な相手,未知对象,"Case metadata, character profile, dispute, evidence, solution, or evidence-viewer surface text. Party dialogue scripts are not included here."
case_surface_content_src_data_cases_generated_friend-01_evidence_e-3_.viewerDataByStage.2.chat.pages_1_.messages_4_.text,case_surface_content,src/data/cases/generated,friend-01,evidence[e-3].viewerDataByStage.2.chat.pages[1].messages[4].text,말하면 네가 바로 다치게 될 사람 얘기가 나와서 그랬어. 그래서 내가 먼저 막아보려고 했어.,"Because if I told you, it would involve someone whose name would hurt you immediately. So I tried to stop it first.",話したら、あなたがすぐ傷つく相手の話が出てくるから。だから私が先に止めようとした。,因为一说出口，就会牵扯到一个会马上伤到你的人。所以我才想先挡下来。,"Case metadata, character profile, dispute, evidence, solution, or evidence-viewer surface text. Party dialogue scripts are not included here."
case_surface_content_src_data_cases_generated_friend-01_evidence_e-3_.viewerDataByStage.2.chat.pages_1_.messages_4_.time,case_surface_content,src/data/cases/generated,friend-01,evidence[e-3].viewerDataByStage.2.chat.pages[1].messages[4].time,오후 9:51,9:51 PM,午後9時51分,晚上9:51,"Case metadata, character profile, dispute, evidence, solution, or evidence-viewer surface text. Party dialogue scripts are not included here."
case_surface_content_src_data_cases_generated_friend-01_evidence_e-3_.viewerDataByStage.2.chat.pages_1_.messages_5_.sender,case_surface_content,src/data/cases/generated,friend-01,evidence[e-3].viewerDataByStage.2.chat.pages[1].messages[5].sender,송다은,Song Da-eun,ソン・ダウン,宋多恩,"Case metadata, character profile, dispute, evidence, solution, or evidence-viewer surface text. Party dialogue scripts are not included here."
case_surface_content_src_data_cases_generated_friend-01_evidence_e-3_.viewerDataByStage.2.chat.pages_1_.messages_5_.text,case_surface_content,src/data/cases/generated,friend-01,evidence[e-3].viewerDataByStage.2.chat.pages[1].messages[5].text,그런 식으로 책임 피하지 마. 돈 얘기 꺼내는 순간 네가 이상해 보여.,"Don’t dodge responsibility like that. The moment you bring up money, you look suspicious.",そうやって責任から逃げないで。金の話を持ち出した瞬間、あなたの方がおかしく見える。,不要用这种方式逃避责任。你一提钱的问题，看起来奇怪的就是你。,"Case metadata, character profile, dispute, evidence, solution, or evidence-viewer surface text. Party dialogue scripts are not included here."
case_surface_content_src_data_cases_generated_friend-01_evidence_e-3_.viewerDataByStage.2.chat.pages_1_.messages_5_.time,case_surface_content,src/data/cases/generated,friend-01,evidence[e-3].viewerDataByStage.2.chat.pages[1].messages[5].time,오후 9:52,9:52 PM,午後9時52分,晚上9:52,"Case metadata, character profile, dispute, evidence, solution, or evidence-viewer surface text. Party dialogue scripts are not included here."
case_surface_content_src_data_cases_generated_friend-01_evidence_e-3_.viewerDataByStage.2.meta.legalLabel,case_surface_content,src/data/cases/generated,friend-01,evidence[e-3].viewerDataByStage.2.meta.legalLabel,적법,Legal,適法,合法,"Case metadata, character profile, dispute, evidence, solution, or evidence-viewer surface text. Party dialogue scripts are not included here."
case_surface_content_src_data_cases_generated_friend-01_evidence_e-3_.viewerDataByStage.2.meta.name,case_surface_content,src/data/cases/generated,friend-01,evidence[e-3].viewerDataByStage.2.meta.name,과거 카톡,Old KakaoTalk Chat,過去のカカオトーク,过去的KakaoTalk,"Case metadata, character profile, dispute, evidence, solution, or evidence-viewer surface text. Party dialogue scripts are not included here."
case_surface_content_src_data_cases_generated_friend-01_evidence_e-3_.viewerDataByStage.2.meta.redactions_0,case_surface_content,src/data/cases/generated,friend-01,evidence[e-3].viewerDataByStage.2.meta.redactions[0],아버지 관련 언급 봉인,Father-related mention sealed,父に関する言及を封印,与父亲有关的提及封存,"Case metadata, character profile, dispute, evidence, solution, or evidence-viewer surface text. Party dialogue scripts are not included here."
case_surface_content_src_data_cases_generated_friend-01_evidence_e-3_.viewerDataByStage.2.meta.sourceLabel,case_surface_content,src/data/cases/generated,friend-01,evidence[e-3].viewerDataByStage.2.meta.sourceLabel,양측,Both Sides,双方,双方,"Case metadata, character profile, dispute, evidence, solution, or evidence-viewer surface text. Party dialogue scripts are not included here."
case_surface_content_src_data_cases_generated_friend-01_evidence_e-3_.viewerDataByStage.2.meta.stageLabel,case_surface_content,src/data/cases/generated,friend-01,evidence[e-3].viewerDataByStage.2.meta.stageLabel,2단계 — 돈 문제 오해,Stage 2 — Money Issue Misunderstanding,2段階 — 金銭問題の誤解,第2阶段——金钱问题误会,"Case metadata, character profile, dispute, evidence, solution, or evidence-viewer surface text. Party dialogue scripts are not included here."
case_surface_content_src_data_cases_generated_friend-01_evidence_e-3_.viewerDataByStage.2.meta.trustLabel,case_surface_content,src/data/cases/generated,friend-01,evidence[e-3].viewerDataByStage.2.meta.trustLabel,보통,Normal,普通,普通,"Case metadata, character profile, dispute, evidence, solution, or evidence-viewer surface text. Party dialogue scripts are not included here."
case_surface_content_src_data_cases_generated_friend-01_evidence_e-3_.viewerDataByStage.3.chat.header,case_surface_content,src/data/cases/generated,friend-01,evidence[e-3].viewerDataByStage.3.chat.header,알 수 없는 상대 카톡 — 2024.08.17,Unknown Contact KakaoTalk — 2024.08.17,不明な相手のカカオトーク — 2024.08.17,未知对象KakaoTalk — 2024.08.17,"Case metadata, character profile, dispute, evidence, solution, or evidence-viewer surface text. Party dialogue scripts are not included here."
case_surface_content_src_data_cases_generated_friend-01_evidence_e-3_.viewerDataByStage.3.chat.inputStatus,case_surface_content,src/data/cases/generated,friend-01,evidence[e-3].viewerDataByStage.3.chat.inputStatus,[+] 차단 친구와는 대화가 불가능합니다.,[+] You cannot chat with a blocked friend.,[+] ブロックした友だちとは会話できません。,[+] 无法与已拉黑的好友对话。,"Case metadata, character profile, dispute, evidence, solution, or evidence-viewer surface text. Party dialogue scripts are not included here."
case_surface_content_src_data_cases_generated_friend-01_evidence_e-3_.viewerDataByStage.3.chat.messages_0_.sender,case_surface_content,src/data/cases/generated,friend-01,evidence[e-3].viewerDataByStage.3.chat.messages[0].sender,알 수 없는 상대,Unknown Contact,不明な相手,未知对象,"Case metadata, character profile, dispute, evidence, solution, or evidence-viewer surface text. Party dialogue scripts are not included here."
case_surface_content_src_data_cases_generated_friend-01_evidence_e-3_.viewerDataByStage.3.chat.messages_0_.text,case_surface_content,src/data/cases/generated,friend-01,evidence[e-3].viewerDataByStage.3.chat.messages[0].text,"다은아, 네 아버지와 관련된 일이야. 그래서 더 조심스러웠어.","Da-eun, it has to do with your father. That’s why I was even more careful.",ダウン、あなたのお父さんに関わることなの。だから余計に慎重になった。,多恩，这件事和你父亲有关。所以我才更加谨慎。,"Case metadata, character profile, dispute, evidence, solution, or evidence-viewer surface text. Party dialogue scripts are not included here."
case_surface_content_src_data_cases_generated_friend-01_evidence_e-3_.viewerDataByStage.3.chat.messages_0_.time,case_surface_content,src/data/cases/generated,friend-01,evidence[e-3].viewerDataByStage.3.chat.messages[0].time,오후 9:53,9:53 PM,午後9時53分,晚上9:53,"Case metadata, character profile, dispute, evidence, solution, or evidence-viewer surface text. Party dialogue scripts are not included here."
case_surface_content_src_data_cases_generated_friend-01_evidence_e-3_.viewerDataByStage.3.chat.messages_1_.sender,case_surface_content,src/data/cases/generated,friend-01,evidence[e-3].viewerDataByStage.3.chat.messages[1].sender,송다은,Song Da-eun,ソン・ダウン,宋多恩,"Case metadata, character profile, dispute, evidence, solution, or evidence-viewer surface text. Party dialogue scripts are not included here."
case_surface_content_src_data_cases_generated_friend-01_evidence_e-3_.viewerDataByStage.3.chat.messages_1_.text,case_surface_content,src/data/cases/generated,friend-01,evidence[e-3].viewerDataByStage.3.chat.messages[1].text,우리 아빠를 왜 끌어들여? 그걸로 나 협박하려는 거야?,Why are you dragging my dad into this? Are you trying to threaten me with that?,なんで私の父を巻き込むの？ それで私を脅すつもり？,为什么把我爸牵扯进来？你是想拿这个威胁我吗？,"Case metadata, character profile, dispute, evidence, solution, or evidence-viewer surface text. Party dialogue scripts are not included here."
case_surface_content_src_data_cases_generated_friend-01_evidence_e-3_.viewerDataByStage.3.chat.messages_1_.time,case_surface_content,src/data/cases/generated,friend-01,evidence[e-3].viewerDataByStage.3.chat.messages[1].time,오후 9:54,9:54 PM,午後9時54分,晚上9:54,"Case metadata, character profile, dispute, evidence, solution, or evidence-viewer surface text. Party dialogue scripts are not included here."
case_surface_content_src_data_cases_generated_friend-01_evidence_e-3_.viewerDataByStage.3.chat.messages_2_.sender,case_surface_content,src/data/cases/generated,friend-01,evidence[e-3].viewerDataByStage.3.chat.messages[2].sender,알 수 없는 상대,Unknown Contact,不明な相手,未知对象,"Case metadata, character profile, dispute, evidence, solution, or evidence-viewer surface text. Party dialogue scripts are not included here."
case_surface_content_src_data_cases_generated_friend-01_evidence_e-3_.viewerDataByStage.3.chat.messages_2_.text,case_surface_content,src/data/cases/generated,friend-01,evidence[e-3].viewerDataByStage.3.chat.messages[2].text,"협박이 아니야. 아버지한테 빌려준 돈이 있었고, 네가 알면 상처받을까 봐 숨겼어.","It’s not a threat. I had lent your father money, and I hid it because I thought you’d be hurt if you found out.",脅しじゃない。あなたのお父さんに貸したお金があって、あなたが知ったら傷つくと思って隠したの。,这不是威胁。我借过钱给你父亲，因为怕你知道后受伤，所以才瞒着你。,"Case metadata, character profile, dispute, evidence, solution, or evidence-viewer surface text. Party dialogue scripts are not included here."
case_surface_content_src_data_cases_generated_friend-01_evidence_e-3_.viewerDataByStage.3.chat.messages_2_.time,case_surface_content,src/data/cases/generated,friend-01,evidence[e-3].viewerDataByStage.3.chat.messages[2].time,오후 9:55,9:55 PM,午後9時55分,晚上9:55,"Case metadata, character profile, dispute, evidence, solution, or evidence-viewer surface text. Party dialogue scripts are not included here."
case_surface_content_src_data_cases_generated_friend-01_evidence_e-3_.viewerDataByStage.3.chat.messages_3_.sender,case_surface_content,src/data/cases/generated,friend-01,evidence[e-3].viewerDataByStage.3.chat.messages[3].sender,송다은,Song Da-eun,ソン・ダウン,宋多恩,"Case metadata, character profile, dispute, evidence, solution, or evidence-viewer surface text. Party dialogue scripts are not included here."
case_surface_content_src_data_cases_generated_friend-01_evidence_e-3_.viewerDataByStage.3.chat.messages_3_.text,case_surface_content,src/data/cases/generated,friend-01,evidence[e-3].viewerDataByStage.3.chat.messages[3].text,그만해. 우리 아빠 이름까지 꺼내서 네 돈 문제를 정당화하지 마.,Stop it. Don’t bring up my dad’s name to justify your money problem.,やめて。私の父の名前まで出して、自分の金の問題を正当化しないで。,够了。不要连我爸的名字都搬出来，为你的钱的问题找借口。,"Case metadata, character profile, dispute, evidence, solution, or evidence-viewer surface text. Party dialogue scripts are not included here."
case_surface_content_src_data_cases_generated_friend-01_evidence_e-3_.viewerDataByStage.3.chat.messages_3_.time,case_surface_content,src/data/cases/generated,friend-01,evidence[e-3].viewerDataByStage.3.chat.messages[3].time,오후 9:56,9:56 PM,午後9時56分,晚上9:56,"Case metadata, character profile, dispute, evidence, solution, or evidence-viewer surface text. Party dialogue scripts are not included here."
case_surface_content_src_data_cases_generated_friend-01_evidence_e-3_.viewerDataByStage.3.chat.messages_4_.sender,case_surface_content,src/data/cases/generated,friend-01,evidence[e-3].viewerDataByStage.3.chat.messages[4].sender,알 수 없는 상대,Unknown Contact,不明な相手,未知对象,"Case metadata, character profile, dispute, evidence, solution, or evidence-viewer surface text. Party dialogue scripts are not included here."
case_surface_content_src_data_cases_generated_friend-01_evidence_e-3_.viewerDataByStage.3.chat.messages_4_.text,case_surface_content,src/data/cases/generated,friend-01,evidence[e-3].viewerDataByStage.3.chat.messages[4].text,미안해. 그래도 네가 오해한 채로 끝나는 건 싫었어.,I’m sorry. But I didn’t want it to end with you misunderstanding me.,ごめん。でも、あなたが誤解したまま終わるのは嫌だった。,对不起。但我不想让事情在你误会的情况下结束。,"Case metadata, character profile, dispute, evidence, solution, or evidence-viewer surface text. Party dialogue scripts are not included here."
case_surface_content_src_data_cases_generated_friend-01_evidence_e-3_.viewerDataByStage.3.chat.messages_4_.time,case_surface_content,src/data/cases/generated,friend-01,evidence[e-3].viewerDataByStage.3.chat.messages[4].time,오후 9:57,9:57 PM,午後9時57分,晚上9:57,"Case metadata, character profile, dispute, evidence, solution, or evidence-viewer surface text. Party dialogue scripts are not included here."
case_surface_content_src_data_cases_generated_friend-01_evidence_e-3_.viewerDataByStage.3.chat.messages_5_.sender,case_surface_content,src/data/cases/generated,friend-01,evidence[e-3].viewerDataByStage.3.chat.messages[5].sender,송다은,Song Da-eun,ソン・ダウン,宋多恩,"Case metadata, character profile, dispute, evidence, solution, or evidence-viewer surface text. Party dialogue scripts are not included here."
case_surface_content_src_data_cases_generated_friend-01_evidence_e-3_.viewerDataByStage.3.chat.messages_5_.text,case_surface_content,src/data/cases/generated,friend-01,evidence[e-3].viewerDataByStage.3.chat.messages[5].text,됐어. 더 연락하지 마. 차단할게.,Enough. Don’t contact me again. I’m blocking you.,もういい。これ以上連絡しないで。ブロックする。,够了。别再联系我。我会拉黑你。,"Case metadata, character profile, dispute, evidence, solution, or evidence-viewer surface text. Party dialogue scripts are not included here."
case_surface_content_src_data_cases_generated_friend-01_evidence_e-3_.viewerDataByStage.3.chat.messages_5_.time,case_surface_content,src/data/cases/generated,friend-01,evidence[e-3].viewerDataByStage.3.chat.messages[5].time,오후 9:58,9:58 PM,午後9時58分,晚上9:58,"Case metadata, character profile, dispute, evidence, solution, or evidence-viewer surface text. Party dialogue scripts are not included here."
case_surface_content_src_data_cases_generated_friend-01_evidence_e-3_.viewerDataByStage.3.chat.messages_6_.text,case_surface_content,src/data/cases/generated,friend-01,evidence[e-3].viewerDataByStage.3.chat.messages[6].text,송다은 — 차단함,Song Da-eun — Blocked,ソン・ダウン — ブロック済み,宋多恩 — 已拉黑,"Case metadata, character profile, dispute, evidence, solution, or evidence-viewer surface text. Party dialogue scripts are not included here."
case_surface_content_src_data_cases_generated_friend-01_evidence_e-3_.viewerDataByStage.3.chat.pages_0_.header,case_surface_content,src/data/cases/generated,friend-01,evidence[e-3].viewerDataByStage.3.chat.pages[0].header,알 수 없는 상대 카톡 — 2024.08.17,Unknown Contact KakaoTalk — 2024.08.17,不明な相手のカカオトーク — 2024.08.17,未知对象KakaoTalk — 2024.08.17,"Case metadata, character profile, dispute, evidence, solution, or evidence-viewer surface text. Party dialogue scripts are not included here."
case_surface_content_src_data_cases_generated_friend-01_evidence_e-3_.viewerDataByStage.3.chat.pages_0_.label,case_surface_content,src/data/cases/generated,friend-01,evidence[e-3].viewerDataByStage.3.chat.pages[0].label,1쪽 망설이는 연락,Page 1: Hesitant Contact,1ページ：ためらいながらの連絡,第1页：犹豫的联系,"Case metadata, character profile, dispute, evidence, solution, or evidence-viewer surface text. Party dialogue scripts are not included here."
case_surface_content_src_data_cases_generated_friend-01_evidence_e-3_.viewerDataByStage.3.chat.pages_0_.messages_1_.sender,case_surface_content,src/data/cases/generated,friend-01,evidence[e-3].viewerDataByStage.3.chat.pages[0].messages[1].sender,알 수 없는 상대,Unknown Contact,不明な相手,未知对象,"Case metadata, character profile, dispute, evidence, solution, or evidence-viewer surface text. Party dialogue scripts are not included here."
case_surface_content_src_data_cases_generated_friend-01_evidence_e-3_.viewerDataByStage.3.chat.pages_0_.messages_1_.text,case_surface_content,src/data/cases/generated,friend-01,evidence[e-3].viewerDataByStage.3.chat.pages[0].messages[1].text,"다은아, 갑자기 연락해서 미안해. 바로 말하기가 좀 어려워서 몇 번을 썼다 지웠어.","Da-eun, I’m sorry for contacting you out of the blue. It was hard to say directly, so I wrote and deleted it several times.",ダウン、急に連絡してごめん。すぐに言うのが少し難しくて、何度も書いては消した。,多恩，突然联系你，对不起。有些话很难直接说出口，我写了又删了好几次。,"Case metadata, character profile, dispute, evidence, solution, or evidence-viewer surface text. Party dialogue scripts are not included here."
case_surface_content_src_data_cases_generated_friend-01_evidence_e-3_.viewerDataByStage.3.chat.pages_0_.messages_1_.time,case_surface_content,src/data/cases/generated,friend-01,evidence[e-3].viewerDataByStage.3.chat.pages[0].messages[1].time,오후 9:41,9:41 PM,午後9時41分,晚上9:41,"Case metadata, character profile, dispute, evidence, solution, or evidence-viewer surface text. Party dialogue scripts are not included here."
case_surface_content_src_data_cases_generated_friend-01_evidence_e-3_.viewerDataByStage.3.chat.pages_0_.messages_2_.sender,case_surface_content,src/data/cases/generated,friend-01,evidence[e-3].viewerDataByStage.3.chat.pages[0].messages[2].sender,송다은,Song Da-eun,ソン・ダウン,宋多恩,"Case metadata, character profile, dispute, evidence, solution, or evidence-viewer surface text. Party dialogue scripts are not included here."
case_surface_content_src_data_cases_generated_friend-01_evidence_e-3_.viewerDataByStage.3.chat.pages_0_.messages_2_.text,case_surface_content,src/data/cases/generated,friend-01,evidence[e-3].viewerDataByStage.3.chat.pages[0].messages[2].text,무슨 일인데 이렇게 뜸을 들여.,What is it? Why are you dragging it out like this?,何なの、そんなにもったいぶって。,到底什么事，你这么吞吞吐吐的。,"Case metadata, character profile, dispute, evidence, solution, or evidence-viewer surface text. Party dialogue scripts are not included here."
case_surface_content_src_data_cases_generated_friend-01_evidence_e-3_.viewerDataByStage.3.chat.pages_0_.messages_2_.time,case_surface_content,src/data/cases/generated,friend-01,evidence[e-3].viewerDataByStage.3.chat.pages[0].messages[2].time,오후 9:42,9:42 PM,午後9時42分,晚上9:42,"Case metadata, character profile, dispute, evidence, solution, or evidence-viewer surface text. Party dialogue scripts are not included here."
case_surface_content_src_data_cases_generated_friend-01_evidence_e-3_.viewerDataByStage.3.chat.pages_0_.messages_3_.sender,case_surface_content,src/data/cases/generated,friend-01,evidence[e-3].viewerDataByStage.3.chat.pages[0].messages[3].sender,알 수 없는 상대,Unknown Contact,不明な相手,未知对象,"Case metadata, character profile, dispute, evidence, solution, or evidence-viewer surface text. Party dialogue scripts are not included here."
case_surface_content_src_data_cases_generated_friend-01_evidence_e-3_.viewerDataByStage.3.chat.pages_0_.messages_3_.text,case_surface_content,src/data/cases/generated,friend-01,evidence[e-3].viewerDataByStage.3.chat.pages[0].messages[3].text,네가 들으면 기분 나쁠 얘기일 수도 있어서 망설였어. 그래도 그냥 묻어두면 더 이상해질 것 같아.,"I hesitated because it might be upsetting for you to hear. But if I just bury it, things will get even stranger.",あなたが聞いたら嫌な気分になる話かもしれなくて迷った。でも、このまま伏せておくともっとおかしくなりそう。,我犹豫是因为你听了可能会不舒服。但如果就这样埋着不说，事情会变得更奇怪。,"Case metadata, character profile, dispute, evidence, solution, or evidence-viewer surface text. Party dialogue scripts are not included here."
case_surface_content_src_data_cases_generated_friend-01_evidence_e-3_.viewerDataByStage.3.chat.pages_0_.messages_3_.time,case_surface_content,src/data/cases/generated,friend-01,evidence[e-3].viewerDataByStage.3.chat.pages[0].messages[3].time,오후 9:43,9:43 PM,午後9時43分,晚上9:43,"Case metadata, character profile, dispute, evidence, solution, or evidence-viewer surface text. Party dialogue scripts are not included here."
case_surface_content_src_data_cases_generated_friend-01_evidence_e-3_.viewerDataByStage.3.chat.pages_0_.messages_4_.sender,case_surface_content,src/data/cases/generated,friend-01,evidence[e-3].viewerDataByStage.3.chat.pages[0].messages[4].sender,송다은,Song Da-eun,ソン・ダウン,宋多恩,"Case metadata, character profile, dispute, evidence, solution, or evidence-viewer surface text. Party dialogue scripts are not included here."
case_surface_content_src_data_cases_generated_friend-01_evidence_e-3_.viewerDataByStage.3.chat.pages_0_.messages_4_.text,case_surface_content,src/data/cases/generated,friend-01,evidence[e-3].viewerDataByStage.3.chat.pages[0].messages[4].text,또 애매하게 말하지 말고 정확히 말해.,Don’t be vague again. Say it clearly.,また曖昧に言わないで、はっきり言って。,别又说得含含糊糊，讲清楚。,"Case metadata, character profile, dispute, evidence, solution, or evidence-viewer surface text. Party dialogue scripts are not included here."
case_surface_content_src_data_cases_generated_friend-01_evidence_e-3_.viewerDataByStage.3.chat.pages_0_.messages_4_.time,case_surface_content,src/data/cases/generated,friend-01,evidence[e-3].viewerDataByStage.3.chat.pages[0].messages[4].time,오후 9:44,9:44 PM,午後9時44分,晚上9:44,"Case metadata, character profile, dispute, evidence, solution, or evidence-viewer surface text. Party dialogue scripts are not included here."
case_surface_content_src_data_cases_generated_friend-01_evidence_e-3_.viewerDataByStage.3.chat.pages_0_.messages_5_.sender,case_surface_content,src/data/cases/generated,friend-01,evidence[e-3].viewerDataByStage.3.chat.pages[0].messages[5].sender,알 수 없는 상대,Unknown Contact,不明な相手,未知对象,"Case metadata, character profile, dispute, evidence, solution, or evidence-viewer surface text. Party dialogue scripts are not included here."
case_surface_content_src_data_cases_generated_friend-01_evidence_e-3_.viewerDataByStage.3.chat.pages_0_.messages_5_.text,case_surface_content,src/data/cases/generated,friend-01,evidence[e-3].viewerDataByStage.3.chat.pages[0].messages[5].text,"나도 정리가 다 된 건 아닌데, 네 주변에서 생긴 일이라 너한테는 말해야 할 것 같아.","I haven’t sorted it all out either, but it happened around you, so I think I need to tell you.",私も全部整理できているわけじゃないけど、あなたの周りで起きたことだから、あなたには話すべきだと思う。,我也还没有完全理清，但这是发生在你身边的事，我觉得应该告诉你。,"Case metadata, character profile, dispute, evidence, solution, or evidence-viewer surface text. Party dialogue scripts are not included here."
case_surface_content_src_data_cases_generated_friend-01_evidence_e-3_.viewerDataByStage.3.chat.pages_0_.messages_5_.time,case_surface_content,src/data/cases/generated,friend-01,evidence[e-3].viewerDataByStage.3.chat.pages[0].messages[5].time,오후 9:45,9:45 PM,午後9時45分,晚上9:45,"Case metadata, character profile, dispute, evidence, solution, or evidence-viewer surface text. Party dialogue scripts are not included here."
case_surface_content_src_data_cases_generated_friend-01_evidence_e-3_.viewerDataByStage.3.chat.pages_0_.messages_6_.sender,case_surface_content,src/data/cases/generated,friend-01,evidence[e-3].viewerDataByStage.3.chat.pages[0].messages[6].sender,송다은,Song Da-eun,ソン・ダウン,宋多恩,"Case metadata, character profile, dispute, evidence, solution, or evidence-viewer surface text. Party dialogue scripts are not included here."
case_surface_content_src_data_cases_generated_friend-01_evidence_e-3_.viewerDataByStage.3.chat.pages_0_.messages_6_.text,case_surface_content,src/data/cases/generated,friend-01,evidence[e-3].viewerDataByStage.3.chat.pages[0].messages[6].text,내 주변? 무슨 뜻인데.,Around me? What do you mean?,私の周り？ どういう意味？,我身边？什么意思？,"Case metadata, character profile, dispute, evidence, solution, or evidence-viewer surface text. Party dialogue scripts are not included here."
case_surface_content_src_data_cases_generated_friend-01_evidence_e-3_.viewerDataByStage.3.chat.pages_0_.messages_6_.time,case_surface_content,src/data/cases/generated,friend-01,evidence[e-3].viewerDataByStage.3.chat.pages[0].messages[6].time,오후 9:46,9:46 PM,午後9時46分,晚上9:46,"Case metadata, character profile, dispute, evidence, solution, or evidence-viewer surface text. Party dialogue scripts are not included here."
case_surface_content_src_data_cases_generated_friend-01_evidence_e-3_.viewerDataByStage.3.chat.pages_1_.header,case_surface_content,src/data/cases/generated,friend-01,evidence[e-3].viewerDataByStage.3.chat.pages[1].header,알 수 없는 상대 카톡 — 2024.08.17,Unknown Contact KakaoTalk — 2024.08.17,不明な相手のカカオトーク — 2024.08.17,未知对象KakaoTalk — 2024.08.17,"Case metadata, character profile, dispute, evidence, solution, or evidence-viewer surface text. Party dialogue scripts are not included here."
case_surface_content_src_data_cases_generated_friend-01_evidence_e-3_.viewerDataByStage.3.chat.pages_1_.label,case_surface_content,src/data/cases/generated,friend-01,evidence[e-3].viewerDataByStage.3.chat.pages[1].label,2쪽 돈 문제 오해,Page 2: Money Issue Misunderstanding,2ページ：金銭問題の誤解,第2页：金钱问题误会,"Case metadata, character profile, dispute, evidence, solution, or evidence-viewer surface text. Party dialogue scripts are not included here."
case_surface_content_src_data_cases_generated_friend-01_evidence_e-3_.viewerDataByStage.3.chat.pages_1_.messages_0_.sender,case_surface_content,src/data/cases/generated,friend-01,evidence[e-3].viewerDataByStage.3.chat.pages[1].messages[0].sender,알 수 없는 상대,Unknown Contact,不明な相手,未知对象,"Case metadata, character profile, dispute, evidence, solution, or evidence-viewer surface text. Party dialogue scripts are not included here."
case_surface_content_src_data_cases_generated_friend-01_evidence_e-3_.viewerDataByStage.3.chat.pages_1_.messages_0_.text,case_surface_content,src/data/cases/generated,friend-01,evidence[e-3].viewerDataByStage.3.chat.pages[1].messages[0].text,돈 문제 때문이야. 내가 혼자 정리하려고 했던 게 있어.,It’s because of a money issue. There was something I tried to handle on my own.,金の問題なの。私が一人で整理しようとしていたことがある。,是因为钱的问题。有件事我一直想自己处理。,"Case metadata, character profile, dispute, evidence, solution, or evidence-viewer surface text. Party dialogue scripts are not included here."
case_surface_content_src_data_cases_generated_friend-01_evidence_e-3_.viewerDataByStage.3.chat.pages_1_.messages_0_.time,case_surface_content,src/data/cases/generated,friend-01,evidence[e-3].viewerDataByStage.3.chat.pages[1].messages[0].time,오후 9:47,9:47 PM,午後9時47分,晚上9:47,"Case metadata, character profile, dispute, evidence, solution, or evidence-viewer surface text. Party dialogue scripts are not included here."
case_surface_content_src_data_cases_generated_friend-01_evidence_e-3_.viewerDataByStage.3.chat.pages_1_.messages_1_.sender,case_surface_content,src/data/cases/generated,friend-01,evidence[e-3].viewerDataByStage.3.chat.pages[1].messages[1].sender,송다은,Song Da-eun,ソン・ダウン,宋多恩,"Case metadata, character profile, dispute, evidence, solution, or evidence-viewer surface text. Party dialogue scripts are not included here."
case_surface_content_src_data_cases_generated_friend-01_evidence_e-3_.viewerDataByStage.3.chat.pages_1_.messages_1_.text,case_surface_content,src/data/cases/generated,friend-01,evidence[e-3].viewerDataByStage.3.chat.pages[1].messages[1].text,돈? 갑자기 왜 돈 얘기를 해? 나한테 뭘 뒤집어씌우려는 거야?,Money? Why are you suddenly talking about money? What are you trying to pin on me?,金？ 急にどうして金の話をするの？ 私に何をなすりつけるつもり？,钱？怎么突然说起钱了？你想把什么扣到我头上？,"Case metadata, character profile, dispute, evidence, solution, or evidence-viewer surface text. Party dialogue scripts are not included here."
case_surface_content_src_data_cases_generated_friend-01_evidence_e-3_.viewerDataByStage.3.chat.pages_1_.messages_1_.time,case_surface_content,src/data/cases/generated,friend-01,evidence[e-3].viewerDataByStage.3.chat.pages[1].messages[1].time,오후 9:48,9:48 PM,午後9時48分,晚上9:48,"Case metadata, character profile, dispute, evidence, solution, or evidence-viewer surface text. Party dialogue scripts are not included here."
case_surface_content_src_data_cases_generated_friend-01_evidence_e-3_.viewerDataByStage.3.chat.pages_1_.messages_2_.sender,case_surface_content,src/data/cases/generated,friend-01,evidence[e-3].viewerDataByStage.3.chat.pages[1].messages[2].sender,알 수 없는 상대,Unknown Contact,不明な相手,未知对象,"Case metadata, character profile, dispute, evidence, solution, or evidence-viewer surface text. Party dialogue scripts are not included here."
case_surface_content_src_data_cases_generated_friend-01_evidence_e-3_.viewerDataByStage.3.chat.pages_1_.messages_2_.text,case_surface_content,src/data/cases/generated,friend-01,evidence[e-3].viewerDataByStage.3.chat.pages[1].messages[2].text,네 돈을 말하는 게 아니야. 네가 오해할까 봐 더 말을 못 꺼냈어.,I’m not talking about your money. I couldn’t say more because I was afraid you’d misunderstand.,あなたの金の話じゃない。あなたが誤解するかと思って、それ以上言い出せなかった。,我说的不是你的钱。我怕你误会，所以没能再说下去。,"Case metadata, character profile, dispute, evidence, solution, or evidence-viewer surface text. Party dialogue scripts are not included here."
case_surface_content_src_data_cases_generated_friend-01_evidence_e-3_.viewerDataByStage.3.chat.pages_1_.messages_2_.time,case_surface_content,src/data/cases/generated,friend-01,evidence[e-3].viewerDataByStage.3.chat.pages[1].messages[2].time,오후 9:49,9:49 PM,午後9時49分,晚上9:49,"Case metadata, character profile, dispute, evidence, solution, or evidence-viewer surface text. Party dialogue scripts are not included here."
case_surface_content_src_data_cases_generated_friend-01_evidence_e-3_.viewerDataByStage.3.chat.pages_1_.messages_3_.sender,case_surface_content,src/data/cases/generated,friend-01,evidence[e-3].viewerDataByStage.3.chat.pages[1].messages[3].sender,송다은,Song Da-eun,ソン・ダウン,宋多恩,"Case metadata, character profile, dispute, evidence, solution, or evidence-viewer surface text. Party dialogue scripts are not included here."
case_surface_content_src_data_cases_generated_friend-01_evidence_e-3_.viewerDataByStage.3.chat.pages_1_.messages_3_.text,case_surface_content,src/data/cases/generated,friend-01,evidence[e-3].viewerDataByStage.3.chat.pages[1].messages[3].text,그럼 왜 내 앞에서는 아무 일 없는 척했는데? 이제 와서 돈 문제라고 하면 내가 뭘 믿어.,"Then why did you act like nothing was wrong in front of me? If you call it a money issue now, what am I supposed to believe?",じゃあ、どうして私の前では何もないふりをしたの？ 今さら金の問題だと言われても、何を信じればいいの。,那你为什么在我面前装作什么都没发生？现在才说是钱的问题，你让我相信什么？,"Case metadata, character profile, dispute, evidence, solution, or evidence-viewer surface text. Party dialogue scripts are not included here."
case_surface_content_src_data_cases_generated_friend-01_evidence_e-3_.viewerDataByStage.3.chat.pages_1_.messages_3_.time,case_surface_content,src/data/cases/generated,friend-01,evidence[e-3].viewerDataByStage.3.chat.pages[1].messages[3].time,오후 9:50,9:50 PM,午後9時50分,晚上9:50,"Case metadata, character profile, dispute, evidence, solution, or evidence-viewer surface text. Party dialogue scripts are not included here."
case_surface_content_src_data_cases_generated_friend-01_evidence_e-3_.viewerDataByStage.3.chat.pages_1_.messages_4_.sender,case_surface_content,src/data/cases/generated,friend-01,evidence[e-3].viewerDataByStage.3.chat.pages[1].messages[4].sender,알 수 없는 상대,Unknown Contact,不明な相手,未知对象,"Case metadata, character profile, dispute, evidence, solution, or evidence-viewer surface text. Party dialogue scripts are not included here."
case_surface_content_src_data_cases_generated_friend-01_evidence_e-3_.viewerDataByStage.3.chat.pages_1_.messages_4_.text,case_surface_content,src/data/cases/generated,friend-01,evidence[e-3].viewerDataByStage.3.chat.pages[1].messages[4].text,말하면 네가 바로 다치게 될 사람 얘기가 나와서 그랬어. 그래서 내가 먼저 막아보려고 했어.,"Because if I told you, it would involve someone whose name would hurt you immediately. So I tried to stop it first.",話したら、あなたがすぐ傷つく相手の話が出てくるから。だから私が先に止めようとした。,因为一说出口，就会牵扯到一个会马上伤到你的人。所以我才想先挡下来。,"Case metadata, character profile, dispute, evidence, solution, or evidence-viewer surface text. Party dialogue scripts are not included here."
case_surface_content_src_data_cases_generated_friend-01_evidence_e-3_.viewerDataByStage.3.chat.pages_1_.messages_4_.time,case_surface_content,src/data/cases/generated,friend-01,evidence[e-3].viewerDataByStage.3.chat.pages[1].messages[4].time,오후 9:51,9:51 PM,午後9時51分,晚上9:51,"Case metadata, character profile, dispute, evidence, solution, or evidence-viewer surface text. Party dialogue scripts are not included here."
case_surface_content_src_data_cases_generated_friend-01_evidence_e-3_.viewerDataByStage.3.chat.pages_1_.messages_5_.sender,case_surface_content,src/data/cases/generated,friend-01,evidence[e-3].viewerDataByStage.3.chat.pages[1].messages[5].sender,송다은,Song Da-eun,ソン・ダウン,宋多恩,"Case metadata, character profile, dispute, evidence, solution, or evidence-viewer surface text. Party dialogue scripts are not included here."
case_surface_content_src_data_cases_generated_friend-01_evidence_e-3_.viewerDataByStage.3.chat.pages_1_.messages_5_.text,case_surface_content,src/data/cases/generated,friend-01,evidence[e-3].viewerDataByStage.3.chat.pages[1].messages[5].text,그런 식으로 책임 피하지 마. 돈 얘기 꺼내는 순간 네가 이상해 보여.,"Don’t dodge responsibility like that. The moment you bring up money, you look suspicious.",そうやって責任から逃げないで。金の話を持ち出した瞬間、あなたの方がおかしく見える。,不要用这种方式逃避责任。你一提钱的问题，看起来奇怪的就是你。,"Case metadata, character profile, dispute, evidence, solution, or evidence-viewer surface text. Party dialogue scripts are not included here."
case_surface_content_src_data_cases_generated_friend-01_evidence_e-3_.viewerDataByStage.3.chat.pages_1_.messages_5_.time,case_surface_content,src/data/cases/generated,friend-01,evidence[e-3].viewerDataByStage.3.chat.pages[1].messages[5].time,오후 9:52,9:52 PM,午後9時52分,晚上9:52,"Case metadata, character profile, dispute, evidence, solution, or evidence-viewer surface text. Party dialogue scripts are not included here."
case_surface_content_src_data_cases_generated_friend-01_evidence_e-3_.viewerDataByStage.3.chat.pages_2_.header,case_surface_content,src/data/cases/generated,friend-01,evidence[e-3].viewerDataByStage.3.chat.pages[2].header,알 수 없는 상대 카톡 — 2024.08.17,Unknown Contact KakaoTalk — 2024.08.17,不明な相手のカカオトーク — 2024.08.17,未知对象KakaoTalk — 2024.08.17,"Case metadata, character profile, dispute, evidence, solution, or evidence-viewer surface text. Party dialogue scripts are not included here."
case_surface_content_src_data_cases_generated_friend-01_evidence_e-3_.viewerDataByStage.3.chat.pages_2_.label,case_surface_content,src/data/cases/generated,friend-01,evidence[e-3].viewerDataByStage.3.chat.pages[2].label,3쪽 아버지 언급과 차단,Page 3: Father Mentioned and Blocked,3ページ：父への言及とブロック,第3页：提及父亲与拉黑,"Case metadata, character profile, dispute, evidence, solution, or evidence-viewer surface text. Party dialogue scripts are not included here."
case_surface_content_src_data_cases_generated_friend-01_evidence_e-3_.viewerDataByStage.3.chat.pages_2_.messages_0_.sender,case_surface_content,src/data/cases/generated,friend-01,evidence[e-3].viewerDataByStage.3.chat.pages[2].messages[0].sender,알 수 없는 상대,Unknown Contact,不明な相手,未知对象,"Case metadata, character profile, dispute, evidence, solution, or evidence-viewer surface text. Party dialogue scripts are not included here."
case_surface_content_src_data_cases_generated_friend-01_evidence_e-3_.viewerDataByStage.3.chat.pages_2_.messages_0_.text,case_surface_content,src/data/cases/generated,friend-01,evidence[e-3].viewerDataByStage.3.chat.pages[2].messages[0].text,"다은아, 네 아버지와 관련된 일이야. 그래서 더 조심스러웠어.","Da-eun, it has to do with your father. That’s why I was even more careful.",ダウン、あなたのお父さんに関わることなの。だから余計に慎重になった。,多恩，这件事和你父亲有关。所以我才更加谨慎。,"Case metadata, character profile, dispute, evidence, solution, or evidence-viewer surface text. Party dialogue scripts are not included here."
case_surface_content_src_data_cases_generated_friend-01_evidence_e-3_.viewerDataByStage.3.chat.pages_2_.messages_0_.time,case_surface_content,src/data/cases/generated,friend-01,evidence[e-3].viewerDataByStage.3.chat.pages[2].messages[0].time,오후 9:53,9:53 PM,午後9時53分,晚上9:53,"Case metadata, character profile, dispute, evidence, solution, or evidence-viewer surface text. Party dialogue scripts are not included here."
case_surface_content_src_data_cases_generated_friend-01_evidence_e-3_.viewerDataByStage.3.chat.pages_2_.messages_1_.sender,case_surface_content,src/data/cases/generated,friend-01,evidence[e-3].viewerDataByStage.3.chat.pages[2].messages[1].sender,송다은,Song Da-eun,ソン・ダウン,宋多恩,"Case metadata, character profile, dispute, evidence, solution, or evidence-viewer surface text. Party dialogue scripts are not included here."
case_surface_content_src_data_cases_generated_friend-01_evidence_e-3_.viewerDataByStage.3.chat.pages_2_.messages_1_.text,case_surface_content,src/data/cases/generated,friend-01,evidence[e-3].viewerDataByStage.3.chat.pages[2].messages[1].text,우리 아빠를 왜 끌어들여? 그걸로 나 협박하려는 거야?,Why are you dragging my dad into this? Are you trying to threaten me with that?,なんで私の父を巻き込むの？ それで私を脅すつもり？,为什么把我爸牵扯进来？你是想拿这个威胁我吗？,"Case metadata, character profile, dispute, evidence, solution, or evidence-viewer surface text. Party dialogue scripts are not included here."
case_surface_content_src_data_cases_generated_friend-01_evidence_e-3_.viewerDataByStage.3.chat.pages_2_.messages_1_.time,case_surface_content,src/data/cases/generated,friend-01,evidence[e-3].viewerDataByStage.3.chat.pages[2].messages[1].time,오후 9:54,9:54 PM,午後9時54分,晚上9:54,"Case metadata, character profile, dispute, evidence, solution, or evidence-viewer surface text. Party dialogue scripts are not included here."
case_surface_content_src_data_cases_generated_friend-01_evidence_e-3_.viewerDataByStage.3.chat.pages_2_.messages_2_.sender,case_surface_content,src/data/cases/generated,friend-01,evidence[e-3].viewerDataByStage.3.chat.pages[2].messages[2].sender,알 수 없는 상대,Unknown Contact,不明な相手,未知对象,"Case metadata, character profile, dispute, evidence, solution, or evidence-viewer surface text. Party dialogue scripts are not included here."
case_surface_content_src_data_cases_generated_friend-01_evidence_e-3_.viewerDataByStage.3.chat.pages_2_.messages_2_.text,case_surface_content,src/data/cases/generated,friend-01,evidence[e-3].viewerDataByStage.3.chat.pages[2].messages[2].text,"협박이 아니야. 아버지한테 빌려준 돈이 있었고, 네가 알면 상처받을까 봐 숨겼어.","It’s not a threat. I had lent your father money, and I hid it because I thought you’d be hurt if you found out.",脅しじゃない。あなたのお父さんに貸したお金があって、あなたが知ったら傷つくと思って隠したの。,这不是威胁。我借过钱给你父亲，因为怕你知道后受伤，所以才瞒着你。,"Case metadata, character profile, dispute, evidence, solution, or evidence-viewer surface text. Party dialogue scripts are not included here."
case_surface_content_src_data_cases_generated_friend-01_evidence_e-3_.viewerDataByStage.3.chat.pages_2_.messages_2_.time,case_surface_content,src/data/cases/generated,friend-01,evidence[e-3].viewerDataByStage.3.chat.pages[2].messages[2].time,오후 9:55,9:55 PM,午後9時55分,晚上9:55,"Case metadata, character profile, dispute, evidence, solution, or evidence-viewer surface text. Party dialogue scripts are not included here."
case_surface_content_src_data_cases_generated_friend-01_evidence_e-3_.viewerDataByStage.3.chat.pages_2_.messages_3_.sender,case_surface_content,src/data/cases/generated,friend-01,evidence[e-3].viewerDataByStage.3.chat.pages[2].messages[3].sender,송다은,Song Da-eun,ソン・ダウン,宋多恩,"Case metadata, character profile, dispute, evidence, solution, or evidence-viewer surface text. Party dialogue scripts are not included here."
case_surface_content_src_data_cases_generated_friend-01_evidence_e-3_.viewerDataByStage.3.chat.pages_2_.messages_3_.text,case_surface_content,src/data/cases/generated,friend-01,evidence[e-3].viewerDataByStage.3.chat.pages[2].messages[3].text,그만해. 우리 아빠 이름까지 꺼내서 네 돈 문제를 정당화하지 마.,Stop it. Don’t bring up my dad’s name to justify your money problem.,やめて。私の父の名前まで出して、自分の金の問題を正当化しないで。,够了。不要连我爸的名字都搬出来，为你的钱的问题找借口。,"Case metadata, character profile, dispute, evidence, solution, or evidence-viewer surface text. Party dialogue scripts are not included here."
case_surface_content_src_data_cases_generated_friend-01_evidence_e-3_.viewerDataByStage.3.chat.pages_2_.messages_3_.time,case_surface_content,src/data/cases/generated,friend-01,evidence[e-3].viewerDataByStage.3.chat.pages[2].messages[3].time,오후 9:56,9:56 PM,午後9時56分,晚上9:56,"Case metadata, character profile, dispute, evidence, solution, or evidence-viewer surface text. Party dialogue scripts are not included here."
case_surface_content_src_data_cases_generated_friend-01_evidence_e-3_.viewerDataByStage.3.chat.pages_2_.messages_4_.sender,case_surface_content,src/data/cases/generated,friend-01,evidence[e-3].viewerDataByStage.3.chat.pages[2].messages[4].sender,알 수 없는 상대,Unknown Contact,不明な相手,未知对象,"Case metadata, character profile, dispute, evidence, solution, or evidence-viewer surface text. Party dialogue scripts are not included here."
case_surface_content_src_data_cases_generated_friend-01_evidence_e-3_.viewerDataByStage.3.chat.pages_2_.messages_4_.text,case_surface_content,src/data/cases/generated,friend-01,evidence[e-3].viewerDataByStage.3.chat.pages[2].messages[4].text,미안해. 그래도 네가 오해한 채로 끝나는 건 싫었어.,I’m sorry. But I didn’t want it to end with you misunderstanding me.,ごめん。でも、あなたが誤解したまま終わるのは嫌だった。,对不起。但我不想让事情在你误会的情况下结束。,"Case metadata, character profile, dispute, evidence, solution, or evidence-viewer surface text. Party dialogue scripts are not included here."
case_surface_content_src_data_cases_generated_friend-01_evidence_e-3_.viewerDataByStage.3.chat.pages_2_.messages_4_.time,case_surface_content,src/data/cases/generated,friend-01,evidence[e-3].viewerDataByStage.3.chat.pages[2].messages[4].time,오후 9:57,9:57 PM,午後9時57分,晚上9:57,"Case metadata, character profile, dispute, evidence, solution, or evidence-viewer surface text. Party dialogue scripts are not included here."
case_surface_content_src_data_cases_generated_friend-01_evidence_e-3_.viewerDataByStage.3.chat.pages_2_.messages_5_.sender,case_surface_content,src/data/cases/generated,friend-01,evidence[e-3].viewerDataByStage.3.chat.pages[2].messages[5].sender,송다은,Song Da-eun,ソン・ダウン,宋多恩,"Case metadata, character profile, dispute, evidence, solution, or evidence-viewer surface text. Party dialogue scripts are not included here."
case_surface_content_src_data_cases_generated_friend-01_evidence_e-3_.viewerDataByStage.3.chat.pages_2_.messages_5_.text,case_surface_content,src/data/cases/generated,friend-01,evidence[e-3].viewerDataByStage.3.chat.pages[2].messages[5].text,됐어. 더 연락하지 마. 차단할게.,Enough. Don’t contact me again. I’m blocking you.,もういい。これ以上連絡しないで。ブロックする。,够了。别再联系我。我会拉黑你。,"Case metadata, character profile, dispute, evidence, solution, or evidence-viewer surface text. Party dialogue scripts are not included here."
case_surface_content_src_data_cases_generated_friend-01_evidence_e-3_.viewerDataByStage.3.chat.pages_2_.messages_5_.time,case_surface_content,src/data/cases/generated,friend-01,evidence[e-3].viewerDataByStage.3.chat.pages[2].messages[5].time,오후 9:58,9:58 PM,午後9時58分,晚上9:58,"Case metadata, character profile, dispute, evidence, solution, or evidence-viewer surface text. Party dialogue scripts are not included here."
case_surface_content_src_data_cases_generated_friend-01_evidence_e-3_.viewerDataByStage.3.chat.pages_2_.messages_6_.text,case_surface_content,src/data/cases/generated,friend-01,evidence[e-3].viewerDataByStage.3.chat.pages[2].messages[6].text,송다은 — 차단함,Song Da-eun — Blocked,ソン・ダウン — ブロック済み,宋多恩 — 已拉黑,"Case metadata, character profile, dispute, evidence, solution, or evidence-viewer surface text. Party dialogue scripts are not included here."
case_surface_content_src_data_cases_generated_friend-01_evidence_e-3_.viewerDataByStage.3.meta.legalLabel,case_surface_content,src/data/cases/generated,friend-01,evidence[e-3].viewerDataByStage.3.meta.legalLabel,적법,Legal,適法,合法,"Case metadata, character profile, dispute, evidence, solution, or evidence-viewer surface text. Party dialogue scripts are not included here."
case_surface_content_src_data_cases_generated_friend-01_evidence_e-3_.viewerDataByStage.3.meta.name,case_surface_content,src/data/cases/generated,friend-01,evidence[e-3].viewerDataByStage.3.meta.name,과거 카톡,Old KakaoTalk Chat,過去のカカオトーク,过去的KakaoTalk,"Case metadata, character profile, dispute, evidence, solution, or evidence-viewer surface text. Party dialogue scripts are not included here."
case_surface_content_src_data_cases_generated_friend-01_evidence_e-3_.viewerDataByStage.3.meta.sourceLabel,case_surface_content,src/data/cases/generated,friend-01,evidence[e-3].viewerDataByStage.3.meta.sourceLabel,양측,Both Sides,双方,双方,"Case metadata, character profile, dispute, evidence, solution, or evidence-viewer surface text. Party dialogue scripts are not included here."
case_surface_content_src_data_cases_generated_friend-01_evidence_e-3_.viewerDataByStage.3.meta.stageLabel,case_surface_content,src/data/cases/generated,friend-01,evidence[e-3].viewerDataByStage.3.meta.stageLabel,3단계 — 아버지 언급과 차단,Stage 3 — Father Mentioned and Blocked,3段階 — 父への言及とブロック,第3阶段——提及父亲与拉黑,"Case metadata, character profile, dispute, evidence, solution, or evidence-viewer surface text. Party dialogue scripts are not included here."
case_surface_content_src_data_cases_generated_friend-01_evidence_e-3_.viewerDataByStage.3.meta.trustLabel,case_surface_content,src/data/cases/generated,friend-01,evidence[e-3].viewerDataByStage.3.meta.trustLabel,보통,Normal,普通,普通,"Case metadata, character profile, dispute, evidence, solution, or evidence-viewer surface text. Party dialogue scripts are not included here."
case_surface_content_src_data_cases_generated_friend-01_evidence_e-4_.description,case_surface_content,src/data/cases/generated,friend-01,evidence[e-4].description,예비신랑과 최수민 사이에 사적인 표현이 오간 메시지 기록. 접근 방향과 대응 방식은 추가 확인이 필요하다.,A record of private messages exchanged between the fiancé and Choi Su-min. Who initiated the approach and how it was handled require further confirmation.,婚約者とチェ・スミンの間で私的な表現が交わされたメッセージ記録。接近の方向と対応の仕方は追加確認が必要だ。,未婚夫与崔秀敏之间出现私人化表述的消息记录。接近方向和应对方式还需要进一步确认。,"Case metadata, character profile, dispute, evidence, solution, or evidence-viewer surface text. Party dialogue scripts are not included here."
case_surface_content_src_data_cases_generated_friend-01_evidence_e-4_.investigationResults.check_metadata,case_surface_content,src/data/cases/generated,friend-01,evidence[e-4].investigationResults.check_metadata,두 번째 페이지에서 김태윤이 다은이에게 말하기 애매한 부탁과 비공개 대화를 암시해 미심쩍은 흐름이 보인다.,"Page 2 shows a suspicious flow, as Kim Tae-yun hints at a request that is awkward to tell Da-eun about and at a private conversation.",2ページ目では、キム・テユンがダウンに話しにくい依頼と非公開の会話をほのめかし、不審な流れが見える。,第二页显示，金泰允暗示了难以告诉多恩的请求和私下对话，形成可疑走向。,"Case metadata, character profile, dispute, evidence, solution, or evidence-viewer surface text. Party dialogue scripts are not included here."
case_surface_content_src_data_cases_generated_friend-01_evidence_e-4_.investigationResults.request_original,case_surface_content,src/data/cases/generated,friend-01,evidence[e-4].investigationResults.request_original,첫 페이지에서는 센터 상담과 운동 이야기처럼 보이는 일상 대화만 확인된다.,Page 1 only shows an everyday conversation that looks like a discussion about a center consultation and exercise.,1ページ目では、センター相談と運動の話に見える日常会話だけが確認される。,第一页只确认到看似关于中心咨询和运动的日常对话。,"Case metadata, character profile, dispute, evidence, solution, or evidence-viewer surface text. Party dialogue scripts are not included here."
case_surface_content_src_data_cases_generated_friend-01_evidence_e-4_.investigationResults.restore_context,case_surface_content,src/data/cases/generated,friend-01,evidence[e-4].investigationResults.restore_context,세 번째 페이지의 늦은 밤 메시지에서 김태윤이 술을 마신 상태로 한 잔을 제안하고 최수민이 거절한 정황이 확인된다.,"The late-night messages on Page 3 confirm that Kim Tae-yun, while drunk, suggested another drink and Choi Su-min refused.",3ページ目の深夜メッセージで、キム・テユンが酒を飲んだ状態で一杯を提案し、チェ・スミンが拒んだ状況が確認される。,第三页深夜消息确认，金泰允在饮酒状态下提议再喝一杯，而崔秀敏拒绝了。,"Case metadata, character profile, dispute, evidence, solution, or evidence-viewer surface text. Party dialogue scripts are not included here."
case_surface_content_src_data_cases_generated_friend-01_evidence_e-4_.investigationStages_0_.label,case_surface_content,src/data/cases/generated,friend-01,evidence[e-4].investigationStages[0].label,초기대화,Initial Conversation,初期会話,初始对话,"Case metadata, character profile, dispute, evidence, solution, or evidence-viewer surface text. Party dialogue scripts are not included here."
case_surface_content_src_data_cases_generated_friend-01_evidence_e-4_.investigationStages_0_.question.text,case_surface_content,src/data/cases/generated,friend-01,evidence[e-4].investigationStages[0].question.text,첫 대화가 어떤 내용이었는지 확인해 주십시오.,Please confirm what the first conversation was about.,最初の会話がどのような内容だったのか確認してください。,请确认最初的对话是什么内容。,"Case metadata, character profile, dispute, evidence, solution, or evidence-viewer surface text. Party dialogue scripts are not included here."
case_surface_content_src_data_cases_generated_friend-01_evidence_e-4_.investigationStages_1_.label,case_surface_content,src/data/cases/generated,friend-01,evidence[e-4].investigationStages[1].label,부탁정황,Request Context,依頼の状況,请求情况,"Case metadata, character profile, dispute, evidence, solution, or evidence-viewer surface text. Party dialogue scripts are not included here."
case_surface_content_src_data_cases_generated_friend-01_evidence_e-4_.investigationStages_1_.question.text,case_surface_content,src/data/cases/generated,friend-01,evidence[e-4].investigationStages[1].question.text,비공개로 부탁하려 한 흐름이 있었는지 확인해 주십시오.,Please confirm whether there was a flow toward making a request privately.,非公開で依頼しようとする流れがあったのか確認してください。,请确认是否存在试图私下提出请求的走向。,"Case metadata, character profile, dispute, evidence, solution, or evidence-viewer surface text. Party dialogue scripts are not included here."
case_surface_content_src_data_cases_generated_friend-01_evidence_e-4_.investigationStages_1_.unlockHint,case_surface_content,src/data/cases/generated,friend-01,evidence[e-4].investigationStages[1].unlockHint,대화를 더 보면 김태윤이 다은이에게 말하기 애매하다는 식으로 말을 돌린 흔적이 보입니다.,"Viewing more of the conversation shows traces of Kim Tae-yun talking around the subject, saying it would be awkward to tell Da-eun.",会話をさらに見ると、キム・テユンがダウンに話しにくいという形で言葉を濁した痕跡が見えます。,继续查看对话，可以看到金泰允以“不方便对多恩说”为由绕开话题的痕迹。,"Case metadata, character profile, dispute, evidence, solution, or evidence-viewer surface text. Party dialogue scripts are not included here."
case_surface_content_src_data_cases_generated_friend-01_evidence_e-4_.investigationStages_2_.label,case_surface_content,src/data/cases/generated,friend-01,evidence[e-4].investigationStages[2].label,선 넘김확인,Line-Crossing Check,越線確認,越界确认,"Case metadata, character profile, dispute, evidence, solution, or evidence-viewer surface text. Party dialogue scripts are not included here."
case_surface_content_src_data_cases_generated_friend-01_evidence_e-4_.investigationStages_2_.question.text,case_surface_content,src/data/cases/generated,friend-01,evidence[e-4].investigationStages[2].question.text,늦은 밤 메시지에서 선을 넘은 사람이 누구인지 따져 주십시오.,Please determine who crossed the line in the late-night messages.,深夜メッセージで一線を越えたのが誰なのか判断してください。,请判断深夜消息中越界的人是谁。,"Case metadata, character profile, dispute, evidence, solution, or evidence-viewer surface text. Party dialogue scripts are not included here."
case_surface_content_src_data_cases_generated_friend-01_evidence_e-4_.investigationStages_2_.unlockHint,case_surface_content,src/data/cases/generated,friend-01,evidence[e-4].investigationStages[2].unlockHint,마지막 페이지를 보면 술자리 뒤 이어진 문구와 최수민의 거절 답장이 함께 확인됩니다.,The final page shows the wording that followed the drinking session together with Choi Su-min’s reply refusing it.,最後のページを見ると、酒席の後に続いた文言とチェ・スミンの拒絶返信をあわせて確認できます。,查看最后一页，可以同时确认酒局后接续的措辞与崔秀敏的拒绝回复。,"Case metadata, character profile, dispute, evidence, solution, or evidence-viewer surface text. Party dialogue scripts are not included here."
case_surface_content_src_data_cases_generated_friend-01_evidence_e-4_.meta.legalLabel,case_surface_content,src/data/cases/generated,friend-01,evidence[e-4].meta.legalLabel,적법,Legal,適法,合法,"Case metadata, character profile, dispute, evidence, solution, or evidence-viewer surface text. Party dialogue scripts are not included here."
case_surface_content_src_data_cases_generated_friend-01_evidence_e-4_.meta.name,case_surface_content,src/data/cases/generated,friend-01,evidence[e-4].meta.name,예비신랑 메시지,Fiancé's Message,婚約者のメッセージ,未婚夫留言,"Case metadata, character profile, dispute, evidence, solution, or evidence-viewer surface text. Party dialogue scripts are not included here."
case_surface_content_src_data_cases_generated_friend-01_evidence_e-4_.meta.sourceLabel,case_surface_content,src/data/cases/generated,friend-01,evidence[e-4].meta.sourceLabel,최수민 측,Choi Su-min's Side,チェ・スミン側,崔秀敏一方,"Case metadata, character profile, dispute, evidence, solution, or evidence-viewer surface text. Party dialogue scripts are not included here."
case_surface_content_src_data_cases_generated_friend-01_evidence_e-4_.meta.stageLabel,case_surface_content,src/data/cases/generated,friend-01,evidence[e-4].meta.stageLabel,초기 공개,Initial Disclosure,初期開示,初步公开,"Case metadata, character profile, dispute, evidence, solution, or evidence-viewer surface text. Party dialogue scripts are not included here."
case_surface_content_src_data_cases_generated_friend-01_evidence_e-4_.meta.trustLabel,case_surface_content,src/data/cases/generated,friend-01,evidence[e-4].meta.trustLabel,보통,Normal,普通,普通,"Case metadata, character profile, dispute, evidence, solution, or evidence-viewer surface text. Party dialogue scripts are not included here."
case_surface_content_src_data_cases_generated_friend-01_evidence_e-4_.name,case_surface_content,src/data/cases/generated,friend-01,evidence[e-4].name,예비신랑의 선 넘는 메시지와 최수민의 거절 답장,Fiancé's Overstepping Message and Choi Su-min's Rejection,婚約者の踏み越えたメッセージとチェ・スミンの拒絶返信,未婚夫越界留言与崔秀敏拒绝回复,"Case metadata, character profile, dispute, evidence, solution, or evidence-viewer surface text. Party dialogue scripts are not included here."
case_surface_content_src_data_cases_generated_friend-01_evidence_e-4_.partyContext.a.implication,case_surface_content,src/data/cases/generated,friend-01,evidence[e-4].partyContext.a.implication,예비신랑의 행동을 송다은이 몰랐음을 확인한다.,Confirm that Song Da-eun did not know about the fiancé’s behavior.,婚約者の行動をソン・ダウンが知らなかったことを確認する。,确认宋多恩并不知道未婚夫的行为。,"Case metadata, character profile, dispute, evidence, solution, or evidence-viewer surface text. Party dialogue scripts are not included here."
case_surface_content_src_data_cases_generated_friend-01_evidence_e-4_.partyContext.a.questionAngle,case_surface_content,src/data/cases/generated,friend-01,evidence[e-4].partyContext.a.questionAngle,이 메시지를 본 적이 있습니까?,Have you seen this message before?,このメッセージを見たことがありますか？,你见过这条消息吗？,"Case metadata, character profile, dispute, evidence, solution, or evidence-viewer surface text. Party dialogue scripts are not included here."
case_surface_content_src_data_cases_generated_friend-01_evidence_e-4_.partyContext.b.implication,case_surface_content,src/data/cases/generated,friend-01,evidence[e-4].partyContext.b.implication,침묵의 이유를 추궁한다.,Press the reason for the silence.,沈黙の理由を追及する。,追问沉默的理由。,"Case metadata, character profile, dispute, evidence, solution, or evidence-viewer surface text. Party dialogue scripts are not included here."
case_surface_content_src_data_cases_generated_friend-01_evidence_e-4_.partyContext.b.questionAngle,case_surface_content,src/data/cases/generated,friend-01,evidence[e-4].partyContext.b.questionAngle,이 메시지를 왜 송다은에게 바로 보여주지 않았습니까?,Why didn’t you show this message to Song Da-eun right away?,なぜこのメッセージをすぐソン・ダウンに見せなかったのですか？,为什么没有马上把这条消息给宋多恩看？,"Case metadata, character profile, dispute, evidence, solution, or evidence-viewer surface text. Party dialogue scripts are not included here."
case_surface_content_src_data_cases_generated_friend-01_evidence_e-4_.surfaceDescription,case_surface_content,src/data/cases/generated,friend-01,evidence[e-4].surfaceDescription,예비신랑과 최수민 씨 사이의 메시지 기록이 존재한다.,There is a message record between the fiancé and Choi Su-min.,婚約者とチェ・スミン氏の間のメッセージ記録が存在する。,存在未婚夫与崔秀敏之间的消息记录。,"Case metadata, character profile, dispute, evidence, solution, or evidence-viewer surface text. Party dialogue scripts are not included here."
case_surface_content_src_data_cases_generated_friend-01_evidence_e-4_.surfaceName,case_surface_content,src/data/cases/generated,friend-01,evidence[e-4].surfaceName,예비신랑 메시지,Fiancé's Message,婚約者のメッセージ,未婚夫留言,"Case metadata, character profile, dispute, evidence, solution, or evidence-viewer surface text. Party dialogue scripts are not included here."
case_surface_content_src_data_cases_generated_friend-01_evidence_e-4_.v3DepthPlan_context_.summary,case_surface_content,src/data/cases/generated,friend-01,evidence[e-4].v3DepthPlan[context].summary,늦은 밤 술자리 뒤 선 넘은 메시지까지 확인,Confirm up to the overstepping message after late-night drinking,深夜の酒席後に一線を越えたメッセージまで確認,确认深夜酒局后越界的消息,"Case metadata, character profile, dispute, evidence, solution, or evidence-viewer surface text. Party dialogue scripts are not included here."
case_surface_content_src_data_cases_generated_friend-01_evidence_e-4_.v3DepthPlan_established_.summary,case_surface_content,src/data/cases/generated,friend-01,evidence[e-4].v3DepthPlan[established].summary,예비신랑의 선 넘은 접근 정황을 확인한다.,Confirm the circumstances of the fiancé’s overstepping approach.,婚約者が一線を越えて接近した状況を確認する。,确认未婚夫越界接近的情况。,"Case metadata, character profile, dispute, evidence, solution, or evidence-viewer surface text. Party dialogue scripts are not included here."
case_surface_content_src_data_cases_generated_friend-01_evidence_e-4_.v3DepthPlan_excerpt_.summary,case_surface_content,src/data/cases/generated,friend-01,evidence[e-4].v3DepthPlan[excerpt].summary,운동 상담으로 보이는 일상 대화만 보임,Only an everyday conversation that looks like exercise consultation is shown,運動相談に見える日常会話のみが見える,仅显示看似运动咨询的日常对话,"Case metadata, character profile, dispute, evidence, solution, or evidence-viewer surface text. Party dialogue scripts are not included here."
case_surface_content_src_data_cases_generated_friend-01_evidence_e-4_.v3DepthPlan_original_.summary,case_surface_content,src/data/cases/generated,friend-01,evidence[e-4].v3DepthPlan[original].summary,비공개 부탁을 암시한 흐름까지 확인,Confirm up to the flow hinting at a private request,非公開の依頼を示唆する流れまで確認,确认暗示私下请求的走向,"Case metadata, character profile, dispute, evidence, solution, or evidence-viewer surface text. Party dialogue scripts are not included here."
case_surface_content_src_data_cases_generated_friend-01_evidence_e-4_.v3DepthPlan_stub_.summary,case_surface_content,src/data/cases/generated,friend-01,evidence[e-4].v3DepthPlan[stub].summary,메시지 존재만 보임,Only the existence of the message is shown,メッセージの存在のみが見える,仅显示存在消息,"Case metadata, character profile, dispute, evidence, solution, or evidence-viewer surface text. Party dialogue scripts are not included here."
case_surface_content_src_data_cases_generated_friend-01_evidence_e-4_.v3TrustStates_authenticated_.label,case_surface_content,src/data/cases/generated,friend-01,evidence[e-4].v3TrustStates[authenticated].label,인증됨,Authenticated,認証済み,已认证,"Case metadata, character profile, dispute, evidence, solution, or evidence-viewer surface text. Party dialogue scripts are not included here."
case_surface_content_src_data_cases_generated_friend-01_evidence_e-4_.v3TrustStates_authenticated_.summary,case_surface_content,src/data/cases/generated,friend-01,evidence[e-4].v3TrustStates[authenticated].summary,발신자·시각 확인됨,Sender and time confirmed,送信者・時刻を確認済み,已确认发送者与时间,"Case metadata, character profile, dispute, evidence, solution, or evidence-viewer surface text. Party dialogue scripts are not included here."
case_surface_content_src_data_cases_generated_friend-01_evidence_e-4_.v3TrustStates_challenged_.label,case_surface_content,src/data/cases/generated,friend-01,evidence[e-4].v3TrustStates[challenged].label,이의 제기됨,Challenged,異議あり,有异议,"Case metadata, character profile, dispute, evidence, solution, or evidence-viewer surface text. Party dialogue scripts are not included here."
case_surface_content_src_data_cases_generated_friend-01_evidence_e-4_.v3TrustStates_challenged_.summary,case_surface_content,src/data/cases/generated,friend-01,evidence[e-4].v3TrustStates[challenged].summary,송다은이 '조작일 수 있다'고 이의,"Song Da-eun challenges it, saying it “could be fabricated.”",ソン・ダウンが「捏造かもしれない」と異議を申し立てる,宋多恩提出异议，称“可能是伪造”。,"Case metadata, character profile, dispute, evidence, solution, or evidence-viewer surface text. Party dialogue scripts are not included here."
case_surface_content_src_data_cases_generated_friend-01_evidence_e-4_.v3TrustStates_misread_.label,case_surface_content,src/data/cases/generated,friend-01,evidence[e-4].v3TrustStates[misread].label,조작/오독 판정,Manipulation/Misread Ruling,操作・誤読判定,操纵/误读判定,"Case metadata, character profile, dispute, evidence, solution, or evidence-viewer surface text. Party dialogue scripts are not included here."
case_surface_content_src_data_cases_generated_friend-01_evidence_e-4_.v3TrustStates_misread_.summary,case_surface_content,src/data/cases/generated,friend-01,evidence[e-4].v3TrustStates[misread].summary,"원본은 인증됐고, 접근 방향은 심문에서 정리한다.",The original has been authenticated; who approached whom will be clarified in questioning.,原文は認証済みで、接近の方向は尋問で整理する。,原文已认证，接近方向将在审问中厘清。,"Case metadata, character profile, dispute, evidence, solution, or evidence-viewer surface text. Party dialogue scripts are not included here."
case_surface_content_src_data_cases_generated_friend-01_evidence_e-4_.v3TrustStates_submitted_.label,case_surface_content,src/data/cases/generated,friend-01,evidence[e-4].v3TrustStates[submitted].label,제출됨,Submitted,提出済み,已提交,"Case metadata, character profile, dispute, evidence, solution, or evidence-viewer surface text. Party dialogue scripts are not included here."
case_surface_content_src_data_cases_generated_friend-01_evidence_e-4_.v3TrustStates_submitted_.summary,case_surface_content,src/data/cases/generated,friend-01,evidence[e-4].v3TrustStates[submitted].summary,최수민이 캡처 제출,Choi Su-min submitted the screenshot.,チェ・スミンがスクリーンショットを提出,崔秀敏提交截图,"Case metadata, character profile, dispute, evidence, solution, or evidence-viewer surface text. Party dialogue scripts are not included here."
case_surface_content_src_data_cases_generated_friend-01_evidence_e-4_.v3TrustStates_verifying_.label,case_surface_content,src/data/cases/generated,friend-01,evidence[e-4].v3TrustStates[verifying].label,검증 중,Verifying,検証中,验证中,"Case metadata, character profile, dispute, evidence, solution, or evidence-viewer surface text. Party dialogue scripts are not included here."
case_surface_content_src_data_cases_generated_friend-01_evidence_e-4_.v3TrustStates_verifying_.summary,case_surface_content,src/data/cases/generated,friend-01,evidence[e-4].v3TrustStates[verifying].summary,메시지 원본 대조 중,Comparing against the original message,メッセージ原文と照合中,正在对照消息原文,"Case metadata, character profile, dispute, evidence, solution, or evidence-viewer surface text. Party dialogue scripts are not included here."
case_surface_content_src_data_cases_generated_friend-01_evidence_e-4_.viewerData.chat.header,case_surface_content,src/data/cases/generated,friend-01,evidence[e-4].viewerData.chat.header,김태윤 카톡 — 2026.02.24 (3쪽 늦은 밤 메시지),Kim Tae-yun KakaoTalk — 2026.02.24 (Page 3: Late-Night Messages),キム・テユン カカオトーク — 2026.02.24（3ページ：深夜メッセージ）,金泰允KakaoTalk — 2026.02.24（第3页：深夜留言）,"Case metadata, character profile, dispute, evidence, solution, or evidence-viewer surface text. Party dialogue scripts are not included here."
case_surface_content_src_data_cases_generated_friend-01_evidence_e-4_.viewerData.chat.messages_0_.text,case_surface_content,src/data/cases/generated,friend-01,evidence[e-4].viewerData.chat.messages[0].text,2026.02.24 오전 12:47 · 늦은 밤 음주 후로 보이는 메시지,2026.02.24 12:47 AM · Message that appears to follow late-night drinking,2026.02.24 午前12時47分 · 深夜の飲酒後と思われるメッセージ,2026.02.24 凌晨12:47 · 看似深夜饮酒后的消息,"Case metadata, character profile, dispute, evidence, solution, or evidence-viewer surface text. Party dialogue scripts are not included here."
case_surface_content_src_data_cases_generated_friend-01_evidence_e-4_.viewerData.chat.messages_1_.sender,case_surface_content,src/data/cases/generated,friend-01,evidence[e-4].viewerData.chat.messages[1].sender,김태윤,Kim Tae-yun,キム・テユン,金泰允,"Case metadata, character profile, dispute, evidence, solution, or evidence-viewer surface text. Party dialogue scripts are not included here."
case_surface_content_src_data_cases_generated_friend-01_evidence_e-4_.viewerData.chat.messages_1_.text,case_surface_content,src/data/cases/generated,friend-01,evidence[e-4].viewerData.chat.messages[1].text,수민 씨 자요? 나 오늘 좀 마셨어요.,"Su-min, are you asleep? I had a bit to drink today.",スミンさん、寝てますか？ 僕、今日少し飲みました。,秀敏，你睡了吗？我今天喝了点酒。,"Case metadata, character profile, dispute, evidence, solution, or evidence-viewer surface text. Party dialogue scripts are not included here."
case_surface_content_src_data_cases_generated_friend-01_evidence_e-4_.viewerData.chat.messages_1_.time,case_surface_content,src/data/cases/generated,friend-01,evidence[e-4].viewerData.chat.messages[1].time,오전 12:47,12:47 AM,午前12時47分,凌晨12:47,"Case metadata, character profile, dispute, evidence, solution, or evidence-viewer surface text. Party dialogue scripts are not included here."
case_surface_content_src_data_cases_generated_friend-01_evidence_e-4_.viewerData.chat.messages_2_.sender,case_surface_content,src/data/cases/generated,friend-01,evidence[e-4].viewerData.chat.messages[2].sender,김태윤,Kim Tae-yun,キム・テユン,金泰允,"Case metadata, character profile, dispute, evidence, solution, or evidence-viewer surface text. Party dialogue scripts are not included here."
case_surface_content_src_data_cases_generated_friend-01_evidence_e-4_.viewerData.chat.messages_2_.text,case_surface_content,src/data/cases/generated,friend-01,evidence[e-4].viewerData.chat.messages[2].text,이상하게 술 마시면 수민 씨 생각이 나네.,"Strangely, when I drink, I think of you, Su-min.",不思議と、酒を飲むとスミンさんのことを思い出します。,奇怪的是，我一喝酒就会想到秀敏。,"Case metadata, character profile, dispute, evidence, solution, or evidence-viewer surface text. Party dialogue scripts are not included here."
case_surface_content_src_data_cases_generated_friend-01_evidence_e-4_.viewerData.chat.messages_2_.time,case_surface_content,src/data/cases/generated,friend-01,evidence[e-4].viewerData.chat.messages[2].time,오전 12:49,12:49 AM,午前12時49分,凌晨12:49,"Case metadata, character profile, dispute, evidence, solution, or evidence-viewer surface text. Party dialogue scripts are not included here."
case_surface_content_src_data_cases_generated_friend-01_evidence_e-4_.viewerData.chat.messages_3_.sender,case_surface_content,src/data/cases/generated,friend-01,evidence[e-4].viewerData.chat.messages[3].sender,최수민,Choi Su-min,チェ・スミン,崔秀敏,"Case metadata, character profile, dispute, evidence, solution, or evidence-viewer surface text. Party dialogue scripts are not included here."
case_surface_content_src_data_cases_generated_friend-01_evidence_e-4_.viewerData.chat.messages_3_.text,case_surface_content,src/data/cases/generated,friend-01,evidence[e-4].viewerData.chat.messages[3].text,"태윤 씨, 지금 시간도 그렇고 이런 연락은 불편합니다.","Tae-yun, considering the hour, this kind of message makes me uncomfortable.",テユンさん、今の時間もそうですし、こういう連絡は困ります。,泰允先生，现在这个时间，加上这种联系，让我很不舒服。,"Case metadata, character profile, dispute, evidence, solution, or evidence-viewer surface text. Party dialogue scripts are not included here."
case_surface_content_src_data_cases_generated_friend-01_evidence_e-4_.viewerData.chat.messages_3_.time,case_surface_content,src/data/cases/generated,friend-01,evidence[e-4].viewerData.chat.messages[3].time,오전 12:51,12:51 AM,午前12時51分,凌晨12:51,"Case metadata, character profile, dispute, evidence, solution, or evidence-viewer surface text. Party dialogue scripts are not included here."
case_surface_content_src_data_cases_generated_friend-01_evidence_e-4_.viewerData.chat.messages_4_.sender,case_surface_content,src/data/cases/generated,friend-01,evidence[e-4].viewerData.chat.messages[4].sender,김태윤,Kim Tae-yun,キム・テユン,金泰允,"Case metadata, character profile, dispute, evidence, solution, or evidence-viewer surface text. Party dialogue scripts are not included here."
case_surface_content_src_data_cases_generated_friend-01_evidence_e-4_.viewerData.chat.messages_4_.text,case_surface_content,src/data/cases/generated,friend-01,evidence[e-4].viewerData.chat.messages[4].text,딱 한 잔만 더 할래요? 다은이한테는 그냥 회사 사람들 만났다고 하면 되고.,How about just one more drink? You can just tell Da-eun you met people from work.,もう一杯だけどうですか？ ダウンには会社の人たちと会ったと言えばいいですし。,再喝一杯怎么样？你就跟多恩说是见了公司的人就行。,"Case metadata, character profile, dispute, evidence, solution, or evidence-viewer surface text. Party dialogue scripts are not included here."
case_surface_content_src_data_cases_generated_friend-01_evidence_e-4_.viewerData.chat.messages_4_.time,case_surface_content,src/data/cases/generated,friend-01,evidence[e-4].viewerData.chat.messages[4].time,오전 12:53,12:53 AM,午前12時53分,凌晨12:53,"Case metadata, character profile, dispute, evidence, solution, or evidence-viewer surface text. Party dialogue scripts are not included here."
case_surface_content_src_data_cases_generated_friend-01_evidence_e-4_.viewerData.chat.messages_5_.sender,case_surface_content,src/data/cases/generated,friend-01,evidence[e-4].viewerData.chat.messages[5].sender,최수민,Choi Su-min,チェ・スミン,崔秀敏,"Case metadata, character profile, dispute, evidence, solution, or evidence-viewer surface text. Party dialogue scripts are not included here."
case_surface_content_src_data_cases_generated_friend-01_evidence_e-4_.viewerData.chat.messages_5_.text,case_surface_content,src/data/cases/generated,friend-01,evidence[e-4].viewerData.chat.messages[5].text,다은이 예비신랑이잖아요. 저는 이런 식으로 만나지 않습니다.,You’re Da-eun’s fiancé. I don’t meet people this way.,あなたはダウンの婚約者でしょう。私はこういう形では会いません。,你是多恩的未婚夫。我不会以这种方式见面。,"Case metadata, character profile, dispute, evidence, solution, or evidence-viewer surface text. Party dialogue scripts are not included here."
case_surface_content_src_data_cases_generated_friend-01_evidence_e-4_.viewerData.chat.messages_5_.time,case_surface_content,src/data/cases/generated,friend-01,evidence[e-4].viewerData.chat.messages[5].time,오전 12:54,12:54 AM,午前12時54分,凌晨12:54,"Case metadata, character profile, dispute, evidence, solution, or evidence-viewer surface text. Party dialogue scripts are not included here."
case_surface_content_src_data_cases_generated_friend-01_evidence_e-4_.viewerData.chat.messages_6_.sender,case_surface_content,src/data/cases/generated,friend-01,evidence[e-4].viewerData.chat.messages[6].sender,김태윤,Kim Tae-yun,キム・テユン,金泰允,"Case metadata, character profile, dispute, evidence, solution, or evidence-viewer surface text. Party dialogue scripts are not included here."
case_surface_content_src_data_cases_generated_friend-01_evidence_e-4_.viewerData.chat.messages_6_.text,case_surface_content,src/data/cases/generated,friend-01,evidence[e-4].viewerData.chat.messages[6].text,너무 선 긋지 말고. 원래 너 같은 스타일 좋아했거든.,Don’t draw such a hard line. I’ve always liked your type.,そんなに線を引かないで。もともと君みたいなタイプが好きだったんだ。,别把界线划得这么清。我本来就喜欢你这种类型。,"Case metadata, character profile, dispute, evidence, solution, or evidence-viewer surface text. Party dialogue scripts are not included here."
case_surface_content_src_data_cases_generated_friend-01_evidence_e-4_.viewerData.chat.messages_6_.time,case_surface_content,src/data/cases/generated,friend-01,evidence[e-4].viewerData.chat.messages[6].time,오전 12:56,12:56 AM,午前12時56分,凌晨12:56,"Case metadata, character profile, dispute, evidence, solution, or evidence-viewer surface text. Party dialogue scripts are not included here."
case_surface_content_src_data_cases_generated_friend-01_evidence_e-4_.viewerData.chat.messages_7_.sender,case_surface_content,src/data/cases/generated,friend-01,evidence[e-4].viewerData.chat.messages[7].sender,최수민,Choi Su-min,チェ・スミン,崔秀敏,"Case metadata, character profile, dispute, evidence, solution, or evidence-viewer surface text. Party dialogue scripts are not included here."
case_surface_content_src_data_cases_generated_friend-01_evidence_e-4_.viewerData.chat.messages_7_.text,case_surface_content,src/data/cases/generated,friend-01,evidence[e-4].viewerData.chat.messages[7].text,그만하세요. 이 대화는 남겨두겠습니다.,Stop. I’m keeping this conversation.,やめてください。この会話は残しておきます。,请停止。我会保留这段对话。,"Case metadata, character profile, dispute, evidence, solution, or evidence-viewer surface text. Party dialogue scripts are not included here."
case_surface_content_src_data_cases_generated_friend-01_evidence_e-4_.viewerData.chat.messages_7_.time,case_surface_content,src/data/cases/generated,friend-01,evidence[e-4].viewerData.chat.messages[7].time,오전 12:58,12:58 AM,午前12時58分,凌晨12:58,"Case metadata, character profile, dispute, evidence, solution, or evidence-viewer surface text. Party dialogue scripts are not included here."
case_surface_content_src_data_cases_generated_friend-01_evidence_e-4_.viewerData.chat.messages_8_.text,case_surface_content,src/data/cases/generated,friend-01,evidence[e-4].viewerData.chat.messages[8].text,김태윤 — 읽음 (답장 없음),Kim Tae-yun — Read (no reply),キム・テユン — 既読（返信なし）,金泰允 — 已读（无回复）,"Case metadata, character profile, dispute, evidence, solution, or evidence-viewer surface text. Party dialogue scripts are not included here."
case_surface_content_src_data_cases_generated_friend-01_evidence_e-4_.viewerData.chat.pages_0_.header,case_surface_content,src/data/cases/generated,friend-01,evidence[e-4].viewerData.chat.pages[0].header,김태윤 카톡 — 2026.02.18 (1쪽 일상 대화),Kim Tae-yun KakaoTalk — 2026.02.18 (Page 1: Everyday Conversation),キム・テユン カカオトーク — 2026.02.18（1ページ：日常会話）,金泰允KakaoTalk — 2026.02.18（第1页：日常对话）,"Case metadata, character profile, dispute, evidence, solution, or evidence-viewer surface text. Party dialogue scripts are not included here."
case_surface_content_src_data_cases_generated_friend-01_evidence_e-4_.viewerData.chat.pages_0_.label,case_surface_content,src/data/cases/generated,friend-01,evidence[e-4].viewerData.chat.pages[0].label,1쪽 일상 대화,Page 1: Everyday Conversation,1ページ：日常会話,第1页：日常对话,"Case metadata, character profile, dispute, evidence, solution, or evidence-viewer surface text. Party dialogue scripts are not included here."
case_surface_content_src_data_cases_generated_friend-01_evidence_e-4_.viewerData.chat.pages_0_.messages_0_.text,case_surface_content,src/data/cases/generated,friend-01,evidence[e-4].viewerData.chat.pages[0].messages[0].text,2026.02.18 오후 7:12 · 대화 초반,2026.02.18 7:12 PM · Start of conversation,2026.02.18 午後7時12分 · 会話序盤,2026.02.18 晚上7:12 · 对话开头,"Case metadata, character profile, dispute, evidence, solution, or evidence-viewer surface text. Party dialogue scripts are not included here."
case_surface_content_src_data_cases_generated_friend-01_evidence_e-4_.viewerData.chat.pages_0_.messages_1_.sender,case_surface_content,src/data/cases/generated,friend-01,evidence[e-4].viewerData.chat.pages[0].messages[1].sender,김태윤,Kim Tae-yun,キム・テユン,金泰允,"Case metadata, character profile, dispute, evidence, solution, or evidence-viewer surface text. Party dialogue scripts are not included here."
case_surface_content_src_data_cases_generated_friend-01_evidence_e-4_.viewerData.chat.pages_0_.messages_1_.text,case_surface_content,src/data/cases/generated,friend-01,evidence[e-4].viewerData.chat.pages[0].messages[1].text,"수민 씨, 다은이가 요즘 필라테스 예약이 어렵다던데 맞아요?","Su-min, Da-eun said Pilates reservations are hard to get these days. Is that true?",スミンさん、ダウンが最近ピラティスの予約が取りにくいと言っていたんですが、本当ですか？,秀敏，多恩说最近普拉提很难预约，是真的吗？,"Case metadata, character profile, dispute, evidence, solution, or evidence-viewer surface text. Party dialogue scripts are not included here."
case_surface_content_src_data_cases_generated_friend-01_evidence_e-4_.viewerData.chat.pages_0_.messages_1_.time,case_surface_content,src/data/cases/generated,friend-01,evidence[e-4].viewerData.chat.pages[0].messages[1].time,오후 7:12,7:12 PM,午後7時12分,晚上7:12,"Case metadata, character profile, dispute, evidence, solution, or evidence-viewer surface text. Party dialogue scripts are not included here."
case_surface_content_src_data_cases_generated_friend-01_evidence_e-4_.viewerData.chat.pages_0_.messages_2_.sender,case_surface_content,src/data/cases/generated,friend-01,evidence[e-4].viewerData.chat.pages[0].messages[2].sender,최수민,Choi Su-min,チェ・スミン,崔秀敏,"Case metadata, character profile, dispute, evidence, solution, or evidence-viewer surface text. Party dialogue scripts are not included here."
case_surface_content_src_data_cases_generated_friend-01_evidence_e-4_.viewerData.chat.pages_0_.messages_2_.text,case_surface_content,src/data/cases/generated,friend-01,evidence[e-4].viewerData.chat.pages[0].messages[2].text,"네, 퇴근 시간대는 거의 꽉 차요. 필요하면 센터 번호 알려드릴게요.","Yes, the after-work slots are almost fully booked. If you need it, I can give you the center’s number.",はい、退勤時間帯はほとんど埋まっています。必要ならセンターの番号をお伝えします。,是的，下班时间段几乎都满了。如果需要，我可以把中心电话给你。,"Case metadata, character profile, dispute, evidence, solution, or evidence-viewer surface text. Party dialogue scripts are not included here."
case_surface_content_src_data_cases_generated_friend-01_evidence_e-4_.viewerData.chat.pages_0_.messages_2_.time,case_surface_content,src/data/cases/generated,friend-01,evidence[e-4].viewerData.chat.pages[0].messages[2].time,오후 7:14,7:14 PM,午後7時14分,晚上7:14,"Case metadata, character profile, dispute, evidence, solution, or evidence-viewer surface text. Party dialogue scripts are not included here."
case_surface_content_src_data_cases_generated_friend-01_evidence_e-4_.viewerData.chat.pages_0_.messages_3_.sender,case_surface_content,src/data/cases/generated,friend-01,evidence[e-4].viewerData.chat.pages[0].messages[3].sender,김태윤,Kim Tae-yun,キム・テユン,金泰允,"Case metadata, character profile, dispute, evidence, solution, or evidence-viewer surface text. Party dialogue scripts are not included here."
case_surface_content_src_data_cases_generated_friend-01_evidence_e-4_.viewerData.chat.pages_0_.messages_3_.text,case_surface_content,src/data/cases/generated,friend-01,evidence[e-4].viewerData.chat.pages[0].messages[3].text,아 그렇구나. 결혼식 전에 운동 좀 해야 하나 해서요.,"Oh, I see. I was thinking I should exercise a bit before the wedding.",ああ、そうなんですね。結婚式の前に少し運動した方がいいかなと思って。,哦，原来如此。我在想婚礼前是不是该运动一下。,"Case metadata, character profile, dispute, evidence, solution, or evidence-viewer surface text. Party dialogue scripts are not included here."
case_surface_content_src_data_cases_generated_friend-01_evidence_e-4_.viewerData.chat.pages_0_.messages_3_.time,case_surface_content,src/data/cases/generated,friend-01,evidence[e-4].viewerData.chat.pages[0].messages[3].time,오후 7:15,7:15 PM,午後7時15分,晚上7:15,"Case metadata, character profile, dispute, evidence, solution, or evidence-viewer surface text. Party dialogue scripts are not included here."
case_surface_content_src_data_cases_generated_friend-01_evidence_e-4_.viewerData.chat.pages_0_.messages_4_.sender,case_surface_content,src/data/cases/generated,friend-01,evidence[e-4].viewerData.chat.pages[0].messages[4].sender,최수민,Choi Su-min,チェ・スミン,崔秀敏,"Case metadata, character profile, dispute, evidence, solution, or evidence-viewer surface text. Party dialogue scripts are not included here."
case_surface_content_src_data_cases_generated_friend-01_evidence_e-4_.viewerData.chat.pages_0_.messages_4_.text,case_surface_content,src/data/cases/generated,friend-01,evidence[e-4].viewerData.chat.pages[0].messages[4].text,다은이랑 같이 상담 받아보시면 될 것 같아요.,You could go in for a consultation with Da-eun.,ダウンと一緒に相談を受けてみればいいと思います。,你可以和多恩一起去咨询一下。,"Case metadata, character profile, dispute, evidence, solution, or evidence-viewer surface text. Party dialogue scripts are not included here."
case_surface_content_src_data_cases_generated_friend-01_evidence_e-4_.viewerData.chat.pages_0_.messages_4_.time,case_surface_content,src/data/cases/generated,friend-01,evidence[e-4].viewerData.chat.pages[0].messages[4].time,오후 7:16,7:16 PM,午後7時16分,晚上7:16,"Case metadata, character profile, dispute, evidence, solution, or evidence-viewer surface text. Party dialogue scripts are not included here."
case_surface_content_src_data_cases_generated_friend-01_evidence_e-4_.viewerData.chat.pages_1_.header,case_surface_content,src/data/cases/generated,friend-01,evidence[e-4].viewerData.chat.pages[1].header,김태윤 카톡 — 2026.02.21 (2쪽 미심쩍은 부탁),Kim Tae-yun KakaoTalk — 2026.02.21 (Page 2: Suspicious Request),キム・テユン カカオトーク — 2026.02.21（2ページ：不審な依頼）,金泰允KakaoTalk — 2026.02.21（第2页：可疑请求）,"Case metadata, character profile, dispute, evidence, solution, or evidence-viewer surface text. Party dialogue scripts are not included here."
case_surface_content_src_data_cases_generated_friend-01_evidence_e-4_.viewerData.chat.pages_1_.label,case_surface_content,src/data/cases/generated,friend-01,evidence[e-4].viewerData.chat.pages[1].label,2쪽 미심쩍은 부탁,Page 2: Suspicious Request,2ページ：不審な依頼,第2页：可疑请求,"Case metadata, character profile, dispute, evidence, solution, or evidence-viewer surface text. Party dialogue scripts are not included here."
case_surface_content_src_data_cases_generated_friend-01_evidence_e-4_.viewerData.chat.pages_1_.messages_0_.text,case_surface_content,src/data/cases/generated,friend-01,evidence[e-4].viewerData.chat.pages[1].messages[0].text,2026.02.21 오후 8:36 · 부탁처럼 보이나 목적이 불분명한 구간,"2026.02.21 8:36 PM · Section that looks like a request, but the purpose is unclear",2026.02.21 午後8時36分 · 依頼のように見えるが目的が不明な区間,2026.02.21 晚上8:36 · 看似请求但目的不明的区段,"Case metadata, character profile, dispute, evidence, solution, or evidence-viewer surface text. Party dialogue scripts are not included here."
case_surface_content_src_data_cases_generated_friend-01_evidence_e-4_.viewerData.chat.pages_1_.messages_1_.sender,case_surface_content,src/data/cases/generated,friend-01,evidence[e-4].viewerData.chat.pages[1].messages[1].sender,김태윤,Kim Tae-yun,キム・テユン,金泰允,"Case metadata, character profile, dispute, evidence, solution, or evidence-viewer surface text. Party dialogue scripts are not included here."
case_surface_content_src_data_cases_generated_friend-01_evidence_e-4_.viewerData.chat.pages_1_.messages_1_.text,case_surface_content,src/data/cases/generated,friend-01,evidence[e-4].viewerData.chat.pages[1].messages[1].text,"수민 씨, 혹시 다은이한테 바로 말하기 애매한 거 하나만 물어봐도 돼요?","Su-min, can I ask you one thing that’s awkward to bring up with Da-eun directly?",スミンさん、ダウンに直接言いにくいことを一つだけ聞いてもいいですか？,秀敏，我可以问你一件不太方便直接跟多恩说的事吗？,"Case metadata, character profile, dispute, evidence, solution, or evidence-viewer surface text. Party dialogue scripts are not included here."
case_surface_content_src_data_cases_generated_friend-01_evidence_e-4_.viewerData.chat.pages_1_.messages_1_.time,case_surface_content,src/data/cases/generated,friend-01,evidence[e-4].viewerData.chat.pages[1].messages[1].time,오후 8:36,8:36 PM,午後8時36分,晚上8:36,"Case metadata, character profile, dispute, evidence, solution, or evidence-viewer surface text. Party dialogue scripts are not included here."
case_surface_content_src_data_cases_generated_friend-01_evidence_e-4_.viewerData.chat.pages_1_.messages_2_.sender,case_surface_content,src/data/cases/generated,friend-01,evidence[e-4].viewerData.chat.pages[1].messages[2].sender,최수민,Choi Su-min,チェ・スミン,崔秀敏,"Case metadata, character profile, dispute, evidence, solution, or evidence-viewer surface text. Party dialogue scripts are not included here."
case_surface_content_src_data_cases_generated_friend-01_evidence_e-4_.viewerData.chat.pages_1_.messages_2_.text,case_surface_content,src/data/cases/generated,friend-01,evidence[e-4].viewerData.chat.pages[1].messages[2].text,무슨 일인데요? 다은이랑 관련된 거면 다은이한테 직접 물어보시는 게 맞아요.,"What is it? If it’s related to Da-eun, you should ask Da-eun directly.",何のことですか？ ダウンに関係することなら、ダウンに直接聞くのが筋です。,什么事？如果和多恩有关，你应该直接问多恩。,"Case metadata, character profile, dispute, evidence, solution, or evidence-viewer surface text. Party dialogue scripts are not included here."
case_surface_content_src_data_cases_generated_friend-01_evidence_e-4_.viewerData.chat.pages_1_.messages_2_.time,case_surface_content,src/data/cases/generated,friend-01,evidence[e-4].viewerData.chat.pages[1].messages[2].time,오후 8:38,8:38 PM,午後8時38分,晚上8:38,"Case metadata, character profile, dispute, evidence, solution, or evidence-viewer surface text. Party dialogue scripts are not included here."
case_surface_content_src_data_cases_generated_friend-01_evidence_e-4_.viewerData.chat.pages_1_.messages_3_.sender,case_surface_content,src/data/cases/generated,friend-01,evidence[e-4].viewerData.chat.pages[1].messages[3].sender,김태윤,Kim Tae-yun,キム・テユン,金泰允,"Case metadata, character profile, dispute, evidence, solution, or evidence-viewer surface text. Party dialogue scripts are not included here."
case_surface_content_src_data_cases_generated_friend-01_evidence_e-4_.viewerData.chat.pages_1_.messages_3_.text,case_surface_content,src/data/cases/generated,friend-01,evidence[e-4].viewerData.chat.pages[1].messages[3].text,그냥 여자 입장에서 어떻게 보이는지 궁금해서요.,I’m just curious how it looks from a woman’s perspective.,ただ、女性の立場からどう見えるのか気になって。,我只是想知道从女性角度看起来会怎样。,"Case metadata, character profile, dispute, evidence, solution, or evidence-viewer surface text. Party dialogue scripts are not included here."
case_surface_content_src_data_cases_generated_friend-01_evidence_e-4_.viewerData.chat.pages_1_.messages_3_.time,case_surface_content,src/data/cases/generated,friend-01,evidence[e-4].viewerData.chat.pages[1].messages[3].time,오후 8:39,8:39 PM,午後8時39分,晚上8:39,"Case metadata, character profile, dispute, evidence, solution, or evidence-viewer surface text. Party dialogue scripts are not included here."
case_surface_content_src_data_cases_generated_friend-01_evidence_e-4_.viewerData.chat.pages_1_.messages_4_.sender,case_surface_content,src/data/cases/generated,friend-01,evidence[e-4].viewerData.chat.pages[1].messages[4].sender,김태윤,Kim Tae-yun,キム・テユン,金泰允,"Case metadata, character profile, dispute, evidence, solution, or evidence-viewer surface text. Party dialogue scripts are not included here."
case_surface_content_src_data_cases_generated_friend-01_evidence_e-4_.viewerData.chat.pages_1_.messages_4_.text,case_surface_content,src/data/cases/generated,friend-01,evidence[e-4].viewerData.chat.pages[1].messages[4].text,다은이 몰래 잠깐 얘기하면 더 편할 것 같긴 한데.,It might be easier if we talked briefly without Da-eun knowing.,ダウンに内緒で少し話せたら、もっと楽かもしれないんですが。,如果瞒着多恩简单聊一下，可能会更方便。,"Case metadata, character profile, dispute, evidence, solution, or evidence-viewer surface text. Party dialogue scripts are not included here."
case_surface_content_src_data_cases_generated_friend-01_evidence_e-4_.viewerData.chat.pages_1_.messages_4_.time,case_surface_content,src/data/cases/generated,friend-01,evidence[e-4].viewerData.chat.pages[1].messages[4].time,오후 8:41,8:41 PM,午後8時41分,晚上8:41,"Case metadata, character profile, dispute, evidence, solution, or evidence-viewer surface text. Party dialogue scripts are not included here."
case_surface_content_src_data_cases_generated_friend-01_evidence_e-4_.viewerData.chat.pages_1_.messages_5_.sender,case_surface_content,src/data/cases/generated,friend-01,evidence[e-4].viewerData.chat.pages[1].messages[5].sender,최수민,Choi Su-min,チェ・スミン,崔秀敏,"Case metadata, character profile, dispute, evidence, solution, or evidence-viewer surface text. Party dialogue scripts are not included here."
case_surface_content_src_data_cases_generated_friend-01_evidence_e-4_.viewerData.chat.pages_1_.messages_5_.text,case_surface_content,src/data/cases/generated,friend-01,evidence[e-4].viewerData.chat.pages[1].messages[5].text,몰래 얘기할 일은 아닌 것 같아요. 문자로 말씀하세요.,I don’t think this is something to discuss in secret. Please say it by text.,内緒で話すことではないと思います。メッセージで言ってください。,这不像是该私下偷偷谈的事。请用文字说。,"Case metadata, character profile, dispute, evidence, solution, or evidence-viewer surface text. Party dialogue scripts are not included here."
case_surface_content_src_data_cases_generated_friend-01_evidence_e-4_.viewerData.chat.pages_1_.messages_5_.time,case_surface_content,src/data/cases/generated,friend-01,evidence[e-4].viewerData.chat.pages[1].messages[5].time,오후 8:43,8:43 PM,午後8時43分,晚上8:43,"Case metadata, character profile, dispute, evidence, solution, or evidence-viewer surface text. Party dialogue scripts are not included here."
case_surface_content_src_data_cases_generated_friend-01_evidence_e-4_.viewerData.chat.pages_2_.header,case_surface_content,src/data/cases/generated,friend-01,evidence[e-4].viewerData.chat.pages[2].header,김태윤 카톡 — 2026.02.24 (3쪽 늦은 밤 메시지),Kim Tae-yun KakaoTalk — 2026.02.24 (Page 3: Late-Night Messages),キム・テユン カカオトーク — 2026.02.24（3ページ：深夜メッセージ）,金泰允KakaoTalk — 2026.02.24（第3页：深夜留言）,"Case metadata, character profile, dispute, evidence, solution, or evidence-viewer surface text. Party dialogue scripts are not included here."
case_surface_content_src_data_cases_generated_friend-01_evidence_e-4_.viewerData.chat.pages_2_.label,case_surface_content,src/data/cases/generated,friend-01,evidence[e-4].viewerData.chat.pages[2].label,3쪽 늦은 밤 메시지,Page 3: Late-Night Messages,3ページ：深夜メッセージ,第3页：深夜留言,"Case metadata, character profile, dispute, evidence, solution, or evidence-viewer surface text. Party dialogue scripts are not included here."
case_surface_content_src_data_cases_generated_friend-01_evidence_e-4_.viewerData.chat.pages_2_.messages_0_.text,case_surface_content,src/data/cases/generated,friend-01,evidence[e-4].viewerData.chat.pages[2].messages[0].text,2026.02.24 오전 12:47 · 늦은 밤 음주 후로 보이는 메시지,2026.02.24 12:47 AM · Message that appears to follow late-night drinking,2026.02.24 午前12時47分 · 深夜の飲酒後と思われるメッセージ,2026.02.24 凌晨12:47 · 看似深夜饮酒后的消息,"Case metadata, character profile, dispute, evidence, solution, or evidence-viewer surface text. Party dialogue scripts are not included here."
case_surface_content_src_data_cases_generated_friend-01_evidence_e-4_.viewerData.chat.pages_2_.messages_1_.sender,case_surface_content,src/data/cases/generated,friend-01,evidence[e-4].viewerData.chat.pages[2].messages[1].sender,김태윤,Kim Tae-yun,キム・テユン,金泰允,"Case metadata, character profile, dispute, evidence, solution, or evidence-viewer surface text. Party dialogue scripts are not included here."
case_surface_content_src_data_cases_generated_friend-01_evidence_e-4_.viewerData.chat.pages_2_.messages_1_.text,case_surface_content,src/data/cases/generated,friend-01,evidence[e-4].viewerData.chat.pages[2].messages[1].text,수민 씨 자요? 나 오늘 좀 마셨어요.,"Su-min, are you asleep? I had a bit to drink today.",スミンさん、寝てますか？ 僕、今日少し飲みました。,秀敏，你睡了吗？我今天喝了点酒。,"Case metadata, character profile, dispute, evidence, solution, or evidence-viewer surface text. Party dialogue scripts are not included here."
case_surface_content_src_data_cases_generated_friend-01_evidence_e-4_.viewerData.chat.pages_2_.messages_1_.time,case_surface_content,src/data/cases/generated,friend-01,evidence[e-4].viewerData.chat.pages[2].messages[1].time,오전 12:47,12:47 AM,午前12時47分,凌晨12:47,"Case metadata, character profile, dispute, evidence, solution, or evidence-viewer surface text. Party dialogue scripts are not included here."
case_surface_content_src_data_cases_generated_friend-01_evidence_e-4_.viewerData.chat.pages_2_.messages_2_.sender,case_surface_content,src/data/cases/generated,friend-01,evidence[e-4].viewerData.chat.pages[2].messages[2].sender,김태윤,Kim Tae-yun,キム・テユン,金泰允,"Case metadata, character profile, dispute, evidence, solution, or evidence-viewer surface text. Party dialogue scripts are not included here."
case_surface_content_src_data_cases_generated_friend-01_evidence_e-4_.viewerData.chat.pages_2_.messages_2_.text,case_surface_content,src/data/cases/generated,friend-01,evidence[e-4].viewerData.chat.pages[2].messages[2].text,이상하게 술 마시면 수민 씨 생각이 나네.,"Strangely, when I drink, I think of you, Su-min.",不思議と、酒を飲むとスミンさんのことを思い出します。,奇怪的是，我一喝酒就会想到秀敏。,"Case metadata, character profile, dispute, evidence, solution, or evidence-viewer surface text. Party dialogue scripts are not included here."
case_surface_content_src_data_cases_generated_friend-01_evidence_e-4_.viewerData.chat.pages_2_.messages_2_.time,case_surface_content,src/data/cases/generated,friend-01,evidence[e-4].viewerData.chat.pages[2].messages[2].time,오전 12:49,12:49 AM,午前12時49分,凌晨12:49,"Case metadata, character profile, dispute, evidence, solution, or evidence-viewer surface text. Party dialogue scripts are not included here."
case_surface_content_src_data_cases_generated_friend-01_evidence_e-4_.viewerData.chat.pages_2_.messages_3_.sender,case_surface_content,src/data/cases/generated,friend-01,evidence[e-4].viewerData.chat.pages[2].messages[3].sender,최수민,Choi Su-min,チェ・スミン,崔秀敏,"Case metadata, character profile, dispute, evidence, solution, or evidence-viewer surface text. Party dialogue scripts are not included here."
case_surface_content_src_data_cases_generated_friend-01_evidence_e-4_.viewerData.chat.pages_2_.messages_3_.text,case_surface_content,src/data/cases/generated,friend-01,evidence[e-4].viewerData.chat.pages[2].messages[3].text,"태윤 씨, 지금 시간도 그렇고 이런 연락은 불편합니다.","Tae-yun, considering the hour, this kind of message makes me uncomfortable.",テユンさん、今の時間もそうですし、こういう連絡は困ります。,泰允先生，现在这个时间，加上这种联系，让我很不舒服。,"Case metadata, character profile, dispute, evidence, solution, or evidence-viewer surface text. Party dialogue scripts are not included here."
case_surface_content_src_data_cases_generated_friend-01_evidence_e-4_.viewerData.chat.pages_2_.messages_3_.time,case_surface_content,src/data/cases/generated,friend-01,evidence[e-4].viewerData.chat.pages[2].messages[3].time,오전 12:51,12:51 AM,午前12時51分,凌晨12:51,"Case metadata, character profile, dispute, evidence, solution, or evidence-viewer surface text. Party dialogue scripts are not included here."
case_surface_content_src_data_cases_generated_friend-01_evidence_e-4_.viewerData.chat.pages_2_.messages_4_.sender,case_surface_content,src/data/cases/generated,friend-01,evidence[e-4].viewerData.chat.pages[2].messages[4].sender,김태윤,Kim Tae-yun,キム・テユン,金泰允,"Case metadata, character profile, dispute, evidence, solution, or evidence-viewer surface text. Party dialogue scripts are not included here."
case_surface_content_src_data_cases_generated_friend-01_evidence_e-4_.viewerData.chat.pages_2_.messages_4_.text,case_surface_content,src/data/cases/generated,friend-01,evidence[e-4].viewerData.chat.pages[2].messages[4].text,딱 한 잔만 더 할래요? 다은이한테는 그냥 회사 사람들 만났다고 하면 되고.,How about just one more drink? You can just tell Da-eun you met people from work.,もう一杯だけどうですか？ ダウンには会社の人たちと会ったと言えばいいですし。,再喝一杯怎么样？你就跟多恩说是见了公司的人就行。,"Case metadata, character profile, dispute, evidence, solution, or evidence-viewer surface text. Party dialogue scripts are not included here."
case_surface_content_src_data_cases_generated_friend-01_evidence_e-4_.viewerData.chat.pages_2_.messages_4_.time,case_surface_content,src/data/cases/generated,friend-01,evidence[e-4].viewerData.chat.pages[2].messages[4].time,오전 12:53,12:53 AM,午前12時53分,凌晨12:53,"Case metadata, character profile, dispute, evidence, solution, or evidence-viewer surface text. Party dialogue scripts are not included here."
case_surface_content_src_data_cases_generated_friend-01_evidence_e-4_.viewerData.chat.pages_2_.messages_5_.sender,case_surface_content,src/data/cases/generated,friend-01,evidence[e-4].viewerData.chat.pages[2].messages[5].sender,최수민,Choi Su-min,チェ・スミン,崔秀敏,"Case metadata, character profile, dispute, evidence, solution, or evidence-viewer surface text. Party dialogue scripts are not included here."
case_surface_content_src_data_cases_generated_friend-01_evidence_e-4_.viewerData.chat.pages_2_.messages_5_.text,case_surface_content,src/data/cases/generated,friend-01,evidence[e-4].viewerData.chat.pages[2].messages[5].text,다은이 예비신랑이잖아요. 저는 이런 식으로 만나지 않습니다.,You’re Da-eun’s fiancé. I don’t meet people this way.,あなたはダウンの婚約者でしょう。私はこういう形では会いません。,你是多恩的未婚夫。我不会以这种方式见面。,"Case metadata, character profile, dispute, evidence, solution, or evidence-viewer surface text. Party dialogue scripts are not included here."
case_surface_content_src_data_cases_generated_friend-01_evidence_e-4_.viewerData.chat.pages_2_.messages_5_.time,case_surface_content,src/data/cases/generated,friend-01,evidence[e-4].viewerData.chat.pages[2].messages[5].time,오전 12:54,12:54 AM,午前12時54分,凌晨12:54,"Case metadata, character profile, dispute, evidence, solution, or evidence-viewer surface text. Party dialogue scripts are not included here."
case_surface_content_src_data_cases_generated_friend-01_evidence_e-4_.viewerData.chat.pages_2_.messages_6_.sender,case_surface_content,src/data/cases/generated,friend-01,evidence[e-4].viewerData.chat.pages[2].messages[6].sender,김태윤,Kim Tae-yun,キム・テユン,金泰允,"Case metadata, character profile, dispute, evidence, solution, or evidence-viewer surface text. Party dialogue scripts are not included here."
case_surface_content_src_data_cases_generated_friend-01_evidence_e-4_.viewerData.chat.pages_2_.messages_6_.text,case_surface_content,src/data/cases/generated,friend-01,evidence[e-4].viewerData.chat.pages[2].messages[6].text,너무 선 긋지 말고. 원래 너 같은 스타일 좋아했거든.,Don’t draw such a hard line. I’ve always liked your type.,そんなに線を引かないで。もともと君みたいなタイプが好きだったんだ。,别把界线划得这么清。我本来就喜欢你这种类型。,"Case metadata, character profile, dispute, evidence, solution, or evidence-viewer surface text. Party dialogue scripts are not included here."
case_surface_content_src_data_cases_generated_friend-01_evidence_e-4_.viewerData.chat.pages_2_.messages_6_.time,case_surface_content,src/data/cases/generated,friend-01,evidence[e-4].viewerData.chat.pages[2].messages[6].time,오전 12:56,12:56 AM,午前12時56分,凌晨12:56,"Case metadata, character profile, dispute, evidence, solution, or evidence-viewer surface text. Party dialogue scripts are not included here."
case_surface_content_src_data_cases_generated_friend-01_evidence_e-4_.viewerData.chat.pages_2_.messages_7_.sender,case_surface_content,src/data/cases/generated,friend-01,evidence[e-4].viewerData.chat.pages[2].messages[7].sender,최수민,Choi Su-min,チェ・スミン,崔秀敏,"Case metadata, character profile, dispute, evidence, solution, or evidence-viewer surface text. Party dialogue scripts are not included here."
case_surface_content_src_data_cases_generated_friend-01_evidence_e-4_.viewerData.chat.pages_2_.messages_7_.text,case_surface_content,src/data/cases/generated,friend-01,evidence[e-4].viewerData.chat.pages[2].messages[7].text,그만하세요. 이 대화는 남겨두겠습니다.,Stop. I’m keeping this conversation.,やめてください。この会話は残しておきます。,请停止。我会保留这段对话。,"Case metadata, character profile, dispute, evidence, solution, or evidence-viewer surface text. Party dialogue scripts are not included here."
case_surface_content_src_data_cases_generated_friend-01_evidence_e-4_.viewerData.chat.pages_2_.messages_7_.time,case_surface_content,src/data/cases/generated,friend-01,evidence[e-4].viewerData.chat.pages[2].messages[7].time,오전 12:58,12:58 AM,午前12時58分,凌晨12:58,"Case metadata, character profile, dispute, evidence, solution, or evidence-viewer surface text. Party dialogue scripts are not included here."
case_surface_content_src_data_cases_generated_friend-01_evidence_e-4_.viewerData.chat.pages_2_.messages_8_.text,case_surface_content,src/data/cases/generated,friend-01,evidence[e-4].viewerData.chat.pages[2].messages[8].text,김태윤 — 읽음 (답장 없음),Kim Tae-yun — Read (no reply),キム・テユン — 既読（返信なし）,金泰允 — 已读（无回复）,"Case metadata, character profile, dispute, evidence, solution, or evidence-viewer surface text. Party dialogue scripts are not included here."
case_surface_content_src_data_cases_generated_friend-01_evidence_e-4_.viewerData.meta.legalLabel,case_surface_content,src/data/cases/generated,friend-01,evidence[e-4].viewerData.meta.legalLabel,적법,Legal,適法,合法,"Case metadata, character profile, dispute, evidence, solution, or evidence-viewer surface text. Party dialogue scripts are not included here."
case_surface_content_src_data_cases_generated_friend-01_evidence_e-4_.viewerData.meta.name,case_surface_content,src/data/cases/generated,friend-01,evidence[e-4].viewerData.meta.name,예비신랑 메시지,Fiancé's Message,婚約者のメッセージ,未婚夫留言,"Case metadata, character profile, dispute, evidence, solution, or evidence-viewer surface text. Party dialogue scripts are not included here."
case_surface_content_src_data_cases_generated_friend-01_evidence_e-4_.viewerData.meta.sourceLabel,case_surface_content,src/data/cases/generated,friend-01,evidence[e-4].viewerData.meta.sourceLabel,최수민 측,Choi Su-min's Side,チェ・スミン側,崔秀敏一方,"Case metadata, character profile, dispute, evidence, solution, or evidence-viewer surface text. Party dialogue scripts are not included here."
case_surface_content_src_data_cases_generated_friend-01_evidence_e-4_.viewerData.meta.stageLabel,case_surface_content,src/data/cases/generated,friend-01,evidence[e-4].viewerData.meta.stageLabel,3단계 — 늦은 밤 원문 공개,Stage 3 — Late-Night Original Text Disclosed,3段階 — 深夜の原文を公開,第3阶段——公开深夜原文,"Case metadata, character profile, dispute, evidence, solution, or evidence-viewer surface text. Party dialogue scripts are not included here."
case_surface_content_src_data_cases_generated_friend-01_evidence_e-4_.viewerData.meta.trustLabel,case_surface_content,src/data/cases/generated,friend-01,evidence[e-4].viewerData.meta.trustLabel,보통,Normal,普通,普通,"Case metadata, character profile, dispute, evidence, solution, or evidence-viewer surface text. Party dialogue scripts are not included here."
case_surface_content_src_data_cases_generated_friend-01_evidence_e-4_.viewerDataByStage.1.chat.header,case_surface_content,src/data/cases/generated,friend-01,evidence[e-4].viewerDataByStage.1.chat.header,김태윤 카톡 — 2026.02.18 (1쪽 일상 대화),Kim Tae-yun KakaoTalk — 2026.02.18 (Page 1: Everyday Conversation),キム・テユン カカオトーク — 2026.02.18（1ページ：日常会話）,金泰允KakaoTalk — 2026.02.18（第1页：日常对话）,"Case metadata, character profile, dispute, evidence, solution, or evidence-viewer surface text. Party dialogue scripts are not included here."
case_surface_content_src_data_cases_generated_friend-01_evidence_e-4_.viewerDataByStage.1.chat.messages_0_.text,case_surface_content,src/data/cases/generated,friend-01,evidence[e-4].viewerDataByStage.1.chat.messages[0].text,2026.02.18 오후 7:12 · 대화 초반,2026.02.18 7:12 PM · Start of conversation,2026.02.18 午後7時12分 · 会話序盤,2026.02.18 晚上7:12 · 对话开头,"Case metadata, character profile, dispute, evidence, solution, or evidence-viewer surface text. Party dialogue scripts are not included here."
case_surface_content_src_data_cases_generated_friend-01_evidence_e-4_.viewerDataByStage.1.chat.messages_1_.sender,case_surface_content,src/data/cases/generated,friend-01,evidence[e-4].viewerDataByStage.1.chat.messages[1].sender,김태윤,Kim Tae-yun,キム・テユン,金泰允,"Case metadata, character profile, dispute, evidence, solution, or evidence-viewer surface text. Party dialogue scripts are not included here."
case_surface_content_src_data_cases_generated_friend-01_evidence_e-4_.viewerDataByStage.1.chat.messages_1_.text,case_surface_content,src/data/cases/generated,friend-01,evidence[e-4].viewerDataByStage.1.chat.messages[1].text,"수민 씨, 다은이가 요즘 필라테스 예약이 어렵다던데 맞아요?","Su-min, Da-eun said Pilates reservations are hard to get these days. Is that true?",スミンさん、ダウンが最近ピラティスの予約が取りにくいと言っていたんですが、本当ですか？,秀敏，多恩说最近普拉提很难预约，是真的吗？,"Case metadata, character profile, dispute, evidence, solution, or evidence-viewer surface text. Party dialogue scripts are not included here."
case_surface_content_src_data_cases_generated_friend-01_evidence_e-4_.viewerDataByStage.1.chat.messages_1_.time,case_surface_content,src/data/cases/generated,friend-01,evidence[e-4].viewerDataByStage.1.chat.messages[1].time,오후 7:12,7:12 PM,午後7時12分,晚上7:12,"Case metadata, character profile, dispute, evidence, solution, or evidence-viewer surface text. Party dialogue scripts are not included here."
case_surface_content_src_data_cases_generated_friend-01_evidence_e-4_.viewerDataByStage.1.chat.messages_2_.sender,case_surface_content,src/data/cases/generated,friend-01,evidence[e-4].viewerDataByStage.1.chat.messages[2].sender,최수민,Choi Su-min,チェ・スミン,崔秀敏,"Case metadata, character profile, dispute, evidence, solution, or evidence-viewer surface text. Party dialogue scripts are not included here."
case_surface_content_src_data_cases_generated_friend-01_evidence_e-4_.viewerDataByStage.1.chat.messages_2_.text,case_surface_content,src/data/cases/generated,friend-01,evidence[e-4].viewerDataByStage.1.chat.messages[2].text,"네, 퇴근 시간대는 거의 꽉 차요. 필요하면 센터 번호 알려드릴게요.","Yes, the after-work slots are almost fully booked. If you need it, I can give you the center’s number.",はい、退勤時間帯はほとんど埋まっています。必要ならセンターの番号をお伝えします。,是的，下班时间段几乎都满了。如果需要，我可以把中心电话给你。,"Case metadata, character profile, dispute, evidence, solution, or evidence-viewer surface text. Party dialogue scripts are not included here."
case_surface_content_src_data_cases_generated_friend-01_evidence_e-4_.viewerDataByStage.1.chat.messages_2_.time,case_surface_content,src/data/cases/generated,friend-01,evidence[e-4].viewerDataByStage.1.chat.messages[2].time,오후 7:14,7:14 PM,午後7時14分,晚上7:14,"Case metadata, character profile, dispute, evidence, solution, or evidence-viewer surface text. Party dialogue scripts are not included here."
case_surface_content_src_data_cases_generated_friend-01_evidence_e-4_.viewerDataByStage.1.chat.messages_3_.sender,case_surface_content,src/data/cases/generated,friend-01,evidence[e-4].viewerDataByStage.1.chat.messages[3].sender,김태윤,Kim Tae-yun,キム・テユン,金泰允,"Case metadata, character profile, dispute, evidence, solution, or evidence-viewer surface text. Party dialogue scripts are not included here."
case_surface_content_src_data_cases_generated_friend-01_evidence_e-4_.viewerDataByStage.1.chat.messages_3_.text,case_surface_content,src/data/cases/generated,friend-01,evidence[e-4].viewerDataByStage.1.chat.messages[3].text,아 그렇구나. 결혼식 전에 운동 좀 해야 하나 해서요.,"Oh, I see. I was thinking I should exercise a bit before the wedding.",ああ、そうなんですね。結婚式の前に少し運動した方がいいかなと思って。,哦，原来如此。我在想婚礼前是不是该运动一下。,"Case metadata, character profile, dispute, evidence, solution, or evidence-viewer surface text. Party dialogue scripts are not included here."
case_surface_content_src_data_cases_generated_friend-01_evidence_e-4_.viewerDataByStage.1.chat.messages_3_.time,case_surface_content,src/data/cases/generated,friend-01,evidence[e-4].viewerDataByStage.1.chat.messages[3].time,오후 7:15,7:15 PM,午後7時15分,晚上7:15,"Case metadata, character profile, dispute, evidence, solution, or evidence-viewer surface text. Party dialogue scripts are not included here."
case_surface_content_src_data_cases_generated_friend-01_evidence_e-4_.viewerDataByStage.1.chat.messages_4_.sender,case_surface_content,src/data/cases/generated,friend-01,evidence[e-4].viewerDataByStage.1.chat.messages[4].sender,최수민,Choi Su-min,チェ・スミン,崔秀敏,"Case metadata, character profile, dispute, evidence, solution, or evidence-viewer surface text. Party dialogue scripts are not included here."
case_surface_content_src_data_cases_generated_friend-01_evidence_e-4_.viewerDataByStage.1.chat.messages_4_.text,case_surface_content,src/data/cases/generated,friend-01,evidence[e-4].viewerDataByStage.1.chat.messages[4].text,다은이랑 같이 상담 받아보시면 될 것 같아요.,You could go in for a consultation with Da-eun.,ダウンと一緒に相談を受けてみればいいと思います。,你可以和多恩一起去咨询一下。,"Case metadata, character profile, dispute, evidence, solution, or evidence-viewer surface text. Party dialogue scripts are not included here."
case_surface_content_src_data_cases_generated_friend-01_evidence_e-4_.viewerDataByStage.1.chat.messages_4_.time,case_surface_content,src/data/cases/generated,friend-01,evidence[e-4].viewerDataByStage.1.chat.messages[4].time,오후 7:16,7:16 PM,午後7時16分,晚上7:16,"Case metadata, character profile, dispute, evidence, solution, or evidence-viewer surface text. Party dialogue scripts are not included here."
case_surface_content_src_data_cases_generated_friend-01_evidence_e-4_.viewerDataByStage.1.chat.pages_0_.header,case_surface_content,src/data/cases/generated,friend-01,evidence[e-4].viewerDataByStage.1.chat.pages[0].header,김태윤 카톡 — 2026.02.18 (1쪽 일상 대화),Kim Tae-yun KakaoTalk — 2026.02.18 (Page 1: Everyday Conversation),キム・テユン カカオトーク — 2026.02.18（1ページ：日常会話）,金泰允KakaoTalk — 2026.02.18（第1页：日常对话）,"Case metadata, character profile, dispute, evidence, solution, or evidence-viewer surface text. Party dialogue scripts are not included here."
case_surface_content_src_data_cases_generated_friend-01_evidence_e-4_.viewerDataByStage.1.chat.pages_0_.label,case_surface_content,src/data/cases/generated,friend-01,evidence[e-4].viewerDataByStage.1.chat.pages[0].label,1쪽 일상 대화,Page 1: Everyday Conversation,1ページ：日常会話,第1页：日常对话,"Case metadata, character profile, dispute, evidence, solution, or evidence-viewer surface text. Party dialogue scripts are not included here."
case_surface_content_src_data_cases_generated_friend-01_evidence_e-4_.viewerDataByStage.1.chat.pages_0_.messages_0_.text,case_surface_content,src/data/cases/generated,friend-01,evidence[e-4].viewerDataByStage.1.chat.pages[0].messages[0].text,2026.02.18 오후 7:12 · 대화 초반,2026.02.18 7:12 PM · Start of conversation,2026.02.18 午後7時12分 · 会話序盤,2026.02.18 晚上7:12 · 对话开头,"Case metadata, character profile, dispute, evidence, solution, or evidence-viewer surface text. Party dialogue scripts are not included here."
case_surface_content_src_data_cases_generated_friend-01_evidence_e-4_.viewerDataByStage.1.chat.pages_0_.messages_1_.sender,case_surface_content,src/data/cases/generated,friend-01,evidence[e-4].viewerDataByStage.1.chat.pages[0].messages[1].sender,김태윤,Kim Tae-yun,キム・テユン,金泰允,"Case metadata, character profile, dispute, evidence, solution, or evidence-viewer surface text. Party dialogue scripts are not included here."
case_surface_content_src_data_cases_generated_friend-01_evidence_e-4_.viewerDataByStage.1.chat.pages_0_.messages_1_.text,case_surface_content,src/data/cases/generated,friend-01,evidence[e-4].viewerDataByStage.1.chat.pages[0].messages[1].text,"수민 씨, 다은이가 요즘 필라테스 예약이 어렵다던데 맞아요?","Su-min, Da-eun said Pilates reservations are hard to get these days. Is that true?",スミンさん、ダウンが最近ピラティスの予約が取りにくいと言っていたんですが、本当ですか？,秀敏，多恩说最近普拉提很难预约，是真的吗？,"Case metadata, character profile, dispute, evidence, solution, or evidence-viewer surface text. Party dialogue scripts are not included here."
case_surface_content_src_data_cases_generated_friend-01_evidence_e-4_.viewerDataByStage.1.chat.pages_0_.messages_1_.time,case_surface_content,src/data/cases/generated,friend-01,evidence[e-4].viewerDataByStage.1.chat.pages[0].messages[1].time,오후 7:12,7:12 PM,午後7時12分,晚上7:12,"Case metadata, character profile, dispute, evidence, solution, or evidence-viewer surface text. Party dialogue scripts are not included here."
case_surface_content_src_data_cases_generated_friend-01_evidence_e-4_.viewerDataByStage.1.chat.pages_0_.messages_2_.sender,case_surface_content,src/data/cases/generated,friend-01,evidence[e-4].viewerDataByStage.1.chat.pages[0].messages[2].sender,최수민,Choi Su-min,チェ・スミン,崔秀敏,"Case metadata, character profile, dispute, evidence, solution, or evidence-viewer surface text. Party dialogue scripts are not included here."
case_surface_content_src_data_cases_generated_friend-01_evidence_e-4_.viewerDataByStage.1.chat.pages_0_.messages_2_.text,case_surface_content,src/data/cases/generated,friend-01,evidence[e-4].viewerDataByStage.1.chat.pages[0].messages[2].text,"네, 퇴근 시간대는 거의 꽉 차요. 필요하면 센터 번호 알려드릴게요.","Yes, the after-work slots are almost fully booked. If you need it, I can give you the center’s number.",はい、退勤時間帯はほとんど埋まっています。必要ならセンターの番号をお伝えします。,是的，下班时间段几乎都满了。如果需要，我可以把中心电话给你。,"Case metadata, character profile, dispute, evidence, solution, or evidence-viewer surface text. Party dialogue scripts are not included here."
case_surface_content_src_data_cases_generated_friend-01_evidence_e-4_.viewerDataByStage.1.chat.pages_0_.messages_2_.time,case_surface_content,src/data/cases/generated,friend-01,evidence[e-4].viewerDataByStage.1.chat.pages[0].messages[2].time,오후 7:14,7:14 PM,午後7時14分,晚上7:14,"Case metadata, character profile, dispute, evidence, solution, or evidence-viewer surface text. Party dialogue scripts are not included here."
case_surface_content_src_data_cases_generated_friend-01_evidence_e-4_.viewerDataByStage.1.chat.pages_0_.messages_3_.sender,case_surface_content,src/data/cases/generated,friend-01,evidence[e-4].viewerDataByStage.1.chat.pages[0].messages[3].sender,김태윤,Kim Tae-yun,キム・テユン,金泰允,"Case metadata, character profile, dispute, evidence, solution, or evidence-viewer surface text. Party dialogue scripts are not included here."
case_surface_content_src_data_cases_generated_friend-01_evidence_e-4_.viewerDataByStage.1.chat.pages_0_.messages_3_.text,case_surface_content,src/data/cases/generated,friend-01,evidence[e-4].viewerDataByStage.1.chat.pages[0].messages[3].text,아 그렇구나. 결혼식 전에 운동 좀 해야 하나 해서요.,"Oh, I see. I was thinking I should exercise a bit before the wedding.",ああ、そうなんですね。結婚式の前に少し運動した方がいいかなと思って。,哦，原来如此。我在想婚礼前是不是该运动一下。,"Case metadata, character profile, dispute, evidence, solution, or evidence-viewer surface text. Party dialogue scripts are not included here."
case_surface_content_src_data_cases_generated_friend-01_evidence_e-4_.viewerDataByStage.1.chat.pages_0_.messages_3_.time,case_surface_content,src/data/cases/generated,friend-01,evidence[e-4].viewerDataByStage.1.chat.pages[0].messages[3].time,오후 7:15,7:15 PM,午後7時15分,晚上7:15,"Case metadata, character profile, dispute, evidence, solution, or evidence-viewer surface text. Party dialogue scripts are not included here."
case_surface_content_src_data_cases_generated_friend-01_evidence_e-4_.viewerDataByStage.1.chat.pages_0_.messages_4_.sender,case_surface_content,src/data/cases/generated,friend-01,evidence[e-4].viewerDataByStage.1.chat.pages[0].messages[4].sender,최수민,Choi Su-min,チェ・スミン,崔秀敏,"Case metadata, character profile, dispute, evidence, solution, or evidence-viewer surface text. Party dialogue scripts are not included here."
case_surface_content_src_data_cases_generated_friend-01_evidence_e-4_.viewerDataByStage.1.chat.pages_0_.messages_4_.text,case_surface_content,src/data/cases/generated,friend-01,evidence[e-4].viewerDataByStage.1.chat.pages[0].messages[4].text,다은이랑 같이 상담 받아보시면 될 것 같아요.,You could go in for a consultation with Da-eun.,ダウンと一緒に相談を受けてみればいいと思います。,你可以和多恩一起去咨询一下。,"Case metadata, character profile, dispute, evidence, solution, or evidence-viewer surface text. Party dialogue scripts are not included here."
case_surface_content_src_data_cases_generated_friend-01_evidence_e-4_.viewerDataByStage.1.chat.pages_0_.messages_4_.time,case_surface_content,src/data/cases/generated,friend-01,evidence[e-4].viewerDataByStage.1.chat.pages[0].messages[4].time,오후 7:16,7:16 PM,午後7時16分,晚上7:16,"Case metadata, character profile, dispute, evidence, solution, or evidence-viewer surface text. Party dialogue scripts are not included here."
case_surface_content_src_data_cases_generated_friend-01_evidence_e-4_.viewerDataByStage.1.meta.legalLabel,case_surface_content,src/data/cases/generated,friend-01,evidence[e-4].viewerDataByStage.1.meta.legalLabel,적법,Legal,適法,合法,"Case metadata, character profile, dispute, evidence, solution, or evidence-viewer surface text. Party dialogue scripts are not included here."
case_surface_content_src_data_cases_generated_friend-01_evidence_e-4_.viewerDataByStage.1.meta.name,case_surface_content,src/data/cases/generated,friend-01,evidence[e-4].viewerDataByStage.1.meta.name,예비신랑 메시지,Fiancé's Message,婚約者のメッセージ,未婚夫留言,"Case metadata, character profile, dispute, evidence, solution, or evidence-viewer surface text. Party dialogue scripts are not included here."
case_surface_content_src_data_cases_generated_friend-01_evidence_e-4_.viewerDataByStage.1.meta.redactions_0,case_surface_content,src/data/cases/generated,friend-01,evidence[e-4].viewerDataByStage.1.meta.redactions[0],뒤쪽 대화 봉인,Later conversation sealed,後半の会話を封印,后续对话封存,"Case metadata, character profile, dispute, evidence, solution, or evidence-viewer surface text. Party dialogue scripts are not included here."
case_surface_content_src_data_cases_generated_friend-01_evidence_e-4_.viewerDataByStage.1.meta.sourceLabel,case_surface_content,src/data/cases/generated,friend-01,evidence[e-4].viewerDataByStage.1.meta.sourceLabel,최수민 측,Choi Su-min's Side,チェ・スミン側,崔秀敏一方,"Case metadata, character profile, dispute, evidence, solution, or evidence-viewer surface text. Party dialogue scripts are not included here."
case_surface_content_src_data_cases_generated_friend-01_evidence_e-4_.viewerDataByStage.1.meta.stageLabel,case_surface_content,src/data/cases/generated,friend-01,evidence[e-4].viewerDataByStage.1.meta.stageLabel,1단계 — 일상 대화 확인,Stage 1 — Everyday Conversation Check,1段階 — 日常会話を確認,第1阶段——确认日常对话,"Case metadata, character profile, dispute, evidence, solution, or evidence-viewer surface text. Party dialogue scripts are not included here."
case_surface_content_src_data_cases_generated_friend-01_evidence_e-4_.viewerDataByStage.1.meta.trustLabel,case_surface_content,src/data/cases/generated,friend-01,evidence[e-4].viewerDataByStage.1.meta.trustLabel,보통,Normal,普通,普通,"Case metadata, character profile, dispute, evidence, solution, or evidence-viewer surface text. Party dialogue scripts are not included here."
case_surface_content_src_data_cases_generated_friend-01_evidence_e-4_.viewerDataByStage.2.chat.header,case_surface_content,src/data/cases/generated,friend-01,evidence[e-4].viewerDataByStage.2.chat.header,김태윤 카톡 — 2026.02.21 (2쪽 미심쩍은 부탁),Kim Tae-yun KakaoTalk — 2026.02.21 (Page 2: Suspicious Request),キム・テユン カカオトーク — 2026.02.21（2ページ：不審な依頼）,金泰允KakaoTalk — 2026.02.21（第2页：可疑请求）,"Case metadata, character profile, dispute, evidence, solution, or evidence-viewer surface text. Party dialogue scripts are not included here."
case_surface_content_src_data_cases_generated_friend-01_evidence_e-4_.viewerDataByStage.2.chat.messages_0_.text,case_surface_content,src/data/cases/generated,friend-01,evidence[e-4].viewerDataByStage.2.chat.messages[0].text,2026.02.21 오후 8:36 · 부탁처럼 보이나 목적이 불분명한 구간,"2026.02.21 8:36 PM · Section that looks like a request, but the purpose is unclear",2026.02.21 午後8時36分 · 依頼のように見えるが目的が不明な区間,2026.02.21 晚上8:36 · 看似请求但目的不明的区段,"Case metadata, character profile, dispute, evidence, solution, or evidence-viewer surface text. Party dialogue scripts are not included here."
case_surface_content_src_data_cases_generated_friend-01_evidence_e-4_.viewerDataByStage.2.chat.messages_1_.sender,case_surface_content,src/data/cases/generated,friend-01,evidence[e-4].viewerDataByStage.2.chat.messages[1].sender,김태윤,Kim Tae-yun,キム・テユン,金泰允,"Case metadata, character profile, dispute, evidence, solution, or evidence-viewer surface text. Party dialogue scripts are not included here."
case_surface_content_src_data_cases_generated_friend-01_evidence_e-4_.viewerDataByStage.2.chat.messages_1_.text,case_surface_content,src/data/cases/generated,friend-01,evidence[e-4].viewerDataByStage.2.chat.messages[1].text,"수민 씨, 혹시 다은이한테 바로 말하기 애매한 거 하나만 물어봐도 돼요?","Su-min, can I ask you one thing that’s awkward to bring up with Da-eun directly?",スミンさん、ダウンに直接言いにくいことを一つだけ聞いてもいいですか？,秀敏，我可以问你一件不太方便直接跟多恩说的事吗？,"Case metadata, character profile, dispute, evidence, solution, or evidence-viewer surface text. Party dialogue scripts are not included here."
case_surface_content_src_data_cases_generated_friend-01_evidence_e-4_.viewerDataByStage.2.chat.messages_1_.time,case_surface_content,src/data/cases/generated,friend-01,evidence[e-4].viewerDataByStage.2.chat.messages[1].time,오후 8:36,8:36 PM,午後8時36分,晚上8:36,"Case metadata, character profile, dispute, evidence, solution, or evidence-viewer surface text. Party dialogue scripts are not included here."
case_surface_content_src_data_cases_generated_friend-01_evidence_e-4_.viewerDataByStage.2.chat.messages_2_.sender,case_surface_content,src/data/cases/generated,friend-01,evidence[e-4].viewerDataByStage.2.chat.messages[2].sender,최수민,Choi Su-min,チェ・スミン,崔秀敏,"Case metadata, character profile, dispute, evidence, solution, or evidence-viewer surface text. Party dialogue scripts are not included here."
case_surface_content_src_data_cases_generated_friend-01_evidence_e-4_.viewerDataByStage.2.chat.messages_2_.text,case_surface_content,src/data/cases/generated,friend-01,evidence[e-4].viewerDataByStage.2.chat.messages[2].text,무슨 일인데요? 다은이랑 관련된 거면 다은이한테 직접 물어보시는 게 맞아요.,"What is it? If it’s related to Da-eun, you should ask Da-eun directly.",何のことですか？ ダウンに関係することなら、ダウンに直接聞くのが筋です。,什么事？如果和多恩有关，你应该直接问多恩。,"Case metadata, character profile, dispute, evidence, solution, or evidence-viewer surface text. Party dialogue scripts are not included here."
case_surface_content_src_data_cases_generated_friend-01_evidence_e-4_.viewerDataByStage.2.chat.messages_2_.time,case_surface_content,src/data/cases/generated,friend-01,evidence[e-4].viewerDataByStage.2.chat.messages[2].time,오후 8:38,8:38 PM,午後8時38分,晚上8:38,"Case metadata, character profile, dispute, evidence, solution, or evidence-viewer surface text. Party dialogue scripts are not included here."
case_surface_content_src_data_cases_generated_friend-01_evidence_e-4_.viewerDataByStage.2.chat.messages_3_.sender,case_surface_content,src/data/cases/generated,friend-01,evidence[e-4].viewerDataByStage.2.chat.messages[3].sender,김태윤,Kim Tae-yun,キム・テユン,金泰允,"Case metadata, character profile, dispute, evidence, solution, or evidence-viewer surface text. Party dialogue scripts are not included here."
case_surface_content_src_data_cases_generated_friend-01_evidence_e-4_.viewerDataByStage.2.chat.messages_3_.text,case_surface_content,src/data/cases/generated,friend-01,evidence[e-4].viewerDataByStage.2.chat.messages[3].text,그냥 여자 입장에서 어떻게 보이는지 궁금해서요.,I’m just curious how it looks from a woman’s perspective.,ただ、女性の立場からどう見えるのか気になって。,我只是想知道从女性角度看起来会怎样。,"Case metadata, character profile, dispute, evidence, solution, or evidence-viewer surface text. Party dialogue scripts are not included here."
case_surface_content_src_data_cases_generated_friend-01_evidence_e-4_.viewerDataByStage.2.chat.messages_3_.time,case_surface_content,src/data/cases/generated,friend-01,evidence[e-4].viewerDataByStage.2.chat.messages[3].time,오후 8:39,8:39 PM,午後8時39分,晚上8:39,"Case metadata, character profile, dispute, evidence, solution, or evidence-viewer surface text. Party dialogue scripts are not included here."
case_surface_content_src_data_cases_generated_friend-01_evidence_e-4_.viewerDataByStage.2.chat.messages_4_.sender,case_surface_content,src/data/cases/generated,friend-01,evidence[e-4].viewerDataByStage.2.chat.messages[4].sender,김태윤,Kim Tae-yun,キム・テユン,金泰允,"Case metadata, character profile, dispute, evidence, solution, or evidence-viewer surface text. Party dialogue scripts are not included here."
case_surface_content_src_data_cases_generated_friend-01_evidence_e-4_.viewerDataByStage.2.chat.messages_4_.text,case_surface_content,src/data/cases/generated,friend-01,evidence[e-4].viewerDataByStage.2.chat.messages[4].text,다은이 몰래 잠깐 얘기하면 더 편할 것 같긴 한데.,It might be easier if we talked briefly without Da-eun knowing.,ダウンに内緒で少し話せたら、もっと楽かもしれないんですが。,如果瞒着多恩简单聊一下，可能会更方便。,"Case metadata, character profile, dispute, evidence, solution, or evidence-viewer surface text. Party dialogue scripts are not included here."
case_surface_content_src_data_cases_generated_friend-01_evidence_e-4_.viewerDataByStage.2.chat.messages_4_.time,case_surface_content,src/data/cases/generated,friend-01,evidence[e-4].viewerDataByStage.2.chat.messages[4].time,오후 8:41,8:41 PM,午後8時41分,晚上8:41,"Case metadata, character profile, dispute, evidence, solution, or evidence-viewer surface text. Party dialogue scripts are not included here."
case_surface_content_src_data_cases_generated_friend-01_evidence_e-4_.viewerDataByStage.2.chat.messages_5_.sender,case_surface_content,src/data/cases/generated,friend-01,evidence[e-4].viewerDataByStage.2.chat.messages[5].sender,최수민,Choi Su-min,チェ・スミン,崔秀敏,"Case metadata, character profile, dispute, evidence, solution, or evidence-viewer surface text. Party dialogue scripts are not included here."
case_surface_content_src_data_cases_generated_friend-01_evidence_e-4_.viewerDataByStage.2.chat.messages_5_.text,case_surface_content,src/data/cases/generated,friend-01,evidence[e-4].viewerDataByStage.2.chat.messages[5].text,몰래 얘기할 일은 아닌 것 같아요. 문자로 말씀하세요.,I don’t think this is something to discuss in secret. Please say it by text.,内緒で話すことではないと思います。メッセージで言ってください。,这不像是该私下偷偷谈的事。请用文字说。,"Case metadata, character profile, dispute, evidence, solution, or evidence-viewer surface text. Party dialogue scripts are not included here."
case_surface_content_src_data_cases_generated_friend-01_evidence_e-4_.viewerDataByStage.2.chat.messages_5_.time,case_surface_content,src/data/cases/generated,friend-01,evidence[e-4].viewerDataByStage.2.chat.messages[5].time,오후 8:43,8:43 PM,午後8時43分,晚上8:43,"Case metadata, character profile, dispute, evidence, solution, or evidence-viewer surface text. Party dialogue scripts are not included here."
case_surface_content_src_data_cases_generated_friend-01_evidence_e-4_.viewerDataByStage.2.chat.pages_0_.header,case_surface_content,src/data/cases/generated,friend-01,evidence[e-4].viewerDataByStage.2.chat.pages[0].header,김태윤 카톡 — 2026.02.18 (1쪽 일상 대화),Kim Tae-yun KakaoTalk — 2026.02.18 (Page 1: Everyday Conversation),キム・テユン カカオトーク — 2026.02.18（1ページ：日常会話）,金泰允KakaoTalk — 2026.02.18（第1页：日常对话）,"Case metadata, character profile, dispute, evidence, solution, or evidence-viewer surface text. Party dialogue scripts are not included here."
case_surface_content_src_data_cases_generated_friend-01_evidence_e-4_.viewerDataByStage.2.chat.pages_0_.label,case_surface_content,src/data/cases/generated,friend-01,evidence[e-4].viewerDataByStage.2.chat.pages[0].label,1쪽 일상 대화,Page 1: Everyday Conversation,1ページ：日常会話,第1页：日常对话,"Case metadata, character profile, dispute, evidence, solution, or evidence-viewer surface text. Party dialogue scripts are not included here."
case_surface_content_src_data_cases_generated_friend-01_evidence_e-4_.viewerDataByStage.2.chat.pages_0_.messages_0_.text,case_surface_content,src/data/cases/generated,friend-01,evidence[e-4].viewerDataByStage.2.chat.pages[0].messages[0].text,2026.02.18 오후 7:12 · 대화 초반,2026.02.18 7:12 PM · Start of conversation,2026.02.18 午後7時12分 · 会話序盤,2026.02.18 晚上7:12 · 对话开头,"Case metadata, character profile, dispute, evidence, solution, or evidence-viewer surface text. Party dialogue scripts are not included here."
case_surface_content_src_data_cases_generated_friend-01_evidence_e-4_.viewerDataByStage.2.chat.pages_0_.messages_1_.sender,case_surface_content,src/data/cases/generated,friend-01,evidence[e-4].viewerDataByStage.2.chat.pages[0].messages[1].sender,김태윤,Kim Tae-yun,キム・テユン,金泰允,"Case metadata, character profile, dispute, evidence, solution, or evidence-viewer surface text. Party dialogue scripts are not included here."
case_surface_content_src_data_cases_generated_friend-01_evidence_e-4_.viewerDataByStage.2.chat.pages_0_.messages_1_.text,case_surface_content,src/data/cases/generated,friend-01,evidence[e-4].viewerDataByStage.2.chat.pages[0].messages[1].text,"수민 씨, 다은이가 요즘 필라테스 예약이 어렵다던데 맞아요?","Su-min, Da-eun said Pilates reservations are hard to get these days. Is that true?",スミンさん、ダウンが最近ピラティスの予約が取りにくいと言っていたんですが、本当ですか？,秀敏，多恩说最近普拉提很难预约，是真的吗？,"Case metadata, character profile, dispute, evidence, solution, or evidence-viewer surface text. Party dialogue scripts are not included here."
case_surface_content_src_data_cases_generated_friend-01_evidence_e-4_.viewerDataByStage.2.chat.pages_0_.messages_1_.time,case_surface_content,src/data/cases/generated,friend-01,evidence[e-4].viewerDataByStage.2.chat.pages[0].messages[1].time,오후 7:12,7:12 PM,午後7時12分,晚上7:12,"Case metadata, character profile, dispute, evidence, solution, or evidence-viewer surface text. Party dialogue scripts are not included here."
case_surface_content_src_data_cases_generated_friend-01_evidence_e-4_.viewerDataByStage.2.chat.pages_0_.messages_2_.sender,case_surface_content,src/data/cases/generated,friend-01,evidence[e-4].viewerDataByStage.2.chat.pages[0].messages[2].sender,최수민,Choi Su-min,チェ・スミン,崔秀敏,"Case metadata, character profile, dispute, evidence, solution, or evidence-viewer surface text. Party dialogue scripts are not included here."
case_surface_content_src_data_cases_generated_friend-01_evidence_e-4_.viewerDataByStage.2.chat.pages_0_.messages_2_.text,case_surface_content,src/data/cases/generated,friend-01,evidence[e-4].viewerDataByStage.2.chat.pages[0].messages[2].text,"네, 퇴근 시간대는 거의 꽉 차요. 필요하면 센터 번호 알려드릴게요.","Yes, the after-work slots are almost fully booked. If you need it, I can give you the center’s number.",はい、退勤時間帯はほとんど埋まっています。必要ならセンターの番号をお伝えします。,是的，下班时间段几乎都满了。如果需要，我可以把中心电话给你。,"Case metadata, character profile, dispute, evidence, solution, or evidence-viewer surface text. Party dialogue scripts are not included here."
case_surface_content_src_data_cases_generated_friend-01_evidence_e-4_.viewerDataByStage.2.chat.pages_0_.messages_2_.time,case_surface_content,src/data/cases/generated,friend-01,evidence[e-4].viewerDataByStage.2.chat.pages[0].messages[2].time,오후 7:14,7:14 PM,午後7時14分,晚上7:14,"Case metadata, character profile, dispute, evidence, solution, or evidence-viewer surface text. Party dialogue scripts are not included here."
case_surface_content_src_data_cases_generated_friend-01_evidence_e-4_.viewerDataByStage.2.chat.pages_0_.messages_3_.sender,case_surface_content,src/data/cases/generated,friend-01,evidence[e-4].viewerDataByStage.2.chat.pages[0].messages[3].sender,김태윤,Kim Tae-yun,キム・テユン,金泰允,"Case metadata, character profile, dispute, evidence, solution, or evidence-viewer surface text. Party dialogue scripts are not included here."
case_surface_content_src_data_cases_generated_friend-01_evidence_e-4_.viewerDataByStage.2.chat.pages_0_.messages_3_.text,case_surface_content,src/data/cases/generated,friend-01,evidence[e-4].viewerDataByStage.2.chat.pages[0].messages[3].text,아 그렇구나. 결혼식 전에 운동 좀 해야 하나 해서요.,"Oh, I see. I was thinking I should exercise a bit before the wedding.",ああ、そうなんですね。結婚式の前に少し運動した方がいいかなと思って。,哦，原来如此。我在想婚礼前是不是该运动一下。,"Case metadata, character profile, dispute, evidence, solution, or evidence-viewer surface text. Party dialogue scripts are not included here."
case_surface_content_src_data_cases_generated_friend-01_evidence_e-4_.viewerDataByStage.2.chat.pages_0_.messages_3_.time,case_surface_content,src/data/cases/generated,friend-01,evidence[e-4].viewerDataByStage.2.chat.pages[0].messages[3].time,오후 7:15,7:15 PM,午後7時15分,晚上7:15,"Case metadata, character profile, dispute, evidence, solution, or evidence-viewer surface text. Party dialogue scripts are not included here."
case_surface_content_src_data_cases_generated_friend-01_evidence_e-4_.viewerDataByStage.2.chat.pages_0_.messages_4_.sender,case_surface_content,src/data/cases/generated,friend-01,evidence[e-4].viewerDataByStage.2.chat.pages[0].messages[4].sender,최수민,Choi Su-min,チェ・スミン,崔秀敏,"Case metadata, character profile, dispute, evidence, solution, or evidence-viewer surface text. Party dialogue scripts are not included here."
case_surface_content_src_data_cases_generated_friend-01_evidence_e-4_.viewerDataByStage.2.chat.pages_0_.messages_4_.text,case_surface_content,src/data/cases/generated,friend-01,evidence[e-4].viewerDataByStage.2.chat.pages[0].messages[4].text,다은이랑 같이 상담 받아보시면 될 것 같아요.,You could go in for a consultation with Da-eun.,ダウンと一緒に相談を受けてみればいいと思います。,你可以和多恩一起去咨询一下。,"Case metadata, character profile, dispute, evidence, solution, or evidence-viewer surface text. Party dialogue scripts are not included here."
case_surface_content_src_data_cases_generated_friend-01_evidence_e-4_.viewerDataByStage.2.chat.pages_0_.messages_4_.time,case_surface_content,src/data/cases/generated,friend-01,evidence[e-4].viewerDataByStage.2.chat.pages[0].messages[4].time,오후 7:16,7:16 PM,午後7時16分,晚上7:16,"Case metadata, character profile, dispute, evidence, solution, or evidence-viewer surface text. Party dialogue scripts are not included here."
case_surface_content_src_data_cases_generated_friend-01_evidence_e-4_.viewerDataByStage.2.chat.pages_1_.header,case_surface_content,src/data/cases/generated,friend-01,evidence[e-4].viewerDataByStage.2.chat.pages[1].header,김태윤 카톡 — 2026.02.21 (2쪽 미심쩍은 부탁),Kim Tae-yun KakaoTalk — 2026.02.21 (Page 2: Suspicious Request),キム・テユン カカオトーク — 2026.02.21（2ページ：不審な依頼）,金泰允KakaoTalk — 2026.02.21（第2页：可疑请求）,"Case metadata, character profile, dispute, evidence, solution, or evidence-viewer surface text. Party dialogue scripts are not included here."
case_surface_content_src_data_cases_generated_friend-01_evidence_e-4_.viewerDataByStage.2.chat.pages_1_.label,case_surface_content,src/data/cases/generated,friend-01,evidence[e-4].viewerDataByStage.2.chat.pages[1].label,2쪽 미심쩍은 부탁,Page 2: Suspicious Request,2ページ：不審な依頼,第2页：可疑请求,"Case metadata, character profile, dispute, evidence, solution, or evidence-viewer surface text. Party dialogue scripts are not included here."
case_surface_content_src_data_cases_generated_friend-01_evidence_e-4_.viewerDataByStage.2.chat.pages_1_.messages_0_.text,case_surface_content,src/data/cases/generated,friend-01,evidence[e-4].viewerDataByStage.2.chat.pages[1].messages[0].text,2026.02.21 오후 8:36 · 부탁처럼 보이나 목적이 불분명한 구간,"2026.02.21 8:36 PM · Section that looks like a request, but the purpose is unclear",2026.02.21 午後8時36分 · 依頼のように見えるが目的が不明な区間,2026.02.21 晚上8:36 · 看似请求但目的不明的区段,"Case metadata, character profile, dispute, evidence, solution, or evidence-viewer surface text. Party dialogue scripts are not included here."
case_surface_content_src_data_cases_generated_friend-01_evidence_e-4_.viewerDataByStage.2.chat.pages_1_.messages_1_.sender,case_surface_content,src/data/cases/generated,friend-01,evidence[e-4].viewerDataByStage.2.chat.pages[1].messages[1].sender,김태윤,Kim Tae-yun,キム・テユン,金泰允,"Case metadata, character profile, dispute, evidence, solution, or evidence-viewer surface text. Party dialogue scripts are not included here."
case_surface_content_src_data_cases_generated_friend-01_evidence_e-4_.viewerDataByStage.2.chat.pages_1_.messages_1_.text,case_surface_content,src/data/cases/generated,friend-01,evidence[e-4].viewerDataByStage.2.chat.pages[1].messages[1].text,"수민 씨, 혹시 다은이한테 바로 말하기 애매한 거 하나만 물어봐도 돼요?","Su-min, can I ask you one thing that’s awkward to bring up with Da-eun directly?",スミンさん、ダウンに直接言いにくいことを一つだけ聞いてもいいですか？,秀敏，我可以问你一件不太方便直接跟多恩说的事吗？,"Case metadata, character profile, dispute, evidence, solution, or evidence-viewer surface text. Party dialogue scripts are not included here."
case_surface_content_src_data_cases_generated_friend-01_evidence_e-4_.viewerDataByStage.2.chat.pages_1_.messages_1_.time,case_surface_content,src/data/cases/generated,friend-01,evidence[e-4].viewerDataByStage.2.chat.pages[1].messages[1].time,오후 8:36,8:36 PM,午後8時36分,晚上8:36,"Case metadata, character profile, dispute, evidence, solution, or evidence-viewer surface text. Party dialogue scripts are not included here."
case_surface_content_src_data_cases_generated_friend-01_evidence_e-4_.viewerDataByStage.2.chat.pages_1_.messages_2_.sender,case_surface_content,src/data/cases/generated,friend-01,evidence[e-4].viewerDataByStage.2.chat.pages[1].messages[2].sender,최수민,Choi Su-min,チェ・スミン,崔秀敏,"Case metadata, character profile, dispute, evidence, solution, or evidence-viewer surface text. Party dialogue scripts are not included here."
case_surface_content_src_data_cases_generated_friend-01_evidence_e-4_.viewerDataByStage.2.chat.pages_1_.messages_2_.text,case_surface_content,src/data/cases/generated,friend-01,evidence[e-4].viewerDataByStage.2.chat.pages[1].messages[2].text,무슨 일인데요? 다은이랑 관련된 거면 다은이한테 직접 물어보시는 게 맞아요.,"What is it? If it’s related to Da-eun, you should ask Da-eun directly.",何のことですか？ ダウンに関係することなら、ダウンに直接聞くのが筋です。,什么事？如果和多恩有关，你应该直接问多恩。,"Case metadata, character profile, dispute, evidence, solution, or evidence-viewer surface text. Party dialogue scripts are not included here."
case_surface_content_src_data_cases_generated_friend-01_evidence_e-4_.viewerDataByStage.2.chat.pages_1_.messages_2_.time,case_surface_content,src/data/cases/generated,friend-01,evidence[e-4].viewerDataByStage.2.chat.pages[1].messages[2].time,오후 8:38,8:38 PM,午後8時38分,晚上8:38,"Case metadata, character profile, dispute, evidence, solution, or evidence-viewer surface text. Party dialogue scripts are not included here."
case_surface_content_src_data_cases_generated_friend-01_evidence_e-4_.viewerDataByStage.2.chat.pages_1_.messages_3_.sender,case_surface_content,src/data/cases/generated,friend-01,evidence[e-4].viewerDataByStage.2.chat.pages[1].messages[3].sender,김태윤,Kim Tae-yun,キム・テユン,金泰允,"Case metadata, character profile, dispute, evidence, solution, or evidence-viewer surface text. Party dialogue scripts are not included here."
case_surface_content_src_data_cases_generated_friend-01_evidence_e-4_.viewerDataByStage.2.chat.pages_1_.messages_3_.text,case_surface_content,src/data/cases/generated,friend-01,evidence[e-4].viewerDataByStage.2.chat.pages[1].messages[3].text,그냥 여자 입장에서 어떻게 보이는지 궁금해서요.,I’m just curious how it looks from a woman’s perspective.,ただ、女性の立場からどう見えるのか気になって。,我只是想知道从女性角度看起来会怎样。,"Case metadata, character profile, dispute, evidence, solution, or evidence-viewer surface text. Party dialogue scripts are not included here."
case_surface_content_src_data_cases_generated_friend-01_evidence_e-4_.viewerDataByStage.2.chat.pages_1_.messages_3_.time,case_surface_content,src/data/cases/generated,friend-01,evidence[e-4].viewerDataByStage.2.chat.pages[1].messages[3].time,오후 8:39,8:39 PM,午後8時39分,晚上8:39,"Case metadata, character profile, dispute, evidence, solution, or evidence-viewer surface text. Party dialogue scripts are not included here."
case_surface_content_src_data_cases_generated_friend-01_evidence_e-4_.viewerDataByStage.2.chat.pages_1_.messages_4_.sender,case_surface_content,src/data/cases/generated,friend-01,evidence[e-4].viewerDataByStage.2.chat.pages[1].messages[4].sender,김태윤,Kim Tae-yun,キム・テユン,金泰允,"Case metadata, character profile, dispute, evidence, solution, or evidence-viewer surface text. Party dialogue scripts are not included here."
case_surface_content_src_data_cases_generated_friend-01_evidence_e-4_.viewerDataByStage.2.chat.pages_1_.messages_4_.text,case_surface_content,src/data/cases/generated,friend-01,evidence[e-4].viewerDataByStage.2.chat.pages[1].messages[4].text,다은이 몰래 잠깐 얘기하면 더 편할 것 같긴 한데.,It might be easier if we talked briefly without Da-eun knowing.,ダウンに内緒で少し話せたら、もっと楽かもしれないんですが。,如果瞒着多恩简单聊一下，可能会更方便。,"Case metadata, character profile, dispute, evidence, solution, or evidence-viewer surface text. Party dialogue scripts are not included here."
case_surface_content_src_data_cases_generated_friend-01_evidence_e-4_.viewerDataByStage.2.chat.pages_1_.messages_4_.time,case_surface_content,src/data/cases/generated,friend-01,evidence[e-4].viewerDataByStage.2.chat.pages[1].messages[4].time,오후 8:41,8:41 PM,午後8時41分,晚上8:41,"Case metadata, character profile, dispute, evidence, solution, or evidence-viewer surface text. Party dialogue scripts are not included here."
case_surface_content_src_data_cases_generated_friend-01_evidence_e-4_.viewerDataByStage.2.chat.pages_1_.messages_5_.sender,case_surface_content,src/data/cases/generated,friend-01,evidence[e-4].viewerDataByStage.2.chat.pages[1].messages[5].sender,최수민,Choi Su-min,チェ・スミン,崔秀敏,"Case metadata, character profile, dispute, evidence, solution, or evidence-viewer surface text. Party dialogue scripts are not included here."
case_surface_content_src_data_cases_generated_friend-01_evidence_e-4_.viewerDataByStage.2.chat.pages_1_.messages_5_.text,case_surface_content,src/data/cases/generated,friend-01,evidence[e-4].viewerDataByStage.2.chat.pages[1].messages[5].text,몰래 얘기할 일은 아닌 것 같아요. 문자로 말씀하세요.,I don’t think this is something to discuss in secret. Please say it by text.,内緒で話すことではないと思います。メッセージで言ってください。,这不像是该私下偷偷谈的事。请用文字说。,"Case metadata, character profile, dispute, evidence, solution, or evidence-viewer surface text. Party dialogue scripts are not included here."
case_surface_content_src_data_cases_generated_friend-01_evidence_e-4_.viewerDataByStage.2.chat.pages_1_.messages_5_.time,case_surface_content,src/data/cases/generated,friend-01,evidence[e-4].viewerDataByStage.2.chat.pages[1].messages[5].time,오후 8:43,8:43 PM,午後8時43分,晚上8:43,"Case metadata, character profile, dispute, evidence, solution, or evidence-viewer surface text. Party dialogue scripts are not included here."
case_surface_content_src_data_cases_generated_friend-01_evidence_e-4_.viewerDataByStage.2.meta.legalLabel,case_surface_content,src/data/cases/generated,friend-01,evidence[e-4].viewerDataByStage.2.meta.legalLabel,적법,Legal,適法,合法,"Case metadata, character profile, dispute, evidence, solution, or evidence-viewer surface text. Party dialogue scripts are not included here."
case_surface_content_src_data_cases_generated_friend-01_evidence_e-4_.viewerDataByStage.2.meta.name,case_surface_content,src/data/cases/generated,friend-01,evidence[e-4].viewerDataByStage.2.meta.name,예비신랑 메시지,Fiancé's Message,婚約者のメッセージ,未婚夫留言,"Case metadata, character profile, dispute, evidence, solution, or evidence-viewer surface text. Party dialogue scripts are not included here."
case_surface_content_src_data_cases_generated_friend-01_evidence_e-4_.viewerDataByStage.2.meta.redactions_0,case_surface_content,src/data/cases/generated,friend-01,evidence[e-4].viewerDataByStage.2.meta.redactions[0],늦은 밤 원문 봉인,Late-night original text sealed,深夜の原文を封印,深夜原文封存,"Case metadata, character profile, dispute, evidence, solution, or evidence-viewer surface text. Party dialogue scripts are not included here."
case_surface_content_src_data_cases_generated_friend-01_evidence_e-4_.viewerDataByStage.2.meta.sourceLabel,case_surface_content,src/data/cases/generated,friend-01,evidence[e-4].viewerDataByStage.2.meta.sourceLabel,최수민 측,Choi Su-min's Side,チェ・スミン側,崔秀敏一方,"Case metadata, character profile, dispute, evidence, solution, or evidence-viewer surface text. Party dialogue scripts are not included here."
case_surface_content_src_data_cases_generated_friend-01_evidence_e-4_.viewerDataByStage.2.meta.stageLabel,case_surface_content,src/data/cases/generated,friend-01,evidence[e-4].viewerDataByStage.2.meta.stageLabel,2단계 — 미심쩍은 부탁 정황,Stage 2 — Suspicious Request Context,2段階 — 不審な依頼の状況,第2阶段——可疑请求情况,"Case metadata, character profile, dispute, evidence, solution, or evidence-viewer surface text. Party dialogue scripts are not included here."
case_surface_content_src_data_cases_generated_friend-01_evidence_e-4_.viewerDataByStage.2.meta.trustLabel,case_surface_content,src/data/cases/generated,friend-01,evidence[e-4].viewerDataByStage.2.meta.trustLabel,보통,Normal,普通,普通,"Case metadata, character profile, dispute, evidence, solution, or evidence-viewer surface text. Party dialogue scripts are not included here."
case_surface_content_src_data_cases_generated_friend-01_evidence_e-4_.viewerDataByStage.3.chat.header,case_surface_content,src/data/cases/generated,friend-01,evidence[e-4].viewerDataByStage.3.chat.header,김태윤 카톡 — 2026.02.24 (3쪽 늦은 밤 메시지),Kim Tae-yun KakaoTalk — 2026.02.24 (Page 3: Late-Night Messages),キム・テユン カカオトーク — 2026.02.24（3ページ：深夜メッセージ）,金泰允KakaoTalk — 2026.02.24（第3页：深夜留言）,"Case metadata, character profile, dispute, evidence, solution, or evidence-viewer surface text. Party dialogue scripts are not included here."
case_surface_content_src_data_cases_generated_friend-01_evidence_e-4_.viewerDataByStage.3.chat.messages_0_.text,case_surface_content,src/data/cases/generated,friend-01,evidence[e-4].viewerDataByStage.3.chat.messages[0].text,2026.02.24 오전 12:47 · 늦은 밤 음주 후로 보이는 메시지,2026.02.24 12:47 AM · Message that appears to follow late-night drinking,2026.02.24 午前12時47分 · 深夜の飲酒後と思われるメッセージ,2026.02.24 凌晨12:47 · 看似深夜饮酒后的消息,"Case metadata, character profile, dispute, evidence, solution, or evidence-viewer surface text. Party dialogue scripts are not included here."
case_surface_content_src_data_cases_generated_friend-01_evidence_e-4_.viewerDataByStage.3.chat.messages_1_.sender,case_surface_content,src/data/cases/generated,friend-01,evidence[e-4].viewerDataByStage.3.chat.messages[1].sender,김태윤,Kim Tae-yun,キム・テユン,金泰允,"Case metadata, character profile, dispute, evidence, solution, or evidence-viewer surface text. Party dialogue scripts are not included here."
case_surface_content_src_data_cases_generated_friend-01_evidence_e-4_.viewerDataByStage.3.chat.messages_1_.text,case_surface_content,src/data/cases/generated,friend-01,evidence[e-4].viewerDataByStage.3.chat.messages[1].text,수민 씨 자요? 나 오늘 좀 마셨어요.,"Su-min, are you asleep? I had a bit to drink today.",スミンさん、寝てますか？ 僕、今日少し飲みました。,秀敏，你睡了吗？我今天喝了点酒。,"Case metadata, character profile, dispute, evidence, solution, or evidence-viewer surface text. Party dialogue scripts are not included here."
case_surface_content_src_data_cases_generated_friend-01_evidence_e-4_.viewerDataByStage.3.chat.messages_1_.time,case_surface_content,src/data/cases/generated,friend-01,evidence[e-4].viewerDataByStage.3.chat.messages[1].time,오전 12:47,12:47 AM,午前12時47分,凌晨12:47,"Case metadata, character profile, dispute, evidence, solution, or evidence-viewer surface text. Party dialogue scripts are not included here."
case_surface_content_src_data_cases_generated_friend-01_evidence_e-4_.viewerDataByStage.3.chat.messages_2_.sender,case_surface_content,src/data/cases/generated,friend-01,evidence[e-4].viewerDataByStage.3.chat.messages[2].sender,김태윤,Kim Tae-yun,キム・テユン,金泰允,"Case metadata, character profile, dispute, evidence, solution, or evidence-viewer surface text. Party dialogue scripts are not included here."
case_surface_content_src_data_cases_generated_friend-01_evidence_e-4_.viewerDataByStage.3.chat.messages_2_.text,case_surface_content,src/data/cases/generated,friend-01,evidence[e-4].viewerDataByStage.3.chat.messages[2].text,이상하게 술 마시면 수민 씨 생각이 나네.,"Strangely, when I drink, I think of you, Su-min.",不思議と、酒を飲むとスミンさんのことを思い出します。,奇怪的是，我一喝酒就会想到秀敏。,"Case metadata, character profile, dispute, evidence, solution, or evidence-viewer surface text. Party dialogue scripts are not included here."
case_surface_content_src_data_cases_generated_friend-01_evidence_e-4_.viewerDataByStage.3.chat.messages_2_.time,case_surface_content,src/data/cases/generated,friend-01,evidence[e-4].viewerDataByStage.3.chat.messages[2].time,오전 12:49,12:49 AM,午前12時49分,凌晨12:49,"Case metadata, character profile, dispute, evidence, solution, or evidence-viewer surface text. Party dialogue scripts are not included here."
case_surface_content_src_data_cases_generated_friend-01_evidence_e-4_.viewerDataByStage.3.chat.messages_3_.sender,case_surface_content,src/data/cases/generated,friend-01,evidence[e-4].viewerDataByStage.3.chat.messages[3].sender,최수민,Choi Su-min,チェ・スミン,崔秀敏,"Case metadata, character profile, dispute, evidence, solution, or evidence-viewer surface text. Party dialogue scripts are not included here."
case_surface_content_src_data_cases_generated_friend-01_evidence_e-4_.viewerDataByStage.3.chat.messages_3_.text,case_surface_content,src/data/cases/generated,friend-01,evidence[e-4].viewerDataByStage.3.chat.messages[3].text,"태윤 씨, 지금 시간도 그렇고 이런 연락은 불편합니다.","Tae-yun, considering the hour, this kind of message makes me uncomfortable.",テユンさん、今の時間もそうですし、こういう連絡は困ります。,泰允先生，现在这个时间，加上这种联系，让我很不舒服。,"Case metadata, character profile, dispute, evidence, solution, or evidence-viewer surface text. Party dialogue scripts are not included here."
case_surface_content_src_data_cases_generated_friend-01_evidence_e-4_.viewerDataByStage.3.chat.messages_3_.time,case_surface_content,src/data/cases/generated,friend-01,evidence[e-4].viewerDataByStage.3.chat.messages[3].time,오전 12:51,12:51 AM,午前12時51分,凌晨12:51,"Case metadata, character profile, dispute, evidence, solution, or evidence-viewer surface text. Party dialogue scripts are not included here."
case_surface_content_src_data_cases_generated_friend-01_evidence_e-4_.viewerDataByStage.3.chat.messages_4_.sender,case_surface_content,src/data/cases/generated,friend-01,evidence[e-4].viewerDataByStage.3.chat.messages[4].sender,김태윤,Kim Tae-yun,キム・テユン,金泰允,"Case metadata, character profile, dispute, evidence, solution, or evidence-viewer surface text. Party dialogue scripts are not included here."
case_surface_content_src_data_cases_generated_friend-01_evidence_e-4_.viewerDataByStage.3.chat.messages_4_.text,case_surface_content,src/data/cases/generated,friend-01,evidence[e-4].viewerDataByStage.3.chat.messages[4].text,딱 한 잔만 더 할래요? 다은이한테는 그냥 회사 사람들 만났다고 하면 되고.,How about just one more drink? You can just tell Da-eun you met people from work.,もう一杯だけどうですか？ ダウンには会社の人たちと会ったと言えばいいですし。,再喝一杯怎么样？你就跟多恩说是见了公司的人就行。,"Case metadata, character profile, dispute, evidence, solution, or evidence-viewer surface text. Party dialogue scripts are not included here."
case_surface_content_src_data_cases_generated_friend-01_evidence_e-4_.viewerDataByStage.3.chat.messages_4_.time,case_surface_content,src/data/cases/generated,friend-01,evidence[e-4].viewerDataByStage.3.chat.messages[4].time,오전 12:53,12:53 AM,午前12時53分,凌晨12:53,"Case metadata, character profile, dispute, evidence, solution, or evidence-viewer surface text. Party dialogue scripts are not included here."
case_surface_content_src_data_cases_generated_friend-01_evidence_e-4_.viewerDataByStage.3.chat.messages_5_.sender,case_surface_content,src/data/cases/generated,friend-01,evidence[e-4].viewerDataByStage.3.chat.messages[5].sender,최수민,Choi Su-min,チェ・スミン,崔秀敏,"Case metadata, character profile, dispute, evidence, solution, or evidence-viewer surface text. Party dialogue scripts are not included here."
case_surface_content_src_data_cases_generated_friend-01_evidence_e-4_.viewerDataByStage.3.chat.messages_5_.text,case_surface_content,src/data/cases/generated,friend-01,evidence[e-4].viewerDataByStage.3.chat.messages[5].text,다은이 예비신랑이잖아요. 저는 이런 식으로 만나지 않습니다.,You’re Da-eun’s fiancé. I don’t meet people this way.,あなたはダウンの婚約者でしょう。私はこういう形では会いません。,你是多恩的未婚夫。我不会以这种方式见面。,"Case metadata, character profile, dispute, evidence, solution, or evidence-viewer surface text. Party dialogue scripts are not included here."
case_surface_content_src_data_cases_generated_friend-01_evidence_e-4_.viewerDataByStage.3.chat.messages_5_.time,case_surface_content,src/data/cases/generated,friend-01,evidence[e-4].viewerDataByStage.3.chat.messages[5].time,오전 12:54,12:54 AM,午前12時54分,凌晨12:54,"Case metadata, character profile, dispute, evidence, solution, or evidence-viewer surface text. Party dialogue scripts are not included here."
case_surface_content_src_data_cases_generated_friend-01_evidence_e-4_.viewerDataByStage.3.chat.messages_6_.sender,case_surface_content,src/data/cases/generated,friend-01,evidence[e-4].viewerDataByStage.3.chat.messages[6].sender,김태윤,Kim Tae-yun,キム・テユン,金泰允,"Case metadata, character profile, dispute, evidence, solution, or evidence-viewer surface text. Party dialogue scripts are not included here."
case_surface_content_src_data_cases_generated_friend-01_evidence_e-4_.viewerDataByStage.3.chat.messages_6_.text,case_surface_content,src/data/cases/generated,friend-01,evidence[e-4].viewerDataByStage.3.chat.messages[6].text,너무 선 긋지 말고. 원래 너 같은 스타일 좋아했거든.,Don’t draw such a hard line. I’ve always liked your type.,そんなに線を引かないで。もともと君みたいなタイプが好きだったんだ。,别把界线划得这么清。我本来就喜欢你这种类型。,"Case metadata, character profile, dispute, evidence, solution, or evidence-viewer surface text. Party dialogue scripts are not included here."
case_surface_content_src_data_cases_generated_friend-01_evidence_e-4_.viewerDataByStage.3.chat.messages_6_.time,case_surface_content,src/data/cases/generated,friend-01,evidence[e-4].viewerDataByStage.3.chat.messages[6].time,오전 12:56,12:56 AM,午前12時56分,凌晨12:56,"Case metadata, character profile, dispute, evidence, solution, or evidence-viewer surface text. Party dialogue scripts are not included here."
case_surface_content_src_data_cases_generated_friend-01_evidence_e-4_.viewerDataByStage.3.chat.messages_7_.sender,case_surface_content,src/data/cases/generated,friend-01,evidence[e-4].viewerDataByStage.3.chat.messages[7].sender,최수민,Choi Su-min,チェ・スミン,崔秀敏,"Case metadata, character profile, dispute, evidence, solution, or evidence-viewer surface text. Party dialogue scripts are not included here."
case_surface_content_src_data_cases_generated_friend-01_evidence_e-4_.viewerDataByStage.3.chat.messages_7_.text,case_surface_content,src/data/cases/generated,friend-01,evidence[e-4].viewerDataByStage.3.chat.messages[7].text,그만하세요. 이 대화는 남겨두겠습니다.,Stop. I’m keeping this conversation.,やめてください。この会話は残しておきます。,请停止。我会保留这段对话。,"Case metadata, character profile, dispute, evidence, solution, or evidence-viewer surface text. Party dialogue scripts are not included here."
case_surface_content_src_data_cases_generated_friend-01_evidence_e-4_.viewerDataByStage.3.chat.messages_7_.time,case_surface_content,src/data/cases/generated,friend-01,evidence[e-4].viewerDataByStage.3.chat.messages[7].time,오전 12:58,12:58 AM,午前12時58分,凌晨12:58,"Case metadata, character profile, dispute, evidence, solution, or evidence-viewer surface text. Party dialogue scripts are not included here."
case_surface_content_src_data_cases_generated_friend-01_evidence_e-4_.viewerDataByStage.3.chat.messages_8_.text,case_surface_content,src/data/cases/generated,friend-01,evidence[e-4].viewerDataByStage.3.chat.messages[8].text,김태윤 — 읽음 (답장 없음),Kim Tae-yun — Read (no reply),キム・テユン — 既読（返信なし）,金泰允 — 已读（无回复）,"Case metadata, character profile, dispute, evidence, solution, or evidence-viewer surface text. Party dialogue scripts are not included here."
case_surface_content_src_data_cases_generated_friend-01_evidence_e-4_.viewerDataByStage.3.chat.pages_0_.header,case_surface_content,src/data/cases/generated,friend-01,evidence[e-4].viewerDataByStage.3.chat.pages[0].header,김태윤 카톡 — 2026.02.18 (1쪽 일상 대화),Kim Tae-yun KakaoTalk — 2026.02.18 (Page 1: Everyday Conversation),キム・テユン カカオトーク — 2026.02.18（1ページ：日常会話）,金泰允KakaoTalk — 2026.02.18（第1页：日常对话）,"Case metadata, character profile, dispute, evidence, solution, or evidence-viewer surface text. Party dialogue scripts are not included here."
case_surface_content_src_data_cases_generated_friend-01_evidence_e-4_.viewerDataByStage.3.chat.pages_0_.label,case_surface_content,src/data/cases/generated,friend-01,evidence[e-4].viewerDataByStage.3.chat.pages[0].label,1쪽 일상 대화,Page 1: Everyday Conversation,1ページ：日常会話,第1页：日常对话,"Case metadata, character profile, dispute, evidence, solution, or evidence-viewer surface text. Party dialogue scripts are not included here."
case_surface_content_src_data_cases_generated_friend-01_evidence_e-4_.viewerDataByStage.3.chat.pages_0_.messages_0_.text,case_surface_content,src/data/cases/generated,friend-01,evidence[e-4].viewerDataByStage.3.chat.pages[0].messages[0].text,2026.02.18 오후 7:12 · 대화 초반,2026.02.18 7:12 PM · Start of conversation,2026.02.18 午後7時12分 · 会話序盤,2026.02.18 晚上7:12 · 对话开头,"Case metadata, character profile, dispute, evidence, solution, or evidence-viewer surface text. Party dialogue scripts are not included here."
case_surface_content_src_data_cases_generated_friend-01_evidence_e-4_.viewerDataByStage.3.chat.pages_0_.messages_1_.sender,case_surface_content,src/data/cases/generated,friend-01,evidence[e-4].viewerDataByStage.3.chat.pages[0].messages[1].sender,김태윤,Kim Tae-yun,キム・テユン,金泰允,"Case metadata, character profile, dispute, evidence, solution, or evidence-viewer surface text. Party dialogue scripts are not included here."
case_surface_content_src_data_cases_generated_friend-01_evidence_e-4_.viewerDataByStage.3.chat.pages_0_.messages_1_.text,case_surface_content,src/data/cases/generated,friend-01,evidence[e-4].viewerDataByStage.3.chat.pages[0].messages[1].text,"수민 씨, 다은이가 요즘 필라테스 예약이 어렵다던데 맞아요?","Su-min, Da-eun said Pilates reservations are hard to get these days. Is that true?",スミンさん、ダウンが最近ピラティスの予約が取りにくいと言っていたんですが、本当ですか？,秀敏，多恩说最近普拉提很难预约，是真的吗？,"Case metadata, character profile, dispute, evidence, solution, or evidence-viewer surface text. Party dialogue scripts are not included here."
case_surface_content_src_data_cases_generated_friend-01_evidence_e-4_.viewerDataByStage.3.chat.pages_0_.messages_1_.time,case_surface_content,src/data/cases/generated,friend-01,evidence[e-4].viewerDataByStage.3.chat.pages[0].messages[1].time,오후 7:12,7:12 PM,午後7時12分,晚上7:12,"Case metadata, character profile, dispute, evidence, solution, or evidence-viewer surface text. Party dialogue scripts are not included here."
case_surface_content_src_data_cases_generated_friend-01_evidence_e-4_.viewerDataByStage.3.chat.pages_0_.messages_2_.sender,case_surface_content,src/data/cases/generated,friend-01,evidence[e-4].viewerDataByStage.3.chat.pages[0].messages[2].sender,최수민,Choi Su-min,チェ・スミン,崔秀敏,"Case metadata, character profile, dispute, evidence, solution, or evidence-viewer surface text. Party dialogue scripts are not included here."
case_surface_content_src_data_cases_generated_friend-01_evidence_e-4_.viewerDataByStage.3.chat.pages_0_.messages_2_.text,case_surface_content,src/data/cases/generated,friend-01,evidence[e-4].viewerDataByStage.3.chat.pages[0].messages[2].text,"네, 퇴근 시간대는 거의 꽉 차요. 필요하면 센터 번호 알려드릴게요.","Yes, the after-work slots are almost fully booked. If you need it, I can give you the center’s number.",はい、退勤時間帯はほとんど埋まっています。必要ならセンターの番号をお伝えします。,是的，下班时间段几乎都满了。如果需要，我可以把中心电话给你。,"Case metadata, character profile, dispute, evidence, solution, or evidence-viewer surface text. Party dialogue scripts are not included here."
case_surface_content_src_data_cases_generated_friend-01_evidence_e-4_.viewerDataByStage.3.chat.pages_0_.messages_2_.time,case_surface_content,src/data/cases/generated,friend-01,evidence[e-4].viewerDataByStage.3.chat.pages[0].messages[2].time,오후 7:14,7:14 PM,午後7時14分,晚上7:14,"Case metadata, character profile, dispute, evidence, solution, or evidence-viewer surface text. Party dialogue scripts are not included here."
case_surface_content_src_data_cases_generated_friend-01_evidence_e-4_.viewerDataByStage.3.chat.pages_0_.messages_3_.sender,case_surface_content,src/data/cases/generated,friend-01,evidence[e-4].viewerDataByStage.3.chat.pages[0].messages[3].sender,김태윤,Kim Tae-yun,キム・テユン,金泰允,"Case metadata, character profile, dispute, evidence, solution, or evidence-viewer surface text. Party dialogue scripts are not included here."
case_surface_content_src_data_cases_generated_friend-01_evidence_e-4_.viewerDataByStage.3.chat.pages_0_.messages_3_.text,case_surface_content,src/data/cases/generated,friend-01,evidence[e-4].viewerDataByStage.3.chat.pages[0].messages[3].text,아 그렇구나. 결혼식 전에 운동 좀 해야 하나 해서요.,"Oh, I see. I was thinking I should exercise a bit before the wedding.",ああ、そうなんですね。結婚式の前に少し運動した方がいいかなと思って。,哦，原来如此。我在想婚礼前是不是该运动一下。,"Case metadata, character profile, dispute, evidence, solution, or evidence-viewer surface text. Party dialogue scripts are not included here."
case_surface_content_src_data_cases_generated_friend-01_evidence_e-4_.viewerDataByStage.3.chat.pages_0_.messages_3_.time,case_surface_content,src/data/cases/generated,friend-01,evidence[e-4].viewerDataByStage.3.chat.pages[0].messages[3].time,오후 7:15,7:15 PM,午後7時15分,晚上7:15,"Case metadata, character profile, dispute, evidence, solution, or evidence-viewer surface text. Party dialogue scripts are not included here."
case_surface_content_src_data_cases_generated_friend-01_evidence_e-4_.viewerDataByStage.3.chat.pages_0_.messages_4_.sender,case_surface_content,src/data/cases/generated,friend-01,evidence[e-4].viewerDataByStage.3.chat.pages[0].messages[4].sender,최수민,Choi Su-min,チェ・スミン,崔秀敏,"Case metadata, character profile, dispute, evidence, solution, or evidence-viewer surface text. Party dialogue scripts are not included here."
case_surface_content_src_data_cases_generated_friend-01_evidence_e-4_.viewerDataByStage.3.chat.pages_0_.messages_4_.text,case_surface_content,src/data/cases/generated,friend-01,evidence[e-4].viewerDataByStage.3.chat.pages[0].messages[4].text,다은이랑 같이 상담 받아보시면 될 것 같아요.,You could go in for a consultation with Da-eun.,ダウンと一緒に相談を受けてみればいいと思います。,你可以和多恩一起去咨询一下。,"Case metadata, character profile, dispute, evidence, solution, or evidence-viewer surface text. Party dialogue scripts are not included here."
case_surface_content_src_data_cases_generated_friend-01_evidence_e-4_.viewerDataByStage.3.chat.pages_0_.messages_4_.time,case_surface_content,src/data/cases/generated,friend-01,evidence[e-4].viewerDataByStage.3.chat.pages[0].messages[4].time,오후 7:16,7:16 PM,午後7時16分,晚上7:16,"Case metadata, character profile, dispute, evidence, solution, or evidence-viewer surface text. Party dialogue scripts are not included here."
case_surface_content_src_data_cases_generated_friend-01_evidence_e-4_.viewerDataByStage.3.chat.pages_1_.header,case_surface_content,src/data/cases/generated,friend-01,evidence[e-4].viewerDataByStage.3.chat.pages[1].header,김태윤 카톡 — 2026.02.21 (2쪽 미심쩍은 부탁),Kim Tae-yun KakaoTalk — 2026.02.21 (Page 2: Suspicious Request),キム・テユン カカオトーク — 2026.02.21（2ページ：不審な依頼）,金泰允KakaoTalk — 2026.02.21（第2页：可疑请求）,"Case metadata, character profile, dispute, evidence, solution, or evidence-viewer surface text. Party dialogue scripts are not included here."
case_surface_content_src_data_cases_generated_friend-01_evidence_e-4_.viewerDataByStage.3.chat.pages_1_.label,case_surface_content,src/data/cases/generated,friend-01,evidence[e-4].viewerDataByStage.3.chat.pages[1].label,2쪽 미심쩍은 부탁,Page 2: Suspicious Request,2ページ：不審な依頼,第2页：可疑请求,"Case metadata, character profile, dispute, evidence, solution, or evidence-viewer surface text. Party dialogue scripts are not included here."
case_surface_content_src_data_cases_generated_friend-01_evidence_e-4_.viewerDataByStage.3.chat.pages_1_.messages_0_.text,case_surface_content,src/data/cases/generated,friend-01,evidence[e-4].viewerDataByStage.3.chat.pages[1].messages[0].text,2026.02.21 오후 8:36 · 부탁처럼 보이나 목적이 불분명한 구간,"2026.02.21 8:36 PM · Section that looks like a request, but the purpose is unclear",2026.02.21 午後8時36分 · 依頼のように見えるが目的が不明な区間,2026.02.21 晚上8:36 · 看似请求但目的不明的区段,"Case metadata, character profile, dispute, evidence, solution, or evidence-viewer surface text. Party dialogue scripts are not included here."
case_surface_content_src_data_cases_generated_friend-01_evidence_e-4_.viewerDataByStage.3.chat.pages_1_.messages_1_.sender,case_surface_content,src/data/cases/generated,friend-01,evidence[e-4].viewerDataByStage.3.chat.pages[1].messages[1].sender,김태윤,Kim Tae-yun,キム・テユン,金泰允,"Case metadata, character profile, dispute, evidence, solution, or evidence-viewer surface text. Party dialogue scripts are not included here."
case_surface_content_src_data_cases_generated_friend-01_evidence_e-4_.viewerDataByStage.3.chat.pages_1_.messages_1_.text,case_surface_content,src/data/cases/generated,friend-01,evidence[e-4].viewerDataByStage.3.chat.pages[1].messages[1].text,"수민 씨, 혹시 다은이한테 바로 말하기 애매한 거 하나만 물어봐도 돼요?","Su-min, can I ask you one thing that’s awkward to bring up with Da-eun directly?",スミンさん、ダウンに直接言いにくいことを一つだけ聞いてもいいですか？,秀敏，我可以问你一件不太方便直接跟多恩说的事吗？,"Case metadata, character profile, dispute, evidence, solution, or evidence-viewer surface text. Party dialogue scripts are not included here."
case_surface_content_src_data_cases_generated_friend-01_evidence_e-4_.viewerDataByStage.3.chat.pages_1_.messages_1_.time,case_surface_content,src/data/cases/generated,friend-01,evidence[e-4].viewerDataByStage.3.chat.pages[1].messages[1].time,오후 8:36,8:36 PM,午後8時36分,晚上8:36,"Case metadata, character profile, dispute, evidence, solution, or evidence-viewer surface text. Party dialogue scripts are not included here."
case_surface_content_src_data_cases_generated_friend-01_evidence_e-4_.viewerDataByStage.3.chat.pages_1_.messages_2_.sender,case_surface_content,src/data/cases/generated,friend-01,evidence[e-4].viewerDataByStage.3.chat.pages[1].messages[2].sender,최수민,Choi Su-min,チェ・スミン,崔秀敏,"Case metadata, character profile, dispute, evidence, solution, or evidence-viewer surface text. Party dialogue scripts are not included here."
case_surface_content_src_data_cases_generated_friend-01_evidence_e-4_.viewerDataByStage.3.chat.pages_1_.messages_2_.text,case_surface_content,src/data/cases/generated,friend-01,evidence[e-4].viewerDataByStage.3.chat.pages[1].messages[2].text,무슨 일인데요? 다은이랑 관련된 거면 다은이한테 직접 물어보시는 게 맞아요.,"What is it? If it’s related to Da-eun, you should ask Da-eun directly.",何のことですか？ ダウンに関係することなら、ダウンに直接聞くのが筋です。,什么事？如果和多恩有关，你应该直接问多恩。,"Case metadata, character profile, dispute, evidence, solution, or evidence-viewer surface text. Party dialogue scripts are not included here."
case_surface_content_src_data_cases_generated_friend-01_evidence_e-4_.viewerDataByStage.3.chat.pages_1_.messages_2_.time,case_surface_content,src/data/cases/generated,friend-01,evidence[e-4].viewerDataByStage.3.chat.pages[1].messages[2].time,오후 8:38,8:38 PM,午後8時38分,晚上8:38,"Case metadata, character profile, dispute, evidence, solution, or evidence-viewer surface text. Party dialogue scripts are not included here."
case_surface_content_src_data_cases_generated_friend-01_evidence_e-4_.viewerDataByStage.3.chat.pages_1_.messages_3_.sender,case_surface_content,src/data/cases/generated,friend-01,evidence[e-4].viewerDataByStage.3.chat.pages[1].messages[3].sender,김태윤,Kim Tae-yun,キム・テユン,金泰允,"Case metadata, character profile, dispute, evidence, solution, or evidence-viewer surface text. Party dialogue scripts are not included here."
case_surface_content_src_data_cases_generated_friend-01_evidence_e-4_.viewerDataByStage.3.chat.pages_1_.messages_3_.text,case_surface_content,src/data/cases/generated,friend-01,evidence[e-4].viewerDataByStage.3.chat.pages[1].messages[3].text,그냥 여자 입장에서 어떻게 보이는지 궁금해서요.,I’m just curious how it looks from a woman’s perspective.,ただ、女性の立場からどう見えるのか気になって。,我只是想知道从女性角度看起来会怎样。,"Case metadata, character profile, dispute, evidence, solution, or evidence-viewer surface text. Party dialogue scripts are not included here."
case_surface_content_src_data_cases_generated_friend-01_evidence_e-4_.viewerDataByStage.3.chat.pages_1_.messages_3_.time,case_surface_content,src/data/cases/generated,friend-01,evidence[e-4].viewerDataByStage.3.chat.pages[1].messages[3].time,오후 8:39,8:39 PM,午後8時39分,晚上8:39,"Case metadata, character profile, dispute, evidence, solution, or evidence-viewer surface text. Party dialogue scripts are not included here."
case_surface_content_src_data_cases_generated_friend-01_evidence_e-4_.viewerDataByStage.3.chat.pages_1_.messages_4_.sender,case_surface_content,src/data/cases/generated,friend-01,evidence[e-4].viewerDataByStage.3.chat.pages[1].messages[4].sender,김태윤,Kim Tae-yun,キム・テユン,金泰允,"Case metadata, character profile, dispute, evidence, solution, or evidence-viewer surface text. Party dialogue scripts are not included here."
case_surface_content_src_data_cases_generated_friend-01_evidence_e-4_.viewerDataByStage.3.chat.pages_1_.messages_4_.text,case_surface_content,src/data/cases/generated,friend-01,evidence[e-4].viewerDataByStage.3.chat.pages[1].messages[4].text,다은이 몰래 잠깐 얘기하면 더 편할 것 같긴 한데.,It might be easier if we talked briefly without Da-eun knowing.,ダウンに内緒で少し話せたら、もっと楽かもしれないんですが。,如果瞒着多恩简单聊一下，可能会更方便。,"Case metadata, character profile, dispute, evidence, solution, or evidence-viewer surface text. Party dialogue scripts are not included here."
case_surface_content_src_data_cases_generated_friend-01_evidence_e-4_.viewerDataByStage.3.chat.pages_1_.messages_4_.time,case_surface_content,src/data/cases/generated,friend-01,evidence[e-4].viewerDataByStage.3.chat.pages[1].messages[4].time,오후 8:41,8:41 PM,午後8時41分,晚上8:41,"Case metadata, character profile, dispute, evidence, solution, or evidence-viewer surface text. Party dialogue scripts are not included here."
case_surface_content_src_data_cases_generated_friend-01_evidence_e-4_.viewerDataByStage.3.chat.pages_1_.messages_5_.sender,case_surface_content,src/data/cases/generated,friend-01,evidence[e-4].viewerDataByStage.3.chat.pages[1].messages[5].sender,최수민,Choi Su-min,チェ・スミン,崔秀敏,"Case metadata, character profile, dispute, evidence, solution, or evidence-viewer surface text. Party dialogue scripts are not included here."
case_surface_content_src_data_cases_generated_friend-01_evidence_e-4_.viewerDataByStage.3.chat.pages_1_.messages_5_.text,case_surface_content,src/data/cases/generated,friend-01,evidence[e-4].viewerDataByStage.3.chat.pages[1].messages[5].text,몰래 얘기할 일은 아닌 것 같아요. 문자로 말씀하세요.,I don’t think this is something to discuss in secret. Please say it by text.,内緒で話すことではないと思います。メッセージで言ってください。,这不像是该私下偷偷谈的事。请用文字说。,"Case metadata, character profile, dispute, evidence, solution, or evidence-viewer surface text. Party dialogue scripts are not included here."
case_surface_content_src_data_cases_generated_friend-01_evidence_e-4_.viewerDataByStage.3.chat.pages_1_.messages_5_.time,case_surface_content,src/data/cases/generated,friend-01,evidence[e-4].viewerDataByStage.3.chat.pages[1].messages[5].time,오후 8:43,8:43 PM,午後8時43分,晚上8:43,"Case metadata, character profile, dispute, evidence, solution, or evidence-viewer surface text. Party dialogue scripts are not included here."
case_surface_content_src_data_cases_generated_friend-01_evidence_e-4_.viewerDataByStage.3.chat.pages_2_.header,case_surface_content,src/data/cases/generated,friend-01,evidence[e-4].viewerDataByStage.3.chat.pages[2].header,김태윤 카톡 — 2026.02.24 (3쪽 늦은 밤 메시지),Kim Tae-yun KakaoTalk — 2026.02.24 (Page 3: Late-Night Messages),キム・テユン カカオトーク — 2026.02.24（3ページ：深夜メッセージ）,金泰允KakaoTalk — 2026.02.24（第3页：深夜留言）,"Case metadata, character profile, dispute, evidence, solution, or evidence-viewer surface text. Party dialogue scripts are not included here."
case_surface_content_src_data_cases_generated_friend-01_evidence_e-4_.viewerDataByStage.3.chat.pages_2_.label,case_surface_content,src/data/cases/generated,friend-01,evidence[e-4].viewerDataByStage.3.chat.pages[2].label,3쪽 늦은 밤 메시지,Page 3: Late-Night Messages,3ページ：深夜メッセージ,第3页：深夜留言,"Case metadata, character profile, dispute, evidence, solution, or evidence-viewer surface text. Party dialogue scripts are not included here."
case_surface_content_src_data_cases_generated_friend-01_evidence_e-4_.viewerDataByStage.3.chat.pages_2_.messages_0_.text,case_surface_content,src/data/cases/generated,friend-01,evidence[e-4].viewerDataByStage.3.chat.pages[2].messages[0].text,2026.02.24 오전 12:47 · 늦은 밤 음주 후로 보이는 메시지,2026.02.24 12:47 AM · Message that appears to follow late-night drinking,2026.02.24 午前12時47分 · 深夜の飲酒後と思われるメッセージ,2026.02.24 凌晨12:47 · 看似深夜饮酒后的消息,"Case metadata, character profile, dispute, evidence, solution, or evidence-viewer surface text. Party dialogue scripts are not included here."
case_surface_content_src_data_cases_generated_friend-01_evidence_e-4_.viewerDataByStage.3.chat.pages_2_.messages_1_.sender,case_surface_content,src/data/cases/generated,friend-01,evidence[e-4].viewerDataByStage.3.chat.pages[2].messages[1].sender,김태윤,Kim Tae-yun,キム・テユン,金泰允,"Case metadata, character profile, dispute, evidence, solution, or evidence-viewer surface text. Party dialogue scripts are not included here."
case_surface_content_src_data_cases_generated_friend-01_evidence_e-4_.viewerDataByStage.3.chat.pages_2_.messages_1_.text,case_surface_content,src/data/cases/generated,friend-01,evidence[e-4].viewerDataByStage.3.chat.pages[2].messages[1].text,수민 씨 자요? 나 오늘 좀 마셨어요.,"Su-min, are you asleep? I had a bit to drink today.",スミンさん、寝てますか？ 僕、今日少し飲みました。,秀敏，你睡了吗？我今天喝了点酒。,"Case metadata, character profile, dispute, evidence, solution, or evidence-viewer surface text. Party dialogue scripts are not included here."
case_surface_content_src_data_cases_generated_friend-01_evidence_e-4_.viewerDataByStage.3.chat.pages_2_.messages_1_.time,case_surface_content,src/data/cases/generated,friend-01,evidence[e-4].viewerDataByStage.3.chat.pages[2].messages[1].time,오전 12:47,12:47 AM,午前12時47分,凌晨12:47,"Case metadata, character profile, dispute, evidence, solution, or evidence-viewer surface text. Party dialogue scripts are not included here."
case_surface_content_src_data_cases_generated_friend-01_evidence_e-4_.viewerDataByStage.3.chat.pages_2_.messages_2_.sender,case_surface_content,src/data/cases/generated,friend-01,evidence[e-4].viewerDataByStage.3.chat.pages[2].messages[2].sender,김태윤,Kim Tae-yun,キム・テユン,金泰允,"Case metadata, character profile, dispute, evidence, solution, or evidence-viewer surface text. Party dialogue scripts are not included here."
case_surface_content_src_data_cases_generated_friend-01_evidence_e-4_.viewerDataByStage.3.chat.pages_2_.messages_2_.text,case_surface_content,src/data/cases/generated,friend-01,evidence[e-4].viewerDataByStage.3.chat.pages[2].messages[2].text,이상하게 술 마시면 수민 씨 생각이 나네.,"Strangely, when I drink, I think of you, Su-min.",不思議と、酒を飲むとスミンさんのことを思い出します。,奇怪的是，我一喝酒就会想到秀敏。,"Case metadata, character profile, dispute, evidence, solution, or evidence-viewer surface text. Party dialogue scripts are not included here."
case_surface_content_src_data_cases_generated_friend-01_evidence_e-4_.viewerDataByStage.3.chat.pages_2_.messages_2_.time,case_surface_content,src/data/cases/generated,friend-01,evidence[e-4].viewerDataByStage.3.chat.pages[2].messages[2].time,오전 12:49,12:49 AM,午前12時49分,凌晨12:49,"Case metadata, character profile, dispute, evidence, solution, or evidence-viewer surface text. Party dialogue scripts are not included here."
case_surface_content_src_data_cases_generated_friend-01_evidence_e-4_.viewerDataByStage.3.chat.pages_2_.messages_3_.sender,case_surface_content,src/data/cases/generated,friend-01,evidence[e-4].viewerDataByStage.3.chat.pages[2].messages[3].sender,최수민,Choi Su-min,チェ・スミン,崔秀敏,"Case metadata, character profile, dispute, evidence, solution, or evidence-viewer surface text. Party dialogue scripts are not included here."
case_surface_content_src_data_cases_generated_friend-01_evidence_e-4_.viewerDataByStage.3.chat.pages_2_.messages_3_.text,case_surface_content,src/data/cases/generated,friend-01,evidence[e-4].viewerDataByStage.3.chat.pages[2].messages[3].text,"태윤 씨, 지금 시간도 그렇고 이런 연락은 불편합니다.","Tae-yun, considering the hour, this kind of message makes me uncomfortable.",テユンさん、今の時間もそうですし、こういう連絡は困ります。,泰允先生，现在这个时间，加上这种联系，让我很不舒服。,"Case metadata, character profile, dispute, evidence, solution, or evidence-viewer surface text. Party dialogue scripts are not included here."
case_surface_content_src_data_cases_generated_friend-01_evidence_e-4_.viewerDataByStage.3.chat.pages_2_.messages_3_.time,case_surface_content,src/data/cases/generated,friend-01,evidence[e-4].viewerDataByStage.3.chat.pages[2].messages[3].time,오전 12:51,12:51 AM,午前12時51分,凌晨12:51,"Case metadata, character profile, dispute, evidence, solution, or evidence-viewer surface text. Party dialogue scripts are not included here."
case_surface_content_src_data_cases_generated_friend-01_evidence_e-4_.viewerDataByStage.3.chat.pages_2_.messages_4_.sender,case_surface_content,src/data/cases/generated,friend-01,evidence[e-4].viewerDataByStage.3.chat.pages[2].messages[4].sender,김태윤,Kim Tae-yun,キム・テユン,金泰允,"Case metadata, character profile, dispute, evidence, solution, or evidence-viewer surface text. Party dialogue scripts are not included here."
case_surface_content_src_data_cases_generated_friend-01_evidence_e-4_.viewerDataByStage.3.chat.pages_2_.messages_4_.text,case_surface_content,src/data/cases/generated,friend-01,evidence[e-4].viewerDataByStage.3.chat.pages[2].messages[4].text,딱 한 잔만 더 할래요? 다은이한테는 그냥 회사 사람들 만났다고 하면 되고.,How about just one more drink? You can just tell Da-eun you met people from work.,もう一杯だけどうですか？ ダウンには会社の人たちと会ったと言えばいいですし。,再喝一杯怎么样？你就跟多恩说是见了公司的人就行。,"Case metadata, character profile, dispute, evidence, solution, or evidence-viewer surface text. Party dialogue scripts are not included here."
case_surface_content_src_data_cases_generated_friend-01_evidence_e-4_.viewerDataByStage.3.chat.pages_2_.messages_4_.time,case_surface_content,src/data/cases/generated,friend-01,evidence[e-4].viewerDataByStage.3.chat.pages[2].messages[4].time,오전 12:53,12:53 AM,午前12時53分,凌晨12:53,"Case metadata, character profile, dispute, evidence, solution, or evidence-viewer surface text. Party dialogue scripts are not included here."
case_surface_content_src_data_cases_generated_friend-01_evidence_e-4_.viewerDataByStage.3.chat.pages_2_.messages_5_.sender,case_surface_content,src/data/cases/generated,friend-01,evidence[e-4].viewerDataByStage.3.chat.pages[2].messages[5].sender,최수민,Choi Su-min,チェ・スミン,崔秀敏,"Case metadata, character profile, dispute, evidence, solution, or evidence-viewer surface text. Party dialogue scripts are not included here."
case_surface_content_src_data_cases_generated_friend-01_evidence_e-4_.viewerDataByStage.3.chat.pages_2_.messages_5_.text,case_surface_content,src/data/cases/generated,friend-01,evidence[e-4].viewerDataByStage.3.chat.pages[2].messages[5].text,다은이 예비신랑이잖아요. 저는 이런 식으로 만나지 않습니다.,You’re Da-eun’s fiancé. I don’t meet people this way.,あなたはダウンの婚約者でしょう。私はこういう形では会いません。,你是多恩的未婚夫。我不会以这种方式见面。,"Case metadata, character profile, dispute, evidence, solution, or evidence-viewer surface text. Party dialogue scripts are not included here."
case_surface_content_src_data_cases_generated_friend-01_evidence_e-4_.viewerDataByStage.3.chat.pages_2_.messages_5_.time,case_surface_content,src/data/cases/generated,friend-01,evidence[e-4].viewerDataByStage.3.chat.pages[2].messages[5].time,오전 12:54,12:54 AM,午前12時54分,凌晨12:54,"Case metadata, character profile, dispute, evidence, solution, or evidence-viewer surface text. Party dialogue scripts are not included here."
case_surface_content_src_data_cases_generated_friend-01_evidence_e-4_.viewerDataByStage.3.chat.pages_2_.messages_6_.sender,case_surface_content,src/data/cases/generated,friend-01,evidence[e-4].viewerDataByStage.3.chat.pages[2].messages[6].sender,김태윤,Kim Tae-yun,キム・テユン,金泰允,"Case metadata, character profile, dispute, evidence, solution, or evidence-viewer surface text. Party dialogue scripts are not included here."
case_surface_content_src_data_cases_generated_friend-01_evidence_e-4_.viewerDataByStage.3.chat.pages_2_.messages_6_.text,case_surface_content,src/data/cases/generated,friend-01,evidence[e-4].viewerDataByStage.3.chat.pages[2].messages[6].text,너무 선 긋지 말고. 원래 너 같은 스타일 좋아했거든.,Don’t draw such a hard line. I’ve always liked your type.,そんなに線を引かないで。もともと君みたいなタイプが好きだったんだ。,别把界线划得这么清。我本来就喜欢你这种类型。,"Case metadata, character profile, dispute, evidence, solution, or evidence-viewer surface text. Party dialogue scripts are not included here."
case_surface_content_src_data_cases_generated_friend-01_evidence_e-4_.viewerDataByStage.3.chat.pages_2_.messages_6_.time,case_surface_content,src/data/cases/generated,friend-01,evidence[e-4].viewerDataByStage.3.chat.pages[2].messages[6].time,오전 12:56,12:56 AM,午前12時56分,凌晨12:56,"Case metadata, character profile, dispute, evidence, solution, or evidence-viewer surface text. Party dialogue scripts are not included here."
case_surface_content_src_data_cases_generated_friend-01_evidence_e-4_.viewerDataByStage.3.chat.pages_2_.messages_7_.sender,case_surface_content,src/data/cases/generated,friend-01,evidence[e-4].viewerDataByStage.3.chat.pages[2].messages[7].sender,최수민,Choi Su-min,チェ・スミン,崔秀敏,"Case metadata, character profile, dispute, evidence, solution, or evidence-viewer surface text. Party dialogue scripts are not included here."
case_surface_content_src_data_cases_generated_friend-01_evidence_e-4_.viewerDataByStage.3.chat.pages_2_.messages_7_.text,case_surface_content,src/data/cases/generated,friend-01,evidence[e-4].viewerDataByStage.3.chat.pages[2].messages[7].text,그만하세요. 이 대화는 남겨두겠습니다.,Stop. I’m keeping this conversation.,やめてください。この会話は残しておきます。,请停止。我会保留这段对话。,"Case metadata, character profile, dispute, evidence, solution, or evidence-viewer surface text. Party dialogue scripts are not included here."
case_surface_content_src_data_cases_generated_friend-01_evidence_e-4_.viewerDataByStage.3.chat.pages_2_.messages_7_.time,case_surface_content,src/data/cases/generated,friend-01,evidence[e-4].viewerDataByStage.3.chat.pages[2].messages[7].time,오전 12:58,12:58 AM,午前12時58分,凌晨12:58,"Case metadata, character profile, dispute, evidence, solution, or evidence-viewer surface text. Party dialogue scripts are not included here."
case_surface_content_src_data_cases_generated_friend-01_evidence_e-4_.viewerDataByStage.3.chat.pages_2_.messages_8_.text,case_surface_content,src/data/cases/generated,friend-01,evidence[e-4].viewerDataByStage.3.chat.pages[2].messages[8].text,김태윤 — 읽음 (답장 없음),Kim Tae-yun — Read (no reply),キム・テユン — 既読（返信なし）,金泰允 — 已读（无回复）,"Case metadata, character profile, dispute, evidence, solution, or evidence-viewer surface text. Party dialogue scripts are not included here."
case_surface_content_src_data_cases_generated_friend-01_evidence_e-4_.viewerDataByStage.3.meta.legalLabel,case_surface_content,src/data/cases/generated,friend-01,evidence[e-4].viewerDataByStage.3.meta.legalLabel,적법,Legal,適法,合法,"Case metadata, character profile, dispute, evidence, solution, or evidence-viewer surface text. Party dialogue scripts are not included here."
case_surface_content_src_data_cases_generated_friend-01_evidence_e-4_.viewerDataByStage.3.meta.name,case_surface_content,src/data/cases/generated,friend-01,evidence[e-4].viewerDataByStage.3.meta.name,예비신랑 메시지,Fiancé's Message,婚約者のメッセージ,未婚夫留言,"Case metadata, character profile, dispute, evidence, solution, or evidence-viewer surface text. Party dialogue scripts are not included here."
case_surface_content_src_data_cases_generated_friend-01_evidence_e-4_.viewerDataByStage.3.meta.sourceLabel,case_surface_content,src/data/cases/generated,friend-01,evidence[e-4].viewerDataByStage.3.meta.sourceLabel,최수민 측,Choi Su-min's Side,チェ・スミン側,崔秀敏一方,"Case metadata, character profile, dispute, evidence, solution, or evidence-viewer surface text. Party dialogue scripts are not included here."
case_surface_content_src_data_cases_generated_friend-01_evidence_e-4_.viewerDataByStage.3.meta.stageLabel,case_surface_content,src/data/cases/generated,friend-01,evidence[e-4].viewerDataByStage.3.meta.stageLabel,3단계 — 늦은 밤 원문 공개,Stage 3 — Late-Night Original Text Disclosed,3段階 — 深夜の原文を公開,第3阶段——公开深夜原文,"Case metadata, character profile, dispute, evidence, solution, or evidence-viewer surface text. Party dialogue scripts are not included here."
case_surface_content_src_data_cases_generated_friend-01_evidence_e-4_.viewerDataByStage.3.meta.trustLabel,case_surface_content,src/data/cases/generated,friend-01,evidence[e-4].viewerDataByStage.3.meta.trustLabel,보통,Normal,普通,普通,"Case metadata, character profile, dispute, evidence, solution, or evidence-viewer surface text. Party dialogue scripts are not included here."
