id,category,source,case_id,key_path,ko,en,ja,zh-CN,notes
hardcoded_source_literal_src_components_actions_EvidencePresenter.tsx_line:341,hardcoded_source_literal,src/components/actions/EvidencePresenter.tsx,,line:341,증인 소환,,,,Visible Korean/CJK source literal outside i18n/data. Review whether it should move into i18n or remain developer-only.
hardcoded_source_literal_src_components_actions_EvidencePresenter.tsx_line:378,hardcoded_source_literal,src/components/actions/EvidencePresenter.tsx,,line:378,소환,,,,Visible Korean/CJK source literal outside i18n/data. Review whether it should move into i18n or remain developer-only.
hardcoded_source_literal_src_components_actions_EvidencePresenter.tsx_line:383,hardcoded_source_literal,src/components/actions/EvidencePresenter.tsx,,line:383,직접 목격,,,,Visible Korean/CJK source literal outside i18n/data. Review whether it should move into i18n or remain developer-only.
hardcoded_source_literal_src_components_actions_EvidencePresenter.tsx_line:383,hardcoded_source_literal,src/components/actions/EvidencePresenter.tsx,,line:383,전해 들음,,,,Visible Korean/CJK source literal outside i18n/data. Review whether it should move into i18n or remain developer-only.
hardcoded_source_literal_src_components_actions_EvidencePresenter.tsx_line:393,hardcoded_source_literal,src/components/actions/EvidencePresenter.tsx,,line:393,소환 완료 (,,,,Visible Korean/CJK source literal outside i18n/data. Review whether it should move into i18n or remain developer-only.
hardcoded_source_literal_src_components_actions_EvidencePresenter.tsx_line:412,hardcoded_source_literal,src/components/actions/EvidencePresenter.tsx,,line:412,모든 증인을 소환했다.,,,,Visible Korean/CJK source literal outside i18n/data. Review whether it should move into i18n or remain developer-only.
hardcoded_source_literal_src_components_actions_EvidencePresenter.tsx_line:428,hardcoded_source_literal,src/components/actions/EvidencePresenter.tsx,,line:428,해금 조건: 쟁점 진전 필요,,,,Visible Korean/CJK source literal outside i18n/data. Review whether it should move into i18n or remain developer-only.
hardcoded_source_literal_src_components_actions_EvidencePresenter.tsx_line:448,hardcoded_source_literal,src/components/actions/EvidencePresenter.tsx,,line:448,원본 확인,,,,Visible Korean/CJK source literal outside i18n/data. Review whether it should move into i18n or remain developer-only.
hardcoded_source_literal_src_components_actions_EvidencePresenter.tsx_line:449,hardcoded_source_literal,src/components/actions/EvidencePresenter.tsx,,line:449,맥락 복원,,,,Visible Korean/CJK source literal outside i18n/data. Review whether it should move into i18n or remain developer-only.
hardcoded_source_literal_src_components_actions_EvidencePresenter.tsx_line:450,hardcoded_source_literal,src/components/actions/EvidencePresenter.tsx,,line:450,조작 여부,,,,Visible Korean/CJK source literal outside i18n/data. Review whether it should move into i18n or remain developer-only.
hardcoded_source_literal_src_components_actions_EvidencePresenter.tsx_line:47,hardcoded_source_literal,src/components/actions/EvidencePresenter.tsx,,line:47,현재 쟁점과 직접 연결됩니다,,,,Visible Korean/CJK source literal outside i18n/data. Review whether it should move into i18n or remain developer-only.
hardcoded_source_literal_src_components_actions_EvidencePresenter.tsx_line:48,hardcoded_source_literal,src/components/actions/EvidencePresenter.tsx,,line:48,아직 제시하지 않은 핵심 증거입니다,,,,Visible Korean/CJK source literal outside i18n/data. Review whether it should move into i18n or remain developer-only.
hardcoded_source_literal_src_components_actions_EvidencePresenter.tsx_line:480,hardcoded_source_literal,src/components/actions/EvidencePresenter.tsx,,line:480,이 거래 내역에 대해 설명하십시오.,,,,Visible Korean/CJK source literal outside i18n/data. Review whether it should move into i18n or remain developer-only.
hardcoded_source_literal_src_components_actions_EvidencePresenter.tsx_line:481,hardcoded_source_literal,src/components/actions/EvidencePresenter.tsx,,line:481,이 대화 내용이 사실입니까?,,,,Visible Korean/CJK source literal outside i18n/data. Review whether it should move into i18n or remain developer-only.
hardcoded_source_literal_src_components_actions_EvidencePresenter.tsx_line:482,hardcoded_source_literal,src/components/actions/EvidencePresenter.tsx,,line:482,이 영상에 찍힌 게 본인이 맞습니까?,,,,Visible Korean/CJK source literal outside i18n/data. Review whether it should move into i18n or remain developer-only.
hardcoded_source_literal_src_components_actions_EvidencePresenter.tsx_line:483,hardcoded_source_literal,src/components/actions/EvidencePresenter.tsx,,line:483,이 계약 내용을 인정하십니까?,,,,Visible Korean/CJK source literal outside i18n/data. Review whether it should move into i18n or remain developer-only.
hardcoded_source_literal_src_components_actions_EvidencePresenter.tsx_line:484,hardcoded_source_literal,src/components/actions/EvidencePresenter.tsx,,line:484,이 증언 내용에 대해 어떻게 생각하십니까?,,,,Visible Korean/CJK source literal outside i18n/data. Review whether it should move into i18n or remain developer-only.
hardcoded_source_literal_src_components_actions_EvidencePresenter.tsx_line:485,hardcoded_source_literal,src/components/actions/EvidencePresenter.tsx,,line:485,이 기록에 대해 설명하십시오.,,,,Visible Korean/CJK source literal outside i18n/data. Review whether it should move into i18n or remain developer-only.
hardcoded_source_literal_src_components_actions_EvidencePresenter.tsx_line:486,hardcoded_source_literal,src/components/actions/EvidencePresenter.tsx,,line:486,이 기기 데이터를 확인하셨습니까?,,,,Visible Korean/CJK source literal outside i18n/data. Review whether it should move into i18n or remain developer-only.
hardcoded_source_literal_src_components_actions_EvidencePresenter.tsx_line:487,hardcoded_source_literal,src/components/actions/EvidencePresenter.tsx,,line:487,이 게시물을 직접 올리셨습니까?,,,,Visible Korean/CJK source literal outside i18n/data. Review whether it should move into i18n or remain developer-only.
hardcoded_source_literal_src_components_actions_EvidencePresenter.tsx_line:489,hardcoded_source_literal,src/components/actions/EvidencePresenter.tsx,,line:489,이 증거에 대해 설명하십시오.,,,,Visible Korean/CJK source literal outside i18n/data. Review whether it should move into i18n or remain developer-only.
hardcoded_source_literal_src_components_actions_EvidencePresenter.tsx_line:49,hardcoded_source_literal,src/components/actions/EvidencePresenter.tsx,,line:49,조사가 충분히 진행되어 바로 사용 가능합니다,,,,Visible Korean/CJK source literal outside i18n/data. Review whether it should move into i18n or remain developer-only.
hardcoded_source_literal_src_components_actions_EvidencePresenter.tsx_line:495,hardcoded_source_literal,src/components/actions/EvidencePresenter.tsx,,line:495,캡처,,,,Visible Korean/CJK source literal outside i18n/data. Review whether it should move into i18n or remain developer-only.
hardcoded_source_literal_src_components_actions_EvidencePresenter.tsx_line:495,hardcoded_source_literal,src/components/actions/EvidencePresenter.tsx,,line:495,발췌,,,,Visible Korean/CJK source literal outside i18n/data. Review whether it should move into i18n or remain developer-only.
hardcoded_source_literal_src_components_actions_EvidencePresenter.tsx_line:495,hardcoded_source_literal,src/components/actions/EvidencePresenter.tsx,,line:495,일부,,,,Visible Korean/CJK source literal outside i18n/data. Review whether it should move into i18n or remain developer-only.
hardcoded_source_literal_src_components_actions_EvidencePresenter.tsx_line:496,hardcoded_source_literal,src/components/actions/EvidencePresenter.tsx,,line:496,왜 전체가 아닌 일부만 제출하셨습니까?,,,,Visible Korean/CJK source literal outside i18n/data. Review whether it should move into i18n or remain developer-only.
hardcoded_source_literal_src_components_actions_EvidencePresenter.tsx_line:497,hardcoded_source_literal,src/components/actions/EvidencePresenter.tsx,,line:497,편집,,,,Visible Korean/CJK source literal outside i18n/data. Review whether it should move into i18n or remain developer-only.
hardcoded_source_literal_src_components_actions_EvidencePresenter.tsx_line:497,hardcoded_source_literal,src/components/actions/EvidencePresenter.tsx,,line:497,조작,,,,Visible Korean/CJK source literal outside i18n/data. Review whether it should move into i18n or remain developer-only.
hardcoded_source_literal_src_components_actions_EvidencePresenter.tsx_line:498,hardcoded_source_literal,src/components/actions/EvidencePresenter.tsx,,line:498,이 증거가 조작되지 않았다고 확신합니까?,,,,Visible Korean/CJK source literal outside i18n/data. Review whether it should move into i18n or remain developer-only.
hardcoded_source_literal_src_components_actions_EvidencePresenter.tsx_line:50,hardcoded_source_literal,src/components/actions/EvidencePresenter.tsx,,line:50,관련성 높은 증거입니다,,,,Visible Korean/CJK source literal outside i18n/data. Review whether it should move into i18n or remain developer-only.
hardcoded_source_literal_src_components_actions_EvidencePresenter.tsx_line:500,hardcoded_source_literal,src/components/actions/EvidencePresenter.tsx,,line:500,이 증거의 출처를 설명하십시오.,,,,Visible Korean/CJK source literal outside i18n/data. Review whether it should move into i18n or remain developer-only.
hardcoded_source_literal_src_components_actions_EvidencePresenter.tsx_line:505,hardcoded_source_literal,src/components/actions/EvidencePresenter.tsx,,line:505,"이 증거만으로는 부족한데, 추가로 증명할 수 있습니까?",,,,Visible Korean/CJK source literal outside i18n/data. Review whether it should move into i18n or remain developer-only.
hardcoded_source_literal_src_components_actions_EvidencePresenter.tsx_line:563,hardcoded_source_literal,src/components/actions/EvidencePresenter.tsx,,line:563,조사 필요,,,,Visible Korean/CJK source literal outside i18n/data. Review whether it should move into i18n or remain developer-only.
hardcoded_source_literal_src_components_actions_EvidencePresenter.tsx_line:564,hardcoded_source_literal,src/components/actions/EvidencePresenter.tsx,,line:564,추천,,,,Visible Korean/CJK source literal outside i18n/data. Review whether it should move into i18n or remain developer-only.
hardcoded_source_literal_src_components_actions_EvidencePresenter.tsx_line:572,hardcoded_source_literal,src/components/actions/EvidencePresenter.tsx,,line:572,제시,,,,Visible Korean/CJK source literal outside i18n/data. Review whether it should move into i18n or remain developer-only.
hardcoded_source_literal_src_components_actions_EvidencePresenter.tsx_line:584,hardcoded_source_literal,src/components/actions/EvidencePresenter.tsx,,line:584,신뢰,,,,Visible Korean/CJK source literal outside i18n/data. Review whether it should move into i18n or remain developer-only.
hardcoded_source_literal_src_components_actions_EvidencePresenter.tsx_line:585,hardcoded_source_literal,src/components/actions/EvidencePresenter.tsx,,line:585,의심,,,,Visible Korean/CJK source literal outside i18n/data. Review whether it should move into i18n or remain developer-only.
hardcoded_source_literal_src_components_actions_EvidencePresenter.tsx_line:586,hardcoded_source_literal,src/components/actions/EvidencePresenter.tsx,,line:586,부분 신뢰,,,,Visible Korean/CJK source literal outside i18n/data. Review whether it should move into i18n or remain developer-only.
hardcoded_source_literal_src_components_actions_EvidencePresenter.tsx_line:586,hardcoded_source_literal,src/components/actions/EvidencePresenter.tsx,,line:586,미감별,,,,Visible Korean/CJK source literal outside i18n/data. Review whether it should move into i18n or remain developer-only.
hardcoded_source_literal_src_components_actions_EvidencePresenter.tsx_line:590,hardcoded_source_literal,src/components/actions/EvidencePresenter.tsx,,line:590,감별 가능,,,,Visible Korean/CJK source literal outside i18n/data. Review whether it should move into i18n or remain developer-only.
hardcoded_source_literal_src_components_actions_EvidencePresenter.tsx_line:590,hardcoded_source_literal,src/components/actions/EvidencePresenter.tsx,,line:590,미감별,,,,Visible Korean/CJK source literal outside i18n/data. Review whether it should move into i18n or remain developer-only.
hardcoded_source_literal_src_components_actions_EvidencePresenter.tsx_line:619,hardcoded_source_literal,src/components/actions/EvidencePresenter.tsx,,line:619,조사를 통해 증거의 실체가 드러났습니다,,,,Visible Korean/CJK source literal outside i18n/data. Review whether it should move into i18n or remain developer-only.
hardcoded_source_literal_src_components_actions_EvidencePresenter.tsx_line:624,hardcoded_source_literal,src/components/actions/EvidencePresenter.tsx,,line:624,표면 정보만 확인 가능합니다. 조사하면 상세 내용이 드러납니다.,,,,Visible Korean/CJK source literal outside i18n/data. Review whether it should move into i18n or remain developer-only.
hardcoded_source_literal_src_components_actions_EvidencePresenter.tsx_line:657,hardcoded_source_literal,src/components/actions/EvidencePresenter.tsx,,line:657,조사 (,,,,Visible Korean/CJK source literal outside i18n/data. Review whether it should move into i18n or remain developer-only.
hardcoded_source_literal_src_components_actions_EvidencePresenter.tsx_line:657,hardcoded_source_literal,src/components/actions/EvidencePresenter.tsx,,line:657,· 토큰 1,,,,Visible Korean/CJK source literal outside i18n/data. Review whether it should move into i18n or remain developer-only.
hardcoded_source_literal_src_components_actions_EvidencePresenter.tsx_line:657,hardcoded_source_literal,src/components/actions/EvidencePresenter.tsx,,line:657,· 토큰 부족,,,,Visible Korean/CJK source literal outside i18n/data. Review whether it should move into i18n or remain developer-only.
hardcoded_source_literal_src_components_actions_EvidencePresenter.tsx_line:661,hardcoded_source_literal,src/components/actions/EvidencePresenter.tsx,,line:661,조사 완료,,,,Visible Korean/CJK source literal outside i18n/data. Review whether it should move into i18n or remain developer-only.
hardcoded_source_literal_src_components_actions_EvidencePresenter.tsx_line:669,hardcoded_source_literal,src/components/actions/EvidencePresenter.tsx,,line:669,증거 감별,,,,Visible Korean/CJK source literal outside i18n/data. Review whether it should move into i18n or remain developer-only.
hardcoded_source_literal_src_components_actions_EvidencePresenter.tsx_line:678,hardcoded_source_literal,src/components/actions/EvidencePresenter.tsx,,line:678,신뢰 판정,,,,Visible Korean/CJK source literal outside i18n/data. Review whether it should move into i18n or remain developer-only.
hardcoded_source_literal_src_components_actions_EvidencePresenter.tsx_line:679,hardcoded_source_literal,src/components/actions/EvidencePresenter.tsx,,line:679,의심 판정,,,,Visible Korean/CJK source literal outside i18n/data. Review whether it should move into i18n or remain developer-only.
hardcoded_source_literal_src_components_actions_EvidencePresenter.tsx_line:680,hardcoded_source_literal,src/components/actions/EvidencePresenter.tsx,,line:680,부분 신뢰,,,,Visible Korean/CJK source literal outside i18n/data. Review whether it should move into i18n or remain developer-only.
hardcoded_source_literal_src_components_actions_EvidencePresenter.tsx_line:688,hardcoded_source_literal,src/components/actions/EvidencePresenter.tsx,,line:688,제시,,,,Visible Korean/CJK source literal outside i18n/data. Review whether it should move into i18n or remain developer-only.
hardcoded_source_literal_src_components_actions_EvidencePresenter.tsx_line:697,hardcoded_source_literal,src/components/actions/EvidencePresenter.tsx,,line:697,질문과 함께 제시하면 더 효과적입니다:,,,,Visible Korean/CJK source literal outside i18n/data. Review whether it should move into i18n or remain developer-only.
hardcoded_source_literal_src_components_actions_EvidencePresenter.tsx_line:717,hardcoded_source_literal,src/components/actions/EvidencePresenter.tsx,,line:717,조사,,,,Visible Korean/CJK source literal outside i18n/data. Review whether it should move into i18n or remain developer-only.
hardcoded_source_literal_src_components_actions_EvidencePresenter.tsx_line:717,hardcoded_source_literal,src/components/actions/EvidencePresenter.tsx,,line:717,단계,,,,Visible Korean/CJK source literal outside i18n/data. Review whether it should move into i18n or remain developer-only.
hardcoded_source_literal_src_components_actions_EvidencePresenter.tsx_line:731,hardcoded_source_literal,src/components/actions/EvidencePresenter.tsx,,line:731,취소,,,,Visible Korean/CJK source literal outside i18n/data. Review whether it should move into i18n or remain developer-only.
hardcoded_source_literal_src_components_actions_EvidencePresenter.tsx_line:733,hardcoded_source_literal,src/components/actions/EvidencePresenter.tsx,,line:733,질문 없이 제시,,,,Visible Korean/CJK source literal outside i18n/data. Review whether it should move into i18n or remain developer-only.
hardcoded_source_literal_src_components_actions_EvidencePresenter.tsx_line:77,hardcoded_source_literal,src/components/actions/EvidencePresenter.tsx,,line:77,[EvidencePresenter] evidenceDefinitions 비어있음 — caseData에서 복구,,,,Visible Korean/CJK source literal outside i18n/data. Review whether it should move into i18n or remain developer-only.
hardcoded_source_literal_src_components_actions_FreeQuestionInput.tsx_line:112,hardcoded_source_literal,src/components/actions/FreeQuestionInput.tsx,,line:112,AI 연결 시 자유 질문을 사용할 수 있습니다,,,,Visible Korean/CJK source literal outside i18n/data. Review whether it should move into i18n or remain developer-only.
hardcoded_source_literal_src_components_actions_FreeQuestionInput.tsx_line:122,hardcoded_source_literal,src/components/actions/FreeQuestionInput.tsx,,line:122,먼저 질문할 대상을 선택하세요,,,,Visible Korean/CJK source literal outside i18n/data. Review whether it should move into i18n or remain developer-only.
hardcoded_source_literal_src_components_actions_FreeQuestionInput.tsx_line:135,hardcoded_source_literal,src/components/actions/FreeQuestionInput.tsx,,line:135,자유롭게 질문하세요...,,,,Visible Korean/CJK source literal outside i18n/data. Review whether it should move into i18n or remain developer-only.
hardcoded_source_literal_src_components_actions_FreeQuestionInput.tsx_line:155,hardcoded_source_literal,src/components/actions/FreeQuestionInput.tsx,,line:155,질문,,,,Visible Korean/CJK source literal outside i18n/data. Review whether it should move into i18n or remain developer-only.
hardcoded_source_literal_src_components_actions_FreeQuestionInput.tsx_line:163,hardcoded_source_literal,src/components/actions/FreeQuestionInput.tsx,,line:163,조사 토큰 1개 소모,,,,Visible Korean/CJK source literal outside i18n/data. Review whether it should move into i18n or remain developer-only.
hardcoded_source_literal_src_components_actions_FreeQuestionInput.tsx_line:165,hardcoded_source_literal,src/components/actions/FreeQuestionInput.tsx,,line:165,(잔여:,,,,Visible Korean/CJK source literal outside i18n/data. Review whether it should move into i18n or remain developer-only.
hardcoded_source_literal_src_components_actions_FreeQuestionInput.tsx_line:169,hardcoded_source_literal,src/components/actions/FreeQuestionInput.tsx,,line:169,2자 이상 입력,,,,Visible Korean/CJK source literal outside i18n/data. Review whether it should move into i18n or remain developer-only.
hardcoded_source_literal_src_components_actions_FreeQuestionInput.tsx_line:176,hardcoded_source_literal,src/components/actions/FreeQuestionInput.tsx,,line:176,구체적인 질문이 효과적입니다,,,,Visible Korean/CJK source literal outside i18n/data. Review whether it should move into i18n or remain developer-only.
hardcoded_source_literal_src_components_actions_FreeQuestionInput.tsx_line:177,hardcoded_source_literal,src/components/actions/FreeQuestionInput.tsx,,line:177,"예: ""그날 밤 10시에 어디 있었나요?"" ""왜 숨긴 거죠?""",,,,Visible Korean/CJK source literal outside i18n/data. Review whether it should move into i18n or remain developer-only.
hardcoded_source_literal_src_components_actions_QuestionSelector.tsx_line:126,hardcoded_source_literal,src/components/actions/QuestionSelector.tsx,,line:126,[신뢰의 기반] 관계 완충 질문으로 선제적 신뢰를 확보했습니다.,,,,Visible Korean/CJK source literal outside i18n/data. Review whether it should move into i18n or remain developer-only.
hardcoded_source_literal_src_components_actions_QuestionSelector.tsx_line:140,hardcoded_source_literal,src/components/actions/QuestionSelector.tsx,,line:140,← 다른 질문 선택,,,,Visible Korean/CJK source literal outside i18n/data. Review whether it should move into i18n or remain developer-only.
hardcoded_source_literal_src_components_actions_QuestionSelector.tsx_line:143,hardcoded_source_literal,src/components/actions/QuestionSelector.tsx,,line:143,관계 완충,,,,Visible Korean/CJK source literal outside i18n/data. Review whether it should move into i18n or remain developer-only.
hardcoded_source_literal_src_components_actions_QuestionSelector.tsx_line:143,hardcoded_source_literal,src/components/actions/QuestionSelector.tsx,,line:143,— 어떤 쟁점에 대해?,,,,Visible Korean/CJK source literal outside i18n/data. Review whether it should move into i18n or remain developer-only.
hardcoded_source_literal_src_components_actions_QuestionSelector.tsx_line:176,hardcoded_source_literal,src/components/actions/QuestionSelector.tsx,,line:176,"[비공개 확인권] 재판관 전용 확인 질문 — 솔직한 답변을 받되, 거짓말 상태에 영향을 주지 않습니다.",,,,Visible Korean/CJK source literal outside i18n/data. Review whether it should move into i18n or remain developer-only.
hardcoded_source_literal_src_components_actions_QuestionSelector.tsx_line:190,hardcoded_source_literal,src/components/actions/QuestionSelector.tsx,,line:190,← 다른 질문 선택,,,,Visible Korean/CJK source literal outside i18n/data. Review whether it should move into i18n or remain developer-only.
hardcoded_source_literal_src_components_actions_QuestionSelector.tsx_line:193,hardcoded_source_literal,src/components/actions/QuestionSelector.tsx,,line:193,비공개 확인,,,,Visible Korean/CJK source literal outside i18n/data. Review whether it should move into i18n or remain developer-only.
hardcoded_source_literal_src_components_actions_QuestionSelector.tsx_line:193,hardcoded_source_literal,src/components/actions/QuestionSelector.tsx,,line:193,— 어떤 쟁점에 대해?,,,,Visible Korean/CJK source literal outside i18n/data. Review whether it should move into i18n or remain developer-only.
hardcoded_source_literal_src_components_actions_QuestionSelector.tsx_line:221,hardcoded_source_literal,src/components/actions/QuestionSelector.tsx,,line:221,← 다른 질문 선택,,,,Visible Korean/CJK source literal outside i18n/data. Review whether it should move into i18n or remain developer-only.
hardcoded_source_literal_src_components_actions_QuestionSelector.tsx_line:241,hardcoded_source_literal,src/components/actions/QuestionSelector.tsx,,line:241,← 다른 질문 선택,,,,Visible Korean/CJK source literal outside i18n/data. Review whether it should move into i18n or remain developer-only.
hardcoded_source_literal_src_components_actions_QuestionSelector.tsx_line:244,hardcoded_source_literal,src/components/actions/QuestionSelector.tsx,,line:244,— 어떤 쟁점에 대해?,,,,Visible Korean/CJK source literal outside i18n/data. Review whether it should move into i18n or remain developer-only.
hardcoded_source_literal_src_components_actions_QuestionSelector.tsx_line:262,hardcoded_source_literal,src/components/actions/QuestionSelector.tsx,,line:262,답변이 짧아지고 있습니다,,,,Visible Korean/CJK source literal outside i18n/data. Review whether it should move into i18n or remain developer-only.
hardcoded_source_literal_src_components_actions_QuestionSelector.tsx_line:265,hardcoded_source_literal,src/components/actions/QuestionSelector.tsx,,line:265,교착 — 다른 접근을 시도하세요,,,,Visible Korean/CJK source literal outside i18n/data. Review whether it should move into i18n or remain developer-only.
hardcoded_source_literal_src_components_actions_QuestionSelector.tsx_line:296,hardcoded_source_literal,src/components/actions/QuestionSelector.tsx,,line:296,회피 판독,,,,Visible Korean/CJK source literal outside i18n/data. Review whether it should move into i18n or remain developer-only.
hardcoded_source_literal_src_components_actions_QuestionSelector.tsx_line:308,hardcoded_source_literal,src/components/actions/QuestionSelector.tsx,,line:308,비공개,,,,Visible Korean/CJK source literal outside i18n/data. Review whether it should move into i18n or remain developer-only.
hardcoded_source_literal_src_components_actions_QuestionSelector.tsx_line:353,hardcoded_source_literal,src/components/actions/QuestionSelector.tsx,,line:353,관계 완충,,,,Visible Korean/CJK source literal outside i18n/data. Review whether it should move into i18n or remain developer-only.
hardcoded_source_literal_src_components_actions_QuestionSelector.tsx_line:358,hardcoded_source_literal,src/components/actions/QuestionSelector.tsx,,line:358,퍼크 1회,,,,Visible Korean/CJK source literal outside i18n/data. Review whether it should move into i18n or remain developer-only.
hardcoded_source_literal_src_components_actions_QuestionSelector.tsx_line:368,hardcoded_source_literal,src/components/actions/QuestionSelector.tsx,,line:368,비공개 확인,,,,Visible Korean/CJK source literal outside i18n/data. Review whether it should move into i18n or remain developer-only.
hardcoded_source_literal_src_components_actions_QuestionSelector.tsx_line:37,hardcoded_source_literal,src/components/actions/QuestionSelector.tsx,,line:37,사실을 직접 추궁합니다,,,,Visible Korean/CJK source literal outside i18n/data. Review whether it should move into i18n or remain developer-only.
hardcoded_source_literal_src_components_actions_QuestionSelector.tsx_line:373,hardcoded_source_literal,src/components/actions/QuestionSelector.tsx,,line:373,퍼크 1회,,,,Visible Korean/CJK source literal outside i18n/data. Review whether it should move into i18n or remain developer-only.
hardcoded_source_literal_src_components_actions_QuestionSelector.tsx_line:38,hardcoded_source_literal,src/components/actions/QuestionSelector.tsx,,line:38,행동의 진짜 이유를 탐색합니다,,,,Visible Korean/CJK source literal outside i18n/data. Review whether it should move into i18n or remain developer-only.
hardcoded_source_literal_src_components_actions_QuestionSelector.tsx_line:383,hardcoded_source_literal,src/components/actions/QuestionSelector.tsx,,line:383,직접 입력,,,,Visible Korean/CJK source literal outside i18n/data. Review whether it should move into i18n or remain developer-only.
hardcoded_source_literal_src_components_actions_QuestionSelector.tsx_line:39,hardcoded_source_literal,src/components/actions/QuestionSelector.tsx,,line:39,공감으로 신뢰를 얻습니다,,,,Visible Korean/CJK source literal outside i18n/data. Review whether it should move into i18n or remain developer-only.
hardcoded_source_literal_src_components_actions_QuestionSelector.tsx_line:40,hardcoded_source_literal,src/components/actions/QuestionSelector.tsx,,line:40,관계 완충 질문으로 신뢰를 선확보합니다,,,,Visible Korean/CJK source literal outside i18n/data. Review whether it should move into i18n or remain developer-only.
hardcoded_source_literal_src_components_actions_QuestionSelector.tsx_line:41,hardcoded_source_literal,src/components/actions/QuestionSelector.tsx,,line:41,비공개로 사실을 확인합니다 (방어 반응 없음),,,,Visible Korean/CJK source literal outside i18n/data. Review whether it should move into i18n or remain developer-only.
hardcoded_source_literal_src_components_actions_QuestionSelector.tsx_line:42,hardcoded_source_literal,src/components/actions/QuestionSelector.tsx,,line:42,자유롭게 질문합니다,,,,Visible Korean/CJK source literal outside i18n/data. Review whether it should move into i18n or remain developer-only.
hardcoded_source_literal_src_components_actions_QuestionSelector.tsx_line:46,hardcoded_source_literal,src/components/actions/QuestionSelector.tsx,,line:46,모순 토큰 ↑,,,,Visible Korean/CJK source literal outside i18n/data. Review whether it should move into i18n or remain developer-only.
hardcoded_source_literal_src_components_actions_QuestionSelector.tsx_line:47,hardcoded_source_literal,src/components/actions/QuestionSelector.tsx,,line:47,누설 미터 ↑,,,,Visible Korean/CJK source literal outside i18n/data. Review whether it should move into i18n or remain developer-only.
hardcoded_source_literal_src_components_actions_QuestionSelector.tsx_line:48,hardcoded_source_literal,src/components/actions/QuestionSelector.tsx,,line:48,신뢰 창구 ↑,,,,Visible Korean/CJK source literal outside i18n/data. Review whether it should move into i18n or remain developer-only.
hardcoded_source_literal_src_components_actions_QuestionSelector.tsx_line:49,hardcoded_source_literal,src/components/actions/QuestionSelector.tsx,,line:49,신뢰 창구 ↑↑,,,,Visible Korean/CJK source literal outside i18n/data. Review whether it should move into i18n or remain developer-only.
hardcoded_source_literal_src_components_actions_QuestionSelector.tsx_line:50,hardcoded_source_literal,src/components/actions/QuestionSelector.tsx,,line:50,솔직한 답변 (상태 변화 없음),,,,Visible Korean/CJK source literal outside i18n/data. Review whether it should move into i18n or remain developer-only.
hardcoded_source_literal_src_components_actions_TrustActionPanel.tsx_line:13,hardcoded_source_literal,src/components/actions/TrustActionPanel.tsx,,line:13,비공개 보호,,,,Visible Korean/CJK source literal outside i18n/data. Review whether it should move into i18n or remain developer-only.
hardcoded_source_literal_src_components_actions_TrustActionPanel.tsx_line:15,hardcoded_source_literal,src/components/actions/TrustActionPanel.tsx,,line:15,이 내용은 상대에게 공개하지 않겠다고 약속,,,,Visible Korean/CJK source literal outside i18n/data. Review whether it should move into i18n or remain developer-only.
hardcoded_source_literal_src_components_actions_TrustActionPanel.tsx_line:16,hardcoded_source_literal,src/components/actions/TrustActionPanel.tsx,,line:16,"신뢰 +20, 공포 -15",,,,Visible Korean/CJK source literal outside i18n/data. Review whether it should move into i18n or remain developer-only.
hardcoded_source_literal_src_components_actions_TrustActionPanel.tsx_line:20,hardcoded_source_literal,src/components/actions/TrustActionPanel.tsx,,line:20,분리 심문,,,,Visible Korean/CJK source literal outside i18n/data. Review whether it should move into i18n or remain developer-only.
hardcoded_source_literal_src_components_actions_TrustActionPanel.tsx_line:22,hardcoded_source_literal,src/components/actions/TrustActionPanel.tsx,,line:22,상대를 3턴간 배제하고 1:1로 심문 (조사토큰 1),,,,Visible Korean/CJK source literal outside i18n/data. Review whether it should move into i18n or remain developer-only.
hardcoded_source_literal_src_components_actions_TrustActionPanel.tsx_line:23,hardcoded_source_literal,src/components/actions/TrustActionPanel.tsx,,line:23,"보복 우려 -10, 3턴간 끼어들기 차단",,,,Visible Korean/CJK source literal outside i18n/data. Review whether it should move into i18n or remain developer-only.
hardcoded_source_literal_src_components_actions_TrustActionPanel.tsx_line:32,hardcoded_source_literal,src/components/actions/TrustActionPanel.tsx,,line:32,먼저 대상을 선택하세요.,,,,Visible Korean/CJK source literal outside i18n/data. Review whether it should move into i18n or remain developer-only.
hardcoded_source_literal_src_components_actions_TrustActionPanel.tsx_line:40,hardcoded_source_literal,src/components/actions/TrustActionPanel.tsx,,line:40,신뢰 / 보호 행동,,,,Visible Korean/CJK source literal outside i18n/data. Review whether it should move into i18n or remain developer-only.
hardcoded_source_literal_src_components_actions_TrustActionPanel.tsx_line:44,hardcoded_source_literal,src/components/actions/TrustActionPanel.tsx,,line:44,신뢰,,,,Visible Korean/CJK source literal outside i18n/data. Review whether it should move into i18n or remain developer-only.
hardcoded_source_literal_src_components_actions_TrustActionPanel.tsx_line:45,hardcoded_source_literal,src/components/actions/TrustActionPanel.tsx,,line:45,공포,,,,Visible Korean/CJK source literal outside i18n/data. Review whether it should move into i18n or remain developer-only.
hardcoded_source_literal_src_components_actions_TrustActionPanel.tsx_line:46,hardcoded_source_literal,src/components/actions/TrustActionPanel.tsx,,line:46,보복 우려,,,,Visible Korean/CJK source literal outside i18n/data. Review whether it should move into i18n or remain developer-only.
hardcoded_source_literal_src_components_common_EvidenceVisual.tsx_line:181,hardcoded_source_literal,src/components/common/EvidenceVisual.tsx,,line:181,원본,,,,Visible Korean/CJK source literal outside i18n/data. Review whether it should move into i18n or remain developer-only.
hardcoded_source_literal_src_components_common_EvidenceVisual.tsx_line:44,hardcoded_source_literal,src/components/common/EvidenceVisual.tsx,,line:44,금융 기록,,,,Visible Korean/CJK source literal outside i18n/data. Review whether it should move into i18n or remain developer-only.
hardcoded_source_literal_src_components_common_EvidenceVisual.tsx_line:44,hardcoded_source_literal,src/components/common/EvidenceVisual.tsx,,line:44,메시지,,,,Visible Korean/CJK source literal outside i18n/data. Review whether it should move into i18n or remain developer-only.
hardcoded_source_literal_src_components_common_EvidenceVisual.tsx_line:44,hardcoded_source_literal,src/components/common/EvidenceVisual.tsx,,line:44,영상 기록,,,,Visible Korean/CJK source literal outside i18n/data. Review whether it should move into i18n or remain developer-only.
hardcoded_source_literal_src_components_common_EvidenceVisual.tsx_line:44,hardcoded_source_literal,src/components/common/EvidenceVisual.tsx,,line:44,계약서,,,,Visible Korean/CJK source literal outside i18n/data. Review whether it should move into i18n or remain developer-only.
hardcoded_source_literal_src_components_common_EvidenceVisual.tsx_line:45,hardcoded_source_literal,src/components/common/EvidenceVisual.tsx,,line:45,진술서,,,,Visible Korean/CJK source literal outside i18n/data. Review whether it should move into i18n or remain developer-only.
hardcoded_source_literal_src_components_common_EvidenceVisual.tsx_line:45,hardcoded_source_literal,src/components/common/EvidenceVisual.tsx,,line:45,기록물,,,,Visible Korean/CJK source literal outside i18n/data. Review whether it should move into i18n or remain developer-only.
hardcoded_source_literal_src_components_common_EvidenceVisual.tsx_line:45,hardcoded_source_literal,src/components/common/EvidenceVisual.tsx,,line:45,디지털 기기,,,,Visible Korean/CJK source literal outside i18n/data. Review whether it should move into i18n or remain developer-only.
hardcoded_source_literal_src_components_common_EvidenceVisual.tsx_line:49,hardcoded_source_literal,src/components/common/EvidenceVisual.tsx,,line:49,증거,,,,Visible Korean/CJK source literal outside i18n/data. Review whether it should move into i18n or remain developer-only.
hardcoded_source_literal_src_components_common_Toast.tsx_line:41,hardcoded_source_literal,src/components/common/Toast.tsx,,line:41,네트워크 연결이 끊어졌습니다,,,,Visible Korean/CJK source literal outside i18n/data. Review whether it should move into i18n or remain developer-only.
hardcoded_source_literal_src_components_common_Toast.tsx_line:42,hardcoded_source_literal,src/components/common/Toast.tsx,,line:42,네트워크가 복구되었습니다,,,,Visible Korean/CJK source literal outside i18n/data. Review whether it should move into i18n or remain developer-only.
hardcoded_source_literal_src_components_common_Toast.tsx_line:43,hardcoded_source_literal,src/components/common/Toast.tsx,,line:43,[솔로몬] 게임 중 통신 오류 신고,,,,Visible Korean/CJK source literal outside i18n/data. Review whether it should move into i18n or remain developer-only.
hardcoded_source_literal_src_components_common_Toast.tsx_line:45,hardcoded_source_literal,src/components/common/Toast.tsx,,line:45,데이터 송수신에 일시적인 문제가 발생했습니다,,,,Visible Korean/CJK source literal outside i18n/data. Review whether it should move into i18n or remain developer-only.
hardcoded_source_literal_src_components_common_Toast.tsx_line:46,hardcoded_source_literal,src/components/common/Toast.tsx,,line:46,통신이 원활한 환경에서 다시 시도해 주세요.,,,,Visible Korean/CJK source literal outside i18n/data. Review whether it should move into i18n or remain developer-only.
hardcoded_source_literal_src_components_common_Toast.tsx_line:47,hardcoded_source_literal,src/components/common/Toast.tsx,,line:47,문제가 반복되면 아래 버튼으로 알려주세요.,,,,Visible Korean/CJK source literal outside i18n/data. Review whether it should move into i18n or remain developer-only.
hardcoded_source_literal_src_components_common_Toast.tsx_line:48,hardcoded_source_literal,src/components/common/Toast.tsx,,line:48,오류 신고하기,,,,Visible Korean/CJK source literal outside i18n/data. Review whether it should move into i18n or remain developer-only.
hardcoded_source_literal_src_components_common_Toast.tsx_line:49,hardcoded_source_literal,src/components/common/Toast.tsx,,line:49,닫기,,,,Visible Korean/CJK source literal outside i18n/data. Review whether it should move into i18n or remain developer-only.
hardcoded_source_literal_src_components_common_Toast.tsx_line:63,hardcoded_source_literal,src/components/common/Toast.tsx,,line:63,ネットワーク接続が切断されました,,,,Visible Korean/CJK source literal outside i18n/data. Review whether it should move into i18n or remain developer-only.
hardcoded_source_literal_src_components_common_Toast.tsx_line:64,hardcoded_source_literal,src/components/common/Toast.tsx,,line:64,ネットワーク接続が復旧しました,,,,Visible Korean/CJK source literal outside i18n/data. Review whether it should move into i18n or remain developer-only.
hardcoded_source_literal_src_components_common_Toast.tsx_line:65,hardcoded_source_literal,src/components/common/Toast.tsx,,line:65,[ソロモン] 通信エラー報告,,,,Visible Korean/CJK source literal outside i18n/data. Review whether it should move into i18n or remain developer-only.
hardcoded_source_literal_src_components_common_Toast.tsx_line:67,hardcoded_source_literal,src/components/common/Toast.tsx,,line:67,データ送受信に一時的な問題が発生しました,,,,Visible Korean/CJK source literal outside i18n/data. Review whether it should move into i18n or remain developer-only.
hardcoded_source_literal_src_components_common_Toast.tsx_line:68,hardcoded_source_literal,src/components/common/Toast.tsx,,line:68,通信が安定した環境で再度お試しください。,,,,Visible Korean/CJK source literal outside i18n/data. Review whether it should move into i18n or remain developer-only.
hardcoded_source_literal_src_components_common_Toast.tsx_line:69,hardcoded_source_literal,src/components/common/Toast.tsx,,line:69,問題が繰り返される場合は、下のボタンからお知らせください。,,,,Visible Korean/CJK source literal outside i18n/data. Review whether it should move into i18n or remain developer-only.
hardcoded_source_literal_src_components_common_Toast.tsx_line:70,hardcoded_source_literal,src/components/common/Toast.tsx,,line:70,エラー報告,,,,Visible Korean/CJK source literal outside i18n/data. Review whether it should move into i18n or remain developer-only.
hardcoded_source_literal_src_components_common_Toast.tsx_line:71,hardcoded_source_literal,src/components/common/Toast.tsx,,line:71,閉じる,,,,Visible Korean/CJK source literal outside i18n/data. Review whether it should move into i18n or remain developer-only.
hardcoded_source_literal_src_components_common_Toast.tsx_line:74,hardcoded_source_literal,src/components/common/Toast.tsx,,line:74,网络连接已断开,,,,Visible Korean/CJK source literal outside i18n/data. Review whether it should move into i18n or remain developer-only.
hardcoded_source_literal_src_components_common_Toast.tsx_line:75,hardcoded_source_literal,src/components/common/Toast.tsx,,line:75,网络连接已恢复,,,,Visible Korean/CJK source literal outside i18n/data. Review whether it should move into i18n or remain developer-only.
hardcoded_source_literal_src_components_common_Toast.tsx_line:76,hardcoded_source_literal,src/components/common/Toast.tsx,,line:76,[包青天的抉择] 通信错误报告,,,,Visible Korean/CJK source literal outside i18n/data. Review whether it should move into i18n or remain developer-only.
hardcoded_source_literal_src_components_common_Toast.tsx_line:78,hardcoded_source_literal,src/components/common/Toast.tsx,,line:78,数据通信暂时出现问题,,,,Visible Korean/CJK source literal outside i18n/data. Review whether it should move into i18n or remain developer-only.
hardcoded_source_literal_src_components_common_Toast.tsx_line:79,hardcoded_source_literal,src/components/common/Toast.tsx,,line:79,请在网络稳定的环境下重试。,,,,Visible Korean/CJK source literal outside i18n/data. Review whether it should move into i18n or remain developer-only.
hardcoded_source_literal_src_components_common_Toast.tsx_line:80,hardcoded_source_literal,src/components/common/Toast.tsx,,line:80,如果问题反复出现，请通过下方按钮告知我们。,,,,Visible Korean/CJK source literal outside i18n/data. Review whether it should move into i18n or remain developer-only.
hardcoded_source_literal_src_components_common_Toast.tsx_line:81,hardcoded_source_literal,src/components/common/Toast.tsx,,line:81,报告错误,,,,Visible Korean/CJK source literal outside i18n/data. Review whether it should move into i18n or remain developer-only.
hardcoded_source_literal_src_components_common_Toast.tsx_line:82,hardcoded_source_literal,src/components/common/Toast.tsx,,line:82,关闭,,,,Visible Korean/CJK source literal outside i18n/data. Review whether it should move into i18n or remain developer-only.
hardcoded_source_literal_src_components_court_DialogueEntry.tsx_line:109,hardcoded_source_literal,src/components/court/DialogueEntry.tsx,,line:109,— 추궁하기,,,,Visible Korean/CJK source literal outside i18n/data. Review whether it should move into i18n or remain developer-only.
hardcoded_source_literal_src_components_court_DialogueEntry.tsx_line:111,hardcoded_source_literal,src/components/court/DialogueEntry.tsx,,line:111,추궁 완료,,,,Visible Korean/CJK source literal outside i18n/data. Review whether it should move into i18n or remain developer-only.
hardcoded_source_literal_src_components_court_DialogueEntry.tsx_line:111,hardcoded_source_literal,src/components/court/DialogueEntry.tsx,,line:111,추궁하기,,,,Visible Korean/CJK source literal outside i18n/data. Review whether it should move into i18n or remain developer-only.
hardcoded_source_literal_src_components_court_DialogueEntry.tsx_line:146,hardcoded_source_literal,src/components/court/DialogueEntry.tsx,,line:146,증인,,,,Visible Korean/CJK source literal outside i18n/data. Review whether it should move into i18n or remain developer-only.
hardcoded_source_literal_src_components_court_DialogueEntry.tsx_line:161,hardcoded_source_literal,src/components/court/DialogueEntry.tsx,,line:161,증인,,,,Visible Korean/CJK source literal outside i18n/data. Review whether it should move into i18n or remain developer-only.
hardcoded_source_literal_src_components_court_DialogueEntry.tsx_line:232,hardcoded_source_literal,src/components/court/DialogueEntry.tsx,,line:232,격앙,,,,Visible Korean/CJK source literal outside i18n/data. Review whether it should move into i18n or remain developer-only.
hardcoded_source_literal_src_components_court_DialogueEntry.tsx_line:233,hardcoded_source_literal,src/components/court/DialogueEntry.tsx,,line:233,동요,,,,Visible Korean/CJK source literal outside i18n/data. Review whether it should move into i18n or remain developer-only.
hardcoded_source_literal_src_components_court_DialogueEntry.tsx_line:234,hardcoded_source_literal,src/components/court/DialogueEntry.tsx,,line:234,자신감,,,,Visible Korean/CJK source literal outside i18n/data. Review whether it should move into i18n or remain developer-only.
hardcoded_source_literal_src_components_court_DialogueEntry.tsx_line:235,hardcoded_source_literal,src/components/court/DialogueEntry.tsx,,line:235,체념,,,,Visible Korean/CJK source literal outside i18n/data. Review whether it should move into i18n or remain developer-only.
hardcoded_source_literal_src_components_court_DialogueEntry.tsx_line:244,hardcoded_source_literal,src/components/court/DialogueEntry.tsx,,line:244,비공개 진술,,,,Visible Korean/CJK source literal outside i18n/data. Review whether it should move into i18n or remain developer-only.
hardcoded_source_literal_src_components_court_DialogueEntry.tsx_line:77,hardcoded_source_literal,src/components/court/DialogueEntry.tsx,,line:77,증거,,,,Visible Korean/CJK source literal outside i18n/data. Review whether it should move into i18n or remain developer-only.
hardcoded_source_literal_src_components_court_DialogueEntry.tsx_line:80,hardcoded_source_literal,src/components/court/DialogueEntry.tsx,,line:80,진술 분석,,,,Visible Korean/CJK source literal outside i18n/data. Review whether it should move into i18n or remain developer-only.
hardcoded_source_literal_src_components_court_DialogueEntry.tsx_line:89,hardcoded_source_literal,src/components/court/DialogueEntry.tsx,,line:89,분석 완료 — 탭해서 확인,,,,Visible Korean/CJK source literal outside i18n/data. Review whether it should move into i18n or remain developer-only.
hardcoded_source_literal_src_components_court_DialogueLog.tsx_line:104,hardcoded_source_literal,src/components/court/DialogueLog.tsx,,line:104,비교,,,,Visible Korean/CJK source literal outside i18n/data. Review whether it should move into i18n or remain developer-only.
hardcoded_source_literal_src_components_court_DialogueLog.tsx_line:108,hardcoded_source_literal,src/components/court/DialogueLog.tsx,,line:108,현재 발언 B,,,,Visible Korean/CJK source literal outside i18n/data. Review whether it should move into i18n or remain developer-only.
hardcoded_source_literal_src_components_court_DialogueLog.tsx_line:113,hardcoded_source_literal,src/components/court/DialogueLog.tsx,,line:113,두 내용이 같은 사실관계를 서로 다르게 설명하고 있어 추가 확인이 필요합니다.,,,,Visible Korean/CJK source literal outside i18n/data. Review whether it should move into i18n or remain developer-only.
hardcoded_source_literal_src_components_court_DialogueLog.tsx_line:122,hardcoded_source_literal,src/components/court/DialogueLog.tsx,,line:122,보류,,,,Visible Korean/CJK source literal outside i18n/data. Review whether it should move into i18n or remain developer-only.
hardcoded_source_literal_src_components_court_DialogueLog.tsx_line:128,hardcoded_source_literal,src/components/court/DialogueLog.tsx,,line:128,추궁하기,,,,Visible Korean/CJK source literal outside i18n/data. Review whether it should move into i18n or remain developer-only.
hardcoded_source_literal_src_components_court_DialogueLog.tsx_line:61,hardcoded_source_literal,src/components/court/DialogueLog.tsx,,line:61,사건이 시작되면 대화가 여기에 표시됩니다.,,,,Visible Korean/CJK source literal outside i18n/data. Review whether it should move into i18n or remain developer-only.
hardcoded_source_literal_src_components_court_DialogueLog.tsx_line:81,hardcoded_source_literal,src/components/court/DialogueLog.tsx,,line:81,응답 중...,,,,Visible Korean/CJK source literal outside i18n/data. Review whether it should move into i18n or remain developer-only.
hardcoded_source_literal_src_components_court_DialogueLog.tsx_line:90,hardcoded_source_literal,src/components/court/DialogueLog.tsx,,line:90,모순 추궁,,,,Visible Korean/CJK source literal outside i18n/data. Review whether it should move into i18n or remain developer-only.
hardcoded_source_literal_src_components_court_DialogueLog.tsx_line:95,hardcoded_source_literal,src/components/court/DialogueLog.tsx,,line:95,의 발언에서 바로 추궁할 수 있는 불일치가 발견되었습니다.,,,,Visible Korean/CJK source literal outside i18n/data. Review whether it should move into i18n or remain developer-only.
hardcoded_source_literal_src_components_court_DialogueLog.tsx_line:99,hardcoded_source_literal,src/components/court/DialogueLog.tsx,,line:99,이전 발언 A,,,,Visible Korean/CJK source literal outside i18n/data. Review whether it should move into i18n or remain developer-only.
hardcoded_source_literal_src_components_court_PartyPortrait.tsx_line:57,hardcoded_source_literal,src/components/court/PartyPortrait.tsx,,line:57,평온한 상태.,,,,Visible Korean/CJK source literal outside i18n/data. Review whether it should move into i18n or remain developer-only.
hardcoded_source_literal_src_components_court_PartyStatusBar.tsx_line:128,hardcoded_source_literal,src/components/court/PartyStatusBar.tsx,,line:128,세 ·,,,,Visible Korean/CJK source literal outside i18n/data. Review whether it should move into i18n or remain developer-only.
hardcoded_source_literal_src_components_court_PartyStatusBar.tsx_line:143,hardcoded_source_literal,src/components/court/PartyStatusBar.tsx,,line:143,캐릭터 정보,,,,Visible Korean/CJK source literal outside i18n/data. Review whether it should move into i18n or remain developer-only.
hardcoded_source_literal_src_components_court_PartyStatusBar.tsx_line:153,hardcoded_source_literal,src/components/court/PartyStatusBar.tsx,,line:153,감정 상태,,,,Visible Korean/CJK source literal outside i18n/data. Review whether it should move into i18n or remain developer-only.
hardcoded_source_literal_src_components_court_PartyStatusBar.tsx_line:161,hardcoded_source_literal,src/components/court/PartyStatusBar.tsx,,line:161,성격,,,,Visible Korean/CJK source literal outside i18n/data. Review whether it should move into i18n or remain developer-only.
hardcoded_source_literal_src_components_court_PartyStatusBar.tsx_line:163,hardcoded_source_literal,src/components/court/PartyStatusBar.tsx,,line:163,말투,,,,Visible Korean/CJK source literal outside i18n/data. Review whether it should move into i18n or remain developer-only.
hardcoded_source_literal_src_components_court_PartyStatusBar.tsx_line:164,hardcoded_source_literal,src/components/court/PartyStatusBar.tsx,,line:164,말투,,,,Visible Korean/CJK source literal outside i18n/data. Review whether it should move into i18n or remain developer-only.
hardcoded_source_literal_src_components_court_PartyStatusBar.tsx_line:164,hardcoded_source_literal,src/components/court/PartyStatusBar.tsx,,line:164,5턴 이상 진행 시 해금,,,,Visible Korean/CJK source literal outside i18n/data. Review whether it should move into i18n or remain developer-only.
hardcoded_source_literal_src_components_court_PartyStatusBar.tsx_line:166,hardcoded_source_literal,src/components/court/PartyStatusBar.tsx,,line:166,두려움,,,,Visible Korean/CJK source literal outside i18n/data. Review whether it should move into i18n or remain developer-only.
hardcoded_source_literal_src_components_court_PartyStatusBar.tsx_line:167,hardcoded_source_literal,src/components/court/PartyStatusBar.tsx,,line:167,두려움,,,,Visible Korean/CJK source literal outside i18n/data. Review whether it should move into i18n or remain developer-only.
hardcoded_source_literal_src_components_court_PartyStatusBar.tsx_line:167,hardcoded_source_literal,src/components/court/PartyStatusBar.tsx,,line:167,감정 변화 유발 시 해금,,,,Visible Korean/CJK source literal outside i18n/data. Review whether it should move into i18n or remain developer-only.
hardcoded_source_literal_src_components_court_PartyStatusBar.tsx_line:171,hardcoded_source_literal,src/components/court/PartyStatusBar.tsx,,line:171,쟁점별 상태,,,,Visible Korean/CJK source literal outside i18n/data. Review whether it should move into i18n or remain developer-only.
hardcoded_source_literal_src_components_court_PartyStatusBar.tsx_line:188,hardcoded_source_literal,src/components/court/PartyStatusBar.tsx,,line:188,민감 포인트,,,,Visible Korean/CJK source literal outside i18n/data. Review whether it should move into i18n or remain developer-only.
hardcoded_source_literal_src_components_court_PartyStatusBar.tsx_line:197,hardcoded_source_literal,src/components/court/PartyStatusBar.tsx,,line:197,민감 포인트,,,,Visible Korean/CJK source literal outside i18n/data. Review whether it should move into i18n or remain developer-only.
hardcoded_source_literal_src_components_court_PartyStatusBar.tsx_line:197,hardcoded_source_literal,src/components/court/PartyStatusBar.tsx,,line:197,거짓말 붕괴 달성 시 해금,,,,Visible Korean/CJK source literal outside i18n/data. Review whether it should move into i18n or remain developer-only.
hardcoded_source_literal_src_components_court_PartyStatusBar.tsx_line:218,hardcoded_source_literal,src/components/court/PartyStatusBar.tsx,,line:218,침착,,,,Visible Korean/CJK source literal outside i18n/data. Review whether it should move into i18n or remain developer-only.
hardcoded_source_literal_src_components_court_PartyStatusBar.tsx_line:218,hardcoded_source_literal,src/components/court/PartyStatusBar.tsx,,line:218,방어력이 높아 거짓말을 흔들기 어렵습니다. 논리적으로 답변하여 빈틈이 적습니다.,,,,Visible Korean/CJK source literal outside i18n/data. Review whether it should move into i18n or remain developer-only.
hardcoded_source_literal_src_components_court_PartyStatusBar.tsx_line:219,hardcoded_source_literal,src/components/court/PartyStatusBar.tsx,,line:219,동요,,,,Visible Korean/CJK source literal outside i18n/data. Review whether it should move into i18n or remain developer-only.
hardcoded_source_literal_src_components_court_PartyStatusBar.tsx_line:219,hardcoded_source_literal,src/components/court/PartyStatusBar.tsx,,line:219,"균형 상태입니다. 질문 효과가 보통이며, 안정적으로 심문을 진행할 수 있습니다.",,,,Visible Korean/CJK source literal outside i18n/data. Review whether it should move into i18n or remain developer-only.
hardcoded_source_literal_src_components_court_PartyStatusBar.tsx_line:220,hardcoded_source_literal,src/components/court/PartyStatusBar.tsx,,line:220,격앙,,,,Visible Korean/CJK source literal outside i18n/data. Review whether it should move into i18n or remain developer-only.
hardcoded_source_literal_src_components_court_PartyStatusBar.tsx_line:220,hardcoded_source_literal,src/components/court/PartyStatusBar.tsx,,line:220,"방어력이 약해져 거짓말 전이가 쉬워집니다. 흥분 상태에서 실수로 자백할 수 있지만, 더 밀면 체념 상태에 빠집니다.",,,,Visible Korean/CJK source literal outside i18n/data. Review whether it should move into i18n or remain developer-only.
hardcoded_source_literal_src_components_court_PartyStatusBar.tsx_line:220,hardcoded_source_literal,src/components/court/PartyStatusBar.tsx,,line:220,실수 자백 확률: 30% | 거짓말 전이 1.5배,,,,Visible Korean/CJK source literal outside i18n/data. Review whether it should move into i18n or remain developer-only.
hardcoded_source_literal_src_components_court_PartyStatusBar.tsx_line:221,hardcoded_source_literal,src/components/court/PartyStatusBar.tsx,,line:221,체념,,,,Visible Korean/CJK source literal outside i18n/data. Review whether it should move into i18n or remain developer-only.
hardcoded_source_literal_src_components_court_PartyStatusBar.tsx_line:221,hardcoded_source_literal,src/components/court/PartyStatusBar.tsx,,line:221,응답을 거부합니다. 2턴간 이 당사자에게 질문할 수 없습니다. 공감 접근으로 감정을 낮춰야 합니다.,,,,Visible Korean/CJK source literal outside i18n/data. Review whether it should move into i18n or remain developer-only.
hardcoded_source_literal_src_components_court_PartyStatusBar.tsx_line:230,hardcoded_source_literal,src/components/court/PartyStatusBar.tsx,,line:230,감정 수치,,,,Visible Korean/CJK source literal outside i18n/data. Review whether it should move into i18n or remain developer-only.
hardcoded_source_literal_src_components_court_PartyStatusBar.tsx_line:243,hardcoded_source_literal,src/components/court/PartyStatusBar.tsx,,line:243,침착,,,,Visible Korean/CJK source literal outside i18n/data. Review whether it should move into i18n or remain developer-only.
hardcoded_source_literal_src_components_court_PartyStatusBar.tsx_line:244,hardcoded_source_literal,src/components/court/PartyStatusBar.tsx,,line:244,동요,,,,Visible Korean/CJK source literal outside i18n/data. Review whether it should move into i18n or remain developer-only.
hardcoded_source_literal_src_components_court_PartyStatusBar.tsx_line:245,hardcoded_source_literal,src/components/court/PartyStatusBar.tsx,,line:245,격앙,,,,Visible Korean/CJK source literal outside i18n/data. Review whether it should move into i18n or remain developer-only.
hardcoded_source_literal_src_components_court_PartyStatusBar.tsx_line:246,hardcoded_source_literal,src/components/court/PartyStatusBar.tsx,,line:246,체념,,,,Visible Korean/CJK source literal outside i18n/data. Review whether it should move into i18n or remain developer-only.
hardcoded_source_literal_src_components_court_PartyStatusBar.tsx_line:259,hardcoded_source_literal,src/components/court/PartyStatusBar.tsx,,line:259,현재,,,,Visible Korean/CJK source literal outside i18n/data. Review whether it should move into i18n or remain developer-only.
hardcoded_source_literal_src_components_court_PartyStatusBar.tsx_line:291,hardcoded_source_literal,src/components/court/PartyStatusBar.tsx,,line:291,방어적 — 신중하게 말을 고르고 있습니다,,,,Visible Korean/CJK source literal outside i18n/data. Review whether it should move into i18n or remain developer-only.
hardcoded_source_literal_src_components_court_PartyStatusBar.tsx_line:292,hardcoded_source_literal,src/components/court/PartyStatusBar.tsx,,line:292,자신감 — 자기 주장에 확신을 가지고 있습니다,,,,Visible Korean/CJK source literal outside i18n/data. Review whether it should move into i18n or remain developer-only.
hardcoded_source_literal_src_components_court_PartyStatusBar.tsx_line:293,hardcoded_source_literal,src/components/court/PartyStatusBar.tsx,,line:293,동요 — 흔들리고 있지만 아직 부정하고 있습니다,,,,Visible Korean/CJK source literal outside i18n/data. Review whether it should move into i18n or remain developer-only.
hardcoded_source_literal_src_components_court_PartyStatusBar.tsx_line:294,hardcoded_source_literal,src/components/court/PartyStatusBar.tsx,,line:294,격앙 — 감정이 격해져 있습니다,,,,Visible Korean/CJK source literal outside i18n/data. Review whether it should move into i18n or remain developer-only.
hardcoded_source_literal_src_components_court_PartyStatusBar.tsx_line:295,hardcoded_source_literal,src/components/court/PartyStatusBar.tsx,,line:295,체념 — 더 이상 숨기려 하지 않습니다,,,,Visible Korean/CJK source literal outside i18n/data. Review whether it should move into i18n or remain developer-only.
hardcoded_source_literal_src_components_court_PartyStatusBar.tsx_line:302,hardcoded_source_literal,src/components/court/PartyStatusBar.tsx,,line:302,방어,,,,Visible Korean/CJK source literal outside i18n/data. Review whether it should move into i18n or remain developer-only.
hardcoded_source_literal_src_components_court_PartyStatusBar.tsx_line:302,hardcoded_source_literal,src/components/court/PartyStatusBar.tsx,,line:302,동요,,,,Visible Korean/CJK source literal outside i18n/data. Review whether it should move into i18n or remain developer-only.
hardcoded_source_literal_src_components_court_PartyStatusBar.tsx_line:302,hardcoded_source_literal,src/components/court/PartyStatusBar.tsx,,line:302,변명,,,,Visible Korean/CJK source literal outside i18n/data. Review whether it should move into i18n or remain developer-only.
hardcoded_source_literal_src_components_court_PartyStatusBar.tsx_line:302,hardcoded_source_literal,src/components/court/PartyStatusBar.tsx,,line:302,궁지,,,,Visible Korean/CJK source literal outside i18n/data. Review whether it should move into i18n or remain developer-only.
hardcoded_source_literal_src_components_court_PartyStatusBar.tsx_line:302,hardcoded_source_literal,src/components/court/PartyStatusBar.tsx,,line:302,한계,,,,Visible Korean/CJK source literal outside i18n/data. Review whether it should move into i18n or remain developer-only.
hardcoded_source_literal_src_components_court_PartyStatusBar.tsx_line:302,hardcoded_source_literal,src/components/court/PartyStatusBar.tsx,,line:302,고백,,,,Visible Korean/CJK source literal outside i18n/data. Review whether it should move into i18n or remain developer-only.
hardcoded_source_literal_src_components_court_TestimonyModal.tsx_line:24,hardcoded_source_literal,src/components/court/TestimonyModal.tsx,,line:24,진술 분석 결과,,,,Visible Korean/CJK source literal outside i18n/data. Review whether it should move into i18n or remain developer-only.
hardcoded_source_literal_src_components_court_TestimonyModal.tsx_line:54,hardcoded_source_literal,src/components/court/TestimonyModal.tsx,,line:54,발견된 모순,,,,Visible Korean/CJK source literal outside i18n/data. Review whether it should move into i18n or remain developer-only.
hardcoded_source_literal_src_components_court_TestimonyModal.tsx_line:64,hardcoded_source_literal,src/components/court/TestimonyModal.tsx,,line:64,미해명 사항,,,,Visible Korean/CJK source literal outside i18n/data. Review whether it should move into i18n or remain developer-only.
hardcoded_source_literal_src_components_court_TestimonyModal.tsx_line:74,hardcoded_source_literal,src/components/court/TestimonyModal.tsx,,line:74,닫기,,,,Visible Korean/CJK source literal outside i18n/data. Review whether it should move into i18n or remain developer-only.
hardcoded_source_literal_src_components_discovery_CombinationLabPanel.tsx_line:100,hardcoded_source_literal,src/components/discovery/CombinationLabPanel.tsx,,line:100,증거나 노트를 2개 이상 올리면 가능한 조합을 찾습니다.,,,,Visible Korean/CJK source literal outside i18n/data. Review whether it should move into i18n or remain developer-only.
hardcoded_source_literal_src_components_discovery_CombinationLabPanel.tsx_line:101,hardcoded_source_literal,src/components/discovery/CombinationLabPanel.tsx,,line:101,이 조합에는 아직 authoring된 결과가 없습니다.,,,,Visible Korean/CJK source literal outside i18n/data. Review whether it should move into i18n or remain developer-only.
hardcoded_source_literal_src_components_discovery_CombinationLabPanel.tsx_line:102,hardcoded_source_literal,src/components/discovery/CombinationLabPanel.tsx,,line:102,조합 가능한 노드를 찾지 못했습니다.,,,,Visible Korean/CJK source literal outside i18n/data. Review whether it should move into i18n or remain developer-only.
hardcoded_source_literal_src_components_discovery_CombinationLabPanel.tsx_line:103,hardcoded_source_literal,src/components/discovery/CombinationLabPanel.tsx,,line:103,이미 기록된 결론입니다. 다른 조합을 시도해 주세요.,,,,Visible Korean/CJK source literal outside i18n/data. Review whether it should move into i18n or remain developer-only.
hardcoded_source_literal_src_components_discovery_CombinationLabPanel.tsx_line:104,hardcoded_source_literal,src/components/discovery/CombinationLabPanel.tsx,,line:104,지금은 이 조합을 실행할 수 없습니다.,,,,Visible Korean/CJK source literal outside i18n/data. Review whether it should move into i18n or remain developer-only.
hardcoded_source_literal_src_components_discovery_CombinationLabPanel.tsx_line:105,hardcoded_source_literal,src/components/discovery/CombinationLabPanel.tsx,,line:105,이 사건에는 조합 실험실 데이터가 없습니다.,,,,Visible Korean/CJK source literal outside i18n/data. Review whether it should move into i18n or remain developer-only.
hardcoded_source_literal_src_components_discovery_CombinationLabPanel.tsx_line:106,hardcoded_source_literal,src/components/discovery/CombinationLabPanel.tsx,,line:106,조합 실행에 실패했습니다.,,,,Visible Korean/CJK source literal outside i18n/data. Review whether it should move into i18n or remain developer-only.
hardcoded_source_literal_src_components_discovery_CombinationLabPanel.tsx_line:108,hardcoded_source_literal,src/components/discovery/CombinationLabPanel.tsx,,line:108,조합 실험실,,,,Visible Korean/CJK source literal outside i18n/data. Review whether it should move into i18n or remain developer-only.
hardcoded_source_literal_src_components_discovery_CombinationLabPanel.tsx_line:134,hardcoded_source_literal,src/components/discovery/CombinationLabPanel.tsx,,line:134,組み合わせラボ,,,,Visible Korean/CJK source literal outside i18n/data. Review whether it should move into i18n or remain developer-only.
hardcoded_source_literal_src_components_discovery_CombinationLabPanel.tsx_line:137,hardcoded_source_literal,src/components/discovery/CombinationLabPanel.tsx,,line:137,ノード選択,,,,Visible Korean/CJK source literal outside i18n/data. Review whether it should move into i18n or remain developer-only.
hardcoded_source_literal_src_components_discovery_CombinationLabPanel.tsx_line:138,hardcoded_source_literal,src/components/discovery/CombinationLabPanel.tsx,,line:138,既存の比較保管庫を拡張したラボです。証拠とノートを交差して組み合わせられます。,,,,Visible Korean/CJK source literal outside i18n/data. Review whether it should move into i18n or remain developer-only.
hardcoded_source_literal_src_components_discovery_CombinationLabPanel.tsx_line:139,hardcoded_source_literal,src/components/discovery/CombinationLabPanel.tsx,,line:139,初期化,,,,Visible Korean/CJK source literal outside i18n/data. Review whether it should move into i18n or remain developer-only.
hardcoded_source_literal_src_components_discovery_CombinationLabPanel.tsx_line:140,hardcoded_source_literal,src/components/discovery/CombinationLabPanel.tsx,,line:140,証拠,,,,Visible Korean/CJK source literal outside i18n/data. Review whether it should move into i18n or remain developer-only.
hardcoded_source_literal_src_components_discovery_CombinationLabPanel.tsx_line:141,hardcoded_source_literal,src/components/discovery/CombinationLabPanel.tsx,,line:141,ノート,,,,Visible Korean/CJK source literal outside i18n/data. Review whether it should move into i18n or remain developer-only.
hardcoded_source_literal_src_components_discovery_CombinationLabPanel.tsx_line:142,hardcoded_source_literal,src/components/discovery/CombinationLabPanel.tsx,,line:142,派生ノード,,,,Visible Korean/CJK source literal outside i18n/data. Review whether it should move into i18n or remain developer-only.
hardcoded_source_literal_src_components_discovery_CombinationLabPanel.tsx_line:144,hardcoded_source_literal,src/components/discovery/CombinationLabPanel.tsx,,line:144,hidden combo · 初回成功時にポイント還元,,,,Visible Korean/CJK source literal outside i18n/data. Review whether it should move into i18n or remain developer-only.
hardcoded_source_literal_src_components_discovery_CombinationLabPanel.tsx_line:145,hardcoded_source_literal,src/components/discovery/CombinationLabPanel.tsx,,line:145,組み合わせ実行,,,,Visible Korean/CJK source literal outside i18n/data. Review whether it should move into i18n or remain developer-only.
hardcoded_source_literal_src_components_discovery_CombinationLabPanel.tsx_line:146,hardcoded_source_literal,src/components/discovery/CombinationLabPanel.tsx,,line:146,証拠またはノートを2つ以上置くと、可能な組み合わせを探します。,,,,Visible Korean/CJK source literal outside i18n/data. Review whether it should move into i18n or remain developer-only.
hardcoded_source_literal_src_components_discovery_CombinationLabPanel.tsx_line:147,hardcoded_source_literal,src/components/discovery/CombinationLabPanel.tsx,,line:147,この組み合わせにはまだ作成済みの結果がありません。,,,,Visible Korean/CJK source literal outside i18n/data. Review whether it should move into i18n or remain developer-only.
hardcoded_source_literal_src_components_discovery_CombinationLabPanel.tsx_line:148,hardcoded_source_literal,src/components/discovery/CombinationLabPanel.tsx,,line:148,組み合わせ可能なノードが見つかりませんでした。,,,,Visible Korean/CJK source literal outside i18n/data. Review whether it should move into i18n or remain developer-only.
hardcoded_source_literal_src_components_discovery_CombinationLabPanel.tsx_line:149,hardcoded_source_literal,src/components/discovery/CombinationLabPanel.tsx,,line:149,すでに記録された結論です。別の組み合わせを試してください。,,,,Visible Korean/CJK source literal outside i18n/data. Review whether it should move into i18n or remain developer-only.
hardcoded_source_literal_src_components_discovery_CombinationLabPanel.tsx_line:150,hardcoded_source_literal,src/components/discovery/CombinationLabPanel.tsx,,line:150,今はこの組み合わせを実行できません。,,,,Visible Korean/CJK source literal outside i18n/data. Review whether it should move into i18n or remain developer-only.
hardcoded_source_literal_src_components_discovery_CombinationLabPanel.tsx_line:151,hardcoded_source_literal,src/components/discovery/CombinationLabPanel.tsx,,line:151,この事件には組み合わせラボのデータがありません。,,,,Visible Korean/CJK source literal outside i18n/data. Review whether it should move into i18n or remain developer-only.
hardcoded_source_literal_src_components_discovery_CombinationLabPanel.tsx_line:152,hardcoded_source_literal,src/components/discovery/CombinationLabPanel.tsx,,line:152,組み合わせ実行に失敗しました。,,,,Visible Korean/CJK source literal outside i18n/data. Review whether it should move into i18n or remain developer-only.
hardcoded_source_literal_src_components_discovery_CombinationLabPanel.tsx_line:154,hardcoded_source_literal,src/components/discovery/CombinationLabPanel.tsx,,line:154,組み合わせラボ,,,,Visible Korean/CJK source literal outside i18n/data. Review whether it should move into i18n or remain developer-only.
hardcoded_source_literal_src_components_discovery_CombinationLabPanel.tsx_line:157,hardcoded_source_literal,src/components/discovery/CombinationLabPanel.tsx,,line:157,组合实验室,,,,Visible Korean/CJK source literal outside i18n/data. Review whether it should move into i18n or remain developer-only.
hardcoded_source_literal_src_components_discovery_CombinationLabPanel.tsx_line:160,hardcoded_source_literal,src/components/discovery/CombinationLabPanel.tsx,,line:160,选择节点,,,,Visible Korean/CJK source literal outside i18n/data. Review whether it should move into i18n or remain developer-only.
hardcoded_source_literal_src_components_discovery_CombinationLabPanel.tsx_line:161,hardcoded_source_literal,src/components/discovery/CombinationLabPanel.tsx,,line:161,这是扩展后的比较保管室。可交叉组合证据与笔记。,,,,Visible Korean/CJK source literal outside i18n/data. Review whether it should move into i18n or remain developer-only.
hardcoded_source_literal_src_components_discovery_CombinationLabPanel.tsx_line:162,hardcoded_source_literal,src/components/discovery/CombinationLabPanel.tsx,,line:162,重置,,,,Visible Korean/CJK source literal outside i18n/data. Review whether it should move into i18n or remain developer-only.
hardcoded_source_literal_src_components_discovery_CombinationLabPanel.tsx_line:163,hardcoded_source_literal,src/components/discovery/CombinationLabPanel.tsx,,line:163,证据,,,,Visible Korean/CJK source literal outside i18n/data. Review whether it should move into i18n or remain developer-only.
hardcoded_source_literal_src_components_discovery_CombinationLabPanel.tsx_line:164,hardcoded_source_literal,src/components/discovery/CombinationLabPanel.tsx,,line:164,笔记,,,,Visible Korean/CJK source literal outside i18n/data. Review whether it should move into i18n or remain developer-only.
hardcoded_source_literal_src_components_discovery_CombinationLabPanel.tsx_line:165,hardcoded_source_literal,src/components/discovery/CombinationLabPanel.tsx,,line:165,派生节点,,,,Visible Korean/CJK source literal outside i18n/data. Review whether it should move into i18n or remain developer-only.
hardcoded_source_literal_src_components_discovery_CombinationLabPanel.tsx_line:167,hardcoded_source_literal,src/components/discovery/CombinationLabPanel.tsx,,line:167,hidden combo · 首次成功时返还点数,,,,Visible Korean/CJK source literal outside i18n/data. Review whether it should move into i18n or remain developer-only.
hardcoded_source_literal_src_components_discovery_CombinationLabPanel.tsx_line:168,hardcoded_source_literal,src/components/discovery/CombinationLabPanel.tsx,,line:168,执行组合,,,,Visible Korean/CJK source literal outside i18n/data. Review whether it should move into i18n or remain developer-only.
hardcoded_source_literal_src_components_discovery_CombinationLabPanel.tsx_line:169,hardcoded_source_literal,src/components/discovery/CombinationLabPanel.tsx,,line:169,放入至少两个证据或笔记后，会寻找可用组合。,,,,Visible Korean/CJK source literal outside i18n/data. Review whether it should move into i18n or remain developer-only.
hardcoded_source_literal_src_components_discovery_CombinationLabPanel.tsx_line:170,hardcoded_source_literal,src/components/discovery/CombinationLabPanel.tsx,,line:170,该组合尚无已编写结果。,,,,Visible Korean/CJK source literal outside i18n/data. Review whether it should move into i18n or remain developer-only.
hardcoded_source_literal_src_components_discovery_CombinationLabPanel.tsx_line:171,hardcoded_source_literal,src/components/discovery/CombinationLabPanel.tsx,,line:171,未找到可组合的节点。,,,,Visible Korean/CJK source literal outside i18n/data. Review whether it should move into i18n or remain developer-only.
hardcoded_source_literal_src_components_discovery_CombinationLabPanel.tsx_line:172,hardcoded_source_literal,src/components/discovery/CombinationLabPanel.tsx,,line:172,该结论已记录。请尝试其他组合。,,,,Visible Korean/CJK source literal outside i18n/data. Review whether it should move into i18n or remain developer-only.
hardcoded_source_literal_src_components_discovery_CombinationLabPanel.tsx_line:173,hardcoded_source_literal,src/components/discovery/CombinationLabPanel.tsx,,line:173,现在无法执行该组合。,,,,Visible Korean/CJK source literal outside i18n/data. Review whether it should move into i18n or remain developer-only.
hardcoded_source_literal_src_components_discovery_CombinationLabPanel.tsx_line:174,hardcoded_source_literal,src/components/discovery/CombinationLabPanel.tsx,,line:174,本案件没有组合实验室数据。,,,,Visible Korean/CJK source literal outside i18n/data. Review whether it should move into i18n or remain developer-only.
hardcoded_source_literal_src_components_discovery_CombinationLabPanel.tsx_line:175,hardcoded_source_literal,src/components/discovery/CombinationLabPanel.tsx,,line:175,组合执行失败。,,,,Visible Korean/CJK source literal outside i18n/data. Review whether it should move into i18n or remain developer-only.
hardcoded_source_literal_src_components_discovery_CombinationLabPanel.tsx_line:177,hardcoded_source_literal,src/components/discovery/CombinationLabPanel.tsx,,line:177,组合实验室,,,,Visible Korean/CJK source literal outside i18n/data. Review whether it should move into i18n or remain developer-only.
hardcoded_source_literal_src_components_discovery_CombinationLabPanel.tsx_line:37,hardcoded_source_literal,src/components/discovery/CombinationLabPanel.tsx,,line:37,새 증거,,,,Visible Korean/CJK source literal outside i18n/data. Review whether it should move into i18n or remain developer-only.
hardcoded_source_literal_src_components_discovery_CombinationLabPanel.tsx_line:37,hardcoded_source_literal,src/components/discovery/CombinationLabPanel.tsx,,line:37,新証拠,,,,Visible Korean/CJK source literal outside i18n/data. Review whether it should move into i18n or remain developer-only.
hardcoded_source_literal_src_components_discovery_CombinationLabPanel.tsx_line:37,hardcoded_source_literal,src/components/discovery/CombinationLabPanel.tsx,,line:37,新证据,,,,Visible Korean/CJK source literal outside i18n/data. Review whether it should move into i18n or remain developer-only.
hardcoded_source_literal_src_components_discovery_CombinationLabPanel.tsx_line:38,hardcoded_source_literal,src/components/discovery/CombinationLabPanel.tsx,,line:38,새 메모,,,,Visible Korean/CJK source literal outside i18n/data. Review whether it should move into i18n or remain developer-only.
hardcoded_source_literal_src_components_discovery_CombinationLabPanel.tsx_line:38,hardcoded_source_literal,src/components/discovery/CombinationLabPanel.tsx,,line:38,新メモ,,,,Visible Korean/CJK source literal outside i18n/data. Review whether it should move into i18n or remain developer-only.
hardcoded_source_literal_src_components_discovery_CombinationLabPanel.tsx_line:38,hardcoded_source_literal,src/components/discovery/CombinationLabPanel.tsx,,line:38,新笔记,,,,Visible Korean/CJK source literal outside i18n/data. Review whether it should move into i18n or remain developer-only.
hardcoded_source_literal_src_components_discovery_CombinationLabPanel.tsx_line:39,hardcoded_source_literal,src/components/discovery/CombinationLabPanel.tsx,,line:39,새 질문,,,,Visible Korean/CJK source literal outside i18n/data. Review whether it should move into i18n or remain developer-only.
hardcoded_source_literal_src_components_discovery_CombinationLabPanel.tsx_line:39,hardcoded_source_literal,src/components/discovery/CombinationLabPanel.tsx,,line:39,新質問,,,,Visible Korean/CJK source literal outside i18n/data. Review whether it should move into i18n or remain developer-only.
hardcoded_source_literal_src_components_discovery_CombinationLabPanel.tsx_line:39,hardcoded_source_literal,src/components/discovery/CombinationLabPanel.tsx,,line:39,新问题,,,,Visible Korean/CJK source literal outside i18n/data. Review whether it should move into i18n or remain developer-only.
hardcoded_source_literal_src_components_discovery_CombinationLabPanel.tsx_line:40,hardcoded_source_literal,src/components/discovery/CombinationLabPanel.tsx,,line:40,새 진술,,,,Visible Korean/CJK source literal outside i18n/data. Review whether it should move into i18n or remain developer-only.
hardcoded_source_literal_src_components_discovery_CombinationLabPanel.tsx_line:40,hardcoded_source_literal,src/components/discovery/CombinationLabPanel.tsx,,line:40,新供述,,,,Visible Korean/CJK source literal outside i18n/data. Review whether it should move into i18n or remain developer-only.
hardcoded_source_literal_src_components_discovery_CombinationLabPanel.tsx_line:40,hardcoded_source_literal,src/components/discovery/CombinationLabPanel.tsx,,line:40,新陈述,,,,Visible Korean/CJK source literal outside i18n/data. Review whether it should move into i18n or remain developer-only.
hardcoded_source_literal_src_components_discovery_CombinationLabPanel.tsx_line:41,hardcoded_source_literal,src/components/discovery/CombinationLabPanel.tsx,,line:41,새 쟁점,,,,Visible Korean/CJK source literal outside i18n/data. Review whether it should move into i18n or remain developer-only.
hardcoded_source_literal_src_components_discovery_CombinationLabPanel.tsx_line:41,hardcoded_source_literal,src/components/discovery/CombinationLabPanel.tsx,,line:41,新争点,,,,Visible Korean/CJK source literal outside i18n/data. Review whether it should move into i18n or remain developer-only.
hardcoded_source_literal_src_components_discovery_CombinationLabPanel.tsx_line:41,hardcoded_source_literal,src/components/discovery/CombinationLabPanel.tsx,,line:41,新争议,,,,Visible Korean/CJK source literal outside i18n/data. Review whether it should move into i18n or remain developer-only.
hardcoded_source_literal_src_components_discovery_CombinationLabPanel.tsx_line:42,hardcoded_source_literal,src/components/discovery/CombinationLabPanel.tsx,,line:42,증인 각도,,,,Visible Korean/CJK source literal outside i18n/data. Review whether it should move into i18n or remain developer-only.
hardcoded_source_literal_src_components_discovery_CombinationLabPanel.tsx_line:42,hardcoded_source_literal,src/components/discovery/CombinationLabPanel.tsx,,line:42,証人の視点,,,,Visible Korean/CJK source literal outside i18n/data. Review whether it should move into i18n or remain developer-only.
hardcoded_source_literal_src_components_discovery_CombinationLabPanel.tsx_line:42,hardcoded_source_literal,src/components/discovery/CombinationLabPanel.tsx,,line:42,证人角度,,,,Visible Korean/CJK source literal outside i18n/data. Review whether it should move into i18n or remain developer-only.
hardcoded_source_literal_src_components_discovery_CombinationLabPanel.tsx_line:43,hardcoded_source_literal,src/components/discovery/CombinationLabPanel.tsx,,line:43,끼어들기,,,,Visible Korean/CJK source literal outside i18n/data. Review whether it should move into i18n or remain developer-only.
hardcoded_source_literal_src_components_discovery_CombinationLabPanel.tsx_line:43,hardcoded_source_literal,src/components/discovery/CombinationLabPanel.tsx,,line:43,割り込み,,,,Visible Korean/CJK source literal outside i18n/data. Review whether it should move into i18n or remain developer-only.
hardcoded_source_literal_src_components_discovery_CombinationLabPanel.tsx_line:43,hardcoded_source_literal,src/components/discovery/CombinationLabPanel.tsx,,line:43,插话,,,,Visible Korean/CJK source literal outside i18n/data. Review whether it should move into i18n or remain developer-only.
hardcoded_source_literal_src_components_discovery_CombinationLabPanel.tsx_line:44,hardcoded_source_literal,src/components/discovery/CombinationLabPanel.tsx,,line:44,판결 힌트,,,,Visible Korean/CJK source literal outside i18n/data. Review whether it should move into i18n or remain developer-only.
hardcoded_source_literal_src_components_discovery_CombinationLabPanel.tsx_line:44,hardcoded_source_literal,src/components/discovery/CombinationLabPanel.tsx,,line:44,判決ヒント,,,,Visible Korean/CJK source literal outside i18n/data. Review whether it should move into i18n or remain developer-only.
hardcoded_source_literal_src_components_discovery_CombinationLabPanel.tsx_line:44,hardcoded_source_literal,src/components/discovery/CombinationLabPanel.tsx,,line:44,裁决提示,,,,Visible Korean/CJK source literal outside i18n/data. Review whether it should move into i18n or remain developer-only.
hardcoded_source_literal_src_components_discovery_CombinationLabPanel.tsx_line:45,hardcoded_source_literal,src/components/discovery/CombinationLabPanel.tsx,,line:45,질문 발전,,,,Visible Korean/CJK source literal outside i18n/data. Review whether it should move into i18n or remain developer-only.
hardcoded_source_literal_src_components_discovery_CombinationLabPanel.tsx_line:45,hardcoded_source_literal,src/components/discovery/CombinationLabPanel.tsx,,line:45,質問発展,,,,Visible Korean/CJK source literal outside i18n/data. Review whether it should move into i18n or remain developer-only.
hardcoded_source_literal_src_components_discovery_CombinationLabPanel.tsx_line:45,hardcoded_source_literal,src/components/discovery/CombinationLabPanel.tsx,,line:45,问题升级,,,,Visible Korean/CJK source literal outside i18n/data. Review whether it should move into i18n or remain developer-only.
hardcoded_source_literal_src_components_discovery_CombinationLabPanel.tsx_line:46,hardcoded_source_literal,src/components/discovery/CombinationLabPanel.tsx,,line:46,증거 발전,,,,Visible Korean/CJK source literal outside i18n/data. Review whether it should move into i18n or remain developer-only.
hardcoded_source_literal_src_components_discovery_CombinationLabPanel.tsx_line:46,hardcoded_source_literal,src/components/discovery/CombinationLabPanel.tsx,,line:46,証拠発展,,,,Visible Korean/CJK source literal outside i18n/data. Review whether it should move into i18n or remain developer-only.
hardcoded_source_literal_src_components_discovery_CombinationLabPanel.tsx_line:46,hardcoded_source_literal,src/components/discovery/CombinationLabPanel.tsx,,line:46,证据升级,,,,Visible Korean/CJK source literal outside i18n/data. Review whether it should move into i18n or remain developer-only.
hardcoded_source_literal_src_components_discovery_CombinationLabPanel.tsx_line:47,hardcoded_source_literal,src/components/discovery/CombinationLabPanel.tsx,,line:47,쟁점 발전,,,,Visible Korean/CJK source literal outside i18n/data. Review whether it should move into i18n or remain developer-only.
hardcoded_source_literal_src_components_discovery_CombinationLabPanel.tsx_line:47,hardcoded_source_literal,src/components/discovery/CombinationLabPanel.tsx,,line:47,争点発展,,,,Visible Korean/CJK source literal outside i18n/data. Review whether it should move into i18n or remain developer-only.
hardcoded_source_literal_src_components_discovery_CombinationLabPanel.tsx_line:47,hardcoded_source_literal,src/components/discovery/CombinationLabPanel.tsx,,line:47,争议升级,,,,Visible Korean/CJK source literal outside i18n/data. Review whether it should move into i18n or remain developer-only.
hardcoded_source_literal_src_components_discovery_CombinationLabPanel.tsx_line:48,hardcoded_source_literal,src/components/discovery/CombinationLabPanel.tsx,,line:48,질문 재해석,,,,Visible Korean/CJK source literal outside i18n/data. Review whether it should move into i18n or remain developer-only.
hardcoded_source_literal_src_components_discovery_CombinationLabPanel.tsx_line:48,hardcoded_source_literal,src/components/discovery/CombinationLabPanel.tsx,,line:48,質問の再解釈,,,,Visible Korean/CJK source literal outside i18n/data. Review whether it should move into i18n or remain developer-only.
hardcoded_source_literal_src_components_discovery_CombinationLabPanel.tsx_line:48,hardcoded_source_literal,src/components/discovery/CombinationLabPanel.tsx,,line:48,问题重构,,,,Visible Korean/CJK source literal outside i18n/data. Review whether it should move into i18n or remain developer-only.
hardcoded_source_literal_src_components_discovery_CombinationLabPanel.tsx_line:49,hardcoded_source_literal,src/components/discovery/CombinationLabPanel.tsx,,line:49,증거 재해석,,,,Visible Korean/CJK source literal outside i18n/data. Review whether it should move into i18n or remain developer-only.
hardcoded_source_literal_src_components_discovery_CombinationLabPanel.tsx_line:49,hardcoded_source_literal,src/components/discovery/CombinationLabPanel.tsx,,line:49,証拠の再解釈,,,,Visible Korean/CJK source literal outside i18n/data. Review whether it should move into i18n or remain developer-only.
hardcoded_source_literal_src_components_discovery_CombinationLabPanel.tsx_line:49,hardcoded_source_literal,src/components/discovery/CombinationLabPanel.tsx,,line:49,证据重构,,,,Visible Korean/CJK source literal outside i18n/data. Review whether it should move into i18n or remain developer-only.
hardcoded_source_literal_src_components_discovery_CombinationLabPanel.tsx_line:50,hardcoded_source_literal,src/components/discovery/CombinationLabPanel.tsx,,line:50,쟁점 재프레임,,,,Visible Korean/CJK source literal outside i18n/data. Review whether it should move into i18n or remain developer-only.
hardcoded_source_literal_src_components_discovery_CombinationLabPanel.tsx_line:50,hardcoded_source_literal,src/components/discovery/CombinationLabPanel.tsx,,line:50,争点の再構成,,,,Visible Korean/CJK source literal outside i18n/data. Review whether it should move into i18n or remain developer-only.
hardcoded_source_literal_src_components_discovery_CombinationLabPanel.tsx_line:50,hardcoded_source_literal,src/components/discovery/CombinationLabPanel.tsx,,line:50,争议重构,,,,Visible Korean/CJK source literal outside i18n/data. Review whether it should move into i18n or remain developer-only.
hardcoded_source_literal_src_components_discovery_CombinationLabPanel.tsx_line:51,hardcoded_source_literal,src/components/discovery/CombinationLabPanel.tsx,,line:51,쟁점 분할,,,,Visible Korean/CJK source literal outside i18n/data. Review whether it should move into i18n or remain developer-only.
hardcoded_source_literal_src_components_discovery_CombinationLabPanel.tsx_line:51,hardcoded_source_literal,src/components/discovery/CombinationLabPanel.tsx,,line:51,争点分割,,,,Visible Korean/CJK source literal outside i18n/data. Review whether it should move into i18n or remain developer-only.
hardcoded_source_literal_src_components_discovery_CombinationLabPanel.tsx_line:51,hardcoded_source_literal,src/components/discovery/CombinationLabPanel.tsx,,line:51,争议拆分,,,,Visible Korean/CJK source literal outside i18n/data. Review whether it should move into i18n or remain developer-only.
hardcoded_source_literal_src_components_discovery_CombinationLabPanel.tsx_line:52,hardcoded_source_literal,src/components/discovery/CombinationLabPanel.tsx,,line:52,쟁점 통합,,,,Visible Korean/CJK source literal outside i18n/data. Review whether it should move into i18n or remain developer-only.
hardcoded_source_literal_src_components_discovery_CombinationLabPanel.tsx_line:52,hardcoded_source_literal,src/components/discovery/CombinationLabPanel.tsx,,line:52,争点統合,,,,Visible Korean/CJK source literal outside i18n/data. Review whether it should move into i18n or remain developer-only.
hardcoded_source_literal_src_components_discovery_CombinationLabPanel.tsx_line:52,hardcoded_source_literal,src/components/discovery/CombinationLabPanel.tsx,,line:52,争议合并,,,,Visible Korean/CJK source literal outside i18n/data. Review whether it should move into i18n or remain developer-only.
hardcoded_source_literal_src_components_discovery_CombinationLabPanel.tsx_line:53,hardcoded_source_literal,src/components/discovery/CombinationLabPanel.tsx,,line:53,신뢰도 승격,,,,Visible Korean/CJK source literal outside i18n/data. Review whether it should move into i18n or remain developer-only.
hardcoded_source_literal_src_components_discovery_CombinationLabPanel.tsx_line:53,hardcoded_source_literal,src/components/discovery/CombinationLabPanel.tsx,,line:53,信頼度上昇,,,,Visible Korean/CJK source literal outside i18n/data. Review whether it should move into i18n or remain developer-only.
hardcoded_source_literal_src_components_discovery_CombinationLabPanel.tsx_line:53,hardcoded_source_literal,src/components/discovery/CombinationLabPanel.tsx,,line:53,可信度提升,,,,Visible Korean/CJK source literal outside i18n/data. Review whether it should move into i18n or remain developer-only.
hardcoded_source_literal_src_components_discovery_CombinationLabPanel.tsx_line:54,hardcoded_source_literal,src/components/discovery/CombinationLabPanel.tsx,,line:54,맥락 확장,,,,Visible Korean/CJK source literal outside i18n/data. Review whether it should move into i18n or remain developer-only.
hardcoded_source_literal_src_components_discovery_CombinationLabPanel.tsx_line:54,hardcoded_source_literal,src/components/discovery/CombinationLabPanel.tsx,,line:54,文脈拡張,,,,Visible Korean/CJK source literal outside i18n/data. Review whether it should move into i18n or remain developer-only.
hardcoded_source_literal_src_components_discovery_CombinationLabPanel.tsx_line:54,hardcoded_source_literal,src/components/discovery/CombinationLabPanel.tsx,,line:54,语境扩展,,,,Visible Korean/CJK source literal outside i18n/data. Review whether it should move into i18n or remain developer-only.
hardcoded_source_literal_src_components_discovery_CombinationLabPanel.tsx_line:55,hardcoded_source_literal,src/components/discovery/CombinationLabPanel.tsx,,line:55,범위 축소,,,,Visible Korean/CJK source literal outside i18n/data. Review whether it should move into i18n or remain developer-only.
hardcoded_source_literal_src_components_discovery_CombinationLabPanel.tsx_line:55,hardcoded_source_literal,src/components/discovery/CombinationLabPanel.tsx,,line:55,範囲縮小,,,,Visible Korean/CJK source literal outside i18n/data. Review whether it should move into i18n or remain developer-only.
hardcoded_source_literal_src_components_discovery_CombinationLabPanel.tsx_line:55,hardcoded_source_literal,src/components/discovery/CombinationLabPanel.tsx,,line:55,范围缩小,,,,Visible Korean/CJK source literal outside i18n/data. Review whether it should move into i18n or remain developer-only.
hardcoded_source_literal_src_components_discovery_CombinationLabPanel.tsx_line:56,hardcoded_source_literal,src/components/discovery/CombinationLabPanel.tsx,,line:56,적법성 재평가,,,,Visible Korean/CJK source literal outside i18n/data. Review whether it should move into i18n or remain developer-only.
hardcoded_source_literal_src_components_discovery_CombinationLabPanel.tsx_line:56,hardcoded_source_literal,src/components/discovery/CombinationLabPanel.tsx,,line:56,適法性再評価,,,,Visible Korean/CJK source literal outside i18n/data. Review whether it should move into i18n or remain developer-only.
hardcoded_source_literal_src_components_discovery_CombinationLabPanel.tsx_line:56,hardcoded_source_literal,src/components/discovery/CombinationLabPanel.tsx,,line:56,合法性重评,,,,Visible Korean/CJK source literal outside i18n/data. Review whether it should move into i18n or remain developer-only.
hardcoded_source_literal_src_components_discovery_CombinationLabPanel.tsx_line:57,hardcoded_source_literal,src/components/discovery/CombinationLabPanel.tsx,,line:57,책임 재배분,,,,Visible Korean/CJK source literal outside i18n/data. Review whether it should move into i18n or remain developer-only.
hardcoded_source_literal_src_components_discovery_CombinationLabPanel.tsx_line:57,hardcoded_source_literal,src/components/discovery/CombinationLabPanel.tsx,,line:57,責任再配分,,,,Visible Korean/CJK source literal outside i18n/data. Review whether it should move into i18n or remain developer-only.
hardcoded_source_literal_src_components_discovery_CombinationLabPanel.tsx_line:57,hardcoded_source_literal,src/components/discovery/CombinationLabPanel.tsx,,line:57,责任重分配,,,,Visible Korean/CJK source literal outside i18n/data. Review whether it should move into i18n or remain developer-only.
hardcoded_source_literal_src_components_discovery_CombinationLabPanel.tsx_line:88,hardcoded_source_literal,src/components/discovery/CombinationLabPanel.tsx,,line:88,조합 실험실,,,,Visible Korean/CJK source literal outside i18n/data. Review whether it should move into i18n or remain developer-only.
hardcoded_source_literal_src_components_discovery_CombinationLabPanel.tsx_line:91,hardcoded_source_literal,src/components/discovery/CombinationLabPanel.tsx,,line:91,노드 선택,,,,Visible Korean/CJK source literal outside i18n/data. Review whether it should move into i18n or remain developer-only.
hardcoded_source_literal_src_components_discovery_CombinationLabPanel.tsx_line:92,hardcoded_source_literal,src/components/discovery/CombinationLabPanel.tsx,,line:92,기존 비교 보관함을 확장한 실험실입니다. 증거와 노트를 교차 조합할 수 있습니다.,,,,Visible Korean/CJK source literal outside i18n/data. Review whether it should move into i18n or remain developer-only.
hardcoded_source_literal_src_components_discovery_CombinationLabPanel.tsx_line:93,hardcoded_source_literal,src/components/discovery/CombinationLabPanel.tsx,,line:93,초기화,,,,Visible Korean/CJK source literal outside i18n/data. Review whether it should move into i18n or remain developer-only.
hardcoded_source_literal_src_components_discovery_CombinationLabPanel.tsx_line:94,hardcoded_source_literal,src/components/discovery/CombinationLabPanel.tsx,,line:94,증거,,,,Visible Korean/CJK source literal outside i18n/data. Review whether it should move into i18n or remain developer-only.
hardcoded_source_literal_src_components_discovery_CombinationLabPanel.tsx_line:95,hardcoded_source_literal,src/components/discovery/CombinationLabPanel.tsx,,line:95,노트,,,,Visible Korean/CJK source literal outside i18n/data. Review whether it should move into i18n or remain developer-only.
hardcoded_source_literal_src_components_discovery_CombinationLabPanel.tsx_line:96,hardcoded_source_literal,src/components/discovery/CombinationLabPanel.tsx,,line:96,파생 노드,,,,Visible Korean/CJK source literal outside i18n/data. Review whether it should move into i18n or remain developer-only.
hardcoded_source_literal_src_components_discovery_CombinationLabPanel.tsx_line:98,hardcoded_source_literal,src/components/discovery/CombinationLabPanel.tsx,,line:98,hidden combo · 첫 성공 시 포인트 환급 적용,,,,Visible Korean/CJK source literal outside i18n/data. Review whether it should move into i18n or remain developer-only.
hardcoded_source_literal_src_components_discovery_CombinationLabPanel.tsx_line:99,hardcoded_source_literal,src/components/discovery/CombinationLabPanel.tsx,,line:99,조합 실행,,,,Visible Korean/CJK source literal outside i18n/data. Review whether it should move into i18n or remain developer-only.
hardcoded_source_literal_src_components_discovery_CutsceneOverlay.tsx_line:102,hardcoded_source_literal,src/components/discovery/CutsceneOverlay.tsx,,line:102,방어 붕괴,,,,Visible Korean/CJK source literal outside i18n/data. Review whether it should move into i18n or remain developer-only.
hardcoded_source_literal_src_components_discovery_CutsceneOverlay.tsx_line:121,hardcoded_source_literal,src/components/discovery/CutsceneOverlay.tsx,,line:121,진술 균열,,,,Visible Korean/CJK source literal outside i18n/data. Review whether it should move into i18n or remain developer-only.
hardcoded_source_literal_src_components_discovery_CutsceneOverlay.tsx_line:128,hardcoded_source_literal,src/components/discovery/CutsceneOverlay.tsx,,line:128,진술 A,,,,Visible Korean/CJK source literal outside i18n/data. Review whether it should move into i18n or remain developer-only.
hardcoded_source_literal_src_components_discovery_CutsceneOverlay.tsx_line:135,hardcoded_source_literal,src/components/discovery/CutsceneOverlay.tsx,,line:135,진술 B,,,,Visible Korean/CJK source literal outside i18n/data. Review whether it should move into i18n or remain developer-only.
hardcoded_source_literal_src_components_discovery_CutsceneOverlay.tsx_line:156,hardcoded_source_literal,src/components/discovery/CutsceneOverlay.tsx,,line:156,방어 완화,,,,Visible Korean/CJK source literal outside i18n/data. Review whether it should move into i18n or remain developer-only.
hardcoded_source_literal_src_components_discovery_CutsceneOverlay.tsx_line:188,hardcoded_source_literal,src/components/discovery/CutsceneOverlay.tsx,,line:188,새로운 쟁점이 드러났습니다,,,,Visible Korean/CJK source literal outside i18n/data. Review whether it should move into i18n or remain developer-only.
hardcoded_source_literal_src_components_discovery_CutsceneOverlay.tsx_line:200,hardcoded_source_literal,src/components/discovery/CutsceneOverlay.tsx,,line:200,사건 소개,,,,Visible Korean/CJK source literal outside i18n/data. Review whether it should move into i18n or remain developer-only.
hardcoded_source_literal_src_components_discovery_CutsceneOverlay.tsx_line:201,hardcoded_source_literal,src/components/discovery/CutsceneOverlay.tsx,,line:201,초기 진술,,,,Visible Korean/CJK source literal outside i18n/data. Review whether it should move into i18n or remain developer-only.
hardcoded_source_literal_src_components_discovery_CutsceneOverlay.tsx_line:202,hardcoded_source_literal,src/components/discovery/CutsceneOverlay.tsx,,line:202,반박 진술,,,,Visible Korean/CJK source literal outside i18n/data. Review whether it should move into i18n or remain developer-only.
hardcoded_source_literal_src_components_discovery_CutsceneOverlay.tsx_line:203,hardcoded_source_literal,src/components/discovery/CutsceneOverlay.tsx,,line:203,심문 개시,,,,Visible Korean/CJK source literal outside i18n/data. Review whether it should move into i18n or remain developer-only.
hardcoded_source_literal_src_components_discovery_CutsceneOverlay.tsx_line:204,hardcoded_source_literal,src/components/discovery/CutsceneOverlay.tsx,,line:204,증거 심리,,,,Visible Korean/CJK source literal outside i18n/data. Review whether it should move into i18n or remain developer-only.
hardcoded_source_literal_src_components_discovery_CutsceneOverlay.tsx_line:205,hardcoded_source_literal,src/components/discovery/CutsceneOverlay.tsx,,line:205,재심문,,,,Visible Korean/CJK source literal outside i18n/data. Review whether it should move into i18n or remain developer-only.
hardcoded_source_literal_src_components_discovery_CutsceneOverlay.tsx_line:206,hardcoded_source_literal,src/components/discovery/CutsceneOverlay.tsx,,line:206,판결 진입,,,,Visible Korean/CJK source literal outside i18n/data. Review whether it should move into i18n or remain developer-only.
hardcoded_source_literal_src_components_discovery_CutsceneOverlay.tsx_line:207,hardcoded_source_literal,src/components/discovery/CutsceneOverlay.tsx,,line:207,판결,,,,Visible Korean/CJK source literal outside i18n/data. Review whether it should move into i18n or remain developer-only.
hardcoded_source_literal_src_components_discovery_CutsceneOverlay.tsx_line:259,hardcoded_source_literal,src/components/discovery/CutsceneOverlay.tsx,,line:259,판결,,,,Visible Korean/CJK source literal outside i18n/data. Review whether it should move into i18n or remain developer-only.
hardcoded_source_literal_src_components_discovery_DisputeBoard.tsx_line:104,hardcoded_source_literal,src/components/discovery/DisputeBoard.tsx,,line:104,쟁점 현황,,,,Visible Korean/CJK source literal outside i18n/data. Review whether it should move into i18n or remain developer-only.
hardcoded_source_literal_src_components_discovery_DisputeBoard.tsx_line:105,hardcoded_source_literal,src/components/discovery/DisputeBoard.tsx,,line:105,균열,,,,Visible Korean/CJK source literal outside i18n/data. Review whether it should move into i18n or remain developer-only.
hardcoded_source_literal_src_components_discovery_DisputeBoard.tsx_line:106,hardcoded_source_literal,src/components/discovery/DisputeBoard.tsx,,line:106,조사,,,,Visible Korean/CJK source literal outside i18n/data. Review whether it should move into i18n or remain developer-only.
hardcoded_source_literal_src_components_discovery_DisputeBoard.tsx_line:107,hardcoded_source_literal,src/components/discovery/DisputeBoard.tsx,,line:107,돌파,,,,Visible Korean/CJK source literal outside i18n/data. Review whether it should move into i18n or remain developer-only.
hardcoded_source_literal_src_components_discovery_DisputeBoard.tsx_line:108,hardcoded_source_literal,src/components/discovery/DisputeBoard.tsx,,line:108,닫기,,,,Visible Korean/CJK source literal outside i18n/data. Review whether it should move into i18n or remain developer-only.
hardcoded_source_literal_src_components_discovery_DisputeBoard.tsx_line:110,hardcoded_source_literal,src/components/discovery/DisputeBoard.tsx,,line:110,비교 보관함 (퍼크 1회),,,,Visible Korean/CJK source literal outside i18n/data. Review whether it should move into i18n or remain developer-only.
hardcoded_source_literal_src_components_discovery_DisputeBoard.tsx_line:111,hardcoded_source_literal,src/components/discovery/DisputeBoard.tsx,,line:111,비교 확정,,,,Visible Korean/CJK source literal outside i18n/data. Review whether it should move into i18n or remain developer-only.
hardcoded_source_literal_src_components_discovery_DisputeBoard.tsx_line:113,hardcoded_source_literal,src/components/discovery/DisputeBoard.tsx,,line:113,쟁점 클릭하여 고정,,,,Visible Korean/CJK source literal outside i18n/data. Review whether it should move into i18n or remain developer-only.
hardcoded_source_literal_src_components_discovery_DisputeBoard.tsx_line:114,hardcoded_source_literal,src/components/discovery/DisputeBoard.tsx,,line:114,[비교 보관함] 쟁점 비교:,,,,Visible Korean/CJK source literal outside i18n/data. Review whether it should move into i18n or remain developer-only.
hardcoded_source_literal_src_components_discovery_DisputeBoard.tsx_line:115,hardcoded_source_literal,src/components/discovery/DisputeBoard.tsx,,line:115,A 측,,,,Visible Korean/CJK source literal outside i18n/data. Review whether it should move into i18n or remain developer-only.
hardcoded_source_literal_src_components_discovery_DisputeBoard.tsx_line:116,hardcoded_source_literal,src/components/discovery/DisputeBoard.tsx,,line:116,B 측,,,,Visible Korean/CJK source literal outside i18n/data. Review whether it should move into i18n or remain developer-only.
hardcoded_source_literal_src_components_discovery_DisputeBoard.tsx_line:117,hardcoded_source_literal,src/components/discovery/DisputeBoard.tsx,,line:117,A 주장,,,,Visible Korean/CJK source literal outside i18n/data. Review whether it should move into i18n or remain developer-only.
hardcoded_source_literal_src_components_discovery_DisputeBoard.tsx_line:118,hardcoded_source_literal,src/components/discovery/DisputeBoard.tsx,,line:118,B 주장,,,,Visible Korean/CJK source literal outside i18n/data. Review whether it should move into i18n or remain developer-only.
hardcoded_source_literal_src_components_discovery_DisputeBoard.tsx_line:119,hardcoded_source_literal,src/components/discovery/DisputeBoard.tsx,,line:119,??? 숨겨진 쟁점,,,,Visible Korean/CJK source literal outside i18n/data. Review whether it should move into i18n or remain developer-only.
hardcoded_source_literal_src_components_discovery_DisputeBoard.tsx_line:120,hardcoded_source_literal,src/components/discovery/DisputeBoard.tsx,,line:120,미개시,,,,Visible Korean/CJK source literal outside i18n/data. Review whether it should move into i18n or remain developer-only.
hardcoded_source_literal_src_components_discovery_DisputeBoard.tsx_line:120,hardcoded_source_literal,src/components/discovery/DisputeBoard.tsx,,line:120,공방 중,,,,Visible Korean/CJK source literal outside i18n/data. Review whether it should move into i18n or remain developer-only.
hardcoded_source_literal_src_components_discovery_DisputeBoard.tsx_line:120,hardcoded_source_literal,src/components/discovery/DisputeBoard.tsx,,line:120,균열,,,,Visible Korean/CJK source literal outside i18n/data. Review whether it should move into i18n or remain developer-only.
hardcoded_source_literal_src_components_discovery_DisputeBoard.tsx_line:120,hardcoded_source_literal,src/components/discovery/DisputeBoard.tsx,,line:120,확정,,,,Visible Korean/CJK source literal outside i18n/data. Review whether it should move into i18n or remain developer-only.
hardcoded_source_literal_src_components_discovery_DisputeBoard.tsx_line:121,hardcoded_source_literal,src/components/discovery/DisputeBoard.tsx,,line:121,고정됨,,,,Visible Korean/CJK source literal outside i18n/data. Review whether it should move into i18n or remain developer-only.
hardcoded_source_literal_src_components_discovery_DisputeBoard.tsx_line:122,hardcoded_source_literal,src/components/discovery/DisputeBoard.tsx,,line:122,비교,,,,Visible Korean/CJK source literal outside i18n/data. Review whether it should move into i18n or remain developer-only.
hardcoded_source_literal_src_components_discovery_DisputeBoard.tsx_line:123,hardcoded_source_literal,src/components/discovery/DisputeBoard.tsx,,line:123,지지,,,,Visible Korean/CJK source literal outside i18n/data. Review whether it should move into i18n or remain developer-only.
hardcoded_source_literal_src_components_discovery_DisputeBoard.tsx_line:124,hardcoded_source_literal,src/components/discovery/DisputeBoard.tsx,,line:124,충돌,,,,Visible Korean/CJK source literal outside i18n/data. Review whether it should move into i18n or remain developer-only.
hardcoded_source_literal_src_components_discovery_DisputeBoard.tsx_line:125,hardcoded_source_literal,src/components/discovery/DisputeBoard.tsx,,line:125,관련 증거,,,,Visible Korean/CJK source literal outside i18n/data. Review whether it should move into i18n or remain developer-only.
hardcoded_source_literal_src_components_discovery_DisputeBoard.tsx_line:129,hardcoded_source_literal,src/components/discovery/DisputeBoard.tsx,,line:129,쟁점 깊이,,,,Visible Korean/CJK source literal outside i18n/data. Review whether it should move into i18n or remain developer-only.
hardcoded_source_literal_src_components_discovery_DisputeBoard.tsx_line:130,hardcoded_source_literal,src/components/discovery/DisputeBoard.tsx,,line:130,현재,,,,Visible Korean/CJK source literal outside i18n/data. Review whether it should move into i18n or remain developer-only.
hardcoded_source_literal_src_components_discovery_DisputeBoard.tsx_line:131,hardcoded_source_literal,src/components/discovery/DisputeBoard.tsx,,line:131,아직 이 층은 잠겨 있습니다.,,,,Visible Korean/CJK source literal outside i18n/data. Review whether it should move into i18n or remain developer-only.
hardcoded_source_literal_src_components_discovery_DisputeBoard.tsx_line:132,hardcoded_source_literal,src/components/discovery/DisputeBoard.tsx,,line:132,오해 상태,,,,Visible Korean/CJK source literal outside i18n/data. Review whether it should move into i18n or remain developer-only.
hardcoded_source_literal_src_components_discovery_DisputeBoard.tsx_line:166,hardcoded_source_literal,src/components/discovery/DisputeBoard.tsx,,line:166,争点状況,,,,Visible Korean/CJK source literal outside i18n/data. Review whether it should move into i18n or remain developer-only.
hardcoded_source_literal_src_components_discovery_DisputeBoard.tsx_line:167,hardcoded_source_literal,src/components/discovery/DisputeBoard.tsx,,line:167,亀裂,,,,Visible Korean/CJK source literal outside i18n/data. Review whether it should move into i18n or remain developer-only.
hardcoded_source_literal_src_components_discovery_DisputeBoard.tsx_line:168,hardcoded_source_literal,src/components/discovery/DisputeBoard.tsx,,line:168,調査,,,,Visible Korean/CJK source literal outside i18n/data. Review whether it should move into i18n or remain developer-only.
hardcoded_source_literal_src_components_discovery_DisputeBoard.tsx_line:169,hardcoded_source_literal,src/components/discovery/DisputeBoard.tsx,,line:169,突破,,,,Visible Korean/CJK source literal outside i18n/data. Review whether it should move into i18n or remain developer-only.
hardcoded_source_literal_src_components_discovery_DisputeBoard.tsx_line:170,hardcoded_source_literal,src/components/discovery/DisputeBoard.tsx,,line:170,閉じる,,,,Visible Korean/CJK source literal outside i18n/data. Review whether it should move into i18n or remain developer-only.
hardcoded_source_literal_src_components_discovery_DisputeBoard.tsx_line:172,hardcoded_source_literal,src/components/discovery/DisputeBoard.tsx,,line:172,比較保管庫 (パーク1回),,,,Visible Korean/CJK source literal outside i18n/data. Review whether it should move into i18n or remain developer-only.
hardcoded_source_literal_src_components_discovery_DisputeBoard.tsx_line:173,hardcoded_source_literal,src/components/discovery/DisputeBoard.tsx,,line:173,比較確定,,,,Visible Korean/CJK source literal outside i18n/data. Review whether it should move into i18n or remain developer-only.
hardcoded_source_literal_src_components_discovery_DisputeBoard.tsx_line:175,hardcoded_source_literal,src/components/discovery/DisputeBoard.tsx,,line:175,争点をクリックして固定,,,,Visible Korean/CJK source literal outside i18n/data. Review whether it should move into i18n or remain developer-only.
hardcoded_source_literal_src_components_discovery_DisputeBoard.tsx_line:176,hardcoded_source_literal,src/components/discovery/DisputeBoard.tsx,,line:176,[比較保管庫] 争点比較:,,,,Visible Korean/CJK source literal outside i18n/data. Review whether it should move into i18n or remain developer-only.
hardcoded_source_literal_src_components_discovery_DisputeBoard.tsx_line:177,hardcoded_source_literal,src/components/discovery/DisputeBoard.tsx,,line:177,A側,,,,Visible Korean/CJK source literal outside i18n/data. Review whether it should move into i18n or remain developer-only.
hardcoded_source_literal_src_components_discovery_DisputeBoard.tsx_line:178,hardcoded_source_literal,src/components/discovery/DisputeBoard.tsx,,line:178,B側,,,,Visible Korean/CJK source literal outside i18n/data. Review whether it should move into i18n or remain developer-only.
hardcoded_source_literal_src_components_discovery_DisputeBoard.tsx_line:179,hardcoded_source_literal,src/components/discovery/DisputeBoard.tsx,,line:179,A主張,,,,Visible Korean/CJK source literal outside i18n/data. Review whether it should move into i18n or remain developer-only.
hardcoded_source_literal_src_components_discovery_DisputeBoard.tsx_line:180,hardcoded_source_literal,src/components/discovery/DisputeBoard.tsx,,line:180,B主張,,,,Visible Korean/CJK source literal outside i18n/data. Review whether it should move into i18n or remain developer-only.
hardcoded_source_literal_src_components_discovery_DisputeBoard.tsx_line:181,hardcoded_source_literal,src/components/discovery/DisputeBoard.tsx,,line:181,??? 隠れた争点,,,,Visible Korean/CJK source literal outside i18n/data. Review whether it should move into i18n or remain developer-only.
hardcoded_source_literal_src_components_discovery_DisputeBoard.tsx_line:182,hardcoded_source_literal,src/components/discovery/DisputeBoard.tsx,,line:182,未開始,,,,Visible Korean/CJK source literal outside i18n/data. Review whether it should move into i18n or remain developer-only.
hardcoded_source_literal_src_components_discovery_DisputeBoard.tsx_line:182,hardcoded_source_literal,src/components/discovery/DisputeBoard.tsx,,line:182,攻防中,,,,Visible Korean/CJK source literal outside i18n/data. Review whether it should move into i18n or remain developer-only.
hardcoded_source_literal_src_components_discovery_DisputeBoard.tsx_line:182,hardcoded_source_literal,src/components/discovery/DisputeBoard.tsx,,line:182,亀裂,,,,Visible Korean/CJK source literal outside i18n/data. Review whether it should move into i18n or remain developer-only.
hardcoded_source_literal_src_components_discovery_DisputeBoard.tsx_line:182,hardcoded_source_literal,src/components/discovery/DisputeBoard.tsx,,line:182,確定,,,,Visible Korean/CJK source literal outside i18n/data. Review whether it should move into i18n or remain developer-only.
hardcoded_source_literal_src_components_discovery_DisputeBoard.tsx_line:183,hardcoded_source_literal,src/components/discovery/DisputeBoard.tsx,,line:183,固定済み,,,,Visible Korean/CJK source literal outside i18n/data. Review whether it should move into i18n or remain developer-only.
hardcoded_source_literal_src_components_discovery_DisputeBoard.tsx_line:184,hardcoded_source_literal,src/components/discovery/DisputeBoard.tsx,,line:184,比較,,,,Visible Korean/CJK source literal outside i18n/data. Review whether it should move into i18n or remain developer-only.
hardcoded_source_literal_src_components_discovery_DisputeBoard.tsx_line:185,hardcoded_source_literal,src/components/discovery/DisputeBoard.tsx,,line:185,支持,,,,Visible Korean/CJK source literal outside i18n/data. Review whether it should move into i18n or remain developer-only.
hardcoded_source_literal_src_components_discovery_DisputeBoard.tsx_line:186,hardcoded_source_literal,src/components/discovery/DisputeBoard.tsx,,line:186,衝突,,,,Visible Korean/CJK source literal outside i18n/data. Review whether it should move into i18n or remain developer-only.
hardcoded_source_literal_src_components_discovery_DisputeBoard.tsx_line:187,hardcoded_source_literal,src/components/discovery/DisputeBoard.tsx,,line:187,関連証拠,,,,Visible Korean/CJK source literal outside i18n/data. Review whether it should move into i18n or remain developer-only.
hardcoded_source_literal_src_components_discovery_DisputeBoard.tsx_line:191,hardcoded_source_literal,src/components/discovery/DisputeBoard.tsx,,line:191,争点の深度,,,,Visible Korean/CJK source literal outside i18n/data. Review whether it should move into i18n or remain developer-only.
hardcoded_source_literal_src_components_discovery_DisputeBoard.tsx_line:192,hardcoded_source_literal,src/components/discovery/DisputeBoard.tsx,,line:192,現在,,,,Visible Korean/CJK source literal outside i18n/data. Review whether it should move into i18n or remain developer-only.
hardcoded_source_literal_src_components_discovery_DisputeBoard.tsx_line:193,hardcoded_source_literal,src/components/discovery/DisputeBoard.tsx,,line:193,まだこの層はロックされています。,,,,Visible Korean/CJK source literal outside i18n/data. Review whether it should move into i18n or remain developer-only.
hardcoded_source_literal_src_components_discovery_DisputeBoard.tsx_line:194,hardcoded_source_literal,src/components/discovery/DisputeBoard.tsx,,line:194,誤解状態,,,,Visible Korean/CJK source literal outside i18n/data. Review whether it should move into i18n or remain developer-only.
hardcoded_source_literal_src_components_discovery_DisputeBoard.tsx_line:197,hardcoded_source_literal,src/components/discovery/DisputeBoard.tsx,,line:197,争议状态,,,,Visible Korean/CJK source literal outside i18n/data. Review whether it should move into i18n or remain developer-only.
hardcoded_source_literal_src_components_discovery_DisputeBoard.tsx_line:198,hardcoded_source_literal,src/components/discovery/DisputeBoard.tsx,,line:198,裂痕,,,,Visible Korean/CJK source literal outside i18n/data. Review whether it should move into i18n or remain developer-only.
hardcoded_source_literal_src_components_discovery_DisputeBoard.tsx_line:199,hardcoded_source_literal,src/components/discovery/DisputeBoard.tsx,,line:199,调查,,,,Visible Korean/CJK source literal outside i18n/data. Review whether it should move into i18n or remain developer-only.
hardcoded_source_literal_src_components_discovery_DisputeBoard.tsx_line:200,hardcoded_source_literal,src/components/discovery/DisputeBoard.tsx,,line:200,突破,,,,Visible Korean/CJK source literal outside i18n/data. Review whether it should move into i18n or remain developer-only.
hardcoded_source_literal_src_components_discovery_DisputeBoard.tsx_line:201,hardcoded_source_literal,src/components/discovery/DisputeBoard.tsx,,line:201,关闭,,,,Visible Korean/CJK source literal outside i18n/data. Review whether it should move into i18n or remain developer-only.
hardcoded_source_literal_src_components_discovery_DisputeBoard.tsx_line:203,hardcoded_source_literal,src/components/discovery/DisputeBoard.tsx,,line:203,比较保管室 (特权1次),,,,Visible Korean/CJK source literal outside i18n/data. Review whether it should move into i18n or remain developer-only.
hardcoded_source_literal_src_components_discovery_DisputeBoard.tsx_line:204,hardcoded_source_literal,src/components/discovery/DisputeBoard.tsx,,line:204,确认比较,,,,Visible Korean/CJK source literal outside i18n/data. Review whether it should move into i18n or remain developer-only.
hardcoded_source_literal_src_components_discovery_DisputeBoard.tsx_line:206,hardcoded_source_literal,src/components/discovery/DisputeBoard.tsx,,line:206,点击争议点固定,,,,Visible Korean/CJK source literal outside i18n/data. Review whether it should move into i18n or remain developer-only.
hardcoded_source_literal_src_components_discovery_DisputeBoard.tsx_line:207,hardcoded_source_literal,src/components/discovery/DisputeBoard.tsx,,line:207,[比较保管室] 争议比较:,,,,Visible Korean/CJK source literal outside i18n/data. Review whether it should move into i18n or remain developer-only.
hardcoded_source_literal_src_components_discovery_DisputeBoard.tsx_line:208,hardcoded_source_literal,src/components/discovery/DisputeBoard.tsx,,line:208,A方,,,,Visible Korean/CJK source literal outside i18n/data. Review whether it should move into i18n or remain developer-only.
hardcoded_source_literal_src_components_discovery_DisputeBoard.tsx_line:209,hardcoded_source_literal,src/components/discovery/DisputeBoard.tsx,,line:209,B方,,,,Visible Korean/CJK source literal outside i18n/data. Review whether it should move into i18n or remain developer-only.
hardcoded_source_literal_src_components_discovery_DisputeBoard.tsx_line:210,hardcoded_source_literal,src/components/discovery/DisputeBoard.tsx,,line:210,A主张,,,,Visible Korean/CJK source literal outside i18n/data. Review whether it should move into i18n or remain developer-only.
hardcoded_source_literal_src_components_discovery_DisputeBoard.tsx_line:211,hardcoded_source_literal,src/components/discovery/DisputeBoard.tsx,,line:211,B主张,,,,Visible Korean/CJK source literal outside i18n/data. Review whether it should move into i18n or remain developer-only.
hardcoded_source_literal_src_components_discovery_DisputeBoard.tsx_line:212,hardcoded_source_literal,src/components/discovery/DisputeBoard.tsx,,line:212,??? 隐藏争议,,,,Visible Korean/CJK source literal outside i18n/data. Review whether it should move into i18n or remain developer-only.
hardcoded_source_literal_src_components_discovery_DisputeBoard.tsx_line:213,hardcoded_source_literal,src/components/discovery/DisputeBoard.tsx,,line:213,未开启,,,,Visible Korean/CJK source literal outside i18n/data. Review whether it should move into i18n or remain developer-only.
hardcoded_source_literal_src_components_discovery_DisputeBoard.tsx_line:213,hardcoded_source_literal,src/components/discovery/DisputeBoard.tsx,,line:213,交锋中,,,,Visible Korean/CJK source literal outside i18n/data. Review whether it should move into i18n or remain developer-only.
hardcoded_source_literal_src_components_discovery_DisputeBoard.tsx_line:213,hardcoded_source_literal,src/components/discovery/DisputeBoard.tsx,,line:213,裂痕,,,,Visible Korean/CJK source literal outside i18n/data. Review whether it should move into i18n or remain developer-only.
hardcoded_source_literal_src_components_discovery_DisputeBoard.tsx_line:213,hardcoded_source_literal,src/components/discovery/DisputeBoard.tsx,,line:213,确定,,,,Visible Korean/CJK source literal outside i18n/data. Review whether it should move into i18n or remain developer-only.
hardcoded_source_literal_src_components_discovery_DisputeBoard.tsx_line:214,hardcoded_source_literal,src/components/discovery/DisputeBoard.tsx,,line:214,已固定,,,,Visible Korean/CJK source literal outside i18n/data. Review whether it should move into i18n or remain developer-only.
hardcoded_source_literal_src_components_discovery_DisputeBoard.tsx_line:215,hardcoded_source_literal,src/components/discovery/DisputeBoard.tsx,,line:215,比较,,,,Visible Korean/CJK source literal outside i18n/data. Review whether it should move into i18n or remain developer-only.
hardcoded_source_literal_src_components_discovery_DisputeBoard.tsx_line:216,hardcoded_source_literal,src/components/discovery/DisputeBoard.tsx,,line:216,支持,,,,Visible Korean/CJK source literal outside i18n/data. Review whether it should move into i18n or remain developer-only.
hardcoded_source_literal_src_components_discovery_DisputeBoard.tsx_line:217,hardcoded_source_literal,src/components/discovery/DisputeBoard.tsx,,line:217,冲突,,,,Visible Korean/CJK source literal outside i18n/data. Review whether it should move into i18n or remain developer-only.
hardcoded_source_literal_src_components_discovery_DisputeBoard.tsx_line:218,hardcoded_source_literal,src/components/discovery/DisputeBoard.tsx,,line:218,相关证据,,,,Visible Korean/CJK source literal outside i18n/data. Review whether it should move into i18n or remain developer-only.
hardcoded_source_literal_src_components_discovery_DisputeBoard.tsx_line:222,hardcoded_source_literal,src/components/discovery/DisputeBoard.tsx,,line:222,争议深度,,,,Visible Korean/CJK source literal outside i18n/data. Review whether it should move into i18n or remain developer-only.
hardcoded_source_literal_src_components_discovery_DisputeBoard.tsx_line:223,hardcoded_source_literal,src/components/discovery/DisputeBoard.tsx,,line:223,当前,,,,Visible Korean/CJK source literal outside i18n/data. Review whether it should move into i18n or remain developer-only.
hardcoded_source_literal_src_components_discovery_DisputeBoard.tsx_line:224,hardcoded_source_literal,src/components/discovery/DisputeBoard.tsx,,line:224,这一层尚未解锁。,,,,Visible Korean/CJK source literal outside i18n/data. Review whether it should move into i18n or remain developer-only.
hardcoded_source_literal_src_components_discovery_DisputeBoard.tsx_line:225,hardcoded_source_literal,src/components/discovery/DisputeBoard.tsx,,line:225,误解状态,,,,Visible Korean/CJK source literal outside i18n/data. Review whether it should move into i18n or remain developer-only.
hardcoded_source_literal_src_components_discovery_DisputeBoard.tsx_line:230,hardcoded_source_literal,src/components/discovery/DisputeBoard.tsx,,line:230,외형상 의심,,,,Visible Korean/CJK source literal outside i18n/data. Review whether it should move into i18n or remain developer-only.
hardcoded_source_literal_src_components_discovery_DisputeBoard.tsx_line:230,hardcoded_source_literal,src/components/discovery/DisputeBoard.tsx,,line:230,방어/당황,,,,Visible Korean/CJK source literal outside i18n/data. Review whether it should move into i18n or remain developer-only.
hardcoded_source_literal_src_components_discovery_DisputeBoard.tsx_line:230,hardcoded_source_literal,src/components/discovery/DisputeBoard.tsx,,line:230,오해 고착,,,,Visible Korean/CJK source literal outside i18n/data. Review whether it should move into i18n or remain developer-only.
hardcoded_source_literal_src_components_discovery_DisputeBoard.tsx_line:230,hardcoded_source_literal,src/components/discovery/DisputeBoard.tsx,,line:230,확신 약화,,,,Visible Korean/CJK source literal outside i18n/data. Review whether it should move into i18n or remain developer-only.
hardcoded_source_literal_src_components_discovery_DisputeBoard.tsx_line:230,hardcoded_source_literal,src/components/discovery/DisputeBoard.tsx,,line:230,오해 해소,,,,Visible Korean/CJK source literal outside i18n/data. Review whether it should move into i18n or remain developer-only.
hardcoded_source_literal_src_components_discovery_DisputeBoard.tsx_line:232,hardcoded_source_literal,src/components/discovery/DisputeBoard.tsx,,line:232,表面的な疑い,,,,Visible Korean/CJK source literal outside i18n/data. Review whether it should move into i18n or remain developer-only.
hardcoded_source_literal_src_components_discovery_DisputeBoard.tsx_line:232,hardcoded_source_literal,src/components/discovery/DisputeBoard.tsx,,line:232,防御/動揺,,,,Visible Korean/CJK source literal outside i18n/data. Review whether it should move into i18n or remain developer-only.
hardcoded_source_literal_src_components_discovery_DisputeBoard.tsx_line:232,hardcoded_source_literal,src/components/discovery/DisputeBoard.tsx,,line:232,誤解の固定,,,,Visible Korean/CJK source literal outside i18n/data. Review whether it should move into i18n or remain developer-only.
hardcoded_source_literal_src_components_discovery_DisputeBoard.tsx_line:232,hardcoded_source_literal,src/components/discovery/DisputeBoard.tsx,,line:232,確信の弱まり,,,,Visible Korean/CJK source literal outside i18n/data. Review whether it should move into i18n or remain developer-only.
hardcoded_source_literal_src_components_discovery_DisputeBoard.tsx_line:232,hardcoded_source_literal,src/components/discovery/DisputeBoard.tsx,,line:232,誤解解消,,,,Visible Korean/CJK source literal outside i18n/data. Review whether it should move into i18n or remain developer-only.
hardcoded_source_literal_src_components_discovery_DisputeBoard.tsx_line:233,hardcoded_source_literal,src/components/discovery/DisputeBoard.tsx,,line:233,表面怀疑,,,,Visible Korean/CJK source literal outside i18n/data. Review whether it should move into i18n or remain developer-only.
hardcoded_source_literal_src_components_discovery_DisputeBoard.tsx_line:233,hardcoded_source_literal,src/components/discovery/DisputeBoard.tsx,,line:233,防备/慌张,,,,Visible Korean/CJK source literal outside i18n/data. Review whether it should move into i18n or remain developer-only.
hardcoded_source_literal_src_components_discovery_DisputeBoard.tsx_line:233,hardcoded_source_literal,src/components/discovery/DisputeBoard.tsx,,line:233,误解固着,,,,Visible Korean/CJK source literal outside i18n/data. Review whether it should move into i18n or remain developer-only.
hardcoded_source_literal_src_components_discovery_DisputeBoard.tsx_line:233,hardcoded_source_literal,src/components/discovery/DisputeBoard.tsx,,line:233,确信减弱,,,,Visible Korean/CJK source literal outside i18n/data. Review whether it should move into i18n or remain developer-only.
hardcoded_source_literal_src_components_discovery_DisputeBoard.tsx_line:233,hardcoded_source_literal,src/components/discovery/DisputeBoard.tsx,,line:233,误解解除,,,,Visible Korean/CJK source literal outside i18n/data. Review whether it should move into i18n or remain developer-only.
hardcoded_source_literal_src_components_discovery_DisputeBoard.tsx_line:44,hardcoded_source_literal,src/components/discovery/DisputeBoard.tsx,,line:44,방문 이유와 통화 맥락,,,,Visible Korean/CJK source literal outside i18n/data. Review whether it should move into i18n or remain developer-only.
hardcoded_source_literal_src_components_discovery_DisputeBoard.tsx_line:45,hardcoded_source_literal,src/components/discovery/DisputeBoard.tsx,,line:45,개인 계좌 출금의 사용처,,,,Visible Korean/CJK source literal outside i18n/data. Review whether it should move into i18n or remain developer-only.
hardcoded_source_literal_src_components_discovery_DisputeBoard.tsx_line:46,hardcoded_source_literal,src/components/discovery/DisputeBoard.tsx,,line:46,공동 적금 해지 경위,,,,Visible Korean/CJK source literal outside i18n/data. Review whether it should move into i18n or remain developer-only.
hardcoded_source_literal_src_components_discovery_DisputeBoard.tsx_line:47,hardcoded_source_literal,src/components/discovery/DisputeBoard.tsx,,line:47,무엇을 먼저 숨겼는지,,,,Visible Korean/CJK source literal outside i18n/data. Review whether it should move into i18n or remain developer-only.
hardcoded_source_literal_src_components_discovery_DisputeBoard.tsx_line:50,hardcoded_source_literal,src/components/discovery/DisputeBoard.tsx,,line:50,말년 유서 작성 경위와 개입 정도,,,,Visible Korean/CJK source literal outside i18n/data. Review whether it should move into i18n or remain developer-only.
hardcoded_source_literal_src_components_discovery_DisputeBoard.tsx_line:51,hardcoded_source_literal,src/components/discovery/DisputeBoard.tsx,,line:51,유서 비율 변경의 방향과 동기,,,,Visible Korean/CJK source literal outside i18n/data. Review whether it should move into i18n or remain developer-only.
hardcoded_source_literal_src_components_discovery_DisputeBoard.tsx_line:52,hardcoded_source_literal,src/components/discovery/DisputeBoard.tsx,,line:52,장기 지원금의 실제 출처,,,,Visible Korean/CJK source literal outside i18n/data. Review whether it should move into i18n or remain developer-only.
hardcoded_source_literal_src_components_discovery_DisputeBoard.tsx_line:53,hardcoded_source_literal,src/components/discovery/DisputeBoard.tsx,,line:53,오래된 가족 사정과 침묵의 이유,,,,Visible Korean/CJK source literal outside i18n/data. Review whether it should move into i18n or remain developer-only.
hardcoded_source_literal_src_components_discovery_DisputeBoard.tsx_line:54,hardcoded_source_literal,src/components/discovery/DisputeBoard.tsx,,line:54,누가 어머니의 뜻을 왜곡했는지,,,,Visible Korean/CJK source literal outside i18n/data. Review whether it should move into i18n or remain developer-only.
hardcoded_source_literal_src_components_discovery_DisputeBoard.tsx_line:57,hardcoded_source_literal,src/components/discovery/DisputeBoard.tsx,,line:57,반복 연락의 목적과 방식,,,,Visible Korean/CJK source literal outside i18n/data. Review whether it should move into i18n or remain developer-only.
hardcoded_source_literal_src_components_discovery_DisputeBoard.tsx_line:58,hardcoded_source_literal,src/components/discovery/DisputeBoard.tsx,,line:58,예비신랑과 최수민 사이의 선후관계,,,,Visible Korean/CJK source literal outside i18n/data. Review whether it should move into i18n or remain developer-only.
hardcoded_source_literal_src_components_discovery_DisputeBoard.tsx_line:59,hardcoded_source_literal,src/components/discovery/DisputeBoard.tsx,,line:59,아버지의 현재 부탁과 과거 유사성,,,,Visible Korean/CJK source literal outside i18n/data. Review whether it should move into i18n or remain developer-only.
hardcoded_source_literal_src_components_discovery_DisputeBoard.tsx_line:60,hardcoded_source_literal,src/components/discovery/DisputeBoard.tsx,,line:60,과거 손절의 진짜 원인,,,,Visible Korean/CJK source literal outside i18n/data. Review whether it should move into i18n or remain developer-only.
hardcoded_source_literal_src_components_discovery_DisputeBoard.tsx_line:61,hardcoded_source_literal,src/components/discovery/DisputeBoard.tsx,,line:61,단톡방 발언의 확인 여부와 확산 책임,,,,Visible Korean/CJK source literal outside i18n/data. Review whether it should move into i18n or remain developer-only.
hardcoded_source_literal_src_components_discovery_DisputeBoard.tsx_line:66,hardcoded_source_literal,src/components/discovery/DisputeBoard.tsx,,line:66,방어,,,,Visible Korean/CJK source literal outside i18n/data. Review whether it should move into i18n or remain developer-only.
hardcoded_source_literal_src_components_discovery_DisputeBoard.tsx_line:66,hardcoded_source_literal,src/components/discovery/DisputeBoard.tsx,,line:66,동요,,,,Visible Korean/CJK source literal outside i18n/data. Review whether it should move into i18n or remain developer-only.
hardcoded_source_literal_src_components_discovery_DisputeBoard.tsx_line:66,hardcoded_source_literal,src/components/discovery/DisputeBoard.tsx,,line:66,변명,,,,Visible Korean/CJK source literal outside i18n/data. Review whether it should move into i18n or remain developer-only.
hardcoded_source_literal_src_components_discovery_DisputeBoard.tsx_line:66,hardcoded_source_literal,src/components/discovery/DisputeBoard.tsx,,line:66,궁지,,,,Visible Korean/CJK source literal outside i18n/data. Review whether it should move into i18n or remain developer-only.
hardcoded_source_literal_src_components_discovery_DisputeBoard.tsx_line:66,hardcoded_source_literal,src/components/discovery/DisputeBoard.tsx,,line:66,한계,,,,Visible Korean/CJK source literal outside i18n/data. Review whether it should move into i18n or remain developer-only.
hardcoded_source_literal_src_components_discovery_DisputeBoard.tsx_line:66,hardcoded_source_literal,src/components/discovery/DisputeBoard.tsx,,line:66,고백,,,,Visible Korean/CJK source literal outside i18n/data. Review whether it should move into i18n or remain developer-only.
hardcoded_source_literal_src_components_discovery_DisputeBoard.tsx_line:68,hardcoded_source_literal,src/components/discovery/DisputeBoard.tsx,,line:68,防御,,,,Visible Korean/CJK source literal outside i18n/data. Review whether it should move into i18n or remain developer-only.
hardcoded_source_literal_src_components_discovery_DisputeBoard.tsx_line:68,hardcoded_source_literal,src/components/discovery/DisputeBoard.tsx,,line:68,動揺,,,,Visible Korean/CJK source literal outside i18n/data. Review whether it should move into i18n or remain developer-only.
hardcoded_source_literal_src_components_discovery_DisputeBoard.tsx_line:68,hardcoded_source_literal,src/components/discovery/DisputeBoard.tsx,,line:68,弁明,,,,Visible Korean/CJK source literal outside i18n/data. Review whether it should move into i18n or remain developer-only.
hardcoded_source_literal_src_components_discovery_DisputeBoard.tsx_line:68,hardcoded_source_literal,src/components/discovery/DisputeBoard.tsx,,line:68,窮地,,,,Visible Korean/CJK source literal outside i18n/data. Review whether it should move into i18n or remain developer-only.
hardcoded_source_literal_src_components_discovery_DisputeBoard.tsx_line:68,hardcoded_source_literal,src/components/discovery/DisputeBoard.tsx,,line:68,限界,,,,Visible Korean/CJK source literal outside i18n/data. Review whether it should move into i18n or remain developer-only.
hardcoded_source_literal_src_components_discovery_DisputeBoard.tsx_line:68,hardcoded_source_literal,src/components/discovery/DisputeBoard.tsx,,line:68,告白,,,,Visible Korean/CJK source literal outside i18n/data. Review whether it should move into i18n or remain developer-only.
hardcoded_source_literal_src_components_discovery_DisputeBoard.tsx_line:69,hardcoded_source_literal,src/components/discovery/DisputeBoard.tsx,,line:69,防备,,,,Visible Korean/CJK source literal outside i18n/data. Review whether it should move into i18n or remain developer-only.
hardcoded_source_literal_src_components_discovery_DisputeBoard.tsx_line:69,hardcoded_source_literal,src/components/discovery/DisputeBoard.tsx,,line:69,动摇,,,,Visible Korean/CJK source literal outside i18n/data. Review whether it should move into i18n or remain developer-only.
hardcoded_source_literal_src_components_discovery_DisputeBoard.tsx_line:69,hardcoded_source_literal,src/components/discovery/DisputeBoard.tsx,,line:69,辩解,,,,Visible Korean/CJK source literal outside i18n/data. Review whether it should move into i18n or remain developer-only.
hardcoded_source_literal_src_components_discovery_DisputeBoard.tsx_line:69,hardcoded_source_literal,src/components/discovery/DisputeBoard.tsx,,line:69,被逼入角,,,,Visible Korean/CJK source literal outside i18n/data. Review whether it should move into i18n or remain developer-only.
hardcoded_source_literal_src_components_discovery_DisputeBoard.tsx_line:69,hardcoded_source_literal,src/components/discovery/DisputeBoard.tsx,,line:69,极限,,,,Visible Korean/CJK source literal outside i18n/data. Review whether it should move into i18n or remain developer-only.
hardcoded_source_literal_src_components_discovery_DisputeBoard.tsx_line:69,hardcoded_source_literal,src/components/discovery/DisputeBoard.tsx,,line:69,承认,,,,Visible Korean/CJK source literal outside i18n/data. Review whether it should move into i18n or remain developer-only.
hardcoded_source_literal_src_components_discovery_DisputeEmergenceModal.tsx_line:11,hardcoded_source_literal,src/components/discovery/DisputeEmergenceModal.tsx,,line:11,증거를 통해 발견,,,,Visible Korean/CJK source literal outside i18n/data. Review whether it should move into i18n or remain developer-only.
hardcoded_source_literal_src_components_discovery_DisputeEmergenceModal.tsx_line:11,hardcoded_source_literal,src/components/discovery/DisputeEmergenceModal.tsx,,line:11,証拠から発見,,,,Visible Korean/CJK source literal outside i18n/data. Review whether it should move into i18n or remain developer-only.
hardcoded_source_literal_src_components_discovery_DisputeEmergenceModal.tsx_line:11,hardcoded_source_literal,src/components/discovery/DisputeEmergenceModal.tsx,,line:11,通过证据发现,,,,Visible Korean/CJK source literal outside i18n/data. Review whether it should move into i18n or remain developer-only.
hardcoded_source_literal_src_components_discovery_DisputeEmergenceModal.tsx_line:12,hardcoded_source_literal,src/components/discovery/DisputeEmergenceModal.tsx,,line:12,진실 공방을 통해 발견,,,,Visible Korean/CJK source literal outside i18n/data. Review whether it should move into i18n or remain developer-only.
hardcoded_source_literal_src_components_discovery_DisputeEmergenceModal.tsx_line:12,hardcoded_source_literal,src/components/discovery/DisputeEmergenceModal.tsx,,line:12,真実攻防から発見,,,,Visible Korean/CJK source literal outside i18n/data. Review whether it should move into i18n or remain developer-only.
hardcoded_source_literal_src_components_discovery_DisputeEmergenceModal.tsx_line:12,hardcoded_source_literal,src/components/discovery/DisputeEmergenceModal.tsx,,line:12,通过真相攻防发现,,,,Visible Korean/CJK source literal outside i18n/data. Review whether it should move into i18n or remain developer-only.
hardcoded_source_literal_src_components_discovery_DisputeEmergenceModal.tsx_line:13,hardcoded_source_literal,src/components/discovery/DisputeEmergenceModal.tsx,,line:13,증인 증언을 통해 발견,,,,Visible Korean/CJK source literal outside i18n/data. Review whether it should move into i18n or remain developer-only.
hardcoded_source_literal_src_components_discovery_DisputeEmergenceModal.tsx_line:13,hardcoded_source_literal,src/components/discovery/DisputeEmergenceModal.tsx,,line:13,証人証言から発見,,,,Visible Korean/CJK source literal outside i18n/data. Review whether it should move into i18n or remain developer-only.
hardcoded_source_literal_src_components_discovery_DisputeEmergenceModal.tsx_line:13,hardcoded_source_literal,src/components/discovery/DisputeEmergenceModal.tsx,,line:13,通过证人证言发现,,,,Visible Korean/CJK source literal outside i18n/data. Review whether it should move into i18n or remain developer-only.
hardcoded_source_literal_src_components_discovery_DisputeEmergenceModal.tsx_line:14,hardcoded_source_literal,src/components/discovery/DisputeEmergenceModal.tsx,,line:14,거짓말 붕괴를 통해 발견,,,,Visible Korean/CJK source literal outside i18n/data. Review whether it should move into i18n or remain developer-only.
hardcoded_source_literal_src_components_discovery_DisputeEmergenceModal.tsx_line:14,hardcoded_source_literal,src/components/discovery/DisputeEmergenceModal.tsx,,line:14,嘘の崩壊から発見,,,,Visible Korean/CJK source literal outside i18n/data. Review whether it should move into i18n or remain developer-only.
hardcoded_source_literal_src_components_discovery_DisputeEmergenceModal.tsx_line:14,hardcoded_source_literal,src/components/discovery/DisputeEmergenceModal.tsx,,line:14,通过谎言瓦解发现,,,,Visible Korean/CJK source literal outside i18n/data. Review whether it should move into i18n or remain developer-only.
hardcoded_source_literal_src_components_discovery_DisputeEmergenceModal.tsx_line:15,hardcoded_source_literal,src/components/discovery/DisputeEmergenceModal.tsx,,line:15,감정적 실수를 통해 발견,,,,Visible Korean/CJK source literal outside i18n/data. Review whether it should move into i18n or remain developer-only.
hardcoded_source_literal_src_components_discovery_DisputeEmergenceModal.tsx_line:15,hardcoded_source_literal,src/components/discovery/DisputeEmergenceModal.tsx,,line:15,感情のほころびから発見,,,,Visible Korean/CJK source literal outside i18n/data. Review whether it should move into i18n or remain developer-only.
hardcoded_source_literal_src_components_discovery_DisputeEmergenceModal.tsx_line:15,hardcoded_source_literal,src/components/discovery/DisputeEmergenceModal.tsx,,line:15,通过情绪失误发现,,,,Visible Korean/CJK source literal outside i18n/data. Review whether it should move into i18n or remain developer-only.
hardcoded_source_literal_src_components_discovery_DisputeEmergenceModal.tsx_line:26,hardcoded_source_literal,src/components/discovery/DisputeEmergenceModal.tsx,,line:26,발견,,,,Visible Korean/CJK source literal outside i18n/data. Review whether it should move into i18n or remain developer-only.
hardcoded_source_literal_src_components_discovery_DisputeEmergenceModal.tsx_line:27,hardcoded_source_literal,src/components/discovery/DisputeEmergenceModal.tsx,,line:27,새로운 쟁점이 드러났습니다,,,,Visible Korean/CJK source literal outside i18n/data. Review whether it should move into i18n or remain developer-only.
hardcoded_source_literal_src_components_discovery_DisputeEmergenceModal.tsx_line:28,hardcoded_source_literal,src/components/discovery/DisputeEmergenceModal.tsx,,line:28,양측 모두 이 사실을 알지 못했습니다. 이 발견은 사건의 전제를 근본적으로 바꿀 수 있습니다.,,,,Visible Korean/CJK source literal outside i18n/data. Review whether it should move into i18n or remain developer-only.
hardcoded_source_literal_src_components_discovery_DisputeEmergenceModal.tsx_line:29,hardcoded_source_literal,src/components/discovery/DisputeEmergenceModal.tsx,,line:29,양측 모두 이 사안에 대해 잘못 알고 있었습니다. 진실은 양쪽 주장과 다릅니다.,,,,Visible Korean/CJK source literal outside i18n/data. Review whether it should move into i18n or remain developer-only.
hardcoded_source_literal_src_components_discovery_DisputeEmergenceModal.tsx_line:30,hardcoded_source_literal,src/components/discovery/DisputeEmergenceModal.tsx,,line:30,확인 — 쟁점 목록에 추가됨,,,,Visible Korean/CJK source literal outside i18n/data. Review whether it should move into i18n or remain developer-only.
hardcoded_source_literal_src_components_discovery_DisputeEmergenceModal.tsx_line:40,hardcoded_source_literal,src/components/discovery/DisputeEmergenceModal.tsx,,line:40,発見,,,,Visible Korean/CJK source literal outside i18n/data. Review whether it should move into i18n or remain developer-only.
hardcoded_source_literal_src_components_discovery_DisputeEmergenceModal.tsx_line:41,hardcoded_source_literal,src/components/discovery/DisputeEmergenceModal.tsx,,line:41,新しい争点が明らかになりました,,,,Visible Korean/CJK source literal outside i18n/data. Review whether it should move into i18n or remain developer-only.
hardcoded_source_literal_src_components_discovery_DisputeEmergenceModal.tsx_line:42,hardcoded_source_literal,src/components/discovery/DisputeEmergenceModal.tsx,,line:42,双方ともこの事実を知りませんでした。この発見は事件の前提を根本から変える可能性があります。,,,,Visible Korean/CJK source literal outside i18n/data. Review whether it should move into i18n or remain developer-only.
hardcoded_source_literal_src_components_discovery_DisputeEmergenceModal.tsx_line:43,hardcoded_source_literal,src/components/discovery/DisputeEmergenceModal.tsx,,line:43,双方ともこの件について誤解していました。真実は双方の主張と異なります。,,,,Visible Korean/CJK source literal outside i18n/data. Review whether it should move into i18n or remain developer-only.
hardcoded_source_literal_src_components_discovery_DisputeEmergenceModal.tsx_line:44,hardcoded_source_literal,src/components/discovery/DisputeEmergenceModal.tsx,,line:44,確認 — 争点リストに追加,,,,Visible Korean/CJK source literal outside i18n/data. Review whether it should move into i18n or remain developer-only.
hardcoded_source_literal_src_components_discovery_DisputeEmergenceModal.tsx_line:47,hardcoded_source_literal,src/components/discovery/DisputeEmergenceModal.tsx,,line:47,发现,,,,Visible Korean/CJK source literal outside i18n/data. Review whether it should move into i18n or remain developer-only.
hardcoded_source_literal_src_components_discovery_DisputeEmergenceModal.tsx_line:48,hardcoded_source_literal,src/components/discovery/DisputeEmergenceModal.tsx,,line:48,新的争议点已经浮现,,,,Visible Korean/CJK source literal outside i18n/data. Review whether it should move into i18n or remain developer-only.
hardcoded_source_literal_src_components_discovery_DisputeEmergenceModal.tsx_line:49,hardcoded_source_literal,src/components/discovery/DisputeEmergenceModal.tsx,,line:49,双方都不知道这一事实。这个发现可能从根本上改变案件前提。,,,,Visible Korean/CJK source literal outside i18n/data. Review whether it should move into i18n or remain developer-only.
hardcoded_source_literal_src_components_discovery_DisputeEmergenceModal.tsx_line:50,hardcoded_source_literal,src/components/discovery/DisputeEmergenceModal.tsx,,line:50,双方都误解了这件事。真相与双方主张都不同。,,,,Visible Korean/CJK source literal outside i18n/data. Review whether it should move into i18n or remain developer-only.
hardcoded_source_literal_src_components_discovery_DisputeEmergenceModal.tsx_line:51,hardcoded_source_literal,src/components/discovery/DisputeEmergenceModal.tsx,,line:51,确认 — 已加入争议列表,,,,Visible Korean/CJK source literal outside i18n/data. Review whether it should move into i18n or remain developer-only.
hardcoded_source_literal_src_components_discovery_DisputeList.tsx_line:115,hardcoded_source_literal,src/components/discovery/DisputeList.tsx,,line:115,완료,,,,Visible Korean/CJK source literal outside i18n/data. Review whether it should move into i18n or remain developer-only.
hardcoded_source_literal_src_components_discovery_DisputeList.tsx_line:124,hardcoded_source_literal,src/components/discovery/DisputeList.tsx,,line:124,판단:,,,,Visible Korean/CJK source literal outside i18n/data. Review whether it should move into i18n or remain developer-only.
hardcoded_source_literal_src_components_discovery_DisputeList.tsx_line:126,hardcoded_source_literal,src/components/discovery/DisputeList.tsx,,line:126,양쪽 부분적 사실,,,,Visible Korean/CJK source literal outside i18n/data. Review whether it should move into i18n or remain developer-only.
hardcoded_source_literal_src_components_discovery_DisputeList.tsx_line:137,hardcoded_source_literal,src/components/discovery/DisputeList.tsx,,line:137,에게 해당하는 쟁점이 없습니다,,,,Visible Korean/CJK source literal outside i18n/data. Review whether it should move into i18n or remain developer-only.
hardcoded_source_literal_src_components_discovery_DisputeList.tsx_line:96,hardcoded_source_literal,src/components/discovery/DisputeList.tsx,,line:96,자백,,,,Visible Korean/CJK source literal outside i18n/data. Review whether it should move into i18n or remain developer-only.
hardcoded_source_literal_src_components_discovery_EmotionalSlipModal.tsx_line:18,hardcoded_source_literal,src/components/discovery/EmotionalSlipModal.tsx,,line:18,감정적 실수 포착,,,,Visible Korean/CJK source literal outside i18n/data. Review whether it should move into i18n or remain developer-only.
hardcoded_source_literal_src_components_discovery_EmotionalSlipModal.tsx_line:20,hardcoded_source_literal,src/components/discovery/EmotionalSlipModal.tsx,,line:20,격앙 상태,,,,Visible Korean/CJK source literal outside i18n/data. Review whether it should move into i18n or remain developer-only.
hardcoded_source_literal_src_components_discovery_EmotionalSlipModal.tsx_line:21,hardcoded_source_literal,src/components/discovery/EmotionalSlipModal.tsx,,line:21,관련 쟁점:,,,,Visible Korean/CJK source literal outside i18n/data. Review whether it should move into i18n or remain developer-only.
hardcoded_source_literal_src_components_discovery_EmotionalSlipModal.tsx_line:22,hardcoded_source_literal,src/components/discovery/EmotionalSlipModal.tsx,,line:22,연결 쟁점:,,,,Visible Korean/CJK source literal outside i18n/data. Review whether it should move into i18n or remain developer-only.
hardcoded_source_literal_src_components_discovery_EmotionalSlipModal.tsx_line:23,hardcoded_source_literal,src/components/discovery/EmotionalSlipModal.tsx,,line:23,넘어가기,,,,Visible Korean/CJK source literal outside i18n/data. Review whether it should move into i18n or remain developer-only.
hardcoded_source_literal_src_components_discovery_EmotionalSlipModal.tsx_line:24,hardcoded_source_literal,src/components/discovery/EmotionalSlipModal.tsx,,line:24,진실 공방에 활용,,,,Visible Korean/CJK source literal outside i18n/data. Review whether it should move into i18n or remain developer-only.
hardcoded_source_literal_src_components_discovery_EmotionalSlipModal.tsx_line:36,hardcoded_source_literal,src/components/discovery/EmotionalSlipModal.tsx,,line:36,感情のほころびを確認,,,,Visible Korean/CJK source literal outside i18n/data. Review whether it should move into i18n or remain developer-only.
hardcoded_source_literal_src_components_discovery_EmotionalSlipModal.tsx_line:38,hardcoded_source_literal,src/components/discovery/EmotionalSlipModal.tsx,,line:38,高ぶり状態,,,,Visible Korean/CJK source literal outside i18n/data. Review whether it should move into i18n or remain developer-only.
hardcoded_source_literal_src_components_discovery_EmotionalSlipModal.tsx_line:39,hardcoded_source_literal,src/components/discovery/EmotionalSlipModal.tsx,,line:39,関連争点:,,,,Visible Korean/CJK source literal outside i18n/data. Review whether it should move into i18n or remain developer-only.
hardcoded_source_literal_src_components_discovery_EmotionalSlipModal.tsx_line:40,hardcoded_source_literal,src/components/discovery/EmotionalSlipModal.tsx,,line:40,連結争点:,,,,Visible Korean/CJK source literal outside i18n/data. Review whether it should move into i18n or remain developer-only.
hardcoded_source_literal_src_components_discovery_EmotionalSlipModal.tsx_line:41,hardcoded_source_literal,src/components/discovery/EmotionalSlipModal.tsx,,line:41,見送る,,,,Visible Korean/CJK source literal outside i18n/data. Review whether it should move into i18n or remain developer-only.
hardcoded_source_literal_src_components_discovery_EmotionalSlipModal.tsx_line:42,hardcoded_source_literal,src/components/discovery/EmotionalSlipModal.tsx,,line:42,真実攻防で活用,,,,Visible Korean/CJK source literal outside i18n/data. Review whether it should move into i18n or remain developer-only.
hardcoded_source_literal_src_components_discovery_EmotionalSlipModal.tsx_line:45,hardcoded_source_literal,src/components/discovery/EmotionalSlipModal.tsx,,line:45,捕捉到情绪失误,,,,Visible Korean/CJK source literal outside i18n/data. Review whether it should move into i18n or remain developer-only.
hardcoded_source_literal_src_components_discovery_EmotionalSlipModal.tsx_line:47,hardcoded_source_literal,src/components/discovery/EmotionalSlipModal.tsx,,line:47,激动状态,,,,Visible Korean/CJK source literal outside i18n/data. Review whether it should move into i18n or remain developer-only.
hardcoded_source_literal_src_components_discovery_EmotionalSlipModal.tsx_line:48,hardcoded_source_literal,src/components/discovery/EmotionalSlipModal.tsx,,line:48,相关争议:,,,,Visible Korean/CJK source literal outside i18n/data. Review whether it should move into i18n or remain developer-only.
hardcoded_source_literal_src_components_discovery_EmotionalSlipModal.tsx_line:49,hardcoded_source_literal,src/components/discovery/EmotionalSlipModal.tsx,,line:49,关联争议:,,,,Visible Korean/CJK source literal outside i18n/data. Review whether it should move into i18n or remain developer-only.
hardcoded_source_literal_src_components_discovery_EmotionalSlipModal.tsx_line:50,hardcoded_source_literal,src/components/discovery/EmotionalSlipModal.tsx,,line:50,跳过,,,,Visible Korean/CJK source literal outside i18n/data. Review whether it should move into i18n or remain developer-only.
hardcoded_source_literal_src_components_discovery_EmotionalSlipModal.tsx_line:51,hardcoded_source_literal,src/components/discovery/EmotionalSlipModal.tsx,,line:51,用于真相攻防,,,,Visible Korean/CJK source literal outside i18n/data. Review whether it should move into i18n or remain developer-only.
hardcoded_source_literal_src_components_discovery_EmotionGuidePopup.tsx_line:34,hardcoded_source_literal,src/components/discovery/EmotionGuidePopup.tsx,,line:34,감정 수치,,,,Visible Korean/CJK source literal outside i18n/data. Review whether it should move into i18n or remain developer-only.
hardcoded_source_literal_src_components_discovery_EmotionGuidePopup.tsx_line:35,hardcoded_source_literal,src/components/discovery/EmotionGuidePopup.tsx,,line:35,침착,,,,Visible Korean/CJK source literal outside i18n/data. Review whether it should move into i18n or remain developer-only.
hardcoded_source_literal_src_components_discovery_EmotionGuidePopup.tsx_line:35,hardcoded_source_literal,src/components/discovery/EmotionGuidePopup.tsx,,line:35,동요,,,,Visible Korean/CJK source literal outside i18n/data. Review whether it should move into i18n or remain developer-only.
hardcoded_source_literal_src_components_discovery_EmotionGuidePopup.tsx_line:35,hardcoded_source_literal,src/components/discovery/EmotionGuidePopup.tsx,,line:35,격앙,,,,Visible Korean/CJK source literal outside i18n/data. Review whether it should move into i18n or remain developer-only.
hardcoded_source_literal_src_components_discovery_EmotionGuidePopup.tsx_line:35,hardcoded_source_literal,src/components/discovery/EmotionGuidePopup.tsx,,line:35,체념,,,,Visible Korean/CJK source literal outside i18n/data. Review whether it should move into i18n or remain developer-only.
hardcoded_source_literal_src_components_discovery_EmotionGuidePopup.tsx_line:36,hardcoded_source_literal,src/components/discovery/EmotionGuidePopup.tsx,,line:36,현재,,,,Visible Korean/CJK source literal outside i18n/data. Review whether it should move into i18n or remain developer-only.
hardcoded_source_literal_src_components_discovery_EmotionGuidePopup.tsx_line:37,hardcoded_source_literal,src/components/discovery/EmotionGuidePopup.tsx,,line:37,실수 자백 확률,,,,Visible Korean/CJK source literal outside i18n/data. Review whether it should move into i18n or remain developer-only.
hardcoded_source_literal_src_components_discovery_EmotionGuidePopup.tsx_line:38,hardcoded_source_literal,src/components/discovery/EmotionGuidePopup.tsx,,line:38,거짓말 전이,,,,Visible Korean/CJK source literal outside i18n/data. Review whether it should move into i18n or remain developer-only.
hardcoded_source_literal_src_components_discovery_EmotionGuidePopup.tsx_line:39,hardcoded_source_literal,src/components/discovery/EmotionGuidePopup.tsx,,line:39,닫기,,,,Visible Korean/CJK source literal outside i18n/data. Review whether it should move into i18n or remain developer-only.
hardcoded_source_literal_src_components_discovery_EmotionGuidePopup.tsx_line:52,hardcoded_source_literal,src/components/discovery/EmotionGuidePopup.tsx,,line:52,感情値,,,,Visible Korean/CJK source literal outside i18n/data. Review whether it should move into i18n or remain developer-only.
hardcoded_source_literal_src_components_discovery_EmotionGuidePopup.tsx_line:53,hardcoded_source_literal,src/components/discovery/EmotionGuidePopup.tsx,,line:53,冷静,,,,Visible Korean/CJK source literal outside i18n/data. Review whether it should move into i18n or remain developer-only.
hardcoded_source_literal_src_components_discovery_EmotionGuidePopup.tsx_line:53,hardcoded_source_literal,src/components/discovery/EmotionGuidePopup.tsx,,line:53,動揺,,,,Visible Korean/CJK source literal outside i18n/data. Review whether it should move into i18n or remain developer-only.
hardcoded_source_literal_src_components_discovery_EmotionGuidePopup.tsx_line:53,hardcoded_source_literal,src/components/discovery/EmotionGuidePopup.tsx,,line:53,激昂,,,,Visible Korean/CJK source literal outside i18n/data. Review whether it should move into i18n or remain developer-only.
hardcoded_source_literal_src_components_discovery_EmotionGuidePopup.tsx_line:53,hardcoded_source_literal,src/components/discovery/EmotionGuidePopup.tsx,,line:53,諦め,,,,Visible Korean/CJK source literal outside i18n/data. Review whether it should move into i18n or remain developer-only.
hardcoded_source_literal_src_components_discovery_EmotionGuidePopup.tsx_line:54,hardcoded_source_literal,src/components/discovery/EmotionGuidePopup.tsx,,line:54,現在,,,,Visible Korean/CJK source literal outside i18n/data. Review whether it should move into i18n or remain developer-only.
hardcoded_source_literal_src_components_discovery_EmotionGuidePopup.tsx_line:55,hardcoded_source_literal,src/components/discovery/EmotionGuidePopup.tsx,,line:55,失言による告白確率,,,,Visible Korean/CJK source literal outside i18n/data. Review whether it should move into i18n or remain developer-only.
hardcoded_source_literal_src_components_discovery_EmotionGuidePopup.tsx_line:56,hardcoded_source_literal,src/components/discovery/EmotionGuidePopup.tsx,,line:56,嘘の遷移,,,,Visible Korean/CJK source literal outside i18n/data. Review whether it should move into i18n or remain developer-only.
hardcoded_source_literal_src_components_discovery_EmotionGuidePopup.tsx_line:57,hardcoded_source_literal,src/components/discovery/EmotionGuidePopup.tsx,,line:57,閉じる,,,,Visible Korean/CJK source literal outside i18n/data. Review whether it should move into i18n or remain developer-only.
hardcoded_source_literal_src_components_discovery_EmotionGuidePopup.tsx_line:61,hardcoded_source_literal,src/components/discovery/EmotionGuidePopup.tsx,,line:61,情绪数值,,,,Visible Korean/CJK source literal outside i18n/data. Review whether it should move into i18n or remain developer-only.
hardcoded_source_literal_src_components_discovery_EmotionGuidePopup.tsx_line:62,hardcoded_source_literal,src/components/discovery/EmotionGuidePopup.tsx,,line:62,冷静,,,,Visible Korean/CJK source literal outside i18n/data. Review whether it should move into i18n or remain developer-only.
hardcoded_source_literal_src_components_discovery_EmotionGuidePopup.tsx_line:62,hardcoded_source_literal,src/components/discovery/EmotionGuidePopup.tsx,,line:62,动摇,,,,Visible Korean/CJK source literal outside i18n/data. Review whether it should move into i18n or remain developer-only.
hardcoded_source_literal_src_components_discovery_EmotionGuidePopup.tsx_line:62,hardcoded_source_literal,src/components/discovery/EmotionGuidePopup.tsx,,line:62,激动,,,,Visible Korean/CJK source literal outside i18n/data. Review whether it should move into i18n or remain developer-only.
hardcoded_source_literal_src_components_discovery_EmotionGuidePopup.tsx_line:62,hardcoded_source_literal,src/components/discovery/EmotionGuidePopup.tsx,,line:62,放弃,,,,Visible Korean/CJK source literal outside i18n/data. Review whether it should move into i18n or remain developer-only.
hardcoded_source_literal_src_components_discovery_EmotionGuidePopup.tsx_line:63,hardcoded_source_literal,src/components/discovery/EmotionGuidePopup.tsx,,line:63,当前,,,,Visible Korean/CJK source literal outside i18n/data. Review whether it should move into i18n or remain developer-only.
hardcoded_source_literal_src_components_discovery_EmotionGuidePopup.tsx_line:64,hardcoded_source_literal,src/components/discovery/EmotionGuidePopup.tsx,,line:64,失言承认概率,,,,Visible Korean/CJK source literal outside i18n/data. Review whether it should move into i18n or remain developer-only.
hardcoded_source_literal_src_components_discovery_EmotionGuidePopup.tsx_line:65,hardcoded_source_literal,src/components/discovery/EmotionGuidePopup.tsx,,line:65,谎言转移,,,,Visible Korean/CJK source literal outside i18n/data. Review whether it should move into i18n or remain developer-only.
