id,category,source,case_id,key_path,ko,en,ja,zh-CN,notes
non_party_scripted_text_src_data_scriptedText_family-01_channels_judge_question_.entries_d-1_empathy_approach_1_.variants_judgeq-d-1-empathy_approach-1-v1_.behaviorHint,non_party_scripted_text,src/data/scriptedText,family-01,channels[judge_question].entries[d-1|empathy_approach|1].variants[judgeq-d-1-empathy_approach-1-v1].behaviorHint,판단보다 감정의 첫 반응을 묻는다. 방어를 조금 낮추고 안쪽 정서를 끌어내는 질문이다.,,,,"Scripted text channel without party a/b as speaker: system, judge, witness, dossier, mediation, aftermath, and milestone copy."
non_party_scripted_text_src_data_scriptedText_family-01_channels_judge_question_.entries_d-1_empathy_approach_1_.variants_judgeq-d-1-empathy_approach-1-v1_.text,non_party_scripted_text,src/data/scriptedText,family-01,channels[judge_question].entries[d-1|empathy_approach|1].variants[judgeq-d-1-empathy_approach-1-v1].text,"윤정후 씨, 그때 가장 먼저 지키고 싶었던 사람은 어머니였습니까, 윤태성 씨였습니까.",I am not asking you to defend the timing; I am asking what it cost you to be there.,ユン・テソンさん、遺言書の作成手続きと母の状態を前にして揺れていた時間も含めて、率直なところをお答えください。,尹泰成先生，对母亲晚年那段时间的状态，您愿意把您看到的部分先讲一遍吗。,"Scripted text channel without party a/b as speaker: system, judge, witness, dossier, mediation, aftermath, and milestone copy."
non_party_scripted_text_src_data_scriptedText_family-01_channels_judge_question_.entries_d-1_empathy_approach_1_.variants_judgeq-d-1-empathy_approach-1-v2_.behaviorHint,non_party_scripted_text,src/data/scriptedText,family-01,channels[judge_question].entries[d-1|empathy_approach|1].variants[judgeq-d-1-empathy_approach-1-v2].behaviorHint,판단보다 감정의 첫 반응을 묻는다. 방어를 조금 낮추고 안쪽 정서를 끌어내는 질문이다.,,,,"Scripted text channel without party a/b as speaker: system, judge, witness, dossier, mediation, aftermath, and milestone copy."
non_party_scripted_text_src_data_scriptedText_family-01_channels_judge_question_.entries_d-1_empathy_approach_1_.variants_judgeq-d-1-empathy_approach-1-v2_.text,non_party_scripted_text,src/data/scriptedText,family-01,channels[judge_question].entries[d-1|empathy_approach|1].variants[judgeq-d-1-empathy_approach-1-v2].text,"윤태성 씨, 그 시기 어머니 모습을 떠올리면 먼저 드는 감정이 분노입니까, 불안입니까.",Set aside the document for a moment — what was that period actually like for you?,ユン・テソンさん、遺言書の作成手続きと母の状態を見て胸の中で結論に向かっていった経緯を、お話しください。,换一个角度。尹泰成先生，对母亲晚年那段时间的状态，您愿意把您看到的部分先讲一遍吗。请按时间顺序回答。,"Scripted text channel without party a/b as speaker: system, judge, witness, dossier, mediation, aftermath, and milestone copy."
non_party_scripted_text_src_data_scriptedText_family-01_channels_judge_question_.entries_d-1_empathy_approach_1_.variants_judgeq-d-1-empathy-approach-1-v3_.behaviorHint,non_party_scripted_text,src/data/scriptedText,family-01,channels[judge_question].entries[d-1|empathy_approach|1].variants[judgeq-d-1-empathy-approach-1-v3].behaviorHint,판단보다 감정의 첫 반응을 묻는다. 방어를 조금 낮추는 질문이다.,,,,"Scripted text channel without party a/b as speaker: system, judge, witness, dossier, mediation, aftermath, and milestone copy."
non_party_scripted_text_src_data_scriptedText_family-01_channels_judge_question_.entries_d-1_empathy_approach_1_.variants_judgeq-d-1-empathy-approach-1-v3_.text,non_party_scripted_text,src/data/scriptedText,family-01,channels[judge_question].entries[d-1|empathy_approach|1].variants[judgeq-d-1-empathy-approach-1-v3].text,"윤정후 씨, 말년의 어머니 방에 들어설 때 어떤 마음이 먼저 들었습니까.","I want to understand what you carried in those weeks, before we return to the procedure.",ユン・テソンさん、遺言書の作成手続きと母の状態について、いま胸の中にある事情を整えてお答えください。,让我们再确认一次。尹泰成先生，对母亲晚年那段时间的状态，您愿意把您看到的部分先讲一遍吗。请把这一点定准。,"Scripted text channel without party a/b as speaker: system, judge, witness, dossier, mediation, aftermath, and milestone copy."
non_party_scripted_text_src_data_scriptedText_family-01_channels_judge_question_.entries_d-1_empathy_approach_1_.variants_judgeq-d-1-empathy-approach-1-v4_.behaviorHint,non_party_scripted_text,src/data/scriptedText,family-01,channels[judge_question].entries[d-1|empathy_approach|1].variants[judgeq-d-1-empathy-approach-1-v4].behaviorHint,판단보다 감정의 첫 반응을 묻는다. 방어를 조금 낮추는 질문이다.,,,,"Scripted text channel without party a/b as speaker: system, judge, witness, dossier, mediation, aftermath, and milestone copy."
non_party_scripted_text_src_data_scriptedText_family-01_channels_judge_question_.entries_d-1_empathy_approach_1_.variants_judgeq-d-1-empathy-approach-1-v4_.text,non_party_scripted_text,src/data/scriptedText,family-01,channels[judge_question].entries[d-1|empathy_approach|1].variants[judgeq-d-1-empathy-approach-1-v4].text,"윤태성 씨, 그 방문기록을 볼 때 가장 아팠던 부분은 무엇입니까.","Tell me what was on your mind in those days, regardless of what was on the page.",ユン・テソンさん、不安と確信の境目で何が決め手になったのか、お話しいただけますか。,尹泰成先生，对母亲晚年那段时间的状态，您愿意把您看到的部分先讲一遍吗。,"Scripted text channel without party a/b as speaker: system, judge, witness, dossier, mediation, aftermath, and milestone copy."
non_party_scripted_text_src_data_scriptedText_family-01_channels_judge_question_.entries_d-1_empathy_approach_1_.variants_judgeq-d-1-empathy-approach-1-v5_.behaviorHint,non_party_scripted_text,src/data/scriptedText,family-01,channels[judge_question].entries[d-1|empathy_approach|1].variants[judgeq-d-1-empathy-approach-1-v5].behaviorHint,판단보다 감정의 첫 반응을 묻는다. 방어를 조금 낮추는 질문이다.,,,,"Scripted text channel without party a/b as speaker: system, judge, witness, dossier, mediation, aftermath, and milestone copy."
non_party_scripted_text_src_data_scriptedText_family-01_channels_judge_question_.entries_d-1_empathy_approach_1_.variants_judgeq-d-1-empathy-approach-1-v5_.text,non_party_scripted_text,src/data/scriptedText,family-01,channels[judge_question].entries[d-1|empathy_approach|1].variants[judgeq-d-1-empathy-approach-1-v5].text,"두 분, 어머니 마지막 시간을 떠올릴 때 가장 무거운 장면을 말해 주십시오.","Speak to me as a person here, not as a party — what do you remember most clearly?",ユン・テソンさん、遺言書の作成手続きと母の状態を伏せていた間の心情を、率直に整えてください。,换一个角度。尹泰成先生，对母亲晚年那段时间的状态，您愿意把您看到的部分先讲一遍吗。请按时间顺序回答。,"Scripted text channel without party a/b as speaker: system, judge, witness, dossier, mediation, aftermath, and milestone copy."
non_party_scripted_text_src_data_scriptedText_family-01_channels_judge_question_.entries_d-1_empathy_approach_2_.variants_judgeq-d-1-empathy_approach-2-v1_.behaviorHint,non_party_scripted_text,src/data/scriptedText,family-01,channels[judge_question].entries[d-1|empathy_approach|2].variants[judgeq-d-1-empathy_approach-2-v1].behaviorHint,죄책감과 불안을 시간의 흐름 안에서 묻는다. 감정이 커진 지점을 기억하게 만드는 질문이다.,,,,"Scripted text channel without party a/b as speaker: system, judge, witness, dossier, mediation, aftermath, and milestone copy."
non_party_scripted_text_src_data_scriptedText_family-01_channels_judge_question_.entries_d-1_empathy_approach_2_.variants_judgeq-d-1-empathy_approach-2-v1_.text,non_party_scripted_text,src/data/scriptedText,family-01,channels[judge_question].entries[d-1|empathy_approach|2].variants[judgeq-d-1-empathy_approach-2-v1].text,"윤정후 씨, 어머니가 흔들리는 모습을 보면서도 문서를 들이민 데 죄책감이 있었습니까.",I am not asking you to defend the timing; I am asking what it cost you to be there.,ユン・テソンさん、遺言書の作成手続きと母の状態を前にして揺れていた時間も含めて、率直なところをお答えください。,请进一步补充：尹泰成先生，对母亲晚年那段时间的状态，您愿意把您看到的部分先讲一遍吗。,"Scripted text channel without party a/b as speaker: system, judge, witness, dossier, mediation, aftermath, and milestone copy."
non_party_scripted_text_src_data_scriptedText_family-01_channels_judge_question_.entries_d-1_empathy_approach_2_.variants_judgeq-d-1-empathy_approach-2-v2_.behaviorHint,non_party_scripted_text,src/data/scriptedText,family-01,channels[judge_question].entries[d-1|empathy_approach|2].variants[judgeq-d-1-empathy_approach-2-v2].behaviorHint,죄책감과 불안을 시간의 흐름 안에서 묻는다. 감정이 커진 지점을 기억하게 만드는 질문이다.,,,,"Scripted text channel without party a/b as speaker: system, judge, witness, dossier, mediation, aftermath, and milestone copy."
non_party_scripted_text_src_data_scriptedText_family-01_channels_judge_question_.entries_d-1_empathy_approach_2_.variants_judgeq-d-1-empathy_approach-2-v2_.text,non_party_scripted_text,src/data/scriptedText,family-01,channels[judge_question].entries[d-1|empathy_approach|2].variants[judgeq-d-1-empathy_approach-2-v2].text,"윤태성 씨, 혹시 어머니가 정말 판단하지 못하실까 봐 무서웠던 순간이 있었습니까.",Set aside the document for a moment — what was that period actually like for you?,ユン・テソンさん、遺言書の作成手続きと母の状態を見て胸の中で結論に向かっていった経緯を、お話しください。,换一个角度。请进一步补充：尹泰成先生，对母亲晚年那段时间的状态，您愿意把您看到的部分先讲一遍吗。请按时间顺序回答。,"Scripted text channel without party a/b as speaker: system, judge, witness, dossier, mediation, aftermath, and milestone copy."
non_party_scripted_text_src_data_scriptedText_family-01_channels_judge_question_.entries_d-1_empathy_approach_2_.variants_judgeq-d-1-empathy-approach-2-v3_.behaviorHint,non_party_scripted_text,src/data/scriptedText,family-01,channels[judge_question].entries[d-1|empathy_approach|2].variants[judgeq-d-1-empathy-approach-2-v3].behaviorHint,죄책감과 불안을 시간의 흐름 안에서 묻는다. 감정이 커진 지점을 찾는다.,,,,"Scripted text channel without party a/b as speaker: system, judge, witness, dossier, mediation, aftermath, and milestone copy."
non_party_scripted_text_src_data_scriptedText_family-01_channels_judge_question_.entries_d-1_empathy_approach_2_.variants_judgeq-d-1-empathy-approach-2-v3_.text,non_party_scripted_text,src/data/scriptedText,family-01,channels[judge_question].entries[d-1|empathy_approach|2].variants[judgeq-d-1-empathy-approach-2-v3].text,"윤정후 씨, 윤태성 씨를 피했다는 말을 들을 때 어떤 감정이 올라옵니까.","I want to understand what you carried in those weeks, before we return to the procedure.",ユン・テソンさん、遺言書の作成手続きと母の状態について、いま胸の中にある事情を整えてお答えください。,让我们再确认一次。请进一步补充：尹泰成先生，对母亲晚年那段时间的状态，您愿意把您看到的部分先讲一遍吗。请把这一点定准。,"Scripted text channel without party a/b as speaker: system, judge, witness, dossier, mediation, aftermath, and milestone copy."
non_party_scripted_text_src_data_scriptedText_family-01_channels_judge_question_.entries_d-1_empathy_approach_2_.variants_judgeq-d-1-empathy-approach-2-v4_.behaviorHint,non_party_scripted_text,src/data/scriptedText,family-01,channels[judge_question].entries[d-1|empathy_approach|2].variants[judgeq-d-1-empathy-approach-2-v4].behaviorHint,죄책감과 불안을 시간의 흐름 안에서 묻는다. 감정이 커진 지점을 찾는다.,,,,"Scripted text channel without party a/b as speaker: system, judge, witness, dossier, mediation, aftermath, and milestone copy."
non_party_scripted_text_src_data_scriptedText_family-01_channels_judge_question_.entries_d-1_empathy_approach_2_.variants_judgeq-d-1-empathy-approach-2-v4_.text,non_party_scripted_text,src/data/scriptedText,family-01,channels[judge_question].entries[d-1|empathy_approach|2].variants[judgeq-d-1-empathy-approach-2-v4].text,"윤태성 씨, 어머니 곁에서 밀려났다고 느낀 순간이 있었습니까.","Tell me what was on your mind in those days, regardless of what was on the page.",ユン・テソンさん、不安と確信の境目で何が決め手になったのか、お話しいただけますか。,请进一步补充：尹泰成先生，对母亲晚年那段时间的状态，您愿意把您看到的部分先讲一遍吗。,"Scripted text channel without party a/b as speaker: system, judge, witness, dossier, mediation, aftermath, and milestone copy."
non_party_scripted_text_src_data_scriptedText_family-01_channels_judge_question_.entries_d-1_empathy_approach_2_.variants_judgeq-d-1-empathy-approach-2-v5_.behaviorHint,non_party_scripted_text,src/data/scriptedText,family-01,channels[judge_question].entries[d-1|empathy_approach|2].variants[judgeq-d-1-empathy-approach-2-v5].behaviorHint,죄책감과 불안을 시간의 흐름 안에서 묻는다. 감정이 커진 지점을 찾는다.,,,,"Scripted text channel without party a/b as speaker: system, judge, witness, dossier, mediation, aftermath, and milestone copy."
non_party_scripted_text_src_data_scriptedText_family-01_channels_judge_question_.entries_d-1_empathy_approach_2_.variants_judgeq-d-1-empathy-approach-2-v5_.text,non_party_scripted_text,src/data/scriptedText,family-01,channels[judge_question].entries[d-1|empathy_approach|2].variants[judgeq-d-1-empathy-approach-2-v5].text,"두 분, 같은 방을 두고 서로 다른 기억이 생긴 이유를 말씀해 주십시오.","Speak to me as a person here, not as a party — what do you remember most clearly?",ユン・テソンさん、遺言書の作成手続きと母の状態を伏せていた間の心情を、率直に整えてください。,换一个角度。请进一步补充：尹泰成先生，对母亲晚年那段时间的状态，您愿意把您看到的部分先讲一遍吗。请按时间顺序回答。,"Scripted text channel without party a/b as speaker: system, judge, witness, dossier, mediation, aftermath, and milestone copy."
non_party_scripted_text_src_data_scriptedText_family-01_channels_judge_question_.entries_d-1_empathy_approach_3_.variants_judgeq-d-1-empathy_approach-3-v1_.behaviorHint,non_party_scripted_text,src/data/scriptedText,family-01,channels[judge_question].entries[d-1|empathy_approach|3].variants[judgeq-d-1-empathy_approach-3-v1].behaviorHint,사실 뒤에 눌려 있던 두려움을 직접 건드린다. 관계 붕괴를 무서워한 마음을 말하게 하는 단계다.,,,,"Scripted text channel without party a/b as speaker: system, judge, witness, dossier, mediation, aftermath, and milestone copy."
non_party_scripted_text_src_data_scriptedText_family-01_channels_judge_question_.entries_d-1_empathy_approach_3_.variants_judgeq-d-1-empathy_approach-3-v1_.text,non_party_scripted_text,src/data/scriptedText,family-01,channels[judge_question].entries[d-1|empathy_approach|3].variants[judgeq-d-1-empathy_approach-3-v1].text,"윤정후 씨, 윤태성 씨가 알게 되면 일이 더 커질까 두려웠다는 뜻입니까.",I am not asking you to defend the timing; I am asking what it cost you to be there.,ユン・テソンさん、遺言書の作成手続きと母の状態を前にして揺れていた時間も含めて、率直なところをお答えください。,请进一步补充：尹泰成先生，对母亲晚年那段时间的状态，您愿意把您看到的部分先讲一遍吗。,"Scripted text channel without party a/b as speaker: system, judge, witness, dossier, mediation, aftermath, and milestone copy."
non_party_scripted_text_src_data_scriptedText_family-01_channels_judge_question_.entries_d-1_empathy_approach_3_.variants_judgeq-d-1-empathy_approach-3-v2_.behaviorHint,non_party_scripted_text,src/data/scriptedText,family-01,channels[judge_question].entries[d-1|empathy_approach|3].variants[judgeq-d-1-empathy_approach-3-v2].behaviorHint,사실 뒤에 눌려 있던 두려움을 직접 건드린다. 관계 붕괴를 무서워한 마음을 말하게 하는 단계다.,,,,"Scripted text channel without party a/b as speaker: system, judge, witness, dossier, mediation, aftermath, and milestone copy."
non_party_scripted_text_src_data_scriptedText_family-01_channels_judge_question_.entries_d-1_empathy_approach_3_.variants_judgeq-d-1-empathy_approach-3-v2_.text,non_party_scripted_text,src/data/scriptedText,family-01,channels[judge_question].entries[d-1|empathy_approach|3].variants[judgeq-d-1-empathy_approach-3-v2].text,"윤태성 씨, 윤정후 씨를 의심하는 마음 뒤에 어머니를 지키지 못했다는 자책도 있었습니까.",Set aside the document for a moment — what was that period actually like for you?,ユン・テソンさん、遺言書の作成手続きと母の状態を見て胸の中で結論に向かっていった経緯を、お話しください。,换一个角度。请进一步补充：尹泰成先生，对母亲晚年那段时间的状态，您愿意把您看到的部分先讲一遍吗。请按时间顺序回答。,"Scripted text channel without party a/b as speaker: system, judge, witness, dossier, mediation, aftermath, and milestone copy."
non_party_scripted_text_src_data_scriptedText_family-01_channels_judge_question_.entries_d-1_empathy_approach_3_.variants_judgeq-d-1-empathy-approach-3-v3_.behaviorHint,non_party_scripted_text,src/data/scriptedText,family-01,channels[judge_question].entries[d-1|empathy_approach|3].variants[judgeq-d-1-empathy-approach-3-v3].behaviorHint,사실 뒤에 눌려 있던 두려움을 직접 건드린다. 관계의 균열을 보게 한다.,,,,"Scripted text channel without party a/b as speaker: system, judge, witness, dossier, mediation, aftermath, and milestone copy."
non_party_scripted_text_src_data_scriptedText_family-01_channels_judge_question_.entries_d-1_empathy_approach_3_.variants_judgeq-d-1-empathy-approach-3-v3_.text,non_party_scripted_text,src/data/scriptedText,family-01,channels[judge_question].entries[d-1|empathy_approach|3].variants[judgeq-d-1-empathy-approach-3-v3].text,"윤정후 씨, 도움과 개입 사이에서 죄책감을 느낀 순간이 있었습니까.","I want to understand what you carried in those weeks, before we return to the procedure.",ユン・テソンさん、遺言書の作成手続きと母の状態について、いま胸の中にある事情を整えてお答えください。,让我们再确认一次。请进一步补充：尹泰成先生，对母亲晚年那段时间的状态，您愿意把您看到的部分先讲一遍吗。请把这一点定准。,"Scripted text channel without party a/b as speaker: system, judge, witness, dossier, mediation, aftermath, and milestone copy."
non_party_scripted_text_src_data_scriptedText_family-01_channels_judge_question_.entries_d-1_empathy_approach_3_.variants_judgeq-d-1-empathy-approach-3-v4_.behaviorHint,non_party_scripted_text,src/data/scriptedText,family-01,channels[judge_question].entries[d-1|empathy_approach|3].variants[judgeq-d-1-empathy-approach-3-v4].behaviorHint,사실 뒤에 눌려 있던 두려움을 직접 건드린다. 관계의 균열을 보게 한다.,,,,"Scripted text channel without party a/b as speaker: system, judge, witness, dossier, mediation, aftermath, and milestone copy."
non_party_scripted_text_src_data_scriptedText_family-01_channels_judge_question_.entries_d-1_empathy_approach_3_.variants_judgeq-d-1-empathy-approach-3-v4_.text,non_party_scripted_text,src/data/scriptedText,family-01,channels[judge_question].entries[d-1|empathy_approach|3].variants[judgeq-d-1-empathy-approach-3-v4].text,"윤태성 씨, 윤정후 씨 침묵이 왜 더 큰 상처로 느껴졌습니까.","Tell me what was on your mind in those days, regardless of what was on the page.",ユン・テソンさん、不安と確信の境目で何が決め手になったのか、お話しいただけますか。,请进一步补充：尹泰成先生，对母亲晚年那段时间的状态，您愿意把您看到的部分先讲一遍吗。,"Scripted text channel without party a/b as speaker: system, judge, witness, dossier, mediation, aftermath, and milestone copy."
non_party_scripted_text_src_data_scriptedText_family-01_channels_judge_question_.entries_d-1_empathy_approach_3_.variants_judgeq-d-1-empathy-approach-3-v5_.behaviorHint,non_party_scripted_text,src/data/scriptedText,family-01,channels[judge_question].entries[d-1|empathy_approach|3].variants[judgeq-d-1-empathy-approach-3-v5].behaviorHint,사실 뒤에 눌려 있던 두려움을 직접 건드린다. 관계의 균열을 보게 한다.,,,,"Scripted text channel without party a/b as speaker: system, judge, witness, dossier, mediation, aftermath, and milestone copy."
non_party_scripted_text_src_data_scriptedText_family-01_channels_judge_question_.entries_d-1_empathy_approach_3_.variants_judgeq-d-1-empathy-approach-3-v5_.text,non_party_scripted_text,src/data/scriptedText,family-01,channels[judge_question].entries[d-1|empathy_approach|3].variants[judgeq-d-1-empathy-approach-3-v5].text,"두 분, 어머니를 위한다는 말이 서로에게 어떻게 들렸는지 답해 주십시오.","Speak to me as a person here, not as a party — what do you remember most clearly?",ユン・テソンさん、遺言書の作成手続きと母の状態を伏せていた間の心情を、率直に整えてください。,换一个角度。请进一步补充：尹泰成先生，对母亲晚年那段时间的状态，您愿意把您看到的部分先讲一遍吗。请按时间顺序回答。,"Scripted text channel without party a/b as speaker: system, judge, witness, dossier, mediation, aftermath, and milestone copy."
non_party_scripted_text_src_data_scriptedText_family-01_channels_judge_question_.entries_d-1_empathy_approach_4_.variants_judgeq-d-1-empathy_approach-4-v1_.behaviorHint,non_party_scripted_text,src/data/scriptedText,family-01,channels[judge_question].entries[d-1|empathy_approach|4].variants[judgeq-d-1-empathy_approach-4-v1].behaviorHint,가장 무거운 감정을 선택하게 만든다. 책임과 상처 가운데 무엇이 더 크게 남는지 스스로 보게 하는 질문이다.,,,,"Scripted text channel without party a/b as speaker: system, judge, witness, dossier, mediation, aftermath, and milestone copy."
non_party_scripted_text_src_data_scriptedText_family-01_channels_judge_question_.entries_d-1_empathy_approach_4_.variants_judgeq-d-1-empathy_approach-4-v1_.text,non_party_scripted_text,src/data/scriptedText,family-01,channels[judge_question].entries[d-1|empathy_approach|4].variants[judgeq-d-1-empathy_approach-4-v1].text,"윤정후 씨, 지금 더 무거운 것은 어머니 뜻을 붙들었다는 마음입니까, 윤태성 씨를 배제했다는 죄책감입니까.",I am not asking you to defend the timing; I am asking what it cost you to be there.,ユン・テソンさん、遺言書の作成手続きと母の状態を前にして揺れていた時間も含めて、率直なところをお答えください。,请进一步补充：尹泰成先生，对母亲晚年那段时间的状态，您愿意把您看到的部分先讲一遍吗。,"Scripted text channel without party a/b as speaker: system, judge, witness, dossier, mediation, aftermath, and milestone copy."
non_party_scripted_text_src_data_scriptedText_family-01_channels_judge_question_.entries_d-1_empathy_approach_4_.variants_judgeq-d-1-empathy_approach-4-v2_.behaviorHint,non_party_scripted_text,src/data/scriptedText,family-01,channels[judge_question].entries[d-1|empathy_approach|4].variants[judgeq-d-1-empathy_approach-4-v2].behaviorHint,가장 무거운 감정을 선택하게 만든다. 책임과 상처 가운데 무엇이 더 크게 남는지 스스로 보게 하는 질문이다.,,,,"Scripted text channel without party a/b as speaker: system, judge, witness, dossier, mediation, aftermath, and milestone copy."
non_party_scripted_text_src_data_scriptedText_family-01_channels_judge_question_.entries_d-1_empathy_approach_4_.variants_judgeq-d-1-empathy_approach-4-v2_.text,non_party_scripted_text,src/data/scriptedText,family-01,channels[judge_question].entries[d-1|empathy_approach|4].variants[judgeq-d-1-empathy_approach-4-v2].text,"윤태성 씨, 진실을 찾으려는 마음과 장남으로 남고 싶었던 마음 중 무엇이 더 컸습니까.",Set aside the document for a moment — what was that period actually like for you?,ユン・テソンさん、遺言書の作成手続きと母の状態を見て胸の中で結論に向かっていった経緯を、お話しください。,换一个角度。请进一步补充：尹泰成先生，对母亲晚年那段时间的状态，您愿意把您看到的部分先讲一遍吗。请按时间顺序回答。,"Scripted text channel without party a/b as speaker: system, judge, witness, dossier, mediation, aftermath, and milestone copy."
non_party_scripted_text_src_data_scriptedText_family-01_channels_judge_question_.entries_d-1_empathy_approach_4_.variants_judgeq-d-1-empathy-approach-4-v3_.behaviorHint,non_party_scripted_text,src/data/scriptedText,family-01,channels[judge_question].entries[d-1|empathy_approach|4].variants[judgeq-d-1-empathy-approach-4-v3].behaviorHint,가장 무거운 감정을 선택하게 만든다. 책임과 상처를 스스로 보게 한다.,,,,"Scripted text channel without party a/b as speaker: system, judge, witness, dossier, mediation, aftermath, and milestone copy."
non_party_scripted_text_src_data_scriptedText_family-01_channels_judge_question_.entries_d-1_empathy_approach_4_.variants_judgeq-d-1-empathy-approach-4-v3_.text,non_party_scripted_text,src/data/scriptedText,family-01,channels[judge_question].entries[d-1|empathy_approach|4].variants[judgeq-d-1-empathy-approach-4-v3].text,"윤정후 씨, 지금 가장 후회되는 것은 서두른 일입니까, 설명하지 않은 일입니까.","I want to understand what you carried in those weeks, before we return to the procedure.",ユン・テソンさん、遺言書の作成手続きと母の状態について、いま胸の中にある事情を整えてお答えください。,让我们再确认一次。请进一步补充：尹泰成先生，对母亲晚年那段时间的状态，您愿意把您看到的部分先讲一遍吗。请把这一点定准。,"Scripted text channel without party a/b as speaker: system, judge, witness, dossier, mediation, aftermath, and milestone copy."
non_party_scripted_text_src_data_scriptedText_family-01_channels_judge_question_.entries_d-1_empathy_approach_4_.variants_judgeq-d-1-empathy-approach-4-v4_.behaviorHint,non_party_scripted_text,src/data/scriptedText,family-01,channels[judge_question].entries[d-1|empathy_approach|4].variants[judgeq-d-1-empathy-approach-4-v4].behaviorHint,가장 무거운 감정을 선택하게 만든다. 책임과 상처를 스스로 보게 한다.,,,,"Scripted text channel without party a/b as speaker: system, judge, witness, dossier, mediation, aftermath, and milestone copy."
non_party_scripted_text_src_data_scriptedText_family-01_channels_judge_question_.entries_d-1_empathy_approach_4_.variants_judgeq-d-1-empathy-approach-4-v4_.text,non_party_scripted_text,src/data/scriptedText,family-01,channels[judge_question].entries[d-1|empathy_approach|4].variants[judgeq-d-1-empathy-approach-4-v4].text,"윤태성 씨, 어머니 뜻을 다 안다고 믿었던 마음을 지금 어떻게 보십니까.","Tell me what was on your mind in those days, regardless of what was on the page.",ユン・テソンさん、不安と確信の境目で何が決め手になったのか、お話しいただけますか。,请进一步补充：尹泰成先生，对母亲晚年那段时间的状态，您愿意把您看到的部分先讲一遍吗。,"Scripted text channel without party a/b as speaker: system, judge, witness, dossier, mediation, aftermath, and milestone copy."
non_party_scripted_text_src_data_scriptedText_family-01_channels_judge_question_.entries_d-1_empathy_approach_4_.variants_judgeq-d-1-empathy-approach-4-v5_.behaviorHint,non_party_scripted_text,src/data/scriptedText,family-01,channels[judge_question].entries[d-1|empathy_approach|4].variants[judgeq-d-1-empathy-approach-4-v5].behaviorHint,가장 무거운 감정을 선택하게 만든다. 책임과 상처를 스스로 보게 한다.,,,,"Scripted text channel without party a/b as speaker: system, judge, witness, dossier, mediation, aftermath, and milestone copy."
non_party_scripted_text_src_data_scriptedText_family-01_channels_judge_question_.entries_d-1_empathy_approach_4_.variants_judgeq-d-1-empathy-approach-4-v5_.text,non_party_scripted_text,src/data/scriptedText,family-01,channels[judge_question].entries[d-1|empathy_approach|4].variants[judgeq-d-1-empathy-approach-4-v5].text,"두 분, 어머니 앞에서 끝내 하지 못한 말을 지금 정리해 주십시오.","Speak to me as a person here, not as a party — what do you remember most clearly?",ユン・テソンさん、遺言書の作成手続きと母の状態を伏せていた間の心情を、率直に整えてください。,换一个角度。请进一步补充：尹泰成先生，对母亲晚年那段时间的状态，您愿意把您看到的部分先讲一遍吗。请按时间顺序回答。,"Scripted text channel without party a/b as speaker: system, judge, witness, dossier, mediation, aftermath, and milestone copy."
non_party_scripted_text_src_data_scriptedText_family-01_channels_judge_question_.entries_d-1_fact_pursuit_1_.variants_judgeq-d-1-fact_pursuit-1-v1_.behaviorHint,non_party_scripted_text,src/data/scriptedText,family-01,channels[judge_question].entries[d-1|fact_pursuit|1].variants[judgeq-d-1-fact_pursuit-1-v1].behaviorHint,표면 사실부터 고정한다. 누가 언제 무엇을 봤는지 기초 순서를 세우는 질문이다.,,,,"Scripted text channel without party a/b as speaker: system, judge, witness, dossier, mediation, aftermath, and milestone copy."
non_party_scripted_text_src_data_scriptedText_family-01_channels_judge_question_.entries_d-1_fact_pursuit_1_.variants_judgeq-d-1-fact_pursuit-1-v1_.text,non_party_scripted_text,src/data/scriptedText,family-01,channels[judge_question].entries[d-1|fact_pursuit|1].variants[judgeq-d-1-fact_pursuit-1-v1].text,"윤정후 씨, 유서가 작성되던 무렵 어머니를 얼마나 자주 찾아뵈었는지부터 말씀해 주십시오.","Walk the court through the actual sequence around the will drafting, step by step.",ユン・ジョンフさん、遺言書の作成手続きと母の状態について、まず日付ごとの行為を時系列でお答えください。,尹正厚先生，遗嘱定稿前后，您去看母亲的次数和大致时间，请按时间顺序讲。,"Scripted text channel without party a/b as speaker: system, judge, witness, dossier, mediation, aftermath, and milestone copy."
non_party_scripted_text_src_data_scriptedText_family-01_channels_judge_question_.entries_d-1_fact_pursuit_1_.variants_judgeq-d-1-fact_pursuit-1-v2_.behaviorHint,non_party_scripted_text,src/data/scriptedText,family-01,channels[judge_question].entries[d-1|fact_pursuit|1].variants[judgeq-d-1-fact_pursuit-1-v2].behaviorHint,표면 사실부터 고정한다. 누가 언제 무엇을 봤는지 기초 순서를 세우는 질문이다.,,,,"Scripted text channel without party a/b as speaker: system, judge, witness, dossier, mediation, aftermath, and milestone copy."
non_party_scripted_text_src_data_scriptedText_family-01_channels_judge_question_.entries_d-1_fact_pursuit_1_.variants_judgeq-d-1-fact_pursuit-1-v2_.text,non_party_scripted_text,src/data/scriptedText,family-01,channels[judge_question].entries[d-1|fact_pursuit|1].variants[judgeq-d-1-fact_pursuit-1-v2].text,"윤태성 씨, 그 시기 어머니 상태가 평소와 달라졌다고 느낀 장면부터 말씀해 주십시오.",Set out the dates and the people present when the will was being prepared.,ユン・ジョンフさん、面会記録と元介護士の証言に残った範囲のうち、ご自身が認める項目から並べてください。,换一个角度。尹正厚先生，遗嘱定稿前后，您去看母亲的次数和大致时间，请按时间顺序讲。请按时间顺序回答。,"Scripted text channel without party a/b as speaker: system, judge, witness, dossier, mediation, aftermath, and milestone copy."
non_party_scripted_text_src_data_scriptedText_family-01_channels_judge_question_.entries_d-1_fact_pursuit_1_.variants_judgeq-d-1-fact-pursuit-1-v3_.behaviorHint,non_party_scripted_text,src/data/scriptedText,family-01,channels[judge_question].entries[d-1|fact_pursuit|1].variants[judgeq-d-1-fact-pursuit-1-v3].behaviorHint,표면 사실을 고정한다. 시점과 행위의 기초를 다시 세우는 질문이다.,,,,"Scripted text channel without party a/b as speaker: system, judge, witness, dossier, mediation, aftermath, and milestone copy."
non_party_scripted_text_src_data_scriptedText_family-01_channels_judge_question_.entries_d-1_fact_pursuit_1_.variants_judgeq-d-1-fact-pursuit-1-v3_.text,non_party_scripted_text,src/data/scriptedText,family-01,channels[judge_question].entries[d-1|fact_pursuit|1].variants[judgeq-d-1-fact-pursuit-1-v3].text,"윤정후 씨, 공증 전 어머니 방에 들른 날짜를 순서대로 말씀해 주십시오.","Tell the court who held the pen, who held the paper, and who was in the room.",ユン・ジョンフさん、遺言書の作成手続きと母の状態を、相手の解釈に触れずにご自身の行為の側から先にお話しください。,让我们再确认一次。尹正厚先生，遗嘱定稿前后，您去看母亲的次数和大致时间，请按时间顺序讲。请把这一点定准。,"Scripted text channel without party a/b as speaker: system, judge, witness, dossier, mediation, aftermath, and milestone copy."
non_party_scripted_text_src_data_scriptedText_family-01_channels_judge_question_.entries_d-1_fact_pursuit_1_.variants_judgeq-d-1-fact-pursuit-1-v4_.behaviorHint,non_party_scripted_text,src/data/scriptedText,family-01,channels[judge_question].entries[d-1|fact_pursuit|1].variants[judgeq-d-1-fact-pursuit-1-v4].behaviorHint,표면 사실을 고정한다. 시점과 행위의 기초를 다시 세우는 질문이다.,,,,"Scripted text channel without party a/b as speaker: system, judge, witness, dossier, mediation, aftermath, and milestone copy."
non_party_scripted_text_src_data_scriptedText_family-01_channels_judge_question_.entries_d-1_fact_pursuit_1_.variants_judgeq-d-1-fact-pursuit-1-v4_.text,non_party_scripted_text,src/data/scriptedText,family-01,channels[judge_question].entries[d-1|fact_pursuit|1].variants[judgeq-d-1-fact-pursuit-1-v4].text,"윤태성 씨, 어머니 판단이 흐렸다고 본 첫 장면은 무엇입니까.","Describe the procedure of the drafting plainly, without interpretation.",ユン・ジョンフさん、面会記録と元介護士の証言のどの部分を直接ご自身で確認されたか、資料単位で整理してお答えください。,尹正厚先生，遗嘱定稿前后，您去看母亲的次数和大致时间，请按时间顺序讲。,"Scripted text channel without party a/b as speaker: system, judge, witness, dossier, mediation, aftermath, and milestone copy."
non_party_scripted_text_src_data_scriptedText_family-01_channels_judge_question_.entries_d-1_fact_pursuit_1_.variants_judgeq-d-1-fact-pursuit-1-v5_.behaviorHint,non_party_scripted_text,src/data/scriptedText,family-01,channels[judge_question].entries[d-1|fact_pursuit|1].variants[judgeq-d-1-fact-pursuit-1-v5].behaviorHint,표면 사실을 고정한다. 시점과 행위의 기초를 다시 세우는 질문이다.,,,,"Scripted text channel without party a/b as speaker: system, judge, witness, dossier, mediation, aftermath, and milestone copy."
non_party_scripted_text_src_data_scriptedText_family-01_channels_judge_question_.entries_d-1_fact_pursuit_1_.variants_judgeq-d-1-fact-pursuit-1-v5_.text,non_party_scripted_text,src/data/scriptedText,family-01,channels[judge_question].entries[d-1|fact_pursuit|1].variants[judgeq-d-1-fact-pursuit-1-v5].text,"두 분, 유서 이야기가 처음 나온 시점을 각자 정리해 주십시오.","Lay out, in order, what happened on the day the document was prepared.",ユン・ジョンフさん、遺言書の作成手続きと母の状態について、まだ供述されていない事実があれば先にお出しください。,换一个角度。尹正厚先生，遗嘱定稿前后，您去看母亲的次数和大致时间，请按时间顺序讲。请按时间顺序回答。,"Scripted text channel without party a/b as speaker: system, judge, witness, dossier, mediation, aftermath, and milestone copy."
non_party_scripted_text_src_data_scriptedText_family-01_channels_judge_question_.entries_d-1_fact_pursuit_2_.variants_judgeq-d-1-fact_pursuit-2-v1_.behaviorHint,non_party_scripted_text,src/data/scriptedText,family-01,channels[judge_question].entries[d-1|fact_pursuit|2].variants[judgeq-d-1-fact_pursuit-2-v1].behaviorHint,정황을 이루는 세부 조각으로 좁혀 묻는다. 시점과 행동을 갈라 흔들리는 부분을 찾는다.,,,,"Scripted text channel without party a/b as speaker: system, judge, witness, dossier, mediation, aftermath, and milestone copy."
non_party_scripted_text_src_data_scriptedText_family-01_channels_judge_question_.entries_d-1_fact_pursuit_2_.variants_judgeq-d-1-fact_pursuit-2-v1_.text,non_party_scripted_text,src/data/scriptedText,family-01,channels[judge_question].entries[d-1|fact_pursuit|2].variants[judgeq-d-1-fact_pursuit-2-v1].text,"윤정후 씨, 어머니께 유서 내용을 읽어드린 횟수와 그 이유는 무엇입니까.","Walk the court through the actual sequence around the will drafting, step by step.",ユン・ジョンフさん、遺言書の作成手続きと母の状態について、まず日付ごとの行為を時系列でお答えください。,请进一步补充：尹正厚先生，遗嘱定稿前后，您去看母亲的次数和大致时间，请按时间顺序讲。,"Scripted text channel without party a/b as speaker: system, judge, witness, dossier, mediation, aftermath, and milestone copy."
non_party_scripted_text_src_data_scriptedText_family-01_channels_judge_question_.entries_d-1_fact_pursuit_2_.variants_judgeq-d-1-fact_pursuit-2-v2_.behaviorHint,non_party_scripted_text,src/data/scriptedText,family-01,channels[judge_question].entries[d-1|fact_pursuit|2].variants[judgeq-d-1-fact_pursuit-2-v2].behaviorHint,정황을 이루는 세부 조각으로 좁혀 묻는다. 시점과 행동을 갈라 흔들리는 부분을 찾는다.,,,,"Scripted text channel without party a/b as speaker: system, judge, witness, dossier, mediation, aftermath, and milestone copy."
non_party_scripted_text_src_data_scriptedText_family-01_channels_judge_question_.entries_d-1_fact_pursuit_2_.variants_judgeq-d-1-fact_pursuit-2-v2_.text,non_party_scripted_text,src/data/scriptedText,family-01,channels[judge_question].entries[d-1|fact_pursuit|2].variants[judgeq-d-1-fact_pursuit-2-v2].text,"윤태성 씨, 요양보호사 교체와 공증 시점이 겹친다고 보신 근거는 무엇입니까.",Set out the dates and the people present when the will was being prepared.,ユン・ジョンフさん、面会記録と元介護士の証言に残った範囲のうち、ご自身が認める項目から並べてください。,换一个角度。请进一步补充：尹正厚先生，遗嘱定稿前后，您去看母亲的次数和大致时间，请按时间顺序讲。请按时间顺序回答。,"Scripted text channel without party a/b as speaker: system, judge, witness, dossier, mediation, aftermath, and milestone copy."
non_party_scripted_text_src_data_scriptedText_family-01_channels_judge_question_.entries_d-1_fact_pursuit_2_.variants_judgeq-d-1-fact-pursuit-2-v3_.behaviorHint,non_party_scripted_text,src/data/scriptedText,family-01,channels[judge_question].entries[d-1|fact_pursuit|2].variants[judgeq-d-1-fact-pursuit-2-v3].behaviorHint,정황을 이루는 세부 조각으로 좁혀 묻는다. 순서와 행동을 갈라 확인한다.,,,,"Scripted text channel without party a/b as speaker: system, judge, witness, dossier, mediation, aftermath, and milestone copy."
non_party_scripted_text_src_data_scriptedText_family-01_channels_judge_question_.entries_d-1_fact_pursuit_2_.variants_judgeq-d-1-fact-pursuit-2-v3_.text,non_party_scripted_text,src/data/scriptedText,family-01,channels[judge_question].entries[d-1|fact_pursuit|2].variants[judgeq-d-1-fact-pursuit-2-v3].text,"윤정후 씨, 종이를 읽어드린 날과 공증 일정은 어떻게 이어졌습니까.","Tell the court who held the pen, who held the paper, and who was in the room.",ユン・ジョンフさん、遺言書の作成手続きと母の状態を、相手の解釈に触れずにご自身の行為の側から先にお話しください。,让我们再确认一次。请进一步补充：尹正厚先生，遗嘱定稿前后，您去看母亲的次数和大致时间，请按时间顺序讲。请把这一点定准。,"Scripted text channel without party a/b as speaker: system, judge, witness, dossier, mediation, aftermath, and milestone copy."
non_party_scripted_text_src_data_scriptedText_family-01_channels_judge_question_.entries_d-1_fact_pursuit_2_.variants_judgeq-d-1-fact-pursuit-2-v4_.behaviorHint,non_party_scripted_text,src/data/scriptedText,family-01,channels[judge_question].entries[d-1|fact_pursuit|2].variants[judgeq-d-1-fact-pursuit-2-v4].behaviorHint,정황을 이루는 세부 조각으로 좁혀 묻는다. 순서와 행동을 갈라 확인한다.,,,,"Scripted text channel without party a/b as speaker: system, judge, witness, dossier, mediation, aftermath, and milestone copy."
non_party_scripted_text_src_data_scriptedText_family-01_channels_judge_question_.entries_d-1_fact_pursuit_2_.variants_judgeq-d-1-fact-pursuit-2-v4_.text,non_party_scripted_text,src/data/scriptedText,family-01,channels[judge_question].entries[d-1|fact_pursuit|2].variants[judgeq-d-1-fact-pursuit-2-v4].text,"윤태성 씨, 방문기록 중 결정적이라고 본 날짜는 어느 날입니까.","Describe the procedure of the drafting plainly, without interpretation.",ユン・ジョンフさん、面会記録と元介護士の証言のどの部分を直接ご自身で確認されたか、資料単位で整理してお答えください。,请进一步补充：尹正厚先生，遗嘱定稿前后，您去看母亲的次数和大致时间，请按时间顺序讲。,"Scripted text channel without party a/b as speaker: system, judge, witness, dossier, mediation, aftermath, and milestone copy."
non_party_scripted_text_src_data_scriptedText_family-01_channels_judge_question_.entries_d-1_fact_pursuit_2_.variants_judgeq-d-1-fact-pursuit-2-v5_.behaviorHint,non_party_scripted_text,src/data/scriptedText,family-01,channels[judge_question].entries[d-1|fact_pursuit|2].variants[judgeq-d-1-fact-pursuit-2-v5].behaviorHint,정황을 이루는 세부 조각으로 좁혀 묻는다. 순서와 행동을 갈라 확인한다.,,,,"Scripted text channel without party a/b as speaker: system, judge, witness, dossier, mediation, aftermath, and milestone copy."
non_party_scripted_text_src_data_scriptedText_family-01_channels_judge_question_.entries_d-1_fact_pursuit_2_.variants_judgeq-d-1-fact-pursuit-2-v5_.text,non_party_scripted_text,src/data/scriptedText,family-01,channels[judge_question].entries[d-1|fact_pursuit|2].variants[judgeq-d-1-fact-pursuit-2-v5].text,"두 분, 요양보호사가 바뀐 뒤 달라진 일을 말씀해 주십시오.","Lay out, in order, what happened on the day the document was prepared.",ユン・ジョンフさん、遺言書の作成手続きと母の状態について、まだ供述されていない事実があれば先にお出しください。,换一个角度。请进一步补充：尹正厚先生，遗嘱定稿前后，您去看母亲的次数和大致时间，请按时间顺序讲。请按时间顺序回答。,"Scripted text channel without party a/b as speaker: system, judge, witness, dossier, mediation, aftermath, and milestone copy."
non_party_scripted_text_src_data_scriptedText_family-01_channels_judge_question_.entries_d-1_fact_pursuit_3_.variants_judgeq-d-1-fact_pursuit-3-v1_.behaviorHint,non_party_scripted_text,src/data/scriptedText,family-01,channels[judge_question].entries[d-1|fact_pursuit|3].variants[judgeq-d-1-fact_pursuit-3-v1].behaviorHint,핵심 장면과 실제 개입 범위를 직접 겨눈다. 추정이 아니라 대상과 방식까지 말하게 만드는 단계다.,,,,"Scripted text channel without party a/b as speaker: system, judge, witness, dossier, mediation, aftermath, and milestone copy."
non_party_scripted_text_src_data_scriptedText_family-01_channels_judge_question_.entries_d-1_fact_pursuit_3_.variants_judgeq-d-1-fact_pursuit-3-v1_.text,non_party_scripted_text,src/data/scriptedText,family-01,channels[judge_question].entries[d-1|fact_pursuit|3].variants[judgeq-d-1-fact_pursuit-3-v1].text,"윤정후 씨, 유서 문구를 설명할 때 어머니가 직접 판단하고 답하셨는지 장면과 순서를 나눠 기억하십니까.","Walk the court through the actual sequence around the will drafting, step by step.",ユン・ジョンフさん、遺言書の作成手続きと母の状態について、まず日付ごとの行為を時系列でお答えください。,请进一步补充：尹正厚先生，遗嘱定稿前后，您去看母亲的次数和大致时间，请按时间顺序讲。,"Scripted text channel without party a/b as speaker: system, judge, witness, dossier, mediation, aftermath, and milestone copy."
non_party_scripted_text_src_data_scriptedText_family-01_channels_judge_question_.entries_d-1_fact_pursuit_3_.variants_judgeq-d-1-fact_pursuit-3-v2_.behaviorHint,non_party_scripted_text,src/data/scriptedText,family-01,channels[judge_question].entries[d-1|fact_pursuit|3].variants[judgeq-d-1-fact_pursuit-3-v2].behaviorHint,핵심 장면과 실제 개입 범위를 직접 겨눈다. 추정이 아니라 대상과 방식까지 말하게 만드는 단계다.,,,,"Scripted text channel without party a/b as speaker: system, judge, witness, dossier, mediation, aftermath, and milestone copy."
non_party_scripted_text_src_data_scriptedText_family-01_channels_judge_question_.entries_d-1_fact_pursuit_3_.variants_judgeq-d-1-fact_pursuit-3-v2_.text,non_party_scripted_text,src/data/scriptedText,family-01,channels[judge_question].entries[d-1|fact_pursuit|3].variants[judgeq-d-1-fact_pursuit-3-v2].text,"윤태성 씨, 어머니가 스스로 결정하기 어렵다고 보게 된 결정적 순간이 있었습니까.",Set out the dates and the people present when the will was being prepared.,ユン・ジョンフさん、面会記録と元介護士の証言に残った範囲のうち、ご自身が認める項目から並べてください。,换一个角度。请进一步补充：尹正厚先生，遗嘱定稿前后，您去看母亲的次数和大致时间，请按时间顺序讲。请按时间顺序回答。,"Scripted text channel without party a/b as speaker: system, judge, witness, dossier, mediation, aftermath, and milestone copy."
non_party_scripted_text_src_data_scriptedText_family-01_channels_judge_question_.entries_d-1_fact_pursuit_3_.variants_judgeq-d-1-fact-pursuit-3-v3_.behaviorHint,non_party_scripted_text,src/data/scriptedText,family-01,channels[judge_question].entries[d-1|fact_pursuit|3].variants[judgeq-d-1-fact-pursuit-3-v3].behaviorHint,핵심 장면과 실제 개입 범위를 직접 겨눈다. 추정 대신 방식을 말하게 한다.,,,,"Scripted text channel without party a/b as speaker: system, judge, witness, dossier, mediation, aftermath, and milestone copy."
non_party_scripted_text_src_data_scriptedText_family-01_channels_judge_question_.entries_d-1_fact_pursuit_3_.variants_judgeq-d-1-fact-pursuit-3-v3_.text,non_party_scripted_text,src/data/scriptedText,family-01,channels[judge_question].entries[d-1|fact_pursuit|3].variants[judgeq-d-1-fact-pursuit-3-v3].text,"윤정후 씨, 돕는 일과 대신 정하는 일을 어디서 나누셨습니까.","Tell the court who held the pen, who held the paper, and who was in the room.",ユン・ジョンフさん、遺言書の作成手続きと母の状態を、相手の解釈に触れずにご自身の行為の側から先にお話しください。,让我们再确认一次。请进一步补充：尹正厚先生，遗嘱定稿前后，您去看母亲的次数和大致时间，请按时间顺序讲。请把这一点定准。,"Scripted text channel without party a/b as speaker: system, judge, witness, dossier, mediation, aftermath, and milestone copy."
non_party_scripted_text_src_data_scriptedText_family-01_channels_judge_question_.entries_d-1_fact_pursuit_3_.variants_judgeq-d-1-fact-pursuit-3-v4_.behaviorHint,non_party_scripted_text,src/data/scriptedText,family-01,channels[judge_question].entries[d-1|fact_pursuit|3].variants[judgeq-d-1-fact-pursuit-3-v4].behaviorHint,핵심 장면과 실제 개입 범위를 직접 겨눈다. 추정 대신 방식을 말하게 한다.,,,,"Scripted text channel without party a/b as speaker: system, judge, witness, dossier, mediation, aftermath, and milestone copy."
non_party_scripted_text_src_data_scriptedText_family-01_channels_judge_question_.entries_d-1_fact_pursuit_3_.variants_judgeq-d-1-fact-pursuit-3-v4_.text,non_party_scripted_text,src/data/scriptedText,family-01,channels[judge_question].entries[d-1|fact_pursuit|3].variants[judgeq-d-1-fact-pursuit-3-v4].text,"윤태성 씨, 윤정후 씨 개입이라고 판단한 근거를 하나씩 말씀해 주십시오.","Describe the procedure of the drafting plainly, without interpretation.",ユン・ジョンフさん、面会記録と元介護士の証言のどの部分を直接ご自身で確認されたか、資料単位で整理してお答えください。,请进一步补充：尹正厚先生，遗嘱定稿前后，您去看母亲的次数和大致时间，请按时间顺序讲。,"Scripted text channel without party a/b as speaker: system, judge, witness, dossier, mediation, aftermath, and milestone copy."
non_party_scripted_text_src_data_scriptedText_family-01_channels_judge_question_.entries_d-1_fact_pursuit_3_.variants_judgeq-d-1-fact-pursuit-3-v5_.behaviorHint,non_party_scripted_text,src/data/scriptedText,family-01,channels[judge_question].entries[d-1|fact_pursuit|3].variants[judgeq-d-1-fact-pursuit-3-v5].behaviorHint,핵심 장면과 실제 개입 범위를 직접 겨눈다. 추정 대신 방식을 말하게 한다.,,,,"Scripted text channel without party a/b as speaker: system, judge, witness, dossier, mediation, aftermath, and milestone copy."
non_party_scripted_text_src_data_scriptedText_family-01_channels_judge_question_.entries_d-1_fact_pursuit_3_.variants_judgeq-d-1-fact-pursuit-3-v5_.text,non_party_scripted_text,src/data/scriptedText,family-01,channels[judge_question].entries[d-1|fact_pursuit|3].variants[judgeq-d-1-fact-pursuit-3-v5].text,"두 분, 도움과 개입의 경계를 각자 어떻게 보시는지 답해 주십시오.","Lay out, in order, what happened on the day the document was prepared.",ユン・ジョンフさん、遺言書の作成手続きと母の状態について、まだ供述されていない事実があれば先にお出しください。,换一个角度。请进一步补充：尹正厚先生，遗嘱定稿前后，您去看母亲的次数和大致时间，请按时间顺序讲。请按时间顺序回答。,"Scripted text channel without party a/b as speaker: system, judge, witness, dossier, mediation, aftermath, and milestone copy."
non_party_scripted_text_src_data_scriptedText_family-01_channels_judge_question_.entries_d-1_fact_pursuit_4_.variants_judgeq-d-1-fact_pursuit-4-v1_.behaviorHint,non_party_scripted_text,src/data/scriptedText,family-01,channels[judge_question].entries[d-1|fact_pursuit|4].variants[judgeq-d-1-fact_pursuit-4-v1].behaviorHint,더는 돌릴 수 없도록 결정적 이유와 책임을 묻는다. 사실과 해석이 갈라지는 지점을 바로 세우려는 질문이다.,,,,"Scripted text channel without party a/b as speaker: system, judge, witness, dossier, mediation, aftermath, and milestone copy."
non_party_scripted_text_src_data_scriptedText_family-01_channels_judge_question_.entries_d-1_fact_pursuit_4_.variants_judgeq-d-1-fact_pursuit-4-v1_.text,non_party_scripted_text,src/data/scriptedText,family-01,channels[judge_question].entries[d-1|fact_pursuit|4].variants[judgeq-d-1-fact_pursuit-4-v1].text,"윤정후 씨, 어머니 뜻을 도운 것인지 판단을 끌고 간 것인지 지금 어떻게 구분하십니까.","Walk the court through the actual sequence around the will drafting, step by step.",ユン・ジョンフさん、遺言書の作成手続きと母の状態について、まず日付ごとの行為を時系列でお答えください。,请进一步补充：尹正厚先生，遗嘱定稿前后，您去看母亲的次数和大致时间，请按时间顺序讲。,"Scripted text channel without party a/b as speaker: system, judge, witness, dossier, mediation, aftermath, and milestone copy."
non_party_scripted_text_src_data_scriptedText_family-01_channels_judge_question_.entries_d-1_fact_pursuit_4_.variants_judgeq-d-1-fact_pursuit-4-v2_.behaviorHint,non_party_scripted_text,src/data/scriptedText,family-01,channels[judge_question].entries[d-1|fact_pursuit|4].variants[judgeq-d-1-fact_pursuit-4-v2].behaviorHint,더는 돌릴 수 없도록 결정적 이유와 책임을 묻는다. 사실과 해석이 갈라지는 지점을 바로 세우려는 질문이다.,,,,"Scripted text channel without party a/b as speaker: system, judge, witness, dossier, mediation, aftermath, and milestone copy."
non_party_scripted_text_src_data_scriptedText_family-01_channels_judge_question_.entries_d-1_fact_pursuit_4_.variants_judgeq-d-1-fact_pursuit-4-v2_.text,non_party_scripted_text,src/data/scriptedText,family-01,channels[judge_question].entries[d-1|fact_pursuit|4].variants[judgeq-d-1-fact_pursuit-4-v2].text,"윤태성 씨, 판단 능력이 없었다는 말씀과 어머니가 평소 윤정후 씨를 더 믿었다는 사정은 어떻게 함께 보십니까.",Set out the dates and the people present when the will was being prepared.,ユン・ジョンフさん、面会記録と元介護士の証言に残った範囲のうち、ご自身が認める項目から並べてください。,换一个角度。请进一步补充：尹正厚先生，遗嘱定稿前后，您去看母亲的次数和大致时间，请按时间顺序讲。请按时间顺序回答。,"Scripted text channel without party a/b as speaker: system, judge, witness, dossier, mediation, aftermath, and milestone copy."
non_party_scripted_text_src_data_scriptedText_family-01_channels_judge_question_.entries_d-1_fact_pursuit_4_.variants_judgeq-d-1-fact-pursuit-4-v3_.behaviorHint,non_party_scripted_text,src/data/scriptedText,family-01,channels[judge_question].entries[d-1|fact_pursuit|4].variants[judgeq-d-1-fact-pursuit-4-v3].behaviorHint,결정적 이유와 책임을 묻는다. 사실과 해석이 갈라지는 지점을 바로 세운다.,,,,"Scripted text channel without party a/b as speaker: system, judge, witness, dossier, mediation, aftermath, and milestone copy."
non_party_scripted_text_src_data_scriptedText_family-01_channels_judge_question_.entries_d-1_fact_pursuit_4_.variants_judgeq-d-1-fact-pursuit-4-v3_.text,non_party_scripted_text,src/data/scriptedText,family-01,channels[judge_question].entries[d-1|fact_pursuit|4].variants[judgeq-d-1-fact-pursuit-4-v3].text,"윤정후 씨, 윤태성 씨가 오기 전에 마치려 한 판단을 지금 설명해 주십시오.","Tell the court who held the pen, who held the paper, and who was in the room.",ユン・ジョンフさん、遺言書の作成手続きと母の状態を、相手の解釈に触れずにご自身の行為の側から先にお話しください。,让我们再确认一次。请进一步补充：尹正厚先生，遗嘱定稿前后，您去看母亲的次数和大致时间，请按时间顺序讲。请把这一点定准。,"Scripted text channel without party a/b as speaker: system, judge, witness, dossier, mediation, aftermath, and milestone copy."
non_party_scripted_text_src_data_scriptedText_family-01_channels_judge_question_.entries_d-1_fact_pursuit_4_.variants_judgeq-d-1-fact-pursuit-4-v4_.behaviorHint,non_party_scripted_text,src/data/scriptedText,family-01,channels[judge_question].entries[d-1|fact_pursuit|4].variants[judgeq-d-1-fact-pursuit-4-v4].behaviorHint,결정적 이유와 책임을 묻는다. 사실과 해석이 갈라지는 지점을 바로 세운다.,,,,"Scripted text channel without party a/b as speaker: system, judge, witness, dossier, mediation, aftermath, and milestone copy."
non_party_scripted_text_src_data_scriptedText_family-01_channels_judge_question_.entries_d-1_fact_pursuit_4_.variants_judgeq-d-1-fact-pursuit-4-v4_.text,non_party_scripted_text,src/data/scriptedText,family-01,channels[judge_question].entries[d-1|fact_pursuit|4].variants[judgeq-d-1-fact-pursuit-4-v4].text,"윤태성 씨, 전면 무효 주장에 본인의 분노가 섞였는지 말씀해 주십시오.","Describe the procedure of the drafting plainly, without interpretation.",ユン・ジョンフさん、面会記録と元介護士の証言のどの部分を直接ご自身で確認されたか、資料単位で整理してお答えください。,请进一步补充：尹正厚先生，遗嘱定稿前后，您去看母亲的次数和大致时间，请按时间顺序讲。,"Scripted text channel without party a/b as speaker: system, judge, witness, dossier, mediation, aftermath, and milestone copy."
non_party_scripted_text_src_data_scriptedText_family-01_channels_judge_question_.entries_d-1_fact_pursuit_4_.variants_judgeq-d-1-fact-pursuit-4-v5_.behaviorHint,non_party_scripted_text,src/data/scriptedText,family-01,channels[judge_question].entries[d-1|fact_pursuit|4].variants[judgeq-d-1-fact-pursuit-4-v5].behaviorHint,결정적 이유와 책임을 묻는다. 사실과 해석이 갈라지는 지점을 바로 세운다.,,,,"Scripted text channel without party a/b as speaker: system, judge, witness, dossier, mediation, aftermath, and milestone copy."
non_party_scripted_text_src_data_scriptedText_family-01_channels_judge_question_.entries_d-1_fact_pursuit_4_.variants_judgeq-d-1-fact-pursuit-4-v5_.text,non_party_scripted_text,src/data/scriptedText,family-01,channels[judge_question].entries[d-1|fact_pursuit|4].variants[judgeq-d-1-fact-pursuit-4-v5].text,"두 분, 어머니 의사와 자녀 개입을 분리해 마지막으로 답해 주십시오.","Lay out, in order, what happened on the day the document was prepared.",ユン・ジョンフさん、遺言書の作成手続きと母の状態について、まだ供述されていない事実があれば先にお出しください。,换一个角度。请进一步补充：尹正厚先生，遗嘱定稿前后，您去看母亲的次数和大致时间，请按时间顺序讲。请按时间顺序回答。,"Scripted text channel without party a/b as speaker: system, judge, witness, dossier, mediation, aftermath, and milestone copy."
non_party_scripted_text_src_data_scriptedText_family-01_channels_judge_question_.entries_d-1_motive_search_1_.variants_judgeq-d-1-motive_search-1-v1_.behaviorHint,non_party_scripted_text,src/data/scriptedText,family-01,channels[judge_question].entries[d-1|motive_search|1].variants[judgeq-d-1-motive_search-1-v1].behaviorHint,사실 자체보다 왜 바로 말하지 못했는지의 입구를 연다. 처음의 주저함을 자극하는 질문이다.,,,,"Scripted text channel without party a/b as speaker: system, judge, witness, dossier, mediation, aftermath, and milestone copy."
non_party_scripted_text_src_data_scriptedText_family-01_channels_judge_question_.entries_d-1_motive_search_1_.variants_judgeq-d-1-motive_search-1-v1_.text,non_party_scripted_text,src/data/scriptedText,family-01,channels[judge_question].entries[d-1|motive_search|1].variants[judgeq-d-1-motive_search-1-v1].text,"윤정후 씨, 그 방문과 설명을 윤태성 씨에게 자연스럽게 말하지 못한 이유가 있었습니까.",Why did the drafting move at the speed it did?,ユン・ジョンフさん、遺言書の作成手続きと母の状態を伏せざるを得なかった事情があるなら、その理由をお話しください。,尹正厚先生，您在文字整理这一段做过哪些具体动作，请逐条说明。,"Scripted text channel without party a/b as speaker: system, judge, witness, dossier, mediation, aftermath, and milestone copy."
non_party_scripted_text_src_data_scriptedText_family-01_channels_judge_question_.entries_d-1_motive_search_1_.variants_judgeq-d-1-motive_search-1-v2_.behaviorHint,non_party_scripted_text,src/data/scriptedText,family-01,channels[judge_question].entries[d-1|motive_search|1].variants[judgeq-d-1-motive_search-1-v2].behaviorHint,사실 자체보다 왜 바로 말하지 못했는지의 입구를 연다. 처음의 주저함을 자극하는 질문이다.,,,,"Scripted text channel without party a/b as speaker: system, judge, witness, dossier, mediation, aftermath, and milestone copy."
non_party_scripted_text_src_data_scriptedText_family-01_channels_judge_question_.entries_d-1_motive_search_1_.variants_judgeq-d-1-motive_search-1-v2_.text,non_party_scripted_text,src/data/scriptedText,family-01,channels[judge_question].entries[d-1|motive_search|1].variants[judgeq-d-1-motive_search-1-v2].text,"윤태성 씨, 왜 의학기록보다 윤정후 씨의 의도부터 더 의심하게 되셨습니까.",What made it necessary to finalise the document when it was finalised?,ユン・ジョンフさん、遺言書の作成手続きと母の状態について、ご自身の選択を支えていた動機を順序立ててお答えください。,换一个角度。尹正厚先生，您在文字整理这一段做过哪些具体动作，请逐条说明。请按时间顺序回答。,"Scripted text channel without party a/b as speaker: system, judge, witness, dossier, mediation, aftermath, and milestone copy."
non_party_scripted_text_src_data_scriptedText_family-01_channels_judge_question_.entries_d-1_motive_search_1_.variants_judgeq-d-1-motive-search-1-v3_.behaviorHint,non_party_scripted_text,src/data/scriptedText,family-01,channels[judge_question].entries[d-1|motive_search|1].variants[judgeq-d-1-motive-search-1-v3].behaviorHint,사실 뒤의 첫 이유를 묻는다. 방어를 낮추고 선택의 입구를 연다.,,,,"Scripted text channel without party a/b as speaker: system, judge, witness, dossier, mediation, aftermath, and milestone copy."
non_party_scripted_text_src_data_scriptedText_family-01_channels_judge_question_.entries_d-1_motive_search_1_.variants_judgeq-d-1-motive-search-1-v3_.text,non_party_scripted_text,src/data/scriptedText,family-01,channels[judge_question].entries[d-1|motive_search|1].variants[judgeq-d-1-motive-search-1-v3].text,"윤정후 씨, 말년 방문이 갑자기 늘어난 이유를 차분히 말씀해 주십시오.","Whose convenience did the timing serve, in your view?",ユン・ジョンフさん、その判断を取った動機を、家族の事情への配慮も含めて整えてください。,让我们再确认一次。尹正厚先生，您在文字整理这一段做过哪些具体动作，请逐条说明。请把这一点定准。,"Scripted text channel without party a/b as speaker: system, judge, witness, dossier, mediation, aftermath, and milestone copy."
non_party_scripted_text_src_data_scriptedText_family-01_channels_judge_question_.entries_d-1_motive_search_1_.variants_judgeq-d-1-motive-search-1-v4_.behaviorHint,non_party_scripted_text,src/data/scriptedText,family-01,channels[judge_question].entries[d-1|motive_search|1].variants[judgeq-d-1-motive-search-1-v4].behaviorHint,사실 뒤의 첫 이유를 묻는다. 방어를 낮추고 선택의 입구를 연다.,,,,"Scripted text channel without party a/b as speaker: system, judge, witness, dossier, mediation, aftermath, and milestone copy."
non_party_scripted_text_src_data_scriptedText_family-01_channels_judge_question_.entries_d-1_motive_search_1_.variants_judgeq-d-1-motive-search-1-v4_.text,non_party_scripted_text,src/data/scriptedText,family-01,channels[judge_question].entries[d-1|motive_search|1].variants[judgeq-d-1-motive-search-1-v4].text,"윤태성 씨, 왜 방문 증가를 곧바로 조작 의심으로 읽으셨습니까.",What was driving the rush in those final days?,ユン・ジョンフさん、遺言書の作成手続きと母の状態に向かう前に止まっていた時間があるなら、その理由をお話しください。,尹正厚先生，您在文字整理这一段做过哪些具体动作，请逐条说明。,"Scripted text channel without party a/b as speaker: system, judge, witness, dossier, mediation, aftermath, and milestone copy."
non_party_scripted_text_src_data_scriptedText_family-01_channels_judge_question_.entries_d-1_motive_search_1_.variants_judgeq-d-1-motive-search-1-v5_.behaviorHint,non_party_scripted_text,src/data/scriptedText,family-01,channels[judge_question].entries[d-1|motive_search|1].variants[judgeq-d-1-motive-search-1-v5].behaviorHint,사실 뒤의 첫 이유를 묻는다. 방어를 낮추고 선택의 입구를 연다.,,,,"Scripted text channel without party a/b as speaker: system, judge, witness, dossier, mediation, aftermath, and milestone copy."
non_party_scripted_text_src_data_scriptedText_family-01_channels_judge_question_.entries_d-1_motive_search_1_.variants_judgeq-d-1-motive-search-1-v5_.text,non_party_scripted_text,src/data/scriptedText,family-01,channels[judge_question].entries[d-1|motive_search|1].variants[judgeq-d-1-motive-search-1-v5].text,"두 분, 서로를 의심하게 된 첫 계기를 장면과 순서를 나눠 말씀해 주십시오.",Why was that particular window chosen for the procedure?,ユン・ジョンフさん、説明の機会があったにもかかわらず後ろに送られた理由をお答えください。,换一个角度。尹正厚先生，您在文字整理这一段做过哪些具体动作，请逐条说明。请按时间顺序回答。,"Scripted text channel without party a/b as speaker: system, judge, witness, dossier, mediation, aftermath, and milestone copy."
non_party_scripted_text_src_data_scriptedText_family-01_channels_judge_question_.entries_d-1_motive_search_2_.variants_judgeq-d-1-motive_search-2-v1_.behaviorHint,non_party_scripted_text,src/data/scriptedText,family-01,channels[judge_question].entries[d-1|motive_search|2].variants[judgeq-d-1-motive_search-2-v1].behaviorHint,숨김과 의심이 커진 직접 원인을 묻는다. 선택의 부담을 한 단계 더 구체화하는 흐름이다.,,,,"Scripted text channel without party a/b as speaker: system, judge, witness, dossier, mediation, aftermath, and milestone copy."
non_party_scripted_text_src_data_scriptedText_family-01_channels_judge_question_.entries_d-1_motive_search_2_.variants_judgeq-d-1-motive_search-2-v1_.text,non_party_scripted_text,src/data/scriptedText,family-01,channels[judge_question].entries[d-1|motive_search|2].variants[judgeq-d-1-motive_search-2-v1].text,"윤정후 씨, 윤태성 씨가 오기 전에 끝내려 했다는 말이 나올 만큼 서두른 이유가 무엇입니까.",Why did the drafting move at the speed it did?,ユン・ジョンフさん、遺言書の作成手続きと母の状態を伏せざるを得なかった事情があるなら、その理由をお話しください。,请进一步补充：尹正厚先生，您在文字整理这一段做过哪些具体动作，请逐条说明。,"Scripted text channel without party a/b as speaker: system, judge, witness, dossier, mediation, aftermath, and milestone copy."
non_party_scripted_text_src_data_scriptedText_family-01_channels_judge_question_.entries_d-1_motive_search_2_.variants_judgeq-d-1-motive_search-2-v2_.behaviorHint,non_party_scripted_text,src/data/scriptedText,family-01,channels[judge_question].entries[d-1|motive_search|2].variants[judgeq-d-1-motive_search-2-v2].behaviorHint,숨김과 의심이 커진 직접 원인을 묻는다. 선택의 부담을 한 단계 더 구체화하는 흐름이다.,,,,"Scripted text channel without party a/b as speaker: system, judge, witness, dossier, mediation, aftermath, and milestone copy."
non_party_scripted_text_src_data_scriptedText_family-01_channels_judge_question_.entries_d-1_motive_search_2_.variants_judgeq-d-1-motive_search-2-v2_.text,non_party_scripted_text,src/data/scriptedText,family-01,channels[judge_question].entries[d-1|motive_search|2].variants[judgeq-d-1-motive_search-2-v2].text,"윤태성 씨, 어머니 상태를 따져 묻기보다 윤정후 씨의 속셈을 먼저 보게 된 이유가 무엇입니까.",What made it necessary to finalise the document when it was finalised?,ユン・ジョンフさん、遺言書の作成手続きと母の状態について、ご自身の選択を支えていた動機を順序立ててお答えください。,换一个角度。请进一步补充：尹正厚先生，您在文字整理这一段做过哪些具体动作，请逐条说明。请按时间顺序回答。,"Scripted text channel without party a/b as speaker: system, judge, witness, dossier, mediation, aftermath, and milestone copy."
non_party_scripted_text_src_data_scriptedText_family-01_channels_judge_question_.entries_d-1_motive_search_2_.variants_judgeq-d-1-motive-search-2-v3_.behaviorHint,non_party_scripted_text,src/data/scriptedText,family-01,channels[judge_question].entries[d-1|motive_search|2].variants[judgeq-d-1-motive-search-2-v3].behaviorHint,숨김과 의심이 커진 직접 원인을 묻는다. 부담을 더 구체화한다.,,,,"Scripted text channel without party a/b as speaker: system, judge, witness, dossier, mediation, aftermath, and milestone copy."
non_party_scripted_text_src_data_scriptedText_family-01_channels_judge_question_.entries_d-1_motive_search_2_.variants_judgeq-d-1-motive-search-2-v3_.text,non_party_scripted_text,src/data/scriptedText,family-01,channels[judge_question].entries[d-1|motive_search|2].variants[judgeq-d-1-motive-search-2-v3].text,"윤정후 씨, 윤태성 씨에게 먼저 알리지 않고 진행한 이유가 무엇입니까.","Whose convenience did the timing serve, in your view?",ユン・ジョンフさん、その判断を取った動機を、家族の事情への配慮も含めて整えてください。,让我们再确认一次。请进一步补充：尹正厚先生，您在文字整理这一段做过哪些具体动作，请逐条说明。请把这一点定准。,"Scripted text channel without party a/b as speaker: system, judge, witness, dossier, mediation, aftermath, and milestone copy."
non_party_scripted_text_src_data_scriptedText_family-01_channels_judge_question_.entries_d-1_motive_search_2_.variants_judgeq-d-1-motive-search-2-v4_.behaviorHint,non_party_scripted_text,src/data/scriptedText,family-01,channels[judge_question].entries[d-1|motive_search|2].variants[judgeq-d-1-motive-search-2-v4].behaviorHint,숨김과 의심이 커진 직접 원인을 묻는다. 부담을 더 구체화한다.,,,,"Scripted text channel without party a/b as speaker: system, judge, witness, dossier, mediation, aftermath, and milestone copy."
non_party_scripted_text_src_data_scriptedText_family-01_channels_judge_question_.entries_d-1_motive_search_2_.variants_judgeq-d-1-motive-search-2-v4_.text,non_party_scripted_text,src/data/scriptedText,family-01,channels[judge_question].entries[d-1|motive_search|2].variants[judgeq-d-1-motive-search-2-v4].text,"윤태성 씨, 윤정후 씨를 믿지 못한 이유가 방문기록 때문만이었습니까.",What was driving the rush in those final days?,ユン・ジョンフさん、遺言書の作成手続きと母の状態に向かう前に止まっていた時間があるなら、その理由をお話しください。,请进一步补充：尹正厚先生，您在文字整理这一段做过哪些具体动作，请逐条说明。,"Scripted text channel without party a/b as speaker: system, judge, witness, dossier, mediation, aftermath, and milestone copy."
non_party_scripted_text_src_data_scriptedText_family-01_channels_judge_question_.entries_d-1_motive_search_2_.variants_judgeq-d-1-motive-search-2-v5_.behaviorHint,non_party_scripted_text,src/data/scriptedText,family-01,channels[judge_question].entries[d-1|motive_search|2].variants[judgeq-d-1-motive-search-2-v5].behaviorHint,숨김과 의심이 커진 직접 원인을 묻는다. 부담을 더 구체화한다.,,,,"Scripted text channel without party a/b as speaker: system, judge, witness, dossier, mediation, aftermath, and milestone copy."
non_party_scripted_text_src_data_scriptedText_family-01_channels_judge_question_.entries_d-1_motive_search_2_.variants_judgeq-d-1-motive-search-2-v5_.text,non_party_scripted_text,src/data/scriptedText,family-01,channels[judge_question].entries[d-1|motive_search|2].variants[judgeq-d-1-motive-search-2-v5].text,"두 분, 그 시기에 대화를 피한 이유를 각자 말씀해 주십시오.",Why was that particular window chosen for the procedure?,ユン・ジョンフさん、説明の機会があったにもかかわらず後ろに送られた理由をお答えください。,换一个角度。请进一步补充：尹正厚先生，您在文字整理这一段做过哪些具体动作，请逐条说明。请按时间顺序回答。,"Scripted text channel without party a/b as speaker: system, judge, witness, dossier, mediation, aftermath, and milestone copy."
non_party_scripted_text_src_data_scriptedText_family-01_channels_judge_question_.entries_d-1_motive_search_3_.variants_judgeq-d-1-motive_search-3-v1_.behaviorHint,non_party_scripted_text,src/data/scriptedText,family-01,channels[judge_question].entries[d-1|motive_search|3].variants[judgeq-d-1-motive_search-3-v1].behaviorHint,관계 안쪽의 공포와 체면을 직접 건드린다. 말 바깥에 있던 불안을 꺼내게 하는 단계다.,,,,"Scripted text channel without party a/b as speaker: system, judge, witness, dossier, mediation, aftermath, and milestone copy."
non_party_scripted_text_src_data_scriptedText_family-01_channels_judge_question_.entries_d-1_motive_search_3_.variants_judgeq-d-1-motive_search-3-v1_.text,non_party_scripted_text,src/data/scriptedText,family-01,channels[judge_question].entries[d-1|motive_search|3].variants[judgeq-d-1-motive_search-3-v1].text,"윤정후 씨, 어머니 뜻을 지킨다는 마음과 윤태성 씨를 피해야 한다는 마음 중 무엇이 더 컸습니까.",Why did the drafting move at the speed it did?,ユン・ジョンフさん、遺言書の作成手続きと母の状態を伏せざるを得なかった事情があるなら、その理由をお話しください。,请进一步补充：尹正厚先生，您在文字整理这一段做过哪些具体动作，请逐条说明。,"Scripted text channel without party a/b as speaker: system, judge, witness, dossier, mediation, aftermath, and milestone copy."
non_party_scripted_text_src_data_scriptedText_family-01_channels_judge_question_.entries_d-1_motive_search_3_.variants_judgeq-d-1-motive_search-3-v2_.behaviorHint,non_party_scripted_text,src/data/scriptedText,family-01,channels[judge_question].entries[d-1|motive_search|3].variants[judgeq-d-1-motive_search-3-v2].behaviorHint,관계 안쪽의 공포와 체면을 직접 건드린다. 말 바깥에 있던 불안을 꺼내게 하는 단계다.,,,,"Scripted text channel without party a/b as speaker: system, judge, witness, dossier, mediation, aftermath, and milestone copy."
non_party_scripted_text_src_data_scriptedText_family-01_channels_judge_question_.entries_d-1_motive_search_3_.variants_judgeq-d-1-motive_search-3-v2_.text,non_party_scripted_text,src/data/scriptedText,family-01,channels[judge_question].entries[d-1|motive_search|3].variants[judgeq-d-1-motive_search-3-v2].text,"윤태성 씨, 말년에 돌보는 자리에서 밀려났다는 감정이 판단에 섞였다고 보십니까.",What made it necessary to finalise the document when it was finalised?,ユン・ジョンフさん、遺言書の作成手続きと母の状態について、ご自身の選択を支えていた動機を順序立ててお答えください。,换一个角度。请进一步补充：尹正厚先生，您在文字整理这一段做过哪些具体动作，请逐条说明。请按时间顺序回答。,"Scripted text channel without party a/b as speaker: system, judge, witness, dossier, mediation, aftermath, and milestone copy."
non_party_scripted_text_src_data_scriptedText_family-01_channels_judge_question_.entries_d-1_motive_search_3_.variants_judgeq-d-1-motive-search-3-v3_.behaviorHint,non_party_scripted_text,src/data/scriptedText,family-01,channels[judge_question].entries[d-1|motive_search|3].variants[judgeq-d-1-motive-search-3-v3].behaviorHint,관계 안쪽의 공포와 체면을 건드린다. 말 바깥의 이유를 꺼내게 한다.,,,,"Scripted text channel without party a/b as speaker: system, judge, witness, dossier, mediation, aftermath, and milestone copy."
non_party_scripted_text_src_data_scriptedText_family-01_channels_judge_question_.entries_d-1_motive_search_3_.variants_judgeq-d-1-motive-search-3-v3_.text,non_party_scripted_text,src/data/scriptedText,family-01,channels[judge_question].entries[d-1|motive_search|3].variants[judgeq-d-1-motive-search-3-v3].text,"윤정후 씨, 어머니 뜻을 확인하려 했다는 말 뒤에 어떤 부담이 있었습니까.","Whose convenience did the timing serve, in your view?",ユン・ジョンフさん、その判断を取った動機を、家族の事情への配慮も含めて整えてください。,让我们再确认一次。请进一步补充：尹正厚先生，您在文字整理这一段做过哪些具体动作，请逐条说明。请把这一点定准。,"Scripted text channel without party a/b as speaker: system, judge, witness, dossier, mediation, aftermath, and milestone copy."
non_party_scripted_text_src_data_scriptedText_family-01_channels_judge_question_.entries_d-1_motive_search_3_.variants_judgeq-d-1-motive-search-3-v4_.behaviorHint,non_party_scripted_text,src/data/scriptedText,family-01,channels[judge_question].entries[d-1|motive_search|3].variants[judgeq-d-1-motive-search-3-v4].behaviorHint,관계 안쪽의 공포와 체면을 건드린다. 말 바깥의 이유를 꺼내게 한다.,,,,"Scripted text channel without party a/b as speaker: system, judge, witness, dossier, mediation, aftermath, and milestone copy."
non_party_scripted_text_src_data_scriptedText_family-01_channels_judge_question_.entries_d-1_motive_search_3_.variants_judgeq-d-1-motive-search-3-v4_.text,non_party_scripted_text,src/data/scriptedText,family-01,channels[judge_question].entries[d-1|motive_search|3].variants[judgeq-d-1-motive-search-3-v4].text,"윤태성 씨, 윤정후 씨가 어머니를 움직였다고 확신한 이유를 설명해 주십시오.",What was driving the rush in those final days?,ユン・ジョンフさん、遺言書の作成手続きと母の状態に向かう前に止まっていた時間があるなら、その理由をお話しください。,请进一步补充：尹正厚先生，您在文字整理这一段做过哪些具体动作，请逐条说明。,"Scripted text channel without party a/b as speaker: system, judge, witness, dossier, mediation, aftermath, and milestone copy."
non_party_scripted_text_src_data_scriptedText_family-01_channels_judge_question_.entries_d-1_motive_search_3_.variants_judgeq-d-1-motive-search-3-v5_.behaviorHint,non_party_scripted_text,src/data/scriptedText,family-01,channels[judge_question].entries[d-1|motive_search|3].variants[judgeq-d-1-motive-search-3-v5].behaviorHint,관계 안쪽의 공포와 체면을 건드린다. 말 바깥의 이유를 꺼내게 한다.,,,,"Scripted text channel without party a/b as speaker: system, judge, witness, dossier, mediation, aftermath, and milestone copy."
non_party_scripted_text_src_data_scriptedText_family-01_channels_judge_question_.entries_d-1_motive_search_3_.variants_judgeq-d-1-motive-search-3-v5_.text,non_party_scripted_text,src/data/scriptedText,family-01,channels[judge_question].entries[d-1|motive_search|3].variants[judgeq-d-1-motive-search-3-v5].text,"두 분, 공증 전 침묵이 누구에게 어떤 부담을 줬는지 말씀해 주십시오.",Why was that particular window chosen for the procedure?,ユン・ジョンフさん、説明の機会があったにもかかわらず後ろに送られた理由をお答えください。,换一个角度。请进一步补充：尹正厚先生，您在文字整理这一段做过哪些具体动作，请逐条说明。请按时间顺序回答。,"Scripted text channel without party a/b as speaker: system, judge, witness, dossier, mediation, aftermath, and milestone copy."
non_party_scripted_text_src_data_scriptedText_family-01_channels_judge_question_.entries_d-1_motive_search_4_.variants_judgeq-d-1-motive_search-4-v1_.behaviorHint,non_party_scripted_text,src/data/scriptedText,family-01,channels[judge_question].entries[d-1|motive_search|4].variants[judgeq-d-1-motive_search-4-v1].behaviorHint,핑계가 아니라 선택의 이유를 묻는다. 왜 그 선을 넘거나 단정했는지를 정면으로 겨눈다.,,,,"Scripted text channel without party a/b as speaker: system, judge, witness, dossier, mediation, aftermath, and milestone copy."
non_party_scripted_text_src_data_scriptedText_family-01_channels_judge_question_.entries_d-1_motive_search_4_.variants_judgeq-d-1-motive_search-4-v1_.text,non_party_scripted_text,src/data/scriptedText,family-01,channels[judge_question].entries[d-1|motive_search|4].variants[judgeq-d-1-motive_search-4-v1].text,"윤정후 씨, 어머니가 직접 판단하셨다고 보면서도 윤태성 씨를 밖에 두려 한 선택은 왜 필요했다고 보셨습니까.",Why did the drafting move at the speed it did?,ユン・ジョンフさん、遺言書の作成手続きと母の状態を伏せざるを得なかった事情があるなら、その理由をお話しください。,请进一步补充：尹正厚先生，您在文字整理这一段做过哪些具体动作，请逐条说明。,"Scripted text channel without party a/b as speaker: system, judge, witness, dossier, mediation, aftermath, and milestone copy."
non_party_scripted_text_src_data_scriptedText_family-01_channels_judge_question_.entries_d-1_motive_search_4_.variants_judgeq-d-1-motive_search-4-v2_.behaviorHint,non_party_scripted_text,src/data/scriptedText,family-01,channels[judge_question].entries[d-1|motive_search|4].variants[judgeq-d-1-motive_search-4-v2].behaviorHint,핑계가 아니라 선택의 이유를 묻는다. 왜 그 선을 넘거나 단정했는지를 정면으로 겨눈다.,,,,"Scripted text channel without party a/b as speaker: system, judge, witness, dossier, mediation, aftermath, and milestone copy."
non_party_scripted_text_src_data_scriptedText_family-01_channels_judge_question_.entries_d-1_motive_search_4_.variants_judgeq-d-1-motive_search-4-v2_.text,non_party_scripted_text,src/data/scriptedText,family-01,channels[judge_question].entries[d-1|motive_search|4].variants[judgeq-d-1-motive_search-4-v2].text,"윤태성 씨, 어머니 상태를 문제 삼는 일 안에 장남 자리에서 밀려날 두려움도 함께 있었던 건 아닙니까.",What made it necessary to finalise the document when it was finalised?,ユン・ジョンフさん、遺言書の作成手続きと母の状態について、ご自身の選択を支えていた動機を順序立ててお答えください。,换一个角度。请进一步补充：尹正厚先生，您在文字整理这一段做过哪些具体动作，请逐条说明。请按时间顺序回答。,"Scripted text channel without party a/b as speaker: system, judge, witness, dossier, mediation, aftermath, and milestone copy."
non_party_scripted_text_src_data_scriptedText_family-01_channels_judge_question_.entries_d-1_motive_search_4_.variants_judgeq-d-1-motive-search-4-v3_.behaviorHint,non_party_scripted_text,src/data/scriptedText,family-01,channels[judge_question].entries[d-1|motive_search|4].variants[judgeq-d-1-motive-search-4-v3].behaviorHint,핑계가 아니라 선택의 이유를 묻는다. 왜 그 선을 넘었는지 겨눈다.,,,,"Scripted text channel without party a/b as speaker: system, judge, witness, dossier, mediation, aftermath, and milestone copy."
non_party_scripted_text_src_data_scriptedText_family-01_channels_judge_question_.entries_d-1_motive_search_4_.variants_judgeq-d-1-motive-search-4-v3_.text,non_party_scripted_text,src/data/scriptedText,family-01,channels[judge_question].entries[d-1|motive_search|4].variants[judgeq-d-1-motive-search-4-v3].text,"윤정후 씨, 어머니를 돕는다는 명분으로 선을 넘었다면 왜 그랬습니까.","Whose convenience did the timing serve, in your view?",ユン・ジョンフさん、その判断を取った動機を、家族の事情への配慮も含めて整えてください。,让我们再确认一次。请进一步补充：尹正厚先生，您在文字整理这一段做过哪些具体动作，请逐条说明。请把这一点定准。,"Scripted text channel without party a/b as speaker: system, judge, witness, dossier, mediation, aftermath, and milestone copy."
non_party_scripted_text_src_data_scriptedText_family-01_channels_judge_question_.entries_d-1_motive_search_4_.variants_judgeq-d-1-motive-search-4-v4_.behaviorHint,non_party_scripted_text,src/data/scriptedText,family-01,channels[judge_question].entries[d-1|motive_search|4].variants[judgeq-d-1-motive-search-4-v4].behaviorHint,핑계가 아니라 선택의 이유를 묻는다. 왜 그 선을 넘었는지 겨눈다.,,,,"Scripted text channel without party a/b as speaker: system, judge, witness, dossier, mediation, aftermath, and milestone copy."
non_party_scripted_text_src_data_scriptedText_family-01_channels_judge_question_.entries_d-1_motive_search_4_.variants_judgeq-d-1-motive-search-4-v4_.text,non_party_scripted_text,src/data/scriptedText,family-01,channels[judge_question].entries[d-1|motive_search|4].variants[judgeq-d-1-motive-search-4-v4].text,"윤태성 씨, 돌봄의 자부심이 다른 가능성을 밀어냈는지 답해 주십시오.",What was driving the rush in those final days?,ユン・ジョンフさん、遺言書の作成手続きと母の状態に向かう前に止まっていた時間があるなら、その理由をお話しください。,请进一步补充：尹正厚先生，您在文字整理这一段做过哪些具体动作，请逐条说明。,"Scripted text channel without party a/b as speaker: system, judge, witness, dossier, mediation, aftermath, and milestone copy."
non_party_scripted_text_src_data_scriptedText_family-01_channels_judge_question_.entries_d-1_motive_search_4_.variants_judgeq-d-1-motive-search-4-v5_.behaviorHint,non_party_scripted_text,src/data/scriptedText,family-01,channels[judge_question].entries[d-1|motive_search|4].variants[judgeq-d-1-motive-search-4-v5].behaviorHint,핑계가 아니라 선택의 이유를 묻는다. 왜 그 선을 넘었는지 겨눈다.,,,,"Scripted text channel without party a/b as speaker: system, judge, witness, dossier, mediation, aftermath, and milestone copy."
non_party_scripted_text_src_data_scriptedText_family-01_channels_judge_question_.entries_d-1_motive_search_4_.variants_judgeq-d-1-motive-search-4-v5_.text,non_party_scripted_text,src/data/scriptedText,family-01,channels[judge_question].entries[d-1|motive_search|4].variants[judgeq-d-1-motive-search-4-v5].text,"두 분, 그날의 선택이 어머니에게 어떤 부담이었는지 말씀해 주십시오.",Why was that particular window chosen for the procedure?,ユン・ジョンフさん、説明の機会があったにもかかわらず後ろに送られた理由をお答えください。,换一个角度。请进一步补充：尹正厚先生，您在文字整理这一段做过哪些具体动作，请逐条说明。请按时间顺序回答。,"Scripted text channel without party a/b as speaker: system, judge, witness, dossier, mediation, aftermath, and milestone copy."
non_party_scripted_text_src_data_scriptedText_family-01_channels_judge_question_.entries_d-2_empathy_approach_1_.variants_judgeq-d-2-empathy_approach-1-v1_.behaviorHint,non_party_scripted_text,src/data/scriptedText,family-01,channels[judge_question].entries[d-2|empathy_approach|1].variants[judgeq-d-2-empathy_approach-1-v1].behaviorHint,판단보다 감정의 첫 반응을 묻는다. 방어를 조금 낮추고 안쪽 정서를 끌어내는 질문이다.,,,,"Scripted text channel without party a/b as speaker: system, judge, witness, dossier, mediation, aftermath, and milestone copy."
non_party_scripted_text_src_data_scriptedText_family-01_channels_judge_question_.entries_d-2_empathy_approach_1_.variants_judgeq-d-2-empathy_approach-1-v1_.text,non_party_scripted_text,src/data/scriptedText,family-01,channels[judge_question].entries[d-2|empathy_approach|1].variants[judgeq-d-2-empathy_approach-1-v1].text,"윤정후 씨, 그 문서를 고치던 순간 가장 먼저 떠오른 사람이 누구였습니까.",I am not asking who is at fault for the gap yet; I am asking what it felt like to see the two on the same table.,ユン・テソンさん、公証本と自筆練習本の差を前にして揺れていた時間も含めて、率直なところをお答えください。,尹泰成先生，您看到公证副本上的安排时，第一反应是什么，请讲。,"Scripted text channel without party a/b as speaker: system, judge, witness, dossier, mediation, aftermath, and milestone copy."
non_party_scripted_text_src_data_scriptedText_family-01_channels_judge_question_.entries_d-2_empathy_approach_1_.variants_judgeq-d-2-empathy_approach-1-v2_.behaviorHint,non_party_scripted_text,src/data/scriptedText,family-01,channels[judge_question].entries[d-2|empathy_approach|1].variants[judgeq-d-2-empathy_approach-1-v2].behaviorHint,판단보다 감정의 첫 반응을 묻는다. 방어를 조금 낮추고 안쪽 정서를 끌어내는 질문이다.,,,,"Scripted text channel without party a/b as speaker: system, judge, witness, dossier, mediation, aftermath, and milestone copy."
non_party_scripted_text_src_data_scriptedText_family-01_channels_judge_question_.entries_d-2_empathy_approach_1_.variants_judgeq-d-2-empathy_approach-1-v2_.text,non_party_scripted_text,src/data/scriptedText,family-01,channels[judge_question].entries[d-2|empathy_approach|1].variants[judgeq-d-2-empathy_approach-1-v2].text,"윤태성 씨, 공증본을 처음 봤을 때 가장 먼저 든 감정은 분노였습니까, 모멸감이었습니까.",Tell me what it was like to read those two documents side by side.,ユン・テソンさん、公証本と自筆練習本の差を見て胸の中で結論に向かっていった経緯を、お話しください。,换一个角度。尹泰成先生，您看到公证副本上的安排时，第一反应是什么，请讲。请按时间顺序回答。,"Scripted text channel without party a/b as speaker: system, judge, witness, dossier, mediation, aftermath, and milestone copy."
non_party_scripted_text_src_data_scriptedText_family-01_channels_judge_question_.entries_d-2_empathy_approach_1_.variants_judgeq-d-2-empathy-approach-1-v3_.behaviorHint,non_party_scripted_text,src/data/scriptedText,family-01,channels[judge_question].entries[d-2|empathy_approach|1].variants[judgeq-d-2-empathy-approach-1-v3].behaviorHint,판단보다 감정의 첫 반응을 묻는다. 방어를 조금 낮추는 질문이다.,,,,"Scripted text channel without party a/b as speaker: system, judge, witness, dossier, mediation, aftermath, and milestone copy."
non_party_scripted_text_src_data_scriptedText_family-01_channels_judge_question_.entries_d-2_empathy_approach_1_.variants_judgeq-d-2-empathy-approach-1-v3_.text,non_party_scripted_text,src/data/scriptedText,family-01,channels[judge_question].entries[d-2|empathy_approach|1].variants[judgeq-d-2-empathy-approach-1-v3].text,"윤정후 씨, 자필 연습본을 들고 있을 때 가장 먼저 떠오른 사람은 누구였습니까.",I want to understand the human side of the gap before we measure it.,ユン・テソンさん、公証本と自筆練習本の差について、いま胸の中にある事情を整えてお答えください。,让我们再确认一次。尹泰成先生，您看到公证副本上的安排时，第一反应是什么，请讲。请把这一点定准。,"Scripted text channel without party a/b as speaker: system, judge, witness, dossier, mediation, aftermath, and milestone copy."
non_party_scripted_text_src_data_scriptedText_family-01_channels_judge_question_.entries_d-2_empathy_approach_1_.variants_judgeq-d-2-empathy-approach-1-v4_.behaviorHint,non_party_scripted_text,src/data/scriptedText,family-01,channels[judge_question].entries[d-2|empathy_approach|1].variants[judgeq-d-2-empathy-approach-1-v4].behaviorHint,판단보다 감정의 첫 반응을 묻는다. 방어를 조금 낮추는 질문이다.,,,,"Scripted text channel without party a/b as speaker: system, judge, witness, dossier, mediation, aftermath, and milestone copy."
non_party_scripted_text_src_data_scriptedText_family-01_channels_judge_question_.entries_d-2_empathy_approach_1_.variants_judgeq-d-2-empathy-approach-1-v4_.text,non_party_scripted_text,src/data/scriptedText,family-01,channels[judge_question].entries[d-2|empathy_approach|1].variants[judgeq-d-2-empathy-approach-1-v4].text,"윤태성 씨, 작게 적힌 몫을 보는 순간 가장 먼저 무너진 마음은 무엇입니까.",What did it cost you to see the two documents together?,ユン・テソンさん、不安と確信の境目で何が決め手になったのか、お話しいただけますか。,尹泰成先生，您看到公证副本上的安排时，第一反应是什么，请讲。,"Scripted text channel without party a/b as speaker: system, judge, witness, dossier, mediation, aftermath, and milestone copy."
non_party_scripted_text_src_data_scriptedText_family-01_channels_judge_question_.entries_d-2_empathy_approach_1_.variants_judgeq-d-2-empathy-approach-1-v5_.behaviorHint,non_party_scripted_text,src/data/scriptedText,family-01,channels[judge_question].entries[d-2|empathy_approach|1].variants[judgeq-d-2-empathy-approach-1-v5].behaviorHint,판단보다 감정의 첫 반응을 묻는다. 방어를 조금 낮추는 질문이다.,,,,"Scripted text channel without party a/b as speaker: system, judge, witness, dossier, mediation, aftermath, and milestone copy."
non_party_scripted_text_src_data_scriptedText_family-01_channels_judge_question_.entries_d-2_empathy_approach_1_.variants_judgeq-d-2-empathy-approach-1-v5_.text,non_party_scripted_text,src/data/scriptedText,family-01,channels[judge_question].entries[d-2|empathy_approach|1].variants[judgeq-d-2-empathy-approach-1-v5].text,"두 분, 그 문서가 각자에게 어떤 상처로 남았는지 말씀해 주십시오.","Speak to me about the feeling of that comparison, not the legal weight.",ユン・テソンさん、公証本と自筆練習本の差を伏せていた間の心情を、率直に整えてください。,换一个角度。尹泰成先生，您看到公证副本上的安排时，第一反应是什么，请讲。请按时间顺序回答。,"Scripted text channel without party a/b as speaker: system, judge, witness, dossier, mediation, aftermath, and milestone copy."
non_party_scripted_text_src_data_scriptedText_family-01_channels_judge_question_.entries_d-2_empathy_approach_2_.variants_judgeq-d-2-empathy_approach-2-v1_.behaviorHint,non_party_scripted_text,src/data/scriptedText,family-01,channels[judge_question].entries[d-2|empathy_approach|2].variants[judgeq-d-2-empathy_approach-2-v1].behaviorHint,죄책감과 불안을 시간의 흐름 안에서 묻는다. 감정이 커진 지점을 기억하게 만드는 질문이다.,,,,"Scripted text channel without party a/b as speaker: system, judge, witness, dossier, mediation, aftermath, and milestone copy."
non_party_scripted_text_src_data_scriptedText_family-01_channels_judge_question_.entries_d-2_empathy_approach_2_.variants_judgeq-d-2-empathy_approach-2-v1_.text,non_party_scripted_text,src/data/scriptedText,family-01,channels[judge_question].entries[d-2|empathy_approach|2].variants[judgeq-d-2-empathy_approach-2-v1].text,"윤정후 씨, 그 선택 뒤에 윤태성 씨를 지켜야 한다는 마음과 어머니 뜻을 거스른 두려움이 함께 있었습니까.",I am not asking who is at fault for the gap yet; I am asking what it felt like to see the two on the same table.,ユン・テソンさん、公証本と自筆練習本の差を前にして揺れていた時間も含めて、率直なところをお答えください。,请进一步补充：尹泰成先生，您看到公证副本上的安排时，第一反应是什么，请讲。,"Scripted text channel without party a/b as speaker: system, judge, witness, dossier, mediation, aftermath, and milestone copy."
non_party_scripted_text_src_data_scriptedText_family-01_channels_judge_question_.entries_d-2_empathy_approach_2_.variants_judgeq-d-2-empathy_approach-2-v2_.behaviorHint,non_party_scripted_text,src/data/scriptedText,family-01,channels[judge_question].entries[d-2|empathy_approach|2].variants[judgeq-d-2-empathy_approach-2-v2].behaviorHint,죄책감과 불안을 시간의 흐름 안에서 묻는다. 감정이 커진 지점을 기억하게 만드는 질문이다.,,,,"Scripted text channel without party a/b as speaker: system, judge, witness, dossier, mediation, aftermath, and milestone copy."
non_party_scripted_text_src_data_scriptedText_family-01_channels_judge_question_.entries_d-2_empathy_approach_2_.variants_judgeq-d-2-empathy_approach-2-v2_.text,non_party_scripted_text,src/data/scriptedText,family-01,channels[judge_question].entries[d-2|empathy_approach|2].variants[judgeq-d-2-empathy_approach-2-v2].text,"윤태성 씨, 그 문서를 보는 순간 장남으로서 자리가 무너진다고 느끼셨습니까.",Tell me what it was like to read those two documents side by side.,ユン・テソンさん、公証本と自筆練習本の差を見て胸の中で結論に向かっていった経緯を、お話しください。,换一个角度。请进一步补充：尹泰成先生，您看到公证副本上的安排时，第一反应是什么，请讲。请按时间顺序回答。,"Scripted text channel without party a/b as speaker: system, judge, witness, dossier, mediation, aftermath, and milestone copy."
non_party_scripted_text_src_data_scriptedText_family-01_channels_judge_question_.entries_d-2_empathy_approach_2_.variants_judgeq-d-2-empathy-approach-2-v3_.behaviorHint,non_party_scripted_text,src/data/scriptedText,family-01,channels[judge_question].entries[d-2|empathy_approach|2].variants[judgeq-d-2-empathy-approach-2-v3].behaviorHint,죄책감과 불안을 시간의 흐름 안에서 묻는다. 감정이 커진 지점을 찾는다.,,,,"Scripted text channel without party a/b as speaker: system, judge, witness, dossier, mediation, aftermath, and milestone copy."
non_party_scripted_text_src_data_scriptedText_family-01_channels_judge_question_.entries_d-2_empathy_approach_2_.variants_judgeq-d-2-empathy-approach-2-v3_.text,non_party_scripted_text,src/data/scriptedText,family-01,channels[judge_question].entries[d-2|empathy_approach|2].variants[judgeq-d-2-empathy-approach-2-v3].text,"윤정후 씨, 자필 연습본을 숨긴 뒤 윤태성 씨를 볼 때 어떤 감정이 들었습니까.",I want to understand the human side of the gap before we measure it.,ユン・テソンさん、公証本と自筆練習本の差について、いま胸の中にある事情を整えてお答えください。,让我们再确认一次。请进一步补充：尹泰成先生，您看到公证副本上的安排时，第一反应是什么，请讲。请把这一点定准。,"Scripted text channel without party a/b as speaker: system, judge, witness, dossier, mediation, aftermath, and milestone copy."
non_party_scripted_text_src_data_scriptedText_family-01_channels_judge_question_.entries_d-2_empathy_approach_2_.variants_judgeq-d-2-empathy-approach-2-v4_.behaviorHint,non_party_scripted_text,src/data/scriptedText,family-01,channels[judge_question].entries[d-2|empathy_approach|2].variants[judgeq-d-2-empathy-approach-2-v4].behaviorHint,죄책감과 불안을 시간의 흐름 안에서 묻는다. 감정이 커진 지점을 찾는다.,,,,"Scripted text channel without party a/b as speaker: system, judge, witness, dossier, mediation, aftermath, and milestone copy."
non_party_scripted_text_src_data_scriptedText_family-01_channels_judge_question_.entries_d-2_empathy_approach_2_.variants_judgeq-d-2-empathy-approach-2-v4_.text,non_party_scripted_text,src/data/scriptedText,family-01,channels[judge_question].entries[d-2|empathy_approach|2].variants[judgeq-d-2-empathy-approach-2-v4].text,"윤태성 씨, 자필 연습본을 늦게 알게 된 일이 왜 더 큰 배신으로 느껴졌습니까.",What did it cost you to see the two documents together?,ユン・テソンさん、不安と確信の境目で何が決め手になったのか、お話しいただけますか。,请进一步补充：尹泰成先生，您看到公证副本上的安排时，第一反应是什么，请讲。,"Scripted text channel without party a/b as speaker: system, judge, witness, dossier, mediation, aftermath, and milestone copy."
non_party_scripted_text_src_data_scriptedText_family-01_channels_judge_question_.entries_d-2_empathy_approach_2_.variants_judgeq-d-2-empathy-approach-2-v5_.behaviorHint,non_party_scripted_text,src/data/scriptedText,family-01,channels[judge_question].entries[d-2|empathy_approach|2].variants[judgeq-d-2-empathy-approach-2-v5].behaviorHint,죄책감과 불안을 시간의 흐름 안에서 묻는다. 감정이 커진 지점을 찾는다.,,,,"Scripted text channel without party a/b as speaker: system, judge, witness, dossier, mediation, aftermath, and milestone copy."
non_party_scripted_text_src_data_scriptedText_family-01_channels_judge_question_.entries_d-2_empathy_approach_2_.variants_judgeq-d-2-empathy-approach-2-v5_.text,non_party_scripted_text,src/data/scriptedText,family-01,channels[judge_question].entries[d-2|empathy_approach|2].variants[judgeq-d-2-empathy-approach-2-v5].text,"두 분, 같은 문서를 두고 서로 다르게 다친 이유를 말씀해 주십시오.","Speak to me about the feeling of that comparison, not the legal weight.",ユン・テソンさん、公証本と自筆練習本の差を伏せていた間の心情を、率直に整えてください。,换一个角度。请进一步补充：尹泰成先生，您看到公证副本上的安排时，第一反应是什么，请讲。请按时间顺序回答。,"Scripted text channel without party a/b as speaker: system, judge, witness, dossier, mediation, aftermath, and milestone copy."
non_party_scripted_text_src_data_scriptedText_family-01_channels_judge_question_.entries_d-2_empathy_approach_3_.variants_judgeq-d-2-empathy_approach-3-v1_.behaviorHint,non_party_scripted_text,src/data/scriptedText,family-01,channels[judge_question].entries[d-2|empathy_approach|3].variants[judgeq-d-2-empathy_approach-3-v1].behaviorHint,사실 뒤에 눌려 있던 두려움을 직접 건드린다. 관계 붕괴를 무서워한 마음을 말하게 하는 단계다.,,,,"Scripted text channel without party a/b as speaker: system, judge, witness, dossier, mediation, aftermath, and milestone copy."
non_party_scripted_text_src_data_scriptedText_family-01_channels_judge_question_.entries_d-2_empathy_approach_3_.variants_judgeq-d-2-empathy_approach-3-v1_.text,non_party_scripted_text,src/data/scriptedText,family-01,channels[judge_question].entries[d-2|empathy_approach|3].variants[judgeq-d-2-empathy_approach-3-v1].text,"윤정후 씨, 윤태성 씨가 자필 연습본을 보면 끝까지 파고들까 두려웠다는 뜻입니까.",I am not asking who is at fault for the gap yet; I am asking what it felt like to see the two on the same table.,ユン・テソンさん、公証本と自筆練習本の差を前にして揺れていた時間も含めて、率直なところをお答えください。,请进一步补充：尹泰成先生，您看到公证副本上的安排时，第一反应是什么，请讲。,"Scripted text channel without party a/b as speaker: system, judge, witness, dossier, mediation, aftermath, and milestone copy."
non_party_scripted_text_src_data_scriptedText_family-01_channels_judge_question_.entries_d-2_empathy_approach_3_.variants_judgeq-d-2-empathy_approach-3-v2_.behaviorHint,non_party_scripted_text,src/data/scriptedText,family-01,channels[judge_question].entries[d-2|empathy_approach|3].variants[judgeq-d-2-empathy_approach-3-v2].behaviorHint,사실 뒤에 눌려 있던 두려움을 직접 건드린다. 관계 붕괴를 무서워한 마음을 말하게 하는 단계다.,,,,"Scripted text channel without party a/b as speaker: system, judge, witness, dossier, mediation, aftermath, and milestone copy."
non_party_scripted_text_src_data_scriptedText_family-01_channels_judge_question_.entries_d-2_empathy_approach_3_.variants_judgeq-d-2-empathy_approach-3-v2_.text,non_party_scripted_text,src/data/scriptedText,family-01,channels[judge_question].entries[d-2|empathy_approach|3].variants[judgeq-d-2-empathy_approach-3-v2].text,"윤태성 씨, 윤정후 씨가 문서를 바꿨다는 사실보다 어머니 마음이 달랐을 수 있다는 점이 더 두려우셨습니까.",Tell me what it was like to read those two documents side by side.,ユン・テソンさん、公証本と自筆練習本の差を見て胸の中で結論に向かっていった経緯を、お話しください。,换一个角度。请进一步补充：尹泰成先生，您看到公证副本上的安排时，第一反应是什么，请讲。请按时间顺序回答。,"Scripted text channel without party a/b as speaker: system, judge, witness, dossier, mediation, aftermath, and milestone copy."
non_party_scripted_text_src_data_scriptedText_family-01_channels_judge_question_.entries_d-2_empathy_approach_3_.variants_judgeq-d-2-empathy-approach-3-v3_.behaviorHint,non_party_scripted_text,src/data/scriptedText,family-01,channels[judge_question].entries[d-2|empathy_approach|3].variants[judgeq-d-2-empathy-approach-3-v3].behaviorHint,사실 뒤에 눌려 있던 두려움을 직접 건드린다. 관계의 균열을 보게 한다.,,,,"Scripted text channel without party a/b as speaker: system, judge, witness, dossier, mediation, aftermath, and milestone copy."
non_party_scripted_text_src_data_scriptedText_family-01_channels_judge_question_.entries_d-2_empathy_approach_3_.variants_judgeq-d-2-empathy-approach-3-v3_.text,non_party_scripted_text,src/data/scriptedText,family-01,channels[judge_question].entries[d-2|empathy_approach|3].variants[judgeq-d-2-empathy-approach-3-v3].text,"윤정후 씨, 문서가 달라진 사정을 바로 말하지 못한 데에는 두려움이 있었습니까.",I want to understand the human side of the gap before we measure it.,ユン・テソンさん、公証本と自筆練習本の差について、いま胸の中にある事情を整えてお答えください。,让我们再确认一次。请进一步补充：尹泰成先生，您看到公证副本上的安排时，第一反应是什么，请讲。请把这一点定准。,"Scripted text channel without party a/b as speaker: system, judge, witness, dossier, mediation, aftermath, and milestone copy."
non_party_scripted_text_src_data_scriptedText_family-01_channels_judge_question_.entries_d-2_empathy_approach_3_.variants_judgeq-d-2-empathy-approach-3-v4_.behaviorHint,non_party_scripted_text,src/data/scriptedText,family-01,channels[judge_question].entries[d-2|empathy_approach|3].variants[judgeq-d-2-empathy-approach-3-v4].behaviorHint,사실 뒤에 눌려 있던 두려움을 직접 건드린다. 관계의 균열을 보게 한다.,,,,"Scripted text channel without party a/b as speaker: system, judge, witness, dossier, mediation, aftermath, and milestone copy."
non_party_scripted_text_src_data_scriptedText_family-01_channels_judge_question_.entries_d-2_empathy_approach_3_.variants_judgeq-d-2-empathy-approach-3-v4_.text,non_party_scripted_text,src/data/scriptedText,family-01,channels[judge_question].entries[d-2|empathy_approach|3].variants[judgeq-d-2-empathy-approach-3-v4].text,"윤태성 씨, 윤정후 씨가 줄였다는 말이 왜 곧바로 위로가 되지 않았습니까.",What did it cost you to see the two documents together?,ユン・テソンさん、不安と確信の境目で何が決め手になったのか、お話しいただけますか。,请进一步补充：尹泰成先生，您看到公证副本上的安排时，第一反应是什么，请讲。,"Scripted text channel without party a/b as speaker: system, judge, witness, dossier, mediation, aftermath, and milestone copy."
non_party_scripted_text_src_data_scriptedText_family-01_channels_judge_question_.entries_d-2_empathy_approach_3_.variants_judgeq-d-2-empathy-approach-3-v5_.behaviorHint,non_party_scripted_text,src/data/scriptedText,family-01,channels[judge_question].entries[d-2|empathy_approach|3].variants[judgeq-d-2-empathy-approach-3-v5].behaviorHint,사실 뒤에 눌려 있던 두려움을 직접 건드린다. 관계의 균열을 보게 한다.,,,,"Scripted text channel without party a/b as speaker: system, judge, witness, dossier, mediation, aftermath, and milestone copy."
non_party_scripted_text_src_data_scriptedText_family-01_channels_judge_question_.entries_d-2_empathy_approach_3_.variants_judgeq-d-2-empathy-approach-3-v5_.text,non_party_scripted_text,src/data/scriptedText,family-01,channels[judge_question].entries[d-2|empathy_approach|3].variants[judgeq-d-2-empathy-approach-3-v5].text,"두 분, 숫자 뒤에 있던 체면과 두려움을 각각 말씀해 주십시오.","Speak to me about the feeling of that comparison, not the legal weight.",ユン・テソンさん、公証本と自筆練習本の差を伏せていた間の心情を、率直に整えてください。,换一个角度。请进一步补充：尹泰成先生，您看到公证副本上的安排时，第一反应是什么，请讲。请按时间顺序回答。,"Scripted text channel without party a/b as speaker: system, judge, witness, dossier, mediation, aftermath, and milestone copy."
non_party_scripted_text_src_data_scriptedText_family-01_channels_judge_question_.entries_d-2_empathy_approach_4_.variants_judgeq-d-2-empathy_approach-4-v1_.behaviorHint,non_party_scripted_text,src/data/scriptedText,family-01,channels[judge_question].entries[d-2|empathy_approach|4].variants[judgeq-d-2-empathy_approach-4-v1].behaviorHint,가장 무거운 감정을 선택하게 만든다. 책임과 상처 가운데 무엇이 더 크게 남는지 스스로 보게 하는 질문이다.,,,,"Scripted text channel without party a/b as speaker: system, judge, witness, dossier, mediation, aftermath, and milestone copy."
non_party_scripted_text_src_data_scriptedText_family-01_channels_judge_question_.entries_d-2_empathy_approach_4_.variants_judgeq-d-2-empathy_approach-4-v1_.text,non_party_scripted_text,src/data/scriptedText,family-01,channels[judge_question].entries[d-2|empathy_approach|4].variants[judgeq-d-2-empathy_approach-4-v1].text,"윤정후 씨, 지금 더 무거운 것은 어머니 뜻을 고쳤다는 죄책감입니까, 윤태성 씨를 지키려 했다는 미련입니까.",I am not asking who is at fault for the gap yet; I am asking what it felt like to see the two on the same table.,ユン・テソンさん、公証本と自筆練習本の差を前にして揺れていた時間も含めて、率直なところをお答えください。,请进一步补充：尹泰成先生，您看到公证副本上的安排时，第一反应是什么，请讲。,"Scripted text channel without party a/b as speaker: system, judge, witness, dossier, mediation, aftermath, and milestone copy."
non_party_scripted_text_src_data_scriptedText_family-01_channels_judge_question_.entries_d-2_empathy_approach_4_.variants_judgeq-d-2-empathy_approach-4-v2_.behaviorHint,non_party_scripted_text,src/data/scriptedText,family-01,channels[judge_question].entries[d-2|empathy_approach|4].variants[judgeq-d-2-empathy_approach-4-v2].behaviorHint,가장 무거운 감정을 선택하게 만든다. 책임과 상처 가운데 무엇이 더 크게 남는지 스스로 보게 하는 질문이다.,,,,"Scripted text channel without party a/b as speaker: system, judge, witness, dossier, mediation, aftermath, and milestone copy."
non_party_scripted_text_src_data_scriptedText_family-01_channels_judge_question_.entries_d-2_empathy_approach_4_.variants_judgeq-d-2-empathy_approach-4-v2_.text,non_party_scripted_text,src/data/scriptedText,family-01,channels[judge_question].entries[d-2|empathy_approach|4].variants[judgeq-d-2-empathy_approach-4-v2].text,"윤태성 씨, 윤정후 씨를 용서 못 하는 마음과 자신이 외면당했다는 상처 중 무엇이 더 큽니까.",Tell me what it was like to read those two documents side by side.,ユン・テソンさん、公証本と自筆練習本の差を見て胸の中で結論に向かっていった経緯を、お話しください。,换一个角度。请进一步补充：尹泰成先生，您看到公证副本上的安排时，第一反应是什么，请讲。请按时间顺序回答。,"Scripted text channel without party a/b as speaker: system, judge, witness, dossier, mediation, aftermath, and milestone copy."
non_party_scripted_text_src_data_scriptedText_family-01_channels_judge_question_.entries_d-2_empathy_approach_4_.variants_judgeq-d-2-empathy-approach-4-v3_.behaviorHint,non_party_scripted_text,src/data/scriptedText,family-01,channels[judge_question].entries[d-2|empathy_approach|4].variants[judgeq-d-2-empathy-approach-4-v3].behaviorHint,가장 무거운 감정을 선택하게 만든다. 책임과 상처를 스스로 보게 한다.,,,,"Scripted text channel without party a/b as speaker: system, judge, witness, dossier, mediation, aftermath, and milestone copy."
non_party_scripted_text_src_data_scriptedText_family-01_channels_judge_question_.entries_d-2_empathy_approach_4_.variants_judgeq-d-2-empathy-approach-4-v3_.text,non_party_scripted_text,src/data/scriptedText,family-01,channels[judge_question].entries[d-2|empathy_approach|4].variants[judgeq-d-2-empathy-approach-4-v3].text,"윤정후 씨, 지금 더 무거운 것은 위조의 책임입니까, 윤태성 씨를 지키지 못한 마음입니까.",I want to understand the human side of the gap before we measure it.,ユン・テソンさん、公証本と自筆練習本の差について、いま胸の中にある事情を整えてお答えください。,让我们再确认一次。请进一步补充：尹泰成先生，您看到公证副本上的安排时，第一反应是什么，请讲。请把这一点定准。,"Scripted text channel without party a/b as speaker: system, judge, witness, dossier, mediation, aftermath, and milestone copy."
non_party_scripted_text_src_data_scriptedText_family-01_channels_judge_question_.entries_d-2_empathy_approach_4_.variants_judgeq-d-2-empathy-approach-4-v4_.behaviorHint,non_party_scripted_text,src/data/scriptedText,family-01,channels[judge_question].entries[d-2|empathy_approach|4].variants[judgeq-d-2-empathy-approach-4-v4].behaviorHint,가장 무거운 감정을 선택하게 만든다. 책임과 상처를 스스로 보게 한다.,,,,"Scripted text channel without party a/b as speaker: system, judge, witness, dossier, mediation, aftermath, and milestone copy."
non_party_scripted_text_src_data_scriptedText_family-01_channels_judge_question_.entries_d-2_empathy_approach_4_.variants_judgeq-d-2-empathy-approach-4-v4_.text,non_party_scripted_text,src/data/scriptedText,family-01,channels[judge_question].entries[d-2|empathy_approach|4].variants[judgeq-d-2-empathy-approach-4-v4].text,"윤태성 씨, 윤정후 씨 선의를 인정해도 남는 분노는 무엇입니까.",What did it cost you to see the two documents together?,ユン・テソンさん、不安と確信の境目で何が決め手になったのか、お話しいただけますか。,请进一步补充：尹泰成先生，您看到公证副本上的安排时，第一反应是什么，请讲。,"Scripted text channel without party a/b as speaker: system, judge, witness, dossier, mediation, aftermath, and milestone copy."
non_party_scripted_text_src_data_scriptedText_family-01_channels_judge_question_.entries_d-2_empathy_approach_4_.variants_judgeq-d-2-empathy-approach-4-v5_.behaviorHint,non_party_scripted_text,src/data/scriptedText,family-01,channels[judge_question].entries[d-2|empathy_approach|4].variants[judgeq-d-2-empathy-approach-4-v5].behaviorHint,가장 무거운 감정을 선택하게 만든다. 책임과 상처를 스스로 보게 한다.,,,,"Scripted text channel without party a/b as speaker: system, judge, witness, dossier, mediation, aftermath, and milestone copy."
non_party_scripted_text_src_data_scriptedText_family-01_channels_judge_question_.entries_d-2_empathy_approach_4_.variants_judgeq-d-2-empathy-approach-4-v5_.text,non_party_scripted_text,src/data/scriptedText,family-01,channels[judge_question].entries[d-2|empathy_approach|4].variants[judgeq-d-2-empathy-approach-4-v5].text,"두 분, 그 문서가 어머니 뜻을 얼마나 흐렸는지 답해 주십시오.","Speak to me about the feeling of that comparison, not the legal weight.",ユン・テソンさん、公証本と自筆練習本の差を伏せていた間の心情を、率直に整えてください。,换一个角度。请进一步补充：尹泰成先生，您看到公证副本上的安排时，第一反应是什么，请讲。请按时间顺序回答。,"Scripted text channel without party a/b as speaker: system, judge, witness, dossier, mediation, aftermath, and milestone copy."
non_party_scripted_text_src_data_scriptedText_family-01_channels_judge_question_.entries_d-2_fact_pursuit_1_.variants_judgeq-d-2-fact_pursuit-1-v1_.behaviorHint,non_party_scripted_text,src/data/scriptedText,family-01,channels[judge_question].entries[d-2|fact_pursuit|1].variants[judgeq-d-2-fact_pursuit-1-v1].behaviorHint,표면 사실부터 고정한다. 누가 언제 무엇을 봤는지 기초 순서를 세우는 질문이다.,,,,"Scripted text channel without party a/b as speaker: system, judge, witness, dossier, mediation, aftermath, and milestone copy."
non_party_scripted_text_src_data_scriptedText_family-01_channels_judge_question_.entries_d-2_fact_pursuit_1_.variants_judgeq-d-2-fact_pursuit-1-v1_.text,non_party_scripted_text,src/data/scriptedText,family-01,channels[judge_question].entries[d-2|fact_pursuit|1].variants[judgeq-d-2-fact_pursuit-1-v1].text,"윤정후 씨, 변경된 유서를 제출한 사실 자체는 인정하십니까.",Lay out the differences between the two documents in concrete terms.,ユン・ジョンフさん、公証本と自筆練習本の差について、まず日付ごとの行為を時系列でお答えください。,尹正厚先生，从亲笔练习本到公证副本之间，文字调整经过了哪些手，请讲。,"Scripted text channel without party a/b as speaker: system, judge, witness, dossier, mediation, aftermath, and milestone copy."
non_party_scripted_text_src_data_scriptedText_family-01_channels_judge_question_.entries_d-2_fact_pursuit_1_.variants_judgeq-d-2-fact_pursuit-1-v2_.behaviorHint,non_party_scripted_text,src/data/scriptedText,family-01,channels[judge_question].entries[d-2|fact_pursuit|1].variants[judgeq-d-2-fact_pursuit-1-v2].behaviorHint,표면 사실부터 고정한다. 누가 언제 무엇을 봤는지 기초 순서를 세우는 질문이다.,,,,"Scripted text channel without party a/b as speaker: system, judge, witness, dossier, mediation, aftermath, and milestone copy."
non_party_scripted_text_src_data_scriptedText_family-01_channels_judge_question_.entries_d-2_fact_pursuit_1_.variants_judgeq-d-2-fact_pursuit-1-v2_.text,non_party_scripted_text,src/data/scriptedText,family-01,channels[judge_question].entries[d-2|fact_pursuit|1].variants[judgeq-d-2-fact_pursuit-1-v2].text,"윤태성 씨, 처음 공증본을 보고 어떤 점이 가장 이상하다고 느끼셨습니까.",Walk the court through what changed between the earlier draft and the notarised version.,ユン・ジョンフさん、公証人のメモと書類に残った範囲のうち、ご自身が認める項目から並べてください。,换一个角度。尹正厚先生，从亲笔练习本到公证副本之间，文字调整经过了哪些手，请讲。请按时间顺序回答。,"Scripted text channel without party a/b as speaker: system, judge, witness, dossier, mediation, aftermath, and milestone copy."
non_party_scripted_text_src_data_scriptedText_family-01_channels_judge_question_.entries_d-2_fact_pursuit_1_.variants_judgeq-d-2-fact-pursuit-1-v3_.behaviorHint,non_party_scripted_text,src/data/scriptedText,family-01,channels[judge_question].entries[d-2|fact_pursuit|1].variants[judgeq-d-2-fact-pursuit-1-v3].behaviorHint,표면 사실을 고정한다. 시점과 행위의 기초를 다시 세우는 질문이다.,,,,"Scripted text channel without party a/b as speaker: system, judge, witness, dossier, mediation, aftermath, and milestone copy."
non_party_scripted_text_src_data_scriptedText_family-01_channels_judge_question_.entries_d-2_fact_pursuit_1_.variants_judgeq-d-2-fact-pursuit-1-v3_.text,non_party_scripted_text,src/data/scriptedText,family-01,channels[judge_question].entries[d-2|fact_pursuit|1].variants[judgeq-d-2-fact-pursuit-1-v3].text,"윤정후 씨, 변경 서류를 다시 낸 사람인지부터 명확히 말씀해 주십시오.","Describe each line where the two documents diverge, plainly.",ユン・ジョンフさん、公証本と自筆練習本の差を、相手の解釈に触れずにご自身の行為の側から先にお話しください。,让我们再确认一次。尹正厚先生，从亲笔练习本到公证副本之间，文字调整经过了哪些手，请讲。请把这一点定准。,"Scripted text channel without party a/b as speaker: system, judge, witness, dossier, mediation, aftermath, and milestone copy."
non_party_scripted_text_src_data_scriptedText_family-01_channels_judge_question_.entries_d-2_fact_pursuit_1_.variants_judgeq-d-2-fact-pursuit-1-v4_.behaviorHint,non_party_scripted_text,src/data/scriptedText,family-01,channels[judge_question].entries[d-2|fact_pursuit|1].variants[judgeq-d-2-fact-pursuit-1-v4].behaviorHint,표면 사실을 고정한다. 시점과 행위의 기초를 다시 세우는 질문이다.,,,,"Scripted text channel without party a/b as speaker: system, judge, witness, dossier, mediation, aftermath, and milestone copy."
non_party_scripted_text_src_data_scriptedText_family-01_channels_judge_question_.entries_d-2_fact_pursuit_1_.variants_judgeq-d-2-fact-pursuit-1-v4_.text,non_party_scripted_text,src/data/scriptedText,family-01,channels[judge_question].entries[d-2|fact_pursuit|1].variants[judgeq-d-2-fact-pursuit-1-v4].text,"윤태성 씨, 처음 본 문서와 이후 확인한 기록을 구분해 말씀해 주십시오.",Identify the exact points of difference between the draft and the final.,ユン・ジョンフさん、公証人のメモと書類のどの部分を直接ご自身で確認されたか、資料単位で整理してお答えください。,尹正厚先生，从亲笔练习本到公证副本之间，文字调整经过了哪些手，请讲。,"Scripted text channel without party a/b as speaker: system, judge, witness, dossier, mediation, aftermath, and milestone copy."
non_party_scripted_text_src_data_scriptedText_family-01_channels_judge_question_.entries_d-2_fact_pursuit_1_.variants_judgeq-d-2-fact-pursuit-1-v5_.behaviorHint,non_party_scripted_text,src/data/scriptedText,family-01,channels[judge_question].entries[d-2|fact_pursuit|1].variants[judgeq-d-2-fact-pursuit-1-v5].behaviorHint,표면 사실을 고정한다. 시점과 행위의 기초를 다시 세우는 질문이다.,,,,"Scripted text channel without party a/b as speaker: system, judge, witness, dossier, mediation, aftermath, and milestone copy."
non_party_scripted_text_src_data_scriptedText_family-01_channels_judge_question_.entries_d-2_fact_pursuit_1_.variants_judgeq-d-2-fact-pursuit-1-v5_.text,non_party_scripted_text,src/data/scriptedText,family-01,channels[judge_question].entries[d-2|fact_pursuit|1].variants[judgeq-d-2-fact-pursuit-1-v5].text,"두 분, 자필 연습본과 공증본을 언제 처음 보았는지 정리해 주십시오.",Set out the gap between the two papers without paraphrase.,ユン・ジョンフさん、公証本と自筆練習本の差について、まだ供述されていない事実があれば先にお出しください。,换一个角度。尹正厚先生，从亲笔练习本到公证副本之间，文字调整经过了哪些手，请讲。请按时间顺序回答。,"Scripted text channel without party a/b as speaker: system, judge, witness, dossier, mediation, aftermath, and milestone copy."
non_party_scripted_text_src_data_scriptedText_family-01_channels_judge_question_.entries_d-2_fact_pursuit_2_.variants_judgeq-d-2-fact_pursuit-2-v1_.behaviorHint,non_party_scripted_text,src/data/scriptedText,family-01,channels[judge_question].entries[d-2|fact_pursuit|2].variants[judgeq-d-2-fact_pursuit-2-v1].behaviorHint,정황을 이루는 세부 조각으로 좁혀 묻는다. 시점과 행동을 갈라 흔들리는 부분을 찾는다.,,,,"Scripted text channel without party a/b as speaker: system, judge, witness, dossier, mediation, aftermath, and milestone copy."
non_party_scripted_text_src_data_scriptedText_family-01_channels_judge_question_.entries_d-2_fact_pursuit_2_.variants_judgeq-d-2-fact_pursuit-2-v1_.text,non_party_scripted_text,src/data/scriptedText,family-01,channels[judge_question].entries[d-2|fact_pursuit|2].variants[judgeq-d-2-fact_pursuit-2-v1].text,"윤정후 씨, 공증 당일 메모가 남은 경위는 어떻게 설명하십니까.",Lay out the differences between the two documents in concrete terms.,ユン・ジョンフさん、公証本と自筆練習本の差について、まず日付ごとの行為を時系列でお答えください。,请进一步补充：尹正厚先生，从亲笔练习本到公证副本之间，文字调整经过了哪些手，请讲。,"Scripted text channel without party a/b as speaker: system, judge, witness, dossier, mediation, aftermath, and milestone copy."
non_party_scripted_text_src_data_scriptedText_family-01_channels_judge_question_.entries_d-2_fact_pursuit_2_.variants_judgeq-d-2-fact_pursuit-2-v2_.behaviorHint,non_party_scripted_text,src/data/scriptedText,family-01,channels[judge_question].entries[d-2|fact_pursuit|2].variants[judgeq-d-2-fact_pursuit-2-v2].behaviorHint,정황을 이루는 세부 조각으로 좁혀 묻는다. 시점과 행동을 갈라 흔들리는 부분을 찾는다.,,,,"Scripted text channel without party a/b as speaker: system, judge, witness, dossier, mediation, aftermath, and milestone copy."
non_party_scripted_text_src_data_scriptedText_family-01_channels_judge_question_.entries_d-2_fact_pursuit_2_.variants_judgeq-d-2-fact_pursuit-2-v2_.text,non_party_scripted_text,src/data/scriptedText,family-01,channels[judge_question].entries[d-2|fact_pursuit|2].variants[judgeq-d-2-fact_pursuit-2-v2].text,"윤태성 씨, 윤정후 씨가 자기 몫을 늘리려 했다고 단정하신 근거는 무엇입니까.",Walk the court through what changed between the earlier draft and the notarised version.,ユン・ジョンフさん、公証人のメモと書類に残った範囲のうち、ご自身が認める項目から並べてください。,换一个角度。请进一步补充：尹正厚先生，从亲笔练习本到公证副本之间，文字调整经过了哪些手，请讲。请按时间顺序回答。,"Scripted text channel without party a/b as speaker: system, judge, witness, dossier, mediation, aftermath, and milestone copy."
non_party_scripted_text_src_data_scriptedText_family-01_channels_judge_question_.entries_d-2_fact_pursuit_2_.variants_judgeq-d-2-fact-pursuit-2-v3_.behaviorHint,non_party_scripted_text,src/data/scriptedText,family-01,channels[judge_question].entries[d-2|fact_pursuit|2].variants[judgeq-d-2-fact-pursuit-2-v3].behaviorHint,정황을 이루는 세부 조각으로 좁혀 묻는다. 순서와 행동을 갈라 확인한다.,,,,"Scripted text channel without party a/b as speaker: system, judge, witness, dossier, mediation, aftermath, and milestone copy."
non_party_scripted_text_src_data_scriptedText_family-01_channels_judge_question_.entries_d-2_fact_pursuit_2_.variants_judgeq-d-2-fact-pursuit-2-v3_.text,non_party_scripted_text,src/data/scriptedText,family-01,channels[judge_question].entries[d-2|fact_pursuit|2].variants[judgeq-d-2-fact-pursuit-2-v3].text,"윤정후 씨, 같은 날 공증 절차 중에 누가 어떤 서류를 만졌습니까.","Describe each line where the two documents diverge, plainly.",ユン・ジョンフさん、公証本と自筆練習本の差を、相手の解釈に触れずにご自身の行為の側から先にお話しください。,让我们再确认一次。请进一步补充：尹正厚先生，从亲笔练习本到公证副本之间，文字调整经过了哪些手，请讲。请把这一点定准。,"Scripted text channel without party a/b as speaker: system, judge, witness, dossier, mediation, aftermath, and milestone copy."
non_party_scripted_text_src_data_scriptedText_family-01_channels_judge_question_.entries_d-2_fact_pursuit_2_.variants_judgeq-d-2-fact-pursuit-2-v4_.behaviorHint,non_party_scripted_text,src/data/scriptedText,family-01,channels[judge_question].entries[d-2|fact_pursuit|2].variants[judgeq-d-2-fact-pursuit-2-v4].behaviorHint,정황을 이루는 세부 조각으로 좁혀 묻는다. 순서와 행동을 갈라 확인한다.,,,,"Scripted text channel without party a/b as speaker: system, judge, witness, dossier, mediation, aftermath, and milestone copy."
non_party_scripted_text_src_data_scriptedText_family-01_channels_judge_question_.entries_d-2_fact_pursuit_2_.variants_judgeq-d-2-fact-pursuit-2-v4_.text,non_party_scripted_text,src/data/scriptedText,family-01,channels[judge_question].entries[d-2|fact_pursuit|2].variants[judgeq-d-2-fact-pursuit-2-v4].text,"윤태성 씨, 문서의 결과만 보고 판단을 세운 부분이 있었습니까.",Identify the exact points of difference between the draft and the final.,ユン・ジョンフさん、公証人のメモと書類のどの部分を直接ご自身で確認されたか、資料単位で整理してお答えください。,请进一步补充：尹正厚先生，从亲笔练习本到公证副本之间，文字调整经过了哪些手，请讲。,"Scripted text channel without party a/b as speaker: system, judge, witness, dossier, mediation, aftermath, and milestone copy."
non_party_scripted_text_src_data_scriptedText_family-01_channels_judge_question_.entries_d-2_fact_pursuit_2_.variants_judgeq-d-2-fact-pursuit-2-v5_.behaviorHint,non_party_scripted_text,src/data/scriptedText,family-01,channels[judge_question].entries[d-2|fact_pursuit|2].variants[judgeq-d-2-fact-pursuit-2-v5].behaviorHint,정황을 이루는 세부 조각으로 좁혀 묻는다. 순서와 행동을 갈라 확인한다.,,,,"Scripted text channel without party a/b as speaker: system, judge, witness, dossier, mediation, aftermath, and milestone copy."
non_party_scripted_text_src_data_scriptedText_family-01_channels_judge_question_.entries_d-2_fact_pursuit_2_.variants_judgeq-d-2-fact-pursuit-2-v5_.text,non_party_scripted_text,src/data/scriptedText,family-01,channels[judge_question].entries[d-2|fact_pursuit|2].variants[judgeq-d-2-fact-pursuit-2-v5].text,"두 분, 같은 날 두 문서가 남은 순서를 맞춰 보겠습니다.",Set out the gap between the two papers without paraphrase.,ユン・ジョンフさん、公証本と自筆練習本の差について、まだ供述されていない事実があれば先にお出しください。,换一个角度。请进一步补充：尹正厚先生，从亲笔练习本到公证副本之间，文字调整经过了哪些手，请讲。请按时间顺序回答。,"Scripted text channel without party a/b as speaker: system, judge, witness, dossier, mediation, aftermath, and milestone copy."
non_party_scripted_text_src_data_scriptedText_family-01_channels_judge_question_.entries_d-2_fact_pursuit_3_.variants_judgeq-d-2-fact_pursuit-3-v1_.behaviorHint,non_party_scripted_text,src/data/scriptedText,family-01,channels[judge_question].entries[d-2|fact_pursuit|3].variants[judgeq-d-2-fact_pursuit-3-v1].behaviorHint,핵심 장면과 실제 개입 범위를 직접 겨눈다. 추정이 아니라 대상과 방식까지 말하게 만드는 단계다.,,,,"Scripted text channel without party a/b as speaker: system, judge, witness, dossier, mediation, aftermath, and milestone copy."
non_party_scripted_text_src_data_scriptedText_family-01_channels_judge_question_.entries_d-2_fact_pursuit_3_.variants_judgeq-d-2-fact_pursuit-3-v1_.text,non_party_scripted_text,src/data/scriptedText,family-01,channels[judge_question].entries[d-2|fact_pursuit|3].variants[judgeq-d-2-fact_pursuit-3-v1].text,"윤정후 씨, 원래 문구와 바뀐 문구 가운데 직접 손댄 부분이 어디까지입니까.",Lay out the differences between the two documents in concrete terms.,ユン・ジョンフさん、公証本と自筆練習本の差について、まず日付ごとの行為を時系列でお答えください。,请进一步补充：尹正厚先生，从亲笔练习本到公证副本之间，文字调整经过了哪些手，请讲。,"Scripted text channel without party a/b as speaker: system, judge, witness, dossier, mediation, aftermath, and milestone copy."
non_party_scripted_text_src_data_scriptedText_family-01_channels_judge_question_.entries_d-2_fact_pursuit_3_.variants_judgeq-d-2-fact_pursuit-3-v2_.behaviorHint,non_party_scripted_text,src/data/scriptedText,family-01,channels[judge_question].entries[d-2|fact_pursuit|3].variants[judgeq-d-2-fact_pursuit-3-v2].behaviorHint,핵심 장면과 실제 개입 범위를 직접 겨눈다. 추정이 아니라 대상과 방식까지 말하게 만드는 단계다.,,,,"Scripted text channel without party a/b as speaker: system, judge, witness, dossier, mediation, aftermath, and milestone copy."
non_party_scripted_text_src_data_scriptedText_family-01_channels_judge_question_.entries_d-2_fact_pursuit_3_.variants_judgeq-d-2-fact_pursuit-3-v2_.text,non_party_scripted_text,src/data/scriptedText,family-01,channels[judge_question].entries[d-2|fact_pursuit|3].variants[judgeq-d-2-fact_pursuit-3-v2].text,"윤태성 씨, 나중에 드러난 자필 연습본을 보고도 판단이 그대로였습니까.",Walk the court through what changed between the earlier draft and the notarised version.,ユン・ジョンフさん、公証人のメモと書類に残った範囲のうち、ご自身が認める項目から並べてください。,换一个角度。请进一步补充：尹正厚先生，从亲笔练习本到公证副本之间，文字调整经过了哪些手，请讲。请按时间顺序回答。,"Scripted text channel without party a/b as speaker: system, judge, witness, dossier, mediation, aftermath, and milestone copy."
non_party_scripted_text_src_data_scriptedText_family-01_channels_judge_question_.entries_d-2_fact_pursuit_3_.variants_judgeq-d-2-fact-pursuit-3-v3_.behaviorHint,non_party_scripted_text,src/data/scriptedText,family-01,channels[judge_question].entries[d-2|fact_pursuit|3].variants[judgeq-d-2-fact-pursuit-3-v3].behaviorHint,핵심 장면과 실제 개입 범위를 직접 겨눈다. 추정 대신 방식을 말하게 한다.,,,,"Scripted text channel without party a/b as speaker: system, judge, witness, dossier, mediation, aftermath, and milestone copy."
non_party_scripted_text_src_data_scriptedText_family-01_channels_judge_question_.entries_d-2_fact_pursuit_3_.variants_judgeq-d-2-fact-pursuit-3-v3_.text,non_party_scripted_text,src/data/scriptedText,family-01,channels[judge_question].entries[d-2|fact_pursuit|3].variants[judgeq-d-2-fact-pursuit-3-v3].text,"윤정후 씨, 자필 연습본에서 공증본으로 바뀐 과정에 직접 관여했습니까.","Describe each line where the two documents diverge, plainly.",ユン・ジョンフさん、公証本と自筆練習本の差を、相手の解釈に触れずにご自身の行為の側から先にお話しください。,让我们再确认一次。请进一步补充：尹正厚先生，从亲笔练习本到公证副本之间，文字调整经过了哪些手，请讲。请把这一点定准。,"Scripted text channel without party a/b as speaker: system, judge, witness, dossier, mediation, aftermath, and milestone copy."
non_party_scripted_text_src_data_scriptedText_family-01_channels_judge_question_.entries_d-2_fact_pursuit_3_.variants_judgeq-d-2-fact-pursuit-3-v4_.behaviorHint,non_party_scripted_text,src/data/scriptedText,family-01,channels[judge_question].entries[d-2|fact_pursuit|3].variants[judgeq-d-2-fact-pursuit-3-v4].behaviorHint,핵심 장면과 실제 개입 범위를 직접 겨눈다. 추정 대신 방식을 말하게 한다.,,,,"Scripted text channel without party a/b as speaker: system, judge, witness, dossier, mediation, aftermath, and milestone copy."
non_party_scripted_text_src_data_scriptedText_family-01_channels_judge_question_.entries_d-2_fact_pursuit_3_.variants_judgeq-d-2-fact-pursuit-3-v4_.text,non_party_scripted_text,src/data/scriptedText,family-01,channels[judge_question].entries[d-2|fact_pursuit|3].variants[judgeq-d-2-fact-pursuit-3-v4].text,"윤태성 씨, 자필 연습본을 본 뒤에도 탐욕이라고 본 이유가 무엇입니까.",Identify the exact points of difference between the draft and the final.,ユン・ジョンフさん、公証人のメモと書類のどの部分を直接ご自身で確認されたか、資料単位で整理してお答えください。,请进一步补充：尹正厚先生，从亲笔练习本到公证副本之间，文字调整经过了哪些手，请讲。,"Scripted text channel without party a/b as speaker: system, judge, witness, dossier, mediation, aftermath, and milestone copy."
non_party_scripted_text_src_data_scriptedText_family-01_channels_judge_question_.entries_d-2_fact_pursuit_3_.variants_judgeq-d-2-fact-pursuit-3-v5_.behaviorHint,non_party_scripted_text,src/data/scriptedText,family-01,channels[judge_question].entries[d-2|fact_pursuit|3].variants[judgeq-d-2-fact-pursuit-3-v5].behaviorHint,핵심 장면과 실제 개입 범위를 직접 겨눈다. 추정 대신 방식을 말하게 한다.,,,,"Scripted text channel without party a/b as speaker: system, judge, witness, dossier, mediation, aftermath, and milestone copy."
non_party_scripted_text_src_data_scriptedText_family-01_channels_judge_question_.entries_d-2_fact_pursuit_3_.variants_judgeq-d-2-fact-pursuit-3-v5_.text,non_party_scripted_text,src/data/scriptedText,family-01,channels[judge_question].entries[d-2|fact_pursuit|3].variants[judgeq-d-2-fact-pursuit-3-v5].text,"두 분, 문서가 바뀐 방향과 책임을 따로 말씀해 주십시오.",Set out the gap between the two papers without paraphrase.,ユン・ジョンフさん、公証本と自筆練習本の差について、まだ供述されていない事実があれば先にお出しください。,换一个角度。请进一步补充：尹正厚先生，从亲笔练习本到公证副本之间，文字调整经过了哪些手，请讲。请按时间顺序回答。,"Scripted text channel without party a/b as speaker: system, judge, witness, dossier, mediation, aftermath, and milestone copy."
non_party_scripted_text_src_data_scriptedText_family-01_channels_judge_question_.entries_d-2_fact_pursuit_4_.variants_judgeq-d-2-fact_pursuit-4-v1_.behaviorHint,non_party_scripted_text,src/data/scriptedText,family-01,channels[judge_question].entries[d-2|fact_pursuit|4].variants[judgeq-d-2-fact_pursuit-4-v1].behaviorHint,더는 돌릴 수 없도록 결정적 이유와 책임을 묻는다. 사실과 해석이 갈라지는 지점을 바로 세우려는 질문이다.,,,,"Scripted text channel without party a/b as speaker: system, judge, witness, dossier, mediation, aftermath, and milestone copy."
non_party_scripted_text_src_data_scriptedText_family-01_channels_judge_question_.entries_d-2_fact_pursuit_4_.variants_judgeq-d-2-fact_pursuit-4-v1_.text,non_party_scripted_text,src/data/scriptedText,family-01,channels[judge_question].entries[d-2|fact_pursuit|4].variants[judgeq-d-2-fact_pursuit-4-v1].text,"윤정후 씨, 윤정후 씨 몫을 줄인 조작이라고 해도 왜 위조라는 선을 넘었습니까.",Lay out the differences between the two documents in concrete terms.,ユン・ジョンフさん、公証本と自筆練習本の差について、まず日付ごとの行為を時系列でお答えください。,请进一步补充：尹正厚先生，从亲笔练习本到公证副本之间，文字调整经过了哪些手，请讲。,"Scripted text channel without party a/b as speaker: system, judge, witness, dossier, mediation, aftermath, and milestone copy."
non_party_scripted_text_src_data_scriptedText_family-01_channels_judge_question_.entries_d-2_fact_pursuit_4_.variants_judgeq-d-2-fact_pursuit-4-v2_.behaviorHint,non_party_scripted_text,src/data/scriptedText,family-01,channels[judge_question].entries[d-2|fact_pursuit|4].variants[judgeq-d-2-fact_pursuit-4-v2].behaviorHint,더는 돌릴 수 없도록 결정적 이유와 책임을 묻는다. 사실과 해석이 갈라지는 지점을 바로 세우려는 질문이다.,,,,"Scripted text channel without party a/b as speaker: system, judge, witness, dossier, mediation, aftermath, and milestone copy."
non_party_scripted_text_src_data_scriptedText_family-01_channels_judge_question_.entries_d-2_fact_pursuit_4_.variants_judgeq-d-2-fact_pursuit-4-v2_.text,non_party_scripted_text,src/data/scriptedText,family-01,channels[judge_question].entries[d-2|fact_pursuit|4].variants[judgeq-d-2-fact_pursuit-4-v2].text,"윤태성 씨, 윤정후 씨가 문서를 바꾼 이유가 탐욕만은 아닐 수 있다는 가능성을 끝까지 배제한 이유가 무엇입니까.",Walk the court through what changed between the earlier draft and the notarised version.,ユン・ジョンフさん、公証人のメモと書類に残った範囲のうち、ご自身が認める項目から並べてください。,换一个角度。请进一步补充：尹正厚先生，从亲笔练习本到公证副本之间，文字调整经过了哪些手，请讲。请按时间顺序回答。,"Scripted text channel without party a/b as speaker: system, judge, witness, dossier, mediation, aftermath, and milestone copy."
non_party_scripted_text_src_data_scriptedText_family-01_channels_judge_question_.entries_d-2_fact_pursuit_4_.variants_judgeq-d-2-fact-pursuit-4-v3_.behaviorHint,non_party_scripted_text,src/data/scriptedText,family-01,channels[judge_question].entries[d-2|fact_pursuit|4].variants[judgeq-d-2-fact-pursuit-4-v3].behaviorHint,결정적 이유와 책임을 묻는다. 사실과 해석이 갈라지는 지점을 바로 세운다.,,,,"Scripted text channel without party a/b as speaker: system, judge, witness, dossier, mediation, aftermath, and milestone copy."
non_party_scripted_text_src_data_scriptedText_family-01_channels_judge_question_.entries_d-2_fact_pursuit_4_.variants_judgeq-d-2-fact-pursuit-4-v3_.text,non_party_scripted_text,src/data/scriptedText,family-01,channels[judge_question].entries[d-2|fact_pursuit|4].variants[judgeq-d-2-fact-pursuit-4-v3].text,"윤정후 씨, 문서가 달라진 과정에 본인이 관여한 부분은 어디까지 인정하십니까.","Describe each line where the two documents diverge, plainly.",ユン・ジョンフさん、公証本と自筆練習本の差を、相手の解釈に触れずにご自身の行為の側から先にお話しください。,让我们再确认一次。请进一步补充：尹正厚先生，从亲笔练习本到公证副本之间，文字调整经过了哪些手，请讲。请把这一点定准。,"Scripted text channel without party a/b as speaker: system, judge, witness, dossier, mediation, aftermath, and milestone copy."
non_party_scripted_text_src_data_scriptedText_family-01_channels_judge_question_.entries_d-2_fact_pursuit_4_.variants_judgeq-d-2-fact-pursuit-4-v4_.behaviorHint,non_party_scripted_text,src/data/scriptedText,family-01,channels[judge_question].entries[d-2|fact_pursuit|4].variants[judgeq-d-2-fact-pursuit-4-v4].behaviorHint,결정적 이유와 책임을 묻는다. 사실과 해석이 갈라지는 지점을 바로 세운다.,,,,"Scripted text channel without party a/b as speaker: system, judge, witness, dossier, mediation, aftermath, and milestone copy."
non_party_scripted_text_src_data_scriptedText_family-01_channels_judge_question_.entries_d-2_fact_pursuit_4_.variants_judgeq-d-2-fact-pursuit-4-v4_.text,non_party_scripted_text,src/data/scriptedText,family-01,channels[judge_question].entries[d-2|fact_pursuit|4].variants[judgeq-d-2-fact-pursuit-4-v4].text,"윤태성 씨, 윤정후 씨가 더 가지려 한 게 아니라는 기록을 어떻게 보십니까.",Identify the exact points of difference between the draft and the final.,ユン・ジョンフさん、公証人のメモと書類のどの部分を直接ご自身で確認されたか、資料単位で整理してお答えください。,请进一步补充：尹正厚先生，从亲笔练习本到公证副本之间，文字调整经过了哪些手，请讲。,"Scripted text channel without party a/b as speaker: system, judge, witness, dossier, mediation, aftermath, and milestone copy."
non_party_scripted_text_src_data_scriptedText_family-01_channels_judge_question_.entries_d-2_fact_pursuit_4_.variants_judgeq-d-2-fact-pursuit-4-v5_.behaviorHint,non_party_scripted_text,src/data/scriptedText,family-01,channels[judge_question].entries[d-2|fact_pursuit|4].variants[judgeq-d-2-fact-pursuit-4-v5].behaviorHint,결정적 이유와 책임을 묻는다. 사실과 해석이 갈라지는 지점을 바로 세운다.,,,,"Scripted text channel without party a/b as speaker: system, judge, witness, dossier, mediation, aftermath, and milestone copy."
non_party_scripted_text_src_data_scriptedText_family-01_channels_judge_question_.entries_d-2_fact_pursuit_4_.variants_judgeq-d-2-fact-pursuit-4-v5_.text,non_party_scripted_text,src/data/scriptedText,family-01,channels[judge_question].entries[d-2|fact_pursuit|4].variants[judgeq-d-2-fact-pursuit-4-v5].text,"두 분, 자필 연습본과 공증본이 각자에게 어떤 의미였는지 답해 주십시오.",Set out the gap between the two papers without paraphrase.,ユン・ジョンフさん、公証本と自筆練習本の差について、まだ供述されていない事実があれば先にお出しください。,换一个角度。请进一步补充：尹正厚先生，从亲笔练习本到公证副本之间，文字调整经过了哪些手，请讲。请按时间顺序回答。,"Scripted text channel without party a/b as speaker: system, judge, witness, dossier, mediation, aftermath, and milestone copy."
non_party_scripted_text_src_data_scriptedText_family-01_channels_judge_question_.entries_d-2_motive_search_1_.variants_judgeq-d-2-motive_search-1-v1_.behaviorHint,non_party_scripted_text,src/data/scriptedText,family-01,channels[judge_question].entries[d-2|motive_search|1].variants[judgeq-d-2-motive_search-1-v1].behaviorHint,사실 자체보다 왜 바로 말하지 못했는지의 입구를 연다. 처음의 주저함을 자극하는 질문이다.,,,,"Scripted text channel without party a/b as speaker: system, judge, witness, dossier, mediation, aftermath, and milestone copy."
non_party_scripted_text_src_data_scriptedText_family-01_channels_judge_question_.entries_d-2_motive_search_1_.variants_judgeq-d-2-motive_search-1-v1_.text,non_party_scripted_text,src/data/scriptedText,family-01,channels[judge_question].entries[d-2|motive_search|1].variants[judgeq-d-2-motive_search-1-v1].text,"윤정후 씨, 자필 연습본을 그대로 두지 못한 가장 직접적인 이유는 무엇입니까.",Why does the final version diverge from the earlier draft?,ユン・ジョンフさん、公証本と自筆練習本の差を伏せざるを得なかった事情があるなら、その理由をお話しください。,尹正厚先生，您当时为什么把那几个句子做调整，请讲明动机。,"Scripted text channel without party a/b as speaker: system, judge, witness, dossier, mediation, aftermath, and milestone copy."
non_party_scripted_text_src_data_scriptedText_family-01_channels_judge_question_.entries_d-2_motive_search_1_.variants_judgeq-d-2-motive_search-1-v2_.behaviorHint,non_party_scripted_text,src/data/scriptedText,family-01,channels[judge_question].entries[d-2|motive_search|1].variants[judgeq-d-2-motive_search-1-v2].behaviorHint,사실 자체보다 왜 바로 말하지 못했는지의 입구를 연다. 처음의 주저함을 자극하는 질문이다.,,,,"Scripted text channel without party a/b as speaker: system, judge, witness, dossier, mediation, aftermath, and milestone copy."
non_party_scripted_text_src_data_scriptedText_family-01_channels_judge_question_.entries_d-2_motive_search_1_.variants_judgeq-d-2-motive_search-1-v2_.text,non_party_scripted_text,src/data/scriptedText,family-01,channels[judge_question].entries[d-2|motive_search|1].variants[judgeq-d-2-motive_search-1-v2].text,"윤태성 씨, 왜 공증본을 보자마자 조작 의도부터 단정하셨습니까.",What pushed the wording in the direction it ended up taking?,ユン・ジョンフさん、公証本と自筆練習本の差について、ご自身の選択を支えていた動機を順序立ててお答えください。,换一个角度。尹正厚先生，您当时为什么把那几个句子做调整，请讲明动机。请按时间顺序回答。,"Scripted text channel without party a/b as speaker: system, judge, witness, dossier, mediation, aftermath, and milestone copy."
non_party_scripted_text_src_data_scriptedText_family-01_channels_judge_question_.entries_d-2_motive_search_1_.variants_judgeq-d-2-motive-search-1-v3_.behaviorHint,non_party_scripted_text,src/data/scriptedText,family-01,channels[judge_question].entries[d-2|motive_search|1].variants[judgeq-d-2-motive-search-1-v3].behaviorHint,사실 뒤의 첫 이유를 묻는다. 방어를 낮추고 선택의 입구를 연다.,,,,"Scripted text channel without party a/b as speaker: system, judge, witness, dossier, mediation, aftermath, and milestone copy."
non_party_scripted_text_src_data_scriptedText_family-01_channels_judge_question_.entries_d-2_motive_search_1_.variants_judgeq-d-2-motive-search-1-v3_.text,non_party_scripted_text,src/data/scriptedText,family-01,channels[judge_question].entries[d-2|motive_search|1].variants[judgeq-d-2-motive-search-1-v3].text,"윤정후 씨, 자필 연습본을 그대로 두면 안 된다고 판단한 첫 이유가 무엇입니까.",Whose interest did the change in wording serve?,ユン・ジョンフさん、その判断を取った動機を、家族の事情への配慮も含めて整えてください。,让我们再确认一次。尹正厚先生，您当时为什么把那几个句子做调整，请讲明动机。请把这一点定准。,"Scripted text channel without party a/b as speaker: system, judge, witness, dossier, mediation, aftermath, and milestone copy."
non_party_scripted_text_src_data_scriptedText_family-01_channels_judge_question_.entries_d-2_motive_search_1_.variants_judgeq-d-2-motive-search-1-v4_.behaviorHint,non_party_scripted_text,src/data/scriptedText,family-01,channels[judge_question].entries[d-2|motive_search|1].variants[judgeq-d-2-motive-search-1-v4].behaviorHint,사실 뒤의 첫 이유를 묻는다. 방어를 낮추고 선택의 입구를 연다.,,,,"Scripted text channel without party a/b as speaker: system, judge, witness, dossier, mediation, aftermath, and milestone copy."
non_party_scripted_text_src_data_scriptedText_family-01_channels_judge_question_.entries_d-2_motive_search_1_.variants_judgeq-d-2-motive-search-1-v4_.text,non_party_scripted_text,src/data/scriptedText,family-01,channels[judge_question].entries[d-2|motive_search|1].variants[judgeq-d-2-motive-search-1-v4].text,"윤태성 씨, 문서를 보자마자 윤정후 씨 의도부터 단정한 이유가 있습니까.",What was the reason the court is being given for the gap?,ユン・ジョンフさん、公証本と自筆練習本の差に向かう前に止まっていた時間があるなら、その理由をお話しください。,尹正厚先生，您当时为什么把那几个句子做调整，请讲明动机。,"Scripted text channel without party a/b as speaker: system, judge, witness, dossier, mediation, aftermath, and milestone copy."
non_party_scripted_text_src_data_scriptedText_family-01_channels_judge_question_.entries_d-2_motive_search_1_.variants_judgeq-d-2-motive-search-1-v5_.behaviorHint,non_party_scripted_text,src/data/scriptedText,family-01,channels[judge_question].entries[d-2|motive_search|1].variants[judgeq-d-2-motive-search-1-v5].behaviorHint,사실 뒤의 첫 이유를 묻는다. 방어를 낮추고 선택의 입구를 연다.,,,,"Scripted text channel without party a/b as speaker: system, judge, witness, dossier, mediation, aftermath, and milestone copy."
non_party_scripted_text_src_data_scriptedText_family-01_channels_judge_question_.entries_d-2_motive_search_1_.variants_judgeq-d-2-motive-search-1-v5_.text,non_party_scripted_text,src/data/scriptedText,family-01,channels[judge_question].entries[d-2|motive_search|1].variants[judgeq-d-2-motive-search-1-v5].text,"두 분, 문서보다 먼저 떠오른 의심이 무엇이었는지 말씀해 주십시오.",Why was the earlier draft not preserved in the final form?,ユン・ジョンフさん、説明の機会があったにもかかわらず後ろに送られた理由をお答えください。,换一个角度。尹正厚先生，您当时为什么把那几个句子做调整，请讲明动机。请按时间顺序回答。,"Scripted text channel without party a/b as speaker: system, judge, witness, dossier, mediation, aftermath, and milestone copy."
non_party_scripted_text_src_data_scriptedText_family-01_channels_judge_question_.entries_d-2_motive_search_2_.variants_judgeq-d-2-motive_search-2-v1_.behaviorHint,non_party_scripted_text,src/data/scriptedText,family-01,channels[judge_question].entries[d-2|motive_search|2].variants[judgeq-d-2-motive_search-2-v1].behaviorHint,숨김과 의심이 커진 직접 원인을 묻는다. 선택의 부담을 한 단계 더 구체화하는 흐름이다.,,,,"Scripted text channel without party a/b as speaker: system, judge, witness, dossier, mediation, aftermath, and milestone copy."
non_party_scripted_text_src_data_scriptedText_family-01_channels_judge_question_.entries_d-2_motive_search_2_.variants_judgeq-d-2-motive_search-2-v1_.text,non_party_scripted_text,src/data/scriptedText,family-01,channels[judge_question].entries[d-2|motive_search|2].variants[judgeq-d-2-motive_search-2-v1].text,"윤정후 씨, 윤태성 씨에게 자필 연습본을 바로 보여 줄 수 없었던 부담이 무엇이었습니까.",Why does the final version diverge from the earlier draft?,ユン・ジョンフさん、公証本と自筆練習本の差を伏せざるを得なかった事情があるなら、その理由をお話しください。,请进一步补充：尹正厚先生，您当时为什么把那几个句子做调整，请讲明动机。,"Scripted text channel without party a/b as speaker: system, judge, witness, dossier, mediation, aftermath, and milestone copy."
non_party_scripted_text_src_data_scriptedText_family-01_channels_judge_question_.entries_d-2_motive_search_2_.variants_judgeq-d-2-motive_search-2-v2_.behaviorHint,non_party_scripted_text,src/data/scriptedText,family-01,channels[judge_question].entries[d-2|motive_search|2].variants[judgeq-d-2-motive_search-2-v2].behaviorHint,숨김과 의심이 커진 직접 원인을 묻는다. 선택의 부담을 한 단계 더 구체화하는 흐름이다.,,,,"Scripted text channel without party a/b as speaker: system, judge, witness, dossier, mediation, aftermath, and milestone copy."
non_party_scripted_text_src_data_scriptedText_family-01_channels_judge_question_.entries_d-2_motive_search_2_.variants_judgeq-d-2-motive_search-2-v2_.text,non_party_scripted_text,src/data/scriptedText,family-01,channels[judge_question].entries[d-2|motive_search|2].variants[judgeq-d-2-motive_search-2-v2].text,"윤태성 씨, 유서 문제를 따지면서도 자필 연습본의 경위는 늦게 보신 이유가 있었습니까.",What pushed the wording in the direction it ended up taking?,ユン・ジョンフさん、公証本と自筆練習本の差について、ご自身の選択を支えていた動機を順序立ててお答えください。,换一个角度。请进一步补充：尹正厚先生，您当时为什么把那几个句子做调整，请讲明动机。请按时间顺序回答。,"Scripted text channel without party a/b as speaker: system, judge, witness, dossier, mediation, aftermath, and milestone copy."
non_party_scripted_text_src_data_scriptedText_family-01_channels_judge_question_.entries_d-2_motive_search_2_.variants_judgeq-d-2-motive-search-2-v3_.behaviorHint,non_party_scripted_text,src/data/scriptedText,family-01,channels[judge_question].entries[d-2|motive_search|2].variants[judgeq-d-2-motive-search-2-v3].behaviorHint,숨김과 의심이 커진 직접 원인을 묻는다. 부담을 더 구체화한다.,,,,"Scripted text channel without party a/b as speaker: system, judge, witness, dossier, mediation, aftermath, and milestone copy."
non_party_scripted_text_src_data_scriptedText_family-01_channels_judge_question_.entries_d-2_motive_search_2_.variants_judgeq-d-2-motive-search-2-v3_.text,non_party_scripted_text,src/data/scriptedText,family-01,channels[judge_question].entries[d-2|motive_search|2].variants[judgeq-d-2-motive-search-2-v3].text,"윤정후 씨, 윤태성 씨에게 자필 연습본을 바로 보이지 못한 부담을 설명해 주십시오.",Whose interest did the change in wording serve?,ユン・ジョンフさん、その判断を取った動機を、家族の事情への配慮も含めて整えてください。,让我们再确认一次。请进一步补充：尹正厚先生，您当时为什么把那几个句子做调整，请讲明动机。请把这一点定准。,"Scripted text channel without party a/b as speaker: system, judge, witness, dossier, mediation, aftermath, and milestone copy."
non_party_scripted_text_src_data_scriptedText_family-01_channels_judge_question_.entries_d-2_motive_search_2_.variants_judgeq-d-2-motive-search-2-v4_.behaviorHint,non_party_scripted_text,src/data/scriptedText,family-01,channels[judge_question].entries[d-2|motive_search|2].variants[judgeq-d-2-motive-search-2-v4].behaviorHint,숨김과 의심이 커진 직접 원인을 묻는다. 부담을 더 구체화한다.,,,,"Scripted text channel without party a/b as speaker: system, judge, witness, dossier, mediation, aftermath, and milestone copy."
non_party_scripted_text_src_data_scriptedText_family-01_channels_judge_question_.entries_d-2_motive_search_2_.variants_judgeq-d-2-motive-search-2-v4_.text,non_party_scripted_text,src/data/scriptedText,family-01,channels[judge_question].entries[d-2|motive_search|2].variants[judgeq-d-2-motive-search-2-v4].text,"윤태성 씨, 자필 연습본의 경위를 늦게 본 이유가 분노 때문이었습니까.",What was the reason the court is being given for the gap?,ユン・ジョンフさん、公証本と自筆練習本の差に向かう前に止まっていた時間があるなら、その理由をお話しください。,请进一步补充：尹正厚先生，您当时为什么把那几个句子做调整，请讲明动机。,"Scripted text channel without party a/b as speaker: system, judge, witness, dossier, mediation, aftermath, and milestone copy."
non_party_scripted_text_src_data_scriptedText_family-01_channels_judge_question_.entries_d-2_motive_search_2_.variants_judgeq-d-2-motive-search-2-v5_.behaviorHint,non_party_scripted_text,src/data/scriptedText,family-01,channels[judge_question].entries[d-2|motive_search|2].variants[judgeq-d-2-motive-search-2-v5].behaviorHint,숨김과 의심이 커진 직접 원인을 묻는다. 부담을 더 구체화한다.,,,,"Scripted text channel without party a/b as speaker: system, judge, witness, dossier, mediation, aftermath, and milestone copy."
non_party_scripted_text_src_data_scriptedText_family-01_channels_judge_question_.entries_d-2_motive_search_2_.variants_judgeq-d-2-motive-search-2-v5_.text,non_party_scripted_text,src/data/scriptedText,family-01,channels[judge_question].entries[d-2|motive_search|2].variants[judgeq-d-2-motive-search-2-v5].text,"두 분, 자필 연습본이 숨겨진 동안 관계가 어떻게 더 나빠졌는지 답해 주십시오.",Why was the earlier draft not preserved in the final form?,ユン・ジョンフさん、説明の機会があったにもかかわらず後ろに送られた理由をお答えください。,换一个角度。请进一步补充：尹正厚先生，您当时为什么把那几个句子做调整，请讲明动机。请按时间顺序回答。,"Scripted text channel without party a/b as speaker: system, judge, witness, dossier, mediation, aftermath, and milestone copy."
non_party_scripted_text_src_data_scriptedText_family-01_channels_judge_question_.entries_d-2_motive_search_3_.variants_judgeq-d-2-motive_search-3-v1_.behaviorHint,non_party_scripted_text,src/data/scriptedText,family-01,channels[judge_question].entries[d-2|motive_search|3].variants[judgeq-d-2-motive_search-3-v1].behaviorHint,관계 안쪽의 공포와 체면을 직접 건드린다. 말 바깥에 있던 불안을 꺼내게 하는 단계다.,,,,"Scripted text channel without party a/b as speaker: system, judge, witness, dossier, mediation, aftermath, and milestone copy."
non_party_scripted_text_src_data_scriptedText_family-01_channels_judge_question_.entries_d-2_motive_search_3_.variants_judgeq-d-2-motive_search-3-v1_.text,non_party_scripted_text,src/data/scriptedText,family-01,channels[judge_question].entries[d-2|motive_search|3].variants[judgeq-d-2-motive_search-3-v1].text,"윤정후 씨, 윤정후 씨 몫을 줄이는 방식까지 택한 데 죄책감과 보호 본능이 함께 있었던 겁니까.",Why does the final version diverge from the earlier draft?,ユン・ジョンフさん、公証本と自筆練習本の差を伏せざるを得なかった事情があるなら、その理由をお話しください。,请进一步补充：尹正厚先生，您当时为什么把那几个句子做调整，请讲明动机。,"Scripted text channel without party a/b as speaker: system, judge, witness, dossier, mediation, aftermath, and milestone copy."
non_party_scripted_text_src_data_scriptedText_family-01_channels_judge_question_.entries_d-2_motive_search_3_.variants_judgeq-d-2-motive_search-3-v2_.behaviorHint,non_party_scripted_text,src/data/scriptedText,family-01,channels[judge_question].entries[d-2|motive_search|3].variants[judgeq-d-2-motive_search-3-v2].behaviorHint,관계 안쪽의 공포와 체면을 직접 건드린다. 말 바깥에 있던 불안을 꺼내게 하는 단계다.,,,,"Scripted text channel without party a/b as speaker: system, judge, witness, dossier, mediation, aftermath, and milestone copy."
non_party_scripted_text_src_data_scriptedText_family-01_channels_judge_question_.entries_d-2_motive_search_3_.variants_judgeq-d-2-motive_search-3-v2_.text,non_party_scripted_text,src/data/scriptedText,family-01,channels[judge_question].entries[d-2|motive_search|3].variants[judgeq-d-2-motive_search-3-v2].text,"윤태성 씨, 이 문제를 유산 다툼으로만 붙들면 자신도 덜 흔들린다고 느끼셨습니까.",What pushed the wording in the direction it ended up taking?,ユン・ジョンフさん、公証本と自筆練習本の差について、ご自身の選択を支えていた動機を順序立ててお答えください。,换一个角度。请进一步补充：尹正厚先生，您当时为什么把那几个句子做调整，请讲明动机。请按时间顺序回答。,"Scripted text channel without party a/b as speaker: system, judge, witness, dossier, mediation, aftermath, and milestone copy."
non_party_scripted_text_src_data_scriptedText_family-01_channels_judge_question_.entries_d-2_motive_search_3_.variants_judgeq-d-2-motive-search-3-v3_.behaviorHint,non_party_scripted_text,src/data/scriptedText,family-01,channels[judge_question].entries[d-2|motive_search|3].variants[judgeq-d-2-motive-search-3-v3].behaviorHint,관계 안쪽의 공포와 체면을 건드린다. 말 바깥의 이유를 꺼내게 한다.,,,,"Scripted text channel without party a/b as speaker: system, judge, witness, dossier, mediation, aftermath, and milestone copy."
non_party_scripted_text_src_data_scriptedText_family-01_channels_judge_question_.entries_d-2_motive_search_3_.variants_judgeq-d-2-motive-search-3-v3_.text,non_party_scripted_text,src/data/scriptedText,family-01,channels[judge_question].entries[d-2|motive_search|3].variants[judgeq-d-2-motive-search-3-v3].text,"윤정후 씨, 그런 변경까지 감수하게 된 이유는 무엇입니까.",Whose interest did the change in wording serve?,ユン・ジョンフさん、その判断を取った動機を、家族の事情への配慮も含めて整えてください。,让我们再确认一次。请进一步补充：尹正厚先生，您当时为什么把那几个句子做调整，请讲明动机。请把这一点定准。,"Scripted text channel without party a/b as speaker: system, judge, witness, dossier, mediation, aftermath, and milestone copy."
non_party_scripted_text_src_data_scriptedText_family-01_channels_judge_question_.entries_d-2_motive_search_3_.variants_judgeq-d-2-motive-search-3-v4_.behaviorHint,non_party_scripted_text,src/data/scriptedText,family-01,channels[judge_question].entries[d-2|motive_search|3].variants[judgeq-d-2-motive-search-3-v4].behaviorHint,관계 안쪽의 공포와 체면을 건드린다. 말 바깥의 이유를 꺼내게 한다.,,,,"Scripted text channel without party a/b as speaker: system, judge, witness, dossier, mediation, aftermath, and milestone copy."
non_party_scripted_text_src_data_scriptedText_family-01_channels_judge_question_.entries_d-2_motive_search_3_.variants_judgeq-d-2-motive-search-3-v4_.text,non_party_scripted_text,src/data/scriptedText,family-01,channels[judge_question].entries[d-2|motive_search|3].variants[judgeq-d-2-motive-search-3-v4].text,"윤태성 씨, 윤정후 씨 행동을 이익만으로 읽어야 했던 마음이 있었습니까.",What was the reason the court is being given for the gap?,ユン・ジョンフさん、公証本と自筆練習本の差に向かう前に止まっていた時間があるなら、その理由をお話しください。,请进一步补充：尹正厚先生，您当时为什么把那几个句子做调整，请讲明动机。,"Scripted text channel without party a/b as speaker: system, judge, witness, dossier, mediation, aftermath, and milestone copy."
non_party_scripted_text_src_data_scriptedText_family-01_channels_judge_question_.entries_d-2_motive_search_3_.variants_judgeq-d-2-motive-search-3-v5_.behaviorHint,non_party_scripted_text,src/data/scriptedText,family-01,channels[judge_question].entries[d-2|motive_search|3].variants[judgeq-d-2-motive-search-3-v5].behaviorHint,관계 안쪽의 공포와 체면을 건드린다. 말 바깥의 이유를 꺼내게 한다.,,,,"Scripted text channel without party a/b as speaker: system, judge, witness, dossier, mediation, aftermath, and milestone copy."
non_party_scripted_text_src_data_scriptedText_family-01_channels_judge_question_.entries_d-2_motive_search_3_.variants_judgeq-d-2-motive-search-3-v5_.text,non_party_scripted_text,src/data/scriptedText,family-01,channels[judge_question].entries[d-2|motive_search|3].variants[judgeq-d-2-motive-search-3-v5].text,"두 분, 위조의 책임과 동기를 따로 놓고 말씀해 주십시오.",Why was the earlier draft not preserved in the final form?,ユン・ジョンフさん、説明の機会があったにもかかわらず後ろに送られた理由をお答えください。,换一个角度。请进一步补充：尹正厚先生，您当时为什么把那几个句子做调整，请讲明动机。请按时间顺序回答。,"Scripted text channel without party a/b as speaker: system, judge, witness, dossier, mediation, aftermath, and milestone copy."
non_party_scripted_text_src_data_scriptedText_family-01_channels_judge_question_.entries_d-2_motive_search_4_.variants_judgeq-d-2-motive_search-4-v1_.behaviorHint,non_party_scripted_text,src/data/scriptedText,family-01,channels[judge_question].entries[d-2|motive_search|4].variants[judgeq-d-2-motive_search-4-v1].behaviorHint,핑계가 아니라 선택의 이유를 묻는다. 왜 그 선을 넘거나 단정했는지를 정면으로 겨눈다.,,,,"Scripted text channel without party a/b as speaker: system, judge, witness, dossier, mediation, aftermath, and milestone copy."
non_party_scripted_text_src_data_scriptedText_family-01_channels_judge_question_.entries_d-2_motive_search_4_.variants_judgeq-d-2-motive_search-4-v1_.text,non_party_scripted_text,src/data/scriptedText,family-01,channels[judge_question].entries[d-2|motive_search|4].variants[judgeq-d-2-motive_search-4-v1].text,"윤정후 씨, 위조라는 걸 알면서도 밀어붙인 이유를 선의라는 말 말고 다시 설명해 주십시오.",Why does the final version diverge from the earlier draft?,ユン・ジョンフさん、公証本と自筆練習本の差を伏せざるを得なかった事情があるなら、その理由をお話しください。,请进一步补充：尹正厚先生，您当时为什么把那几个句子做调整，请讲明动机。,"Scripted text channel without party a/b as speaker: system, judge, witness, dossier, mediation, aftermath, and milestone copy."
non_party_scripted_text_src_data_scriptedText_family-01_channels_judge_question_.entries_d-2_motive_search_4_.variants_judgeq-d-2-motive_search-4-v2_.behaviorHint,non_party_scripted_text,src/data/scriptedText,family-01,channels[judge_question].entries[d-2|motive_search|4].variants[judgeq-d-2-motive_search-4-v2].behaviorHint,핑계가 아니라 선택의 이유를 묻는다. 왜 그 선을 넘거나 단정했는지를 정면으로 겨눈다.,,,,"Scripted text channel without party a/b as speaker: system, judge, witness, dossier, mediation, aftermath, and milestone copy."
non_party_scripted_text_src_data_scriptedText_family-01_channels_judge_question_.entries_d-2_motive_search_4_.variants_judgeq-d-2-motive_search-4-v2_.text,non_party_scripted_text,src/data/scriptedText,family-01,channels[judge_question].entries[d-2|motive_search|4].variants[judgeq-d-2-motive_search-4-v2].text,"윤태성 씨, 윤정후 씨를 욕심 많은 사람으로 세워야만 버틸 수 있었던 이유가 있었습니까.",What pushed the wording in the direction it ended up taking?,ユン・ジョンフさん、公証本と自筆練習本の差について、ご自身の選択を支えていた動機を順序立ててお答えください。,换一个角度。请进一步补充：尹正厚先生，您当时为什么把那几个句子做调整，请讲明动机。请按时间顺序回答。,"Scripted text channel without party a/b as speaker: system, judge, witness, dossier, mediation, aftermath, and milestone copy."
non_party_scripted_text_src_data_scriptedText_family-01_channels_judge_question_.entries_d-2_motive_search_4_.variants_judgeq-d-2-motive-search-4-v3_.behaviorHint,non_party_scripted_text,src/data/scriptedText,family-01,channels[judge_question].entries[d-2|motive_search|4].variants[judgeq-d-2-motive-search-4-v3].behaviorHint,핑계가 아니라 선택의 이유를 묻는다. 왜 그 선을 넘었는지 겨눈다.,,,,"Scripted text channel without party a/b as speaker: system, judge, witness, dossier, mediation, aftermath, and milestone copy."
non_party_scripted_text_src_data_scriptedText_family-01_channels_judge_question_.entries_d-2_motive_search_4_.variants_judgeq-d-2-motive-search-4-v3_.text,non_party_scripted_text,src/data/scriptedText,family-01,channels[judge_question].entries[d-2|motive_search|4].variants[judgeq-d-2-motive-search-4-v3].text,"윤정후 씨, 보호하려는 이유가 있었다 해도 왜 절차를 넘었습니까.",Whose interest did the change in wording serve?,ユン・ジョンフさん、その判断を取った動機を、家族の事情への配慮も含めて整えてください。,让我们再确认一次。请进一步补充：尹正厚先生，您当时为什么把那几个句子做调整，请讲明动机。请把这一点定准。,"Scripted text channel without party a/b as speaker: system, judge, witness, dossier, mediation, aftermath, and milestone copy."
non_party_scripted_text_src_data_scriptedText_family-01_channels_judge_question_.entries_d-2_motive_search_4_.variants_judgeq-d-2-motive-search-4-v4_.behaviorHint,non_party_scripted_text,src/data/scriptedText,family-01,channels[judge_question].entries[d-2|motive_search|4].variants[judgeq-d-2-motive-search-4-v4].behaviorHint,핑계가 아니라 선택의 이유를 묻는다. 왜 그 선을 넘었는지 겨눈다.,,,,"Scripted text channel without party a/b as speaker: system, judge, witness, dossier, mediation, aftermath, and milestone copy."
non_party_scripted_text_src_data_scriptedText_family-01_channels_judge_question_.entries_d-2_motive_search_4_.variants_judgeq-d-2-motive-search-4-v4_.text,non_party_scripted_text,src/data/scriptedText,family-01,channels[judge_question].entries[d-2|motive_search|4].variants[judgeq-d-2-motive-search-4-v4].text,"윤태성 씨, 분노가 윤정후 씨의 보호 명분까지 지웠는지 답해 주십시오.",What was the reason the court is being given for the gap?,ユン・ジョンフさん、公証本と自筆練習本の差に向かう前に止まっていた時間があるなら、その理由をお話しください。,请进一步补充：尹正厚先生，您当时为什么把那几个句子做调整，请讲明动机。,"Scripted text channel without party a/b as speaker: system, judge, witness, dossier, mediation, aftermath, and milestone copy."
non_party_scripted_text_src_data_scriptedText_family-01_channels_judge_question_.entries_d-2_motive_search_4_.variants_judgeq-d-2-motive-search-4-v5_.behaviorHint,non_party_scripted_text,src/data/scriptedText,family-01,channels[judge_question].entries[d-2|motive_search|4].variants[judgeq-d-2-motive-search-4-v5].behaviorHint,핑계가 아니라 선택의 이유를 묻는다. 왜 그 선을 넘었는지 겨눈다.,,,,"Scripted text channel without party a/b as speaker: system, judge, witness, dossier, mediation, aftermath, and milestone copy."
non_party_scripted_text_src_data_scriptedText_family-01_channels_judge_question_.entries_d-2_motive_search_4_.variants_judgeq-d-2-motive-search-4-v5_.text,non_party_scripted_text,src/data/scriptedText,family-01,channels[judge_question].entries[d-2|motive_search|4].variants[judgeq-d-2-motive-search-4-v5].text,"두 분, 문서를 고친 이유와 그 결과를 마지막으로 정리해 주십시오.",Why was the earlier draft not preserved in the final form?,ユン・ジョンフさん、説明の機会があったにもかかわらず後ろに送られた理由をお答えください。,换一个角度。请进一步补充：尹正厚先生，您当时为什么把那几个句子做调整，请讲明动机。请按时间顺序回答。,"Scripted text channel without party a/b as speaker: system, judge, witness, dossier, mediation, aftermath, and milestone copy."
non_party_scripted_text_src_data_scriptedText_family-01_channels_judge_question_.entries_d-3_empathy_approach_1_.variants_judgeq-d-3-empathy_approach-1-v1_.behaviorHint,non_party_scripted_text,src/data/scriptedText,family-01,channels[judge_question].entries[d-3|empathy_approach|1].variants[judgeq-d-3-empathy_approach-1-v1].behaviorHint,판단보다 감정의 첫 반응을 묻는다. 방어를 조금 낮추고 안쪽 정서를 끌어내는 질문이다.,,,,"Scripted text channel without party a/b as speaker: system, judge, witness, dossier, mediation, aftermath, and milestone copy."
non_party_scripted_text_src_data_scriptedText_family-01_channels_judge_question_.entries_d-3_empathy_approach_1_.variants_judgeq-d-3-empathy_approach-1-v1_.text,non_party_scripted_text,src/data/scriptedText,family-01,channels[judge_question].entries[d-3|empathy_approach|1].variants[judgeq-d-3-empathy_approach-1-v1].text,"윤정후 씨, 그 돈을 보낼 때마다 가장 먼저 떠오른 사람은 어머니였습니까, 윤태성 씨였습니까.","Tell me what carrying that pattern felt like for you, year on year.",ユン・テソンさん、母の通帳の流れと家族間の資金を前にして揺れていた時間も含めて、率直なところをお答えください。,尹泰成先生，您是否知道家用账上有母亲以外的资金来源，请讲。,"Scripted text channel without party a/b as speaker: system, judge, witness, dossier, mediation, aftermath, and milestone copy."
non_party_scripted_text_src_data_scriptedText_family-01_channels_judge_question_.entries_d-3_empathy_approach_1_.variants_judgeq-d-3-empathy_approach-1-v2_.behaviorHint,non_party_scripted_text,src/data/scriptedText,family-01,channels[judge_question].entries[d-3|empathy_approach|1].variants[judgeq-d-3-empathy_approach-1-v2].behaviorHint,판단보다 감정의 첫 반응을 묻는다. 방어를 조금 낮추고 안쪽 정서를 끌어내는 질문이다.,,,,"Scripted text channel without party a/b as speaker: system, judge, witness, dossier, mediation, aftermath, and milestone copy."
non_party_scripted_text_src_data_scriptedText_family-01_channels_judge_question_.entries_d-3_empathy_approach_1_.variants_judgeq-d-3-empathy_approach-1-v2_.text,non_party_scripted_text,src/data/scriptedText,family-01,channels[judge_question].entries[d-3|empathy_approach|1].variants[judgeq-d-3-empathy_approach-1-v2].text,"윤태성 씨, 그 시절 도움을 받던 자신을 떠올리면 가장 먼저 드는 감정은 무엇입니까.","I want to understand the weight of it, not just the figures.",ユン・テソンさん、母の通帳の流れと家族間の資金を見て胸の中で結論に向かっていった経緯を、お話しください。,换一个角度。尹泰成先生，您是否知道家用账上有母亲以外的资金来源，请讲。请按时间顺序回答。,"Scripted text channel without party a/b as speaker: system, judge, witness, dossier, mediation, aftermath, and milestone copy."
non_party_scripted_text_src_data_scriptedText_family-01_channels_judge_question_.entries_d-3_empathy_approach_1_.variants_judgeq-d-3-empathy-approach-1-v3_.behaviorHint,non_party_scripted_text,src/data/scriptedText,family-01,channels[judge_question].entries[d-3|empathy_approach|1].variants[judgeq-d-3-empathy-approach-1-v3].behaviorHint,판단보다 감정의 첫 반응을 묻는다. 방어를 조금 낮추는 질문이다.,,,,"Scripted text channel without party a/b as speaker: system, judge, witness, dossier, mediation, aftermath, and milestone copy."
non_party_scripted_text_src_data_scriptedText_family-01_channels_judge_question_.entries_d-3_empathy_approach_1_.variants_judgeq-d-3-empathy-approach-1-v3_.text,non_party_scripted_text,src/data/scriptedText,family-01,channels[judge_question].entries[d-3|empathy_approach|1].variants[judgeq-d-3-empathy-approach-1-v3].text,"윤정후 씨, 돈을 보낼 때마다 가장 먼저 떠오른 사람은 어머니였습니까, 윤태성 씨였습니까.",Set the numbers aside for a moment — what did the support cost you personally?,ユン・テソンさん、母の通帳の流れと家族間の資金について、いま胸の中にある事情を整えてお答えください。,让我们再确认一次。尹泰成先生，您是否知道家用账上有母亲以外的资金来源，请讲。请把这一点定准。,"Scripted text channel without party a/b as speaker: system, judge, witness, dossier, mediation, aftermath, and milestone copy."
non_party_scripted_text_src_data_scriptedText_family-01_channels_judge_question_.entries_d-3_empathy_approach_1_.variants_judgeq-d-3-empathy-approach-1-v4_.behaviorHint,non_party_scripted_text,src/data/scriptedText,family-01,channels[judge_question].entries[d-3|empathy_approach|1].variants[judgeq-d-3-empathy-approach-1-v4].behaviorHint,판단보다 감정의 첫 반응을 묻는다. 방어를 조금 낮추는 질문이다.,,,,"Scripted text channel without party a/b as speaker: system, judge, witness, dossier, mediation, aftermath, and milestone copy."
non_party_scripted_text_src_data_scriptedText_family-01_channels_judge_question_.entries_d-3_empathy_approach_1_.variants_judgeq-d-3-empathy-approach-1-v4_.text,non_party_scripted_text,src/data/scriptedText,family-01,channels[judge_question].entries[d-3|empathy_approach|1].variants[judgeq-d-3-empathy-approach-1-v4].text,"윤태성 씨, 그 시절 도움을 받던 자신을 떠올리면 어떤 감정이 듭니까.",Speak to me about what you were trying to hold together with that flow.,ユン・テソンさん、不安と確信の境目で何が決め手になったのか、お話しいただけますか。,尹泰成先生，您是否知道家用账上有母亲以外的资金来源，请讲。,"Scripted text channel without party a/b as speaker: system, judge, witness, dossier, mediation, aftermath, and milestone copy."
non_party_scripted_text_src_data_scriptedText_family-01_channels_judge_question_.entries_d-3_empathy_approach_1_.variants_judgeq-d-3-empathy-approach-1-v5_.behaviorHint,non_party_scripted_text,src/data/scriptedText,family-01,channels[judge_question].entries[d-3|empathy_approach|1].variants[judgeq-d-3-empathy-approach-1-v5].behaviorHint,판단보다 감정의 첫 반응을 묻는다. 방어를 조금 낮추는 질문이다.,,,,"Scripted text channel without party a/b as speaker: system, judge, witness, dossier, mediation, aftermath, and milestone copy."
non_party_scripted_text_src_data_scriptedText_family-01_channels_judge_question_.entries_d-3_empathy_approach_1_.variants_judgeq-d-3-empathy-approach-1-v5_.text,non_party_scripted_text,src/data/scriptedText,family-01,channels[judge_question].entries[d-3|empathy_approach|1].variants[judgeq-d-3-empathy-approach-1-v5].text,"두 분, 돈이 아니라 마음으로 남은 빚이 무엇인지 말씀해 주십시오.","Help me see the human shape of the pattern, not only the financial shape.",ユン・テソンさん、母の通帳の流れと家族間の資金を伏せていた間の心情を、率直に整えてください。,换一个角度。尹泰成先生，您是否知道家用账上有母亲以外的资金来源，请讲。请按时间顺序回答。,"Scripted text channel without party a/b as speaker: system, judge, witness, dossier, mediation, aftermath, and milestone copy."
non_party_scripted_text_src_data_scriptedText_family-01_channels_judge_question_.entries_d-3_empathy_approach_2_.variants_judgeq-d-3-empathy_approach-2-v1_.behaviorHint,non_party_scripted_text,src/data/scriptedText,family-01,channels[judge_question].entries[d-3|empathy_approach|2].variants[judgeq-d-3-empathy_approach-2-v1].behaviorHint,죄책감과 불안을 시간의 흐름 안에서 묻는다. 감정이 커진 지점을 기억하게 만드는 질문이다.,,,,"Scripted text channel without party a/b as speaker: system, judge, witness, dossier, mediation, aftermath, and milestone copy."
non_party_scripted_text_src_data_scriptedText_family-01_channels_judge_question_.entries_d-3_empathy_approach_2_.variants_judgeq-d-3-empathy_approach-2-v1_.text,non_party_scripted_text,src/data/scriptedText,family-01,channels[judge_question].entries[d-3|empathy_approach|2].variants[judgeq-d-3-empathy_approach-2-v1].text,"윤정후 씨, 윤태성 씨가 모른 채 지나가는 걸 보면서 서운함보다 안도감이 더 컸습니까.","Tell me what carrying that pattern felt like for you, year on year.",ユン・テソンさん、母の通帳の流れと家族間の資金を前にして揺れていた時間も含めて、率直なところをお答えください。,请进一步补充：尹泰成先生，您是否知道家用账上有母亲以外的资金来源，请讲。,"Scripted text channel without party a/b as speaker: system, judge, witness, dossier, mediation, aftermath, and milestone copy."
non_party_scripted_text_src_data_scriptedText_family-01_channels_judge_question_.entries_d-3_empathy_approach_2_.variants_judgeq-d-3-empathy_approach-2-v2_.behaviorHint,non_party_scripted_text,src/data/scriptedText,family-01,channels[judge_question].entries[d-3|empathy_approach|2].variants[judgeq-d-3-empathy_approach-2-v2].behaviorHint,죄책감과 불안을 시간의 흐름 안에서 묻는다. 감정이 커진 지점을 기억하게 만드는 질문이다.,,,,"Scripted text channel without party a/b as speaker: system, judge, witness, dossier, mediation, aftermath, and milestone copy."
non_party_scripted_text_src_data_scriptedText_family-01_channels_judge_question_.entries_d-3_empathy_approach_2_.variants_judgeq-d-3-empathy_approach-2-v2_.text,non_party_scripted_text,src/data/scriptedText,family-01,channels[judge_question].entries[d-3|empathy_approach|2].variants[judgeq-d-3-empathy_approach-2-v2].text,"윤태성 씨, 그 돈이 정말 윤정후 씨 손에서 왔을 수도 있다고 들으면 먼저 드는 감정은 미안함입니까, 분노입니까.","I want to understand the weight of it, not just the figures.",ユン・テソンさん、母の通帳の流れと家族間の資金を見て胸の中で結論に向かっていった経緯を、お話しください。,换一个角度。请进一步补充：尹泰成先生，您是否知道家用账上有母亲以外的资金来源，请讲。请按时间顺序回答。,"Scripted text channel without party a/b as speaker: system, judge, witness, dossier, mediation, aftermath, and milestone copy."
non_party_scripted_text_src_data_scriptedText_family-01_channels_judge_question_.entries_d-3_empathy_approach_2_.variants_judgeq-d-3-empathy-approach-2-v3_.behaviorHint,non_party_scripted_text,src/data/scriptedText,family-01,channels[judge_question].entries[d-3|empathy_approach|2].variants[judgeq-d-3-empathy-approach-2-v3].behaviorHint,죄책감과 불안을 시간의 흐름 안에서 묻는다. 감정이 커진 지점을 찾는다.,,,,"Scripted text channel without party a/b as speaker: system, judge, witness, dossier, mediation, aftermath, and milestone copy."
non_party_scripted_text_src_data_scriptedText_family-01_channels_judge_question_.entries_d-3_empathy_approach_2_.variants_judgeq-d-3-empathy-approach-2-v3_.text,non_party_scripted_text,src/data/scriptedText,family-01,channels[judge_question].entries[d-3|empathy_approach|2].variants[judgeq-d-3-empathy-approach-2-v3].text,"윤정후 씨, 윤태성 씨가 모른 채 지나갈 때 안도감과 서운함 중 무엇이 컸습니까.",Set the numbers aside for a moment — what did the support cost you personally?,ユン・テソンさん、母の通帳の流れと家族間の資金について、いま胸の中にある事情を整えてお答えください。,让我们再确认一次。请进一步补充：尹泰成先生，您是否知道家用账上有母亲以外的资金来源，请讲。请把这一点定准。,"Scripted text channel without party a/b as speaker: system, judge, witness, dossier, mediation, aftermath, and milestone copy."
non_party_scripted_text_src_data_scriptedText_family-01_channels_judge_question_.entries_d-3_empathy_approach_2_.variants_judgeq-d-3-empathy-approach-2-v4_.behaviorHint,non_party_scripted_text,src/data/scriptedText,family-01,channels[judge_question].entries[d-3|empathy_approach|2].variants[judgeq-d-3-empathy-approach-2-v4].behaviorHint,죄책감과 불안을 시간의 흐름 안에서 묻는다. 감정이 커진 지점을 찾는다.,,,,"Scripted text channel without party a/b as speaker: system, judge, witness, dossier, mediation, aftermath, and milestone copy."
non_party_scripted_text_src_data_scriptedText_family-01_channels_judge_question_.entries_d-3_empathy_approach_2_.variants_judgeq-d-3-empathy-approach-2-v4_.text,non_party_scripted_text,src/data/scriptedText,family-01,channels[judge_question].entries[d-3|empathy_approach|2].variants[judgeq-d-3-empathy-approach-2-v4].text,"윤태성 씨, 윤정후 씨 돈일 수 있다는 말에 먼저 드는 감정은 무엇입니까.",Speak to me about what you were trying to hold together with that flow.,ユン・テソンさん、不安と確信の境目で何が決め手になったのか、お話しいただけますか。,请进一步补充：尹泰成先生，您是否知道家用账上有母亲以外的资金来源，请讲。,"Scripted text channel without party a/b as speaker: system, judge, witness, dossier, mediation, aftermath, and milestone copy."
non_party_scripted_text_src_data_scriptedText_family-01_channels_judge_question_.entries_d-3_empathy_approach_2_.variants_judgeq-d-3-empathy-approach-2-v5_.behaviorHint,non_party_scripted_text,src/data/scriptedText,family-01,channels[judge_question].entries[d-3|empathy_approach|2].variants[judgeq-d-3-empathy-approach-2-v5].behaviorHint,죄책감과 불안을 시간의 흐름 안에서 묻는다. 감정이 커진 지점을 찾는다.,,,,"Scripted text channel without party a/b as speaker: system, judge, witness, dossier, mediation, aftermath, and milestone copy."
non_party_scripted_text_src_data_scriptedText_family-01_channels_judge_question_.entries_d-3_empathy_approach_2_.variants_judgeq-d-3-empathy-approach-2-v5_.text,non_party_scripted_text,src/data/scriptedText,family-01,channels[judge_question].entries[d-3|empathy_approach|2].variants[judgeq-d-3-empathy-approach-2-v5].text,"두 분, 도움을 주고도 말하지 못한 시간의 무게를 말씀해 주십시오.","Help me see the human shape of the pattern, not only the financial shape.",ユン・テソンさん、母の通帳の流れと家族間の資金を伏せていた間の心情を、率直に整えてください。,换一个角度。请进一步补充：尹泰成先生，您是否知道家用账上有母亲以外的资金来源，请讲。请按时间顺序回答。,"Scripted text channel without party a/b as speaker: system, judge, witness, dossier, mediation, aftermath, and milestone copy."
non_party_scripted_text_src_data_scriptedText_family-01_channels_judge_question_.entries_d-3_empathy_approach_3_.variants_judgeq-d-3-empathy_approach-3-v1_.behaviorHint,non_party_scripted_text,src/data/scriptedText,family-01,channels[judge_question].entries[d-3|empathy_approach|3].variants[judgeq-d-3-empathy_approach-3-v1].behaviorHint,사실 뒤에 눌려 있던 두려움을 직접 건드린다. 관계 붕괴를 무서워한 마음을 말하게 하는 단계다.,,,,"Scripted text channel without party a/b as speaker: system, judge, witness, dossier, mediation, aftermath, and milestone copy."
non_party_scripted_text_src_data_scriptedText_family-01_channels_judge_question_.entries_d-3_empathy_approach_3_.variants_judgeq-d-3-empathy_approach-3-v1_.text,non_party_scripted_text,src/data/scriptedText,family-01,channels[judge_question].entries[d-3|empathy_approach|3].variants[judgeq-d-3-empathy_approach-3-v1].text,"윤정후 씨, 오래 숨긴 이유가 체면 때문입니까, 윤태성 씨의 삶을 무너뜨릴까 봐서입니까.","Tell me what carrying that pattern felt like for you, year on year.",ユン・テソンさん、母の通帳の流れと家族間の資金を前にして揺れていた時間も含めて、率直なところをお答えください。,请进一步补充：尹泰成先生，您是否知道家用账上有母亲以外的资金来源，请讲。,"Scripted text channel without party a/b as speaker: system, judge, witness, dossier, mediation, aftermath, and milestone copy."
non_party_scripted_text_src_data_scriptedText_family-01_channels_judge_question_.entries_d-3_empathy_approach_3_.variants_judgeq-d-3-empathy_approach-3-v2_.behaviorHint,non_party_scripted_text,src/data/scriptedText,family-01,channels[judge_question].entries[d-3|empathy_approach|3].variants[judgeq-d-3-empathy_approach-3-v2].behaviorHint,사실 뒤에 눌려 있던 두려움을 직접 건드린다. 관계 붕괴를 무서워한 마음을 말하게 하는 단계다.,,,,"Scripted text channel without party a/b as speaker: system, judge, witness, dossier, mediation, aftermath, and milestone copy."
non_party_scripted_text_src_data_scriptedText_family-01_channels_judge_question_.entries_d-3_empathy_approach_3_.variants_judgeq-d-3-empathy_approach-3-v2_.text,non_party_scripted_text,src/data/scriptedText,family-01,channels[judge_question].entries[d-3|empathy_approach|3].variants[judgeq-d-3-empathy_approach-3-v2].text,"윤태성 씨, 윤정후 씨에게 빚진 사람이 될까 봐 받아들이기 어려운 마음도 있었습니까.","I want to understand the weight of it, not just the figures.",ユン・テソンさん、母の通帳の流れと家族間の資金を見て胸の中で結論に向かっていった経緯を、お話しください。,换一个角度。请进一步补充：尹泰成先生，您是否知道家用账上有母亲以外的资金来源，请讲。请按时间顺序回答。,"Scripted text channel without party a/b as speaker: system, judge, witness, dossier, mediation, aftermath, and milestone copy."
non_party_scripted_text_src_data_scriptedText_family-01_channels_judge_question_.entries_d-3_empathy_approach_3_.variants_judgeq-d-3-empathy-approach-3-v3_.behaviorHint,non_party_scripted_text,src/data/scriptedText,family-01,channels[judge_question].entries[d-3|empathy_approach|3].variants[judgeq-d-3-empathy-approach-3-v3].behaviorHint,사실 뒤에 눌려 있던 두려움을 직접 건드린다. 관계의 균열을 보게 한다.,,,,"Scripted text channel without party a/b as speaker: system, judge, witness, dossier, mediation, aftermath, and milestone copy."
non_party_scripted_text_src_data_scriptedText_family-01_channels_judge_question_.entries_d-3_empathy_approach_3_.variants_judgeq-d-3-empathy-approach-3-v3_.text,non_party_scripted_text,src/data/scriptedText,family-01,channels[judge_question].entries[d-3|empathy_approach|3].variants[judgeq-d-3-empathy-approach-3-v3].text,"윤정후 씨, 오래 숨긴 이유가 윤태성 씨의 자존심 때문이었다고 보십니까.",Set the numbers aside for a moment — what did the support cost you personally?,ユン・テソンさん、母の通帳の流れと家族間の資金について、いま胸の中にある事情を整えてお答えください。,让我们再确认一次。请进一步补充：尹泰成先生，您是否知道家用账上有母亲以外的资金来源，请讲。请把这一点定准。,"Scripted text channel without party a/b as speaker: system, judge, witness, dossier, mediation, aftermath, and milestone copy."
non_party_scripted_text_src_data_scriptedText_family-01_channels_judge_question_.entries_d-3_empathy_approach_3_.variants_judgeq-d-3-empathy-approach-3-v4_.behaviorHint,non_party_scripted_text,src/data/scriptedText,family-01,channels[judge_question].entries[d-3|empathy_approach|3].variants[judgeq-d-3-empathy-approach-3-v4].behaviorHint,사실 뒤에 눌려 있던 두려움을 직접 건드린다. 관계의 균열을 보게 한다.,,,,"Scripted text channel without party a/b as speaker: system, judge, witness, dossier, mediation, aftermath, and milestone copy."
non_party_scripted_text_src_data_scriptedText_family-01_channels_judge_question_.entries_d-3_empathy_approach_3_.variants_judgeq-d-3-empathy-approach-3-v4_.text,non_party_scripted_text,src/data/scriptedText,family-01,channels[judge_question].entries[d-3|empathy_approach|3].variants[judgeq-d-3-empathy-approach-3-v4].text,"윤태성 씨, 윤정후 씨에게 빚진 사람이 될까 봐 받아들이기 어렵습니까.",Speak to me about what you were trying to hold together with that flow.,ユン・テソンさん、不安と確信の境目で何が決め手になったのか、お話しいただけますか。,请进一步补充：尹泰成先生，您是否知道家用账上有母亲以外的资金来源，请讲。,"Scripted text channel without party a/b as speaker: system, judge, witness, dossier, mediation, aftermath, and milestone copy."
non_party_scripted_text_src_data_scriptedText_family-01_channels_judge_question_.entries_d-3_empathy_approach_3_.variants_judgeq-d-3-empathy-approach-3-v5_.behaviorHint,non_party_scripted_text,src/data/scriptedText,family-01,channels[judge_question].entries[d-3|empathy_approach|3].variants[judgeq-d-3-empathy-approach-3-v5].behaviorHint,사실 뒤에 눌려 있던 두려움을 직접 건드린다. 관계의 균열을 보게 한다.,,,,"Scripted text channel without party a/b as speaker: system, judge, witness, dossier, mediation, aftermath, and milestone copy."
non_party_scripted_text_src_data_scriptedText_family-01_channels_judge_question_.entries_d-3_empathy_approach_3_.variants_judgeq-d-3-empathy-approach-3-v5_.text,non_party_scripted_text,src/data/scriptedText,family-01,channels[judge_question].entries[d-3|empathy_approach|3].variants[judgeq-d-3-empathy-approach-3-v5].text,"두 분, 고마움이 분노로 바뀐 순간이 있었는지 답해 주십시오.","Help me see the human shape of the pattern, not only the financial shape.",ユン・テソンさん、母の通帳の流れと家族間の資金を伏せていた間の心情を、率直に整えてください。,换一个角度。请进一步补充：尹泰成先生，您是否知道家用账上有母亲以外的资金来源，请讲。请按时间顺序回答。,"Scripted text channel without party a/b as speaker: system, judge, witness, dossier, mediation, aftermath, and milestone copy."
non_party_scripted_text_src_data_scriptedText_family-01_channels_judge_question_.entries_d-3_empathy_approach_4_.variants_judgeq-d-3-empathy_approach-4-v1_.behaviorHint,non_party_scripted_text,src/data/scriptedText,family-01,channels[judge_question].entries[d-3|empathy_approach|4].variants[judgeq-d-3-empathy_approach-4-v1].behaviorHint,가장 무거운 감정을 선택하게 만든다. 책임과 상처 가운데 무엇이 더 크게 남는지 스스로 보게 하는 질문이다.,,,,"Scripted text channel without party a/b as speaker: system, judge, witness, dossier, mediation, aftermath, and milestone copy."
non_party_scripted_text_src_data_scriptedText_family-01_channels_judge_question_.entries_d-3_empathy_approach_4_.variants_judgeq-d-3-empathy_approach-4-v1_.text,non_party_scripted_text,src/data/scriptedText,family-01,channels[judge_question].entries[d-3|empathy_approach|4].variants[judgeq-d-3-empathy_approach-4-v1].text,"윤정후 씨, 지금 더 무거운 것은 도움을 숨긴 죄책감입니까, 윤태성 씨를 끝내 보호하지 못했다는 허무감입니까.","Tell me what carrying that pattern felt like for you, year on year.",ユン・テソンさん、母の通帳の流れと家族間の資金を前にして揺れていた時間も含めて、率直なところをお答えください。,请进一步补充：尹泰成先生，您是否知道家用账上有母亲以外的资金来源，请讲。,"Scripted text channel without party a/b as speaker: system, judge, witness, dossier, mediation, aftermath, and milestone copy."
non_party_scripted_text_src_data_scriptedText_family-01_channels_judge_question_.entries_d-3_empathy_approach_4_.variants_judgeq-d-3-empathy_approach-4-v2_.behaviorHint,non_party_scripted_text,src/data/scriptedText,family-01,channels[judge_question].entries[d-3|empathy_approach|4].variants[judgeq-d-3-empathy_approach-4-v2].behaviorHint,가장 무거운 감정을 선택하게 만든다. 책임과 상처 가운데 무엇이 더 크게 남는지 스스로 보게 하는 질문이다.,,,,"Scripted text channel without party a/b as speaker: system, judge, witness, dossier, mediation, aftermath, and milestone copy."
non_party_scripted_text_src_data_scriptedText_family-01_channels_judge_question_.entries_d-3_empathy_approach_4_.variants_judgeq-d-3-empathy_approach-4-v2_.text,non_party_scripted_text,src/data/scriptedText,family-01,channels[judge_question].entries[d-3|empathy_approach|4].variants[judgeq-d-3-empathy_approach-4-v2].text,"윤태성 씨, 진실을 알고 싶은 마음과 끝까지 모른 척하고 싶은 마음 중 무엇이 더 큽니까.","I want to understand the weight of it, not just the figures.",ユン・テソンさん、母の通帳の流れと家族間の資金を見て胸の中で結論に向かっていった経緯を、お話しください。,换一个角度。请进一步补充：尹泰成先生，您是否知道家用账上有母亲以外的资金来源，请讲。请按时间顺序回答。,"Scripted text channel without party a/b as speaker: system, judge, witness, dossier, mediation, aftermath, and milestone copy."
non_party_scripted_text_src_data_scriptedText_family-01_channels_judge_question_.entries_d-3_empathy_approach_4_.variants_judgeq-d-3-empathy-approach-4-v3_.behaviorHint,non_party_scripted_text,src/data/scriptedText,family-01,channels[judge_question].entries[d-3|empathy_approach|4].variants[judgeq-d-3-empathy-approach-4-v3].behaviorHint,가장 무거운 감정을 선택하게 만든다. 책임과 상처를 스스로 보게 한다.,,,,"Scripted text channel without party a/b as speaker: system, judge, witness, dossier, mediation, aftermath, and milestone copy."
non_party_scripted_text_src_data_scriptedText_family-01_channels_judge_question_.entries_d-3_empathy_approach_4_.variants_judgeq-d-3-empathy-approach-4-v3_.text,non_party_scripted_text,src/data/scriptedText,family-01,channels[judge_question].entries[d-3|empathy_approach|4].variants[judgeq-d-3-empathy-approach-4-v3].text,"윤정후 씨, 지금 더 무거운 건 숨긴 죄책감입니까, 보호하지 못한 허무감입니까.",Set the numbers aside for a moment — what did the support cost you personally?,ユン・テソンさん、母の通帳の流れと家族間の資金について、いま胸の中にある事情を整えてお答えください。,让我们再确认一次。请进一步补充：尹泰成先生，您是否知道家用账上有母亲以外的资金来源，请讲。请把这一点定准。,"Scripted text channel without party a/b as speaker: system, judge, witness, dossier, mediation, aftermath, and milestone copy."
non_party_scripted_text_src_data_scriptedText_family-01_channels_judge_question_.entries_d-3_empathy_approach_4_.variants_judgeq-d-3-empathy-approach-4-v4_.behaviorHint,non_party_scripted_text,src/data/scriptedText,family-01,channels[judge_question].entries[d-3|empathy_approach|4].variants[judgeq-d-3-empathy-approach-4-v4].behaviorHint,가장 무거운 감정을 선택하게 만든다. 책임과 상처를 스스로 보게 한다.,,,,"Scripted text channel without party a/b as speaker: system, judge, witness, dossier, mediation, aftermath, and milestone copy."
non_party_scripted_text_src_data_scriptedText_family-01_channels_judge_question_.entries_d-3_empathy_approach_4_.variants_judgeq-d-3-empathy-approach-4-v4_.text,non_party_scripted_text,src/data/scriptedText,family-01,channels[judge_question].entries[d-3|empathy_approach|4].variants[judgeq-d-3-empathy-approach-4-v4].text,"윤태성 씨, 진실을 알고 싶은 마음과 피하고 싶은 마음 중 무엇입니까.",Speak to me about what you were trying to hold together with that flow.,ユン・テソンさん、不安と確信の境目で何が決め手になったのか、お話しいただけますか。,请进一步补充：尹泰成先生，您是否知道家用账上有母亲以外的资金来源，请讲。,"Scripted text channel without party a/b as speaker: system, judge, witness, dossier, mediation, aftermath, and milestone copy."
non_party_scripted_text_src_data_scriptedText_family-01_channels_judge_question_.entries_d-3_empathy_approach_4_.variants_judgeq-d-3-empathy-approach-4-v5_.behaviorHint,non_party_scripted_text,src/data/scriptedText,family-01,channels[judge_question].entries[d-3|empathy_approach|4].variants[judgeq-d-3-empathy-approach-4-v5].behaviorHint,가장 무거운 감정을 선택하게 만든다. 책임과 상처를 스스로 보게 한다.,,,,"Scripted text channel without party a/b as speaker: system, judge, witness, dossier, mediation, aftermath, and milestone copy."
non_party_scripted_text_src_data_scriptedText_family-01_channels_judge_question_.entries_d-3_empathy_approach_4_.variants_judgeq-d-3-empathy-approach-4-v5_.text,non_party_scripted_text,src/data/scriptedText,family-01,channels[judge_question].entries[d-3|empathy_approach|4].variants[judgeq-d-3-empathy-approach-4-v5].text,"두 분, 이 돈이 남긴 상처와 책임을 분리해 말씀해 주십시오.","Help me see the human shape of the pattern, not only the financial shape.",ユン・テソンさん、母の通帳の流れと家族間の資金を伏せていた間の心情を、率直に整えてください。,换一个角度。请进一步补充：尹泰成先生，您是否知道家用账上有母亲以外的资金来源，请讲。请按时间顺序回答。,"Scripted text channel without party a/b as speaker: system, judge, witness, dossier, mediation, aftermath, and milestone copy."
non_party_scripted_text_src_data_scriptedText_family-01_channels_judge_question_.entries_d-3_fact_pursuit_1_.variants_judgeq-d-3-fact_pursuit-1-v1_.behaviorHint,non_party_scripted_text,src/data/scriptedText,family-01,channels[judge_question].entries[d-3|fact_pursuit|1].variants[judgeq-d-3-fact_pursuit-1-v1].behaviorHint,표면 사실부터 고정한다. 누가 언제 무엇을 봤는지 기초 순서를 세우는 질문이다.,,,,"Scripted text channel without party a/b as speaker: system, judge, witness, dossier, mediation, aftermath, and milestone copy."
non_party_scripted_text_src_data_scriptedText_family-01_channels_judge_question_.entries_d-3_fact_pursuit_1_.variants_judgeq-d-3-fact_pursuit-1-v1_.text,non_party_scripted_text,src/data/scriptedText,family-01,channels[judge_question].entries[d-3|fact_pursuit|1].variants[judgeq-d-3-fact_pursuit-1-v1].text,"윤정후 씨, 어머니께 정기적인 지원이 있었던 사실은 인정하십니까.","Walk the court through the long-running pattern of support, with dates and amounts where you have them.",ユン・ジョンフさん、母の通帳の流れと家族間の資金について、まず日付ごとの行為を時系列でお答えください。,请把母亲晚年家用资金的来源和去向按时间讲清。,"Scripted text channel without party a/b as speaker: system, judge, witness, dossier, mediation, aftermath, and milestone copy."
non_party_scripted_text_src_data_scriptedText_family-01_channels_judge_question_.entries_d-3_fact_pursuit_1_.variants_judgeq-d-3-fact_pursuit-1-v2_.behaviorHint,non_party_scripted_text,src/data/scriptedText,family-01,channels[judge_question].entries[d-3|fact_pursuit|1].variants[judgeq-d-3-fact_pursuit-1-v2].behaviorHint,표면 사실부터 고정한다. 누가 언제 무엇을 봤는지 기초 순서를 세우는 질문이다.,,,,"Scripted text channel without party a/b as speaker: system, judge, witness, dossier, mediation, aftermath, and milestone copy."
non_party_scripted_text_src_data_scriptedText_family-01_channels_judge_question_.entries_d-3_fact_pursuit_1_.variants_judgeq-d-3-fact_pursuit-1-v2_.text,non_party_scripted_text,src/data/scriptedText,family-01,channels[judge_question].entries[d-3|fact_pursuit|1].variants[judgeq-d-3-fact_pursuit-1-v2].text,"윤태성 씨, 공장 위기 때 어머니 명의로 들어온 돈의 출처를 당시 어떻게 이해하고 계셨습니까.","Describe the flow of support from start to finish, without interpretation.",ユン・ジョンフさん、年代物の口座記録に残った範囲のうち、ご自身が認める項目から並べてください。,换一个角度。请把母亲晚年家用资金的来源和去向按时间讲清。请按时间顺序回答。,"Scripted text channel without party a/b as speaker: system, judge, witness, dossier, mediation, aftermath, and milestone copy."
non_party_scripted_text_src_data_scriptedText_family-01_channels_judge_question_.entries_d-3_fact_pursuit_1_.variants_judgeq-d-3-fact-pursuit-1-v3_.behaviorHint,non_party_scripted_text,src/data/scriptedText,family-01,channels[judge_question].entries[d-3|fact_pursuit|1].variants[judgeq-d-3-fact-pursuit-1-v3].behaviorHint,표면 사실을 고정한다. 시점과 행위의 기초를 다시 세우는 질문이다.,,,,"Scripted text channel without party a/b as speaker: system, judge, witness, dossier, mediation, aftermath, and milestone copy."
non_party_scripted_text_src_data_scriptedText_family-01_channels_judge_question_.entries_d-3_fact_pursuit_1_.variants_judgeq-d-3-fact-pursuit-1-v3_.text,non_party_scripted_text,src/data/scriptedText,family-01,channels[judge_question].entries[d-3|fact_pursuit|1].variants[judgeq-d-3-fact-pursuit-1-v3].text,"윤정후 씨, 어머니 통장으로 들어간 돈의 출처를 처음부터 말씀해 주십시오.","Lay out the regular movements that you call support, in order.",ユン・ジョンフさん、母の通帳の流れと家族間の資金を、相手の解釈に触れずにご自身の行為の側から先にお話しください。,让我们再确认一次。请把母亲晚年家用资金的来源和去向按时间讲清。请把这一点定准。,"Scripted text channel without party a/b as speaker: system, judge, witness, dossier, mediation, aftermath, and milestone copy."
non_party_scripted_text_src_data_scriptedText_family-01_channels_judge_question_.entries_d-3_fact_pursuit_1_.variants_judgeq-d-3-fact-pursuit-1-v4_.behaviorHint,non_party_scripted_text,src/data/scriptedText,family-01,channels[judge_question].entries[d-3|fact_pursuit|1].variants[judgeq-d-3-fact-pursuit-1-v4].behaviorHint,표면 사실을 고정한다. 시점과 행위의 기초를 다시 세우는 질문이다.,,,,"Scripted text channel without party a/b as speaker: system, judge, witness, dossier, mediation, aftermath, and milestone copy."
non_party_scripted_text_src_data_scriptedText_family-01_channels_judge_question_.entries_d-3_fact_pursuit_1_.variants_judgeq-d-3-fact-pursuit-1-v4_.text,non_party_scripted_text,src/data/scriptedText,family-01,channels[judge_question].entries[d-3|fact_pursuit|1].variants[judgeq-d-3-fact-pursuit-1-v4].text,"윤태성 씨, 어머니 돈이라고 믿은 근거는 무엇이었습니까.","Set out exactly what was sent, when, and through which channel.",ユン・ジョンフさん、年代物の口座記録のどの部分を直接ご自身で確認されたか、資料単位で整理してお答えください。,请把母亲晚年家用资金的来源和去向按时间讲清。,"Scripted text channel without party a/b as speaker: system, judge, witness, dossier, mediation, aftermath, and milestone copy."
non_party_scripted_text_src_data_scriptedText_family-01_channels_judge_question_.entries_d-3_fact_pursuit_1_.variants_judgeq-d-3-fact-pursuit-1-v5_.behaviorHint,non_party_scripted_text,src/data/scriptedText,family-01,channels[judge_question].entries[d-3|fact_pursuit|1].variants[judgeq-d-3-fact-pursuit-1-v5].behaviorHint,표면 사실을 고정한다. 시점과 행위의 기초를 다시 세우는 질문이다.,,,,"Scripted text channel without party a/b as speaker: system, judge, witness, dossier, mediation, aftermath, and milestone copy."
non_party_scripted_text_src_data_scriptedText_family-01_channels_judge_question_.entries_d-3_fact_pursuit_1_.variants_judgeq-d-3-fact-pursuit-1-v5_.text,non_party_scripted_text,src/data/scriptedText,family-01,channels[judge_question].entries[d-3|fact_pursuit|1].variants[judgeq-d-3-fact-pursuit-1-v5].text,"두 분, 정기적인 지원과 사업 쪽 자금 흐름을 구분해 말씀해 주십시오.",Give the court a clean account of the support pattern across the years.,ユン・ジョンフさん、母の通帳の流れと家族間の資金について、まだ供述されていない事実があれば先にお出しください。,换一个角度。请把母亲晚年家用资金的来源和去向按时间讲清。请按时间顺序回答。,"Scripted text channel without party a/b as speaker: system, judge, witness, dossier, mediation, aftermath, and milestone copy."
non_party_scripted_text_src_data_scriptedText_family-01_channels_judge_question_.entries_d-3_fact_pursuit_2_.variants_judgeq-d-3-fact_pursuit-2-v1_.behaviorHint,non_party_scripted_text,src/data/scriptedText,family-01,channels[judge_question].entries[d-3|fact_pursuit|2].variants[judgeq-d-3-fact_pursuit-2-v1].behaviorHint,정황을 이루는 세부 조각으로 좁혀 묻는다. 시점과 행동을 갈라 흔들리는 부분을 찾는다.,,,,"Scripted text channel without party a/b as speaker: system, judge, witness, dossier, mediation, aftermath, and milestone copy."
non_party_scripted_text_src_data_scriptedText_family-01_channels_judge_question_.entries_d-3_fact_pursuit_2_.variants_judgeq-d-3-fact_pursuit-2-v1_.text,non_party_scripted_text,src/data/scriptedText,family-01,channels[judge_question].entries[d-3|fact_pursuit|2].variants[judgeq-d-3-fact_pursuit-2-v1].text,"윤정후 씨, 그 송금이 시작된 시점과 끊기지 않은 기간을 장면과 순서를 나눠 말씀해 주십시오.","Walk the court through the long-running pattern of support, with dates and amounts where you have them.",ユン・ジョンフさん、母の通帳の流れと家族間の資金について、まず日付ごとの行為を時系列でお答えください。,请进一步补充：请把母亲晚年家用资金的来源和去向按时间讲清。,"Scripted text channel without party a/b as speaker: system, judge, witness, dossier, mediation, aftermath, and milestone copy."
non_party_scripted_text_src_data_scriptedText_family-01_channels_judge_question_.entries_d-3_fact_pursuit_2_.variants_judgeq-d-3-fact_pursuit-2-v2_.behaviorHint,non_party_scripted_text,src/data/scriptedText,family-01,channels[judge_question].entries[d-3|fact_pursuit|2].variants[judgeq-d-3-fact_pursuit-2-v2].behaviorHint,정황을 이루는 세부 조각으로 좁혀 묻는다. 시점과 행동을 갈라 흔들리는 부분을 찾는다.,,,,"Scripted text channel without party a/b as speaker: system, judge, witness, dossier, mediation, aftermath, and milestone copy."
non_party_scripted_text_src_data_scriptedText_family-01_channels_judge_question_.entries_d-3_fact_pursuit_2_.variants_judgeq-d-3-fact_pursuit-2-v2_.text,non_party_scripted_text,src/data/scriptedText,family-01,channels[judge_question].entries[d-3|fact_pursuit|2].variants[judgeq-d-3-fact_pursuit-2-v2].text,"윤태성 씨, 그 큰돈이 정말 어머니 개인 돈이라고만 믿게 된 근거가 있었습니까.","Describe the flow of support from start to finish, without interpretation.",ユン・ジョンフさん、年代物の口座記録に残った範囲のうち、ご自身が認める項目から並べてください。,换一个角度。请进一步补充：请把母亲晚年家用资金的来源和去向按时间讲清。请按时间顺序回答。,"Scripted text channel without party a/b as speaker: system, judge, witness, dossier, mediation, aftermath, and milestone copy."
non_party_scripted_text_src_data_scriptedText_family-01_channels_judge_question_.entries_d-3_fact_pursuit_2_.variants_judgeq-d-3-fact-pursuit-2-v3_.behaviorHint,non_party_scripted_text,src/data/scriptedText,family-01,channels[judge_question].entries[d-3|fact_pursuit|2].variants[judgeq-d-3-fact-pursuit-2-v3].behaviorHint,정황을 이루는 세부 조각으로 좁혀 묻는다. 순서와 행동을 갈라 확인한다.,,,,"Scripted text channel without party a/b as speaker: system, judge, witness, dossier, mediation, aftermath, and milestone copy."
non_party_scripted_text_src_data_scriptedText_family-01_channels_judge_question_.entries_d-3_fact_pursuit_2_.variants_judgeq-d-3-fact-pursuit-2-v3_.text,non_party_scripted_text,src/data/scriptedText,family-01,channels[judge_question].entries[d-3|fact_pursuit|2].variants[judgeq-d-3-fact-pursuit-2-v3].text,"윤정후 씨, 매달 이어진 지원과 사업 쪽 자금이 같은 흐름인지 설명해 주십시오.","Lay out the regular movements that you call support, in order.",ユン・ジョンフさん、母の通帳の流れと家族間の資金を、相手の解釈に触れずにご自身の行為の側から先にお話しください。,让我们再确认一次。请进一步补充：请把母亲晚年家用资金的来源和去向按时间讲清。请把这一点定准。,"Scripted text channel without party a/b as speaker: system, judge, witness, dossier, mediation, aftermath, and milestone copy."
non_party_scripted_text_src_data_scriptedText_family-01_channels_judge_question_.entries_d-3_fact_pursuit_2_.variants_judgeq-d-3-fact-pursuit-2-v4_.behaviorHint,non_party_scripted_text,src/data/scriptedText,family-01,channels[judge_question].entries[d-3|fact_pursuit|2].variants[judgeq-d-3-fact-pursuit-2-v4].behaviorHint,정황을 이루는 세부 조각으로 좁혀 묻는다. 순서와 행동을 갈라 확인한다.,,,,"Scripted text channel without party a/b as speaker: system, judge, witness, dossier, mediation, aftermath, and milestone copy."
non_party_scripted_text_src_data_scriptedText_family-01_channels_judge_question_.entries_d-3_fact_pursuit_2_.variants_judgeq-d-3-fact-pursuit-2-v4_.text,non_party_scripted_text,src/data/scriptedText,family-01,channels[judge_question].entries[d-3|fact_pursuit|2].variants[judgeq-d-3-fact-pursuit-2-v4].text,"윤태성 씨, 큰돈이 들어온 해에 출처를 묻지 않은 이유가 있습니까.","Set out exactly what was sent, when, and through which channel.",ユン・ジョンフさん、年代物の口座記録のどの部分を直接ご自身で確認されたか、資料単位で整理してお答えください。,请进一步补充：请把母亲晚年家用资金的来源和去向按时间讲清。,"Scripted text channel without party a/b as speaker: system, judge, witness, dossier, mediation, aftermath, and milestone copy."
non_party_scripted_text_src_data_scriptedText_family-01_channels_judge_question_.entries_d-3_fact_pursuit_2_.variants_judgeq-d-3-fact-pursuit-2-v5_.behaviorHint,non_party_scripted_text,src/data/scriptedText,family-01,channels[judge_question].entries[d-3|fact_pursuit|2].variants[judgeq-d-3-fact-pursuit-2-v5].behaviorHint,정황을 이루는 세부 조각으로 좁혀 묻는다. 순서와 행동을 갈라 확인한다.,,,,"Scripted text channel without party a/b as speaker: system, judge, witness, dossier, mediation, aftermath, and milestone copy."
non_party_scripted_text_src_data_scriptedText_family-01_channels_judge_question_.entries_d-3_fact_pursuit_2_.variants_judgeq-d-3-fact-pursuit-2-v5_.text,non_party_scripted_text,src/data/scriptedText,family-01,channels[judge_question].entries[d-3|fact_pursuit|2].variants[judgeq-d-3-fact-pursuit-2-v5].text,"두 분, 돈이 들어온 시기와 사용처를 순서대로 맞춰 보겠습니다.",Give the court a clean account of the support pattern across the years.,ユン・ジョンフさん、母の通帳の流れと家族間の資金について、まだ供述されていない事実があれば先にお出しください。,换一个角度。请进一步补充：请把母亲晚年家用资金的来源和去向按时间讲清。请按时间顺序回答。,"Scripted text channel without party a/b as speaker: system, judge, witness, dossier, mediation, aftermath, and milestone copy."
non_party_scripted_text_src_data_scriptedText_family-01_channels_judge_question_.entries_d-3_fact_pursuit_3_.variants_judgeq-d-3-fact_pursuit-3-v1_.behaviorHint,non_party_scripted_text,src/data/scriptedText,family-01,channels[judge_question].entries[d-3|fact_pursuit|3].variants[judgeq-d-3-fact_pursuit-3-v1].behaviorHint,핵심 장면과 실제 개입 범위를 직접 겨눈다. 추정이 아니라 대상과 방식까지 말하게 만드는 단계다.,,,,"Scripted text channel without party a/b as speaker: system, judge, witness, dossier, mediation, aftermath, and milestone copy."
non_party_scripted_text_src_data_scriptedText_family-01_channels_judge_question_.entries_d-3_fact_pursuit_3_.variants_judgeq-d-3-fact_pursuit-3-v1_.text,non_party_scripted_text,src/data/scriptedText,family-01,channels[judge_question].entries[d-3|fact_pursuit|3].variants[judgeq-d-3-fact_pursuit-3-v1].text,"윤정후 씨, 윤태성 씨 공장으로 건너간 돈까지 본인 돈이 섞여 있었다는 말씀입니까.","Walk the court through the long-running pattern of support, with dates and amounts where you have them.",ユン・ジョンフさん、母の通帳の流れと家族間の資金について、まず日付ごとの行為を時系列でお答えください。,请进一步补充：请把母亲晚年家用资金的来源和去向按时间讲清。,"Scripted text channel without party a/b as speaker: system, judge, witness, dossier, mediation, aftermath, and milestone copy."
non_party_scripted_text_src_data_scriptedText_family-01_channels_judge_question_.entries_d-3_fact_pursuit_3_.variants_judgeq-d-3-fact_pursuit-3-v2_.behaviorHint,non_party_scripted_text,src/data/scriptedText,family-01,channels[judge_question].entries[d-3|fact_pursuit|3].variants[judgeq-d-3-fact_pursuit-3-v2].behaviorHint,핵심 장면과 실제 개입 범위를 직접 겨눈다. 추정이 아니라 대상과 방식까지 말하게 만드는 단계다.,,,,"Scripted text channel without party a/b as speaker: system, judge, witness, dossier, mediation, aftermath, and milestone copy."
non_party_scripted_text_src_data_scriptedText_family-01_channels_judge_question_.entries_d-3_fact_pursuit_3_.variants_judgeq-d-3-fact_pursuit-3-v2_.text,non_party_scripted_text,src/data/scriptedText,family-01,channels[judge_question].entries[d-3|fact_pursuit|3].variants[judgeq-d-3-fact_pursuit-3-v2].text,"윤태성 씨, 지금 돌아보면 그 돈의 일부가 윤정후 씨 돈일 수도 있다는 정황을 전혀 못 보셨습니까.","Describe the flow of support from start to finish, without interpretation.",ユン・ジョンフさん、年代物の口座記録に残った範囲のうち、ご自身が認める項目から並べてください。,换一个角度。请进一步补充：请把母亲晚年家用资金的来源和去向按时间讲清。请按时间顺序回答。,"Scripted text channel without party a/b as speaker: system, judge, witness, dossier, mediation, aftermath, and milestone copy."
non_party_scripted_text_src_data_scriptedText_family-01_channels_judge_question_.entries_d-3_fact_pursuit_3_.variants_judgeq-d-3-fact-pursuit-3-v3_.behaviorHint,non_party_scripted_text,src/data/scriptedText,family-01,channels[judge_question].entries[d-3|fact_pursuit|3].variants[judgeq-d-3-fact-pursuit-3-v3].behaviorHint,핵심 장면과 실제 개입 범위를 직접 겨눈다. 추정 대신 방식을 말하게 한다.,,,,"Scripted text channel without party a/b as speaker: system, judge, witness, dossier, mediation, aftermath, and milestone copy."
non_party_scripted_text_src_data_scriptedText_family-01_channels_judge_question_.entries_d-3_fact_pursuit_3_.variants_judgeq-d-3-fact-pursuit-3-v3_.text,non_party_scripted_text,src/data/scriptedText,family-01,channels[judge_question].entries[d-3|fact_pursuit|3].variants[judgeq-d-3-fact-pursuit-3-v3].text,"윤정후 씨, 윤태성 씨 공장에 들어간 돈까지 본인 부담이었다는 점을 인정합니까.","Lay out the regular movements that you call support, in order.",ユン・ジョンフさん、母の通帳の流れと家族間の資金を、相手の解釈に触れずにご自身の行為の側から先にお話しください。,让我们再确认一次。请进一步补充：请把母亲晚年家用资金的来源和去向按时间讲清。请把这一点定准。,"Scripted text channel without party a/b as speaker: system, judge, witness, dossier, mediation, aftermath, and milestone copy."
non_party_scripted_text_src_data_scriptedText_family-01_channels_judge_question_.entries_d-3_fact_pursuit_3_.variants_judgeq-d-3-fact-pursuit-3-v4_.behaviorHint,non_party_scripted_text,src/data/scriptedText,family-01,channels[judge_question].entries[d-3|fact_pursuit|3].variants[judgeq-d-3-fact-pursuit-3-v4].behaviorHint,핵심 장면과 실제 개입 범위를 직접 겨눈다. 추정 대신 방식을 말하게 한다.,,,,"Scripted text channel without party a/b as speaker: system, judge, witness, dossier, mediation, aftermath, and milestone copy."
non_party_scripted_text_src_data_scriptedText_family-01_channels_judge_question_.entries_d-3_fact_pursuit_3_.variants_judgeq-d-3-fact-pursuit-3-v4_.text,non_party_scripted_text,src/data/scriptedText,family-01,channels[judge_question].entries[d-3|fact_pursuit|3].variants[judgeq-d-3-fact-pursuit-3-v4].text,"윤태성 씨, 그 돈이 윤정후 씨 돈이었다면 기존 판단이 어떻게 달라집니까.","Set out exactly what was sent, when, and through which channel.",ユン・ジョンフさん、年代物の口座記録のどの部分を直接ご自身で確認されたか、資料単位で整理してお答えください。,请进一步补充：请把母亲晚年家用资金的来源和去向按时间讲清。,"Scripted text channel without party a/b as speaker: system, judge, witness, dossier, mediation, aftermath, and milestone copy."
non_party_scripted_text_src_data_scriptedText_family-01_channels_judge_question_.entries_d-3_fact_pursuit_3_.variants_judgeq-d-3-fact-pursuit-3-v5_.behaviorHint,non_party_scripted_text,src/data/scriptedText,family-01,channels[judge_question].entries[d-3|fact_pursuit|3].variants[judgeq-d-3-fact-pursuit-3-v5].behaviorHint,핵심 장면과 실제 개입 범위를 직접 겨눈다. 추정 대신 방식을 말하게 한다.,,,,"Scripted text channel without party a/b as speaker: system, judge, witness, dossier, mediation, aftermath, and milestone copy."
non_party_scripted_text_src_data_scriptedText_family-01_channels_judge_question_.entries_d-3_fact_pursuit_3_.variants_judgeq-d-3-fact-pursuit-3-v5_.text,non_party_scripted_text,src/data/scriptedText,family-01,channels[judge_question].entries[d-3|fact_pursuit|3].variants[judgeq-d-3-fact-pursuit-3-v5].text,"두 분, 어머니 돈처럼 보인 흐름과 실제 출처를 나눠 답해 주십시오.",Give the court a clean account of the support pattern across the years.,ユン・ジョンフさん、母の通帳の流れと家族間の資金について、まだ供述されていない事実があれば先にお出しください。,换一个角度。请进一步补充：请把母亲晚年家用资金的来源和去向按时间讲清。请按时间顺序回答。,"Scripted text channel without party a/b as speaker: system, judge, witness, dossier, mediation, aftermath, and milestone copy."
non_party_scripted_text_src_data_scriptedText_family-01_channels_judge_question_.entries_d-3_fact_pursuit_4_.variants_judgeq-d-3-fact_pursuit-4-v1_.behaviorHint,non_party_scripted_text,src/data/scriptedText,family-01,channels[judge_question].entries[d-3|fact_pursuit|4].variants[judgeq-d-3-fact_pursuit-4-v1].behaviorHint,더는 돌릴 수 없도록 결정적 이유와 책임을 묻는다. 사실과 해석이 갈라지는 지점을 바로 세우려는 질문이다.,,,,"Scripted text channel without party a/b as speaker: system, judge, witness, dossier, mediation, aftermath, and milestone copy."
non_party_scripted_text_src_data_scriptedText_family-01_channels_judge_question_.entries_d-3_fact_pursuit_4_.variants_judgeq-d-3-fact_pursuit-4-v1_.text,non_party_scripted_text,src/data/scriptedText,family-01,channels[judge_question].entries[d-3|fact_pursuit|4].variants[judgeq-d-3-fact_pursuit-4-v1].text,"윤정후 씨, 오랜 기간 그 사실을 윤태성 씨에게 숨긴 이유까지 포함해 돈의 성격을 명확히 말씀해 주십시오.","Walk the court through the long-running pattern of support, with dates and amounts where you have them.",ユン・ジョンフさん、母の通帳の流れと家族間の資金について、まず日付ごとの行為を時系列でお答えください。,请进一步补充：请把母亲晚年家用资金的来源和去向按时间讲清。,"Scripted text channel without party a/b as speaker: system, judge, witness, dossier, mediation, aftermath, and milestone copy."
non_party_scripted_text_src_data_scriptedText_family-01_channels_judge_question_.entries_d-3_fact_pursuit_4_.variants_judgeq-d-3-fact_pursuit-4-v2_.behaviorHint,non_party_scripted_text,src/data/scriptedText,family-01,channels[judge_question].entries[d-3|fact_pursuit|4].variants[judgeq-d-3-fact_pursuit-4-v2].behaviorHint,더는 돌릴 수 없도록 결정적 이유와 책임을 묻는다. 사실과 해석이 갈라지는 지점을 바로 세우려는 질문이다.,,,,"Scripted text channel without party a/b as speaker: system, judge, witness, dossier, mediation, aftermath, and milestone copy."
non_party_scripted_text_src_data_scriptedText_family-01_channels_judge_question_.entries_d-3_fact_pursuit_4_.variants_judgeq-d-3-fact_pursuit-4-v2_.text,non_party_scripted_text,src/data/scriptedText,family-01,channels[judge_question].entries[d-3|fact_pursuit|4].variants[judgeq-d-3-fact_pursuit-4-v2].text,"윤태성 씨, 그 도움의 출처를 잘못 알고도 어머니가 자신만 믿었다고 더 굳히신 이유가 무엇입니까.","Describe the flow of support from start to finish, without interpretation.",ユン・ジョンフさん、年代物の口座記録に残った範囲のうち、ご自身が認める項目から並べてください。,换一个角度。请进一步补充：请把母亲晚年家用资金的来源和去向按时间讲清。请按时间顺序回答。,"Scripted text channel without party a/b as speaker: system, judge, witness, dossier, mediation, aftermath, and milestone copy."
non_party_scripted_text_src_data_scriptedText_family-01_channels_judge_question_.entries_d-3_fact_pursuit_4_.variants_judgeq-d-3-fact-pursuit-4-v3_.behaviorHint,non_party_scripted_text,src/data/scriptedText,family-01,channels[judge_question].entries[d-3|fact_pursuit|4].variants[judgeq-d-3-fact-pursuit-4-v3].behaviorHint,결정적 이유와 책임을 묻는다. 사실과 해석이 갈라지는 지점을 바로 세운다.,,,,"Scripted text channel without party a/b as speaker: system, judge, witness, dossier, mediation, aftermath, and milestone copy."
non_party_scripted_text_src_data_scriptedText_family-01_channels_judge_question_.entries_d-3_fact_pursuit_4_.variants_judgeq-d-3-fact-pursuit-4-v3_.text,non_party_scripted_text,src/data/scriptedText,family-01,channels[judge_question].entries[d-3|fact_pursuit|4].variants[judgeq-d-3-fact-pursuit-4-v3].text,"윤정후 씨, 오랜 기간 말하지 않은 선택의 책임을 어떻게 보십니까.","Lay out the regular movements that you call support, in order.",ユン・ジョンフさん、母の通帳の流れと家族間の資金を、相手の解釈に触れずにご自身の行為の側から先にお話しください。,让我们再确认一次。请进一步补充：请把母亲晚年家用资金的来源和去向按时间讲清。请把这一点定准。,"Scripted text channel without party a/b as speaker: system, judge, witness, dossier, mediation, aftermath, and milestone copy."
non_party_scripted_text_src_data_scriptedText_family-01_channels_judge_question_.entries_d-3_fact_pursuit_4_.variants_judgeq-d-3-fact-pursuit-4-v4_.behaviorHint,non_party_scripted_text,src/data/scriptedText,family-01,channels[judge_question].entries[d-3|fact_pursuit|4].variants[judgeq-d-3-fact-pursuit-4-v4].behaviorHint,결정적 이유와 책임을 묻는다. 사실과 해석이 갈라지는 지점을 바로 세운다.,,,,"Scripted text channel without party a/b as speaker: system, judge, witness, dossier, mediation, aftermath, and milestone copy."
non_party_scripted_text_src_data_scriptedText_family-01_channels_judge_question_.entries_d-3_fact_pursuit_4_.variants_judgeq-d-3-fact-pursuit-4-v4_.text,non_party_scripted_text,src/data/scriptedText,family-01,channels[judge_question].entries[d-3|fact_pursuit|4].variants[judgeq-d-3-fact-pursuit-4-v4].text,"윤태성 씨, 도움받은 사실을 알았다면 상속 주장이 달라졌습니까.","Set out exactly what was sent, when, and through which channel.",ユン・ジョンフさん、年代物の口座記録のどの部分を直接ご自身で確認されたか、資料単位で整理してお答えください。,请进一步补充：请把母亲晚年家用资金的来源和去向按时间讲清。,"Scripted text channel without party a/b as speaker: system, judge, witness, dossier, mediation, aftermath, and milestone copy."
non_party_scripted_text_src_data_scriptedText_family-01_channels_judge_question_.entries_d-3_fact_pursuit_4_.variants_judgeq-d-3-fact-pursuit-4-v5_.behaviorHint,non_party_scripted_text,src/data/scriptedText,family-01,channels[judge_question].entries[d-3|fact_pursuit|4].variants[judgeq-d-3-fact-pursuit-4-v5].behaviorHint,결정적 이유와 책임을 묻는다. 사실과 해석이 갈라지는 지점을 바로 세운다.,,,,"Scripted text channel without party a/b as speaker: system, judge, witness, dossier, mediation, aftermath, and milestone copy."
non_party_scripted_text_src_data_scriptedText_family-01_channels_judge_question_.entries_d-3_fact_pursuit_4_.variants_judgeq-d-3-fact-pursuit-4-v5_.text,non_party_scripted_text,src/data/scriptedText,family-01,channels[judge_question].entries[d-3|fact_pursuit|4].variants[judgeq-d-3-fact-pursuit-4-v5].text,"두 분, 숨겨진 지원이 관계를 어떻게 바꿨는지 마지막으로 답해 주십시오.",Give the court a clean account of the support pattern across the years.,ユン・ジョンフさん、母の通帳の流れと家族間の資金について、まだ供述されていない事実があれば先にお出しください。,换一个角度。请进一步补充：请把母亲晚年家用资金的来源和去向按时间讲清。请按时间顺序回答。,"Scripted text channel without party a/b as speaker: system, judge, witness, dossier, mediation, aftermath, and milestone copy."
non_party_scripted_text_src_data_scriptedText_family-01_channels_judge_question_.entries_d-3_motive_search_1_.variants_judgeq-d-3-motive_search-1-v1_.behaviorHint,non_party_scripted_text,src/data/scriptedText,family-01,channels[judge_question].entries[d-3|motive_search|1].variants[judgeq-d-3-motive_search-1-v1].behaviorHint,사실 자체보다 왜 바로 말하지 못했는지의 입구를 연다. 처음의 주저함을 자극하는 질문이다.,,,,"Scripted text channel without party a/b as speaker: system, judge, witness, dossier, mediation, aftermath, and milestone copy."
non_party_scripted_text_src_data_scriptedText_family-01_channels_judge_question_.entries_d-3_motive_search_1_.variants_judgeq-d-3-motive_search-1-v1_.text,non_party_scripted_text,src/data/scriptedText,family-01,channels[judge_question].entries[d-3|motive_search|1].variants[judgeq-d-3-motive_search-1-v1].text,"윤정후 씨, 그 송금을 효도라는 이름으로만 두고 끝까지 밝히지 않은 이유는 무엇입니까.","What was the support actually for, in your understanding?",ユン・ジョンフさん、母の通帳の流れと家族間の資金を伏せざるを得なかった事情があるなら、その理由をお話しください。,尹正厚先生，您长期承担那一部分支出的原因，请讲。,"Scripted text channel without party a/b as speaker: system, judge, witness, dossier, mediation, aftermath, and milestone copy."
non_party_scripted_text_src_data_scriptedText_family-01_channels_judge_question_.entries_d-3_motive_search_1_.variants_judgeq-d-3-motive_search-1-v2_.behaviorHint,non_party_scripted_text,src/data/scriptedText,family-01,channels[judge_question].entries[d-3|motive_search|1].variants[judgeq-d-3-motive_search-1-v2].behaviorHint,사실 자체보다 왜 바로 말하지 못했는지의 입구를 연다. 처음의 주저함을 자극하는 질문이다.,,,,"Scripted text channel without party a/b as speaker: system, judge, witness, dossier, mediation, aftermath, and milestone copy."
non_party_scripted_text_src_data_scriptedText_family-01_channels_judge_question_.entries_d-3_motive_search_1_.variants_judgeq-d-3-motive_search-1-v2_.text,non_party_scripted_text,src/data/scriptedText,family-01,channels[judge_question].entries[d-3|motive_search|1].variants[judgeq-d-3-motive_search-1-v2].text,"윤태성 씨, 어머니 돈이라고 믿는 편이 마음이 덜 흔들렸던 겁니까.","Why did the support continue at the level it did, for as long as it did?",ユン・ジョンフさん、母の通帳の流れと家族間の資金について、ご自身の選択を支えていた動機を順序立ててお答えください。,换一个角度。尹正厚先生，您长期承担那一部分支出的原因，请讲。请按时间顺序回答。,"Scripted text channel without party a/b as speaker: system, judge, witness, dossier, mediation, aftermath, and milestone copy."
non_party_scripted_text_src_data_scriptedText_family-01_channels_judge_question_.entries_d-3_motive_search_1_.variants_judgeq-d-3-motive-search-1-v3_.behaviorHint,non_party_scripted_text,src/data/scriptedText,family-01,channels[judge_question].entries[d-3|motive_search|1].variants[judgeq-d-3-motive-search-1-v3].behaviorHint,사실 뒤의 첫 이유를 묻는다. 방어를 낮추고 선택의 입구를 연다.,,,,"Scripted text channel without party a/b as speaker: system, judge, witness, dossier, mediation, aftermath, and milestone copy."
non_party_scripted_text_src_data_scriptedText_family-01_channels_judge_question_.entries_d-3_motive_search_1_.variants_judgeq-d-3-motive-search-1-v3_.text,non_party_scripted_text,src/data/scriptedText,family-01,channels[judge_question].entries[d-3|motive_search|1].variants[judgeq-d-3-motive-search-1-v3].text,"윤정후 씨, 돈을 보내면서도 이름을 남기지 않은 이유가 무엇입니까.",Whose needs did the support pattern serve?,ユン・ジョンフさん、その判断を取った動機を、家族の事情への配慮も含めて整えてください。,让我们再确认一次。尹正厚先生，您长期承担那一部分支出的原因，请讲。请把这一点定准。,"Scripted text channel without party a/b as speaker: system, judge, witness, dossier, mediation, aftermath, and milestone copy."
non_party_scripted_text_src_data_scriptedText_family-01_channels_judge_question_.entries_d-3_motive_search_1_.variants_judgeq-d-3-motive-search-1-v4_.behaviorHint,non_party_scripted_text,src/data/scriptedText,family-01,channels[judge_question].entries[d-3|motive_search|1].variants[judgeq-d-3-motive-search-1-v4].behaviorHint,사실 뒤의 첫 이유를 묻는다. 방어를 낮추고 선택의 입구를 연다.,,,,"Scripted text channel without party a/b as speaker: system, judge, witness, dossier, mediation, aftermath, and milestone copy."
non_party_scripted_text_src_data_scriptedText_family-01_channels_judge_question_.entries_d-3_motive_search_1_.variants_judgeq-d-3-motive-search-1-v4_.text,non_party_scripted_text,src/data/scriptedText,family-01,channels[judge_question].entries[d-3|motive_search|1].variants[judgeq-d-3-motive-search-1-v4].text,"윤태성 씨, 어머니 도움이라고 믿는 편이 더 편했던 이유가 있었습니까.",What was driving the pattern beyond ordinary household help?,ユン・ジョンフさん、母の通帳の流れと家族間の資金に向かう前に止まっていた時間があるなら、その理由をお話しください。,尹正厚先生，您长期承担那一部分支出的原因，请讲。,"Scripted text channel without party a/b as speaker: system, judge, witness, dossier, mediation, aftermath, and milestone copy."
non_party_scripted_text_src_data_scriptedText_family-01_channels_judge_question_.entries_d-3_motive_search_1_.variants_judgeq-d-3-motive-search-1-v5_.behaviorHint,non_party_scripted_text,src/data/scriptedText,family-01,channels[judge_question].entries[d-3|motive_search|1].variants[judgeq-d-3-motive-search-1-v5].behaviorHint,사실 뒤의 첫 이유를 묻는다. 방어를 낮추고 선택의 입구를 연다.,,,,"Scripted text channel without party a/b as speaker: system, judge, witness, dossier, mediation, aftermath, and milestone copy."
non_party_scripted_text_src_data_scriptedText_family-01_channels_judge_question_.entries_d-3_motive_search_1_.variants_judgeq-d-3-motive-search-1-v5_.text,non_party_scripted_text,src/data/scriptedText,family-01,channels[judge_question].entries[d-3|motive_search|1].variants[judgeq-d-3-motive-search-1-v5].text,"두 분, 돈의 출처를 묻지 않고 지나간 이유를 각자 말씀해 주십시오.",Why was this kept inside the family rather than handled openly?,ユン・ジョンフさん、説明の機会があったにもかかわらず後ろに送られた理由をお答えください。,换一个角度。尹正厚先生，您长期承担那一部分支出的原因，请讲。请按时间顺序回答。,"Scripted text channel without party a/b as speaker: system, judge, witness, dossier, mediation, aftermath, and milestone copy."
non_party_scripted_text_src_data_scriptedText_family-01_channels_judge_question_.entries_d-3_motive_search_2_.variants_judgeq-d-3-motive_search-2-v1_.behaviorHint,non_party_scripted_text,src/data/scriptedText,family-01,channels[judge_question].entries[d-3|motive_search|2].variants[judgeq-d-3-motive_search-2-v1].behaviorHint,숨김과 의심이 커진 직접 원인을 묻는다. 선택의 부담을 한 단계 더 구체화하는 흐름이다.,,,,"Scripted text channel without party a/b as speaker: system, judge, witness, dossier, mediation, aftermath, and milestone copy."
non_party_scripted_text_src_data_scriptedText_family-01_channels_judge_question_.entries_d-3_motive_search_2_.variants_judgeq-d-3-motive_search-2-v1_.text,non_party_scripted_text,src/data/scriptedText,family-01,channels[judge_question].entries[d-3|motive_search|2].variants[judgeq-d-3-motive_search-2-v1].text,"윤정후 씨, 윤태성 씨의 사업이 무너질 때도 본인 이름을 감춘 채 돈을 돌린 이유가 무엇입니까.","What was the support actually for, in your understanding?",ユン・ジョンフさん、母の通帳の流れと家族間の資金を伏せざるを得なかった事情があるなら、その理由をお話しください。,请进一步补充：尹正厚先生，您长期承担那一部分支出的原因，请讲。,"Scripted text channel without party a/b as speaker: system, judge, witness, dossier, mediation, aftermath, and milestone copy."
non_party_scripted_text_src_data_scriptedText_family-01_channels_judge_question_.entries_d-3_motive_search_2_.variants_judgeq-d-3-motive_search-2-v2_.behaviorHint,non_party_scripted_text,src/data/scriptedText,family-01,channels[judge_question].entries[d-3|motive_search|2].variants[judgeq-d-3-motive_search-2-v2].behaviorHint,숨김과 의심이 커진 직접 원인을 묻는다. 선택의 부담을 한 단계 더 구체화하는 흐름이다.,,,,"Scripted text channel without party a/b as speaker: system, judge, witness, dossier, mediation, aftermath, and milestone copy."
non_party_scripted_text_src_data_scriptedText_family-01_channels_judge_question_.entries_d-3_motive_search_2_.variants_judgeq-d-3-motive_search-2-v2_.text,non_party_scripted_text,src/data/scriptedText,family-01,channels[judge_question].entries[d-3|motive_search|2].variants[judgeq-d-3-motive_search-2-v2].text,"윤태성 씨, 윤정후 씨가 뒤에서 감당했을 가능성을 왜 한 번도 먼저 묻지 않으셨습니까.","Why did the support continue at the level it did, for as long as it did?",ユン・ジョンフさん、母の通帳の流れと家族間の資金について、ご自身の選択を支えていた動機を順序立ててお答えください。,换一个角度。请进一步补充：尹正厚先生，您长期承担那一部分支出的原因，请讲。请按时间顺序回答。,"Scripted text channel without party a/b as speaker: system, judge, witness, dossier, mediation, aftermath, and milestone copy."
non_party_scripted_text_src_data_scriptedText_family-01_channels_judge_question_.entries_d-3_motive_search_2_.variants_judgeq-d-3-motive-search-2-v3_.behaviorHint,non_party_scripted_text,src/data/scriptedText,family-01,channels[judge_question].entries[d-3|motive_search|2].variants[judgeq-d-3-motive-search-2-v3].behaviorHint,숨김과 의심이 커진 직접 원인을 묻는다. 부담을 더 구체화한다.,,,,"Scripted text channel without party a/b as speaker: system, judge, witness, dossier, mediation, aftermath, and milestone copy."
non_party_scripted_text_src_data_scriptedText_family-01_channels_judge_question_.entries_d-3_motive_search_2_.variants_judgeq-d-3-motive-search-2-v3_.text,non_party_scripted_text,src/data/scriptedText,family-01,channels[judge_question].entries[d-3|motive_search|2].variants[judgeq-d-3-motive-search-2-v3].text,"윤정후 씨, 윤태성 씨에게 말하면 무슨 일이 생긴다고 두려워하셨습니까.",Whose needs did the support pattern serve?,ユン・ジョンフさん、その判断を取った動機を、家族の事情への配慮も含めて整えてください。,让我们再确认一次。请进一步补充：尹正厚先生，您长期承担那一部分支出的原因，请讲。请把这一点定准。,"Scripted text channel without party a/b as speaker: system, judge, witness, dossier, mediation, aftermath, and milestone copy."
non_party_scripted_text_src_data_scriptedText_family-01_channels_judge_question_.entries_d-3_motive_search_2_.variants_judgeq-d-3-motive-search-2-v4_.behaviorHint,non_party_scripted_text,src/data/scriptedText,family-01,channels[judge_question].entries[d-3|motive_search|2].variants[judgeq-d-3-motive-search-2-v4].behaviorHint,숨김과 의심이 커진 직접 원인을 묻는다. 부담을 더 구체화한다.,,,,"Scripted text channel without party a/b as speaker: system, judge, witness, dossier, mediation, aftermath, and milestone copy."
non_party_scripted_text_src_data_scriptedText_family-01_channels_judge_question_.entries_d-3_motive_search_2_.variants_judgeq-d-3-motive-search-2-v4_.text,non_party_scripted_text,src/data/scriptedText,family-01,channels[judge_question].entries[d-3|motive_search|2].variants[judgeq-d-3-motive-search-2-v4].text,"윤태성 씨, 윤정후 씨 도움을 인정하면 무엇이 무너진다고 느끼십니까.",What was driving the pattern beyond ordinary household help?,ユン・ジョンフさん、母の通帳の流れと家族間の資金に向かう前に止まっていた時間があるなら、その理由をお話しください。,请进一步补充：尹正厚先生，您长期承担那一部分支出的原因，请讲。,"Scripted text channel without party a/b as speaker: system, judge, witness, dossier, mediation, aftermath, and milestone copy."
non_party_scripted_text_src_data_scriptedText_family-01_channels_judge_question_.entries_d-3_motive_search_2_.variants_judgeq-d-3-motive-search-2-v5_.behaviorHint,non_party_scripted_text,src/data/scriptedText,family-01,channels[judge_question].entries[d-3|motive_search|2].variants[judgeq-d-3-motive-search-2-v5].behaviorHint,숨김과 의심이 커진 직접 원인을 묻는다. 부담을 더 구체화한다.,,,,"Scripted text channel without party a/b as speaker: system, judge, witness, dossier, mediation, aftermath, and milestone copy."
non_party_scripted_text_src_data_scriptedText_family-01_channels_judge_question_.entries_d-3_motive_search_2_.variants_judgeq-d-3-motive-search-2-v5_.text,non_party_scripted_text,src/data/scriptedText,family-01,channels[judge_question].entries[d-3|motive_search|2].variants[judgeq-d-3-motive-search-2-v5].text,"두 분, 체면과 고마움 사이에서 피한 말이 무엇인지 답해 주십시오.",Why was this kept inside the family rather than handled openly?,ユン・ジョンフさん、説明の機会があったにもかかわらず後ろに送られた理由をお答えください。,换一个角度。请进一步补充：尹正厚先生，您长期承担那一部分支出的原因，请讲。请按时间顺序回答。,"Scripted text channel without party a/b as speaker: system, judge, witness, dossier, mediation, aftermath, and milestone copy."
non_party_scripted_text_src_data_scriptedText_family-01_channels_judge_question_.entries_d-3_motive_search_3_.variants_judgeq-d-3-motive_search-3-v1_.behaviorHint,non_party_scripted_text,src/data/scriptedText,family-01,channels[judge_question].entries[d-3|motive_search|3].variants[judgeq-d-3-motive_search-3-v1].behaviorHint,관계 안쪽의 공포와 체면을 직접 건드린다. 말 바깥에 있던 불안을 꺼내게 하는 단계다.,,,,"Scripted text channel without party a/b as speaker: system, judge, witness, dossier, mediation, aftermath, and milestone copy."
non_party_scripted_text_src_data_scriptedText_family-01_channels_judge_question_.entries_d-3_motive_search_3_.variants_judgeq-d-3-motive_search-3-v1_.text,non_party_scripted_text,src/data/scriptedText,family-01,channels[judge_question].entries[d-3|motive_search|3].variants[judgeq-d-3-motive_search-3-v1].text,"윤정후 씨, 도움을 줬다는 사실보다 윤태성 씨가 알았을 때 무너질 장면이 더 두려우셨던 겁니까.","What was the support actually for, in your understanding?",ユン・ジョンフさん、母の通帳の流れと家族間の資金を伏せざるを得なかった事情があるなら、その理由をお話しください。,请进一步补充：尹正厚先生，您长期承担那一部分支出的原因，请讲。,"Scripted text channel without party a/b as speaker: system, judge, witness, dossier, mediation, aftermath, and milestone copy."
non_party_scripted_text_src_data_scriptedText_family-01_channels_judge_question_.entries_d-3_motive_search_3_.variants_judgeq-d-3-motive_search-3-v2_.behaviorHint,non_party_scripted_text,src/data/scriptedText,family-01,channels[judge_question].entries[d-3|motive_search|3].variants[judgeq-d-3-motive_search-3-v2].behaviorHint,관계 안쪽의 공포와 체면을 직접 건드린다. 말 바깥에 있던 불안을 꺼내게 하는 단계다.,,,,"Scripted text channel without party a/b as speaker: system, judge, witness, dossier, mediation, aftermath, and milestone copy."
non_party_scripted_text_src_data_scriptedText_family-01_channels_judge_question_.entries_d-3_motive_search_3_.variants_judgeq-d-3-motive_search-3-v2_.text,non_party_scripted_text,src/data/scriptedText,family-01,channels[judge_question].entries[d-3|motive_search|3].variants[judgeq-d-3-motive_search-3-v2].text,"윤태성 씨, 어머니 사랑을 증명하고 싶은 마음이 돈의 출처를 보는 눈까지 가렸던 건 아닙니까.","Why did the support continue at the level it did, for as long as it did?",ユン・ジョンフさん、母の通帳の流れと家族間の資金について、ご自身の選択を支えていた動機を順序立ててお答えください。,换一个角度。请进一步补充：尹正厚先生，您长期承担那一部分支出的原因，请讲。请按时间顺序回答。,"Scripted text channel without party a/b as speaker: system, judge, witness, dossier, mediation, aftermath, and milestone copy."
non_party_scripted_text_src_data_scriptedText_family-01_channels_judge_question_.entries_d-3_motive_search_3_.variants_judgeq-d-3-motive-search-3-v3_.behaviorHint,non_party_scripted_text,src/data/scriptedText,family-01,channels[judge_question].entries[d-3|motive_search|3].variants[judgeq-d-3-motive-search-3-v3].behaviorHint,관계 안쪽의 공포와 체면을 건드린다. 말 바깥의 이유를 꺼내게 한다.,,,,"Scripted text channel without party a/b as speaker: system, judge, witness, dossier, mediation, aftermath, and milestone copy."
non_party_scripted_text_src_data_scriptedText_family-01_channels_judge_question_.entries_d-3_motive_search_3_.variants_judgeq-d-3-motive-search-3-v3_.text,non_party_scripted_text,src/data/scriptedText,family-01,channels[judge_question].entries[d-3|motive_search|3].variants[judgeq-d-3-motive-search-3-v3].text,"윤정후 씨, 지원을 숨긴 일이 윤태성 씨를 보호한 것이라고 보십니까.",Whose needs did the support pattern serve?,ユン・ジョンフさん、その判断を取った動機を、家族の事情への配慮も含めて整えてください。,让我们再确认一次。请进一步补充：尹正厚先生，您长期承担那一部分支出的原因，请讲。请把这一点定准。,"Scripted text channel without party a/b as speaker: system, judge, witness, dossier, mediation, aftermath, and milestone copy."
non_party_scripted_text_src_data_scriptedText_family-01_channels_judge_question_.entries_d-3_motive_search_3_.variants_judgeq-d-3-motive-search-3-v4_.behaviorHint,non_party_scripted_text,src/data/scriptedText,family-01,channels[judge_question].entries[d-3|motive_search|3].variants[judgeq-d-3-motive-search-3-v4].behaviorHint,관계 안쪽의 공포와 체면을 건드린다. 말 바깥의 이유를 꺼내게 한다.,,,,"Scripted text channel without party a/b as speaker: system, judge, witness, dossier, mediation, aftermath, and milestone copy."
non_party_scripted_text_src_data_scriptedText_family-01_channels_judge_question_.entries_d-3_motive_search_3_.variants_judgeq-d-3-motive-search-3-v4_.text,non_party_scripted_text,src/data/scriptedText,family-01,channels[judge_question].entries[d-3|motive_search|3].variants[judgeq-d-3-motive-search-3-v4].text,"윤태성 씨, 어머니 사랑을 증명하려는 마음이 돈의 출처를 가렸습니까.",What was driving the pattern beyond ordinary household help?,ユン・ジョンフさん、母の通帳の流れと家族間の資金に向かう前に止まっていた時間があるなら、その理由をお話しください。,请进一步补充：尹正厚先生，您长期承担那一部分支出的原因，请讲。,"Scripted text channel without party a/b as speaker: system, judge, witness, dossier, mediation, aftermath, and milestone copy."
non_party_scripted_text_src_data_scriptedText_family-01_channels_judge_question_.entries_d-3_motive_search_3_.variants_judgeq-d-3-motive-search-3-v5_.behaviorHint,non_party_scripted_text,src/data/scriptedText,family-01,channels[judge_question].entries[d-3|motive_search|3].variants[judgeq-d-3-motive-search-3-v5].behaviorHint,관계 안쪽의 공포와 체면을 건드린다. 말 바깥의 이유를 꺼내게 한다.,,,,"Scripted text channel without party a/b as speaker: system, judge, witness, dossier, mediation, aftermath, and milestone copy."
non_party_scripted_text_src_data_scriptedText_family-01_channels_judge_question_.entries_d-3_motive_search_3_.variants_judgeq-d-3-motive-search-3-v5_.text,non_party_scripted_text,src/data/scriptedText,family-01,channels[judge_question].entries[d-3|motive_search|3].variants[judgeq-d-3-motive-search-3-v5].text,"두 분, 도움을 숨긴 이유와 모른 척한 이유를 나눠 말씀해 주십시오.",Why was this kept inside the family rather than handled openly?,ユン・ジョンフさん、説明の機会があったにもかかわらず後ろに送られた理由をお答えください。,换一个角度。请进一步补充：尹正厚先生，您长期承担那一部分支出的原因，请讲。请按时间顺序回答。,"Scripted text channel without party a/b as speaker: system, judge, witness, dossier, mediation, aftermath, and milestone copy."
non_party_scripted_text_src_data_scriptedText_family-01_channels_judge_question_.entries_d-3_motive_search_4_.variants_judgeq-d-3-motive_search-4-v1_.behaviorHint,non_party_scripted_text,src/data/scriptedText,family-01,channels[judge_question].entries[d-3|motive_search|4].variants[judgeq-d-3-motive_search-4-v1].behaviorHint,핑계가 아니라 선택의 이유를 묻는다. 왜 그 선을 넘거나 단정했는지를 정면으로 겨눈다.,,,,"Scripted text channel without party a/b as speaker: system, judge, witness, dossier, mediation, aftermath, and milestone copy."
non_party_scripted_text_src_data_scriptedText_family-01_channels_judge_question_.entries_d-3_motive_search_4_.variants_judgeq-d-3-motive_search-4-v1_.text,non_party_scripted_text,src/data/scriptedText,family-01,channels[judge_question].entries[d-3|motive_search|4].variants[judgeq-d-3-motive_search-4-v1].text,"윤정후 씨, 숨김이 결국 윤태성 씨를 더 세게 다치게 할 수도 있다는 걸 알면서도 버틴 이유를 말씀해 주십시오.","What was the support actually for, in your understanding?",ユン・ジョンフさん、母の通帳の流れと家族間の資金を伏せざるを得なかった事情があるなら、その理由をお話しください。,请进一步补充：尹正厚先生，您长期承担那一部分支出的原因，请讲。,"Scripted text channel without party a/b as speaker: system, judge, witness, dossier, mediation, aftermath, and milestone copy."
non_party_scripted_text_src_data_scriptedText_family-01_channels_judge_question_.entries_d-3_motive_search_4_.variants_judgeq-d-3-motive_search-4-v2_.behaviorHint,non_party_scripted_text,src/data/scriptedText,family-01,channels[judge_question].entries[d-3|motive_search|4].variants[judgeq-d-3-motive_search-4-v2].behaviorHint,핑계가 아니라 선택의 이유를 묻는다. 왜 그 선을 넘거나 단정했는지를 정면으로 겨눈다.,,,,"Scripted text channel without party a/b as speaker: system, judge, witness, dossier, mediation, aftermath, and milestone copy."
non_party_scripted_text_src_data_scriptedText_family-01_channels_judge_question_.entries_d-3_motive_search_4_.variants_judgeq-d-3-motive_search-4-v2_.text,non_party_scripted_text,src/data/scriptedText,family-01,channels[judge_question].entries[d-3|motive_search|4].variants[judgeq-d-3-motive_search-4-v2].text,"윤태성 씨, 윤정후 씨를 이용하는 사람으로만 봐야 본인도 버틸 수 있었던 이유가 있었습니까.","Why did the support continue at the level it did, for as long as it did?",ユン・ジョンフさん、母の通帳の流れと家族間の資金について、ご自身の選択を支えていた動機を順序立ててお答えください。,换一个角度。请进一步补充：尹正厚先生，您长期承担那一部分支出的原因，请讲。请按时间顺序回答。,"Scripted text channel without party a/b as speaker: system, judge, witness, dossier, mediation, aftermath, and milestone copy."
non_party_scripted_text_src_data_scriptedText_family-01_channels_judge_question_.entries_d-3_motive_search_4_.variants_judgeq-d-3-motive-search-4-v3_.behaviorHint,non_party_scripted_text,src/data/scriptedText,family-01,channels[judge_question].entries[d-3|motive_search|4].variants[judgeq-d-3-motive-search-4-v3].behaviorHint,핑계가 아니라 선택의 이유를 묻는다. 왜 그 선을 넘었는지 겨눈다.,,,,"Scripted text channel without party a/b as speaker: system, judge, witness, dossier, mediation, aftermath, and milestone copy."
non_party_scripted_text_src_data_scriptedText_family-01_channels_judge_question_.entries_d-3_motive_search_4_.variants_judgeq-d-3-motive-search-4-v3_.text,non_party_scripted_text,src/data/scriptedText,family-01,channels[judge_question].entries[d-3|motive_search|4].variants[judgeq-d-3-motive-search-4-v3].text,"윤정후 씨, 숨김이 더 큰 상처가 될 줄 알면서도 버틴 이유가 무엇입니까.",Whose needs did the support pattern serve?,ユン・ジョンフさん、その判断を取った動機を、家族の事情への配慮も含めて整えてください。,让我们再确认一次。请进一步补充：尹正厚先生，您长期承担那一部分支出的原因，请讲。请把这一点定准。,"Scripted text channel without party a/b as speaker: system, judge, witness, dossier, mediation, aftermath, and milestone copy."
non_party_scripted_text_src_data_scriptedText_family-01_channels_judge_question_.entries_d-3_motive_search_4_.variants_judgeq-d-3-motive-search-4-v4_.behaviorHint,non_party_scripted_text,src/data/scriptedText,family-01,channels[judge_question].entries[d-3|motive_search|4].variants[judgeq-d-3-motive-search-4-v4].behaviorHint,핑계가 아니라 선택의 이유를 묻는다. 왜 그 선을 넘었는지 겨눈다.,,,,"Scripted text channel without party a/b as speaker: system, judge, witness, dossier, mediation, aftermath, and milestone copy."
non_party_scripted_text_src_data_scriptedText_family-01_channels_judge_question_.entries_d-3_motive_search_4_.variants_judgeq-d-3-motive-search-4-v4_.text,non_party_scripted_text,src/data/scriptedText,family-01,channels[judge_question].entries[d-3|motive_search|4].variants[judgeq-d-3-motive-search-4-v4].text,"윤태성 씨, 윤정후 씨를 의심해야 본인이 버틸 수 있었던 겁니까.",What was driving the pattern beyond ordinary household help?,ユン・ジョンフさん、母の通帳の流れと家族間の資金に向かう前に止まっていた時間があるなら、その理由をお話しください。,请进一步补充：尹正厚先生，您长期承担那一部分支出的原因，请讲。,"Scripted text channel without party a/b as speaker: system, judge, witness, dossier, mediation, aftermath, and milestone copy."
non_party_scripted_text_src_data_scriptedText_family-01_channels_judge_question_.entries_d-3_motive_search_4_.variants_judgeq-d-3-motive-search-4-v5_.behaviorHint,non_party_scripted_text,src/data/scriptedText,family-01,channels[judge_question].entries[d-3|motive_search|4].variants[judgeq-d-3-motive-search-4-v5].behaviorHint,핑계가 아니라 선택의 이유를 묻는다. 왜 그 선을 넘었는지 겨눈다.,,,,"Scripted text channel without party a/b as speaker: system, judge, witness, dossier, mediation, aftermath, and milestone copy."
non_party_scripted_text_src_data_scriptedText_family-01_channels_judge_question_.entries_d-3_motive_search_4_.variants_judgeq-d-3-motive-search-4-v5_.text,non_party_scripted_text,src/data/scriptedText,family-01,channels[judge_question].entries[d-3|motive_search|4].variants[judgeq-d-3-motive-search-4-v5].text,"두 분, 오래된 돈이 지금의 분쟁으로 돌아온 이유를 답해 주십시오.",Why was this kept inside the family rather than handled openly?,ユン・ジョンフさん、説明の機会があったにもかかわらず後ろに送られた理由をお答えください。,换一个角度。请进一步补充：尹正厚先生，您长期承担那一部分支出的原因，请讲。请按时间顺序回答。,"Scripted text channel without party a/b as speaker: system, judge, witness, dossier, mediation, aftermath, and milestone copy."
non_party_scripted_text_src_data_scriptedText_family-01_channels_judge_question_.entries_d-4_empathy_approach_1_.variants_judgeq-d-4-empathy-approach-1-v1_.behaviorHint,non_party_scripted_text,src/data/scriptedText,family-01,channels[judge_question].entries[d-4|empathy_approach|1].variants[judgeq-d-4-empathy-approach-1-v1].behaviorHint,판단보다 감정의 첫 반응을 묻는다. 방어를 조금 낮추는 질문이다.,,,,"Scripted text channel without party a/b as speaker: system, judge, witness, dossier, mediation, aftermath, and milestone copy."
non_party_scripted_text_src_data_scriptedText_family-01_channels_judge_question_.entries_d-4_empathy_approach_1_.variants_judgeq-d-4-empathy-approach-1-v1_.text,non_party_scripted_text,src/data/scriptedText,family-01,channels[judge_question].entries[d-4|empathy_approach|1].variants[judgeq-d-4-empathy-approach-1-v1].text,"윤정후 씨, 그 문장을 처음 읽었을 때 가장 먼저 떠오른 사람은 누구였습니까.",I am not asking why the silence was wrong; I am asking what it cost you to keep it.,ユン・テソンさん、母の記録と家の繊細な事情を前にして揺れていた時間も含めて、率直なところをお答えください。,尹泰成先生，您愿意把您在亲笔本里看到的母亲意思先讲一遍吗。,"Scripted text channel without party a/b as speaker: system, judge, witness, dossier, mediation, aftermath, and milestone copy."
non_party_scripted_text_src_data_scriptedText_family-01_channels_judge_question_.entries_d-4_empathy_approach_1_.variants_judgeq-d-4-empathy-approach-1-v2_.behaviorHint,non_party_scripted_text,src/data/scriptedText,family-01,channels[judge_question].entries[d-4|empathy_approach|1].variants[judgeq-d-4-empathy-approach-1-v2].behaviorHint,판단보다 감정의 첫 반응을 묻는다. 방어를 조금 낮추는 질문이다.,,,,"Scripted text channel without party a/b as speaker: system, judge, witness, dossier, mediation, aftermath, and milestone copy."
non_party_scripted_text_src_data_scriptedText_family-01_channels_judge_question_.entries_d-4_empathy_approach_1_.variants_judgeq-d-4-empathy-approach-1-v2_.text,non_party_scripted_text,src/data/scriptedText,family-01,channels[judge_question].entries[d-4|empathy_approach|1].variants[judgeq-d-4-empathy-approach-1-v2].text,"윤태성 씨, 자신만 몰랐다는 말을 들었을 때 무엇이 먼저 무너졌습니까.","Tell me what carrying the silence felt like, regardless of how the court reads it.",ユン・テソンさん、母の記録と家の繊細な事情を見て胸の中で結論に向かっていった経緯を、お話しください。,换一个角度。尹泰成先生，您愿意把您在亲笔本里看到的母亲意思先讲一遍吗。请按时间顺序回答。,"Scripted text channel without party a/b as speaker: system, judge, witness, dossier, mediation, aftermath, and milestone copy."
non_party_scripted_text_src_data_scriptedText_family-01_channels_judge_question_.entries_d-4_empathy_approach_1_.variants_judgeq-d-4-empathy-approach-1-v3_.behaviorHint,non_party_scripted_text,src/data/scriptedText,family-01,channels[judge_question].entries[d-4|empathy_approach|1].variants[judgeq-d-4-empathy-approach-1-v3].behaviorHint,판단보다 감정의 첫 반응을 묻는다. 방어를 조금 낮추는 질문이다.,,,,"Scripted text channel without party a/b as speaker: system, judge, witness, dossier, mediation, aftermath, and milestone copy."
non_party_scripted_text_src_data_scriptedText_family-01_channels_judge_question_.entries_d-4_empathy_approach_1_.variants_judgeq-d-4-empathy-approach-1-v3_.text,non_party_scripted_text,src/data/scriptedText,family-01,channels[judge_question].entries[d-4|empathy_approach|1].variants[judgeq-d-4-empathy-approach-1-v3].text,"윤정후 씨, 어머니 기록을 닫은 뒤 어떤 마음으로 윤태성 씨를 보셨습니까.",Set the legal frame aside — what was the silence holding for you?,ユン・テソンさん、母の記録と家の繊細な事情について、いま胸の中にある事情を整えてお答えください。,让我们再确认一次。尹泰成先生，您愿意把您在亲笔本里看到的母亲意思先讲一遍吗。请把这一点定准。,"Scripted text channel without party a/b as speaker: system, judge, witness, dossier, mediation, aftermath, and milestone copy."
non_party_scripted_text_src_data_scriptedText_family-01_channels_judge_question_.entries_d-4_empathy_approach_1_.variants_judgeq-d-4-empathy-approach-1-v4_.behaviorHint,non_party_scripted_text,src/data/scriptedText,family-01,channels[judge_question].entries[d-4|empathy_approach|1].variants[judgeq-d-4-empathy-approach-1-v4].behaviorHint,판단보다 감정의 첫 반응을 묻는다. 방어를 조금 낮추는 질문이다.,,,,"Scripted text channel without party a/b as speaker: system, judge, witness, dossier, mediation, aftermath, and milestone copy."
non_party_scripted_text_src_data_scriptedText_family-01_channels_judge_question_.entries_d-4_empathy_approach_1_.variants_judgeq-d-4-empathy-approach-1-v4_.text,non_party_scripted_text,src/data/scriptedText,family-01,channels[judge_question].entries[d-4|empathy_approach|1].variants[judgeq-d-4-empathy-approach-1-v4].text,"두 분, 오래된 가족의 말이 지금 어떤 상처로 돌아왔는지 말씀해 주십시오.","Speak to me about the inside of that silence, not its effect on the case.",ユン・テソンさん、不安と確信の境目で何が決め手になったのか、お話しいただけますか。,尹泰成先生，您愿意把您在亲笔本里看到的母亲意思先讲一遍吗。,"Scripted text channel without party a/b as speaker: system, judge, witness, dossier, mediation, aftermath, and milestone copy."
non_party_scripted_text_src_data_scriptedText_family-01_channels_judge_question_.entries_d-4_empathy_approach_1_.variants_judgeq-d-4-empathy-approach-1-v5_.behaviorHint,non_party_scripted_text,src/data/scriptedText,family-01,channels[judge_question].entries[d-4|empathy_approach|1].variants[judgeq-d-4-empathy-approach-1-v5].behaviorHint,판단보다 감정의 첫 반응을 묻는다. 방어를 조금 낮추는 질문이다.,,,,"Scripted text channel without party a/b as speaker: system, judge, witness, dossier, mediation, aftermath, and milestone copy."
non_party_scripted_text_src_data_scriptedText_family-01_channels_judge_question_.entries_d-4_empathy_approach_1_.variants_judgeq-d-4-empathy-approach-1-v5_.text,non_party_scripted_text,src/data/scriptedText,family-01,channels[judge_question].entries[d-4|empathy_approach|1].variants[judgeq-d-4-empathy-approach-1-v5].text,"윤정후 씨, 침묵이 시작된 날의 감정을 지금 말할 수 있습니까.",Help me understand what it took to keep that record closed for so long.,ユン・テソンさん、母の記録と家の繊細な事情を伏せていた間の心情を、率直に整えてください。,换一个角度。尹泰成先生，您愿意把您在亲笔本里看到的母亲意思先讲一遍吗。请按时间顺序回答。,"Scripted text channel without party a/b as speaker: system, judge, witness, dossier, mediation, aftermath, and milestone copy."
non_party_scripted_text_src_data_scriptedText_family-01_channels_judge_question_.entries_d-4_empathy_approach_2_.variants_judgeq-d-4-empathy-approach-2-v1_.behaviorHint,non_party_scripted_text,src/data/scriptedText,family-01,channels[judge_question].entries[d-4|empathy_approach|2].variants[judgeq-d-4-empathy-approach-2-v1].behaviorHint,죄책감과 불안을 시간의 흐름 안에서 묻는다. 감정이 커진 지점을 찾는다.,,,,"Scripted text channel without party a/b as speaker: system, judge, witness, dossier, mediation, aftermath, and milestone copy."
non_party_scripted_text_src_data_scriptedText_family-01_channels_judge_question_.entries_d-4_empathy_approach_2_.variants_judgeq-d-4-empathy-approach-2-v1_.text,non_party_scripted_text,src/data/scriptedText,family-01,channels[judge_question].entries[d-4|empathy_approach|2].variants[judgeq-d-4-empathy-approach-2-v1].text,"윤정후 씨, 윤태성 씨가 알게 될까 봐 두려웠던 장면을 떠올려 말씀해 주십시오.",I am not asking why the silence was wrong; I am asking what it cost you to keep it.,ユン・テソンさん、母の記録と家の繊細な事情を前にして揺れていた時間も含めて、率直なところをお答えください。,请进一步补充：尹泰成先生，您愿意把您在亲笔本里看到的母亲意思先讲一遍吗。,"Scripted text channel without party a/b as speaker: system, judge, witness, dossier, mediation, aftermath, and milestone copy."
non_party_scripted_text_src_data_scriptedText_family-01_channels_judge_question_.entries_d-4_empathy_approach_2_.variants_judgeq-d-4-empathy-approach-2-v2_.behaviorHint,non_party_scripted_text,src/data/scriptedText,family-01,channels[judge_question].entries[d-4|empathy_approach|2].variants[judgeq-d-4-empathy-approach-2-v2].behaviorHint,죄책감과 불안을 시간의 흐름 안에서 묻는다. 감정이 커진 지점을 찾는다.,,,,"Scripted text channel without party a/b as speaker: system, judge, witness, dossier, mediation, aftermath, and milestone copy."
non_party_scripted_text_src_data_scriptedText_family-01_channels_judge_question_.entries_d-4_empathy_approach_2_.variants_judgeq-d-4-empathy-approach-2-v2_.text,non_party_scripted_text,src/data/scriptedText,family-01,channels[judge_question].entries[d-4|empathy_approach|2].variants[judgeq-d-4-empathy-approach-2-v2].text,"윤태성 씨, 윤정후 씨가 말하지 않은 시간이 왜 모욕처럼 느껴집니까.","Tell me what carrying the silence felt like, regardless of how the court reads it.",ユン・テソンさん、母の記録と家の繊細な事情を見て胸の中で結論に向かっていった経緯を、お話しください。,换一个角度。请进一步补充：尹泰成先生，您愿意把您在亲笔本里看到的母亲意思先讲一遍吗。请按时间顺序回答。,"Scripted text channel without party a/b as speaker: system, judge, witness, dossier, mediation, aftermath, and milestone copy."
non_party_scripted_text_src_data_scriptedText_family-01_channels_judge_question_.entries_d-4_empathy_approach_2_.variants_judgeq-d-4-empathy-approach-2-v3_.behaviorHint,non_party_scripted_text,src/data/scriptedText,family-01,channels[judge_question].entries[d-4|empathy_approach|2].variants[judgeq-d-4-empathy-approach-2-v3].behaviorHint,죄책감과 불안을 시간의 흐름 안에서 묻는다. 감정이 커진 지점을 찾는다.,,,,"Scripted text channel without party a/b as speaker: system, judge, witness, dossier, mediation, aftermath, and milestone copy."
non_party_scripted_text_src_data_scriptedText_family-01_channels_judge_question_.entries_d-4_empathy_approach_2_.variants_judgeq-d-4-empathy-approach-2-v3_.text,non_party_scripted_text,src/data/scriptedText,family-01,channels[judge_question].entries[d-4|empathy_approach|2].variants[judgeq-d-4-empathy-approach-2-v3].text,"윤정후 씨, 윤태성 씨를 속인 마음과 지킨 마음 중 무엇이 더 무겁습니까.",Set the legal frame aside — what was the silence holding for you?,ユン・テソンさん、母の記録と家の繊細な事情について、いま胸の中にある事情を整えてお答えください。,让我们再确认一次。请进一步补充：尹泰成先生，您愿意把您在亲笔本里看到的母亲意思先讲一遍吗。请把这一点定准。,"Scripted text channel without party a/b as speaker: system, judge, witness, dossier, mediation, aftermath, and milestone copy."
non_party_scripted_text_src_data_scriptedText_family-01_channels_judge_question_.entries_d-4_empathy_approach_2_.variants_judgeq-d-4-empathy-approach-2-v4_.behaviorHint,non_party_scripted_text,src/data/scriptedText,family-01,channels[judge_question].entries[d-4|empathy_approach|2].variants[judgeq-d-4-empathy-approach-2-v4].behaviorHint,죄책감과 불안을 시간의 흐름 안에서 묻는다. 감정이 커진 지점을 찾는다.,,,,"Scripted text channel without party a/b as speaker: system, judge, witness, dossier, mediation, aftermath, and milestone copy."
non_party_scripted_text_src_data_scriptedText_family-01_channels_judge_question_.entries_d-4_empathy_approach_2_.variants_judgeq-d-4-empathy-approach-2-v4_.text,non_party_scripted_text,src/data/scriptedText,family-01,channels[judge_question].entries[d-4|empathy_approach|2].variants[judgeq-d-4-empathy-approach-2-v4].text,"두 분, 말하지 않은 사람과 듣지 못한 사람의 상처를 나눠 보겠습니다.","Speak to me about the inside of that silence, not its effect on the case.",ユン・テソンさん、不安と確信の境目で何が決め手になったのか、お話しいただけますか。,请进一步补充：尹泰成先生，您愿意把您在亲笔本里看到的母亲意思先讲一遍吗。,"Scripted text channel without party a/b as speaker: system, judge, witness, dossier, mediation, aftermath, and milestone copy."
non_party_scripted_text_src_data_scriptedText_family-01_channels_judge_question_.entries_d-4_empathy_approach_2_.variants_judgeq-d-4-empathy-approach-2-v5_.behaviorHint,non_party_scripted_text,src/data/scriptedText,family-01,channels[judge_question].entries[d-4|empathy_approach|2].variants[judgeq-d-4-empathy-approach-2-v5].behaviorHint,죄책감과 불안을 시간의 흐름 안에서 묻는다. 감정이 커진 지점을 찾는다.,,,,"Scripted text channel without party a/b as speaker: system, judge, witness, dossier, mediation, aftermath, and milestone copy."
non_party_scripted_text_src_data_scriptedText_family-01_channels_judge_question_.entries_d-4_empathy_approach_2_.variants_judgeq-d-4-empathy-approach-2-v5_.text,non_party_scripted_text,src/data/scriptedText,family-01,channels[judge_question].entries[d-4|empathy_approach|2].variants[judgeq-d-4-empathy-approach-2-v5].text,"윤정후 씨, 어머니의 두려움을 혼자 떠안은 순간을 설명해 주십시오.",Help me understand what it took to keep that record closed for so long.,ユン・テソンさん、母の記録と家の繊細な事情を伏せていた間の心情を、率直に整えてください。,换一个角度。请进一步补充：尹泰成先生，您愿意把您在亲笔本里看到的母亲意思先讲一遍吗。请按时间顺序回答。,"Scripted text channel without party a/b as speaker: system, judge, witness, dossier, mediation, aftermath, and milestone copy."
non_party_scripted_text_src_data_scriptedText_family-01_channels_judge_question_.entries_d-4_empathy_approach_3_.variants_judgeq-d-4-empathy-approach-3-v1_.behaviorHint,non_party_scripted_text,src/data/scriptedText,family-01,channels[judge_question].entries[d-4|empathy_approach|3].variants[judgeq-d-4-empathy-approach-3-v1].behaviorHint,사실 뒤에 눌려 있던 두려움을 직접 건드린다. 관계의 균열을 보게 한다.,,,,"Scripted text channel without party a/b as speaker: system, judge, witness, dossier, mediation, aftermath, and milestone copy."
non_party_scripted_text_src_data_scriptedText_family-01_channels_judge_question_.entries_d-4_empathy_approach_3_.variants_judgeq-d-4-empathy-approach-3-v1_.text,non_party_scripted_text,src/data/scriptedText,family-01,channels[judge_question].entries[d-4|empathy_approach|3].variants[judgeq-d-4-empathy-approach-3-v1].text,"윤정후 씨, 윤태성 씨의 삶을 지킨다는 말이 스스로에게 위로가 되었습니까.",I am not asking why the silence was wrong; I am asking what it cost you to keep it.,ユン・テソンさん、母の記録と家の繊細な事情を前にして揺れていた時間も含めて、率直なところをお答えください。,请进一步补充：尹泰成先生，您愿意把您在亲笔本里看到的母亲意思先讲一遍吗。,"Scripted text channel without party a/b as speaker: system, judge, witness, dossier, mediation, aftermath, and milestone copy."
non_party_scripted_text_src_data_scriptedText_family-01_channels_judge_question_.entries_d-4_empathy_approach_3_.variants_judgeq-d-4-empathy-approach-3-v2_.behaviorHint,non_party_scripted_text,src/data/scriptedText,family-01,channels[judge_question].entries[d-4|empathy_approach|3].variants[judgeq-d-4-empathy-approach-3-v2].behaviorHint,사실 뒤에 눌려 있던 두려움을 직접 건드린다. 관계의 균열을 보게 한다.,,,,"Scripted text channel without party a/b as speaker: system, judge, witness, dossier, mediation, aftermath, and milestone copy."
non_party_scripted_text_src_data_scriptedText_family-01_channels_judge_question_.entries_d-4_empathy_approach_3_.variants_judgeq-d-4-empathy-approach-3-v2_.text,non_party_scripted_text,src/data/scriptedText,family-01,channels[judge_question].entries[d-4|empathy_approach|3].variants[judgeq-d-4-empathy-approach-3-v2].text,"윤태성 씨, 출생 문제보다 가족으로서 믿음이 깨진 점이 더 아픕니까.","Tell me what carrying the silence felt like, regardless of how the court reads it.",ユン・テソンさん、母の記録と家の繊細な事情を見て胸の中で結論に向かっていった経緯を、お話しください。,换一个角度。请进一步补充：尹泰成先生，您愿意把您在亲笔本里看到的母亲意思先讲一遍吗。请按时间顺序回答。,"Scripted text channel without party a/b as speaker: system, judge, witness, dossier, mediation, aftermath, and milestone copy."
non_party_scripted_text_src_data_scriptedText_family-01_channels_judge_question_.entries_d-4_empathy_approach_3_.variants_judgeq-d-4-empathy-approach-3-v3_.behaviorHint,non_party_scripted_text,src/data/scriptedText,family-01,channels[judge_question].entries[d-4|empathy_approach|3].variants[judgeq-d-4-empathy-approach-3-v3].behaviorHint,사실 뒤에 눌려 있던 두려움을 직접 건드린다. 관계의 균열을 보게 한다.,,,,"Scripted text channel without party a/b as speaker: system, judge, witness, dossier, mediation, aftermath, and milestone copy."
non_party_scripted_text_src_data_scriptedText_family-01_channels_judge_question_.entries_d-4_empathy_approach_3_.variants_judgeq-d-4-empathy-approach-3-v3_.text,non_party_scripted_text,src/data/scriptedText,family-01,channels[judge_question].entries[d-4|empathy_approach|3].variants[judgeq-d-4-empathy-approach-3-v3].text,"윤정후 씨, 진실을 숨기며 윤태성 씨를 볼 때 죄책감이 들지 않았습니까.",Set the legal frame aside — what was the silence holding for you?,ユン・テソンさん、母の記録と家の繊細な事情について、いま胸の中にある事情を整えてお答えください。,让我们再确认一次。请进一步补充：尹泰成先生，您愿意把您在亲笔本里看到的母亲意思先讲一遍吗。请把这一点定准。,"Scripted text channel without party a/b as speaker: system, judge, witness, dossier, mediation, aftermath, and milestone copy."
non_party_scripted_text_src_data_scriptedText_family-01_channels_judge_question_.entries_d-4_empathy_approach_3_.variants_judgeq-d-4-empathy-approach-3-v4_.behaviorHint,non_party_scripted_text,src/data/scriptedText,family-01,channels[judge_question].entries[d-4|empathy_approach|3].variants[judgeq-d-4-empathy-approach-3-v4].behaviorHint,사실 뒤에 눌려 있던 두려움을 직접 건드린다. 관계의 균열을 보게 한다.,,,,"Scripted text channel without party a/b as speaker: system, judge, witness, dossier, mediation, aftermath, and milestone copy."
non_party_scripted_text_src_data_scriptedText_family-01_channels_judge_question_.entries_d-4_empathy_approach_3_.variants_judgeq-d-4-empathy-approach-3-v4_.text,non_party_scripted_text,src/data/scriptedText,family-01,channels[judge_question].entries[d-4|empathy_approach|3].variants[judgeq-d-4-empathy-approach-3-v4].text,"두 분, 가족이라는 이름이 각자에게 무엇을 요구했는지 말씀해 주십시오.","Speak to me about the inside of that silence, not its effect on the case.",ユン・テソンさん、不安と確信の境目で何が決め手になったのか、お話しいただけますか。,请进一步补充：尹泰成先生，您愿意把您在亲笔本里看到的母亲意思先讲一遍吗。,"Scripted text channel without party a/b as speaker: system, judge, witness, dossier, mediation, aftermath, and milestone copy."
non_party_scripted_text_src_data_scriptedText_family-01_channels_judge_question_.entries_d-4_empathy_approach_3_.variants_judgeq-d-4-empathy-approach-3-v5_.behaviorHint,non_party_scripted_text,src/data/scriptedText,family-01,channels[judge_question].entries[d-4|empathy_approach|3].variants[judgeq-d-4-empathy-approach-3-v5].behaviorHint,사실 뒤에 눌려 있던 두려움을 직접 건드린다. 관계의 균열을 보게 한다.,,,,"Scripted text channel without party a/b as speaker: system, judge, witness, dossier, mediation, aftermath, and milestone copy."
non_party_scripted_text_src_data_scriptedText_family-01_channels_judge_question_.entries_d-4_empathy_approach_3_.variants_judgeq-d-4-empathy-approach-3-v5_.text,non_party_scripted_text,src/data/scriptedText,family-01,channels[judge_question].entries[d-4|empathy_approach|3].variants[judgeq-d-4-empathy-approach-3-v5].text,"윤정후 씨, 그 비밀이 돈보다 무거웠던 이유를 설명해 주십시오.",Help me understand what it took to keep that record closed for so long.,ユン・テソンさん、母の記録と家の繊細な事情を伏せていた間の心情を、率直に整えてください。,换一个角度。请进一步补充：尹泰成先生，您愿意把您在亲笔本里看到的母亲意思先讲一遍吗。请按时间顺序回答。,"Scripted text channel without party a/b as speaker: system, judge, witness, dossier, mediation, aftermath, and milestone copy."
non_party_scripted_text_src_data_scriptedText_family-01_channels_judge_question_.entries_d-4_empathy_approach_4_.variants_judgeq-d-4-empathy-approach-4-v1_.behaviorHint,non_party_scripted_text,src/data/scriptedText,family-01,channels[judge_question].entries[d-4|empathy_approach|4].variants[judgeq-d-4-empathy-approach-4-v1].behaviorHint,가장 무거운 감정을 선택하게 만든다. 책임과 상처를 스스로 보게 한다.,,,,"Scripted text channel without party a/b as speaker: system, judge, witness, dossier, mediation, aftermath, and milestone copy."
non_party_scripted_text_src_data_scriptedText_family-01_channels_judge_question_.entries_d-4_empathy_approach_4_.variants_judgeq-d-4-empathy-approach-4-v1_.text,non_party_scripted_text,src/data/scriptedText,family-01,channels[judge_question].entries[d-4|empathy_approach|4].variants[judgeq-d-4-empathy-approach-4-v1].text,"윤정후 씨, 지금 가장 후회되는 건 숨겨 온 사정입니까, 문서가 달라진 과정입니까.",I am not asking why the silence was wrong; I am asking what it cost you to keep it.,ユン・テソンさん、母の記録と家の繊細な事情を前にして揺れていた時間も含めて、率直なところをお答えください。,请进一步补充：尹泰成先生，您愿意把您在亲笔本里看到的母亲意思先讲一遍吗。,"Scripted text channel without party a/b as speaker: system, judge, witness, dossier, mediation, aftermath, and milestone copy."
non_party_scripted_text_src_data_scriptedText_family-01_channels_judge_question_.entries_d-4_empathy_approach_4_.variants_judgeq-d-4-empathy-approach-4-v2_.behaviorHint,non_party_scripted_text,src/data/scriptedText,family-01,channels[judge_question].entries[d-4|empathy_approach|4].variants[judgeq-d-4-empathy-approach-4-v2].behaviorHint,가장 무거운 감정을 선택하게 만든다. 책임과 상처를 스스로 보게 한다.,,,,"Scripted text channel without party a/b as speaker: system, judge, witness, dossier, mediation, aftermath, and milestone copy."
non_party_scripted_text_src_data_scriptedText_family-01_channels_judge_question_.entries_d-4_empathy_approach_4_.variants_judgeq-d-4-empathy-approach-4-v2_.text,non_party_scripted_text,src/data/scriptedText,family-01,channels[judge_question].entries[d-4|empathy_approach|4].variants[judgeq-d-4-empathy-approach-4-v2].text,"윤태성 씨, 알고 난 뒤에도 윤태성 씨가라는 자리를 붙잡고 싶은 마음이 있습니까.","Tell me what carrying the silence felt like, regardless of how the court reads it.",ユン・テソンさん、母の記録と家の繊細な事情を見て胸の中で結論に向かっていった経緯を、お話しください。,换一个角度。请进一步补充：尹泰成先生，您愿意把您在亲笔本里看到的母亲意思先讲一遍吗。请按时间顺序回答。,"Scripted text channel without party a/b as speaker: system, judge, witness, dossier, mediation, aftermath, and milestone copy."
non_party_scripted_text_src_data_scriptedText_family-01_channels_judge_question_.entries_d-4_empathy_approach_4_.variants_judgeq-d-4-empathy-approach-4-v3_.behaviorHint,non_party_scripted_text,src/data/scriptedText,family-01,channels[judge_question].entries[d-4|empathy_approach|4].variants[judgeq-d-4-empathy-approach-4-v3].behaviorHint,가장 무거운 감정을 선택하게 만든다. 책임과 상처를 스스로 보게 한다.,,,,"Scripted text channel without party a/b as speaker: system, judge, witness, dossier, mediation, aftermath, and milestone copy."
non_party_scripted_text_src_data_scriptedText_family-01_channels_judge_question_.entries_d-4_empathy_approach_4_.variants_judgeq-d-4-empathy-approach-4-v3_.text,non_party_scripted_text,src/data/scriptedText,family-01,channels[judge_question].entries[d-4|empathy_approach|4].variants[judgeq-d-4-empathy-approach-4-v3].text,"윤정후 씨, 윤태성 씨를 지키려던 침묵이 결국 윤태성 씨를 다치게 했다는 걸 인정합니까.",Set the legal frame aside — what was the silence holding for you?,ユン・テソンさん、母の記録と家の繊細な事情について、いま胸の中にある事情を整えてお答えください。,让我们再确认一次。请进一步补充：尹泰成先生，您愿意把您在亲笔本里看到的母亲意思先讲一遍吗。请把这一点定准。,"Scripted text channel without party a/b as speaker: system, judge, witness, dossier, mediation, aftermath, and milestone copy."
non_party_scripted_text_src_data_scriptedText_family-01_channels_judge_question_.entries_d-4_empathy_approach_4_.variants_judgeq-d-4-empathy-approach-4-v4_.behaviorHint,non_party_scripted_text,src/data/scriptedText,family-01,channels[judge_question].entries[d-4|empathy_approach|4].variants[judgeq-d-4-empathy-approach-4-v4].behaviorHint,가장 무거운 감정을 선택하게 만든다. 책임과 상처를 스스로 보게 한다.,,,,"Scripted text channel without party a/b as speaker: system, judge, witness, dossier, mediation, aftermath, and milestone copy."
non_party_scripted_text_src_data_scriptedText_family-01_channels_judge_question_.entries_d-4_empathy_approach_4_.variants_judgeq-d-4-empathy-approach-4-v4_.text,non_party_scripted_text,src/data/scriptedText,family-01,channels[judge_question].entries[d-4|empathy_approach|4].variants[judgeq-d-4-empathy-approach-4-v4].text,"두 분, 진실을 아는 일과 서로를 지키는 일이 왜 갈라졌는지 말해 주십시오.","Speak to me about the inside of that silence, not its effect on the case.",ユン・テソンさん、不安と確信の境目で何が決め手になったのか、お話しいただけますか。,请进一步补充：尹泰成先生，您愿意把您在亲笔本里看到的母亲意思先讲一遍吗。,"Scripted text channel without party a/b as speaker: system, judge, witness, dossier, mediation, aftermath, and milestone copy."
non_party_scripted_text_src_data_scriptedText_family-01_channels_judge_question_.entries_d-4_empathy_approach_4_.variants_judgeq-d-4-empathy-approach-4-v5_.behaviorHint,non_party_scripted_text,src/data/scriptedText,family-01,channels[judge_question].entries[d-4|empathy_approach|4].variants[judgeq-d-4-empathy-approach-4-v5].behaviorHint,가장 무거운 감정을 선택하게 만든다. 책임과 상처를 스스로 보게 한다.,,,,"Scripted text channel without party a/b as speaker: system, judge, witness, dossier, mediation, aftermath, and milestone copy."
non_party_scripted_text_src_data_scriptedText_family-01_channels_judge_question_.entries_d-4_empathy_approach_4_.variants_judgeq-d-4-empathy-approach-4-v5_.text,non_party_scripted_text,src/data/scriptedText,family-01,channels[judge_question].entries[d-4|empathy_approach|4].variants[judgeq-d-4-empathy-approach-4-v5].text,"윤정후 씨, 이제는 윤태성 씨에게 직접 설명해야 할 감정이 무엇입니까.",Help me understand what it took to keep that record closed for so long.,ユン・テソンさん、母の記録と家の繊細な事情を伏せていた間の心情を、率直に整えてください。,换一个角度。请进一步补充：尹泰成先生，您愿意把您在亲笔本里看到的母亲意思先讲一遍吗。请按时间顺序回答。,"Scripted text channel without party a/b as speaker: system, judge, witness, dossier, mediation, aftermath, and milestone copy."
non_party_scripted_text_src_data_scriptedText_family-01_channels_judge_question_.entries_d-4_fact_pursuit_1_.variants_judgeq-d-4-fact-pursuit-1-v1_.behaviorHint,non_party_scripted_text,src/data/scriptedText,family-01,channels[judge_question].entries[d-4|fact_pursuit|1].variants[judgeq-d-4-fact-pursuit-1-v1].behaviorHint,표면 사실을 고정한다. 시점과 행위의 기초를 다시 세우는 질문이다.,,,,"Scripted text channel without party a/b as speaker: system, judge, witness, dossier, mediation, aftermath, and milestone copy."
non_party_scripted_text_src_data_scriptedText_family-01_channels_judge_question_.entries_d-4_fact_pursuit_1_.variants_judgeq-d-4-fact-pursuit-1-v1_.text,non_party_scripted_text,src/data/scriptedText,family-01,channels[judge_question].entries[d-4|fact_pursuit|1].variants[judgeq-d-4-fact-pursuit-1-v1].text,"윤정후 씨, 어머니 기록을 처음 본 시점부터 말씀해 주십시오.","Walk the court through what was held back from the family record, and for how long.",ユン・ジョンフさん、母の記録と家の繊細な事情について、まず日付ごとの行為を時系列でお答えください。,请把亲笔练习本和公证副本之间的差异，按句子讲清。,"Scripted text channel without party a/b as speaker: system, judge, witness, dossier, mediation, aftermath, and milestone copy."
non_party_scripted_text_src_data_scriptedText_family-01_channels_judge_question_.entries_d-4_fact_pursuit_1_.variants_judgeq-d-4-fact-pursuit-1-v2_.behaviorHint,non_party_scripted_text,src/data/scriptedText,family-01,channels[judge_question].entries[d-4|fact_pursuit|1].variants[judgeq-d-4-fact-pursuit-1-v2].behaviorHint,표면 사실을 고정한다. 시점과 행위의 기초를 다시 세우는 질문이다.,,,,"Scripted text channel without party a/b as speaker: system, judge, witness, dossier, mediation, aftermath, and milestone copy."
non_party_scripted_text_src_data_scriptedText_family-01_channels_judge_question_.entries_d-4_fact_pursuit_1_.variants_judgeq-d-4-fact-pursuit-1-v2_.text,non_party_scripted_text,src/data/scriptedText,family-01,channels[judge_question].entries[d-4|fact_pursuit|1].variants[judgeq-d-4-fact-pursuit-1-v2].text,"윤태성 씨, 어머니 기록 이야기를 처음 들은 순간을 설명해 주십시오.","Describe, plainly, which parts of the family record were not shared and when.",ユン・ジョンフさん、母の日記に残った範囲のうち、ご自身が認める項目から並べてください。,换一个角度。请把亲笔练习本和公证副本之间的差异，按句子讲清。请按时间顺序回答。,"Scripted text channel without party a/b as speaker: system, judge, witness, dossier, mediation, aftermath, and milestone copy."
non_party_scripted_text_src_data_scriptedText_family-01_channels_judge_question_.entries_d-4_fact_pursuit_1_.variants_judgeq-d-4-fact-pursuit-1-v3_.behaviorHint,non_party_scripted_text,src/data/scriptedText,family-01,channels[judge_question].entries[d-4|fact_pursuit|1].variants[judgeq-d-4-fact-pursuit-1-v3].behaviorHint,표면 사실을 고정한다. 시점과 행위의 기초를 다시 세우는 질문이다.,,,,"Scripted text channel without party a/b as speaker: system, judge, witness, dossier, mediation, aftermath, and milestone copy."
non_party_scripted_text_src_data_scriptedText_family-01_channels_judge_question_.entries_d-4_fact_pursuit_1_.variants_judgeq-d-4-fact-pursuit-1-v3_.text,non_party_scripted_text,src/data/scriptedText,family-01,channels[judge_question].entries[d-4|fact_pursuit|1].variants[judgeq-d-4-fact-pursuit-1-v3].text,"윤정후 씨, 아버지에 관한 문장을 언제부터 알고 계셨습니까.","Set out the silence as clearly as you can — what was withheld, and from whom.",ユン・ジョンフさん、母の記録と家の繊細な事情を、相手の解釈に触れずにご自身の行為の側から先にお話しください。,让我们再确认一次。请把亲笔练习本和公证副本之间的差异，按句子讲清。请把这一点定准。,"Scripted text channel without party a/b as speaker: system, judge, witness, dossier, mediation, aftermath, and milestone copy."
non_party_scripted_text_src_data_scriptedText_family-01_channels_judge_question_.entries_d-4_fact_pursuit_1_.variants_judgeq-d-4-fact-pursuit-1-v4_.behaviorHint,non_party_scripted_text,src/data/scriptedText,family-01,channels[judge_question].entries[d-4|fact_pursuit|1].variants[judgeq-d-4-fact-pursuit-1-v4].behaviorHint,표면 사실을 고정한다. 시점과 행위의 기초를 다시 세우는 질문이다.,,,,"Scripted text channel without party a/b as speaker: system, judge, witness, dossier, mediation, aftermath, and milestone copy."
non_party_scripted_text_src_data_scriptedText_family-01_channels_judge_question_.entries_d-4_fact_pursuit_1_.variants_judgeq-d-4-fact-pursuit-1-v4_.text,non_party_scripted_text,src/data/scriptedText,family-01,channels[judge_question].entries[d-4|fact_pursuit|1].variants[judgeq-d-4-fact-pursuit-1-v4].text,"두 분, 그 사실을 알게 된 순서를 각자 정리해 주십시오.",Lay out the timeline of when each piece of the record became known to whom.,ユン・ジョンフさん、母の日記のどの部分を直接ご自身で確認されたか、資料単位で整理してお答えください。,请把亲笔练习本和公证副本之间的差异，按句子讲清。,"Scripted text channel without party a/b as speaker: system, judge, witness, dossier, mediation, aftermath, and milestone copy."
non_party_scripted_text_src_data_scriptedText_family-01_channels_judge_question_.entries_d-4_fact_pursuit_1_.variants_judgeq-d-4-fact-pursuit-1-v5_.behaviorHint,non_party_scripted_text,src/data/scriptedText,family-01,channels[judge_question].entries[d-4|fact_pursuit|1].variants[judgeq-d-4-fact-pursuit-1-v5].behaviorHint,표면 사실을 고정한다. 시점과 행위의 기초를 다시 세우는 질문이다.,,,,"Scripted text channel without party a/b as speaker: system, judge, witness, dossier, mediation, aftermath, and milestone copy."
non_party_scripted_text_src_data_scriptedText_family-01_channels_judge_question_.entries_d-4_fact_pursuit_1_.variants_judgeq-d-4-fact-pursuit-1-v5_.text,non_party_scripted_text,src/data/scriptedText,family-01,channels[judge_question].entries[d-4|fact_pursuit|1].variants[judgeq-d-4-fact-pursuit-1-v5].text,"윤정후 씨, 어머니 기록을 본 뒤 누구에게도 말하지 않은 기간이 얼마입니까.",Tell the court the order in which the silences were broken or kept.,ユン・ジョンフさん、母の記録と家の繊細な事情について、まだ供述されていない事実があれば先にお出しください。,换一个角度。请把亲笔练习本和公证副本之间的差异，按句子讲清。请按时间顺序回答。,"Scripted text channel without party a/b as speaker: system, judge, witness, dossier, mediation, aftermath, and milestone copy."
non_party_scripted_text_src_data_scriptedText_family-01_channels_judge_question_.entries_d-4_fact_pursuit_2_.variants_judgeq-d-4-fact-pursuit-2-v1_.behaviorHint,non_party_scripted_text,src/data/scriptedText,family-01,channels[judge_question].entries[d-4|fact_pursuit|2].variants[judgeq-d-4-fact-pursuit-2-v1].behaviorHint,정황을 이루는 세부 조각으로 좁혀 묻는다. 순서와 행동을 갈라 확인한다.,,,,"Scripted text channel without party a/b as speaker: system, judge, witness, dossier, mediation, aftermath, and milestone copy."
non_party_scripted_text_src_data_scriptedText_family-01_channels_judge_question_.entries_d-4_fact_pursuit_2_.variants_judgeq-d-4-fact-pursuit-2-v1_.text,non_party_scripted_text,src/data/scriptedText,family-01,channels[judge_question].entries[d-4|fact_pursuit|2].variants[judgeq-d-4-fact-pursuit-2-v1].text,"윤정후 씨, 그 내용을 알고도 윤태성 씨에게 알리지 않은 첫 이유는 무엇입니까.","Walk the court through what was held back from the family record, and for how long.",ユン・ジョンフさん、母の記録と家の繊細な事情について、まず日付ごとの行為を時系列でお答えください。,请进一步补充：请把亲笔练习本和公证副本之间的差异，按句子讲清。,"Scripted text channel without party a/b as speaker: system, judge, witness, dossier, mediation, aftermath, and milestone copy."
non_party_scripted_text_src_data_scriptedText_family-01_channels_judge_question_.entries_d-4_fact_pursuit_2_.variants_judgeq-d-4-fact-pursuit-2-v2_.behaviorHint,non_party_scripted_text,src/data/scriptedText,family-01,channels[judge_question].entries[d-4|fact_pursuit|2].variants[judgeq-d-4-fact-pursuit-2-v2].behaviorHint,정황을 이루는 세부 조각으로 좁혀 묻는다. 순서와 행동을 갈라 확인한다.,,,,"Scripted text channel without party a/b as speaker: system, judge, witness, dossier, mediation, aftermath, and milestone copy."
non_party_scripted_text_src_data_scriptedText_family-01_channels_judge_question_.entries_d-4_fact_pursuit_2_.variants_judgeq-d-4-fact-pursuit-2-v2_.text,non_party_scripted_text,src/data/scriptedText,family-01,channels[judge_question].entries[d-4|fact_pursuit|2].variants[judgeq-d-4-fact-pursuit-2-v2].text,"윤태성 씨, 윤정후 씨가 오래 숨겼다는 말을 어떻게 받아들이셨습니까.","Describe, plainly, which parts of the family record were not shared and when.",ユン・ジョンフさん、母の日記に残った範囲のうち、ご自身が認める項目から並べてください。,换一个角度。请进一步补充：请把亲笔练习本和公证副本之间的差异，按句子讲清。请按时间顺序回答。,"Scripted text channel without party a/b as speaker: system, judge, witness, dossier, mediation, aftermath, and milestone copy."
non_party_scripted_text_src_data_scriptedText_family-01_channels_judge_question_.entries_d-4_fact_pursuit_2_.variants_judgeq-d-4-fact-pursuit-2-v3_.behaviorHint,non_party_scripted_text,src/data/scriptedText,family-01,channels[judge_question].entries[d-4|fact_pursuit|2].variants[judgeq-d-4-fact-pursuit-2-v3].behaviorHint,정황을 이루는 세부 조각으로 좁혀 묻는다. 순서와 행동을 갈라 확인한다.,,,,"Scripted text channel without party a/b as speaker: system, judge, witness, dossier, mediation, aftermath, and milestone copy."
non_party_scripted_text_src_data_scriptedText_family-01_channels_judge_question_.entries_d-4_fact_pursuit_2_.variants_judgeq-d-4-fact-pursuit-2-v3_.text,non_party_scripted_text,src/data/scriptedText,family-01,channels[judge_question].entries[d-4|fact_pursuit|2].variants[judgeq-d-4-fact-pursuit-2-v3].text,"윤정후 씨, 어머니가 가장 두려워한 윤태성 씨의 반응은 무엇이었습니까.","Set out the silence as clearly as you can — what was withheld, and from whom.",ユン・ジョンフさん、母の記録と家の繊細な事情を、相手の解釈に触れずにご自身の行為の側から先にお話しください。,让我们再确认一次。请进一步补充：请把亲笔练习本和公证副本之间的差异，按句子讲清。请把这一点定准。,"Scripted text channel without party a/b as speaker: system, judge, witness, dossier, mediation, aftermath, and milestone copy."
non_party_scripted_text_src_data_scriptedText_family-01_channels_judge_question_.entries_d-4_fact_pursuit_2_.variants_judgeq-d-4-fact-pursuit-2-v4_.behaviorHint,non_party_scripted_text,src/data/scriptedText,family-01,channels[judge_question].entries[d-4|fact_pursuit|2].variants[judgeq-d-4-fact-pursuit-2-v4].behaviorHint,정황을 이루는 세부 조각으로 좁혀 묻는다. 순서와 행동을 갈라 확인한다.,,,,"Scripted text channel without party a/b as speaker: system, judge, witness, dossier, mediation, aftermath, and milestone copy."
non_party_scripted_text_src_data_scriptedText_family-01_channels_judge_question_.entries_d-4_fact_pursuit_2_.variants_judgeq-d-4-fact-pursuit-2-v4_.text,non_party_scripted_text,src/data/scriptedText,family-01,channels[judge_question].entries[d-4|fact_pursuit|2].variants[judgeq-d-4-fact-pursuit-2-v4].text,"두 분, 침묵이 시작된 시점과 유서 문제가 엮인 시점을 나눠 보겠습니다.",Lay out the timeline of when each piece of the record became known to whom.,ユン・ジョンフさん、母の日記のどの部分を直接ご自身で確認されたか、資料単位で整理してお答えください。,请进一步补充：请把亲笔练习本和公证副本之间的差异，按句子讲清。,"Scripted text channel without party a/b as speaker: system, judge, witness, dossier, mediation, aftermath, and milestone copy."
non_party_scripted_text_src_data_scriptedText_family-01_channels_judge_question_.entries_d-4_fact_pursuit_2_.variants_judgeq-d-4-fact-pursuit-2-v5_.behaviorHint,non_party_scripted_text,src/data/scriptedText,family-01,channels[judge_question].entries[d-4|fact_pursuit|2].variants[judgeq-d-4-fact-pursuit-2-v5].behaviorHint,정황을 이루는 세부 조각으로 좁혀 묻는다. 순서와 행동을 갈라 확인한다.,,,,"Scripted text channel without party a/b as speaker: system, judge, witness, dossier, mediation, aftermath, and milestone copy."
non_party_scripted_text_src_data_scriptedText_family-01_channels_judge_question_.entries_d-4_fact_pursuit_2_.variants_judgeq-d-4-fact-pursuit-2-v5_.text,non_party_scripted_text,src/data/scriptedText,family-01,channels[judge_question].entries[d-4|fact_pursuit|2].variants[judgeq-d-4-fact-pursuit-2-v5].text,"윤정후 씨, 비밀을 지키는 일이 언제부터 서류 문제와 이어졌습니까.",Tell the court the order in which the silences were broken or kept.,ユン・ジョンフさん、母の記録と家の繊細な事情について、まだ供述されていない事実があれば先にお出しください。,换一个角度。请进一步补充：请把亲笔练习本和公证副本之间的差异，按句子讲清。请按时间顺序回答。,"Scripted text channel without party a/b as speaker: system, judge, witness, dossier, mediation, aftermath, and milestone copy."
non_party_scripted_text_src_data_scriptedText_family-01_channels_judge_question_.entries_d-4_fact_pursuit_3_.variants_judgeq-d-4-fact-pursuit-3-v1_.behaviorHint,non_party_scripted_text,src/data/scriptedText,family-01,channels[judge_question].entries[d-4|fact_pursuit|3].variants[judgeq-d-4-fact-pursuit-3-v1].behaviorHint,핵심 장면과 실제 개입 범위를 직접 겨눈다. 추정 대신 방식을 말하게 한다.,,,,"Scripted text channel without party a/b as speaker: system, judge, witness, dossier, mediation, aftermath, and milestone copy."
non_party_scripted_text_src_data_scriptedText_family-01_channels_judge_question_.entries_d-4_fact_pursuit_3_.variants_judgeq-d-4-fact-pursuit-3-v1_.text,non_party_scripted_text,src/data/scriptedText,family-01,channels[judge_question].entries[d-4|fact_pursuit|3].variants[judgeq-d-4-fact-pursuit-3-v1].text,"윤정후 씨, 윤태성 씨의 정체성이 무너질까 봐 침묵했다는 점을 인정합니까.","Walk the court through what was held back from the family record, and for how long.",ユン・ジョンフさん、母の記録と家の繊細な事情について、まず日付ごとの行為を時系列でお答えください。,请进一步补充：请把亲笔练习本和公证副本之间的差异，按句子讲清。,"Scripted text channel without party a/b as speaker: system, judge, witness, dossier, mediation, aftermath, and milestone copy."
non_party_scripted_text_src_data_scriptedText_family-01_channels_judge_question_.entries_d-4_fact_pursuit_3_.variants_judgeq-d-4-fact-pursuit-3-v2_.behaviorHint,non_party_scripted_text,src/data/scriptedText,family-01,channels[judge_question].entries[d-4|fact_pursuit|3].variants[judgeq-d-4-fact-pursuit-3-v2].behaviorHint,핵심 장면과 실제 개입 범위를 직접 겨눈다. 추정 대신 방식을 말하게 한다.,,,,"Scripted text channel without party a/b as speaker: system, judge, witness, dossier, mediation, aftermath, and milestone copy."
non_party_scripted_text_src_data_scriptedText_family-01_channels_judge_question_.entries_d-4_fact_pursuit_3_.variants_judgeq-d-4-fact-pursuit-3-v2_.text,non_party_scripted_text,src/data/scriptedText,family-01,channels[judge_question].entries[d-4|fact_pursuit|3].variants[judgeq-d-4-fact-pursuit-3-v2].text,"윤태성 씨, 유서보다 숨김 자체가 더 아프게 느껴진 이유는 무엇입니까.","Describe, plainly, which parts of the family record were not shared and when.",ユン・ジョンフさん、母の日記に残った範囲のうち、ご自身が認める項目から並べてください。,换一个角度。请进一步补充：请把亲笔练习本和公证副本之间的差异，按句子讲清。请按时间顺序回答。,"Scripted text channel without party a/b as speaker: system, judge, witness, dossier, mediation, aftermath, and milestone copy."
non_party_scripted_text_src_data_scriptedText_family-01_channels_judge_question_.entries_d-4_fact_pursuit_3_.variants_judgeq-d-4-fact-pursuit-3-v3_.behaviorHint,non_party_scripted_text,src/data/scriptedText,family-01,channels[judge_question].entries[d-4|fact_pursuit|3].variants[judgeq-d-4-fact-pursuit-3-v3].behaviorHint,핵심 장면과 실제 개입 범위를 직접 겨눈다. 추정 대신 방식을 말하게 한다.,,,,"Scripted text channel without party a/b as speaker: system, judge, witness, dossier, mediation, aftermath, and milestone copy."
non_party_scripted_text_src_data_scriptedText_family-01_channels_judge_question_.entries_d-4_fact_pursuit_3_.variants_judgeq-d-4-fact-pursuit-3-v3_.text,non_party_scripted_text,src/data/scriptedText,family-01,channels[judge_question].entries[d-4|fact_pursuit|3].variants[judgeq-d-4-fact-pursuit-3-v3].text,"윤정후 씨, 어머니 기록 내용을 알고 난 뒤 자필 연습본을 어떻게 보셨습니까.","Set out the silence as clearly as you can — what was withheld, and from whom.",ユン・ジョンフさん、母の記録と家の繊細な事情を、相手の解釈に触れずにご自身の行為の側から先にお話しください。,让我们再确认一次。请进一步补充：请把亲笔练习本和公证副本之间的差异，按句子讲清。请把这一点定准。,"Scripted text channel without party a/b as speaker: system, judge, witness, dossier, mediation, aftermath, and milestone copy."
non_party_scripted_text_src_data_scriptedText_family-01_channels_judge_question_.entries_d-4_fact_pursuit_3_.variants_judgeq-d-4-fact-pursuit-3-v4_.behaviorHint,non_party_scripted_text,src/data/scriptedText,family-01,channels[judge_question].entries[d-4|fact_pursuit|3].variants[judgeq-d-4-fact-pursuit-3-v4].behaviorHint,핵심 장면과 실제 개입 범위를 직접 겨눈다. 추정 대신 방식을 말하게 한다.,,,,"Scripted text channel without party a/b as speaker: system, judge, witness, dossier, mediation, aftermath, and milestone copy."
non_party_scripted_text_src_data_scriptedText_family-01_channels_judge_question_.entries_d-4_fact_pursuit_3_.variants_judgeq-d-4-fact-pursuit-3-v4_.text,non_party_scripted_text,src/data/scriptedText,family-01,channels[judge_question].entries[d-4|fact_pursuit|3].variants[judgeq-d-4-fact-pursuit-3-v4].text,"두 분, 민감한 가족사와 상속 비율을 분리해 말씀해 주십시오.",Lay out the timeline of when each piece of the record became known to whom.,ユン・ジョンフさん、母の日記のどの部分を直接ご自身で確認されたか、資料単位で整理してお答えください。,请进一步补充：请把亲笔练习本和公证副本之间的差异，按句子讲清。,"Scripted text channel without party a/b as speaker: system, judge, witness, dossier, mediation, aftermath, and milestone copy."
non_party_scripted_text_src_data_scriptedText_family-01_channels_judge_question_.entries_d-4_fact_pursuit_3_.variants_judgeq-d-4-fact-pursuit-3-v5_.behaviorHint,non_party_scripted_text,src/data/scriptedText,family-01,channels[judge_question].entries[d-4|fact_pursuit|3].variants[judgeq-d-4-fact-pursuit-3-v5].behaviorHint,핵심 장면과 실제 개입 범위를 직접 겨눈다. 추정 대신 방식을 말하게 한다.,,,,"Scripted text channel without party a/b as speaker: system, judge, witness, dossier, mediation, aftermath, and milestone copy."
non_party_scripted_text_src_data_scriptedText_family-01_channels_judge_question_.entries_d-4_fact_pursuit_3_.variants_judgeq-d-4-fact-pursuit-3-v5_.text,non_party_scripted_text,src/data/scriptedText,family-01,channels[judge_question].entries[d-4|fact_pursuit|3].variants[judgeq-d-4-fact-pursuit-3-v5].text,"윤정후 씨, 윤태성 씨가 알게 되면 법정까지 갈 거라고 판단한 근거가 무엇입니까.",Tell the court the order in which the silences were broken or kept.,ユン・ジョンフさん、母の記録と家の繊細な事情について、まだ供述されていない事実があれば先にお出しください。,换一个角度。请进一步补充：请把亲笔练习本和公证副本之间的差异，按句子讲清。请按时间顺序回答。,"Scripted text channel without party a/b as speaker: system, judge, witness, dossier, mediation, aftermath, and milestone copy."
non_party_scripted_text_src_data_scriptedText_family-01_channels_judge_question_.entries_d-4_fact_pursuit_4_.variants_judgeq-d-4-fact-pursuit-4-v1_.behaviorHint,non_party_scripted_text,src/data/scriptedText,family-01,channels[judge_question].entries[d-4|fact_pursuit|4].variants[judgeq-d-4-fact-pursuit-4-v1].behaviorHint,결정적 이유와 책임을 묻는다. 사실과 해석이 갈라지는 지점을 바로 세운다.,,,,"Scripted text channel without party a/b as speaker: system, judge, witness, dossier, mediation, aftermath, and milestone copy."
non_party_scripted_text_src_data_scriptedText_family-01_channels_judge_question_.entries_d-4_fact_pursuit_4_.variants_judgeq-d-4-fact-pursuit-4-v1_.text,non_party_scripted_text,src/data/scriptedText,family-01,channels[judge_question].entries[d-4|fact_pursuit|4].variants[judgeq-d-4-fact-pursuit-4-v1].text,"윤정후 씨, 법정에 오기 전에 막으려다 오히려 위조 책임을 만든 것입니까.","Walk the court through what was held back from the family record, and for how long.",ユン・ジョンフさん、母の記録と家の繊細な事情について、まず日付ごとの行為を時系列でお答えください。,请进一步补充：请把亲笔练习本和公证副本之间的差异，按句子讲清。,"Scripted text channel without party a/b as speaker: system, judge, witness, dossier, mediation, aftermath, and milestone copy."
non_party_scripted_text_src_data_scriptedText_family-01_channels_judge_question_.entries_d-4_fact_pursuit_4_.variants_judgeq-d-4-fact-pursuit-4-v2_.behaviorHint,non_party_scripted_text,src/data/scriptedText,family-01,channels[judge_question].entries[d-4|fact_pursuit|4].variants[judgeq-d-4-fact-pursuit-4-v2].behaviorHint,결정적 이유와 책임을 묻는다. 사실과 해석이 갈라지는 지점을 바로 세운다.,,,,"Scripted text channel without party a/b as speaker: system, judge, witness, dossier, mediation, aftermath, and milestone copy."
non_party_scripted_text_src_data_scriptedText_family-01_channels_judge_question_.entries_d-4_fact_pursuit_4_.variants_judgeq-d-4-fact-pursuit-4-v2_.text,non_party_scripted_text,src/data/scriptedText,family-01,channels[judge_question].entries[d-4|fact_pursuit|4].variants[judgeq-d-4-fact-pursuit-4-v2].text,"윤태성 씨, 그 가족사보다 윤정후 씨가 알고 있었다는 사실이 더 컸습니까.","Describe, plainly, which parts of the family record were not shared and when.",ユン・ジョンフさん、母の日記に残った範囲のうち、ご自身が認める項目から並べてください。,换一个角度。请进一步补充：请把亲笔练习本和公证副本之间的差异，按句子讲清。请按时间顺序回答。,"Scripted text channel without party a/b as speaker: system, judge, witness, dossier, mediation, aftermath, and milestone copy."
non_party_scripted_text_src_data_scriptedText_family-01_channels_judge_question_.entries_d-4_fact_pursuit_4_.variants_judgeq-d-4-fact-pursuit-4-v3_.behaviorHint,non_party_scripted_text,src/data/scriptedText,family-01,channels[judge_question].entries[d-4|fact_pursuit|4].variants[judgeq-d-4-fact-pursuit-4-v3].behaviorHint,결정적 이유와 책임을 묻는다. 사실과 해석이 갈라지는 지점을 바로 세운다.,,,,"Scripted text channel without party a/b as speaker: system, judge, witness, dossier, mediation, aftermath, and milestone copy."
non_party_scripted_text_src_data_scriptedText_family-01_channels_judge_question_.entries_d-4_fact_pursuit_4_.variants_judgeq-d-4-fact-pursuit-4-v3_.text,non_party_scripted_text,src/data/scriptedText,family-01,channels[judge_question].entries[d-4|fact_pursuit|4].variants[judgeq-d-4-fact-pursuit-4-v3].text,"윤정후 씨, 윤태성 씨의 삶을 지키려는 판단이 왜 유서를 고치는 행동으로 갔습니까.","Set out the silence as clearly as you can — what was withheld, and from whom.",ユン・ジョンフさん、母の記録と家の繊細な事情を、相手の解釈に触れずにご自身の行為の側から先にお話しください。,让我们再确认一次。请进一步补充：请把亲笔练习本和公证副本之间的差异，按句子讲清。请把这一点定准。,"Scripted text channel without party a/b as speaker: system, judge, witness, dossier, mediation, aftermath, and milestone copy."
non_party_scripted_text_src_data_scriptedText_family-01_channels_judge_question_.entries_d-4_fact_pursuit_4_.variants_judgeq-d-4-fact-pursuit-4-v4_.behaviorHint,non_party_scripted_text,src/data/scriptedText,family-01,channels[judge_question].entries[d-4|fact_pursuit|4].variants[judgeq-d-4-fact-pursuit-4-v4].behaviorHint,결정적 이유와 책임을 묻는다. 사실과 해석이 갈라지는 지점을 바로 세운다.,,,,"Scripted text channel without party a/b as speaker: system, judge, witness, dossier, mediation, aftermath, and milestone copy."
non_party_scripted_text_src_data_scriptedText_family-01_channels_judge_question_.entries_d-4_fact_pursuit_4_.variants_judgeq-d-4-fact-pursuit-4-v4_.text,non_party_scripted_text,src/data/scriptedText,family-01,channels[judge_question].entries[d-4|fact_pursuit|4].variants[judgeq-d-4-fact-pursuit-4-v4].text,"두 분, 비밀을 지키려 한 일과 진실을 숨긴 책임을 따로 답해 주십시오.",Lay out the timeline of when each piece of the record became known to whom.,ユン・ジョンフさん、母の日記のどの部分を直接ご自身で確認されたか、資料単位で整理してお答えください。,请进一步补充：请把亲笔练习本和公证副本之间的差异，按句子讲清。,"Scripted text channel without party a/b as speaker: system, judge, witness, dossier, mediation, aftermath, and milestone copy."
non_party_scripted_text_src_data_scriptedText_family-01_channels_judge_question_.entries_d-4_fact_pursuit_4_.variants_judgeq-d-4-fact-pursuit-4-v5_.behaviorHint,non_party_scripted_text,src/data/scriptedText,family-01,channels[judge_question].entries[d-4|fact_pursuit|4].variants[judgeq-d-4-fact-pursuit-4-v5].behaviorHint,결정적 이유와 책임을 묻는다. 사실과 해석이 갈라지는 지점을 바로 세운다.,,,,"Scripted text channel without party a/b as speaker: system, judge, witness, dossier, mediation, aftermath, and milestone copy."
non_party_scripted_text_src_data_scriptedText_family-01_channels_judge_question_.entries_d-4_fact_pursuit_4_.variants_judgeq-d-4-fact-pursuit-4-v5_.text,non_party_scripted_text,src/data/scriptedText,family-01,channels[judge_question].entries[d-4|fact_pursuit|4].variants[judgeq-d-4-fact-pursuit-4-v5].text,"윤정후 씨, 그 침묵이 윤태성 씨를 더 크게 다치게 할 수 있다는 걸 언제 아셨습니까.",Tell the court the order in which the silences were broken or kept.,ユン・ジョンフさん、母の記録と家の繊細な事情について、まだ供述されていない事実があれば先にお出しください。,换一个角度。请进一步补充：请把亲笔练习本和公证副本之间的差异，按句子讲清。请按时间顺序回答。,"Scripted text channel without party a/b as speaker: system, judge, witness, dossier, mediation, aftermath, and milestone copy."
non_party_scripted_text_src_data_scriptedText_family-01_channels_judge_question_.entries_d-4_motive_search_1_.variants_judgeq-d-4-motive-search-1-v1_.behaviorHint,non_party_scripted_text,src/data/scriptedText,family-01,channels[judge_question].entries[d-4|motive_search|1].variants[judgeq-d-4-motive-search-1-v1].behaviorHint,사실 뒤의 첫 이유를 묻는다. 방어를 낮추고 선택의 입구를 연다.,,,,"Scripted text channel without party a/b as speaker: system, judge, witness, dossier, mediation, aftermath, and milestone copy."
non_party_scripted_text_src_data_scriptedText_family-01_channels_judge_question_.entries_d-4_motive_search_1_.variants_judgeq-d-4-motive-search-1-v1_.text,non_party_scripted_text,src/data/scriptedText,family-01,channels[judge_question].entries[d-4|motive_search|1].variants[judgeq-d-4-motive-search-1-v1].text,"윤정후 씨, 어머니 기록을 본 뒤 가장 먼저 숨기겠다고 마음먹은 이유가 무엇입니까.",Why was the silence held for as long as it was?,ユン・ジョンフさん、母の記録と家の繊細な事情を伏せざるを得なかった事情があるなら、その理由をお話しください。,尹正厚先生，您在亲笔本到公证副本之间做调整时的判断依据，请讲。,"Scripted text channel without party a/b as speaker: system, judge, witness, dossier, mediation, aftermath, and milestone copy."
non_party_scripted_text_src_data_scriptedText_family-01_channels_judge_question_.entries_d-4_motive_search_1_.variants_judgeq-d-4-motive-search-1-v2_.behaviorHint,non_party_scripted_text,src/data/scriptedText,family-01,channels[judge_question].entries[d-4|motive_search|1].variants[judgeq-d-4-motive-search-1-v2].behaviorHint,사실 뒤의 첫 이유를 묻는다. 방어를 낮추고 선택의 입구를 연다.,,,,"Scripted text channel without party a/b as speaker: system, judge, witness, dossier, mediation, aftermath, and milestone copy."
non_party_scripted_text_src_data_scriptedText_family-01_channels_judge_question_.entries_d-4_motive_search_1_.variants_judgeq-d-4-motive-search-1-v2_.text,non_party_scripted_text,src/data/scriptedText,family-01,channels[judge_question].entries[d-4|motive_search|1].variants[judgeq-d-4-motive-search-1-v2].text,"윤태성 씨, 왜 자신만 빠졌다고 느끼셨는지 말씀해 주십시오.",What made it harder to speak than to stay quiet?,ユン・ジョンフさん、母の記録と家の繊細な事情について、ご自身の選択を支えていた動機を順序立ててお答えください。,换一个角度。尹正厚先生，您在亲笔本到公证副本之间做调整时的判断依据，请讲。请按时间顺序回答。,"Scripted text channel without party a/b as speaker: system, judge, witness, dossier, mediation, aftermath, and milestone copy."
non_party_scripted_text_src_data_scriptedText_family-01_channels_judge_question_.entries_d-4_motive_search_1_.variants_judgeq-d-4-motive-search-1-v3_.behaviorHint,non_party_scripted_text,src/data/scriptedText,family-01,channels[judge_question].entries[d-4|motive_search|1].variants[judgeq-d-4-motive-search-1-v3].behaviorHint,사실 뒤의 첫 이유를 묻는다. 방어를 낮추고 선택의 입구를 연다.,,,,"Scripted text channel without party a/b as speaker: system, judge, witness, dossier, mediation, aftermath, and milestone copy."
non_party_scripted_text_src_data_scriptedText_family-01_channels_judge_question_.entries_d-4_motive_search_1_.variants_judgeq-d-4-motive-search-1-v3_.text,non_party_scripted_text,src/data/scriptedText,family-01,channels[judge_question].entries[d-4|motive_search|1].variants[judgeq-d-4-motive-search-1-v3].text,"윤정후 씨, 어머니 부탁이었습니까, 본인의 판단이었습니까.","Whose protection did the silence serve, in your view?",ユン・ジョンフさん、その判断を取った動機を、家族の事情への配慮も含めて整えてください。,让我们再确认一次。尹正厚先生，您在亲笔本到公证副本之间做调整时的判断依据，请讲。请把这一点定准。,"Scripted text channel without party a/b as speaker: system, judge, witness, dossier, mediation, aftermath, and milestone copy."
non_party_scripted_text_src_data_scriptedText_family-01_channels_judge_question_.entries_d-4_motive_search_1_.variants_judgeq-d-4-motive-search-1-v4_.behaviorHint,non_party_scripted_text,src/data/scriptedText,family-01,channels[judge_question].entries[d-4|motive_search|1].variants[judgeq-d-4-motive-search-1-v4].behaviorHint,사실 뒤의 첫 이유를 묻는다. 방어를 낮추고 선택의 입구를 연다.,,,,"Scripted text channel without party a/b as speaker: system, judge, witness, dossier, mediation, aftermath, and milestone copy."
non_party_scripted_text_src_data_scriptedText_family-01_channels_judge_question_.entries_d-4_motive_search_1_.variants_judgeq-d-4-motive-search-1-v4_.text,non_party_scripted_text,src/data/scriptedText,family-01,channels[judge_question].entries[d-4|motive_search|1].variants[judgeq-d-4-motive-search-1-v4].text,"두 분, 비밀이 가족 안에서 어떻게 굳어졌는지 말씀해 주십시오.",What was the silence trying to hold together?,ユン・ジョンフさん、母の記録と家の繊細な事情に向かう前に止まっていた時間があるなら、その理由をお話しください。,尹正厚先生，您在亲笔本到公证副本之间做调整时的判断依据，请讲。,"Scripted text channel without party a/b as speaker: system, judge, witness, dossier, mediation, aftermath, and milestone copy."
non_party_scripted_text_src_data_scriptedText_family-01_channels_judge_question_.entries_d-4_motive_search_1_.variants_judgeq-d-4-motive-search-1-v5_.behaviorHint,non_party_scripted_text,src/data/scriptedText,family-01,channels[judge_question].entries[d-4|motive_search|1].variants[judgeq-d-4-motive-search-1-v5].behaviorHint,사실 뒤의 첫 이유를 묻는다. 방어를 낮추고 선택의 입구를 연다.,,,,"Scripted text channel without party a/b as speaker: system, judge, witness, dossier, mediation, aftermath, and milestone copy."
non_party_scripted_text_src_data_scriptedText_family-01_channels_judge_question_.entries_d-4_motive_search_1_.variants_judgeq-d-4-motive-search-1-v5_.text,non_party_scripted_text,src/data/scriptedText,family-01,channels[judge_question].entries[d-4|motive_search|1].variants[judgeq-d-4-motive-search-1-v5].text,"윤정후 씨, 처음 침묵한 순간의 판단을 설명해 주십시오.",Why did you choose to carry it without sharing the weight?,ユン・ジョンフさん、説明の機会があったにもかかわらず後ろに送られた理由をお答えください。,换一个角度。尹正厚先生，您在亲笔本到公证副本之间做调整时的判断依据，请讲。请按时间顺序回答。,"Scripted text channel without party a/b as speaker: system, judge, witness, dossier, mediation, aftermath, and milestone copy."
non_party_scripted_text_src_data_scriptedText_family-01_channels_judge_question_.entries_d-4_motive_search_2_.variants_judgeq-d-4-motive-search-2-v1_.behaviorHint,non_party_scripted_text,src/data/scriptedText,family-01,channels[judge_question].entries[d-4|motive_search|2].variants[judgeq-d-4-motive-search-2-v1].behaviorHint,숨김과 의심이 커진 직접 원인을 묻는다. 부담을 더 구체화한다.,,,,"Scripted text channel without party a/b as speaker: system, judge, witness, dossier, mediation, aftermath, and milestone copy."
non_party_scripted_text_src_data_scriptedText_family-01_channels_judge_question_.entries_d-4_motive_search_2_.variants_judgeq-d-4-motive-search-2-v1_.text,non_party_scripted_text,src/data/scriptedText,family-01,channels[judge_question].entries[d-4|motive_search|2].variants[judgeq-d-4-motive-search-2-v1].text,"윤정후 씨, 윤태성 씨에게 말하면 무엇이 무너진다고 보셨습니까.",Why was the silence held for as long as it was?,ユン・ジョンフさん、母の記録と家の繊細な事情を伏せざるを得なかった事情があるなら、その理由をお話しください。,请进一步补充：尹正厚先生，您在亲笔本到公证副本之间做调整时的判断依据，请讲。,"Scripted text channel without party a/b as speaker: system, judge, witness, dossier, mediation, aftermath, and milestone copy."
non_party_scripted_text_src_data_scriptedText_family-01_channels_judge_question_.entries_d-4_motive_search_2_.variants_judgeq-d-4-motive-search-2-v2_.behaviorHint,non_party_scripted_text,src/data/scriptedText,family-01,channels[judge_question].entries[d-4|motive_search|2].variants[judgeq-d-4-motive-search-2-v2].behaviorHint,숨김과 의심이 커진 직접 원인을 묻는다. 부담을 더 구체화한다.,,,,"Scripted text channel without party a/b as speaker: system, judge, witness, dossier, mediation, aftermath, and milestone copy."
non_party_scripted_text_src_data_scriptedText_family-01_channels_judge_question_.entries_d-4_motive_search_2_.variants_judgeq-d-4-motive-search-2-v2_.text,non_party_scripted_text,src/data/scriptedText,family-01,channels[judge_question].entries[d-4|motive_search|2].variants[judgeq-d-4-motive-search-2-v2].text,"윤태성 씨, 윤정후 씨 침묵을 배신으로 느낀 이유가 무엇입니까.",What made it harder to speak than to stay quiet?,ユン・ジョンフさん、母の記録と家の繊細な事情について、ご自身の選択を支えていた動機を順序立ててお答えください。,换一个角度。请进一步补充：尹正厚先生，您在亲笔本到公证副本之间做调整时的判断依据，请讲。请按时间顺序回答。,"Scripted text channel without party a/b as speaker: system, judge, witness, dossier, mediation, aftermath, and milestone copy."
non_party_scripted_text_src_data_scriptedText_family-01_channels_judge_question_.entries_d-4_motive_search_2_.variants_judgeq-d-4-motive-search-2-v3_.behaviorHint,non_party_scripted_text,src/data/scriptedText,family-01,channels[judge_question].entries[d-4|motive_search|2].variants[judgeq-d-4-motive-search-2-v3].behaviorHint,숨김과 의심이 커진 직접 원인을 묻는다. 부담을 더 구체화한다.,,,,"Scripted text channel without party a/b as speaker: system, judge, witness, dossier, mediation, aftermath, and milestone copy."
non_party_scripted_text_src_data_scriptedText_family-01_channels_judge_question_.entries_d-4_motive_search_2_.variants_judgeq-d-4-motive-search-2-v3_.text,non_party_scripted_text,src/data/scriptedText,family-01,channels[judge_question].entries[d-4|motive_search|2].variants[judgeq-d-4-motive-search-2-v3].text,"윤정후 씨, 어머니의 두려움과 본인 두려움 중 무엇이 더 컸습니까.","Whose protection did the silence serve, in your view?",ユン・ジョンフさん、その判断を取った動機を、家族の事情への配慮も含めて整えてください。,让我们再确认一次。请进一步补充：尹正厚先生，您在亲笔本到公证副本之间做调整时的判断依据，请讲。请把这一点定准。,"Scripted text channel without party a/b as speaker: system, judge, witness, dossier, mediation, aftermath, and milestone copy."
non_party_scripted_text_src_data_scriptedText_family-01_channels_judge_question_.entries_d-4_motive_search_2_.variants_judgeq-d-4-motive-search-2-v4_.behaviorHint,non_party_scripted_text,src/data/scriptedText,family-01,channels[judge_question].entries[d-4|motive_search|2].variants[judgeq-d-4-motive-search-2-v4].behaviorHint,숨김과 의심이 커진 직접 원인을 묻는다. 부담을 더 구체화한다.,,,,"Scripted text channel without party a/b as speaker: system, judge, witness, dossier, mediation, aftermath, and milestone copy."
non_party_scripted_text_src_data_scriptedText_family-01_channels_judge_question_.entries_d-4_motive_search_2_.variants_judgeq-d-4-motive-search-2-v4_.text,non_party_scripted_text,src/data/scriptedText,family-01,channels[judge_question].entries[d-4|motive_search|2].variants[judgeq-d-4-motive-search-2-v4].text,"두 분, 숨기는 쪽과 모르는 쪽의 두려움을 각각 말해 주십시오.",What was the silence trying to hold together?,ユン・ジョンフさん、母の記録と家の繊細な事情に向かう前に止まっていた時間があるなら、その理由をお話しください。,请进一步补充：尹正厚先生，您在亲笔本到公证副本之间做调整时的判断依据，请讲。,"Scripted text channel without party a/b as speaker: system, judge, witness, dossier, mediation, aftermath, and milestone copy."
non_party_scripted_text_src_data_scriptedText_family-01_channels_judge_question_.entries_d-4_motive_search_2_.variants_judgeq-d-4-motive-search-2-v5_.behaviorHint,non_party_scripted_text,src/data/scriptedText,family-01,channels[judge_question].entries[d-4|motive_search|2].variants[judgeq-d-4-motive-search-2-v5].behaviorHint,숨김과 의심이 커진 직접 원인을 묻는다. 부담을 더 구체화한다.,,,,"Scripted text channel without party a/b as speaker: system, judge, witness, dossier, mediation, aftermath, and milestone copy."
non_party_scripted_text_src_data_scriptedText_family-01_channels_judge_question_.entries_d-4_motive_search_2_.variants_judgeq-d-4-motive-search-2-v5_.text,non_party_scripted_text,src/data/scriptedText,family-01,channels[judge_question].entries[d-4|motive_search|2].variants[judgeq-d-4-motive-search-2-v5].text,"윤정후 씨, 윤태성 씨의 자존심을 지킨다는 판단이 정말 가능하다고 믿었습니까.",Why did you choose to carry it without sharing the weight?,ユン・ジョンフさん、説明の機会があったにもかかわらず後ろに送られた理由をお答えください。,换一个角度。请进一步补充：尹正厚先生，您在亲笔本到公证副本之间做调整时的判断依据，请讲。请按时间顺序回答。,"Scripted text channel without party a/b as speaker: system, judge, witness, dossier, mediation, aftermath, and milestone copy."
non_party_scripted_text_src_data_scriptedText_family-01_channels_judge_question_.entries_d-4_motive_search_3_.variants_judgeq-d-4-motive-search-3-v1_.behaviorHint,non_party_scripted_text,src/data/scriptedText,family-01,channels[judge_question].entries[d-4|motive_search|3].variants[judgeq-d-4-motive-search-3-v1].behaviorHint,관계 안쪽의 공포와 체면을 건드린다. 말 바깥의 이유를 꺼내게 한다.,,,,"Scripted text channel without party a/b as speaker: system, judge, witness, dossier, mediation, aftermath, and milestone copy."
non_party_scripted_text_src_data_scriptedText_family-01_channels_judge_question_.entries_d-4_motive_search_3_.variants_judgeq-d-4-motive-search-3-v1_.text,non_party_scripted_text,src/data/scriptedText,family-01,channels[judge_question].entries[d-4|motive_search|3].variants[judgeq-d-4-motive-search-3-v1].text,"윤정후 씨, 민감한 가족 사정과 유서 변경 판단이 어떻게 연결됩니까.",Why was the silence held for as long as it was?,ユン・ジョンフさん、母の記録と家の繊細な事情を伏せざるを得なかった事情があるなら、その理由をお話しください。,请进一步补充：尹正厚先生，您在亲笔本到公证副本之间做调整时的判断依据，请讲。,"Scripted text channel without party a/b as speaker: system, judge, witness, dossier, mediation, aftermath, and milestone copy."
non_party_scripted_text_src_data_scriptedText_family-01_channels_judge_question_.entries_d-4_motive_search_3_.variants_judgeq-d-4-motive-search-3-v2_.behaviorHint,non_party_scripted_text,src/data/scriptedText,family-01,channels[judge_question].entries[d-4|motive_search|3].variants[judgeq-d-4-motive-search-3-v2].behaviorHint,관계 안쪽의 공포와 체면을 건드린다. 말 바깥의 이유를 꺼내게 한다.,,,,"Scripted text channel without party a/b as speaker: system, judge, witness, dossier, mediation, aftermath, and milestone copy."
non_party_scripted_text_src_data_scriptedText_family-01_channels_judge_question_.entries_d-4_motive_search_3_.variants_judgeq-d-4-motive-search-3-v2_.text,non_party_scripted_text,src/data/scriptedText,family-01,channels[judge_question].entries[d-4|motive_search|3].variants[judgeq-d-4-motive-search-3-v2].text,"윤태성 씨, 장남이라는 믿음이 흔들릴까 두려운 마음을 인정하십니까.",What made it harder to speak than to stay quiet?,ユン・ジョンフさん、母の記録と家の繊細な事情について、ご自身の選択を支えていた動機を順序立ててお答えください。,换一个角度。请进一步补充：尹正厚先生，您在亲笔本到公证副本之间做调整时的判断依据，请讲。请按时间顺序回答。,"Scripted text channel without party a/b as speaker: system, judge, witness, dossier, mediation, aftermath, and milestone copy."
non_party_scripted_text_src_data_scriptedText_family-01_channels_judge_question_.entries_d-4_motive_search_3_.variants_judgeq-d-4-motive-search-3-v3_.behaviorHint,non_party_scripted_text,src/data/scriptedText,family-01,channels[judge_question].entries[d-4|motive_search|3].variants[judgeq-d-4-motive-search-3-v3].behaviorHint,관계 안쪽의 공포와 체면을 건드린다. 말 바깥의 이유를 꺼내게 한다.,,,,"Scripted text channel without party a/b as speaker: system, judge, witness, dossier, mediation, aftermath, and milestone copy."
non_party_scripted_text_src_data_scriptedText_family-01_channels_judge_question_.entries_d-4_motive_search_3_.variants_judgeq-d-4-motive-search-3-v3_.text,non_party_scripted_text,src/data/scriptedText,family-01,channels[judge_question].entries[d-4|motive_search|3].variants[judgeq-d-4-motive-search-3-v3].text,"윤정후 씨, 돈 문제가 아니라 윤태성 씨의 삶이 흔들리지 않게 막으려 했다는 설명입니까.","Whose protection did the silence serve, in your view?",ユン・ジョンフさん、その判断を取った動機を、家族の事情への配慮も含めて整えてください。,让我们再确认一次。请进一步补充：尹正厚先生，您在亲笔本到公证副本之间做调整时的判断依据，请讲。请把这一点定准。,"Scripted text channel without party a/b as speaker: system, judge, witness, dossier, mediation, aftermath, and milestone copy."
non_party_scripted_text_src_data_scriptedText_family-01_channels_judge_question_.entries_d-4_motive_search_3_.variants_judgeq-d-4-motive-search-3-v4_.behaviorHint,non_party_scripted_text,src/data/scriptedText,family-01,channels[judge_question].entries[d-4|motive_search|3].variants[judgeq-d-4-motive-search-3-v4].behaviorHint,관계 안쪽의 공포와 체면을 건드린다. 말 바깥의 이유를 꺼내게 한다.,,,,"Scripted text channel without party a/b as speaker: system, judge, witness, dossier, mediation, aftermath, and milestone copy."
non_party_scripted_text_src_data_scriptedText_family-01_channels_judge_question_.entries_d-4_motive_search_3_.variants_judgeq-d-4-motive-search-3-v4_.text,non_party_scripted_text,src/data/scriptedText,family-01,channels[judge_question].entries[d-4|motive_search|3].variants[judgeq-d-4-motive-search-3-v4].text,"두 분, 재산 다툼과 정체성 문제를 어디서부터 혼동했는지 답해 주십시오.",What was the silence trying to hold together?,ユン・ジョンフさん、母の記録と家の繊細な事情に向かう前に止まっていた時間があるなら、その理由をお話しください。,请进一步补充：尹正厚先生，您在亲笔本到公证副本之间做调整时的判断依据，请讲。,"Scripted text channel without party a/b as speaker: system, judge, witness, dossier, mediation, aftermath, and milestone copy."
non_party_scripted_text_src_data_scriptedText_family-01_channels_judge_question_.entries_d-4_motive_search_3_.variants_judgeq-d-4-motive-search-3-v5_.behaviorHint,non_party_scripted_text,src/data/scriptedText,family-01,channels[judge_question].entries[d-4|motive_search|3].variants[judgeq-d-4-motive-search-3-v5].behaviorHint,관계 안쪽의 공포와 체면을 건드린다. 말 바깥의 이유를 꺼내게 한다.,,,,"Scripted text channel without party a/b as speaker: system, judge, witness, dossier, mediation, aftermath, and milestone copy."
non_party_scripted_text_src_data_scriptedText_family-01_channels_judge_question_.entries_d-4_motive_search_3_.variants_judgeq-d-4-motive-search-3-v5_.text,non_party_scripted_text,src/data/scriptedText,family-01,channels[judge_question].entries[d-4|motive_search|3].variants[judgeq-d-4-motive-search-3-v5].text,"윤정후 씨, 윤태성 씨가 끝까지 파고들 것을 예상하고 숫자를 낮춘 것입니까.",Why did you choose to carry it without sharing the weight?,ユン・ジョンフさん、説明の機会があったにもかかわらず後ろに送られた理由をお答えください。,换一个角度。请进一步补充：尹正厚先生，您在亲笔本到公证副本之间做调整时的判断依据，请讲。请按时间顺序回答。,"Scripted text channel without party a/b as speaker: system, judge, witness, dossier, mediation, aftermath, and milestone copy."
non_party_scripted_text_src_data_scriptedText_family-01_channels_judge_question_.entries_d-4_motive_search_4_.variants_judgeq-d-4-motive-search-4-v1_.behaviorHint,non_party_scripted_text,src/data/scriptedText,family-01,channels[judge_question].entries[d-4|motive_search|4].variants[judgeq-d-4-motive-search-4-v1].behaviorHint,핑계가 아니라 선택의 이유를 묻는다. 왜 그 선을 넘었는지 겨눈다.,,,,"Scripted text channel without party a/b as speaker: system, judge, witness, dossier, mediation, aftermath, and milestone copy."
non_party_scripted_text_src_data_scriptedText_family-01_channels_judge_question_.entries_d-4_motive_search_4_.variants_judgeq-d-4-motive-search-4-v1_.text,non_party_scripted_text,src/data/scriptedText,family-01,channels[judge_question].entries[d-4|motive_search|4].variants[judgeq-d-4-motive-search-4-v1].text,"윤정후 씨, 보호라는 이유로 법적 선을 넘은 판단을 설명해 주십시오.",Why was the silence held for as long as it was?,ユン・ジョンフさん、母の記録と家の繊細な事情を伏せざるを得なかった事情があるなら、その理由をお話しください。,请进一步补充：尹正厚先生，您在亲笔本到公证副本之间做调整时的判断依据，请讲。,"Scripted text channel without party a/b as speaker: system, judge, witness, dossier, mediation, aftermath, and milestone copy."
non_party_scripted_text_src_data_scriptedText_family-01_channels_judge_question_.entries_d-4_motive_search_4_.variants_judgeq-d-4-motive-search-4-v2_.behaviorHint,non_party_scripted_text,src/data/scriptedText,family-01,channels[judge_question].entries[d-4|motive_search|4].variants[judgeq-d-4-motive-search-4-v2].behaviorHint,핑계가 아니라 선택의 이유를 묻는다. 왜 그 선을 넘었는지 겨눈다.,,,,"Scripted text channel without party a/b as speaker: system, judge, witness, dossier, mediation, aftermath, and milestone copy."
non_party_scripted_text_src_data_scriptedText_family-01_channels_judge_question_.entries_d-4_motive_search_4_.variants_judgeq-d-4-motive-search-4-v2_.text,non_party_scripted_text,src/data/scriptedText,family-01,channels[judge_question].entries[d-4|motive_search|4].variants[judgeq-d-4-motive-search-4-v2].text,"윤태성 씨, 숨김의 동기를 들어도 책임 추궁을 늦출 수 없는 이유가 무엇입니까.",What made it harder to speak than to stay quiet?,ユン・ジョンフさん、母の記録と家の繊細な事情について、ご自身の選択を支えていた動機を順序立ててお答えください。,换一个角度。请进一步补充：尹正厚先生，您在亲笔本到公证副本之间做调整时的判断依据，请讲。请按时间顺序回答。,"Scripted text channel without party a/b as speaker: system, judge, witness, dossier, mediation, aftermath, and milestone copy."
non_party_scripted_text_src_data_scriptedText_family-01_channels_judge_question_.entries_d-4_motive_search_4_.variants_judgeq-d-4-motive-search-4-v3_.behaviorHint,non_party_scripted_text,src/data/scriptedText,family-01,channels[judge_question].entries[d-4|motive_search|4].variants[judgeq-d-4-motive-search-4-v3].behaviorHint,핑계가 아니라 선택의 이유를 묻는다. 왜 그 선을 넘었는지 겨눈다.,,,,"Scripted text channel without party a/b as speaker: system, judge, witness, dossier, mediation, aftermath, and milestone copy."
non_party_scripted_text_src_data_scriptedText_family-01_channels_judge_question_.entries_d-4_motive_search_4_.variants_judgeq-d-4-motive-search-4-v3_.text,non_party_scripted_text,src/data/scriptedText,family-01,channels[judge_question].entries[d-4|motive_search|4].variants[judgeq-d-4-motive-search-4-v3].text,"윤정후 씨, 침묵이 윤태성 씨를 지키는 길이라고 믿은 근거를 말씀해 주십시오.","Whose protection did the silence serve, in your view?",ユン・ジョンフさん、その判断を取った動機を、家族の事情への配慮も含めて整えてください。,让我们再确认一次。请进一步补充：尹正厚先生，您在亲笔本到公证副本之间做调整时的判断依据，请讲。请把这一点定准。,"Scripted text channel without party a/b as speaker: system, judge, witness, dossier, mediation, aftermath, and milestone copy."
non_party_scripted_text_src_data_scriptedText_family-01_channels_judge_question_.entries_d-4_motive_search_4_.variants_judgeq-d-4-motive-search-4-v4_.behaviorHint,non_party_scripted_text,src/data/scriptedText,family-01,channels[judge_question].entries[d-4|motive_search|4].variants[judgeq-d-4-motive-search-4-v4].behaviorHint,핑계가 아니라 선택의 이유를 묻는다. 왜 그 선을 넘었는지 겨눈다.,,,,"Scripted text channel without party a/b as speaker: system, judge, witness, dossier, mediation, aftermath, and milestone copy."
non_party_scripted_text_src_data_scriptedText_family-01_channels_judge_question_.entries_d-4_motive_search_4_.variants_judgeq-d-4-motive-search-4-v4_.text,non_party_scripted_text,src/data/scriptedText,family-01,channels[judge_question].entries[d-4|motive_search|4].variants[judgeq-d-4-motive-search-4-v4].text,"두 분, 선의와 위법이 부딪힌 지점을 명확히 말씀해 주십시오.",What was the silence trying to hold together?,ユン・ジョンフさん、母の記録と家の繊細な事情に向かう前に止まっていた時間があるなら、その理由をお話しください。,请进一步补充：尹正厚先生，您在亲笔本到公证副本之间做调整时的判断依据，请讲。,"Scripted text channel without party a/b as speaker: system, judge, witness, dossier, mediation, aftermath, and milestone copy."
non_party_scripted_text_src_data_scriptedText_family-01_channels_judge_question_.entries_d-4_motive_search_4_.variants_judgeq-d-4-motive-search-4-v5_.behaviorHint,non_party_scripted_text,src/data/scriptedText,family-01,channels[judge_question].entries[d-4|motive_search|4].variants[judgeq-d-4-motive-search-4-v5].behaviorHint,핑계가 아니라 선택의 이유를 묻는다. 왜 그 선을 넘었는지 겨눈다.,,,,"Scripted text channel without party a/b as speaker: system, judge, witness, dossier, mediation, aftermath, and milestone copy."
non_party_scripted_text_src_data_scriptedText_family-01_channels_judge_question_.entries_d-4_motive_search_4_.variants_judgeq-d-4-motive-search-4-v5_.text,non_party_scripted_text,src/data/scriptedText,family-01,channels[judge_question].entries[d-4|motive_search|4].variants[judgeq-d-4-motive-search-4-v5].text,"윤정후 씨, 끝내 말하지 않는 선택이 누구를 위한 것이었습니까.",Why did you choose to carry it without sharing the weight?,ユン・ジョンフさん、説明の機会があったにもかかわらず後ろに送られた理由をお答えください。,换一个角度。请进一步补充：尹正厚先生，您在亲笔本到公证副本之间做调整时的判断依据，请讲。请按时间顺序回答。,"Scripted text channel without party a/b as speaker: system, judge, witness, dossier, mediation, aftermath, and milestone copy."
non_party_scripted_text_src_data_scriptedText_family-01_channels_judge_witness_summon_.entries_w-1_hard_.variants_judgew-w-1-hard-v1_.behaviorHint,non_party_scripted_text,src/data/scriptedText,family-01,channels[judge_witness_summon].entries[w-1|hard].variants[judgew-w-1-hard-v1].behaviorHint,재판관이 최복순 증인을 즉시 소환한다. 정황 해석을 멈추고 기록을 세우는 톤이다.,,,,"Scripted text channel without party a/b as speaker: system, judge, witness, dossier, mediation, aftermath, and milestone copy."
non_party_scripted_text_src_data_scriptedText_family-01_channels_judge_witness_summon_.entries_w-1_hard_.variants_judgew-w-1-hard-v1_.text,non_party_scripted_text,src/data/scriptedText,family-01,channels[judge_witness_summon].entries[w-1|hard].variants[judgew-w-1-hard-v1].text,"최복순 씨, 들어오십시오. 윤정후 씨가 어머니에게 문서를 읽어드린 장면과 그 말을 바로 확인하겠습니다.",The court summons the former care worker — and the bench expects a complete account.,この場に元介護士の方を立たせます。 母の傍で見た介護の場面と当時の手続きの空気に関する範囲だけお伺いします。,传相关证人进来。先把母亲晚年那段时间的探望频率和具体场景定准。 请只讲亲眼所见的部分。,"Scripted text channel without party a/b as speaker: system, judge, witness, dossier, mediation, aftermath, and milestone copy."
non_party_scripted_text_src_data_scriptedText_family-01_channels_judge_witness_summon_.entries_w-1_hard_.variants_judgew-w-1-hard-v2_.behaviorHint,non_party_scripted_text,src/data/scriptedText,family-01,channels[judge_witness_summon].entries[w-1|hard].variants[judgew-w-1-hard-v2].behaviorHint,재판관이 최복순 증인을 즉시 소환한다. 정황 해석을 멈추고 기록을 세우는 톤이다.,,,,"Scripted text channel without party a/b as speaker: system, judge, witness, dossier, mediation, aftermath, and milestone copy."
non_party_scripted_text_src_data_scriptedText_family-01_channels_judge_witness_summon_.entries_w-1_hard_.variants_judgew-w-1-hard-v2_.text,non_party_scripted_text,src/data/scriptedText,family-01,channels[judge_witness_summon].entries[w-1|hard].variants[judgew-w-1-hard-v2].text,최복순 씨의 증언을 듣겠습니다. 말년 유서 작성 과정에서 윤정후 씨가 어디까지 관여했는지 명확히 묻겠습니다.,"I will hear from the former care worker now, and I will hear it without softening.",この場に元介護士の方を立たせます。 当時その場で見た部分を、私たちにお話しいただきます。,换一个角度。传相关证人进来。先把母亲晚年那段时间的探望频率和具体场景定准。 请只讲亲眼所见的部分。请按时间顺序回答。,"Scripted text channel without party a/b as speaker: system, judge, witness, dossier, mediation, aftermath, and milestone copy."
non_party_scripted_text_src_data_scriptedText_family-01_channels_judge_witness_summon_.entries_w-1_hard_.variants_judgew-w-1-hard-v3_.behaviorHint,non_party_scripted_text,src/data/scriptedText,family-01,channels[judge_witness_summon].entries[w-1|hard].variants[judgew-w-1-hard-v3].behaviorHint,재판관이 최복순 증인을 즉시 소환한다. 정황 해석을 멈추고 기록을 세우는 톤이다.,,,,"Scripted text channel without party a/b as speaker: system, judge, witness, dossier, mediation, aftermath, and milestone copy."
non_party_scripted_text_src_data_scriptedText_family-01_channels_judge_witness_summon_.entries_w-1_hard_.variants_judgew-w-1-hard-v3_.text,non_party_scripted_text,src/data/scriptedText,family-01,channels[judge_witness_summon].entries[w-1|hard].variants[judgew-w-1-hard-v3].text,"최복순 씨, 어머니 방에서 본 일을 시간순으로 말씀해 주셔야 합니다. 방문과 낭독의 경계를 확인하겠습니다.","The bench requires the former care worker's account in full, on the record.",この場に元介護士の方を立たせます。 確かに知っている範囲だけ、順に並べていただきます。,让我们再确认一次。传相关证人进来。先把母亲晚年那段时间的探望频率和具体场景定准。 请只讲亲眼所见的部分。请把这一点定准。,"Scripted text channel without party a/b as speaker: system, judge, witness, dossier, mediation, aftermath, and milestone copy."
non_party_scripted_text_src_data_scriptedText_family-01_channels_judge_witness_summon_.entries_w-1_hard_.variants_judgew-w-1-hard-v4_.behaviorHint,non_party_scripted_text,src/data/scriptedText,family-01,channels[judge_witness_summon].entries[w-1|hard].variants[judgew-w-1-hard-v4].behaviorHint,재판관이 최복순 증인을 즉시 소환한다. 정황 해석을 멈추고 기록을 세우는 톤이다.,,,,"Scripted text channel without party a/b as speaker: system, judge, witness, dossier, mediation, aftermath, and milestone copy."
non_party_scripted_text_src_data_scriptedText_family-01_channels_judge_witness_summon_.entries_w-1_hard_.variants_judgew-w-1-hard-v4_.text,non_party_scripted_text,src/data/scriptedText,family-01,channels[judge_witness_summon].entries[w-1|hard].variants[judgew-w-1-hard-v4].text,최복순 씨를 부르겠습니다. 이 증언은 어머니 판단과 윤정후 씨 개입을 가르는 핵심입니다.,Step forward — the former care worker will speak to the bench plainly.,この場に元介護士の方を立たせます。 推測ではなく直接の見聞きの範囲をお願いします。,传相关证人进来。先把母亲晚年那段时间的探望频率和具体场景定准。 请只讲亲眼所见的部分。,"Scripted text channel without party a/b as speaker: system, judge, witness, dossier, mediation, aftermath, and milestone copy."
non_party_scripted_text_src_data_scriptedText_family-01_channels_judge_witness_summon_.entries_w-1_hard_.variants_judgew-w-1-hard-v5_.behaviorHint,non_party_scripted_text,src/data/scriptedText,family-01,channels[judge_witness_summon].entries[w-1|hard].variants[judgew-w-1-hard-v5].behaviorHint,재판관이 최복순 증인을 즉시 소환한다. 정황 해석을 멈추고 기록을 세우는 톤이다.,,,,"Scripted text channel without party a/b as speaker: system, judge, witness, dossier, mediation, aftermath, and milestone copy."
non_party_scripted_text_src_data_scriptedText_family-01_channels_judge_witness_summon_.entries_w-1_hard_.variants_judgew-w-1-hard-v5_.text,non_party_scripted_text,src/data/scriptedText,family-01,channels[judge_witness_summon].entries[w-1|hard].variants[judgew-w-1-hard-v5].text,"최복순 씨, 지금부터 유서 작성 직전의 장면을 차분히 확인하겠습니다.","The former care worker is summoned, and the court will not accept partial answers today.",この場に元介護士の方を立たせます。 必要な期間と場所だけに絞って証言いただきます。,换一个角度。传相关证人进来。先把母亲晚年那段时间的探望频率和具体场景定准。 请只讲亲眼所见的部分。请按时间顺序回答。,"Scripted text channel without party a/b as speaker: system, judge, witness, dossier, mediation, aftermath, and milestone copy."
non_party_scripted_text_src_data_scriptedText_family-01_channels_judge_witness_summon_.entries_w-1_mid_.variants_judgew-w-1-mid-v1_.behaviorHint,non_party_scripted_text,src/data/scriptedText,family-01,channels[judge_witness_summon].entries[w-1|mid].variants[judgew-w-1-mid-v1].behaviorHint,재판관이 최복순 증언의 필요성을 분명히 제시한다. 갈린 진술을 정리하는 톤이다.,,,,"Scripted text channel without party a/b as speaker: system, judge, witness, dossier, mediation, aftermath, and milestone copy."
non_party_scripted_text_src_data_scriptedText_family-01_channels_judge_witness_summon_.entries_w-1_mid_.variants_judgew-w-1-mid-v1_.text,non_party_scripted_text,src/data/scriptedText,family-01,channels[judge_witness_summon].entries[w-1|mid].variants[judgew-w-1-mid-v1].text,최복순 씨의 직접 증언을 듣겠습니다. 윤정후 씨의 방문과 종이 낭독이 단순 도움인지 따져 보겠습니다.,The court summons the former care worker; please address the bench directly.,元介護士の方に証言を求めます。 母の傍で見た介護の場面と当時の手続きの空気に関する範囲だけお伺いします。,传相关证人进来。先把母亲晚年那段时间的探望频率和具体场景定准。 请只讲亲眼所见的部分。,"Scripted text channel without party a/b as speaker: system, judge, witness, dossier, mediation, aftermath, and milestone copy."
non_party_scripted_text_src_data_scriptedText_family-01_channels_judge_witness_summon_.entries_w-1_mid_.variants_judgew-w-1-mid-v2_.behaviorHint,non_party_scripted_text,src/data/scriptedText,family-01,channels[judge_witness_summon].entries[w-1|mid].variants[judgew-w-1-mid-v2].behaviorHint,재판관이 최복순 증언의 필요성을 분명히 제시한다. 갈린 진술을 정리하는 톤이다.,,,,"Scripted text channel without party a/b as speaker: system, judge, witness, dossier, mediation, aftermath, and milestone copy."
non_party_scripted_text_src_data_scriptedText_family-01_channels_judge_witness_summon_.entries_w-1_mid_.variants_judgew-w-1-mid-v2_.text,non_party_scripted_text,src/data/scriptedText,family-01,channels[judge_witness_summon].entries[w-1|mid].variants[judgew-w-1-mid-v2].text,양쪽 진술이 갈리는 만큼 최복순 씨의 기억을 확인해야 합니다. 어머니 방에서 실제로 본 일을 묻겠습니다.,We need the former care worker's account on the record now.,元介護士の方に証言を求めます。 当時その場で見た部分を、私たちにお話しいただきます。,换一个角度。传相关证人进来。先把母亲晚年那段时间的探望频率和具体场景定准。 请只讲亲眼所见的部分。请按时间顺序回答。,"Scripted text channel without party a/b as speaker: system, judge, witness, dossier, mediation, aftermath, and milestone copy."
non_party_scripted_text_src_data_scriptedText_family-01_channels_judge_witness_summon_.entries_w-1_mid_.variants_judgew-w-1-mid-v3_.behaviorHint,non_party_scripted_text,src/data/scriptedText,family-01,channels[judge_witness_summon].entries[w-1|mid].variants[judgew-w-1-mid-v3].behaviorHint,재판관이 최복순 증언의 필요성을 분명히 제시한다. 갈린 진술을 정리하는 톤이다.,,,,"Scripted text channel without party a/b as speaker: system, judge, witness, dossier, mediation, aftermath, and milestone copy."
non_party_scripted_text_src_data_scriptedText_family-01_channels_judge_witness_summon_.entries_w-1_mid_.variants_judgew-w-1-mid-v3_.text,non_party_scripted_text,src/data/scriptedText,family-01,channels[judge_witness_summon].entries[w-1|mid].variants[judgew-w-1-mid-v3].text,최복순 씨를 부르겠습니다. 윤태성 씨가 오기 전 마치려 했다는 말의 맥락을 확인하겠습니다.,I am calling on the former care worker to give the court a clear picture.,元介護士の方に証言を求めます。 確かに知っている範囲だけ、順に並べていただきます。,让我们再确认一次。传相关证人进来。先把母亲晚年那段时间的探望频率和具体场景定准。 请只讲亲眼所见的部分。请把这一点定准。,"Scripted text channel without party a/b as speaker: system, judge, witness, dossier, mediation, aftermath, and milestone copy."
non_party_scripted_text_src_data_scriptedText_family-01_channels_judge_witness_summon_.entries_w-1_mid_.variants_judgew-w-1-mid-v4_.behaviorHint,non_party_scripted_text,src/data/scriptedText,family-01,channels[judge_witness_summon].entries[w-1|mid].variants[judgew-w-1-mid-v4].behaviorHint,재판관이 최복순 증언의 필요성을 분명히 제시한다. 갈린 진술을 정리하는 톤이다.,,,,"Scripted text channel without party a/b as speaker: system, judge, witness, dossier, mediation, aftermath, and milestone copy."
non_party_scripted_text_src_data_scriptedText_family-01_channels_judge_witness_summon_.entries_w-1_mid_.variants_judgew-w-1-mid-v4_.text,non_party_scripted_text,src/data/scriptedText,family-01,channels[judge_witness_summon].entries[w-1|mid].variants[judgew-w-1-mid-v4].text,방문기록만으로는 부족합니다. 최복순 씨가 본 장면을 통해 개입 범위를 확인하겠습니다.,The bench requires the former care worker to speak to what she observed.,元介護士の方に証言を求めます。 推測ではなく直接の見聞きの範囲をお願いします。,传相关证人进来。先把母亲晚年那段时间的探望频率和具体场景定准。 请只讲亲眼所见的部分。,"Scripted text channel without party a/b as speaker: system, judge, witness, dossier, mediation, aftermath, and milestone copy."
non_party_scripted_text_src_data_scriptedText_family-01_channels_judge_witness_summon_.entries_w-1_mid_.variants_judgew-w-1-mid-v5_.behaviorHint,non_party_scripted_text,src/data/scriptedText,family-01,channels[judge_witness_summon].entries[w-1|mid].variants[judgew-w-1-mid-v5].behaviorHint,재판관이 최복순 증언의 필요성을 분명히 제시한다. 갈린 진술을 정리하는 톤이다.,,,,"Scripted text channel without party a/b as speaker: system, judge, witness, dossier, mediation, aftermath, and milestone copy."
non_party_scripted_text_src_data_scriptedText_family-01_channels_judge_witness_summon_.entries_w-1_mid_.variants_judgew-w-1-mid-v5_.text,non_party_scripted_text,src/data/scriptedText,family-01,channels[judge_witness_summon].entries[w-1|mid].variants[judgew-w-1-mid-v5].text,최복순 씨의 증언으로 말년 방문과 유서 절차가 어디서 겹쳤는지 짚겠습니다.,Please step forward — the former care worker's account is needed here.,元介護士の方に証言を求めます。 必要な期間と場所だけに絞って証言いただきます。,换一个角度。传相关证人进来。先把母亲晚年那段时间的探望频率和具体场景定准。 请只讲亲眼所见的部分。请按时间顺序回答。,"Scripted text channel without party a/b as speaker: system, judge, witness, dossier, mediation, aftermath, and milestone copy."
non_party_scripted_text_src_data_scriptedText_family-01_channels_judge_witness_summon_.entries_w-1_soft_.variants_judgew-w-1-soft-v1_.behaviorHint,non_party_scripted_text,src/data/scriptedText,family-01,channels[judge_witness_summon].entries[w-1|soft].variants[judgew-w-1-soft-v1].behaviorHint,재판관이 최복순 증인을 차분히 부른다. 증언이 닿는 쟁점을 먼저 밝히는 톤이다.,,,,"Scripted text channel without party a/b as speaker: system, judge, witness, dossier, mediation, aftermath, and milestone copy."
non_party_scripted_text_src_data_scriptedText_family-01_channels_judge_witness_summon_.entries_w-1_soft_.variants_judgew-w-1-soft-v1_.text,non_party_scripted_text,src/data/scriptedText,family-01,channels[judge_witness_summon].entries[w-1|soft].variants[judgew-w-1-soft-v1].text,최복순 씨를 부르겠습니다. 말년 방문이 늘어난 시기와 종이를 읽어드린 장면을 차분히 확인하겠습니다.,The court will hear from the former care worker; please come forward gently.,元介護士の方を呼びます。 母の傍で見た介護の場面と当時の手続きの空気に関する範囲だけお伺いします。,传相关证人进来。先把母亲晚年那段时间的探望频率和具体场景定准。,"Scripted text channel without party a/b as speaker: system, judge, witness, dossier, mediation, aftermath, and milestone copy."
non_party_scripted_text_src_data_scriptedText_family-01_channels_judge_witness_summon_.entries_w-1_soft_.variants_judgew-w-1-soft-v2_.behaviorHint,non_party_scripted_text,src/data/scriptedText,family-01,channels[judge_witness_summon].entries[w-1|soft].variants[judgew-w-1-soft-v2].behaviorHint,재판관이 최복순 증인을 차분히 부른다. 증언이 닿는 쟁점을 먼저 밝히는 톤이다.,,,,"Scripted text channel without party a/b as speaker: system, judge, witness, dossier, mediation, aftermath, and milestone copy."
non_party_scripted_text_src_data_scriptedText_family-01_channels_judge_witness_summon_.entries_w-1_soft_.variants_judgew-w-1-soft-v2_.text,non_party_scripted_text,src/data/scriptedText,family-01,channels[judge_witness_summon].entries[w-1|soft].variants[judgew-w-1-soft-v2].text,최복순 씨의 기억을 듣겠습니다. 윤정후 씨가 어머니에게 문서를 읽어드린 경위를 먼저 확인하겠습니다.,I would like to invite the former care worker to share what she observed.,元介護士の方を呼びます。 当時その場で見た部分を、私たちにお話しいただきます。,换一个角度。传相关证人进来。先把母亲晚年那段时间的探望频率和具体场景定准。请按时间顺序回答。,"Scripted text channel without party a/b as speaker: system, judge, witness, dossier, mediation, aftermath, and milestone copy."
non_party_scripted_text_src_data_scriptedText_family-01_channels_judge_witness_summon_.entries_w-1_soft_.variants_judgew-w-1-soft-v3_.behaviorHint,non_party_scripted_text,src/data/scriptedText,family-01,channels[judge_witness_summon].entries[w-1|soft].variants[judgew-w-1-soft-v3].behaviorHint,재판관이 최복순 증인을 차분히 부른다. 증언이 닿는 쟁점을 먼저 밝히는 톤이다.,,,,"Scripted text channel without party a/b as speaker: system, judge, witness, dossier, mediation, aftermath, and milestone copy."
non_party_scripted_text_src_data_scriptedText_family-01_channels_judge_witness_summon_.entries_w-1_soft_.variants_judgew-w-1-soft-v3_.text,non_party_scripted_text,src/data/scriptedText,family-01,channels[judge_witness_summon].entries[w-1|soft].variants[judgew-w-1-soft-v3].text,전 요양보호사 최복순 씨를 부르겠습니다. 어머니 방에서 본 장면과 들은 말을 순서대로 묻겠습니다.,"Let us hear the former care worker's account, in her own time.",元介護士の方を呼びます。 確かに知っている範囲だけ、順に並べていただきます。,让我们再确认一次。传相关证人进来。先把母亲晚年那段时间的探望频率和具体场景定准。请把这一点定准。,"Scripted text channel without party a/b as speaker: system, judge, witness, dossier, mediation, aftermath, and milestone copy."
non_party_scripted_text_src_data_scriptedText_family-01_channels_judge_witness_summon_.entries_w-1_soft_.variants_judgew-w-1-soft-v4_.behaviorHint,non_party_scripted_text,src/data/scriptedText,family-01,channels[judge_witness_summon].entries[w-1|soft].variants[judgew-w-1-soft-v4].behaviorHint,재판관이 최복순 증인을 차분히 부른다. 증언이 닿는 쟁점을 먼저 밝히는 톤이다.,,,,"Scripted text channel without party a/b as speaker: system, judge, witness, dossier, mediation, aftermath, and milestone copy."
non_party_scripted_text_src_data_scriptedText_family-01_channels_judge_witness_summon_.entries_w-1_soft_.variants_judgew-w-1-soft-v4_.text,non_party_scripted_text,src/data/scriptedText,family-01,channels[judge_witness_summon].entries[w-1|soft].variants[judgew-w-1-soft-v4].text,최복순 씨의 증언이 필요합니다. 방문기록과 낭독 장면이 어떻게 이어졌는지 확인하겠습니다.,The bench calls on the former care worker; please speak as you are able.,元介護士の方を呼びます。 推測ではなく直接の見聞きの範囲をお願いします。,传相关证人进来。先把母亲晚年那段时间的探望频率和具体场景定准。,"Scripted text channel without party a/b as speaker: system, judge, witness, dossier, mediation, aftermath, and milestone copy."
non_party_scripted_text_src_data_scriptedText_family-01_channels_judge_witness_summon_.entries_w-1_soft_.variants_judgew-w-1-soft-v5_.behaviorHint,non_party_scripted_text,src/data/scriptedText,family-01,channels[judge_witness_summon].entries[w-1|soft].variants[judgew-w-1-soft-v5].behaviorHint,재판관이 최복순 증인을 차분히 부른다. 증언이 닿는 쟁점을 먼저 밝히는 톤이다.,,,,"Scripted text channel without party a/b as speaker: system, judge, witness, dossier, mediation, aftermath, and milestone copy."
non_party_scripted_text_src_data_scriptedText_family-01_channels_judge_witness_summon_.entries_w-1_soft_.variants_judgew-w-1-soft-v5_.text,non_party_scripted_text,src/data/scriptedText,family-01,channels[judge_witness_summon].entries[w-1|soft].variants[judgew-w-1-soft-v5].text,최복순 씨를 통해 말년 유서 작성 과정의 기초 사실을 확인하겠습니다.,"I will ask the former care worker to set out what she remembers, plainly.",元介護士の方を呼びます。 必要な期間と場所だけに絞って証言いただきます。,换一个角度。传相关证人进来。先把母亲晚年那段时间的探望频率和具体场景定准。请按时间顺序回答。,"Scripted text channel without party a/b as speaker: system, judge, witness, dossier, mediation, aftermath, and milestone copy."
non_party_scripted_text_src_data_scriptedText_family-01_channels_judge_witness_summon_.entries_w-2_hard_.variants_judgew-w-2-hard-v1_.behaviorHint,non_party_scripted_text,src/data/scriptedText,family-01,channels[judge_witness_summon].entries[w-2|hard].variants[judgew-w-2-hard-v1].behaviorHint,재판관이 김영수 증인을 즉시 소환한다. 정황 해석을 멈추고 기록을 세우는 톤이다.,,,,"Scripted text channel without party a/b as speaker: system, judge, witness, dossier, mediation, aftermath, and milestone copy."
non_party_scripted_text_src_data_scriptedText_family-01_channels_judge_witness_summon_.entries_w-2_hard_.variants_judgew-w-2-hard-v1_.text,non_party_scripted_text,src/data/scriptedText,family-01,channels[judge_witness_summon].entries[w-2|hard].variants[judgew-w-2-hard-v1].text,"김영수 씨, 들어오십시오. 같은 날 공증 기록의 순서와 문서에 손댄 사람을 바로 확인하겠습니다.",The court summons the notary memo holder — and the bench expects the full procedural account.,この場に公証人の方を立たせます。 公証当日の手続きと書類のやり取りに関する範囲だけお伺いします。,传相关证人进来。先把母亲晚年那段时间的探望频率和具体场景定准。 请只讲亲眼所见的部分。,"Scripted text channel without party a/b as speaker: system, judge, witness, dossier, mediation, aftermath, and milestone copy."
non_party_scripted_text_src_data_scriptedText_family-01_channels_judge_witness_summon_.entries_w-2_hard_.variants_judgew-w-2-hard-v2_.behaviorHint,non_party_scripted_text,src/data/scriptedText,family-01,channels[judge_witness_summon].entries[w-2|hard].variants[judgew-w-2-hard-v2].behaviorHint,재판관이 김영수 증인을 즉시 소환한다. 정황 해석을 멈추고 기록을 세우는 톤이다.,,,,"Scripted text channel without party a/b as speaker: system, judge, witness, dossier, mediation, aftermath, and milestone copy."
non_party_scripted_text_src_data_scriptedText_family-01_channels_judge_witness_summon_.entries_w-2_hard_.variants_judgew-w-2-hard-v2_.text,non_party_scripted_text,src/data/scriptedText,family-01,channels[judge_witness_summon].entries[w-2|hard].variants[judgew-w-2-hard-v2].text,김영수 씨의 기록 증언이 필요합니다. 유서가 어떻게 바뀌었고 누가 다시 냈는지 명확히 묻겠습니다.,"I will hear from the notary memo holder now, and I will not accept evasions.",この場に公証人の方を立たせます。 当時その場で見た部分を、私たちにお話しいただきます。,换一个角度。传相关证人进来。先把母亲晚年那段时间的探望频率和具体场景定准。 请只讲亲眼所见的部分。请按时间顺序回答。,"Scripted text channel without party a/b as speaker: system, judge, witness, dossier, mediation, aftermath, and milestone copy."
non_party_scripted_text_src_data_scriptedText_family-01_channels_judge_witness_summon_.entries_w-2_hard_.variants_judgew-w-2-hard-v3_.behaviorHint,non_party_scripted_text,src/data/scriptedText,family-01,channels[judge_witness_summon].entries[w-2|hard].variants[judgew-w-2-hard-v3].behaviorHint,재판관이 김영수 증인을 즉시 소환한다. 정황 해석을 멈추고 기록을 세우는 톤이다.,,,,"Scripted text channel without party a/b as speaker: system, judge, witness, dossier, mediation, aftermath, and milestone copy."
non_party_scripted_text_src_data_scriptedText_family-01_channels_judge_witness_summon_.entries_w-2_hard_.variants_judgew-w-2-hard-v3_.text,non_party_scripted_text,src/data/scriptedText,family-01,channels[judge_witness_summon].entries[w-2|hard].variants[judgew-w-2-hard-v3].text,"김영수 씨, 공증인 메모 기록의 순서를 차분히 말씀해 주셔야 합니다.",The bench requires the notary memo holder to give a complete account.,この場に公証人の方を立たせます。 確かに知っている範囲だけ、順に並べていただきます。,让我们再确认一次。传相关证人进来。先把母亲晚年那段时间的探望频率和具体场景定准。 请只讲亲眼所见的部分。请把这一点定准。,"Scripted text channel without party a/b as speaker: system, judge, witness, dossier, mediation, aftermath, and milestone copy."
non_party_scripted_text_src_data_scriptedText_family-01_channels_judge_witness_summon_.entries_w-2_hard_.variants_judgew-w-2-hard-v4_.behaviorHint,non_party_scripted_text,src/data/scriptedText,family-01,channels[judge_witness_summon].entries[w-2|hard].variants[judgew-w-2-hard-v4].behaviorHint,재판관이 김영수 증인을 즉시 소환한다. 정황 해석을 멈추고 기록을 세우는 톤이다.,,,,"Scripted text channel without party a/b as speaker: system, judge, witness, dossier, mediation, aftermath, and milestone copy."
non_party_scripted_text_src_data_scriptedText_family-01_channels_judge_witness_summon_.entries_w-2_hard_.variants_judgew-w-2-hard-v4_.text,non_party_scripted_text,src/data/scriptedText,family-01,channels[judge_witness_summon].entries[w-2|hard].variants[judgew-w-2-hard-v4].text,김영수 씨를 부르겠습니다. 이 증언은 유서 조작의 주체를 가르는 핵심입니다.,Step forward — the notary memo holder will speak to the procedure plainly.,この場に公証人の方を立たせます。 推測ではなく直接の見聞きの範囲をお願いします。,传相关证人进来。先把母亲晚年那段时间的探望频率和具体场景定准。 请只讲亲眼所见的部分。,"Scripted text channel without party a/b as speaker: system, judge, witness, dossier, mediation, aftermath, and milestone copy."
non_party_scripted_text_src_data_scriptedText_family-01_channels_judge_witness_summon_.entries_w-2_hard_.variants_judgew-w-2-hard-v5_.behaviorHint,non_party_scripted_text,src/data/scriptedText,family-01,channels[judge_witness_summon].entries[w-2|hard].variants[judgew-w-2-hard-v5].behaviorHint,재판관이 김영수 증인을 즉시 소환한다. 정황 해석을 멈추고 기록을 세우는 톤이다.,,,,"Scripted text channel without party a/b as speaker: system, judge, witness, dossier, mediation, aftermath, and milestone copy."
non_party_scripted_text_src_data_scriptedText_family-01_channels_judge_witness_summon_.entries_w-2_hard_.variants_judgew-w-2-hard-v5_.text,non_party_scripted_text,src/data/scriptedText,family-01,channels[judge_witness_summon].entries[w-2|hard].variants[judgew-w-2-hard-v5].text,"김영수 씨, 두 문서가 왜 같은 날 남았는지 지금 확인하겠습니다.","The notary memo holder is summoned, and the court will press for clarity.",この場に公証人の方を立たせます。 必要な期間と場所だけに絞って証言いただきます。,换一个角度。传相关证人进来。先把母亲晚年那段时间的探望频率和具体场景定准。 请只讲亲眼所见的部分。请按时间顺序回答。,"Scripted text channel without party a/b as speaker: system, judge, witness, dossier, mediation, aftermath, and milestone copy."
non_party_scripted_text_src_data_scriptedText_family-01_channels_judge_witness_summon_.entries_w-2_mid_.variants_judgew-w-2-mid-v1_.behaviorHint,non_party_scripted_text,src/data/scriptedText,family-01,channels[judge_witness_summon].entries[w-2|mid].variants[judgew-w-2-mid-v1].behaviorHint,재판관이 김영수 증언의 필요성을 분명히 제시한다. 갈린 진술을 정리하는 톤이다.,,,,"Scripted text channel without party a/b as speaker: system, judge, witness, dossier, mediation, aftermath, and milestone copy."
non_party_scripted_text_src_data_scriptedText_family-01_channels_judge_witness_summon_.entries_w-2_mid_.variants_judgew-w-2-mid-v1_.text,non_party_scripted_text,src/data/scriptedText,family-01,channels[judge_witness_summon].entries[w-2|mid].variants[judgew-w-2-mid-v1].text,김영수 씨의 증언을 듣겠습니다. 같은 날 공증 기록이 남은 이유와 문서에 손댄 사람을 명확히 확인하겠습니다.,The court summons the notary memo holder; please address the bench.,公証人の方に証言を求めます。 公証当日の手続きと書類のやり取りに関する範囲だけお伺いします。,传相关证人进来。先把母亲晚年那段时间的探望频率和具体场景定准。 请只讲亲眼所见的部分。,"Scripted text channel without party a/b as speaker: system, judge, witness, dossier, mediation, aftermath, and milestone copy."
non_party_scripted_text_src_data_scriptedText_family-01_channels_judge_witness_summon_.entries_w-2_mid_.variants_judgew-w-2-mid-v2_.behaviorHint,non_party_scripted_text,src/data/scriptedText,family-01,channels[judge_witness_summon].entries[w-2|mid].variants[judgew-w-2-mid-v2].behaviorHint,재판관이 김영수 증언의 필요성을 분명히 제시한다. 갈린 진술을 정리하는 톤이다.,,,,"Scripted text channel without party a/b as speaker: system, judge, witness, dossier, mediation, aftermath, and milestone copy."
non_party_scripted_text_src_data_scriptedText_family-01_channels_judge_witness_summon_.entries_w-2_mid_.variants_judgew-w-2-mid-v2_.text,non_party_scripted_text,src/data/scriptedText,family-01,channels[judge_witness_summon].entries[w-2|mid].variants[judgew-w-2-mid-v2].text,공증인 메모 기록이 쟁점입니다. 김영수 씨를 불러 공증 당일 절차와 어머니 상태를 따져 보겠습니다.,We need the notary memo holder's account on the record now.,公証人の方に証言を求めます。 当時その場で見た部分を、私たちにお話しいただきます。,换一个角度。传相关证人进来。先把母亲晚年那段时间的探望频率和具体场景定准。 请只讲亲眼所见的部分。请按时间顺序回答。,"Scripted text channel without party a/b as speaker: system, judge, witness, dossier, mediation, aftermath, and milestone copy."
non_party_scripted_text_src_data_scriptedText_family-01_channels_judge_witness_summon_.entries_w-2_mid_.variants_judgew-w-2-mid-v3_.behaviorHint,non_party_scripted_text,src/data/scriptedText,family-01,channels[judge_witness_summon].entries[w-2|mid].variants[judgew-w-2-mid-v3].behaviorHint,재판관이 김영수 증언의 필요성을 분명히 제시한다. 갈린 진술을 정리하는 톤이다.,,,,"Scripted text channel without party a/b as speaker: system, judge, witness, dossier, mediation, aftermath, and milestone copy."
non_party_scripted_text_src_data_scriptedText_family-01_channels_judge_witness_summon_.entries_w-2_mid_.variants_judgew-w-2-mid-v3_.text,non_party_scripted_text,src/data/scriptedText,family-01,channels[judge_witness_summon].entries[w-2|mid].variants[judgew-w-2-mid-v3].text,김영수 씨를 부르겠습니다. 자필 연습본과 공증본 사이에 누가 어떤 서류를 다시 냈는지 확인하겠습니다.,I am calling on the notary memo holder to walk us through the procedure.,公証人の方に証言を求めます。 確かに知っている範囲だけ、順に並べていただきます。,让我们再确认一次。传相关证人进来。先把母亲晚年那段时间的探望频率和具体场景定准。 请只讲亲眼所见的部分。请把这一点定准。,"Scripted text channel without party a/b as speaker: system, judge, witness, dossier, mediation, aftermath, and milestone copy."
non_party_scripted_text_src_data_scriptedText_family-01_channels_judge_witness_summon_.entries_w-2_mid_.variants_judgew-w-2-mid-v4_.behaviorHint,non_party_scripted_text,src/data/scriptedText,family-01,channels[judge_witness_summon].entries[w-2|mid].variants[judgew-w-2-mid-v4].behaviorHint,재판관이 김영수 증언의 필요성을 분명히 제시한다. 갈린 진술을 정리하는 톤이다.,,,,"Scripted text channel without party a/b as speaker: system, judge, witness, dossier, mediation, aftermath, and milestone copy."
non_party_scripted_text_src_data_scriptedText_family-01_channels_judge_witness_summon_.entries_w-2_mid_.variants_judgew-w-2-mid-v4_.text,non_party_scripted_text,src/data/scriptedText,family-01,channels[judge_witness_summon].entries[w-2|mid].variants[judgew-w-2-mid-v4].text,공증 기록만큼 정확한 자료가 필요합니다. 김영수 씨의 업무상 기억을 듣겠습니다.,The bench requires the notary memo holder's account of the procedure.,公証人の方に証言を求めます。 推測ではなく直接の見聞きの範囲をお願いします。,传相关证人进来。先把母亲晚年那段时间的探望频率和具体场景定准。 请只讲亲眼所见的部分。,"Scripted text channel without party a/b as speaker: system, judge, witness, dossier, mediation, aftermath, and milestone copy."
non_party_scripted_text_src_data_scriptedText_family-01_channels_judge_witness_summon_.entries_w-2_mid_.variants_judgew-w-2-mid-v5_.behaviorHint,non_party_scripted_text,src/data/scriptedText,family-01,channels[judge_witness_summon].entries[w-2|mid].variants[judgew-w-2-mid-v5].behaviorHint,재판관이 김영수 증언의 필요성을 분명히 제시한다. 갈린 진술을 정리하는 톤이다.,,,,"Scripted text channel without party a/b as speaker: system, judge, witness, dossier, mediation, aftermath, and milestone copy."
non_party_scripted_text_src_data_scriptedText_family-01_channels_judge_witness_summon_.entries_w-2_mid_.variants_judgew-w-2-mid-v5_.text,non_party_scripted_text,src/data/scriptedText,family-01,channels[judge_witness_summon].entries[w-2|mid].variants[judgew-w-2-mid-v5].text,김영수 씨의 증언으로 유서 변경이 추측인지 기록인지 가르겠습니다.,Please step forward — the notary memo holder's record of the procedure is needed.,公証人の方に証言を求めます。 必要な期間と場所だけに絞って証言いただきます。,换一个角度。传相关证人进来。先把母亲晚年那段时间的探望频率和具体场景定准。 请只讲亲眼所见的部分。请按时间顺序回答。,"Scripted text channel without party a/b as speaker: system, judge, witness, dossier, mediation, aftermath, and milestone copy."
non_party_scripted_text_src_data_scriptedText_family-01_channels_judge_witness_summon_.entries_w-2_soft_.variants_judgew-w-2-soft-v1_.behaviorHint,non_party_scripted_text,src/data/scriptedText,family-01,channels[judge_witness_summon].entries[w-2|soft].variants[judgew-w-2-soft-v1].behaviorHint,재판관이 김영수 증인을 차분히 부른다. 증언이 닿는 쟁점을 먼저 밝히는 톤이다.,,,,"Scripted text channel without party a/b as speaker: system, judge, witness, dossier, mediation, aftermath, and milestone copy."
non_party_scripted_text_src_data_scriptedText_family-01_channels_judge_witness_summon_.entries_w-2_soft_.variants_judgew-w-2-soft-v1_.text,non_party_scripted_text,src/data/scriptedText,family-01,channels[judge_witness_summon].entries[w-2|soft].variants[judgew-w-2-soft-v1].text,김영수 씨를 부르겠습니다. 같은 날 공증인 메모의 순서와 절차 기록을 차분히 확인하겠습니다.,The court will hear from the notary memo holder; please come forward.,公証人の方を呼びます。 公証当日の手続きと書類のやり取りに関する範囲だけお伺いします。,传相关证人进来。先把母亲晚年那段时间的探望频率和具体场景定准。,"Scripted text channel without party a/b as speaker: system, judge, witness, dossier, mediation, aftermath, and milestone copy."
non_party_scripted_text_src_data_scriptedText_family-01_channels_judge_witness_summon_.entries_w-2_soft_.variants_judgew-w-2-soft-v2_.behaviorHint,non_party_scripted_text,src/data/scriptedText,family-01,channels[judge_witness_summon].entries[w-2|soft].variants[judgew-w-2-soft-v2].behaviorHint,재판관이 김영수 증인을 차분히 부른다. 증언이 닿는 쟁점을 먼저 밝히는 톤이다.,,,,"Scripted text channel without party a/b as speaker: system, judge, witness, dossier, mediation, aftermath, and milestone copy."
non_party_scripted_text_src_data_scriptedText_family-01_channels_judge_witness_summon_.entries_w-2_soft_.variants_judgew-w-2-soft-v2_.text,non_party_scripted_text,src/data/scriptedText,family-01,channels[judge_witness_summon].entries[w-2|soft].variants[judgew-w-2-soft-v2].text,공증인 메모 담당 김영수 씨의 기록을 듣겠습니다. 공증 당일 어머니 상태와 절차 진행을 확인하겠습니다.,I would like to invite the notary memo holder to share what he recalls of the procedure.,公証人の方を呼びます。 当時その場で見た部分を、私たちにお話しいただきます。,换一个角度。传相关证人进来。先把母亲晚年那段时间的探望频率和具体场景定准。请按时间顺序回答。,"Scripted text channel without party a/b as speaker: system, judge, witness, dossier, mediation, aftermath, and milestone copy."
non_party_scripted_text_src_data_scriptedText_family-01_channels_judge_witness_summon_.entries_w-2_soft_.variants_judgew-w-2-soft-v3_.behaviorHint,non_party_scripted_text,src/data/scriptedText,family-01,channels[judge_witness_summon].entries[w-2|soft].variants[judgew-w-2-soft-v3].behaviorHint,재판관이 김영수 증인을 차분히 부른다. 증언이 닿는 쟁점을 먼저 밝히는 톤이다.,,,,"Scripted text channel without party a/b as speaker: system, judge, witness, dossier, mediation, aftermath, and milestone copy."
non_party_scripted_text_src_data_scriptedText_family-01_channels_judge_witness_summon_.entries_w-2_soft_.variants_judgew-w-2-soft-v3_.text,non_party_scripted_text,src/data/scriptedText,family-01,channels[judge_witness_summon].entries[w-2|soft].variants[judgew-w-2-soft-v3].text,김영수 씨를 통해 공증 과정의 공증인 메모와 문서에 손댄 사람을 확인하겠습니다.,"Let us hear the notary memo holder's account, calmly.",公証人の方を呼びます。 確かに知っている範囲だけ、順に並べていただきます。,让我们再确认一次。传相关证人进来。先把母亲晚年那段时间的探望频率和具体场景定准。请把这一点定准。,"Scripted text channel without party a/b as speaker: system, judge, witness, dossier, mediation, aftermath, and milestone copy."
non_party_scripted_text_src_data_scriptedText_family-01_channels_judge_witness_summon_.entries_w-2_soft_.variants_judgew-w-2-soft-v4_.behaviorHint,non_party_scripted_text,src/data/scriptedText,family-01,channels[judge_witness_summon].entries[w-2|soft].variants[judgew-w-2-soft-v4].behaviorHint,재판관이 김영수 증인을 차분히 부른다. 증언이 닿는 쟁점을 먼저 밝히는 톤이다.,,,,"Scripted text channel without party a/b as speaker: system, judge, witness, dossier, mediation, aftermath, and milestone copy."
non_party_scripted_text_src_data_scriptedText_family-01_channels_judge_witness_summon_.entries_w-2_soft_.variants_judgew-w-2-soft-v4_.text,non_party_scripted_text,src/data/scriptedText,family-01,channels[judge_witness_summon].entries[w-2|soft].variants[judgew-w-2-soft-v4].text,김영수 씨의 업무 기록이 필요합니다. 두 문서가 남은 경위를 먼저 묻겠습니다.,The bench calls on the notary memo holder; please speak as you are able.,公証人の方を呼びます。 推測ではなく直接の見聞きの範囲をお願いします。,传相关证人进来。先把母亲晚年那段时间的探望频率和具体场景定准。,"Scripted text channel without party a/b as speaker: system, judge, witness, dossier, mediation, aftermath, and milestone copy."
non_party_scripted_text_src_data_scriptedText_family-01_channels_judge_witness_summon_.entries_w-2_soft_.variants_judgew-w-2-soft-v5_.behaviorHint,non_party_scripted_text,src/data/scriptedText,family-01,channels[judge_witness_summon].entries[w-2|soft].variants[judgew-w-2-soft-v5].behaviorHint,재판관이 김영수 증인을 차분히 부른다. 증언이 닿는 쟁점을 먼저 밝히는 톤이다.,,,,"Scripted text channel without party a/b as speaker: system, judge, witness, dossier, mediation, aftermath, and milestone copy."
non_party_scripted_text_src_data_scriptedText_family-01_channels_judge_witness_summon_.entries_w-2_soft_.variants_judgew-w-2-soft-v5_.text,non_party_scripted_text,src/data/scriptedText,family-01,channels[judge_witness_summon].entries[w-2|soft].variants[judgew-w-2-soft-v5].text,김영수 씨를 부르겠습니다. 공증 기록이 유서 변경의 순서를 어떻게 보여 주는지 확인하겠습니다.,I will ask the notary memo holder to set out the procedure as he remembers it.,公証人の方を呼びます。 必要な期間と場所だけに絞って証言いただきます。,换一个角度。传相关证人进来。先把母亲晚年那段时间的探望频率和具体场景定准。请按时间顺序回答。,"Scripted text channel without party a/b as speaker: system, judge, witness, dossier, mediation, aftermath, and milestone copy."
non_party_scripted_text_src_data_scriptedText_family-01_channels_judge_witness_summon_.entries_w-3_hard_.variants_judgew-w-3-hard-v1_.behaviorHint,non_party_scripted_text,src/data/scriptedText,family-01,channels[judge_witness_summon].entries[w-3|hard].variants[judgew-w-3-hard-v1].behaviorHint,재판관이 박순애 증인을 즉시 소환한다. 정황 해석을 멈추고 기록을 세우는 톤이다.,,,,"Scripted text channel without party a/b as speaker: system, judge, witness, dossier, mediation, aftermath, and milestone copy."
non_party_scripted_text_src_data_scriptedText_family-01_channels_judge_witness_summon_.entries_w-3_hard_.variants_judgew-w-3-hard-v1_.text,non_party_scripted_text,src/data/scriptedText,family-01,channels[judge_witness_summon].entries[w-3|hard].variants[judgew-w-3-hard-v1].text,"박순애 씨, 들어오십시오. 어머니가 말한 송금과 사업 자금의 출처를 바로 확인하겠습니다.",The court summons the retired worker — and the bench expects a clear account where it touches the case.,この場に家族をご存じの方を立たせます。 家の事情と古くからの資金の流れに関する範囲だけお伺いします。,传相关证人进来。先把母亲晚年那段时间的探望频率和具体场景定准。 请只讲亲眼所见的部分。,"Scripted text channel without party a/b as speaker: system, judge, witness, dossier, mediation, aftermath, and milestone copy."
non_party_scripted_text_src_data_scriptedText_family-01_channels_judge_witness_summon_.entries_w-3_hard_.variants_judgew-w-3-hard-v2_.behaviorHint,non_party_scripted_text,src/data/scriptedText,family-01,channels[judge_witness_summon].entries[w-3|hard].variants[judgew-w-3-hard-v2].behaviorHint,재판관이 박순애 증인을 즉시 소환한다. 정황 해석을 멈추고 기록을 세우는 톤이다.,,,,"Scripted text channel without party a/b as speaker: system, judge, witness, dossier, mediation, aftermath, and milestone copy."
non_party_scripted_text_src_data_scriptedText_family-01_channels_judge_witness_summon_.entries_w-3_hard_.variants_judgew-w-3-hard-v2_.text,non_party_scripted_text,src/data/scriptedText,family-01,channels[judge_witness_summon].entries[w-3|hard].variants[judgew-w-3-hard-v2].text,박순애 씨의 증언을 듣겠습니다. 윤정후 씨 지원이 어머니 뜻에 어떤 영향을 줬는지 명확히 묻겠습니다.,"I will hear from the retired worker now, and I will press only as far as the case requires.",この場に家族をご存じの方を立たせます。 当時その場で見た部分を、私たちにお話しいただきます。,换一个角度。传相关证人进来。先把母亲晚年那段时间的探望频率和具体场景定准。 请只讲亲眼所见的部分。请按时间顺序回答。,"Scripted text channel without party a/b as speaker: system, judge, witness, dossier, mediation, aftermath, and milestone copy."
non_party_scripted_text_src_data_scriptedText_family-01_channels_judge_witness_summon_.entries_w-3_hard_.variants_judgew-w-3-hard-v3_.behaviorHint,non_party_scripted_text,src/data/scriptedText,family-01,channels[judge_witness_summon].entries[w-3|hard].variants[judgew-w-3-hard-v3].behaviorHint,재판관이 박순애 증인을 즉시 소환한다. 정황 해석을 멈추고 기록을 세우는 톤이다.,,,,"Scripted text channel without party a/b as speaker: system, judge, witness, dossier, mediation, aftermath, and milestone copy."
non_party_scripted_text_src_data_scriptedText_family-01_channels_judge_witness_summon_.entries_w-3_hard_.variants_judgew-w-3-hard-v3_.text,non_party_scripted_text,src/data/scriptedText,family-01,channels[judge_witness_summon].entries[w-3|hard].variants[judgew-w-3-hard-v3].text,"박순애 씨, 어머니에게서 들은 돈 이야기와 두 아들에 관한 말을 차분히 말씀해 주셔야 합니다.","The bench requires the retired worker's account, kept within case-relevant matters.",この場に家族をご存じの方を立たせます。 確かに知っている範囲だけ、順に並べていただきます。,让我们再确认一次。传相关证人进来。先把母亲晚年那段时间的探望频率和具体场景定准。 请只讲亲眼所见的部分。请把这一点定准。,"Scripted text channel without party a/b as speaker: system, judge, witness, dossier, mediation, aftermath, and milestone copy."
non_party_scripted_text_src_data_scriptedText_family-01_channels_judge_witness_summon_.entries_w-3_hard_.variants_judgew-w-3-hard-v4_.behaviorHint,non_party_scripted_text,src/data/scriptedText,family-01,channels[judge_witness_summon].entries[w-3|hard].variants[judgew-w-3-hard-v4].behaviorHint,재판관이 박순애 증인을 즉시 소환한다. 정황 해석을 멈추고 기록을 세우는 톤이다.,,,,"Scripted text channel without party a/b as speaker: system, judge, witness, dossier, mediation, aftermath, and milestone copy."
non_party_scripted_text_src_data_scriptedText_family-01_channels_judge_witness_summon_.entries_w-3_hard_.variants_judgew-w-3-hard-v4_.text,non_party_scripted_text,src/data/scriptedText,family-01,channels[judge_witness_summon].entries[w-3|hard].variants[judgew-w-3-hard-v4].text,박순애 씨를 부르겠습니다. 이 증언은 어머니 뜻과 숨겨진 지원을 가르는 핵심입니다.,Step forward — the retired worker will speak to the bench plainly within scope.,この場に家族をご存じの方を立たせます。 推測ではなく直接の見聞きの範囲をお願いします。,传相关证人进来。先把母亲晚年那段时间的探望频率和具体场景定准。 请只讲亲眼所见的部分。,"Scripted text channel without party a/b as speaker: system, judge, witness, dossier, mediation, aftermath, and milestone copy."
non_party_scripted_text_src_data_scriptedText_family-01_channels_judge_witness_summon_.entries_w-3_hard_.variants_judgew-w-3-hard-v5_.behaviorHint,non_party_scripted_text,src/data/scriptedText,family-01,channels[judge_witness_summon].entries[w-3|hard].variants[judgew-w-3-hard-v5].behaviorHint,재판관이 박순애 증인을 즉시 소환한다. 정황 해석을 멈추고 기록을 세우는 톤이다.,,,,"Scripted text channel without party a/b as speaker: system, judge, witness, dossier, mediation, aftermath, and milestone copy."
non_party_scripted_text_src_data_scriptedText_family-01_channels_judge_witness_summon_.entries_w-3_hard_.variants_judgew-w-3-hard-v5_.text,non_party_scripted_text,src/data/scriptedText,family-01,channels[judge_witness_summon].entries[w-3|hard].variants[judgew-w-3-hard-v5].text,"박순애 씨, 송금과 어머니의 속마음에 관한 증언을 지금 확인하겠습니다.","The retired worker is summoned, and the court will hold her to a clean account on what is in scope.",この場に家族をご存じの方を立たせます。 必要な期間と場所だけに絞って証言いただきます。,换一个角度。传相关证人进来。先把母亲晚年那段时间的探望频率和具体场景定准。 请只讲亲眼所见的部分。请按时间顺序回答。,"Scripted text channel without party a/b as speaker: system, judge, witness, dossier, mediation, aftermath, and milestone copy."
non_party_scripted_text_src_data_scriptedText_family-01_channels_judge_witness_summon_.entries_w-3_mid_.variants_judgew-w-3-mid-v1_.behaviorHint,non_party_scripted_text,src/data/scriptedText,family-01,channels[judge_witness_summon].entries[w-3|mid].variants[judgew-w-3-mid-v1].behaviorHint,재판관이 박순애 증언의 필요성을 분명히 제시한다. 갈린 진술을 정리하는 톤이다.,,,,"Scripted text channel without party a/b as speaker: system, judge, witness, dossier, mediation, aftermath, and milestone copy."
non_party_scripted_text_src_data_scriptedText_family-01_channels_judge_witness_summon_.entries_w-3_mid_.variants_judgew-w-3-mid-v1_.text,non_party_scripted_text,src/data/scriptedText,family-01,channels[judge_witness_summon].entries[w-3|mid].variants[judgew-w-3-mid-v1].text,박순애 씨의 증언이 필요합니다. 어머니가 윤정후 씨의 지원과 윤태성 씨 공장 문제를 어떻게 말했는지 확인하겠습니다.,The court summons the retired worker; please address the bench.,家族をご存じの方に証言を求めます。 家の事情と古くからの資金の流れに関する範囲だけお伺いします。,传相关证人进来。先把母亲晚年那段时间的探望频率和具体场景定准。 请只讲亲眼所见的部分。,"Scripted text channel without party a/b as speaker: system, judge, witness, dossier, mediation, aftermath, and milestone copy."
non_party_scripted_text_src_data_scriptedText_family-01_channels_judge_witness_summon_.entries_w-3_mid_.variants_judgew-w-3-mid-v2_.behaviorHint,non_party_scripted_text,src/data/scriptedText,family-01,channels[judge_witness_summon].entries[w-3|mid].variants[judgew-w-3-mid-v2].behaviorHint,재판관이 박순애 증언의 필요성을 분명히 제시한다. 갈린 진술을 정리하는 톤이다.,,,,"Scripted text channel without party a/b as speaker: system, judge, witness, dossier, mediation, aftermath, and milestone copy."
non_party_scripted_text_src_data_scriptedText_family-01_channels_judge_witness_summon_.entries_w-3_mid_.variants_judgew-w-3-mid-v2_.text,non_party_scripted_text,src/data/scriptedText,family-01,channels[judge_witness_summon].entries[w-3|mid].variants[judgew-w-3-mid-v2].text,계좌 흐름만으로는 어머니의 마음을 다 알 수 없습니다. 박순애 씨를 불러 들은 말을 확인하겠습니다.,"We need the retired worker's account on the record now, within the limits she is comfortable with.",家族をご存じの方に証言を求めます。 当時その場で見た部分を、私たちにお話しいただきます。,换一个角度。传相关证人进来。先把母亲晚年那段时间的探望频率和具体场景定准。 请只讲亲眼所见的部分。请按时间顺序回答。,"Scripted text channel without party a/b as speaker: system, judge, witness, dossier, mediation, aftermath, and milestone copy."
non_party_scripted_text_src_data_scriptedText_family-01_channels_judge_witness_summon_.entries_w-3_mid_.variants_judgew-w-3-mid-v3_.behaviorHint,non_party_scripted_text,src/data/scriptedText,family-01,channels[judge_witness_summon].entries[w-3|mid].variants[judgew-w-3-mid-v3].behaviorHint,재판관이 박순애 증언의 필요성을 분명히 제시한다. 갈린 진술을 정리하는 톤이다.,,,,"Scripted text channel without party a/b as speaker: system, judge, witness, dossier, mediation, aftermath, and milestone copy."
non_party_scripted_text_src_data_scriptedText_family-01_channels_judge_witness_summon_.entries_w-3_mid_.variants_judgew-w-3-mid-v3_.text,non_party_scripted_text,src/data/scriptedText,family-01,channels[judge_witness_summon].entries[w-3|mid].variants[judgew-w-3-mid-v3].text,"박순애 씨를 부르겠습니다. 어머니가 돈의 출처를 알고 있었는지, 윤태성 씨에게 어떻게 말했는지 묻겠습니다.",I am calling on the retired worker to give the court a measured picture.,家族をご存じの方に証言を求めます。 確かに知っている範囲だけ、順に並べていただきます。,让我们再确认一次。传相关证人进来。先把母亲晚年那段时间的探望频率和具体场景定准。 请只讲亲眼所见的部分。请把这一点定准。,"Scripted text channel without party a/b as speaker: system, judge, witness, dossier, mediation, aftermath, and milestone copy."
non_party_scripted_text_src_data_scriptedText_family-01_channels_judge_witness_summon_.entries_w-3_mid_.variants_judgew-w-3-mid-v4_.behaviorHint,non_party_scripted_text,src/data/scriptedText,family-01,channels[judge_witness_summon].entries[w-3|mid].variants[judgew-w-3-mid-v4].behaviorHint,재판관이 박순애 증언의 필요성을 분명히 제시한다. 갈린 진술을 정리하는 톤이다.,,,,"Scripted text channel without party a/b as speaker: system, judge, witness, dossier, mediation, aftermath, and milestone copy."
non_party_scripted_text_src_data_scriptedText_family-01_channels_judge_witness_summon_.entries_w-3_mid_.variants_judgew-w-3-mid-v4_.text,non_party_scripted_text,src/data/scriptedText,family-01,channels[judge_witness_summon].entries[w-3|mid].variants[judgew-w-3-mid-v4].text,박순애 씨의 기억으로 어머니 뜻과 오래된 자금 흐름의 연결을 따져 보겠습니다.,The bench requires the retired worker to speak to what she observed.,家族をご存じの方に証言を求めます。 推測ではなく直接の見聞きの範囲をお願いします。,传相关证人进来。先把母亲晚年那段时间的探望频率和具体场景定准。 请只讲亲眼所见的部分。,"Scripted text channel without party a/b as speaker: system, judge, witness, dossier, mediation, aftermath, and milestone copy."
non_party_scripted_text_src_data_scriptedText_family-01_channels_judge_witness_summon_.entries_w-3_mid_.variants_judgew-w-3-mid-v5_.behaviorHint,non_party_scripted_text,src/data/scriptedText,family-01,channels[judge_witness_summon].entries[w-3|mid].variants[judgew-w-3-mid-v5].behaviorHint,재판관이 박순애 증언의 필요성을 분명히 제시한다. 갈린 진술을 정리하는 톤이다.,,,,"Scripted text channel without party a/b as speaker: system, judge, witness, dossier, mediation, aftermath, and milestone copy."
non_party_scripted_text_src_data_scriptedText_family-01_channels_judge_witness_summon_.entries_w-3_mid_.variants_judgew-w-3-mid-v5_.text,non_party_scripted_text,src/data/scriptedText,family-01,channels[judge_witness_summon].entries[w-3|mid].variants[judgew-w-3-mid-v5].text,박순애 씨 증언은 돈의 출처와 어머니의 속마음을 함께 확인할 열쇠입니다.,Please step forward — the retired worker's recollection is needed here.,家族をご存じの方に証言を求めます。 必要な期間と場所だけに絞って証言いただきます。,换一个角度。传相关证人进来。先把母亲晚年那段时间的探望频率和具体场景定准。 请只讲亲眼所见的部分。请按时间顺序回答。,"Scripted text channel without party a/b as speaker: system, judge, witness, dossier, mediation, aftermath, and milestone copy."
non_party_scripted_text_src_data_scriptedText_family-01_channels_judge_witness_summon_.entries_w-3_soft_.variants_judgew-w-3-soft-v1_.behaviorHint,non_party_scripted_text,src/data/scriptedText,family-01,channels[judge_witness_summon].entries[w-3|soft].variants[judgew-w-3-soft-v1].behaviorHint,재판관이 박순애 증인을 차분히 부른다. 증언이 닿는 쟁점을 먼저 밝히는 톤이다.,,,,"Scripted text channel without party a/b as speaker: system, judge, witness, dossier, mediation, aftermath, and milestone copy."
non_party_scripted_text_src_data_scriptedText_family-01_channels_judge_witness_summon_.entries_w-3_soft_.variants_judgew-w-3-soft-v1_.text,non_party_scripted_text,src/data/scriptedText,family-01,channels[judge_witness_summon].entries[w-3|soft].variants[judgew-w-3-soft-v1].text,박순애 씨를 부르겠습니다. 어머니가 말한 송금과 윤태성 씨 사업 자금 이야기를 차분히 확인하겠습니다.,The court will hear from the retired worker; please come forward gently.,家族をご存じの方を呼びます。 家の事情と古くからの資金の流れに関する範囲だけお伺いします。,传相关证人进来。先把母亲晚年那段时间的探望频率和具体场景定准。,"Scripted text channel without party a/b as speaker: system, judge, witness, dossier, mediation, aftermath, and milestone copy."
non_party_scripted_text_src_data_scriptedText_family-01_channels_judge_witness_summon_.entries_w-3_soft_.variants_judgew-w-3-soft-v2_.behaviorHint,non_party_scripted_text,src/data/scriptedText,family-01,channels[judge_witness_summon].entries[w-3|soft].variants[judgew-w-3-soft-v2].behaviorHint,재판관이 박순애 증인을 차분히 부른다. 증언이 닿는 쟁점을 먼저 밝히는 톤이다.,,,,"Scripted text channel without party a/b as speaker: system, judge, witness, dossier, mediation, aftermath, and milestone copy."
non_party_scripted_text_src_data_scriptedText_family-01_channels_judge_witness_summon_.entries_w-3_soft_.variants_judgew-w-3-soft-v2_.text,non_party_scripted_text,src/data/scriptedText,family-01,channels[judge_witness_summon].entries[w-3|soft].variants[judgew-w-3-soft-v2].text,박순애 씨의 기억을 듣겠습니다. 어머니가 두 아들에 관해 어떤 속마음을 말했는지 확인하겠습니다.,I would like to invite the retired worker to share what she remembers of the family.,家族をご存じの方を呼びます。 当時その場で見た部分を、私たちにお話しいただきます。,换一个角度。传相关证人进来。先把母亲晚年那段时间的探望频率和具体场景定准。请按时间顺序回答。,"Scripted text channel without party a/b as speaker: system, judge, witness, dossier, mediation, aftermath, and milestone copy."
non_party_scripted_text_src_data_scriptedText_family-01_channels_judge_witness_summon_.entries_w-3_soft_.variants_judgew-w-3-soft-v3_.behaviorHint,non_party_scripted_text,src/data/scriptedText,family-01,channels[judge_witness_summon].entries[w-3|soft].variants[judgew-w-3-soft-v3].behaviorHint,재판관이 박순애 증인을 차분히 부른다. 증언이 닿는 쟁점을 먼저 밝히는 톤이다.,,,,"Scripted text channel without party a/b as speaker: system, judge, witness, dossier, mediation, aftermath, and milestone copy."
non_party_scripted_text_src_data_scriptedText_family-01_channels_judge_witness_summon_.entries_w-3_soft_.variants_judgew-w-3-soft-v3_.text,non_party_scripted_text,src/data/scriptedText,family-01,channels[judge_witness_summon].entries[w-3|soft].variants[judgew-w-3-soft-v3].text,어머니의 오래된 친구 박순애 씨를 부르겠습니다. 정기 지원금과 사업 자금 이야기를 순서대로 묻겠습니다.,"Let us hear the retired worker's account, in her own time.",家族をご存じの方を呼びます。 確かに知っている範囲だけ、順に並べていただきます。,让我们再确认一次。传相关证人进来。先把母亲晚年那段时间的探望频率和具体场景定准。请把这一点定准。,"Scripted text channel without party a/b as speaker: system, judge, witness, dossier, mediation, aftermath, and milestone copy."
non_party_scripted_text_src_data_scriptedText_family-01_channels_judge_witness_summon_.entries_w-3_soft_.variants_judgew-w-3-soft-v4_.behaviorHint,non_party_scripted_text,src/data/scriptedText,family-01,channels[judge_witness_summon].entries[w-3|soft].variants[judgew-w-3-soft-v4].behaviorHint,재판관이 박순애 증인을 차분히 부른다. 증언이 닿는 쟁점을 먼저 밝히는 톤이다.,,,,"Scripted text channel without party a/b as speaker: system, judge, witness, dossier, mediation, aftermath, and milestone copy."
non_party_scripted_text_src_data_scriptedText_family-01_channels_judge_witness_summon_.entries_w-3_soft_.variants_judgew-w-3-soft-v4_.text,non_party_scripted_text,src/data/scriptedText,family-01,channels[judge_witness_summon].entries[w-3|soft].variants[judgew-w-3-soft-v4].text,박순애 씨 증언을 통해 어머니가 알고 있던 돈의 흐름과 마음을 확인하겠습니다.,The bench calls on the retired worker; please speak as you are able.,家族をご存じの方を呼びます。 推測ではなく直接の見聞きの範囲をお願いします。,传相关证人进来。先把母亲晚年那段时间的探望频率和具体场景定准。,"Scripted text channel without party a/b as speaker: system, judge, witness, dossier, mediation, aftermath, and milestone copy."
non_party_scripted_text_src_data_scriptedText_family-01_channels_judge_witness_summon_.entries_w-3_soft_.variants_judgew-w-3-soft-v5_.behaviorHint,non_party_scripted_text,src/data/scriptedText,family-01,channels[judge_witness_summon].entries[w-3|soft].variants[judgew-w-3-soft-v5].behaviorHint,재판관이 박순애 증인을 차분히 부른다. 증언이 닿는 쟁점을 먼저 밝히는 톤이다.,,,,"Scripted text channel without party a/b as speaker: system, judge, witness, dossier, mediation, aftermath, and milestone copy."
non_party_scripted_text_src_data_scriptedText_family-01_channels_judge_witness_summon_.entries_w-3_soft_.variants_judgew-w-3-soft-v5_.text,non_party_scripted_text,src/data/scriptedText,family-01,channels[judge_witness_summon].entries[w-3|soft].variants[judgew-w-3-soft-v5].text,박순애 씨를 부르겠습니다. 계좌 흐름이 어머니의 말과 어떻게 맞물리는지 확인하겠습니다.,"I will ask the retired worker to set out what she remembers, within what is appropriate.",家族をご存じの方を呼びます。 必要な期間と場所だけに絞って証言いただきます。,换一个角度。传相关证人进来。先把母亲晚年那段时间的探望频率和具体场景定准。请按时间顺序回答。,"Scripted text channel without party a/b as speaker: system, judge, witness, dossier, mediation, aftermath, and milestone copy."
non_party_scripted_text_src_data_scriptedText_family-01_channels_mediation_.entries_conditional_a_.variants_mediation-conditional-a-v1_.behaviorHint,non_party_scripted_text,src/data/scriptedText,family-01,channels[mediation].entries[conditional|a].variants[mediation-conditional-a-v1].behaviorHint,조건을 세우며 목소리를 낮추지만 말끝에는 힘이 남는다.,,,,"Scripted text channel without party a/b as speaker: system, judge, witness, dossier, mediation, aftermath, and milestone copy."
non_party_scripted_text_src_data_scriptedText_family-01_channels_mediation_.entries_conditional_a_.variants_mediation-conditional-a-v1_.text,non_party_scripted_text,src/data/scriptedText,family-01,channels[mediation].entries[conditional|a].variants[mediation-conditional-a-v1].text,조건을 둔다면 먼저 자필 연습본과 공증본의 책임을 분리해 주십시오. 제가 장남이라 당연하다고 여긴 마음도 그다음 보겠습니다.,"I can accept a settlement, but only if certain conditions about our mother's record are honoured. I am not asking for a victory; I am asking for a close to this that we can both live with.",条件付きで進めるなら、相手側の沈黙の理由をまず明らかにしてください。 私が当然視してきた責任は、別の軸として残してください。,现在做整理也可以。但请把动那份纸的责任和我把长子位置当成理所当然这件事分开来看。,"Scripted text channel without party a/b as speaker: system, judge, witness, dossier, mediation, aftermath, and milestone copy."
non_party_scripted_text_src_data_scriptedText_family-01_channels_mediation_.entries_conditional_a_.variants_mediation-conditional-a-v10_.behaviorHint,non_party_scripted_text,src/data/scriptedText,family-01,channels[mediation].entries[conditional|a].variants[mediation-conditional-a-v10].behaviorHint,조건을 세우며 목소리를 낮추지만 말끝에는 힘이 남는다.,,,,"Scripted text channel without party a/b as speaker: system, judge, witness, dossier, mediation, aftermath, and milestone copy."
non_party_scripted_text_src_data_scriptedText_family-01_channels_mediation_.entries_conditional_a_.variants_mediation-conditional-a-v10_.text,non_party_scripted_text,src/data/scriptedText,family-01,channels[mediation].entries[conditional|a].variants[mediation-conditional-a-v10].text,조건부로 가겠습니다. 다만 제 동생이 선의라는 말로 모든 침묵을 덮는다면 저는 받아들이기 어렵습니다.,"I can accept a settlement, but only if certain conditions about our mother's record are honoured. I am ready to set my pride aside if we can close this cleanly.",条件付きで進めるなら、相手側の沈黙の理由をまず明らかにしてください。 関係を取り戻す前に、私の責任を先に引き受けます。,现在做整理也可以。但请把动那份纸的责任和我把长子位置当成理所当然这件事分开来看。,"Scripted text channel without party a/b as speaker: system, judge, witness, dossier, mediation, aftermath, and milestone copy."
non_party_scripted_text_src_data_scriptedText_family-01_channels_mediation_.entries_conditional_a_.variants_mediation-conditional-a-v2_.behaviorHint,non_party_scripted_text,src/data/scriptedText,family-01,channels[mediation].entries[conditional|a].variants[mediation-conditional-a-v2].behaviorHint,조건을 세우며 목소리를 낮추지만 말끝에는 힘이 남는다.,,,,"Scripted text channel without party a/b as speaker: system, judge, witness, dossier, mediation, aftermath, and milestone copy."
non_party_scripted_text_src_data_scriptedText_family-01_channels_mediation_.entries_conditional_a_.variants_mediation-conditional-a-v2_.text,non_party_scripted_text,src/data/scriptedText,family-01,channels[mediation].entries[conditional|a].variants[mediation-conditional-a-v2].text,조건부라면 받아들이겠습니다. 제 동생의 서류 책임이 흐려지지 않는다는 전제가 필요합니다.,"If I am being honest with the court, i can accept a settlement, but only if certain conditions about our mother's record are honoured. I would rather end this with our mother's name unspoiled than with a clean win.",条件は受け入れます。代わりに、私の側の早すぎた断定も同じ重さで残してください。 相手の沈黙が誤解を広げた経緯も、同じ机に置いてください。,关于这一点，现在做整理也可以。但请把动那份纸的责任和我把长子位置当成理所当然这件事分开来看。这是我能说的全部。,"Scripted text channel without party a/b as speaker: system, judge, witness, dossier, mediation, aftermath, and milestone copy."
non_party_scripted_text_src_data_scriptedText_family-01_channels_mediation_.entries_conditional_a_.variants_mediation-conditional-a-v3_.behaviorHint,non_party_scripted_text,src/data/scriptedText,family-01,channels[mediation].entries[conditional|a].variants[mediation-conditional-a-v3].behaviorHint,조건을 세우며 목소리를 낮추지만 말끝에는 힘이 남는다.,,,,"Scripted text channel without party a/b as speaker: system, judge, witness, dossier, mediation, aftermath, and milestone copy."
non_party_scripted_text_src_data_scriptedText_family-01_channels_mediation_.entries_conditional_a_.variants_mediation-conditional-a-v3_.text,non_party_scripted_text,src/data/scriptedText,family-01,channels[mediation].entries[conditional|a].variants[mediation-conditional-a-v3].text,"나눠 보자는 말씀이면, 숨겨진 돈 흐름과 유서 절차를 먼저 구분해야 합니다. 그래야 제 분노도 줄일 수 있습니다.","Speaking plainly to the bench, i can accept a settlement, but only if certain conditions about our mother's record are honoured. I will not press for more than what is fair, even if I could.",条件付きの整理を私も望みます。順序を先に決めるべきです。 先に結論を出した責任を、私の側で引き受けます。,请允许我说，现在做整理也可以。但请把动那份纸的责任和我把长子位置当成理所当然这件事分开来看。希望您能仔细听完。,"Scripted text channel without party a/b as speaker: system, judge, witness, dossier, mediation, aftermath, and milestone copy."
non_party_scripted_text_src_data_scriptedText_family-01_channels_mediation_.entries_conditional_a_.variants_mediation-conditional-a-v4_.behaviorHint,non_party_scripted_text,src/data/scriptedText,family-01,channels[mediation].entries[conditional|a].variants[mediation-conditional-a-v4].behaviorHint,조건을 세우며 목소리를 낮추지만 말끝에는 힘이 남는다.,,,,"Scripted text channel without party a/b as speaker: system, judge, witness, dossier, mediation, aftermath, and milestone copy."
non_party_scripted_text_src_data_scriptedText_family-01_channels_mediation_.entries_conditional_a_.variants_mediation-conditional-a-v4_.text,non_party_scripted_text,src/data/scriptedText,family-01,channels[mediation].entries[conditional|a].variants[mediation-conditional-a-v4].text,조건을 세운다면 저는 제가 돌본 일을 전부 권리로 읽은 부분을 보겠습니다. 대신 문서 변경 책임은 선명해야 합니다.,"I can accept a settlement, but only if certain conditions about our mother's record are honoured. Whatever ratio the court decides, I will accept it without further argument.",条件付きで進めるなら、相手側の沈黙の理由をまず明らかにしてください。 公開の場で生まれた被害の回復は、私の側の動きで進めます。,现在做整理也可以。但请把动那份纸的责任和我把长子位置当成理所当然这件事分开来看。,"Scripted text channel without party a/b as speaker: system, judge, witness, dossier, mediation, aftermath, and milestone copy."
non_party_scripted_text_src_data_scriptedText_family-01_channels_mediation_.entries_conditional_a_.variants_mediation-conditional-a-v5_.behaviorHint,non_party_scripted_text,src/data/scriptedText,family-01,channels[mediation].entries[conditional|a].variants[mediation-conditional-a-v5].behaviorHint,조건을 세우며 목소리를 낮추지만 말끝에는 힘이 남는다.,,,,"Scripted text channel without party a/b as speaker: system, judge, witness, dossier, mediation, aftermath, and milestone copy."
non_party_scripted_text_src_data_scriptedText_family-01_channels_mediation_.entries_conditional_a_.variants_mediation-conditional-a-v5_.text,non_party_scripted_text,src/data/scriptedText,family-01,channels[mediation].entries[conditional|a].variants[mediation-conditional-a-v5].text,조건부 정리는 가능합니다. 다만 지키겠다는 이유만으로 어머니 뜻을 고친 일이 가벼워지면 안 됩니다.,"If I am being honest with the court, i can accept a settlement, but only if certain conditions about our mother's record are honoured. I am tired of fighting in her name; I would rather honour her quietly.",条件は受け入れます。代わりに、私の側の早すぎた断定も同じ重さで残してください。 早すぎた断定の経緯を、私が言葉で整え直します。,关于这一点，现在做整理也可以。但请把动那份纸的责任和我把长子位置当成理所当然这件事分开来看。这是我能说的全部。,"Scripted text channel without party a/b as speaker: system, judge, witness, dossier, mediation, aftermath, and milestone copy."
non_party_scripted_text_src_data_scriptedText_family-01_channels_mediation_.entries_conditional_a_.variants_mediation-conditional-a-v6_.behaviorHint,non_party_scripted_text,src/data/scriptedText,family-01,channels[mediation].entries[conditional|a].variants[mediation-conditional-a-v6].behaviorHint,조건을 세우며 목소리를 낮추지만 말끝에는 힘이 남는다.,,,,"Scripted text channel without party a/b as speaker: system, judge, witness, dossier, mediation, aftermath, and milestone copy."
non_party_scripted_text_src_data_scriptedText_family-01_channels_mediation_.entries_conditional_a_.variants_mediation-conditional-a-v6_.text,non_party_scripted_text,src/data/scriptedText,family-01,channels[mediation].entries[conditional|a].variants[mediation-conditional-a-v6].text,"조건을 나누면 따르겠습니다. 저는 제 상속 당연시를 말하되, 제 동생의 침묵도 따로 책임져야 합니다.","Speaking plainly to the bench, i can accept a settlement, but only if certain conditions about our mother's record are honoured. I have said what I needed to say; I am ready to step back from the fight.",条件付きの整理を私も望みます。順序を先に決めるべきです。 相手の意図と私の判断のずれは、ここで分けて記録してください。,请允许我说，现在做整理也可以。但请把动那份纸的责任和我把长子位置当成理所当然这件事分开来看。希望您能仔细听完。,"Scripted text channel without party a/b as speaker: system, judge, witness, dossier, mediation, aftermath, and milestone copy."
non_party_scripted_text_src_data_scriptedText_family-01_channels_mediation_.entries_conditional_a_.variants_mediation-conditional-a-v7_.behaviorHint,non_party_scripted_text,src/data/scriptedText,family-01,channels[mediation].entries[conditional|a].variants[mediation-conditional-a-v7].behaviorHint,조건을 세우며 목소리를 낮추지만 말끝에는 힘이 남는다.,,,,"Scripted text channel without party a/b as speaker: system, judge, witness, dossier, mediation, aftermath, and milestone copy."
non_party_scripted_text_src_data_scriptedText_family-01_channels_mediation_.entries_conditional_a_.variants_mediation-conditional-a-v7_.text,non_party_scripted_text,src/data/scriptedText,family-01,channels[mediation].entries[conditional|a].variants[mediation-conditional-a-v7].text,조건부라면 먼저 사실 순서를 세워 주십시오. 누가 언제 무엇을 고쳤는지부터 놓고 제 마음을 보겠습니다.,"I can accept a settlement, but only if certain conditions about our mother's record are honoured. I am not the only one who carried her, and I will not act as if I were.",条件付きで進めるなら、相手側の沈黙の理由をまず明らかにしてください。 私の側の整理が遅れた分は、ここで取り戻します。,现在做整理也可以。但请把动那份纸的责任和我把长子位置当成理所当然这件事分开来看。,"Scripted text channel without party a/b as speaker: system, judge, witness, dossier, mediation, aftermath, and milestone copy."
non_party_scripted_text_src_data_scriptedText_family-01_channels_mediation_.entries_conditional_a_.variants_mediation-conditional-a-v8_.behaviorHint,non_party_scripted_text,src/data/scriptedText,family-01,channels[mediation].entries[conditional|a].variants[mediation-conditional-a-v8].behaviorHint,조건을 세우며 목소리를 낮추지만 말끝에는 힘이 남는다.,,,,"Scripted text channel without party a/b as speaker: system, judge, witness, dossier, mediation, aftermath, and milestone copy."
non_party_scripted_text_src_data_scriptedText_family-01_channels_mediation_.entries_conditional_a_.variants_mediation-conditional-a-v8_.text,non_party_scripted_text,src/data/scriptedText,family-01,channels[mediation].entries[conditional|a].variants[mediation-conditional-a-v8].text,"그 방식이라면 가능합니다. 제가 몰랐던 지원을 인정하더라도, 서류를 고친 일까지 넘어갈 수는 없습니다.","If I am being honest with the court, i can accept a settlement, but only if certain conditions about our mother's record are honoured. I would rather we walk out of here as brothers than as parties.",条件は受け入れます。代わりに、私の側の早すぎた断定も同じ重さで残してください。 公開された言葉の訂正は、私の側で先に出します。,关于这一点，现在做整理也可以。但请把动那份纸的责任和我把长子位置当成理所当然这件事分开来看。这是我能说的全部。,"Scripted text channel without party a/b as speaker: system, judge, witness, dossier, mediation, aftermath, and milestone copy."
non_party_scripted_text_src_data_scriptedText_family-01_channels_mediation_.entries_conditional_a_.variants_mediation-conditional-a-v9_.behaviorHint,non_party_scripted_text,src/data/scriptedText,family-01,channels[mediation].entries[conditional|a].variants[mediation-conditional-a-v9].behaviorHint,조건을 세우며 목소리를 낮추지만 말끝에는 힘이 남는다.,,,,"Scripted text channel without party a/b as speaker: system, judge, witness, dossier, mediation, aftermath, and milestone copy."
non_party_scripted_text_src_data_scriptedText_family-01_channels_mediation_.entries_conditional_a_.variants_mediation-conditional-a-v9_.text,non_party_scripted_text,src/data/scriptedText,family-01,channels[mediation].entries[conditional|a].variants[mediation-conditional-a-v9].text,조건을 둔다면 감정과 절차를 분리해야 합니다. 저는 제 감정을 보겠지만 절차 잘못은 남겨야 합니다.,"Speaking plainly to the bench, i can accept a settlement, but only if certain conditions about our mother's record are honoured. What I want most is for the family record to settle without further wounds.",条件付きの整理を私も望みます。順序を先に決めるべきです。 裁判官のご判断に必要な範囲は、私の側でも揃えます。,请允许我说，现在做整理也可以。但请把动那份纸的责任和我把长子位置当成理所当然这件事分开来看。希望您能仔细听完。,"Scripted text channel without party a/b as speaker: system, judge, witness, dossier, mediation, aftermath, and milestone copy."
non_party_scripted_text_src_data_scriptedText_family-01_channels_mediation_.entries_conditional_b_.variants_mediation-conditional-b-v1_.behaviorHint,non_party_scripted_text,src/data/scriptedText,family-01,channels[mediation].entries[conditional|b].variants[mediation-conditional-b-v1].behaviorHint,"담담하게 선을 긋고, 형 쪽을 보지 않은 채 답한다.",,,,"Scripted text channel without party a/b as speaker: system, judge, witness, dossier, mediation, aftermath, and milestone copy."
non_party_scripted_text_src_data_scriptedText_family-01_channels_mediation_.entries_conditional_b_.variants_mediation-conditional-b-v1_.text,non_party_scripted_text,src/data/scriptedText,family-01,channels[mediation].entries[conditional|b].variants[mediation-conditional-b-v1].text,조건부로 가는 건 괜찮습니다. 대신 제가 문서를 손댄 책임과 형이 몰랐던 돈 흐름을 같이 봐야 합니다.,"I am willing to settle, provided the family record is preserved in a way that does not embarrass her memory. I am not asking for a victory; I am asking for a close to this that we can both live with.",条件付きの整理を、私も望みます。裁判官、必要な軸だけ残してください。 書類に手を加えた方法の責任は、私の側で引き受けます。,我愿意先承担我自己做过的部分。份额安排和陈年家庭隐情的处理顺序，请按程序排。,"Scripted text channel without party a/b as speaker: system, judge, witness, dossier, mediation, aftermath, and milestone copy."
non_party_scripted_text_src_data_scriptedText_family-01_channels_mediation_.entries_conditional_b_.variants_mediation-conditional-b-v10_.behaviorHint,non_party_scripted_text,src/data/scriptedText,family-01,channels[mediation].entries[conditional|b].variants[mediation-conditional-b-v10].behaviorHint,"담담하게 선을 긋고, 형 쪽을 보지 않은 채 답한다.",,,,"Scripted text channel without party a/b as speaker: system, judge, witness, dossier, mediation, aftermath, and milestone copy."
non_party_scripted_text_src_data_scriptedText_family-01_channels_mediation_.entries_conditional_b_.variants_mediation-conditional-b-v10_.text,non_party_scripted_text,src/data/scriptedText,family-01,channels[mediation].entries[conditional|b].variants[mediation-conditional-b-v10].text,"조건을 나눈다면 받겠습니다. 제가 감춘 돈, 고친 문서, 형의 당연시를 각각 따져야 합니다.","I am willing to settle, provided the family record is preserved in a way that does not embarrass her memory. I am ready to set my pride aside if we can close this cleanly.",条件付きの整理を、私も望みます。裁判官、必要な軸だけ残してください。 必要な背景の記録は、私の側で整え直します。,我愿意先承担我自己做过的部分。份额安排和陈年家庭隐情的处理顺序，请按程序排。,"Scripted text channel without party a/b as speaker: system, judge, witness, dossier, mediation, aftermath, and milestone copy."
non_party_scripted_text_src_data_scriptedText_family-01_channels_mediation_.entries_conditional_b_.variants_mediation-conditional-b-v2_.behaviorHint,non_party_scripted_text,src/data/scriptedText,family-01,channels[mediation].entries[conditional|b].variants[mediation-conditional-b-v2].behaviorHint,"담담하게 선을 긋고, 형 쪽을 보지 않은 채 답한다.",,,,"Scripted text channel without party a/b as speaker: system, judge, witness, dossier, mediation, aftermath, and milestone copy."
non_party_scripted_text_src_data_scriptedText_family-01_channels_mediation_.entries_conditional_b_.variants_mediation-conditional-b-v2_.text,non_party_scripted_text,src/data/scriptedText,family-01,channels[mediation].entries[conditional|b].variants[mediation-conditional-b-v2].text,조건을 둔다면 저는 책임을 피하지 않겠습니다. 다만 더 가져가려 했다는 단정은 먼저 거둬 주셔야 합니다.,"If I am being honest with the court, i am willing to settle, provided the family record is preserved in a way that does not embarrass her memory. I would rather end this with our mother's name unspoiled than with a clean win.",条件を受け入れます。私の方法の責任は別に残してください。 相手の早すぎた断定の責任も、同じ重さで残してください。,关于这一点，我愿意先承担我自己做过的部分。份额安排和陈年家庭隐情的处理顺序，请按程序排。这是我能说的全部。,"Scripted text channel without party a/b as speaker: system, judge, witness, dossier, mediation, aftermath, and milestone copy."
non_party_scripted_text_src_data_scriptedText_family-01_channels_mediation_.entries_conditional_b_.variants_mediation-conditional-b-v3_.behaviorHint,non_party_scripted_text,src/data/scriptedText,family-01,channels[mediation].entries[conditional|b].variants[mediation-conditional-b-v3].behaviorHint,"담담하게 선을 긋고, 형 쪽을 보지 않은 채 답한다.",,,,"Scripted text channel without party a/b as speaker: system, judge, witness, dossier, mediation, aftermath, and milestone copy."
non_party_scripted_text_src_data_scriptedText_family-01_channels_mediation_.entries_conditional_b_.variants_mediation-conditional-b-v3_.text,non_party_scripted_text,src/data/scriptedText,family-01,channels[mediation].entries[conditional|b].variants[mediation-conditional-b-v3].text,조건부라면 가능하겠습니다. 형이 장남이라는 말로 모든 몫을 당연시한 부분도 같이 올라와야 합니다.,"Speaking plainly to the bench, i am willing to settle, provided the family record is preserved in a way that does not embarrass her memory. I will not press for more than what is fair, even if I could.",条件は受けます。相手側の早すぎた断定の責任も、同じ重さで残してください。 沈黙で誤解を育てた部分は、私の側の問題です。,请允许我说，我愿意先承担我自己做过的部分。份额安排和陈年家庭隐情的处理顺序，请按程序排。希望您能仔细听完。,"Scripted text channel without party a/b as speaker: system, judge, witness, dossier, mediation, aftermath, and milestone copy."
non_party_scripted_text_src_data_scriptedText_family-01_channels_mediation_.entries_conditional_b_.variants_mediation-conditional-b-v4_.behaviorHint,non_party_scripted_text,src/data/scriptedText,family-01,channels[mediation].entries[conditional|b].variants[mediation-conditional-b-v4].behaviorHint,"담담하게 선을 긋고, 형 쪽을 보지 않은 채 답한다.",,,,"Scripted text channel without party a/b as speaker: system, judge, witness, dossier, mediation, aftermath, and milestone copy."
non_party_scripted_text_src_data_scriptedText_family-01_channels_mediation_.entries_conditional_b_.variants_mediation-conditional-b-v4_.text,non_party_scripted_text,src/data/scriptedText,family-01,channels[mediation].entries[conditional|b].variants[mediation-conditional-b-v4].text,나눠 보자는 말씀이면 받아들이겠습니다. 제가 숨긴 이유와 숨긴 결과를 따로 보셔야 합니다.,"I am willing to settle, provided the family record is preserved in a way that does not embarrass her memory. Whatever ratio the court decides, I will accept it without further argument.",条件付きの整理を、私も望みます。裁判官、必要な軸だけ残してください。 必要な背景は、必要な相手にだけ記録として残します。,我愿意先承担我自己做过的部分。份额安排和陈年家庭隐情的处理顺序，请按程序排。,"Scripted text channel without party a/b as speaker: system, judge, witness, dossier, mediation, aftermath, and milestone copy."
non_party_scripted_text_src_data_scriptedText_family-01_channels_mediation_.entries_conditional_b_.variants_mediation-conditional-b-v5_.behaviorHint,non_party_scripted_text,src/data/scriptedText,family-01,channels[mediation].entries[conditional|b].variants[mediation-conditional-b-v5].behaviorHint,"담담하게 선을 긋고, 형 쪽을 보지 않은 채 답한다.",,,,"Scripted text channel without party a/b as speaker: system, judge, witness, dossier, mediation, aftermath, and milestone copy."
non_party_scripted_text_src_data_scriptedText_family-01_channels_mediation_.entries_conditional_b_.variants_mediation-conditional-b-v5_.text,non_party_scripted_text,src/data/scriptedText,family-01,channels[mediation].entries[conditional|b].variants[mediation-conditional-b-v5].text,"조건이 필요하다면 그렇게 하겠습니다. 문서의 잘못은 제 몫이고, 돈의 출처는 별도 사실입니다.","If I am being honest with the court, i am willing to settle, provided the family record is preserved in a way that does not embarrass her memory. I am tired of fighting in her name; I would rather honour her quietly.",条件を受け入れます。私の方法の責任は別に残してください。 私の側の遠回りが残した影響は、ここで言葉で整えます。,关于这一点，我愿意先承担我自己做过的部分。份额安排和陈年家庭隐情的处理顺序，请按程序排。这是我能说的全部。,"Scripted text channel without party a/b as speaker: system, judge, witness, dossier, mediation, aftermath, and milestone copy."
non_party_scripted_text_src_data_scriptedText_family-01_channels_mediation_.entries_conditional_b_.variants_mediation-conditional-b-v6_.behaviorHint,non_party_scripted_text,src/data/scriptedText,family-01,channels[mediation].entries[conditional|b].variants[mediation-conditional-b-v6].behaviorHint,"담담하게 선을 긋고, 형 쪽을 보지 않은 채 답한다.",,,,"Scripted text channel without party a/b as speaker: system, judge, witness, dossier, mediation, aftermath, and milestone copy."
non_party_scripted_text_src_data_scriptedText_family-01_channels_mediation_.entries_conditional_b_.variants_mediation-conditional-b-v6_.text,non_party_scripted_text,src/data/scriptedText,family-01,channels[mediation].entries[conditional|b].variants[mediation-conditional-b-v6].text,조건부 정리라면 좋습니다. 형이 모욕으로 느낀 마음과 제가 숨긴 지원을 한 덩어리로 만들면 안 됩니다.,"Speaking plainly to the bench, i am willing to settle, provided the family record is preserved in a way that does not embarrass her memory. I have said what I needed to say; I am ready to step back from the fight.",条件は受けます。相手側の早すぎた断定の責任も、同じ重さで残してください。 裁判官のご判断に従い、必要な訂正は私の側で進めます。,请允许我说，我愿意先承担我自己做过的部分。份额安排和陈年家庭隐情的处理顺序，请按程序排。希望您能仔细听完。,"Scripted text channel without party a/b as speaker: system, judge, witness, dossier, mediation, aftermath, and milestone copy."
non_party_scripted_text_src_data_scriptedText_family-01_channels_mediation_.entries_conditional_b_.variants_mediation-conditional-b-v7_.behaviorHint,non_party_scripted_text,src/data/scriptedText,family-01,channels[mediation].entries[conditional|b].variants[mediation-conditional-b-v7].behaviorHint,"담담하게 선을 긋고, 형 쪽을 보지 않은 채 답한다.",,,,"Scripted text channel without party a/b as speaker: system, judge, witness, dossier, mediation, aftermath, and milestone copy."
non_party_scripted_text_src_data_scriptedText_family-01_channels_mediation_.entries_conditional_b_.variants_mediation-conditional-b-v7_.text,non_party_scripted_text,src/data/scriptedText,family-01,channels[mediation].entries[conditional|b].variants[mediation-conditional-b-v7].text,조건을 세우신다면 저는 먼저 문서 책임을 인정하겠습니다. 그다음 왜 그런 선택을 했는지 말씀드리겠습니다.,"I am willing to settle, provided the family record is preserved in a way that does not embarrass her memory. I am not the only one who carried her, and I will not act as if I were.",条件付きの整理を、私も望みます。裁判官、必要な軸だけ残してください。 関係の再生より、これ以上の被害の拡大の停止を先に置いてください。,我愿意先承担我自己做过的部分。份额安排和陈年家庭隐情的处理顺序，请按程序排。,"Scripted text channel without party a/b as speaker: system, judge, witness, dossier, mediation, aftermath, and milestone copy."
non_party_scripted_text_src_data_scriptedText_family-01_channels_mediation_.entries_conditional_b_.variants_mediation-conditional-b-v8_.behaviorHint,non_party_scripted_text,src/data/scriptedText,family-01,channels[mediation].entries[conditional|b].variants[mediation-conditional-b-v8].behaviorHint,"담담하게 선을 긋고, 형 쪽을 보지 않은 채 답한다.",,,,"Scripted text channel without party a/b as speaker: system, judge, witness, dossier, mediation, aftermath, and milestone copy."
non_party_scripted_text_src_data_scriptedText_family-01_channels_mediation_.entries_conditional_b_.variants_mediation-conditional-b-v8_.text,non_party_scripted_text,src/data/scriptedText,family-01,channels[mediation].entries[conditional|b].variants[mediation-conditional-b-v8].text,그 방식이면 피하지 않겠습니다. 다만 형이 모르는 가족 안쪽 사정은 조심스럽게 다뤄 주십시오.,"If I am being honest with the court, i am willing to settle, provided the family record is preserved in a way that does not embarrass her memory. I would rather we walk out of here as brothers than as parties.",条件を受け入れます。私の方法の責任は別に残してください。 私が直接話せなかった分は、必要な手続きで補います。,关于这一点，我愿意先承担我自己做过的部分。份额安排和陈年家庭隐情的处理顺序，请按程序排。这是我能说的全部。,"Scripted text channel without party a/b as speaker: system, judge, witness, dossier, mediation, aftermath, and milestone copy."
non_party_scripted_text_src_data_scriptedText_family-01_channels_mediation_.entries_conditional_b_.variants_mediation-conditional-b-v9_.behaviorHint,non_party_scripted_text,src/data/scriptedText,family-01,channels[mediation].entries[conditional|b].variants[mediation-conditional-b-v9].behaviorHint,"담담하게 선을 긋고, 형 쪽을 보지 않은 채 답한다.",,,,"Scripted text channel without party a/b as speaker: system, judge, witness, dossier, mediation, aftermath, and milestone copy."
non_party_scripted_text_src_data_scriptedText_family-01_channels_mediation_.entries_conditional_b_.variants_mediation-conditional-b-v9_.text,non_party_scripted_text,src/data/scriptedText,family-01,channels[mediation].entries[conditional|b].variants[mediation-conditional-b-v9].text,조건부로 가겠습니다. 사실을 밝히되 형이 무너지는 방식으로 한꺼번에 던지지는 말아 주십시오.,"Speaking plainly to the bench, i am willing to settle, provided the family record is preserved in a way that does not embarrass her memory. What I want most is for the family record to settle without further wounds.",条件は受けます。相手側の早すぎた断定の責任も、同じ重さで残してください。 相手の側の責任と私の責任を、それぞれの位置に置いてください。,请允许我说，我愿意先承担我自己做过的部分。份额安排和陈年家庭隐情的处理顺序，请按程序排。希望您能仔细听完。,"Scripted text channel without party a/b as speaker: system, judge, witness, dossier, mediation, aftermath, and milestone copy."
non_party_scripted_text_src_data_scriptedText_family-01_channels_mediation_.entries_fact_first_a_.variants_mediation-fact_first-a-v1_.behaviorHint,non_party_scripted_text,src/data/scriptedText,family-01,channels[mediation].entries[fact_first|a].variants[mediation-fact_first-a-v1].behaviorHint,감정을 눌러 두고 기록을 향해 턱을 짧게 움직인다.,,,,"Scripted text channel without party a/b as speaker: system, judge, witness, dossier, mediation, aftermath, and milestone copy."
non_party_scripted_text_src_data_scriptedText_family-01_channels_mediation_.entries_fact_first_a_.variants_mediation-fact_first-a-v1_.text,non_party_scripted_text,src/data/scriptedText,family-01,channels[mediation].entries[fact_first|a].variants[mediation-fact_first-a-v1].text,사실부터 보겠습니다. 자필 연습본이 무엇이었고 누가 어떤 문서를 냈는지 먼저 정리해야 합니다.,"Before we talk about settlement, I would like the court to fix the facts of what actually happened. I am not asking for a victory; I am asking for a close to this that we can both live with.",少し時間を置いて整える形なら、私も誠実に従います。 私が当然視してきた責任は、別の軸として残してください。,现在做整理也可以。但请把动那份纸的责任和我把长子位置当成理所当然这件事分开来看。,"Scripted text channel without party a/b as speaker: system, judge, witness, dossier, mediation, aftermath, and milestone copy."
non_party_scripted_text_src_data_scriptedText_family-01_channels_mediation_.entries_fact_first_a_.variants_mediation-fact_first-a-v10_.behaviorHint,non_party_scripted_text,src/data/scriptedText,family-01,channels[mediation].entries[fact_first|a].variants[mediation-fact_first-a-v10].behaviorHint,감정을 눌러 두고 기록을 향해 턱을 짧게 움직인다.,,,,"Scripted text channel without party a/b as speaker: system, judge, witness, dossier, mediation, aftermath, and milestone copy."
non_party_scripted_text_src_data_scriptedText_family-01_channels_mediation_.entries_fact_first_a_.variants_mediation-fact_first-a-v10_.text,non_party_scripted_text,src/data/scriptedText,family-01,channels[mediation].entries[fact_first|a].variants[mediation-fact_first-a-v10].text,먼저 사실을 보십시오. 누가 어머니를 어떻게 읽었는지 드러나면 제 책임도 피하지 않겠습니다.,"Before we talk about settlement, I would like the court to fix the facts of what actually happened. I am ready to set my pride aside if we can close this cleanly.",少し時間を置いて整える形なら、私も誠実に従います。 関係を取り戻す前に、私の責任を先に引き受けます。,现在做整理也可以。但请把动那份纸的责任和我把长子位置当成理所当然这件事分开来看。,"Scripted text channel without party a/b as speaker: system, judge, witness, dossier, mediation, aftermath, and milestone copy."
non_party_scripted_text_src_data_scriptedText_family-01_channels_mediation_.entries_fact_first_a_.variants_mediation-fact_first-a-v2_.behaviorHint,non_party_scripted_text,src/data/scriptedText,family-01,channels[mediation].entries[fact_first|a].variants[mediation-fact_first-a-v2].behaviorHint,감정을 눌러 두고 기록을 향해 턱을 짧게 움직인다.,,,,"Scripted text channel without party a/b as speaker: system, judge, witness, dossier, mediation, aftermath, and milestone copy."
non_party_scripted_text_src_data_scriptedText_family-01_channels_mediation_.entries_fact_first_a_.variants_mediation-fact_first-a-v2_.text,non_party_scripted_text,src/data/scriptedText,family-01,channels[mediation].entries[fact_first|a].variants[mediation-fact_first-a-v2].text,"좋습니다. 제 감정은 뒤로 두고, 방문 기록과 공증 기록부터 맞춰 보겠습니다.","If I am being honest with the court, before we talk about settlement, I would like the court to fix the facts of what actually happened. I would rather end this with our mother's name unspoiled than with a clean win.",急がない整理を選んでくださるなら、私は受け止めます。 相手の沈黙が誤解を広げた経緯も、同じ机に置いてください。,关于这一点，现在做整理也可以。但请把动那份纸的责任和我把长子位置当成理所当然这件事分开来看。这是我能说的全部。,"Scripted text channel without party a/b as speaker: system, judge, witness, dossier, mediation, aftermath, and milestone copy."
non_party_scripted_text_src_data_scriptedText_family-01_channels_mediation_.entries_fact_first_a_.variants_mediation-fact_first-a-v3_.behaviorHint,non_party_scripted_text,src/data/scriptedText,family-01,channels[mediation].entries[fact_first|a].variants[mediation-fact_first-a-v3].behaviorHint,감정을 눌러 두고 기록을 향해 턱을 짧게 움직인다.,,,,"Scripted text channel without party a/b as speaker: system, judge, witness, dossier, mediation, aftermath, and milestone copy."
non_party_scripted_text_src_data_scriptedText_family-01_channels_mediation_.entries_fact_first_a_.variants_mediation-fact_first-a-v3_.text,non_party_scripted_text,src/data/scriptedText,family-01,channels[mediation].entries[fact_first|a].variants[mediation-fact_first-a-v3].text,사실을 먼저 세우겠습니다. 제가 장남이라 느낀 억울함은 그다음 판단해도 됩니다.,"Speaking plainly to the bench, before we talk about settlement, I would like the court to fix the facts of what actually happened. I will not press for more than what is fair, even if I could.",判断を急がず、私の側の責任を整える時間をください。 先に結論を出した責任を、私の側で引き受けます。,请允许我说，现在做整理也可以。但请把动那份纸的责任和我把长子位置当成理所当然这件事分开来看。希望您能仔细听完。,"Scripted text channel without party a/b as speaker: system, judge, witness, dossier, mediation, aftermath, and milestone copy."
non_party_scripted_text_src_data_scriptedText_family-01_channels_mediation_.entries_fact_first_a_.variants_mediation-fact_first-a-v4_.behaviorHint,non_party_scripted_text,src/data/scriptedText,family-01,channels[mediation].entries[fact_first|a].variants[mediation-fact_first-a-v4].behaviorHint,감정을 눌러 두고 기록을 향해 턱을 짧게 움직인다.,,,,"Scripted text channel without party a/b as speaker: system, judge, witness, dossier, mediation, aftermath, and milestone copy."
non_party_scripted_text_src_data_scriptedText_family-01_channels_mediation_.entries_fact_first_a_.variants_mediation-fact_first-a-v4_.text,non_party_scripted_text,src/data/scriptedText,family-01,channels[mediation].entries[fact_first|a].variants[mediation-fact_first-a-v4].text,먼저 기록을 보겠습니다. 어머니 뜻과 제 동생 손이 닿은 부분을 분리해야 합니다.,"Before we talk about settlement, I would like the court to fix the facts of what actually happened. Whatever ratio the court decides, I will accept it without further argument.",少し時間を置いて整える形なら、私も誠実に従います。 公開の場で生まれた被害の回復は、私の側の動きで進めます。,现在做整理也可以。但请把动那份纸的责任和我把长子位置当成理所当然这件事分开来看。,"Scripted text channel without party a/b as speaker: system, judge, witness, dossier, mediation, aftermath, and milestone copy."
non_party_scripted_text_src_data_scriptedText_family-01_channels_mediation_.entries_fact_first_a_.variants_mediation-fact_first-a-v5_.behaviorHint,non_party_scripted_text,src/data/scriptedText,family-01,channels[mediation].entries[fact_first|a].variants[mediation-fact_first-a-v5].behaviorHint,감정을 눌러 두고 기록을 향해 턱을 짧게 움직인다.,,,,"Scripted text channel without party a/b as speaker: system, judge, witness, dossier, mediation, aftermath, and milestone copy."
non_party_scripted_text_src_data_scriptedText_family-01_channels_mediation_.entries_fact_first_a_.variants_mediation-fact_first-a-v5_.text,non_party_scripted_text,src/data/scriptedText,family-01,channels[mediation].entries[fact_first|a].variants[mediation-fact_first-a-v5].text,"그 방식이면 따르겠습니다. 돈이 어디서 나왔는지, 유서가 어떻게 바뀌었는지부터 봐야 합니다.","If I am being honest with the court, before we talk about settlement, I would like the court to fix the facts of what actually happened. I am tired of fighting in her name; I would rather honour her quietly.",急がない整理を選んでくださるなら、私は受け止めます。 早すぎた断定の経緯を、私が言葉で整え直します。,关于这一点，现在做整理也可以。但请把动那份纸的责任和我把长子位置当成理所当然这件事分开来看。这是我能说的全部。,"Scripted text channel without party a/b as speaker: system, judge, witness, dossier, mediation, aftermath, and milestone copy."
non_party_scripted_text_src_data_scriptedText_family-01_channels_mediation_.entries_fact_first_a_.variants_mediation-fact_first-a-v6_.behaviorHint,non_party_scripted_text,src/data/scriptedText,family-01,channels[mediation].entries[fact_first|a].variants[mediation-fact_first-a-v6].behaviorHint,감정을 눌러 두고 기록을 향해 턱을 짧게 움직인다.,,,,"Scripted text channel without party a/b as speaker: system, judge, witness, dossier, mediation, aftermath, and milestone copy."
non_party_scripted_text_src_data_scriptedText_family-01_channels_mediation_.entries_fact_first_a_.variants_mediation-fact_first-a-v6_.text,non_party_scripted_text,src/data/scriptedText,family-01,channels[mediation].entries[fact_first|a].variants[mediation-fact_first-a-v6].text,사실 먼저라면 좋습니다. 제가 화낸 이유보다 실제로 무엇이 남았는지가 우선입니다.,"Speaking plainly to the bench, before we talk about settlement, I would like the court to fix the facts of what actually happened. I have said what I needed to say; I am ready to step back from the fight.",判断を急がず、私の側の責任を整える時間をください。 相手の意図と私の判断のずれは、ここで分けて記録してください。,请允许我说，现在做整理也可以。但请把动那份纸的责任和我把长子位置当成理所当然这件事分开来看。希望您能仔细听完。,"Scripted text channel without party a/b as speaker: system, judge, witness, dossier, mediation, aftermath, and milestone copy."
non_party_scripted_text_src_data_scriptedText_family-01_channels_mediation_.entries_fact_first_a_.variants_mediation-fact_first-a-v7_.behaviorHint,non_party_scripted_text,src/data/scriptedText,family-01,channels[mediation].entries[fact_first|a].variants[mediation-fact_first-a-v7].behaviorHint,감정을 눌러 두고 기록을 향해 턱을 짧게 움직인다.,,,,"Scripted text channel without party a/b as speaker: system, judge, witness, dossier, mediation, aftermath, and milestone copy."
non_party_scripted_text_src_data_scriptedText_family-01_channels_mediation_.entries_fact_first_a_.variants_mediation-fact_first-a-v7_.text,non_party_scripted_text,src/data/scriptedText,family-01,channels[mediation].entries[fact_first|a].variants[mediation-fact_first-a-v7].text,먼저 서류와 돈 흐름을 놓겠습니다. 그래야 제가 몰랐던 부분도 억지로 밀어내지 않겠습니다.,"Before we talk about settlement, I would like the court to fix the facts of what actually happened. I am not the only one who carried her, and I will not act as if I were.",少し時間を置いて整える形なら、私も誠実に従います。 私の側の整理が遅れた分は、ここで取り戻します。,现在做整理也可以。但请把动那份纸的责任和我把长子位置当成理所当然这件事分开来看。,"Scripted text channel without party a/b as speaker: system, judge, witness, dossier, mediation, aftermath, and milestone copy."
non_party_scripted_text_src_data_scriptedText_family-01_channels_mediation_.entries_fact_first_a_.variants_mediation-fact_first-a-v8_.behaviorHint,non_party_scripted_text,src/data/scriptedText,family-01,channels[mediation].entries[fact_first|a].variants[mediation-fact_first-a-v8].behaviorHint,감정을 눌러 두고 기록을 향해 턱을 짧게 움직인다.,,,,"Scripted text channel without party a/b as speaker: system, judge, witness, dossier, mediation, aftermath, and milestone copy."
non_party_scripted_text_src_data_scriptedText_family-01_channels_mediation_.entries_fact_first_a_.variants_mediation-fact_first-a-v8_.text,non_party_scripted_text,src/data/scriptedText,family-01,channels[mediation].entries[fact_first|a].variants[mediation-fact_first-a-v8].text,사실부터 확인하겠습니다. 제 동생을 탓하기 전에 어머니 뜻이 어떤 경로로 바뀌었는지 봐야 합니다.,"If I am being honest with the court, before we talk about settlement, I would like the court to fix the facts of what actually happened. I would rather we walk out of here as brothers than as parties.",急がない整理を選んでくださるなら、私は受け止めます。 公開された言葉の訂正は、私の側で先に出します。,关于这一点，现在做整理也可以。但请把动那份纸的责任和我把长子位置当成理所当然这件事分开来看。这是我能说的全部。,"Scripted text channel without party a/b as speaker: system, judge, witness, dossier, mediation, aftermath, and milestone copy."
non_party_scripted_text_src_data_scriptedText_family-01_channels_mediation_.entries_fact_first_a_.variants_mediation-fact_first-a-v9_.behaviorHint,non_party_scripted_text,src/data/scriptedText,family-01,channels[mediation].entries[fact_first|a].variants[mediation-fact_first-a-v9].behaviorHint,감정을 눌러 두고 기록을 향해 턱을 짧게 움직인다.,,,,"Scripted text channel without party a/b as speaker: system, judge, witness, dossier, mediation, aftermath, and milestone copy."
non_party_scripted_text_src_data_scriptedText_family-01_channels_mediation_.entries_fact_first_a_.variants_mediation-fact_first-a-v9_.text,non_party_scripted_text,src/data/scriptedText,family-01,channels[mediation].entries[fact_first|a].variants[mediation-fact_first-a-v9].text,좋습니다. 감정은 많지만 기록은 하나씩 봐야 합니다. 그 순서라면 저도 따르겠습니다.,"Speaking plainly to the bench, before we talk about settlement, I would like the court to fix the facts of what actually happened. What I want most is for the family record to settle without further wounds.",判断を急がず、私の側の責任を整える時間をください。 裁判官のご判断に必要な範囲は、私の側でも揃えます。,请允许我说，现在做整理也可以。但请把动那份纸的责任和我把长子位置当成理所当然这件事分开来看。希望您能仔细听完。,"Scripted text channel without party a/b as speaker: system, judge, witness, dossier, mediation, aftermath, and milestone copy."
non_party_scripted_text_src_data_scriptedText_family-01_channels_mediation_.entries_fact_first_b_.variants_mediation-fact_first-b-v1_.behaviorHint,non_party_scripted_text,src/data/scriptedText,family-01,channels[mediation].entries[fact_first|b].variants[mediation-fact_first-b-v1].behaviorHint,표정은 그대로지만 자료를 바라보는 시선이 오래 머문다.,,,,"Scripted text channel without party a/b as speaker: system, judge, witness, dossier, mediation, aftermath, and milestone copy."
non_party_scripted_text_src_data_scriptedText_family-01_channels_mediation_.entries_fact_first_b_.variants_mediation-fact_first-b-v1_.text,non_party_scripted_text,src/data/scriptedText,family-01,channels[mediation].entries[fact_first|b].variants[mediation-fact_first-b-v1].text,저도 사실부터 보는 게 맞습니다. 문서의 순서와 돈의 출처를 먼저 놓아야 감정이 덜 흔들립니다.,I would rather the facts be set down in clean form first; the settlement can follow from there. I am not asking for a victory; I am asking for a close to this that we can both live with.,少しの時間で整える形を、私はむしろお願いしたいです。 書類に手を加えた方法の責任は、私の側で引き受けます。,我愿意先承担我自己做过的部分。份额安排和陈年家庭隐情的处理顺序，请按程序排。,"Scripted text channel without party a/b as speaker: system, judge, witness, dossier, mediation, aftermath, and milestone copy."
non_party_scripted_text_src_data_scriptedText_family-01_channels_mediation_.entries_fact_first_b_.variants_mediation-fact_first-b-v10_.behaviorHint,non_party_scripted_text,src/data/scriptedText,family-01,channels[mediation].entries[fact_first|b].variants[mediation-fact_first-b-v10].behaviorHint,표정은 그대로지만 자료를 바라보는 시선이 오래 머문다.,,,,"Scripted text channel without party a/b as speaker: system, judge, witness, dossier, mediation, aftermath, and milestone copy."
non_party_scripted_text_src_data_scriptedText_family-01_channels_mediation_.entries_fact_first_b_.variants_mediation-fact_first-b-v10_.text,non_party_scripted_text,src/data/scriptedText,family-01,channels[mediation].entries[fact_first|b].variants[mediation-fact_first-b-v10].text,좋습니다. 감정보다 순서를 먼저 보십시오. 그 다음에 제가 왜 그 순서를 숨겼는지 말씀드리겠습니다.,I would rather the facts be set down in clean form first; the settlement can follow from there. I am ready to set my pride aside if we can close this cleanly.,少しの時間で整える形を、私はむしろお願いしたいです。 必要な背景の記録は、私の側で整え直します。,我愿意先承担我自己做过的部分。份额安排和陈年家庭隐情的处理顺序，请按程序排。,"Scripted text channel without party a/b as speaker: system, judge, witness, dossier, mediation, aftermath, and milestone copy."
non_party_scripted_text_src_data_scriptedText_family-01_channels_mediation_.entries_fact_first_b_.variants_mediation-fact_first-b-v2_.behaviorHint,non_party_scripted_text,src/data/scriptedText,family-01,channels[mediation].entries[fact_first|b].variants[mediation-fact_first-b-v2].behaviorHint,표정은 그대로지만 자료를 바라보는 시선이 오래 머문다.,,,,"Scripted text channel without party a/b as speaker: system, judge, witness, dossier, mediation, aftermath, and milestone copy."
non_party_scripted_text_src_data_scriptedText_family-01_channels_mediation_.entries_fact_first_b_.variants_mediation-fact_first-b-v2_.text,non_party_scripted_text,src/data/scriptedText,family-01,channels[mediation].entries[fact_first|b].variants[mediation-fact_first-b-v2].text,기록부터 보겠습니다. 제가 손댄 부분과 제가 숨긴 지원을 따로 세워야 합니다.,"If I am being honest with the court, i would rather the facts be set down in clean form first; the settlement can follow from there. I would rather end this with our mother's name unspoiled than with a clean win.",急がない整理を選んでいただけるなら、私は誠実に応じます。 相手の早すぎた断定の責任も、同じ重さで残してください。,关于这一点，我愿意先承担我自己做过的部分。份额安排和陈年家庭隐情的处理顺序，请按程序排。这是我能说的全部。,"Scripted text channel without party a/b as speaker: system, judge, witness, dossier, mediation, aftermath, and milestone copy."
non_party_scripted_text_src_data_scriptedText_family-01_channels_mediation_.entries_fact_first_b_.variants_mediation-fact_first-b-v3_.behaviorHint,non_party_scripted_text,src/data/scriptedText,family-01,channels[mediation].entries[fact_first|b].variants[mediation-fact_first-b-v3].behaviorHint,표정은 그대로지만 자료를 바라보는 시선이 오래 머문다.,,,,"Scripted text channel without party a/b as speaker: system, judge, witness, dossier, mediation, aftermath, and milestone copy."
non_party_scripted_text_src_data_scriptedText_family-01_channels_mediation_.entries_fact_first_b_.variants_mediation-fact_first-b-v3_.text,non_party_scripted_text,src/data/scriptedText,family-01,channels[mediation].entries[fact_first|b].variants[mediation-fact_first-b-v3].text,사실 먼저라면 동의합니다. 형이 모른 돈 흐름과 자필 연습본의 방향을 같이 봐야 합니다.,"Speaking plainly to the bench, i would rather the facts be set down in clean form first; the settlement can follow from there. I will not press for more than what is fair, even if I could.",時間を置いて、必要な範囲だけ記録に残す形を望みます。 沈黙で誤解を育てた部分は、私の側の問題です。,请允许我说，我愿意先承担我自己做过的部分。份额安排和陈年家庭隐情的处理顺序，请按程序排。希望您能仔细听完。,"Scripted text channel without party a/b as speaker: system, judge, witness, dossier, mediation, aftermath, and milestone copy."
non_party_scripted_text_src_data_scriptedText_family-01_channels_mediation_.entries_fact_first_b_.variants_mediation-fact_first-b-v4_.behaviorHint,non_party_scripted_text,src/data/scriptedText,family-01,channels[mediation].entries[fact_first|b].variants[mediation-fact_first-b-v4].behaviorHint,표정은 그대로지만 자료를 바라보는 시선이 오래 머문다.,,,,"Scripted text channel without party a/b as speaker: system, judge, witness, dossier, mediation, aftermath, and milestone copy."
non_party_scripted_text_src_data_scriptedText_family-01_channels_mediation_.entries_fact_first_b_.variants_mediation-fact_first-b-v4_.text,non_party_scripted_text,src/data/scriptedText,family-01,channels[mediation].entries[fact_first|b].variants[mediation-fact_first-b-v4].text,"좋습니다. 제가 왜 숨겼는지는 나중에 말하더라도, 무엇을 숨겼는지는 먼저 정리하겠습니다.","I would rather the facts be set down in clean form first; the settlement can follow from there. Whatever ratio the court decides, I will accept it without further argument.",少しの時間で整える形を、私はむしろお願いしたいです。 必要な背景は、必要な相手にだけ記録として残します。,我愿意先承担我自己做过的部分。份额安排和陈年家庭隐情的处理顺序，请按程序排。,"Scripted text channel without party a/b as speaker: system, judge, witness, dossier, mediation, aftermath, and milestone copy."
non_party_scripted_text_src_data_scriptedText_family-01_channels_mediation_.entries_fact_first_b_.variants_mediation-fact_first-b-v5_.behaviorHint,non_party_scripted_text,src/data/scriptedText,family-01,channels[mediation].entries[fact_first|b].variants[mediation-fact_first-b-v5].behaviorHint,표정은 그대로지만 자료를 바라보는 시선이 오래 머문다.,,,,"Scripted text channel without party a/b as speaker: system, judge, witness, dossier, mediation, aftermath, and milestone copy."
non_party_scripted_text_src_data_scriptedText_family-01_channels_mediation_.entries_fact_first_b_.variants_mediation-fact_first-b-v5_.text,non_party_scripted_text,src/data/scriptedText,family-01,channels[mediation].entries[fact_first|b].variants[mediation-fact_first-b-v5].text,먼저 자료를 보겠습니다. 그래야 지키려 했다는 말이 변명인지 맥락인지 판단할 수 있습니다.,"If I am being honest with the court, i would rather the facts be set down in clean form first; the settlement can follow from there. I am tired of fighting in her name; I would rather honour her quietly.",急がない整理を選んでいただけるなら、私は誠実に応じます。 私の側の遠回りが残した影響は、ここで言葉で整えます。,关于这一点，我愿意先承担我自己做过的部分。份额安排和陈年家庭隐情的处理顺序，请按程序排。这是我能说的全部。,"Scripted text channel without party a/b as speaker: system, judge, witness, dossier, mediation, aftermath, and milestone copy."
non_party_scripted_text_src_data_scriptedText_family-01_channels_mediation_.entries_fact_first_b_.variants_mediation-fact_first-b-v6_.behaviorHint,non_party_scripted_text,src/data/scriptedText,family-01,channels[mediation].entries[fact_first|b].variants[mediation-fact_first-b-v6].behaviorHint,표정은 그대로지만 자료를 바라보는 시선이 오래 머문다.,,,,"Scripted text channel without party a/b as speaker: system, judge, witness, dossier, mediation, aftermath, and milestone copy."
non_party_scripted_text_src_data_scriptedText_family-01_channels_mediation_.entries_fact_first_b_.variants_mediation-fact_first-b-v6_.text,non_party_scripted_text,src/data/scriptedText,family-01,channels[mediation].entries[fact_first|b].variants[mediation-fact_first-b-v6].text,"사실부터 가겠습니다. 서류를 바꾼 책임은 제게 있고, 그 배경도 기록으로 확인해야 합니다.","Speaking plainly to the bench, i would rather the facts be set down in clean form first; the settlement can follow from there. I have said what I needed to say; I am ready to step back from the fight.",時間を置いて、必要な範囲だけ記録に残す形を望みます。 裁判官のご判断に従い、必要な訂正は私の側で進めます。,请允许我说，我愿意先承担我自己做过的部分。份额安排和陈年家庭隐情的处理顺序，请按程序排。希望您能仔细听完。,"Scripted text channel without party a/b as speaker: system, judge, witness, dossier, mediation, aftermath, and milestone copy."
non_party_scripted_text_src_data_scriptedText_family-01_channels_mediation_.entries_fact_first_b_.variants_mediation-fact_first-b-v7_.behaviorHint,non_party_scripted_text,src/data/scriptedText,family-01,channels[mediation].entries[fact_first|b].variants[mediation-fact_first-b-v7].behaviorHint,표정은 그대로지만 자료를 바라보는 시선이 오래 머문다.,,,,"Scripted text channel without party a/b as speaker: system, judge, witness, dossier, mediation, aftermath, and milestone copy."
non_party_scripted_text_src_data_scriptedText_family-01_channels_mediation_.entries_fact_first_b_.variants_mediation-fact_first-b-v7_.text,non_party_scripted_text,src/data/scriptedText,family-01,channels[mediation].entries[fact_first|b].variants[mediation-fact_first-b-v7].text,저도 동의합니다. 형이 느낀 모욕과 실제 돈 흐름은 분리해서 봐야 합니다.,"I would rather the facts be set down in clean form first; the settlement can follow from there. I am not the only one who carried her, and I will not act as if I were.",少しの時間で整える形を、私はむしろお願いしたいです。 関係の再生より、これ以上の被害の拡大の停止を先に置いてください。,我愿意先承担我自己做过的部分。份额安排和陈年家庭隐情的处理顺序，请按程序排。,"Scripted text channel without party a/b as speaker: system, judge, witness, dossier, mediation, aftermath, and milestone copy."
non_party_scripted_text_src_data_scriptedText_family-01_channels_mediation_.entries_fact_first_b_.variants_mediation-fact_first-b-v8_.behaviorHint,non_party_scripted_text,src/data/scriptedText,family-01,channels[mediation].entries[fact_first|b].variants[mediation-fact_first-b-v8].behaviorHint,표정은 그대로지만 자료를 바라보는 시선이 오래 머문다.,,,,"Scripted text channel without party a/b as speaker: system, judge, witness, dossier, mediation, aftermath, and milestone copy."
non_party_scripted_text_src_data_scriptedText_family-01_channels_mediation_.entries_fact_first_b_.variants_mediation-fact_first-b-v8_.text,non_party_scripted_text,src/data/scriptedText,family-01,channels[mediation].entries[fact_first|b].variants[mediation-fact_first-b-v8].text,기록을 먼저 세우겠습니다. 제 침묵 때문에 흐려진 부분을 자료로 다시 묶어야 합니다.,"If I am being honest with the court, i would rather the facts be set down in clean form first; the settlement can follow from there. I would rather we walk out of here as brothers than as parties.",急がない整理を選んでいただけるなら、私は誠実に応じます。 私が直接話せなかった分は、必要な手続きで補います。,关于这一点，我愿意先承担我自己做过的部分。份额安排和陈年家庭隐情的处理顺序，请按程序排。这是我能说的全部。,"Scripted text channel without party a/b as speaker: system, judge, witness, dossier, mediation, aftermath, and milestone copy."
non_party_scripted_text_src_data_scriptedText_family-01_channels_mediation_.entries_fact_first_b_.variants_mediation-fact_first-b-v9_.behaviorHint,non_party_scripted_text,src/data/scriptedText,family-01,channels[mediation].entries[fact_first|b].variants[mediation-fact_first-b-v9].behaviorHint,표정은 그대로지만 자료를 바라보는 시선이 오래 머문다.,,,,"Scripted text channel without party a/b as speaker: system, judge, witness, dossier, mediation, aftermath, and milestone copy."
non_party_scripted_text_src_data_scriptedText_family-01_channels_mediation_.entries_fact_first_b_.variants_mediation-fact_first-b-v9_.text,non_party_scripted_text,src/data/scriptedText,family-01,channels[mediation].entries[fact_first|b].variants[mediation-fact_first-b-v9].text,사실 우선이면 말하겠습니다. 제가 고친 숫자와 오래 감춘 돈은 따로지만 이어져 있습니다.,"Speaking plainly to the bench, i would rather the facts be set down in clean form first; the settlement can follow from there. What I want most is for the family record to settle without further wounds.",時間を置いて、必要な範囲だけ記録に残す形を望みます。 相手の側の責任と私の責任を、それぞれの位置に置いてください。,请允许我说，我愿意先承担我自己做过的部分。份额安排和陈年家庭隐情的处理顺序，请按程序排。希望您能仔细听完。,"Scripted text channel without party a/b as speaker: system, judge, witness, dossier, mediation, aftermath, and milestone copy."
non_party_scripted_text_src_data_scriptedText_family-01_channels_mediation_.entries_immediate_a_.variants_mediation-immediate-a-v1_.behaviorHint,non_party_scripted_text,src/data/scriptedText,family-01,channels[mediation].entries[immediate|a].variants[mediation-immediate-a-v1].behaviorHint,단호하게 말하지만 마지막에는 어머니 쪽으로 시선이 꺾인다.,,,,"Scripted text channel without party a/b as speaker: system, judge, witness, dossier, mediation, aftermath, and milestone copy."
non_party_scripted_text_src_data_scriptedText_family-01_channels_mediation_.entries_immediate_a_.variants_mediation-immediate-a-v1_.text,non_party_scripted_text,src/data/scriptedText,family-01,channels[mediation].entries[immediate|a].variants[mediation-immediate-a-v1].text,지금 정리하셔도 됩니다. 다만 유서를 손댄 책임과 제가 장남이라 당연히 더 받아야 한다고 여긴 마음은 따로 봐주십시오.,"Your Honor, I am willing to settle this here, today, without dragging it out further. I am not asking for a victory; I am asking for a close to this that we can both live with.",今ここで整えていただいて構いません。裁判官、私の責任は退けません。 私が当然視してきた責任は、別の軸として残してください。,现在做整理也可以。但请把动那份纸的责任和我把长子位置当成理所当然这件事分开来看。,"Scripted text channel without party a/b as speaker: system, judge, witness, dossier, mediation, aftermath, and milestone copy."
non_party_scripted_text_src_data_scriptedText_family-01_channels_mediation_.entries_immediate_a_.variants_mediation-immediate-a-v10_.behaviorHint,non_party_scripted_text,src/data/scriptedText,family-01,channels[mediation].entries[immediate|a].variants[mediation-immediate-a-v10].behaviorHint,단호하게 말하지만 마지막에는 어머니 쪽으로 시선이 꺾인다.,,,,"Scripted text channel without party a/b as speaker: system, judge, witness, dossier, mediation, aftermath, and milestone copy."
non_party_scripted_text_src_data_scriptedText_family-01_channels_mediation_.entries_immediate_a_.variants_mediation-immediate-a-v10_.text,non_party_scripted_text,src/data/scriptedText,family-01,channels[mediation].entries[immediate|a].variants[mediation-immediate-a-v10].text,"지금 정리한다면 따르겠습니다. 저는 장남이라는 말로 버틴 부분을, 제 동생은 문서를 손댄 부분을 각각 봐야 합니다.","Your Honor, I am willing to settle this here, today, without dragging it out further. I am ready to set my pride aside if we can close this cleanly.",今ここで整えていただいて構いません。裁判官、私の責任は退けません。 関係を取り戻す前に、私の責任を先に引き受けます。,现在做整理也可以。但请把动那份纸的责任和我把长子位置当成理所当然这件事分开来看。,"Scripted text channel without party a/b as speaker: system, judge, witness, dossier, mediation, aftermath, and milestone copy."
non_party_scripted_text_src_data_scriptedText_family-01_channels_mediation_.entries_immediate_a_.variants_mediation-immediate-a-v2_.behaviorHint,non_party_scripted_text,src/data/scriptedText,family-01,channels[mediation].entries[immediate|a].variants[mediation-immediate-a-v2].behaviorHint,단호하게 말하지만 마지막에는 어머니 쪽으로 시선이 꺾인다.,,,,"Scripted text channel without party a/b as speaker: system, judge, witness, dossier, mediation, aftermath, and milestone copy."
non_party_scripted_text_src_data_scriptedText_family-01_channels_mediation_.entries_immediate_a_.variants_mediation-immediate-a-v2_.text,non_party_scripted_text,src/data/scriptedText,family-01,channels[mediation].entries[immediate|a].variants[mediation-immediate-a-v2].text,오늘 결론을 내셔도 됩니다. 제 동생의 문서 책임과 제가 어머니 뜻을 제 편으로만 읽은 책임은 같이 놓되 섞지 말아 주십시오.,"If I am being honest with the court, your Honor, I am willing to settle this here, today, without dragging it out further. I would rather end this with our mother's name unspoiled than with a clean win.",結論を本日お出しいただいても、私は受け止めます。 相手の沈黙が誤解を広げた経緯も、同じ机に置いてください。,关于这一点，现在做整理也可以。但请把动那份纸的责任和我把长子位置当成理所当然这件事分开来看。这是我能说的全部。,"Scripted text channel without party a/b as speaker: system, judge, witness, dossier, mediation, aftermath, and milestone copy."
non_party_scripted_text_src_data_scriptedText_family-01_channels_mediation_.entries_immediate_a_.variants_mediation-immediate-a-v3_.behaviorHint,non_party_scripted_text,src/data/scriptedText,family-01,channels[mediation].entries[immediate|a].variants[mediation-immediate-a-v3].behaviorHint,단호하게 말하지만 마지막에는 어머니 쪽으로 시선이 꺾인다.,,,,"Scripted text channel without party a/b as speaker: system, judge, witness, dossier, mediation, aftermath, and milestone copy."
non_party_scripted_text_src_data_scriptedText_family-01_channels_mediation_.entries_immediate_a_.variants_mediation-immediate-a-v3_.text,non_party_scripted_text,src/data/scriptedText,family-01,channels[mediation].entries[immediate|a].variants[mediation-immediate-a-v3].text,바로 판단하셔도 됩니다. 저는 제 몫이 줄었다는 분노와 동생이 숨긴 사실을 한꺼번에 몰아붙인 점은 인정하겠습니다.,"Speaking plainly to the bench, your Honor, I am willing to settle this here, today, without dragging it out further. I will not press for more than what is fair, even if I could.",すぐ判断していただいても結構です。私は早すぎた結論の責任を持ちます。 先に結論を出した責任を、私の側で引き受けます。,请允许我说，现在做整理也可以。但请把动那份纸的责任和我把长子位置当成理所当然这件事分开来看。希望您能仔细听完。,"Scripted text channel without party a/b as speaker: system, judge, witness, dossier, mediation, aftermath, and milestone copy."
non_party_scripted_text_src_data_scriptedText_family-01_channels_mediation_.entries_immediate_a_.variants_mediation-immediate-a-v4_.behaviorHint,non_party_scripted_text,src/data/scriptedText,family-01,channels[mediation].entries[immediate|a].variants[mediation-immediate-a-v4].behaviorHint,단호하게 말하지만 마지막에는 어머니 쪽으로 시선이 꺾인다.,,,,"Scripted text channel without party a/b as speaker: system, judge, witness, dossier, mediation, aftermath, and milestone copy."
non_party_scripted_text_src_data_scriptedText_family-01_channels_mediation_.entries_immediate_a_.variants_mediation-immediate-a-v4_.text,non_party_scripted_text,src/data/scriptedText,family-01,channels[mediation].entries[immediate|a].variants[mediation-immediate-a-v4].text,"지금 끝을 잡으신다면, 유서 절차의 잘못과 제가 돌본 일을 보상처럼 붙든 마음을 각각 기록해 주십시오.","Your Honor, I am willing to settle this here, today, without dragging it out further. Whatever ratio the court decides, I will accept it without further argument.",今ここで整えていただいて構いません。裁判官、私の責任は退けません。 公開の場で生まれた被害の回復は、私の側の動きで進めます。,现在做整理也可以。但请把动那份纸的责任和我把长子位置当成理所当然这件事分开来看。,"Scripted text channel without party a/b as speaker: system, judge, witness, dossier, mediation, aftermath, and milestone copy."
non_party_scripted_text_src_data_scriptedText_family-01_channels_mediation_.entries_immediate_a_.variants_mediation-immediate-a-v5_.behaviorHint,non_party_scripted_text,src/data/scriptedText,family-01,channels[mediation].entries[immediate|a].variants[mediation-immediate-a-v5].behaviorHint,단호하게 말하지만 마지막에는 어머니 쪽으로 시선이 꺾인다.,,,,"Scripted text channel without party a/b as speaker: system, judge, witness, dossier, mediation, aftermath, and milestone copy."
non_party_scripted_text_src_data_scriptedText_family-01_channels_mediation_.entries_immediate_a_.variants_mediation-immediate-a-v5_.text,non_party_scripted_text,src/data/scriptedText,family-01,channels[mediation].entries[immediate|a].variants[mediation-immediate-a-v5].text,"결론으로 가도 됩니다. 제 동생이 서류를 바꾼 일은 분명하지만, 저 역시 어머니 뜻을 제 기준으로만 읽었습니다.","If I am being honest with the court, your Honor, I am willing to settle this here, today, without dragging it out further. I am tired of fighting in her name; I would rather honour her quietly.",結論を本日お出しいただいても、私は受け止めます。 早すぎた断定の経緯を、私が言葉で整え直します。,关于这一点，现在做整理也可以。但请把动那份纸的责任和我把长子位置当成理所当然这件事分开来看。这是我能说的全部。,"Scripted text channel without party a/b as speaker: system, judge, witness, dossier, mediation, aftermath, and milestone copy."
non_party_scripted_text_src_data_scriptedText_family-01_channels_mediation_.entries_immediate_a_.variants_mediation-immediate-a-v6_.behaviorHint,non_party_scripted_text,src/data/scriptedText,family-01,channels[mediation].entries[immediate|a].variants[mediation-immediate-a-v6].behaviorHint,단호하게 말하지만 마지막에는 어머니 쪽으로 시선이 꺾인다.,,,,"Scripted text channel without party a/b as speaker: system, judge, witness, dossier, mediation, aftermath, and milestone copy."
non_party_scripted_text_src_data_scriptedText_family-01_channels_mediation_.entries_immediate_a_.variants_mediation-immediate-a-v6_.text,non_party_scripted_text,src/data/scriptedText,family-01,channels[mediation].entries[immediate|a].variants[mediation-immediate-a-v6].text,바로 정리하신다면 저는 받아들이겠습니다. 대신 제가 몰랐던 돈 흐름까지 유산 욕심 하나로 덮지는 말아 주십시오.,"Speaking plainly to the bench, your Honor, I am willing to settle this here, today, without dragging it out further. I have said what I needed to say; I am ready to step back from the fight.",すぐ判断していただいても結構です。私は早すぎた結論の責任を持ちます。 相手の意図と私の判断のずれは、ここで分けて記録してください。,请允许我说，现在做整理也可以。但请把动那份纸的责任和我把长子位置当成理所当然这件事分开来看。希望您能仔细听完。,"Scripted text channel without party a/b as speaker: system, judge, witness, dossier, mediation, aftermath, and milestone copy."
non_party_scripted_text_src_data_scriptedText_family-01_channels_mediation_.entries_immediate_a_.variants_mediation-immediate-a-v7_.behaviorHint,non_party_scripted_text,src/data/scriptedText,family-01,channels[mediation].entries[immediate|a].variants[mediation-immediate-a-v7].behaviorHint,단호하게 말하지만 마지막에는 어머니 쪽으로 시선이 꺾인다.,,,,"Scripted text channel without party a/b as speaker: system, judge, witness, dossier, mediation, aftermath, and milestone copy."
non_party_scripted_text_src_data_scriptedText_family-01_channels_mediation_.entries_immediate_a_.variants_mediation-immediate-a-v7_.text,non_party_scripted_text,src/data/scriptedText,family-01,channels[mediation].entries[immediate|a].variants[mediation-immediate-a-v7].text,"오늘 결정하셔도 됩니다. 저는 분노가 컸고, 제 동생은 숨긴 게 컸습니다. 어느 쪽도 한 줄로 끝낼 수 없습니다.","Your Honor, I am willing to settle this here, today, without dragging it out further. I am not the only one who carried her, and I will not act as if I were.",今ここで整えていただいて構いません。裁判官、私の責任は退けません。 私の側の整理が遅れた分は、ここで取り戻します。,现在做整理也可以。但请把动那份纸的责任和我把长子位置当成理所当然这件事分开来看。,"Scripted text channel without party a/b as speaker: system, judge, witness, dossier, mediation, aftermath, and milestone copy."
non_party_scripted_text_src_data_scriptedText_family-01_channels_mediation_.entries_immediate_a_.variants_mediation-immediate-a-v8_.behaviorHint,non_party_scripted_text,src/data/scriptedText,family-01,channels[mediation].entries[immediate|a].variants[mediation-immediate-a-v8].behaviorHint,단호하게 말하지만 마지막에는 어머니 쪽으로 시선이 꺾인다.,,,,"Scripted text channel without party a/b as speaker: system, judge, witness, dossier, mediation, aftermath, and milestone copy."
non_party_scripted_text_src_data_scriptedText_family-01_channels_mediation_.entries_immediate_a_.variants_mediation-immediate-a-v8_.text,non_party_scripted_text,src/data/scriptedText,family-01,channels[mediation].entries[immediate|a].variants[mediation-immediate-a-v8].text,"지금 판단하셔도 됩니다. 제 상처와 제 동생의 책임을 나란히 보되, 한쪽 말로 다른 쪽을 지우지는 말아 주십시오.","If I am being honest with the court, your Honor, I am willing to settle this here, today, without dragging it out further. I would rather we walk out of here as brothers than as parties.",結論を本日お出しいただいても、私は受け止めます。 公開された言葉の訂正は、私の側で先に出します。,关于这一点，现在做整理也可以。但请把动那份纸的责任和我把长子位置当成理所当然这件事分开来看。这是我能说的全部。,"Scripted text channel without party a/b as speaker: system, judge, witness, dossier, mediation, aftermath, and milestone copy."
non_party_scripted_text_src_data_scriptedText_family-01_channels_mediation_.entries_immediate_a_.variants_mediation-immediate-a-v9_.behaviorHint,non_party_scripted_text,src/data/scriptedText,family-01,channels[mediation].entries[immediate|a].variants[mediation-immediate-a-v9].behaviorHint,단호하게 말하지만 마지막에는 어머니 쪽으로 시선이 꺾인다.,,,,"Scripted text channel without party a/b as speaker: system, judge, witness, dossier, mediation, aftermath, and milestone copy."
non_party_scripted_text_src_data_scriptedText_family-01_channels_mediation_.entries_immediate_a_.variants_mediation-immediate-a-v9_.text,non_party_scripted_text,src/data/scriptedText,family-01,channels[mediation].entries[immediate|a].variants[mediation-immediate-a-v9].text,바로 마무리하셔도 됩니다. 다만 어머니를 누가 어떻게 자기 뜻으로 읽었는지까지 남겨 주셨으면 합니다.,"Speaking plainly to the bench, your Honor, I am willing to settle this here, today, without dragging it out further. What I want most is for the family record to settle without further wounds.",すぐ判断していただいても結構です。私は早すぎた結論の責任を持ちます。 裁判官のご判断に必要な範囲は、私の側でも揃えます。,请允许我说，现在做整理也可以。但请把动那份纸的责任和我把长子位置当成理所当然这件事分开来看。希望您能仔细听完。,"Scripted text channel without party a/b as speaker: system, judge, witness, dossier, mediation, aftermath, and milestone copy."
non_party_scripted_text_src_data_scriptedText_family-01_channels_mediation_.entries_immediate_b_.variants_mediation-immediate-b-v1_.behaviorHint,non_party_scripted_text,src/data/scriptedText,family-01,channels[mediation].entries[immediate|b].variants[mediation-immediate-b-v1].behaviorHint,짧게 고개를 끄덕이고 낮은 목소리로 책임을 받아든다.,,,,"Scripted text channel without party a/b as speaker: system, judge, witness, dossier, mediation, aftermath, and milestone copy."
non_party_scripted_text_src_data_scriptedText_family-01_channels_mediation_.entries_immediate_b_.variants_mediation-immediate-b-v1_.text,non_party_scripted_text,src/data/scriptedText,family-01,channels[mediation].entries[immediate|b].variants[mediation-immediate-b-v1].text,결론을 내리셔도 피하지 않겠습니다. 다만 문서를 고친 책임과 형을 지키려 했다는 이유를 함께 기록해 주십시오.,"Your Honor, I would rather we close this here than carry it any longer than we already have. I am not asking for a victory; I am asking for a close to this that we can both live with.",今お決めいただいても、私は逃げません。裁判官、方法の責任は引き受けます。 書類に手を加えた方法の責任は、私の側で引き受けます。,我愿意先承担我自己做过的部分。份额安排和陈年家庭隐情的处理顺序，请按程序排。,"Scripted text channel without party a/b as speaker: system, judge, witness, dossier, mediation, aftermath, and milestone copy."
non_party_scripted_text_src_data_scriptedText_family-01_channels_mediation_.entries_immediate_b_.variants_mediation-immediate-b-v10_.behaviorHint,non_party_scripted_text,src/data/scriptedText,family-01,channels[mediation].entries[immediate|b].variants[mediation-immediate-b-v10].behaviorHint,짧게 고개를 끄덕이고 낮은 목소리로 책임을 받아든다.,,,,"Scripted text channel without party a/b as speaker: system, judge, witness, dossier, mediation, aftermath, and milestone copy."
non_party_scripted_text_src_data_scriptedText_family-01_channels_mediation_.entries_immediate_b_.variants_mediation-immediate-b-v10_.text,non_party_scripted_text,src/data/scriptedText,family-01,channels[mediation].entries[immediate|b].variants[mediation-immediate-b-v10].text,"바로 결정하셔도 됩니다. 저는 문서를 건드린 사람이고, 동시에 오래 떠받친 사실도 숨긴 사람입니다.","Your Honor, I would rather we close this here than carry it any longer than we already have. I am ready to set my pride aside if we can close this cleanly.",今お決めいただいても、私は逃げません。裁判官、方法の責任は引き受けます。 必要な背景の記録は、私の側で整え直します。,我愿意先承担我自己做过的部分。份额安排和陈年家庭隐情的处理顺序，请按程序排。,"Scripted text channel without party a/b as speaker: system, judge, witness, dossier, mediation, aftermath, and milestone copy."
non_party_scripted_text_src_data_scriptedText_family-01_channels_mediation_.entries_immediate_b_.variants_mediation-immediate-b-v2_.behaviorHint,non_party_scripted_text,src/data/scriptedText,family-01,channels[mediation].entries[immediate|b].variants[mediation-immediate-b-v2].behaviorHint,짧게 고개를 끄덕이고 낮은 목소리로 책임을 받아든다.,,,,"Scripted text channel without party a/b as speaker: system, judge, witness, dossier, mediation, aftermath, and milestone copy."
non_party_scripted_text_src_data_scriptedText_family-01_channels_mediation_.entries_immediate_b_.variants_mediation-immediate-b-v2_.text,non_party_scripted_text,src/data/scriptedText,family-01,channels[mediation].entries[immediate|b].variants[mediation-immediate-b-v2].text,"지금 정리하셔도 됩니다. 제가 잘못한 일은 분명하지만, 더 가져가려던 흐름으로만 읽히면 사실이 다시 닫힙니다.","If I am being honest with the court, your Honor, I would rather we close this here than carry it any longer than we already have. I would rather end this with our mother's name unspoiled than with a clean win.",結論を本日いただいても私は受け止めます。書類への関与は私の責任です。 相手の早すぎた断定の責任も、同じ重さで残してください。,关于这一点，我愿意先承担我自己做过的部分。份额安排和陈年家庭隐情的处理顺序，请按程序排。这是我能说的全部。,"Scripted text channel without party a/b as speaker: system, judge, witness, dossier, mediation, aftermath, and milestone copy."
non_party_scripted_text_src_data_scriptedText_family-01_channels_mediation_.entries_immediate_b_.variants_mediation-immediate-b-v3_.behaviorHint,non_party_scripted_text,src/data/scriptedText,family-01,channels[mediation].entries[immediate|b].variants[mediation-immediate-b-v3].behaviorHint,짧게 고개를 끄덕이고 낮은 목소리로 책임을 받아든다.,,,,"Scripted text channel without party a/b as speaker: system, judge, witness, dossier, mediation, aftermath, and milestone copy."
non_party_scripted_text_src_data_scriptedText_family-01_channels_mediation_.entries_immediate_b_.variants_mediation-immediate-b-v3_.text,non_party_scripted_text,src/data/scriptedText,family-01,channels[mediation].entries[immediate|b].variants[mediation-immediate-b-v3].text,바로 판단하신다면 받겠습니다. 대신 오래 숨긴 돈과 문서의 방향을 함께 봐야 제 책임도 정확해집니다.,"Speaking plainly to the bench, your Honor, I would rather we close this here than carry it any longer than we already have. I will not press for more than what is fair, even if I could.",すぐご判断いただいても構いません。私の沈黙が誤解を育てた点は譲りません。 沈黙で誤解を育てた部分は、私の側の問題です。,请允许我说，我愿意先承担我自己做过的部分。份额安排和陈年家庭隐情的处理顺序，请按程序排。希望您能仔细听完。,"Scripted text channel without party a/b as speaker: system, judge, witness, dossier, mediation, aftermath, and milestone copy."
non_party_scripted_text_src_data_scriptedText_family-01_channels_mediation_.entries_immediate_b_.variants_mediation-immediate-b-v4_.behaviorHint,non_party_scripted_text,src/data/scriptedText,family-01,channels[mediation].entries[immediate|b].variants[mediation-immediate-b-v4].behaviorHint,짧게 고개를 끄덕이고 낮은 목소리로 책임을 받아든다.,,,,"Scripted text channel without party a/b as speaker: system, judge, witness, dossier, mediation, aftermath, and milestone copy."
non_party_scripted_text_src_data_scriptedText_family-01_channels_mediation_.entries_immediate_b_.variants_mediation-immediate-b-v4_.text,non_party_scripted_text,src/data/scriptedText,family-01,channels[mediation].entries[immediate|b].variants[mediation-immediate-b-v4].text,"오늘 결론을 내셔도 됩니다. 저는 선을 넘었고, 그 선을 넘은 이유까지 말할 준비가 되어 있습니다.","Your Honor, I would rather we close this here than carry it any longer than we already have. Whatever ratio the court decides, I will accept it without further argument.",今お決めいただいても、私は逃げません。裁判官、方法の責任は引き受けます。 必要な背景は、必要な相手にだけ記録として残します。,我愿意先承担我自己做过的部分。份额安排和陈年家庭隐情的处理顺序，请按程序排。,"Scripted text channel without party a/b as speaker: system, judge, witness, dossier, mediation, aftermath, and milestone copy."
non_party_scripted_text_src_data_scriptedText_family-01_channels_mediation_.entries_immediate_b_.variants_mediation-immediate-b-v5_.behaviorHint,non_party_scripted_text,src/data/scriptedText,family-01,channels[mediation].entries[immediate|b].variants[mediation-immediate-b-v5].behaviorHint,짧게 고개를 끄덕이고 낮은 목소리로 책임을 받아든다.,,,,"Scripted text channel without party a/b as speaker: system, judge, witness, dossier, mediation, aftermath, and milestone copy."
non_party_scripted_text_src_data_scriptedText_family-01_channels_mediation_.entries_immediate_b_.variants_mediation-immediate-b-v5_.text,non_party_scripted_text,src/data/scriptedText,family-01,channels[mediation].entries[immediate|b].variants[mediation-immediate-b-v5].text,지금 끝을 잡으신다면 피하지 않겠습니다. 형이 몰랐던 지원과 어머니 뜻을 제가 고친 일을 같이 올려 주십시오.,"If I am being honest with the court, your Honor, I would rather we close this here than carry it any longer than we already have. I am tired of fighting in her name; I would rather honour her quietly.",結論を本日いただいても私は受け止めます。書類への関与は私の責任です。 私の側の遠回りが残した影響は、ここで言葉で整えます。,关于这一点，我愿意先承担我自己做过的部分。份额安排和陈年家庭隐情的处理顺序，请按程序排。这是我能说的全部。,"Scripted text channel without party a/b as speaker: system, judge, witness, dossier, mediation, aftermath, and milestone copy."
non_party_scripted_text_src_data_scriptedText_family-01_channels_mediation_.entries_immediate_b_.variants_mediation-immediate-b-v6_.behaviorHint,non_party_scripted_text,src/data/scriptedText,family-01,channels[mediation].entries[immediate|b].variants[mediation-immediate-b-v6].behaviorHint,짧게 고개를 끄덕이고 낮은 목소리로 책임을 받아든다.,,,,"Scripted text channel without party a/b as speaker: system, judge, witness, dossier, mediation, aftermath, and milestone copy."
non_party_scripted_text_src_data_scriptedText_family-01_channels_mediation_.entries_immediate_b_.variants_mediation-immediate-b-v6_.text,non_party_scripted_text,src/data/scriptedText,family-01,channels[mediation].entries[immediate|b].variants[mediation-immediate-b-v6].text,"바로 정리하셔도 됩니다. 지키려 했다는 말이 책임을 없애진 않지만, 욕심으로만 남는 것도 사실이 아닙니다.","Speaking plainly to the bench, your Honor, I would rather we close this here than carry it any longer than we already have. I have said what I needed to say; I am ready to step back from the fight.",すぐご判断いただいても構いません。私の沈黙が誤解を育てた点は譲りません。 裁判官のご判断に従い、必要な訂正は私の側で進めます。,请允许我说，我愿意先承担我自己做过的部分。份额安排和陈年家庭隐情的处理顺序，请按程序排。希望您能仔细听完。,"Scripted text channel without party a/b as speaker: system, judge, witness, dossier, mediation, aftermath, and milestone copy."
non_party_scripted_text_src_data_scriptedText_family-01_channels_mediation_.entries_immediate_b_.variants_mediation-immediate-b-v7_.behaviorHint,non_party_scripted_text,src/data/scriptedText,family-01,channels[mediation].entries[immediate|b].variants[mediation-immediate-b-v7].behaviorHint,짧게 고개를 끄덕이고 낮은 목소리로 책임을 받아든다.,,,,"Scripted text channel without party a/b as speaker: system, judge, witness, dossier, mediation, aftermath, and milestone copy."
non_party_scripted_text_src_data_scriptedText_family-01_channels_mediation_.entries_immediate_b_.variants_mediation-immediate-b-v7_.text,non_party_scripted_text,src/data/scriptedText,family-01,channels[mediation].entries[immediate|b].variants[mediation-immediate-b-v7].text,결론으로 가셔도 됩니다. 제가 숨긴 일과 형이 당연하게 여긴 몫을 둘 다 놓고 봐야 합니다.,"Your Honor, I would rather we close this here than carry it any longer than we already have. I am not the only one who carried her, and I will not act as if I were.",今お決めいただいても、私は逃げません。裁判官、方法の責任は引き受けます。 関係の再生より、これ以上の被害の拡大の停止を先に置いてください。,我愿意先承担我自己做过的部分。份额安排和陈年家庭隐情的处理顺序，请按程序排。,"Scripted text channel without party a/b as speaker: system, judge, witness, dossier, mediation, aftermath, and milestone copy."
non_party_scripted_text_src_data_scriptedText_family-01_channels_mediation_.entries_immediate_b_.variants_mediation-immediate-b-v8_.behaviorHint,non_party_scripted_text,src/data/scriptedText,family-01,channels[mediation].entries[immediate|b].variants[mediation-immediate-b-v8].behaviorHint,짧게 고개를 끄덕이고 낮은 목소리로 책임을 받아든다.,,,,"Scripted text channel without party a/b as speaker: system, judge, witness, dossier, mediation, aftermath, and milestone copy."
non_party_scripted_text_src_data_scriptedText_family-01_channels_mediation_.entries_immediate_b_.variants_mediation-immediate-b-v8_.text,non_party_scripted_text,src/data/scriptedText,family-01,channels[mediation].entries[immediate|b].variants[mediation-immediate-b-v8].text,지금 판단하신다면 받아들이겠습니다. 제가 고친 숫자와 그 뒤에 숨은 두려움을 같이 보셔야 합니다.,"If I am being honest with the court, your Honor, I would rather we close this here than carry it any longer than we already have. I would rather we walk out of here as brothers than as parties.",結論を本日いただいても私は受け止めます。書類への関与は私の責任です。 私が直接話せなかった分は、必要な手続きで補います。,关于这一点，我愿意先承担我自己做过的部分。份额安排和陈年家庭隐情的处理顺序，请按程序排。这是我能说的全部。,"Scripted text channel without party a/b as speaker: system, judge, witness, dossier, mediation, aftermath, and milestone copy."
non_party_scripted_text_src_data_scriptedText_family-01_channels_mediation_.entries_immediate_b_.variants_mediation-immediate-b-v9_.behaviorHint,non_party_scripted_text,src/data/scriptedText,family-01,channels[mediation].entries[immediate|b].variants[mediation-immediate-b-v9].behaviorHint,짧게 고개를 끄덕이고 낮은 목소리로 책임을 받아든다.,,,,"Scripted text channel without party a/b as speaker: system, judge, witness, dossier, mediation, aftermath, and milestone copy."
non_party_scripted_text_src_data_scriptedText_family-01_channels_mediation_.entries_immediate_b_.variants_mediation-immediate-b-v9_.text,non_party_scripted_text,src/data/scriptedText,family-01,channels[mediation].entries[immediate|b].variants[mediation-immediate-b-v9].text,오늘 정리해도 괜찮습니다. 더 말하지 않는 쪽으로 도망치지 않고 제 책임을 말하겠습니다.,"Speaking plainly to the bench, your Honor, I would rather we close this here than carry it any longer than we already have. What I want most is for the family record to settle without further wounds.",すぐご判断いただいても構いません。私の沈黙が誤解を育てた点は譲りません。 相手の側の責任と私の責任を、それぞれの位置に置いてください。,请允许我说，我愿意先承担我自己做过的部分。份额安排和陈年家庭隐情的处理顺序，请按程序排。希望您能仔细听完。,"Scripted text channel without party a/b as speaker: system, judge, witness, dossier, mediation, aftermath, and milestone copy."
non_party_scripted_text_src_data_scriptedText_family-01_channels_mediation_.entries_postpone_a_.variants_mediation-postpone-a-v1_.behaviorHint,non_party_scripted_text,src/data/scriptedText,family-01,channels[mediation].entries[postpone|a].variants[mediation-postpone-a-v1].behaviorHint,분노를 삼키며 손끝을 탁자 위에 가만히 세운다.,,,,"Scripted text channel without party a/b as speaker: system, judge, witness, dossier, mediation, aftermath, and milestone copy."
non_party_scripted_text_src_data_scriptedText_family-01_channels_mediation_.entries_postpone_a_.variants_mediation-postpone-a-v1_.text,non_party_scripted_text,src/data/scriptedText,family-01,channels[mediation].entries[postpone|a].variants[mediation-postpone-a-v1].text,조금 미루는 건 받아들이겠습니다. 지금은 제 동생 얼굴만 봐도 말이 세게 나와 사실을 놓칠까 걱정됩니다.,I am asking the court for time before we settle anything; I am not yet ready to put my name to a final figure. I am not asking for a victory; I am asking for a close to this that we can both live with.,少し時間を置いて整える形なら、私も誠実に従います。 私が当然視してきた責任は、別の軸として残してください。,现在做整理也可以。但请把动那份纸的责任和我把长子位置当成理所当然这件事分开来看。,"Scripted text channel without party a/b as speaker: system, judge, witness, dossier, mediation, aftermath, and milestone copy."
non_party_scripted_text_src_data_scriptedText_family-01_channels_mediation_.entries_postpone_a_.variants_mediation-postpone-a-v10_.behaviorHint,non_party_scripted_text,src/data/scriptedText,family-01,channels[mediation].entries[postpone|a].variants[mediation-postpone-a-v10].behaviorHint,분노를 삼키며 손끝을 탁자 위에 가만히 세운다.,,,,"Scripted text channel without party a/b as speaker: system, judge, witness, dossier, mediation, aftermath, and milestone copy."
non_party_scripted_text_src_data_scriptedText_family-01_channels_mediation_.entries_postpone_a_.variants_mediation-postpone-a-v10_.text,non_party_scripted_text,src/data/scriptedText,family-01,channels[mediation].entries[postpone|a].variants[mediation-postpone-a-v10].text,미루셔도 됩니다. 다만 이 멈춤이 서로 덮는 시간이 아니라 사실을 정리하는 시간이었으면 합니다.,I am asking the court for time before we settle anything; I am not yet ready to put my name to a final figure. I am ready to set my pride aside if we can close this cleanly.,少し時間を置いて整える形なら、私も誠実に従います。 関係を取り戻す前に、私の責任を先に引き受けます。,现在做整理也可以。但请把动那份纸的责任和我把长子位置当成理所当然这件事分开来看。,"Scripted text channel without party a/b as speaker: system, judge, witness, dossier, mediation, aftermath, and milestone copy."
non_party_scripted_text_src_data_scriptedText_family-01_channels_mediation_.entries_postpone_a_.variants_mediation-postpone-a-v2_.behaviorHint,non_party_scripted_text,src/data/scriptedText,family-01,channels[mediation].entries[postpone|a].variants[mediation-postpone-a-v2].behaviorHint,분노를 삼키며 손끝을 탁자 위에 가만히 세운다.,,,,"Scripted text channel without party a/b as speaker: system, judge, witness, dossier, mediation, aftermath, and milestone copy."
non_party_scripted_text_src_data_scriptedText_family-01_channels_mediation_.entries_postpone_a_.variants_mediation-postpone-a-v2_.text,non_party_scripted_text,src/data/scriptedText,family-01,channels[mediation].entries[postpone|a].variants[mediation-postpone-a-v2].text,시간을 두자는 말씀이면 따르겠습니다. 다만 보류가 문서 책임을 흐리는 시간이 되면 안 됩니다.,"If I am being honest with the court, i am asking the court for time before we settle anything; I am not yet ready to put my name to a final figure. I would rather end this with our mother's name unspoiled than with a clean win.",急がない整理を選んでくださるなら、私は受け止めます。 相手の沈黙が誤解を広げた経緯も、同じ机に置いてください。,关于这一点，现在做整理也可以。但请把动那份纸的责任和我把长子位置当成理所当然这件事分开来看。这是我能说的全部。,"Scripted text channel without party a/b as speaker: system, judge, witness, dossier, mediation, aftermath, and milestone copy."
non_party_scripted_text_src_data_scriptedText_family-01_channels_mediation_.entries_postpone_a_.variants_mediation-postpone-a-v3_.behaviorHint,non_party_scripted_text,src/data/scriptedText,family-01,channels[mediation].entries[postpone|a].variants[mediation-postpone-a-v3].behaviorHint,분노를 삼키며 손끝을 탁자 위에 가만히 세운다.,,,,"Scripted text channel without party a/b as speaker: system, judge, witness, dossier, mediation, aftermath, and milestone copy."
non_party_scripted_text_src_data_scriptedText_family-01_channels_mediation_.entries_postpone_a_.variants_mediation-postpone-a-v3_.text,non_party_scripted_text,src/data/scriptedText,family-01,channels[mediation].entries[postpone|a].variants[mediation-postpone-a-v3].text,잠깐 멈추겠습니다. 제 분노가 앞서면 어머니 뜻보다 제 상처만 크게 말할 것 같습니다.,"Speaking plainly to the bench, i am asking the court for time before we settle anything; I am not yet ready to put my name to a final figure. I will not press for more than what is fair, even if I could.",判断を急がず、私の側の責任を整える時間をください。 先に結論を出した責任を、私の側で引き受けます。,请允许我说，现在做整理也可以。但请把动那份纸的责任和我把长子位置当成理所当然这件事分开来看。希望您能仔细听完。,"Scripted text channel without party a/b as speaker: system, judge, witness, dossier, mediation, aftermath, and milestone copy."
non_party_scripted_text_src_data_scriptedText_family-01_channels_mediation_.entries_postpone_a_.variants_mediation-postpone-a-v4_.behaviorHint,non_party_scripted_text,src/data/scriptedText,family-01,channels[mediation].entries[postpone|a].variants[mediation-postpone-a-v4].behaviorHint,분노를 삼키며 손끝을 탁자 위에 가만히 세운다.,,,,"Scripted text channel without party a/b as speaker: system, judge, witness, dossier, mediation, aftermath, and milestone copy."
non_party_scripted_text_src_data_scriptedText_family-01_channels_mediation_.entries_postpone_a_.variants_mediation-postpone-a-v4_.text,non_party_scripted_text,src/data/scriptedText,family-01,channels[mediation].entries[postpone|a].variants[mediation-postpone-a-v4].text,"미루는 건 가능하지만, 자료 정리는 바로 해 주십시오. 시간이 지나도 자필 연습본과 공증본은 사라지면 안 됩니다.","I am asking the court for time before we settle anything; I am not yet ready to put my name to a final figure. Whatever ratio the court decides, I will accept it without further argument.",少し時間を置いて整える形なら、私も誠実に従います。 公開の場で生まれた被害の回復は、私の側の動きで進めます。,现在做整理也可以。但请把动那份纸的责任和我把长子位置当成理所当然这件事分开来看。,"Scripted text channel without party a/b as speaker: system, judge, witness, dossier, mediation, aftermath, and milestone copy."
non_party_scripted_text_src_data_scriptedText_family-01_channels_mediation_.entries_postpone_a_.variants_mediation-postpone-a-v5_.behaviorHint,non_party_scripted_text,src/data/scriptedText,family-01,channels[mediation].entries[postpone|a].variants[mediation-postpone-a-v5].behaviorHint,분노를 삼키며 손끝을 탁자 위에 가만히 세운다.,,,,"Scripted text channel without party a/b as speaker: system, judge, witness, dossier, mediation, aftermath, and milestone copy."
non_party_scripted_text_src_data_scriptedText_family-01_channels_mediation_.entries_postpone_a_.variants_mediation-postpone-a-v5_.text,non_party_scripted_text,src/data/scriptedText,family-01,channels[mediation].entries[postpone|a].variants[mediation-postpone-a-v5].text,조금 뒤로 미루겠습니다. 지금 결론을 내리면 저도 제 몫 이야기만 반복할 것 같습니다.,"If I am being honest with the court, i am asking the court for time before we settle anything; I am not yet ready to put my name to a final figure. I am tired of fighting in her name; I would rather honour her quietly.",急がない整理を選んでくださるなら、私は受け止めます。 早すぎた断定の経緯を、私が言葉で整え直します。,关于这一点，现在做整理也可以。但请把动那份纸的责任和我把长子位置当成理所当然这件事分开来看。这是我能说的全部。,"Scripted text channel without party a/b as speaker: system, judge, witness, dossier, mediation, aftermath, and milestone copy."
non_party_scripted_text_src_data_scriptedText_family-01_channels_mediation_.entries_postpone_a_.variants_mediation-postpone-a-v6_.behaviorHint,non_party_scripted_text,src/data/scriptedText,family-01,channels[mediation].entries[postpone|a].variants[mediation-postpone-a-v6].behaviorHint,분노를 삼키며 손끝을 탁자 위에 가만히 세운다.,,,,"Scripted text channel without party a/b as speaker: system, judge, witness, dossier, mediation, aftermath, and milestone copy."
non_party_scripted_text_src_data_scriptedText_family-01_channels_mediation_.entries_postpone_a_.variants_mediation-postpone-a-v6_.text,non_party_scripted_text,src/data/scriptedText,family-01,channels[mediation].entries[postpone|a].variants[mediation-postpone-a-v6].text,시간이 필요하다는 건 압니다. 다만 제 동생 침묵이 다시 방패가 되지 않게 해 주십시오.,"Speaking plainly to the bench, i am asking the court for time before we settle anything; I am not yet ready to put my name to a final figure. I have said what I needed to say; I am ready to step back from the fight.",判断を急がず、私の側の責任を整える時間をください。 相手の意図と私の判断のずれは、ここで分けて記録してください。,请允许我说，现在做整理也可以。但请把动那份纸的责任和我把长子位置当成理所当然这件事分开来看。希望您能仔细听完。,"Scripted text channel without party a/b as speaker: system, judge, witness, dossier, mediation, aftermath, and milestone copy."
non_party_scripted_text_src_data_scriptedText_family-01_channels_mediation_.entries_postpone_a_.variants_mediation-postpone-a-v7_.behaviorHint,non_party_scripted_text,src/data/scriptedText,family-01,channels[mediation].entries[postpone|a].variants[mediation-postpone-a-v7].behaviorHint,분노를 삼키며 손끝을 탁자 위에 가만히 세운다.,,,,"Scripted text channel without party a/b as speaker: system, judge, witness, dossier, mediation, aftermath, and milestone copy."
non_party_scripted_text_src_data_scriptedText_family-01_channels_mediation_.entries_postpone_a_.variants_mediation-postpone-a-v7_.text,non_party_scripted_text,src/data/scriptedText,family-01,channels[mediation].entries[postpone|a].variants[mediation-postpone-a-v7].text,멈추겠습니다. 제 장남 자존심이 아직 너무 올라와 있어서 차분한 판단이 어렵습니다.,"I am asking the court for time before we settle anything; I am not yet ready to put my name to a final figure. I am not the only one who carried her, and I will not act as if I were.",少し時間を置いて整える形なら、私も誠実に従います。 私の側の整理が遅れた分は、ここで取り戻します。,现在做整理也可以。但请把动那份纸的责任和我把长子位置当成理所当然这件事分开来看。,"Scripted text channel without party a/b as speaker: system, judge, witness, dossier, mediation, aftermath, and milestone copy."
non_party_scripted_text_src_data_scriptedText_family-01_channels_mediation_.entries_postpone_a_.variants_mediation-postpone-a-v8_.behaviorHint,non_party_scripted_text,src/data/scriptedText,family-01,channels[mediation].entries[postpone|a].variants[mediation-postpone-a-v8].behaviorHint,분노를 삼키며 손끝을 탁자 위에 가만히 세운다.,,,,"Scripted text channel without party a/b as speaker: system, judge, witness, dossier, mediation, aftermath, and milestone copy."
non_party_scripted_text_src_data_scriptedText_family-01_channels_mediation_.entries_postpone_a_.variants_mediation-postpone-a-v8_.text,non_party_scripted_text,src/data/scriptedText,family-01,channels[mediation].entries[postpone|a].variants[mediation-postpone-a-v8].text,잠시 보류하는 건 받아들이겠습니다. 대신 돈 흐름과 유서 절차는 따로 보관해 주십시오.,"If I am being honest with the court, i am asking the court for time before we settle anything; I am not yet ready to put my name to a final figure. I would rather we walk out of here as brothers than as parties.",急がない整理を選んでくださるなら、私は受け止めます。 公開された言葉の訂正は、私の側で先に出します。,关于这一点，现在做整理也可以。但请把动那份纸的责任和我把长子位置当成理所当然这件事分开来看。这是我能说的全部。,"Scripted text channel without party a/b as speaker: system, judge, witness, dossier, mediation, aftermath, and milestone copy."
non_party_scripted_text_src_data_scriptedText_family-01_channels_mediation_.entries_postpone_a_.variants_mediation-postpone-a-v9_.behaviorHint,non_party_scripted_text,src/data/scriptedText,family-01,channels[mediation].entries[postpone|a].variants[mediation-postpone-a-v9].behaviorHint,분노를 삼키며 손끝을 탁자 위에 가만히 세운다.,,,,"Scripted text channel without party a/b as speaker: system, judge, witness, dossier, mediation, aftermath, and milestone copy."
non_party_scripted_text_src_data_scriptedText_family-01_channels_mediation_.entries_postpone_a_.variants_mediation-postpone-a-v9_.text,non_party_scripted_text,src/data/scriptedText,family-01,channels[mediation].entries[postpone|a].variants[mediation-postpone-a-v9].text,조금 시간을 두겠습니다. 지금은 제가 어머니를 위한 말인지 제 체면을 위한 말인지 구분하기 어렵습니다.,"Speaking plainly to the bench, i am asking the court for time before we settle anything; I am not yet ready to put my name to a final figure. What I want most is for the family record to settle without further wounds.",判断を急がず、私の側の責任を整える時間をください。 裁判官のご判断に必要な範囲は、私の側でも揃えます。,请允许我说，现在做整理也可以。但请把动那份纸的责任和我把长子位置当成理所当然这件事分开来看。希望您能仔细听完。,"Scripted text channel without party a/b as speaker: system, judge, witness, dossier, mediation, aftermath, and milestone copy."
non_party_scripted_text_src_data_scriptedText_family-01_channels_mediation_.entries_postpone_b_.variants_mediation-postpone-b-v1_.behaviorHint,non_party_scripted_text,src/data/scriptedText,family-01,channels[mediation].entries[postpone|b].variants[mediation-postpone-b-v1].behaviorHint,숨을 고르고 긴 침묵 뒤에 필요한 말만 꺼낸다.,,,,"Scripted text channel without party a/b as speaker: system, judge, witness, dossier, mediation, aftermath, and milestone copy."
non_party_scripted_text_src_data_scriptedText_family-01_channels_mediation_.entries_postpone_b_.variants_mediation-postpone-b-v1_.text,non_party_scripted_text,src/data/scriptedText,family-01,channels[mediation].entries[postpone|b].variants[mediation-postpone-b-v1].text,잠깐 멈추는 게 필요합니다. 지금 더 말하면 형이 받아들이기 전에 상처부터 입을 것 같습니다.,I would rather we postpone any settlement until I have laid out the rest of my account properly. I am not asking for a victory; I am asking for a close to this that we can both live with.,少しの時間で整える形を、私はむしろお願いしたいです。 書類に手を加えた方法の責任は、私の側で引き受けます。,我愿意先承担我自己做过的部分。份额安排和陈年家庭隐情的处理顺序，请按程序排。,"Scripted text channel without party a/b as speaker: system, judge, witness, dossier, mediation, aftermath, and milestone copy."
non_party_scripted_text_src_data_scriptedText_family-01_channels_mediation_.entries_postpone_b_.variants_mediation-postpone-b-v10_.behaviorHint,non_party_scripted_text,src/data/scriptedText,family-01,channels[mediation].entries[postpone|b].variants[mediation-postpone-b-v10].behaviorHint,숨을 고르고 긴 침묵 뒤에 필요한 말만 꺼낸다.,,,,"Scripted text channel without party a/b as speaker: system, judge, witness, dossier, mediation, aftermath, and milestone copy."
non_party_scripted_text_src_data_scriptedText_family-01_channels_mediation_.entries_postpone_b_.variants_mediation-postpone-b-v10_.text,non_party_scripted_text,src/data/scriptedText,family-01,channels[mediation].entries[postpone|b].variants[mediation-postpone-b-v10].text,시간을 두겠습니다. 다만 이 보류가 형이 모르는 지원을 다시 덮는 시간은 아니어야 합니다.,I would rather we postpone any settlement until I have laid out the rest of my account properly. I am ready to set my pride aside if we can close this cleanly.,少しの時間で整える形を、私はむしろお願いしたいです。 必要な背景の記録は、私の側で整え直します。,我愿意先承担我自己做过的部分。份额安排和陈年家庭隐情的处理顺序，请按程序排。,"Scripted text channel without party a/b as speaker: system, judge, witness, dossier, mediation, aftermath, and milestone copy."
non_party_scripted_text_src_data_scriptedText_family-01_channels_mediation_.entries_postpone_b_.variants_mediation-postpone-b-v2_.behaviorHint,non_party_scripted_text,src/data/scriptedText,family-01,channels[mediation].entries[postpone|b].variants[mediation-postpone-b-v2].behaviorHint,숨을 고르고 긴 침묵 뒤에 필요한 말만 꺼낸다.,,,,"Scripted text channel without party a/b as speaker: system, judge, witness, dossier, mediation, aftermath, and milestone copy."
non_party_scripted_text_src_data_scriptedText_family-01_channels_mediation_.entries_postpone_b_.variants_mediation-postpone-b-v2_.text,non_party_scripted_text,src/data/scriptedText,family-01,channels[mediation].entries[postpone|b].variants[mediation-postpone-b-v2].text,시간을 두겠습니다. 제가 숨긴 사실을 한꺼번에 꺼내면 사실보다 충격이 먼저 남을 수 있습니다.,"If I am being honest with the court, i would rather we postpone any settlement until I have laid out the rest of my account properly. I would rather end this with our mother's name unspoiled than with a clean win.",急がない整理を選んでいただけるなら、私は誠実に応じます。 相手の早すぎた断定の責任も、同じ重さで残してください。,关于这一点，我愿意先承担我自己做过的部分。份额安排和陈年家庭隐情的处理顺序，请按程序排。这是我能说的全部。,"Scripted text channel without party a/b as speaker: system, judge, witness, dossier, mediation, aftermath, and milestone copy."
non_party_scripted_text_src_data_scriptedText_family-01_channels_mediation_.entries_postpone_b_.variants_mediation-postpone-b-v3_.behaviorHint,non_party_scripted_text,src/data/scriptedText,family-01,channels[mediation].entries[postpone|b].variants[mediation-postpone-b-v3].behaviorHint,숨을 고르고 긴 침묵 뒤에 필요한 말만 꺼낸다.,,,,"Scripted text channel without party a/b as speaker: system, judge, witness, dossier, mediation, aftermath, and milestone copy."
non_party_scripted_text_src_data_scriptedText_family-01_channels_mediation_.entries_postpone_b_.variants_mediation-postpone-b-v3_.text,non_party_scripted_text,src/data/scriptedText,family-01,channels[mediation].entries[postpone|b].variants[mediation-postpone-b-v3].text,보류하는 데 동의합니다. 다만 그 시간이 제가 다시 입을 닫는 이유가 되면 안 됩니다.,"Speaking plainly to the bench, i would rather we postpone any settlement until I have laid out the rest of my account properly. I will not press for more than what is fair, even if I could.",時間を置いて、必要な範囲だけ記録に残す形を望みます。 沈黙で誤解を育てた部分は、私の側の問題です。,请允许我说，我愿意先承担我自己做过的部分。份额安排和陈年家庭隐情的处理顺序，请按程序排。希望您能仔细听完。,"Scripted text channel without party a/b as speaker: system, judge, witness, dossier, mediation, aftermath, and milestone copy."
non_party_scripted_text_src_data_scriptedText_family-01_channels_mediation_.entries_postpone_b_.variants_mediation-postpone-b-v4_.behaviorHint,non_party_scripted_text,src/data/scriptedText,family-01,channels[mediation].entries[postpone|b].variants[mediation-postpone-b-v4].behaviorHint,숨을 고르고 긴 침묵 뒤에 필요한 말만 꺼낸다.,,,,"Scripted text channel without party a/b as speaker: system, judge, witness, dossier, mediation, aftermath, and milestone copy."
non_party_scripted_text_src_data_scriptedText_family-01_channels_mediation_.entries_postpone_b_.variants_mediation-postpone-b-v4_.text,non_party_scripted_text,src/data/scriptedText,family-01,channels[mediation].entries[postpone|b].variants[mediation-postpone-b-v4].text,조금 늦추는 게 맞겠습니다. 돈 흐름과 문서 순서를 차분히 묶어야 형도 들을 수 있습니다.,"I would rather we postpone any settlement until I have laid out the rest of my account properly. Whatever ratio the court decides, I will accept it without further argument.",少しの時間で整える形を、私はむしろお願いしたいです。 必要な背景は、必要な相手にだけ記録として残します。,我愿意先承担我自己做过的部分。份额安排和陈年家庭隐情的处理顺序，请按程序排。,"Scripted text channel without party a/b as speaker: system, judge, witness, dossier, mediation, aftermath, and milestone copy."
non_party_scripted_text_src_data_scriptedText_family-01_channels_mediation_.entries_postpone_b_.variants_mediation-postpone-b-v5_.behaviorHint,non_party_scripted_text,src/data/scriptedText,family-01,channels[mediation].entries[postpone|b].variants[mediation-postpone-b-v5].behaviorHint,숨을 고르고 긴 침묵 뒤에 필요한 말만 꺼낸다.,,,,"Scripted text channel without party a/b as speaker: system, judge, witness, dossier, mediation, aftermath, and milestone copy."
non_party_scripted_text_src_data_scriptedText_family-01_channels_mediation_.entries_postpone_b_.variants_mediation-postpone-b-v5_.text,non_party_scripted_text,src/data/scriptedText,family-01,channels[mediation].entries[postpone|b].variants[mediation-postpone-b-v5].text,멈추겠습니다. 지금은 제가 무슨 말을 해도 형에게 변명처럼 들릴 수 있습니다.,"If I am being honest with the court, i would rather we postpone any settlement until I have laid out the rest of my account properly. I am tired of fighting in her name; I would rather honour her quietly.",急がない整理を選んでいただけるなら、私は誠実に応じます。 私の側の遠回りが残した影響は、ここで言葉で整えます。,关于这一点，我愿意先承担我自己做过的部分。份额安排和陈年家庭隐情的处理顺序，请按程序排。这是我能说的全部。,"Scripted text channel without party a/b as speaker: system, judge, witness, dossier, mediation, aftermath, and milestone copy."
non_party_scripted_text_src_data_scriptedText_family-01_channels_mediation_.entries_postpone_b_.variants_mediation-postpone-b-v6_.behaviorHint,non_party_scripted_text,src/data/scriptedText,family-01,channels[mediation].entries[postpone|b].variants[mediation-postpone-b-v6].behaviorHint,숨을 고르고 긴 침묵 뒤에 필요한 말만 꺼낸다.,,,,"Scripted text channel without party a/b as speaker: system, judge, witness, dossier, mediation, aftermath, and milestone copy."
non_party_scripted_text_src_data_scriptedText_family-01_channels_mediation_.entries_postpone_b_.variants_mediation-postpone-b-v6_.text,non_party_scripted_text,src/data/scriptedText,family-01,channels[mediation].entries[postpone|b].variants[mediation-postpone-b-v6].text,시간을 두자는 말에 따르겠습니다. 하지만 어머니 뜻을 고친 책임은 피하지 않겠습니다.,"Speaking plainly to the bench, i would rather we postpone any settlement until I have laid out the rest of my account properly. I have said what I needed to say; I am ready to step back from the fight.",時間を置いて、必要な範囲だけ記録に残す形を望みます。 裁判官のご判断に従い、必要な訂正は私の側で進めます。,请允许我说，我愿意先承担我自己做过的部分。份额安排和陈年家庭隐情的处理顺序，请按程序排。希望您能仔细听完。,"Scripted text channel without party a/b as speaker: system, judge, witness, dossier, mediation, aftermath, and milestone copy."
non_party_scripted_text_src_data_scriptedText_family-01_channels_mediation_.entries_postpone_b_.variants_mediation-postpone-b-v7_.behaviorHint,non_party_scripted_text,src/data/scriptedText,family-01,channels[mediation].entries[postpone|b].variants[mediation-postpone-b-v7].behaviorHint,숨을 고르고 긴 침묵 뒤에 필요한 말만 꺼낸다.,,,,"Scripted text channel without party a/b as speaker: system, judge, witness, dossier, mediation, aftermath, and milestone copy."
non_party_scripted_text_src_data_scriptedText_family-01_channels_mediation_.entries_postpone_b_.variants_mediation-postpone-b-v7_.text,non_party_scripted_text,src/data/scriptedText,family-01,channels[mediation].entries[postpone|b].variants[mediation-postpone-b-v7].text,잠시 보류하겠습니다. 형이 모르는 사정은 속도보다 순서가 더 중요합니다.,"I would rather we postpone any settlement until I have laid out the rest of my account properly. I am not the only one who carried her, and I will not act as if I were.",少しの時間で整える形を、私はむしろお願いしたいです。 関係の再生より、これ以上の被害の拡大の停止を先に置いてください。,我愿意先承担我自己做过的部分。份额安排和陈年家庭隐情的处理顺序，请按程序排。,"Scripted text channel without party a/b as speaker: system, judge, witness, dossier, mediation, aftermath, and milestone copy."
non_party_scripted_text_src_data_scriptedText_family-01_channels_mediation_.entries_postpone_b_.variants_mediation-postpone-b-v8_.behaviorHint,non_party_scripted_text,src/data/scriptedText,family-01,channels[mediation].entries[postpone|b].variants[mediation-postpone-b-v8].behaviorHint,숨을 고르고 긴 침묵 뒤에 필요한 말만 꺼낸다.,,,,"Scripted text channel without party a/b as speaker: system, judge, witness, dossier, mediation, aftermath, and milestone copy."
non_party_scripted_text_src_data_scriptedText_family-01_channels_mediation_.entries_postpone_b_.variants_mediation-postpone-b-v8_.text,non_party_scripted_text,src/data/scriptedText,family-01,channels[mediation].entries[postpone|b].variants[mediation-postpone-b-v8].text,조금 미루면 좋겠습니다. 제가 오래 숨긴 일은 한 번에 말할수록 더 거칠어집니다.,"If I am being honest with the court, i would rather we postpone any settlement until I have laid out the rest of my account properly. I would rather we walk out of here as brothers than as parties.",急がない整理を選んでいただけるなら、私は誠実に応じます。 私が直接話せなかった分は、必要な手続きで補います。,关于这一点，我愿意先承担我自己做过的部分。份额安排和陈年家庭隐情的处理顺序，请按程序排。这是我能说的全部。,"Scripted text channel without party a/b as speaker: system, judge, witness, dossier, mediation, aftermath, and milestone copy."
non_party_scripted_text_src_data_scriptedText_family-01_channels_mediation_.entries_postpone_b_.variants_mediation-postpone-b-v9_.behaviorHint,non_party_scripted_text,src/data/scriptedText,family-01,channels[mediation].entries[postpone|b].variants[mediation-postpone-b-v9].behaviorHint,숨을 고르고 긴 침묵 뒤에 필요한 말만 꺼낸다.,,,,"Scripted text channel without party a/b as speaker: system, judge, witness, dossier, mediation, aftermath, and milestone copy."
non_party_scripted_text_src_data_scriptedText_family-01_channels_mediation_.entries_postpone_b_.variants_mediation-postpone-b-v9_.text,non_party_scripted_text,src/data/scriptedText,family-01,channels[mediation].entries[postpone|b].variants[mediation-postpone-b-v9].text,"멈추겠습니다. 제 침묵이 길었던 만큼, 밝히는 일도 순서 없이 하면 안 됩니다.","Speaking plainly to the bench, i would rather we postpone any settlement until I have laid out the rest of my account properly. What I want most is for the family record to settle without further wounds.",時間を置いて、必要な範囲だけ記録に残す形を望みます。 相手の側の責任と私の責任を、それぞれの位置に置いてください。,请允许我说，我愿意先承担我自己做过的部分。份额安排和陈年家庭隐情的处理顺序，请按程序排。希望您能仔细听完。,"Scripted text channel without party a/b as speaker: system, judge, witness, dossier, mediation, aftermath, and milestone copy."
non_party_scripted_text_src_data_scriptedText_family-01_channels_system_message_.entries_dossier_challenge_cleared_.variants_sys-dossier-challenge_cleared-v1_.text,non_party_scripted_text,src/data/scriptedText,family-01,channels[system_message].entries[dossier|challenge_cleared].variants[sys-dossier-challenge_cleared-v1].text,카드의 마지막 질문이 열린다. 이제 핵심을 찌를 수 있다.,The dossier challenge has been cleared by the court.,カードの問いを通過し、隠れていた文脈が開く。,卷宗里的最后一题被打开。现在可以直接戳到核心。,"Scripted text channel without party a/b as speaker: system, judge, witness, dossier, mediation, aftermath, and milestone copy."
non_party_scripted_text_src_data_scriptedText_family-01_channels_system_message_.entries_dossier_challenge_cleared_.variants_sys-dossier-challenge_cleared-v2_.text,non_party_scripted_text,src/data/scriptedText,family-01,channels[system_message].entries[dossier|challenge_cleared].variants[sys-dossier-challenge_cleared-v2].text,가려진 질문이 드러난다. 우회보다 정면이 필요하다.,That dossier point has been resolved for now.,争点カードを越え、言葉の重みが変わる。,请注意。卷宗里的最后一题被打开。现在可以直接戳到核心。请寻找新的切入口。,"Scripted text channel without party a/b as speaker: system, judge, witness, dossier, mediation, aftermath, and milestone copy."
non_party_scripted_text_src_data_scriptedText_family-01_channels_system_message_.entries_dossier_challenge_cleared_.variants_sys-dossier-challenge_cleared-v3_.text,non_party_scripted_text,src/data/scriptedText,family-01,channels[system_message].entries[dossier|challenge_cleared].variants[sys-dossier-challenge_cleared-v3].text,도전의 문턱이 넘어간다. 깊은 질문을 던질 때다.,The challenge to that dossier item has been dismissed.,束ねた証拠が、ある側の進述を再び揺らす。,请重新整理路径。卷宗里的最后一题被打开。现在可以直接戳到核心。请保留当前节奏。,"Scripted text channel without party a/b as speaker: system, judge, witness, dossier, mediation, aftermath, and milestone copy."
non_party_scripted_text_src_data_scriptedText_family-01_channels_system_message_.entries_dossier_challenge_cleared_.variants_sys-dossier-challenge_cleared-v4_.text,non_party_scripted_text,src/data/scriptedText,family-01,channels[system_message].entries[dossier|challenge_cleared].variants[sys-dossier-challenge_cleared-v4].text,카드가 제 몫을 한다. 숨은 동기를 직접 겨눌 수 있다.,The court considers the dossier challenge closed at this stage.,カードが開き、別の側の説明が要求される。,卷宗里的最后一题被打开。现在可以直接戳到核心。,"Scripted text channel without party a/b as speaker: system, judge, witness, dossier, mediation, aftermath, and milestone copy."
non_party_scripted_text_src_data_scriptedText_family-01_channels_system_message_.entries_dossier_challenge_cleared_.variants_sys-dossier-challenge_cleared-v5_.text,non_party_scripted_text,src/data/scriptedText,family-01,channels[system_message].entries[dossier|challenge_cleared].variants[sys-dossier-challenge_cleared-v5].text,막혔던 질문이 열린다. 이제 말의 안쪽으로 들어간다.,The dossier matter has been settled and removed from active dispute.,通過とともに、次の段階の問いが見える。,请注意。卷宗里的最后一题被打开。现在可以直接戳到核心。请寻找新的切入口。,"Scripted text channel without party a/b as speaker: system, judge, witness, dossier, mediation, aftermath, and milestone copy."
non_party_scripted_text_src_data_scriptedText_family-01_channels_system_message_.entries_evidence_judge_combo_trigger_.variants_sys-evidence-judge_combo_trigger-v1_.text,non_party_scripted_text,src/data/scriptedText,family-01,channels[system_message].entries[evidence|judge_combo_trigger].variants[sys-evidence-judge_combo_trigger-v1].text,두 증거가 맞물리며 가려진 그림이 드러난다.,The court is bringing two pieces of evidence together for a combined question.,局面が変わり、争点の重心が動き出す。,两份证据咬在一起，被遮住的那张图开始浮出来。,"Scripted text channel without party a/b as speaker: system, judge, witness, dossier, mediation, aftermath, and milestone copy."
non_party_scripted_text_src_data_scriptedText_family-01_channels_system_message_.entries_evidence_judge_combo_trigger_.variants_sys-evidence-judge_combo_trigger-v2_.text,non_party_scripted_text,src/data/scriptedText,family-01,channels[system_message].entries[evidence|judge_combo_trigger].variants[sys-evidence-judge_combo_trigger-v2].text,흩어진 자료가 한 줄로 이어지며 의미가 선명해진다.,An evidence-and-question combination is being raised by the bench.,これまでの段階を閉じ、次の段階に入る。,请注意。两份证据咬在一起，被遮住的那张图开始浮出来。请寻找新的切入口。,"Scripted text channel without party a/b as speaker: system, judge, witness, dossier, mediation, aftermath, and milestone copy."
non_party_scripted_text_src_data_scriptedText_family-01_channels_system_message_.entries_evidence_judge_combo_trigger_.variants_sys-evidence-judge_combo_trigger-v3_.text,non_party_scripted_text,src/data/scriptedText,family-01,channels[system_message].entries[evidence|judge_combo_trigger].variants[sys-evidence-judge_combo_trigger-v3].text,증거들이 겹치며 숨은 동기가 앞으로 나온다.,The court joins evidence and dossier point for a direct query.,事実の整理から、責任の分け方へと話が移る。,请重新整理路径。两份证据咬在一起，被遮住的那张图开始浮出来。请保留当前节奏。,"Scripted text channel without party a/b as speaker: system, judge, witness, dossier, mediation, aftermath, and milestone copy."
non_party_scripted_text_src_data_scriptedText_family-01_channels_system_message_.entries_evidence_judge_combo_trigger_.variants_sys-evidence-judge_combo_trigger-v4_.text,non_party_scripted_text,src/data/scriptedText,family-01,channels[system_message].entries[evidence|judge_combo_trigger].variants[sys-evidence-judge_combo_trigger-v4].text,따로 보이던 기록이 한 결론으로 이어진다.,A combined line of inquiry from the bench is being opened.,法廷の重心が、新たな問いに向かう。,两份证据咬在一起，被遮住的那张图开始浮出来。,"Scripted text channel without party a/b as speaker: system, judge, witness, dossier, mediation, aftermath, and milestone copy."
non_party_scripted_text_src_data_scriptedText_family-01_channels_system_message_.entries_evidence_judge_combo_trigger_.variants_sys-evidence-judge_combo_trigger-v5_.text,non_party_scripted_text,src/data/scriptedText,family-01,channels[system_message].entries[evidence|judge_combo_trigger].variants[sys-evidence-judge_combo_trigger-v5].text,자료 두 장이 만나며 오래 닫힌 문이 열린다.,The court ties the evidence to a dossier question for the next exchange.,進行は次の段階へと一段進んだ。,请注意。两份证据咬在一起，被遮住的那张图开始浮出来。请寻找新的切入口。,"Scripted text channel without party a/b as speaker: system, judge, witness, dossier, mediation, aftermath, and milestone copy."
non_party_scripted_text_src_data_scriptedText_family-01_channels_system_message_.entries_evidence_new_unlock_.variants_sys-evidence-new_unlock-v1_.text,non_party_scripted_text,src/data/scriptedText,family-01,channels[system_message].entries[evidence|new_unlock].variants[sys-evidence-new_unlock-v1].text,새 자료가 열린다. 사건의 빈칸이 넓어진다.,A new piece of evidence has become available to the court.,新しい証拠が開き、進述の空欄が動き出す。,新的资料被打开。事件里的空白被填上一点。,"Scripted text channel without party a/b as speaker: system, judge, witness, dossier, mediation, aftermath, and milestone copy."
non_party_scripted_text_src_data_scriptedText_family-01_channels_system_message_.entries_evidence_new_unlock_.variants_sys-evidence-new_unlock-v2_.text,non_party_scripted_text,src/data/scriptedText,family-01,channels[system_message].entries[evidence|new_unlock].variants[sys-evidence-new_unlock-v2].text,가려졌던 증거가 올라온다. 흐름을 다시 볼 수 있다.,Additional evidence has been admitted into the record.,新しい物証が机の上にのぼる。,请注意。新的资料被打开。事件里的空白被填上一点。请寻找新的切入口。,"Scripted text channel without party a/b as speaker: system, judge, witness, dossier, mediation, aftermath, and milestone copy."
non_party_scripted_text_src_data_scriptedText_family-01_channels_system_message_.entries_evidence_new_unlock_.variants_sys-evidence-new_unlock-v3_.text,non_party_scripted_text,src/data/scriptedText,family-01,channels[system_message].entries[evidence|new_unlock].variants[sys-evidence-new_unlock-v3].text,새 물증이 손에 들어온다. 다음 질문이 달라진다.,Another document is now before the court.,一つの証拠が、閉じていた言葉を再び揺らす。,请重新整理路径。新的资料被打开。事件里的空白被填上一点。请保留当前节奏。,"Scripted text channel without party a/b as speaker: system, judge, witness, dossier, mediation, aftermath, and milestone copy."
non_party_scripted_text_src_data_scriptedText_family-01_channels_system_message_.entries_evidence_new_unlock_.variants_sys-evidence-new_unlock-v4_.text,non_party_scripted_text,src/data/scriptedText,family-01,channels[system_message].entries[evidence|new_unlock].variants[sys-evidence-new_unlock-v4].text,잠긴 자료가 풀린다. 의심의 방향이 좁혀진다.,A further item of evidence has been unsealed for review.,資料が増えるたび、整理の角度が変わる。,新的资料被打开。事件里的空白被填上一点。,"Scripted text channel without party a/b as speaker: system, judge, witness, dossier, mediation, aftermath, and milestone copy."
non_party_scripted_text_src_data_scriptedText_family-01_channels_system_message_.entries_evidence_new_unlock_.variants_sys-evidence-new_unlock-v5_.text,non_party_scripted_text,src/data/scriptedText,family-01,channels[system_message].entries[evidence|new_unlock].variants[sys-evidence-new_unlock-v5].text,새 기록이 열린다. 오래 빈칸이던 지점이 흔들린다.,New material has been added to the evidence list.,新しい資料が、これまでの読みに別の光を当てる。,请注意。新的资料被打开。事件里的空白被填上一点。请寻找新的切入口。,"Scripted text channel without party a/b as speaker: system, judge, witness, dossier, mediation, aftermath, and milestone copy."
non_party_scripted_text_src_data_scriptedText_family-01_channels_system_message_.entries_evidence_trap_notice_.variants_sys-evidence-trap_notice-v1_.text,non_party_scripted_text,src/data/scriptedText,family-01,channels[system_message].entries[evidence|trap_notice].variants[sys-evidence-trap_notice-v1].text,이 자료는 아직 맞은 자리가 아니다. 다른 입장에서 더 울린다.,The court advises caution; this evidence cuts both ways.,初期の絵が、一方向に早く固まりつつある。,这份资料还没落到合适的位置。换一个角度它会更响。,"Scripted text channel without party a/b as speaker: system, judge, witness, dossier, mediation, aftermath, and milestone copy."
non_party_scripted_text_src_data_scriptedText_family-01_channels_system_message_.entries_evidence_trap_notice_.variants_sys-evidence-trap_notice-v2_.text,non_party_scripted_text,src/data/scriptedText,family-01,channels[system_message].entries[evidence|trap_notice].variants[sys-evidence-trap_notice-v2].text,증거가 빗나갔다. 맞는 상대를 찾으면 말이 달라진다.,A note of warning: this item may not support the side that introduced it.,見える記録だけで結論が傾きはじめている。,请注意。这份资料还没落到合适的位置。换一个角度它会更响。请寻找新的切入口。,"Scripted text channel without party a/b as speaker: system, judge, witness, dossier, mediation, aftermath, and milestone copy."
non_party_scripted_text_src_data_scriptedText_family-01_channels_system_message_.entries_evidence_trap_notice_.variants_sys-evidence-trap_notice-v3_.text,non_party_scripted_text,src/data/scriptedText,family-01,channels[system_message].entries[evidence|trap_notice].variants[sys-evidence-trap_notice-v3].text,지금은 힘이 약하다. 다른 맥락에 놓아야 날이 선다.,The court flags this evidence as a possible double edge.,表面だけで核心の理由が押しのけられかねない。,请重新整理路径。这份资料还没落到合适的位置。换一个角度它会更响。请保留当前节奏。,"Scripted text channel without party a/b as speaker: system, judge, witness, dossier, mediation, aftermath, and milestone copy."
non_party_scripted_text_src_data_scriptedText_family-01_channels_system_message_.entries_evidence_trap_notice_.variants_sys-evidence-trap_notice-v4_.text,non_party_scripted_text,src/data/scriptedText,family-01,channels[system_message].entries[evidence|trap_notice].variants[sys-evidence-trap_notice-v4].text,자료가 제자리를 찾지 못했다. 제시 순서를 다시 보자.,Caution is advised; the document does not lean simply.,記録の順序が見過ごされる兆しがある。,这份资料还没落到合适的位置。换一个角度它会更响。,"Scripted text channel without party a/b as speaker: system, judge, witness, dossier, mediation, aftermath, and milestone copy."
non_party_scripted_text_src_data_scriptedText_family-01_channels_system_message_.entries_evidence_trap_notice_.variants_sys-evidence-trap_notice-v5_.text,non_party_scripted_text,src/data/scriptedText,family-01,channels[system_message].entries[evidence|trap_notice].variants[sys-evidence-trap_notice-v5].text,반응이 얕다. 이 증거는 다른 문과 이어져 있다.,The court signals that this evidence carries risk for either side.,断定が早すぎる傾向に、注意の信号が出ている。,请注意。这份资料还没落到合适的位置。换一个角度它会更响。请寻找新的切入口。,"Scripted text channel without party a/b as speaker: system, judge, witness, dossier, mediation, aftermath, and milestone copy."
non_party_scripted_text_src_data_scriptedText_family-01_channels_system_message_.entries_interrogation_judge_contradiction_trigger_.variants_sys-interrogation-judge_contradiction_t,non_party_scripted_text,src/data/scriptedText,family-01,channels[system_message].entries[interrogation|judge_contradiction_trigger].variants[sys-interrogation-judge_contradiction_trigger-v1].text,양측 진술 사이에 갈라진 지점이 보인다.,The court has noted a contradiction worth pressing.,局面が変わり、争点の重心が動き出す。,两边说法之间出现一道清楚的裂痕。,"Scripted text channel without party a/b as speaker: system, judge, witness, dossier, mediation, aftermath, and milestone copy."
non_party_scripted_text_src_data_scriptedText_family-01_channels_system_message_.entries_interrogation_judge_contradiction_trigger_.variants_sys-interrogation-judge_contradiction_t,non_party_scripted_text,src/data/scriptedText,family-01,channels[system_message].entries[interrogation|judge_contradiction_trigger].variants[sys-interrogation-judge_contradiction_trigger-v2].text,앞뒤가 벌어진다. 재판관이 그 틈을 짚는다.,A contradiction has caught the court's attention; the bench will follow up.,これまでの段階を閉じ、次の段階に入る。,请注意。两边说法之间出现一道清楚的裂痕。请寻找新的切入口。,"Scripted text channel without party a/b as speaker: system, judge, witness, dossier, mediation, aftermath, and milestone copy."
non_party_scripted_text_src_data_scriptedText_family-01_channels_system_message_.entries_interrogation_judge_contradiction_trigger_.variants_sys-interrogation-judge_contradiction_t,non_party_scripted_text,src/data/scriptedText,family-01,channels[system_message].entries[interrogation|judge_contradiction_trigger].variants[sys-interrogation-judge_contradiction_trigger-v3].text,말의 순서가 어긋난다. 모순이 질문으로 바뀐다.,The court will probe a contradiction it has just observed.,事実の整理から、責任の分け方へと話が移る。,请重新整理路径。两边说法之间出现一道清楚的裂痕。请保留当前节奏。,"Scripted text channel without party a/b as speaker: system, judge, witness, dossier, mediation, aftermath, and milestone copy."
non_party_scripted_text_src_data_scriptedText_family-01_channels_system_message_.entries_interrogation_judge_contradiction_trigger_.variants_sys-interrogation-judge_contradiction_t,non_party_scripted_text,src/data/scriptedText,family-01,channels[system_message].entries[interrogation|judge_contradiction_trigger].variants[sys-interrogation-judge_contradiction_trigger-v4].text,같은 사실을 두고 답이 엇갈린다. 균열이 열린다.,An inconsistency has been flagged by the bench for direct questioning.,法廷の重心が、新たな問いに向かう。,两边说法之间出现一道清楚的裂痕。,"Scripted text channel without party a/b as speaker: system, judge, witness, dossier, mediation, aftermath, and milestone copy."
non_party_scripted_text_src_data_scriptedText_family-01_channels_system_message_.entries_interrogation_judge_contradiction_trigger_.variants_sys-interrogation-judge_contradiction_t,non_party_scripted_text,src/data/scriptedText,family-01,channels[system_message].entries[interrogation|judge_contradiction_trigger].variants[sys-interrogation-judge_contradiction_trigger-v5].text,숨긴 틈이 드러난다. 재판관의 추궁이 깊어진다.,The court intends to ask about a contradiction it has spotted.,進行は次の段階へと一段進んだ。,请注意。两边说法之间出现一道清楚的裂痕。请寻找新的切入口。,"Scripted text channel without party a/b as speaker: system, judge, witness, dossier, mediation, aftermath, and milestone copy."
non_party_scripted_text_src_data_scriptedText_family-01_channels_system_message_.entries_interrogation_repeat_warning_.variants_sys-interrogation-repeat_warning-v1_.text,non_party_scripted_text,src/data/scriptedText,family-01,channels[system_message].entries[interrogation|repeat_warning].variants[sys-interrogation-repeat_warning-v1].text,같은 질문이 맴돈다. 다른 틈을 찾아야 한다.,The court reminds the parties that the same point has already been pressed; further repetition will be noted.,同じ質問が繰り返されると、進述はさらに閉じる。,同一个问题在原地打转。换一个切入口再试。,"Scripted text channel without party a/b as speaker: system, judge, witness, dossier, mediation, aftermath, and milestone copy."
non_party_scripted_text_src_data_scriptedText_family-01_channels_system_message_.entries_interrogation_repeat_warning_.variants_sys-interrogation-repeat_warning-v2_.text,non_party_scripted_text,src/data/scriptedText,family-01,channels[system_message].entries[interrogation|repeat_warning].variants[sys-interrogation-repeat_warning-v2].text,이미 닫힌 대답이다. 방향을 바꾸면 새 말이 열린다.,This line of questioning has been covered. The court asks the parties to move forward.,似た問いが続けば、新しい言葉は出にくくなる。,请注意。同一个问题在原地打转。换一个切入口再试。请寻找新的切入口。,"Scripted text channel without party a/b as speaker: system, judge, witness, dossier, mediation, aftermath, and milestone copy."
non_party_scripted_text_src_data_scriptedText_family-01_channels_system_message_.entries_interrogation_repeat_warning_.variants_sys-interrogation-repeat_warning-v3_.text,non_party_scripted_text,src/data/scriptedText,family-01,channels[system_message].entries[interrogation|repeat_warning].variants[sys-interrogation-repeat_warning-v3].text,반복된 추궁에 말문이 굳는다. 다른 자료가 필요하다.,A repeated question has been logged. The court suggests another angle.,一方向だけに迫ると、相手は防御だけを固める。,请重新整理路径。同一个问题在原地打转。换一个切入口再试。请保留当前节奏。,"Scripted text channel without party a/b as speaker: system, judge, witness, dossier, mediation, aftermath, and milestone copy."
non_party_scripted_text_src_data_scriptedText_family-01_channels_system_message_.entries_interrogation_repeat_warning_.variants_sys-interrogation-repeat_warning-v4_.text,non_party_scripted_text,src/data/scriptedText,family-01,channels[system_message].entries[interrogation|repeat_warning].variants[sys-interrogation-repeat_warning-v4].text,같은 자리만 두드리고 있다. 질문의 결을 바꿔야 한다.,The same matter has been raised before; the court will not let it loop further without new ground.,繰り返しの圧迫は、口を開く動機を細らせる。,同一个问题在原地打转。换一个切入口再试。,"Scripted text channel without party a/b as speaker: system, judge, witness, dossier, mediation, aftermath, and milestone copy."
non_party_scripted_text_src_data_scriptedText_family-01_channels_system_message_.entries_interrogation_repeat_warning_.variants_sys-interrogation-repeat_warning-v5_.text,non_party_scripted_text,src/data/scriptedText,family-01,channels[system_message].entries[interrogation|repeat_warning].variants[sys-interrogation-repeat_warning-v5].text,대답이 제자리다. 다른 쟁점에서 실마리를 찾아야 한다.,Repetition without new evidence is being recorded. The court urges progress.,同じ角度で押すほど、進述は短く硬くなる。,请注意。同一个问题在原地打转。换一个切入口再试。请寻找新的切入口。,"Scripted text channel without party a/b as speaker: system, judge, witness, dossier, mediation, aftermath, and milestone copy."
non_party_scripted_text_src_data_scriptedText_family-01_channels_system_message_.entries_meta_emotion_phase_shift_trigger_.variants_sys-meta-emotion_phase_shift_trigger-v1_.text,non_party_scripted_text,src/data/scriptedText,family-01,channels[system_message].entries[meta|emotion_phase_shift_trigger].variants[sys-meta-emotion_phase_shift_trigger-v1].text,눌러 둔 표정이 무너지며 말의 결이 바뀐다.,The emotional register of the proceedings has shifted.,局面が変わり、争点の重心が動き出す。,压住的表情松了一点，话的纹理跟着变。,"Scripted text channel without party a/b as speaker: system, judge, witness, dossier, mediation, aftermath, and milestone copy."
non_party_scripted_text_src_data_scriptedText_family-01_channels_system_message_.entries_meta_emotion_phase_shift_trigger_.variants_sys-meta-emotion_phase_shift_trigger-v2_.text,non_party_scripted_text,src/data/scriptedText,family-01,channels[system_message].entries[meta|emotion_phase_shift_trigger].variants[sys-meta-emotion_phase_shift_trigger-v2].text,감정의 층이 바뀐다. 대답이 더 깊어진다.,A change in tone is recorded; the court will adjust accordingly.,これまでの段階を閉じ、次の段階に入る。,请注意。压住的表情松了一点，话的纹理跟着变。请寻找新的切入口。,"Scripted text channel without party a/b as speaker: system, judge, witness, dossier, mediation, aftermath, and milestone copy."
non_party_scripted_text_src_data_scriptedText_family-01_channels_system_message_.entries_meta_emotion_phase_shift_trigger_.variants_sys-meta-emotion_phase_shift_trigger-v3_.text,non_party_scripted_text,src/data/scriptedText,family-01,channels[system_message].entries[meta|emotion_phase_shift_trigger].variants[sys-meta-emotion_phase_shift_trigger-v3].text,참아 온 마음이 올라오며 목소리가 달라진다.,The court notes that the emotional climate has changed.,事実の整理から、責任の分け方へと話が移る。,请重新整理路径。压住的表情松了一点，话的纹理跟着变。请保留当前节奏。,"Scripted text channel without party a/b as speaker: system, judge, witness, dossier, mediation, aftermath, and milestone copy."
non_party_scripted_text_src_data_scriptedText_family-01_channels_system_message_.entries_meta_emotion_phase_shift_trigger_.variants_sys-meta-emotion_phase_shift_trigger-v4_.text,non_party_scripted_text,src/data/scriptedText,family-01,channels[system_message].entries[meta|emotion_phase_shift_trigger].variants[sys-meta-emotion_phase_shift_trigger-v4].text,분노가 가라앉고 다른 상처가 말을 잡는다.,An emotional phase shift has occurred in the proceedings.,法廷の重心が、新たな問いに向かう。,压住的表情松了一点，话的纹理跟着变。,"Scripted text channel without party a/b as speaker: system, judge, witness, dossier, mediation, aftermath, and milestone copy."
non_party_scripted_text_src_data_scriptedText_family-01_channels_system_message_.entries_meta_emotion_phase_shift_trigger_.variants_sys-meta-emotion_phase_shift_trigger-v5_.text,non_party_scripted_text,src/data/scriptedText,family-01,channels[system_message].entries[meta|emotion_phase_shift_trigger].variants[sys-meta-emotion_phase_shift_trigger-v5].text,평정이 흔들린다. 이제 숨은 이유가 가까워진다.,The bench observes a change in the emotional weight of the room.,進行は次の段階へと一段進んだ。,请注意。压住的表情松了一点，话的纹理跟着变。请寻找新的切入口。,"Scripted text channel without party a/b as speaker: system, judge, witness, dossier, mediation, aftermath, and milestone copy."
non_party_scripted_text_src_data_scriptedText_family-01_channels_system_message_.entries_meta_rapport_milestone_trigger_.variants_sys-meta-rapport_milestone_trigger-v1_.text,non_party_scripted_text,src/data/scriptedText,family-01,channels[system_message].entries[meta|rapport_milestone_trigger].variants[sys-meta-rapport_milestone_trigger-v1].text,마음의 문턱이 낮아진다. 더 깊은 말이 나온다.,A change in the relationship between the bench and a party has been noted.,局面が変わり、争点の重心が動き出す。,心里那道门槛降下去。更深的话出来了。,"Scripted text channel without party a/b as speaker: system, judge, witness, dossier, mediation, aftermath, and milestone copy."
non_party_scripted_text_src_data_scriptedText_family-01_channels_system_message_.entries_meta_rapport_milestone_trigger_.variants_sys-meta-rapport_milestone_trigger-v2_.text,non_party_scripted_text,src/data/scriptedText,family-01,channels[system_message].entries[meta|rapport_milestone_trigger].variants[sys-meta-rapport_milestone_trigger-v2].text,경계가 조금 풀린다. 숨긴 말이 입가에 걸린다.,The court records a shift in rapport with one of the parties.,これまでの段階を閉じ、次の段階に入る。,请注意。心里那道门槛降下去。更深的话出来了。请寻找新的切入口。,"Scripted text channel without party a/b as speaker: system, judge, witness, dossier, mediation, aftermath, and milestone copy."
non_party_scripted_text_src_data_scriptedText_family-01_channels_system_message_.entries_meta_rapport_milestone_trigger_.variants_sys-meta-rapport_milestone_trigger-v3_.text,non_party_scripted_text,src/data/scriptedText,family-01,channels[system_message].entries[meta|rapport_milestone_trigger].variants[sys-meta-rapport_milestone_trigger-v3].text,재판관을 향한 믿음이 조심스레 말문을 연다.,A rapport threshold has been crossed; the court takes note.,事実の整理から、責任の分け方へと話が移る。,请重新整理路径。心里那道门槛降下去。更深的话出来了。请保留当前节奏。,"Scripted text channel without party a/b as speaker: system, judge, witness, dossier, mediation, aftermath, and milestone copy."
non_party_scripted_text_src_data_scriptedText_family-01_channels_system_message_.entries_meta_rapport_milestone_trigger_.variants_sys-meta-rapport_milestone_trigger-v4_.text,non_party_scripted_text,src/data/scriptedText,family-01,channels[system_message].entries[meta|rapport_milestone_trigger].variants[sys-meta-rapport_milestone_trigger-v4].text,닫힌 표정이 누그러지며 다음 진술이 붙는다.,The bench observes a change in standing with a party.,法廷の重心が、新たな問いに向かう。,心里那道门槛降下去。更深的话出来了。,"Scripted text channel without party a/b as speaker: system, judge, witness, dossier, mediation, aftermath, and milestone copy."
non_party_scripted_text_src_data_scriptedText_family-01_channels_system_message_.entries_meta_rapport_milestone_trigger_.variants_sys-meta-rapport_milestone_trigger-v5_.text,non_party_scripted_text,src/data/scriptedText,family-01,channels[system_message].entries[meta|rapport_milestone_trigger].variants[sys-meta-rapport_milestone_trigger-v5].text,버티던 마음이 한 발 물러나며 문이 열린다.,A milestone in rapport has been reached and logged.,進行は次の段階へと一段進んだ。,请注意。心里那道门槛降下去。更深的话出来了。请寻找新的切入口。,"Scripted text channel without party a/b as speaker: system, judge, witness, dossier, mediation, aftermath, and milestone copy."
non_party_scripted_text_src_data_scriptedText_family-01_channels_system_message_.entries_phase_transition_.variants_sys-phase-transition-v1_.text,non_party_scripted_text,src/data/scriptedText,family-01,channels[system_message].entries[phase|transition].variants[sys-phase-transition-v1].text,국면이 넘어간다. 방금 믿은 사실도 다시 봐야 한다.,The court is moving to the next phase of proceedings.,局面が変わり、争点の重心が動き出す。,阶段切换。刚才相信的事，也要再看一遍。,"Scripted text channel without party a/b as speaker: system, judge, witness, dossier, mediation, aftermath, and milestone copy."
non_party_scripted_text_src_data_scriptedText_family-01_channels_system_message_.entries_phase_transition_.variants_sys-phase-transition-v2_.text,non_party_scripted_text,src/data/scriptedText,family-01,channels[system_message].entries[phase|transition].variants[sys-phase-transition-v2].text,사건의 결이 바뀐다. 이전 대답을 새 눈으로 보자.,A new phase begins; the parties should adjust their approach.,これまでの段階を閉じ、次の段階に入る。,请注意。阶段切换。刚才相信的事，也要再看一遍。请寻找新的切入口。,"Scripted text channel without party a/b as speaker: system, judge, witness, dossier, mediation, aftermath, and milestone copy."
non_party_scripted_text_src_data_scriptedText_family-01_channels_system_message_.entries_phase_transition_.variants_sys-phase-transition-v3_.text,non_party_scripted_text,src/data/scriptedText,family-01,channels[system_message].entries[phase|transition].variants[sys-phase-transition-v3].text,새 국면이 열린다. 숨은 쟁점이 앞으로 나온다.,Proceedings now enter the next stage.,事実の整理から、責任の分け方へと話が移る。,请重新整理路径。阶段切换。刚才相信的事，也要再看一遍。请保留当前节奏。,"Scripted text channel without party a/b as speaker: system, judge, witness, dossier, mediation, aftermath, and milestone copy."
non_party_scripted_text_src_data_scriptedText_family-01_channels_system_message_.entries_phase_transition_.variants_sys-phase-transition-v4_.text,non_party_scripted_text,src/data/scriptedText,family-01,channels[system_message].entries[phase|transition].variants[sys-phase-transition-v4].text,흐름이 꺾인다. 이제 감정보다 구조를 봐야 한다.,The phase has changed; the court asks for steady focus.,法廷の重心が、新たな問いに向かう。,阶段切换。刚才相信的事，也要再看一遍。,"Scripted text channel without party a/b as speaker: system, judge, witness, dossier, mediation, aftermath, and milestone copy."
non_party_scripted_text_src_data_scriptedText_family-01_channels_system_message_.entries_phase_transition_.variants_sys-phase-transition-v5_.text,non_party_scripted_text,src/data/scriptedText,family-01,channels[system_message].entries[phase|transition].variants[sys-phase-transition-v5].text,판이 달라진다. 같은 증거도 다른 뜻으로 읽힌다.,We move forward into the next phase of the hearing.,進行は次の段階へと一段進んだ。,请注意。阶段切换。刚才相信的事，也要再看一遍。请寻找新的切入口。,"Scripted text channel without party a/b as speaker: system, judge, witness, dossier, mediation, aftermath, and milestone copy."
non_party_scripted_text_src_data_scriptedText_family-01_channels_system_message_.entries_witness_judge_summon_trigger_.variants_sys-witness-judge_summon_trigger-v1_.text,non_party_scripted_text,src/data/scriptedText,family-01,channels[system_message].entries[witness|judge_summon_trigger].variants[sys-witness-judge_summon_trigger-v1].text,증인을 불러야 할 지점이 또렷해진다.,The court is summoning a witness directly.,局面が変わり、争点の重心が動き出す。,该传证人的位置已经清楚。,"Scripted text channel without party a/b as speaker: system, judge, witness, dossier, mediation, aftermath, and milestone copy."
non_party_scripted_text_src_data_scriptedText_family-01_channels_system_message_.entries_witness_judge_summon_trigger_.variants_sys-witness-judge_summon_trigger-v2_.text,non_party_scripted_text,src/data/scriptedText,family-01,channels[system_message].entries[witness|judge_summon_trigger].variants[sys-witness-judge_summon_trigger-v2].text,이제 기록 밖 목소리가 필요한 순간이 온다.,The bench has chosen to call a witness at this point.,これまでの段階を閉じ、次の段階に入る。,请注意。该传证人的位置已经清楚。请寻找新的切入口。,"Scripted text channel without party a/b as speaker: system, judge, witness, dossier, mediation, aftermath, and milestone copy."
non_party_scripted_text_src_data_scriptedText_family-01_channels_system_message_.entries_witness_judge_summon_trigger_.variants_sys-witness-judge_summon_trigger-v3_.text,non_party_scripted_text,src/data/scriptedText,family-01,channels[system_message].entries[witness|judge_summon_trigger].variants[sys-witness-judge_summon_trigger-v3].text,증언 없이는 빈칸이 남는다. 소환의 때다.,A judicial summons for a witness is being issued.,事実の整理から、責任の分け方へと話が移る。,请重新整理路径。该传证人的位置已经清楚。请保留当前节奏。,"Scripted text channel without party a/b as speaker: system, judge, witness, dossier, mediation, aftermath, and milestone copy."
non_party_scripted_text_src_data_scriptedText_family-01_channels_system_message_.entries_witness_judge_summon_trigger_.variants_sys-witness-judge_summon_trigger-v4_.text,non_party_scripted_text,src/data/scriptedText,family-01,channels[system_message].entries[witness|judge_summon_trigger].variants[sys-witness-judge_summon_trigger-v4].text,말로 확인해야 할 장면이 또렷하게 떠오른다.,The court will hear from a witness it has just called.,法廷の重心が、新たな問いに向かう。,该传证人的位置已经清楚。,"Scripted text channel without party a/b as speaker: system, judge, witness, dossier, mediation, aftermath, and milestone copy."
non_party_scripted_text_src_data_scriptedText_family-01_channels_system_message_.entries_witness_judge_summon_trigger_.variants_sys-witness-judge_summon_trigger-v5_.text,non_party_scripted_text,src/data/scriptedText,family-01,channels[system_message].entries[witness|judge_summon_trigger].variants[sys-witness-judge_summon_trigger-v5].text,재판관이 증인을 부를 이유를 붙잡는다.,The bench summons a witness to address the matter at hand.,進行は次の段階へと一段進んだ。,请注意。该传证人的位置已经清楚。请寻找新的切入口。,"Scripted text channel without party a/b as speaker: system, judge, witness, dossier, mediation, aftermath, and milestone copy."
non_party_scripted_text_src_data_scriptedText_family-01_channels_system_message_.entries_witness_new_available_.variants_sys-witness-new_available-v1_.text,non_party_scripted_text,src/data/scriptedText,family-01,channels[system_message].entries[witness|new_available].variants[sys-witness-new_available-v1].text,증인이 문 앞에 섰다. 빈칸을 말로 메울 수 있다.,A new witness has become available to the court.,新しい証人が、空欄の一部を持って入ってくる。,证人到了门口。空白可以用证词来补。,"Scripted text channel without party a/b as speaker: system, judge, witness, dossier, mediation, aftermath, and milestone copy."
non_party_scripted_text_src_data_scriptedText_family-01_channels_system_message_.entries_witness_new_available_.variants_sys-witness-new_available-v2_.text,non_party_scripted_text,src/data/scriptedText,family-01,channels[system_message].entries[witness|new_available].variants[sys-witness-new_available-v2].text,새 증언이 들어온다. 기록 밖 기억을 들을 수 있다.,An additional witness may now be summoned.,外にいた目撃者を、ここに呼ぶことができる。,请注意。证人到了门口。空白可以用证词来补。请寻找新的切入口。,"Scripted text channel without party a/b as speaker: system, judge, witness, dossier, mediation, aftermath, and milestone copy."
non_party_scripted_text_src_data_scriptedText_family-01_channels_system_message_.entries_witness_new_available_.variants_sys-witness-new_available-v3_.text,non_party_scripted_text,src/data/scriptedText,family-01,channels[system_message].entries[witness|new_available].variants[sys-witness-new_available-v3].text,증인을 부를 수 있다. 자료 사이의 틈이 좁아진다.,Another witness has cleared the conditions for testimony.,証人の言葉が、残った空白を揺らす準備をする。,请重新整理路径。证人到了门口。空白可以用证词来补。请保留当前节奏。,"Scripted text channel without party a/b as speaker: system, judge, witness, dossier, mediation, aftermath, and milestone copy."
non_party_scripted_text_src_data_scriptedText_family-01_channels_system_message_.entries_witness_new_available_.variants_sys-witness-new_available-v4_.text,non_party_scripted_text,src/data/scriptedText,family-01,channels[system_message].entries[witness|new_available].variants[sys-witness-new_available-v4].text,새 목소리가 열린다. 사건의 오래된 장면이 돌아온다.,The court has unlocked a further witness for questioning.,新たな視点が、机の前に並ぼうとしている。,证人到了门口。空白可以用证词来补。,"Scripted text channel without party a/b as speaker: system, judge, witness, dossier, mediation, aftermath, and milestone copy."
non_party_scripted_text_src_data_scriptedText_family-01_channels_system_message_.entries_witness_new_available_.variants_sys-witness-new_available-v5_.text,non_party_scripted_text,src/data/scriptedText,family-01,channels[system_message].entries[witness|new_available].variants[sys-witness-new_available-v5].text,증언의 길이 열린다. 말 못 한 순서를 확인할 수 있다.,A new witness is now eligible to testify.,別の場所で見ていた人を、いま呼べる状態にある。,请注意。证人到了门口。空白可以用证词来补。请寻找新的切入口。,"Scripted text channel without party a/b as speaker: system, judge, witness, dossier, mediation, aftermath, and milestone copy."
non_party_scripted_text_src_data_scriptedText_family-01_channels_witness_.entries_w-1_full_.variants_w-1-full-v1_.behaviorHint,non_party_scripted_text,src/data/scriptedText,family-01,channels[witness].entries[w-1|full].variants[w-1-full-v1].behaviorHint,두 손을 모으고 본 장면만 조심스럽게 말한다.,,,,"Scripted text channel without party a/b as speaker: system, judge, witness, dossier, mediation, aftermath, and milestone copy."
non_party_scripted_text_src_data_scriptedText_family-01_channels_witness_.entries_w-1_full_.variants_w-1-full-v1_.text,non_party_scripted_text,src/data/scriptedText,family-01,channels[witness].entries[w-1|full].variants[w-1-full-v1].text,작은아들분이 형님 오시기 전에 마무리하자는 취지로 말한 건 들었습니다. 어머님이 다툼을 겁내셨습니다.,"Your Honor, I will tell what I actually saw — the older brother came when he could, and the younger brother carried most of the daily care. I will not soften it for either side; that would help no one here.",元介護士の方として、私が見聞きした範囲だけを先に整理します。 私の知っている部分は控えずに、順番通りにお出しします。 推測と事実が混ざらないようにします。,小儿子常来看母亲，这一点我看到过。母亲当面对他似乎更松一些，那段日子里有几次是这样。,"Scripted text channel without party a/b as speaker: system, judge, witness, dossier, mediation, aftermath, and milestone copy."
non_party_scripted_text_src_data_scriptedText_family-01_channels_witness_.entries_w-1_full_.variants_w-1-full-v10_.behaviorHint,non_party_scripted_text,src/data/scriptedText,family-01,channels[witness].entries[w-1|full].variants[w-1-full-v10].behaviorHint,말을 고르며 재판관 쪽만 바라본다.,,,,"Scripted text channel without party a/b as speaker: system, judge, witness, dossier, mediation, aftermath, and milestone copy."
non_party_scripted_text_src_data_scriptedText_family-01_channels_witness_.entries_w-1_full_.variants_w-1-full-v10_.text,non_party_scripted_text,src/data/scriptedText,family-01,channels[witness].entries[w-1|full].variants[w-1-full-v10].text,"재판관님, 저는 제 책임을 피하려는 게 아니라 본 대로 말합니다. 그날 도움과 개입이 섞여 있었습니다.","Your Honor, I will tell what I actually saw — the older brother came when he could, and the younger brother carried most of the daily care. I am ready for whatever follows from saying it.",元介護士の方として、私が見聞きした範囲だけを先に整理します。 私の知っている部分は控えずに、順番通りにお出しします。 事実関係についてはこの先も補足できます。,小儿子常来看母亲，这一点我看到过。母亲当面对他似乎更松一些，那段日子里有几次是这样。,"Scripted text channel without party a/b as speaker: system, judge, witness, dossier, mediation, aftermath, and milestone copy."
non_party_scripted_text_src_data_scriptedText_family-01_channels_witness_.entries_w-1_full_.variants_w-1-full-v2_.behaviorHint,non_party_scripted_text,src/data/scriptedText,family-01,channels[witness].entries[w-1|full].variants[w-1-full-v2].behaviorHint,기억을 더듬으며 날짜보다 분위기를 먼저 설명한다.,,,,"Scripted text channel without party a/b as speaker: system, judge, witness, dossier, mediation, aftermath, and milestone copy."
non_party_scripted_text_src_data_scriptedText_family-01_channels_witness_.entries_w-1_full_.variants_w-1-full-v2_.text,non_party_scripted_text,src/data/scriptedText,family-01,channels[witness].entries[w-1|full].variants[w-1-full-v2].text,제가 본 바로는 작은아들분이 종이를 읽어드리고 서명 순서까지 도왔습니다. 어머님은 그날 많이 지쳐 보였습니다.,"If the bench will allow, your Honor, I will tell what I actually saw — the older brother came when he could, and the younger brother carried most of the daily care. I have held this back for some time, and I would rather it be on the record properly now.",この件について私が母の傍で見た介護の場面と当時の手続きの空気に関わる部分からお話しします。 私の知っている部分は控えずに、順番通りにお出しします。 日付や場所は記憶より資料に従って合わせます。,据我所记，小儿子常来看母亲，这一点我看到过。母亲当面对他似乎更松一些，那段日子里有几次是这样。希望对查证有帮助。,"Scripted text channel without party a/b as speaker: system, judge, witness, dossier, mediation, aftermath, and milestone copy."
non_party_scripted_text_src_data_scriptedText_family-01_channels_witness_.entries_w-1_full_.variants_w-1-full-v3_.behaviorHint,non_party_scripted_text,src/data/scriptedText,family-01,channels[witness].entries[w-1|full].variants[w-1-full-v3].behaviorHint,자기 책임으로 번질까 조심하며 말끝을 낮춘다.,,,,"Scripted text channel without party a/b as speaker: system, judge, witness, dossier, mediation, aftermath, and milestone copy."
non_party_scripted_text_src_data_scriptedText_family-01_channels_witness_.entries_w-1_full_.variants_w-1-full-v3_.text,non_party_scripted_text,src/data/scriptedText,family-01,channels[witness].entries[w-1|full].variants[w-1-full-v3].text,큰아들분 이야기가 나오면 어머님 표정이 굳었습니다. 그래서 작은아들분이 빨리 끝내려 한 듯했습니다.,"Speaking only to what I saw, your Honor, I will tell what I actually saw — the older brother came when he could, and the younger brother carried most of the daily care. Your Honor, I would rather speak plainly than carry this any longer.",裁判官、私が確かに知っていることだけを順に並べます。 私の知っている部分は控えずに、順番通りにお出しします。 私もその場にいた一人として、責任の範囲は引き受けます。,我再说一次：小儿子常来看母亲，这一点我看到过。母亲当面对他似乎更松一些，那段日子里有几次是这样。请把这条记录留下。,"Scripted text channel without party a/b as speaker: system, judge, witness, dossier, mediation, aftermath, and milestone copy."
non_party_scripted_text_src_data_scriptedText_family-01_channels_witness_.entries_w-1_full_.variants_w-1-full-v4_.behaviorHint,non_party_scripted_text,src/data/scriptedText,family-01,channels[witness].entries[w-1|full].variants[w-1-full-v4].behaviorHint,어머님 상태를 떠올리며 천천히 고개를 끄덕인다.,,,,"Scripted text channel without party a/b as speaker: system, judge, witness, dossier, mediation, aftermath, and milestone copy."
non_party_scripted_text_src_data_scriptedText_family-01_channels_witness_.entries_w-1_full_.variants_w-1-full-v4_.text,non_party_scripted_text,src/data/scriptedText,family-01,channels[witness].entries[w-1|full].variants[w-1-full-v4].text,"작은아들분이 어머님 뜻을 아예 무시했다고 보긴 어렵지만, 진행을 잡은 건 분명했습니다.","Your Honor, I will tell what I actually saw — the older brother came when he could, and the younger brother carried most of the daily care. I am only sharing what I am certain of, but I am sharing all of it.",元介護士の方として、私が見聞きした範囲だけを先に整理します。 私の知っている部分は控えずに、順番通りにお出しします。 その時の空気は、私の側からはこのように見えていました。,小儿子常来看母亲，这一点我看到过。母亲当面对他似乎更松一些，那段日子里有几次是这样。,"Scripted text channel without party a/b as speaker: system, judge, witness, dossier, mediation, aftermath, and milestone copy."
non_party_scripted_text_src_data_scriptedText_family-01_channels_witness_.entries_w-1_full_.variants_w-1-full-v5_.behaviorHint,non_party_scripted_text,src/data/scriptedText,family-01,channels[witness].entries[w-1|full].variants[w-1-full-v5].behaviorHint,확신하는 부분과 모르는 부분을 분리해 답한다.,,,,"Scripted text channel without party a/b as speaker: system, judge, witness, dossier, mediation, aftermath, and milestone copy."
non_party_scripted_text_src_data_scriptedText_family-01_channels_witness_.entries_w-1_full_.variants_w-1-full-v5_.text,non_party_scripted_text,src/data/scriptedText,family-01,channels[witness].entries[w-1|full].variants[w-1-full-v5].text,그날 종이는 그냥 메모가 아니라 유서 쪽 문서로 보였습니다. 제가 묻지는 못했습니다.,"If the bench will allow, your Honor, I will tell what I actually saw — the older brother came when he could, and the younger brother carried most of the daily care. Whatever the consequence to me, I would rather not leave this unsaid.",この件について私が母の傍で見た介護の場面と当時の手続きの空気に関わる部分からお話しします。 私の知っている部分は控えずに、順番通りにお出しします。 誰がいつ何を言ったかについては、慎重にお伝えします。,据我所记，小儿子常来看母亲，这一点我看到过。母亲当面对他似乎更松一些，那段日子里有几次是这样。希望对查证有帮助。,"Scripted text channel without party a/b as speaker: system, judge, witness, dossier, mediation, aftermath, and milestone copy."
non_party_scripted_text_src_data_scriptedText_family-01_channels_witness_.entries_w-1_full_.variants_w-1-full-v6_.behaviorHint,non_party_scripted_text,src/data/scriptedText,family-01,channels[witness].entries[w-1|full].variants[w-1-full-v6].behaviorHint,요양보호사답게 관찰한 장면만 짧게 정리한다.,,,,"Scripted text channel without party a/b as speaker: system, judge, witness, dossier, mediation, aftermath, and milestone copy."
non_party_scripted_text_src_data_scriptedText_family-01_channels_witness_.entries_w-1_full_.variants_w-1-full-v6_.text,non_party_scripted_text,src/data/scriptedText,family-01,channels[witness].entries[w-1|full].variants[w-1-full-v6].text,"어머님은 어느 대목에서는 알아듣는 듯했고, 어느 대목에서는 작은아들분 설명에 의지했습니다.","Speaking only to what I saw, your Honor, I will tell what I actually saw — the older brother came when he could, and the younger brother carried most of the daily care. I have weighed it long enough; I will not keep it back further.",裁判官、私が確かに知っていることだけを順に並べます。 私の知っている部分は控えずに、順番通りにお出しします。 裁判官のご判断に必要な部分から並べます。,我再说一次：小儿子常来看母亲，这一点我看到过。母亲当面对他似乎更松一些，那段日子里有几次是这样。请把这条记录留下。,"Scripted text channel without party a/b as speaker: system, judge, witness, dossier, mediation, aftermath, and milestone copy."
non_party_scripted_text_src_data_scriptedText_family-01_channels_witness_.entries_w-1_full_.variants_w-1-full-v7_.behaviorHint,non_party_scripted_text,src/data/scriptedText,family-01,channels[witness].entries[w-1|full].variants[w-1-full-v7].behaviorHint,불필요한 판단을 피하며 손을 무릎 위에 모은다.,,,,"Scripted text channel without party a/b as speaker: system, judge, witness, dossier, mediation, aftermath, and milestone copy."
non_party_scripted_text_src_data_scriptedText_family-01_channels_witness_.entries_w-1_full_.variants_w-1-full-v7_.text,non_party_scripted_text,src/data/scriptedText,family-01,channels[witness].entries[w-1|full].variants[w-1-full-v7].text,요양보호사 교체 뒤 제가 빠진 부분이 있습니다. 그래도 제가 본 장면만큼은 작은아들분 개입이 컸습니다.,"Your Honor, I will tell what I actually saw — the older brother came when he could, and the younger brother carried most of the daily care. I am giving my full account, even the parts I would rather not have known.",元介護士の方として、私が見聞きした範囲だけを先に整理します。 私の知っている部分は控えずに、順番通りにお出しします。 当時の言葉のままだとは限らないので、内容の趣旨でお伝えします。,小儿子常来看母亲，这一点我看到过。母亲当面对他似乎更松一些，那段日子里有几次是这样。,"Scripted text channel without party a/b as speaker: system, judge, witness, dossier, mediation, aftermath, and milestone copy."
non_party_scripted_text_src_data_scriptedText_family-01_channels_witness_.entries_w-1_full_.variants_w-1-full-v8_.behaviorHint,non_party_scripted_text,src/data/scriptedText,family-01,channels[witness].entries[w-1|full].variants[w-1-full-v8].behaviorHint,어머님 반응을 말할 때 표정이 잠시 굳는다.,,,,"Scripted text channel without party a/b as speaker: system, judge, witness, dossier, mediation, aftermath, and milestone copy."
non_party_scripted_text_src_data_scriptedText_family-01_channels_witness_.entries_w-1_full_.variants_w-1-full-v8_.text,non_party_scripted_text,src/data/scriptedText,family-01,channels[witness].entries[w-1|full].variants[w-1-full-v8].text,큰아들분이 오면 목소리가 커질 거라 어머님이 걱정하신 적이 있습니다. 작은아들분도 그걸 알고 있었습니다.,"If the bench will allow, your Honor, I will tell what I actually saw — the older brother came when he could, and the younger brother carried most of the daily care. I will not protect anyone by trimming the truth here.",この件について私が母の傍で見た介護の場面と当時の手続きの空気に関わる部分からお話しします。 私の知っている部分は控えずに、順番通りにお出しします。 この場で言える範囲はここまでで、あとは控えます。,据我所记，小儿子常来看母亲，这一点我看到过。母亲当面对他似乎更松一些，那段日子里有几次是这样。希望对查证有帮助。,"Scripted text channel without party a/b as speaker: system, judge, witness, dossier, mediation, aftermath, and milestone copy."
non_party_scripted_text_src_data_scriptedText_family-01_channels_witness_.entries_w-1_full_.variants_w-1-full-v9_.behaviorHint,non_party_scripted_text,src/data/scriptedText,family-01,channels[witness].entries[w-1|full].variants[w-1-full-v9].behaviorHint,책임 소재가 나오자 시선을 낮추고 조심한다.,,,,"Scripted text channel without party a/b as speaker: system, judge, witness, dossier, mediation, aftermath, and milestone copy."
non_party_scripted_text_src_data_scriptedText_family-01_channels_witness_.entries_w-1_full_.variants_w-1-full-v9_.text,non_party_scripted_text,src/data/scriptedText,family-01,channels[witness].entries[w-1|full].variants[w-1-full-v9].text,문서를 읽고 넘기는 속도는 작은아들분이 정했습니다. 어머님이 완전히 주도했다고 말하긴 어렵습니다.,"Speaking only to what I saw, your Honor, I will tell what I actually saw — the older brother came when he could, and the younger brother carried most of the daily care. It is not for me to decide the case; I only ask that what I saw be heard cleanly.",裁判官、私が確かに知っていることだけを順に並べます。 私の知っている部分は控えずに、順番通りにお出しします。 当時の私の側の関与についても、ここで隠しません。,我再说一次：小儿子常来看母亲，这一点我看到过。母亲当面对他似乎更松一些，那段日子里有几次是这样。请把这条记录留下。,"Scripted text channel without party a/b as speaker: system, judge, witness, dossier, mediation, aftermath, and milestone copy."
non_party_scripted_text_src_data_scriptedText_family-01_channels_witness_.entries_w-1_partial_.variants_w-1-partial-v1_.behaviorHint,non_party_scripted_text,src/data/scriptedText,family-01,channels[witness].entries[w-1|partial].variants[w-1-partial-v1].behaviorHint,두 손을 모으고 본 장면만 조심스럽게 말한다.,,,,"Scripted text channel without party a/b as speaker: system, judge, witness, dossier, mediation, aftermath, and milestone copy."
non_party_scripted_text_src_data_scriptedText_family-01_channels_witness_.entries_w-1_partial_.variants_w-1-partial-v1_.text,non_party_scripted_text,src/data/scriptedText,family-01,channels[witness].entries[w-1|partial].variants[w-1-partial-v1].text,종이를 읽어드리는 장면은 봤습니다. 어머님이 따라 듣다가 중간에 멈추신 날도 있었습니다.,"Your Honor, I did look after their mother, and I can tell you the visits were not even on both sides. I can say that much with certainty, though the deeper parts I would rather leave to those who were closer.",元介護士の方として、私が見聞きした範囲だけを先に整理します。 直接見た範囲と人から聞いた範囲を分けて述べます。 推測と事実が混ざらないようにします。,小儿子常来看母亲，这一点我看到过。母亲当面对他似乎更松一些，那段日子里有几次是这样。,"Scripted text channel without party a/b as speaker: system, judge, witness, dossier, mediation, aftermath, and milestone copy."
non_party_scripted_text_src_data_scriptedText_family-01_channels_witness_.entries_w-1_partial_.variants_w-1-partial-v10_.behaviorHint,non_party_scripted_text,src/data/scriptedText,family-01,channels[witness].entries[w-1|partial].variants[w-1-partial-v10].behaviorHint,말을 고르며 재판관 쪽만 바라본다.,,,,"Scripted text channel without party a/b as speaker: system, judge, witness, dossier, mediation, aftermath, and milestone copy."
non_party_scripted_text_src_data_scriptedText_family-01_channels_witness_.entries_w-1_partial_.variants_w-1-partial-v10_.text,non_party_scripted_text,src/data/scriptedText,family-01,channels[witness].entries[w-1|partial].variants[w-1-partial-v10].text,방문과 종이가 연결돼 보이는 장면은 있었습니다. 다만 제가 그 일의 책임을 판단하긴 어렵습니다.,"Your Honor, I did look after their mother, and I can tell you the visits were not even on both sides. I will not embroider beyond what I clearly remember.",元介護士の方として、私が見聞きした範囲だけを先に整理します。 直接見た範囲と人から聞いた範囲を分けて述べます。 事実関係についてはこの先も補足できます。,小儿子常来看母亲，这一点我看到过。母亲当面对他似乎更松一些，那段日子里有几次是这样。,"Scripted text channel without party a/b as speaker: system, judge, witness, dossier, mediation, aftermath, and milestone copy."
non_party_scripted_text_src_data_scriptedText_family-01_channels_witness_.entries_w-1_partial_.variants_w-1-partial-v2_.behaviorHint,non_party_scripted_text,src/data/scriptedText,family-01,channels[witness].entries[w-1|partial].variants[w-1-partial-v2].behaviorHint,기억을 더듬으며 날짜보다 분위기를 먼저 설명한다.,,,,"Scripted text channel without party a/b as speaker: system, judge, witness, dossier, mediation, aftermath, and milestone copy."
non_party_scripted_text_src_data_scriptedText_family-01_channels_witness_.entries_w-1_partial_.variants_w-1-partial-v2_.text,non_party_scripted_text,src/data/scriptedText,family-01,channels[witness].entries[w-1|partial].variants[w-1-partial-v2].text,작은아들분이 문장을 끊어 읽고 어머님 반응을 살피는 모습은 기억납니다. 제가 판단한 건 아닙니다.,"If the bench will allow, your Honor, I did look after their mother, and I can tell you the visits were not even on both sides. What I saw clearly I will say; what I only sensed I will not pretend to confirm.",この件について私が母の傍で見た介護の場面と当時の手続きの空気に関わる部分からお話しします。 直接見た範囲と人から聞いた範囲を分けて述べます。 日付や場所は記憶より資料に従って合わせます。,据我所记，小儿子常来看母亲，这一点我看到过。母亲当面对他似乎更松一些，那段日子里有几次是这样。希望对查证有帮助。,"Scripted text channel without party a/b as speaker: system, judge, witness, dossier, mediation, aftermath, and milestone copy."
non_party_scripted_text_src_data_scriptedText_family-01_channels_witness_.entries_w-1_partial_.variants_w-1-partial-v3_.behaviorHint,non_party_scripted_text,src/data/scriptedText,family-01,channels[witness].entries[w-1|partial].variants[w-1-partial-v3].behaviorHint,자기 책임으로 번질까 조심하며 말끝을 낮춘다.,,,,"Scripted text channel without party a/b as speaker: system, judge, witness, dossier, mediation, aftermath, and milestone copy."
non_party_scripted_text_src_data_scriptedText_family-01_channels_witness_.entries_w-1_partial_.variants_w-1-partial-v3_.text,non_party_scripted_text,src/data/scriptedText,family-01,channels[witness].entries[w-1|partial].variants[w-1-partial-v3].text,서류 같은 종이를 몇 번 봤습니다. 다만 제가 그 내용을 확인할 위치는 아니었습니다.,"Speaking only to what I saw, your Honor, I did look after their mother, and I can tell you the visits were not even on both sides. I will share what I am sure of, and admit where my view stopped short.",裁判官、私が確かに知っていることだけを順に並べます。 直接見た範囲と人から聞いた範囲を分けて述べます。 私もその場にいた一人として、責任の範囲は引き受けます。,我再说一次：小儿子常来看母亲，这一点我看到过。母亲当面对他似乎更松一些，那段日子里有几次是这样。请把这条记录留下。,"Scripted text channel without party a/b as speaker: system, judge, witness, dossier, mediation, aftermath, and milestone copy."
non_party_scripted_text_src_data_scriptedText_family-01_channels_witness_.entries_w-1_partial_.variants_w-1-partial-v4_.behaviorHint,non_party_scripted_text,src/data/scriptedText,family-01,channels[witness].entries[w-1|partial].variants[w-1-partial-v4].behaviorHint,어머님 상태를 떠올리며 천천히 고개를 끄덕인다.,,,,"Scripted text channel without party a/b as speaker: system, judge, witness, dossier, mediation, aftermath, and milestone copy."
non_party_scripted_text_src_data_scriptedText_family-01_channels_witness_.entries_w-1_partial_.variants_w-1-partial-v4_.text,non_party_scripted_text,src/data/scriptedText,family-01,channels[witness].entries[w-1|partial].variants[w-1-partial-v4].text,어머님이 고개를 끄덕이실 때도 있었고 멍하실 때도 있었습니다. 그래서 단정은 조심스럽습니다.,"Your Honor, I did look after their mother, and I can tell you the visits were not even on both sides. There is more I half-saw, but I will not put guesswork into the record.",元介護士の方として、私が見聞きした範囲だけを先に整理します。 直接見た範囲と人から聞いた範囲を分けて述べます。 その時の空気は、私の側からはこのように見えていました。,小儿子常来看母亲，这一点我看到过。母亲当面对他似乎更松一些，那段日子里有几次是这样。,"Scripted text channel without party a/b as speaker: system, judge, witness, dossier, mediation, aftermath, and milestone copy."
non_party_scripted_text_src_data_scriptedText_family-01_channels_witness_.entries_w-1_partial_.variants_w-1-partial-v5_.behaviorHint,non_party_scripted_text,src/data/scriptedText,family-01,channels[witness].entries[w-1|partial].variants[w-1-partial-v5].behaviorHint,확신하는 부분과 모르는 부분을 분리해 답한다.,,,,"Scripted text channel without party a/b as speaker: system, judge, witness, dossier, mediation, aftermath, and milestone copy."
non_party_scripted_text_src_data_scriptedText_family-01_channels_witness_.entries_w-1_partial_.variants_w-1-partial-v5_.text,non_party_scripted_text,src/data/scriptedText,family-01,channels[witness].entries[w-1|partial].variants[w-1-partial-v5].text,그 무렵 진행이 빨라진 느낌은 있었습니다. 교체 문제까지 제 책임처럼 보일까 봐 조심스럽습니다.,"If the bench will allow, your Honor, I did look after their mother, and I can tell you the visits were not even on both sides. I will set out the part I knew, and acknowledge the rest is outside my scope.",この件について私が母の傍で見た介護の場面と当時の手続きの空気に関わる部分からお話しします。 直接見た範囲と人から聞いた範囲を分けて述べます。 誰がいつ何を言ったかについては、慎重にお伝えします。,据我所记，小儿子常来看母亲，这一点我看到过。母亲当面对他似乎更松一些，那段日子里有几次是这样。希望对查证有帮助。,"Scripted text channel without party a/b as speaker: system, judge, witness, dossier, mediation, aftermath, and milestone copy."
non_party_scripted_text_src_data_scriptedText_family-01_channels_witness_.entries_w-1_partial_.variants_w-1-partial-v6_.behaviorHint,non_party_scripted_text,src/data/scriptedText,family-01,channels[witness].entries[w-1|partial].variants[w-1-partial-v6].behaviorHint,요양보호사답게 관찰한 장면만 짧게 정리한다.,,,,"Scripted text channel without party a/b as speaker: system, judge, witness, dossier, mediation, aftermath, and milestone copy."
non_party_scripted_text_src_data_scriptedText_family-01_channels_witness_.entries_w-1_partial_.variants_w-1-partial-v6_.text,non_party_scripted_text,src/data/scriptedText,family-01,channels[witness].entries[w-1|partial].variants[w-1-partial-v6].text,작은아들분이 서두르는 기색은 있었습니다. 하지만 제가 보기엔 어머님을 재촉한다기보다 불안해 보였습니다.,"Speaking only to what I saw, your Honor, I did look after their mother, and I can tell you the visits were not even on both sides. I observed enough to give a partial picture, but not the whole one.",裁判官、私が確かに知っていることだけを順に並べます。 直接見た範囲と人から聞いた範囲を分けて述べます。 裁判官のご判断に必要な部分から並べます。,我再说一次：小儿子常来看母亲，这一点我看到过。母亲当面对他似乎更松一些，那段日子里有几次是这样。请把这条记录留下。,"Scripted text channel without party a/b as speaker: system, judge, witness, dossier, mediation, aftermath, and milestone copy."
non_party_scripted_text_src_data_scriptedText_family-01_channels_witness_.entries_w-1_partial_.variants_w-1-partial-v7_.behaviorHint,non_party_scripted_text,src/data/scriptedText,family-01,channels[witness].entries[w-1|partial].variants[w-1-partial-v7].behaviorHint,불필요한 판단을 피하며 손을 무릎 위에 모은다.,,,,"Scripted text channel without party a/b as speaker: system, judge, witness, dossier, mediation, aftermath, and milestone copy."
non_party_scripted_text_src_data_scriptedText_family-01_channels_witness_.entries_w-1_partial_.variants_w-1-partial-v7_.text,non_party_scripted_text,src/data/scriptedText,family-01,channels[witness].entries[w-1|partial].variants[w-1-partial-v7].text,큰아들분이 오시면 분위기가 세질까 걱정하는 말투를 들은 적은 있습니다. 정확한 뜻은 모릅니다.,"Your Honor, I did look after their mother, and I can tell you the visits were not even on both sides. I can describe the shape of it, even if I cannot draw every line.",元介護士の方として、私が見聞きした範囲だけを先に整理します。 直接見た範囲と人から聞いた範囲を分けて述べます。 当時の言葉のままだとは限らないので、内容の趣旨でお伝えします。,小儿子常来看母亲，这一点我看到过。母亲当面对他似乎更松一些，那段日子里有几次是这样。,"Scripted text channel without party a/b as speaker: system, judge, witness, dossier, mediation, aftermath, and milestone copy."
non_party_scripted_text_src_data_scriptedText_family-01_channels_witness_.entries_w-1_partial_.variants_w-1-partial-v8_.behaviorHint,non_party_scripted_text,src/data/scriptedText,family-01,channels[witness].entries[w-1|partial].variants[w-1-partial-v8].behaviorHint,어머님 반응을 말할 때 표정이 잠시 굳는다.,,,,"Scripted text channel without party a/b as speaker: system, judge, witness, dossier, mediation, aftermath, and milestone copy."
non_party_scripted_text_src_data_scriptedText_family-01_channels_witness_.entries_w-1_partial_.variants_w-1-partial-v8_.text,non_party_scripted_text,src/data/scriptedText,family-01,channels[witness].entries[w-1|partial].variants[w-1-partial-v8].text,읽어드린 종이가 중요한 문서였을 수는 있습니다. 저는 요양보호사라 내용 판단은 하지 않았습니다.,"If the bench will allow, your Honor, I did look after their mother, and I can tell you the visits were not even on both sides. What I share here I share carefully — anything more would be unfair.",この件について私が母の傍で見た介護の場面と当時の手続きの空気に関わる部分からお話しします。 直接見た範囲と人から聞いた範囲を分けて述べます。 この場で言える範囲はここまでで、あとは控えます。,据我所记，小儿子常来看母亲，这一点我看到过。母亲当面对他似乎更松一些，那段日子里有几次是这样。希望对查证有帮助。,"Scripted text channel without party a/b as speaker: system, judge, witness, dossier, mediation, aftermath, and milestone copy."
non_party_scripted_text_src_data_scriptedText_family-01_channels_witness_.entries_w-1_partial_.variants_w-1-partial-v9_.behaviorHint,non_party_scripted_text,src/data/scriptedText,family-01,channels[witness].entries[w-1|partial].variants[w-1-partial-v9].behaviorHint,책임 소재가 나오자 시선을 낮추고 조심한다.,,,,"Scripted text channel without party a/b as speaker: system, judge, witness, dossier, mediation, aftermath, and milestone copy."
non_party_scripted_text_src_data_scriptedText_family-01_channels_witness_.entries_w-1_partial_.variants_w-1-partial-v9_.text,non_party_scripted_text,src/data/scriptedText,family-01,channels[witness].entries[w-1|partial].variants[w-1-partial-v9].text,어머님 컨디션이 좋을 때를 골라 뭔가 정리하려는 모습은 있었습니다. 저는 지켜본 사람입니다.,"Speaking only to what I saw, your Honor, I did look after their mother, and I can tell you the visits were not even on both sides. I will go this far and not further on what I personally witnessed.",裁判官、私が確かに知っていることだけを順に並べます。 直接見た範囲と人から聞いた範囲を分けて述べます。 当時の私の側の関与についても、ここで隠しません。,我再说一次：小儿子常来看母亲，这一点我看到过。母亲当面对他似乎更松一些，那段日子里有几次是这样。请把这条记录留下。,"Scripted text channel without party a/b as speaker: system, judge, witness, dossier, mediation, aftermath, and milestone copy."
non_party_scripted_text_src_data_scriptedText_family-01_channels_witness_.entries_w-1_vague_.variants_w-1-vague-v1_.behaviorHint,non_party_scripted_text,src/data/scriptedText,family-01,channels[witness].entries[w-1|vague].variants[w-1-vague-v1].behaviorHint,두 손을 모으고 본 장면만 조심스럽게 말한다.,,,,"Scripted text channel without party a/b as speaker: system, judge, witness, dossier, mediation, aftermath, and milestone copy."
non_party_scripted_text_src_data_scriptedText_family-01_channels_witness_.entries_w-1_vague_.variants_w-1-vague-v1_.text,non_party_scripted_text,src/data/scriptedText,family-01,channels[witness].entries[w-1|vague].variants[w-1-vague-v1].text,작은아들분이 자주 오신 건 맞습니다. 어머님이 그분을 보고 조금 편해 보인 날도 있었습니다.,"Your Honor, I worked at the care home for some years and looked after their mother for a while. Beyond that I cannot say more without risking inaccuracy.",元介護士の方として、私が見聞きした範囲だけを先に整理します。 断定は避け、空気と前後の流れだけお伝えします。 推測と事実が混ざらないようにします。,小儿子常来看母亲，这一点我看到过。母亲当面对他似乎更松一些，那段日子里有几次是这样。,"Scripted text channel without party a/b as speaker: system, judge, witness, dossier, mediation, aftermath, and milestone copy."
non_party_scripted_text_src_data_scriptedText_family-01_channels_witness_.entries_w-1_vague_.variants_w-1-vague-v10_.behaviorHint,non_party_scripted_text,src/data/scriptedText,family-01,channels[witness].entries[w-1|vague].variants[w-1-vague-v10].behaviorHint,말을 고르며 재판관 쪽만 바라본다.,,,,"Scripted text channel without party a/b as speaker: system, judge, witness, dossier, mediation, aftermath, and milestone copy."
non_party_scripted_text_src_data_scriptedText_family-01_channels_witness_.entries_w-1_vague_.variants_w-1-vague-v10_.text,non_party_scripted_text,src/data/scriptedText,family-01,channels[witness].entries[w-1|vague].variants[w-1-vague-v10].text,어머님이 피곤해하시는 날도 있었고 또렷한 날도 있었습니다. 저는 그 정도만 기억합니다.,"Your Honor, I worked at the care home for some years and looked after their mother for a while. I will keep my account inside what I can stand behind.",元介護士の方として、私が見聞きした範囲だけを先に整理します。 断定は避け、空気と前後の流れだけお伝えします。 事実関係についてはこの先も補足できます。,小儿子常来看母亲，这一点我看到过。母亲当面对他似乎更松一些，那段日子里有几次是这样。,"Scripted text channel without party a/b as speaker: system, judge, witness, dossier, mediation, aftermath, and milestone copy."
non_party_scripted_text_src_data_scriptedText_family-01_channels_witness_.entries_w-1_vague_.variants_w-1-vague-v2_.behaviorHint,non_party_scripted_text,src/data/scriptedText,family-01,channels[witness].entries[w-1|vague].variants[w-1-vague-v2].behaviorHint,기억을 더듬으며 날짜보다 분위기를 먼저 설명한다.,,,,"Scripted text channel without party a/b as speaker: system, judge, witness, dossier, mediation, aftermath, and milestone copy."
non_party_scripted_text_src_data_scriptedText_family-01_channels_witness_.entries_w-1_vague_.variants_w-1-vague-v2_.text,non_party_scripted_text,src/data/scriptedText,family-01,channels[witness].entries[w-1|vague].variants[w-1-vague-v2].text,제가 본 범위에서는 방문이 잦았습니다. 다만 세세한 날짜까지는 지금 바로 말하기 어렵습니다.,"If the bench will allow, your Honor, I worked at the care home for some years and looked after their mother for a while. I would rather not stretch my recollection past what I clearly remember.",この件について私が母の傍で見た介護の場面と当時の手続きの空気に関わる部分からお話しします。 断定は避け、空気と前後の流れだけお伝えします。 日付や場所は記憶より資料に従って合わせます。,据我所记，小儿子常来看母亲，这一点我看到过。母亲当面对他似乎更松一些，那段日子里有几次是这样。希望对查证有帮助。,"Scripted text channel without party a/b as speaker: system, judge, witness, dossier, mediation, aftermath, and milestone copy."
non_party_scripted_text_src_data_scriptedText_family-01_channels_witness_.entries_w-1_vague_.variants_w-1-vague-v3_.behaviorHint,non_party_scripted_text,src/data/scriptedText,family-01,channels[witness].entries[w-1|vague].variants[w-1-vague-v3].behaviorHint,자기 책임으로 번질까 조심하며 말끝을 낮춘다.,,,,"Scripted text channel without party a/b as speaker: system, judge, witness, dossier, mediation, aftermath, and milestone copy."
non_party_scripted_text_src_data_scriptedText_family-01_channels_witness_.entries_w-1_vague_.variants_w-1-vague-v3_.text,non_party_scripted_text,src/data/scriptedText,family-01,channels[witness].entries[w-1|vague].variants[w-1-vague-v3].text,작은아들분이 조용히 다녀가신 날이 여러 번 있었습니다. 큰소리 나는 분위기는 아니었습니다.,"Speaking only to what I saw, your Honor, I worked at the care home for some years and looked after their mother for a while. On the finer points my memory is honestly uncertain.",裁判官、私が確かに知っていることだけを順に並べます。 断定は避け、空気と前後の流れだけお伝えします。 私もその場にいた一人として、責任の範囲は引き受けます。,我再说一次：小儿子常来看母亲，这一点我看到过。母亲当面对他似乎更松一些，那段日子里有几次是这样。请把这条记录留下。,"Scripted text channel without party a/b as speaker: system, judge, witness, dossier, mediation, aftermath, and milestone copy."
non_party_scripted_text_src_data_scriptedText_family-01_channels_witness_.entries_w-1_vague_.variants_w-1-vague-v4_.behaviorHint,non_party_scripted_text,src/data/scriptedText,family-01,channels[witness].entries[w-1|vague].variants[w-1-vague-v4].behaviorHint,어머님 상태를 떠올리며 천천히 고개를 끄덕인다.,,,,"Scripted text channel without party a/b as speaker: system, judge, witness, dossier, mediation, aftermath, and milestone copy."
non_party_scripted_text_src_data_scriptedText_family-01_channels_witness_.entries_w-1_vague_.variants_w-1-vague-v4_.text,non_party_scripted_text,src/data/scriptedText,family-01,channels[witness].entries[w-1|vague].variants[w-1-vague-v4].text,어머님 방에 종이가 놓여 있던 건 기억납니다. 내용까지 제가 살핀 건 아닙니다.,"Your Honor, I worked at the care home for some years and looked after their mother for a while. I did not see the household side of things up close.",元介護士の方として、私が見聞きした範囲だけを先に整理します。 断定は避け、空気と前後の流れだけお伝えします。 その時の空気は、私の側からはこのように見えていました。,小儿子常来看母亲，这一点我看到过。母亲当面对他似乎更松一些，那段日子里有几次是这样。,"Scripted text channel without party a/b as speaker: system, judge, witness, dossier, mediation, aftermath, and milestone copy."
non_party_scripted_text_src_data_scriptedText_family-01_channels_witness_.entries_w-1_vague_.variants_w-1-vague-v5_.behaviorHint,non_party_scripted_text,src/data/scriptedText,family-01,channels[witness].entries[w-1|vague].variants[w-1-vague-v5].behaviorHint,확신하는 부분과 모르는 부분을 분리해 답한다.,,,,"Scripted text channel without party a/b as speaker: system, judge, witness, dossier, mediation, aftermath, and milestone copy."
non_party_scripted_text_src_data_scriptedText_family-01_channels_witness_.entries_w-1_vague_.variants_w-1-vague-v5_.text,non_party_scripted_text,src/data/scriptedText,family-01,channels[witness].entries[w-1|vague].variants[w-1-vague-v5].text,말년에는 어머님 상태가 날마다 달랐습니다. 그래서 누가 왔는지보다 분위기만 기억납니다.,"If the bench will allow, your Honor, I worked at the care home for some years and looked after their mother for a while. I noticed only what was visible from where I stood.",この件について私が母の傍で見た介護の場面と当時の手続きの空気に関わる部分からお話しします。 断定は避け、空気と前後の流れだけお伝えします。 誰がいつ何を言ったかについては、慎重にお伝えします。,据我所记，小儿子常来看母亲，这一点我看到过。母亲当面对他似乎更松一些，那段日子里有几次是这样。希望对查证有帮助。,"Scripted text channel without party a/b as speaker: system, judge, witness, dossier, mediation, aftermath, and milestone copy."
non_party_scripted_text_src_data_scriptedText_family-01_channels_witness_.entries_w-1_vague_.variants_w-1-vague-v6_.behaviorHint,non_party_scripted_text,src/data/scriptedText,family-01,channels[witness].entries[w-1|vague].variants[w-1-vague-v6].behaviorHint,요양보호사답게 관찰한 장면만 짧게 정리한다.,,,,"Scripted text channel without party a/b as speaker: system, judge, witness, dossier, mediation, aftermath, and milestone copy."
non_party_scripted_text_src_data_scriptedText_family-01_channels_witness_.entries_w-1_vague_.variants_w-1-vague-v6_.text,non_party_scripted_text,src/data/scriptedText,family-01,channels[witness].entries[w-1|vague].variants[w-1-vague-v6].text,작은아들분이 오면 어머님이 안심하시는 듯한 날이 있었습니다. 그 이상은 조심스럽습니다.,"Speaking only to what I saw, your Honor, I worked at the care home for some years and looked after their mother for a while. I will not put forward what I am not sure of.",裁判官、私が確かに知っていることだけを順に並べます。 断定は避け、空気と前後の流れだけお伝えします。 裁判官のご判断に必要な部分から並べます。,我再说一次：小儿子常来看母亲，这一点我看到过。母亲当面对他似乎更松一些，那段日子里有几次是这样。请把这条记录留下。,"Scripted text channel without party a/b as speaker: system, judge, witness, dossier, mediation, aftermath, and milestone copy."
non_party_scripted_text_src_data_scriptedText_family-01_channels_witness_.entries_w-1_vague_.variants_w-1-vague-v7_.behaviorHint,non_party_scripted_text,src/data/scriptedText,family-01,channels[witness].entries[w-1|vague].variants[w-1-vague-v7].behaviorHint,불필요한 판단을 피하며 손을 무릎 위에 모은다.,,,,"Scripted text channel without party a/b as speaker: system, judge, witness, dossier, mediation, aftermath, and milestone copy."
non_party_scripted_text_src_data_scriptedText_family-01_channels_witness_.entries_w-1_vague_.variants_w-1-vague-v7_.text,non_party_scripted_text,src/data/scriptedText,family-01,channels[witness].entries[w-1|vague].variants[w-1-vague-v7].text,저는 본 것만 말씀드리겠습니다. 방문이 늘어난 흐름은 있었지만 판단은 재판관님 몫입니다.,"Your Honor, I worked at the care home for some years and looked after their mother for a while. Anything more would be guesswork and I will not offer guesswork here.",元介護士の方として、私が見聞きした範囲だけを先に整理します。 断定は避け、空気と前後の流れだけお伝えします。 当時の言葉のままだとは限らないので、内容の趣旨でお伝えします。,小儿子常来看母亲，这一点我看到过。母亲当面对他似乎更松一些，那段日子里有几次是这样。,"Scripted text channel without party a/b as speaker: system, judge, witness, dossier, mediation, aftermath, and milestone copy."
non_party_scripted_text_src_data_scriptedText_family-01_channels_witness_.entries_w-1_vague_.variants_w-1-vague-v8_.behaviorHint,non_party_scripted_text,src/data/scriptedText,family-01,channels[witness].entries[w-1|vague].variants[w-1-vague-v8].behaviorHint,어머님 반응을 말할 때 표정이 잠시 굳는다.,,,,"Scripted text channel without party a/b as speaker: system, judge, witness, dossier, mediation, aftermath, and milestone copy."
non_party_scripted_text_src_data_scriptedText_family-01_channels_witness_.entries_w-1_vague_.variants_w-1-vague-v8_.text,non_party_scripted_text,src/data/scriptedText,family-01,channels[witness].entries[w-1|vague].variants[w-1-vague-v8].text,그 무렵 방 안에서 낮은 목소리로 대화하는 장면을 본 적은 있습니다.,"If the bench will allow, your Honor, I worked at the care home for some years and looked after their mother for a while. I leave the details of the family side to those who lived inside it.",この件について私が母の傍で見た介護の場面と当時の手続きの空気に関わる部分からお話しします。 断定は避け、空気と前後の流れだけお伝えします。 この場で言える範囲はここまでで、あとは控えます。,据我所记，小儿子常来看母亲，这一点我看到过。母亲当面对他似乎更松一些，那段日子里有几次是这样。希望对查证有帮助。,"Scripted text channel without party a/b as speaker: system, judge, witness, dossier, mediation, aftermath, and milestone copy."
non_party_scripted_text_src_data_scriptedText_family-01_channels_witness_.entries_w-1_vague_.variants_w-1-vague-v9_.behaviorHint,non_party_scripted_text,src/data/scriptedText,family-01,channels[witness].entries[w-1|vague].variants[w-1-vague-v9].behaviorHint,책임 소재가 나오자 시선을 낮추고 조심한다.,,,,"Scripted text channel without party a/b as speaker: system, judge, witness, dossier, mediation, aftermath, and milestone copy."
non_party_scripted_text_src_data_scriptedText_family-01_channels_witness_.entries_w-1_vague_.variants_w-1-vague-v9_.text,non_party_scripted_text,src/data/scriptedText,family-01,channels[witness].entries[w-1|vague].variants[w-1-vague-v9].text,요양보호사 교체 일은 제가 함부로 말하기 어렵습니다. 다만 방문 자체는 잦았습니다.,"Speaking only to what I saw, your Honor, I worked at the care home for some years and looked after their mother for a while. I cannot pretend I knew more than my role allowed.",裁判官、私が確かに知っていることだけを順に並べます。 断定は避け、空気と前後の流れだけお伝えします。 当時の私の側の関与についても、ここで隠しません。,我再说一次：小儿子常来看母亲，这一点我看到过。母亲当面对他似乎更松一些，那段日子里有几次是这样。请把这条记录留下。,"Scripted text channel without party a/b as speaker: system, judge, witness, dossier, mediation, aftermath, and milestone copy."
non_party_scripted_text_src_data_scriptedText_family-01_channels_witness_.entries_w-2_full_.variants_w-2-full-v1_.behaviorHint,non_party_scripted_text,src/data/scriptedText,family-01,channels[witness].entries[w-2|full].variants[w-2-full-v1].behaviorHint,기록을 기준으로 삼아 업무적으로 답한다.,,,,"Scripted text channel without party a/b as speaker: system, judge, witness, dossier, mediation, aftermath, and milestone copy."
non_party_scripted_text_src_data_scriptedText_family-01_channels_witness_.entries_w-2_full_.variants_w-2-full-v1_.text,non_party_scripted_text,src/data/scriptedText,family-01,channels[witness].entries[w-2|full].variants[w-2-full-v1].text,"처음 공증본은 처음 적힌 비율이었고, 다시 들어온 최종본은 60대40이었습니다. 최종 제출자는 윤정후 씨였습니다.","Your Honor, I assisted on the notarisation memo, and I have to admit certain procedural confirmations were rushed on that day. I will not soften it for either side; that would help no one here.",公証人の方として、私が見聞きした範囲だけを先に整理します。 私の知っている部分は控えずに、順番通りにお出しします。 推測と事実が混ざらないようにします。,小儿子常来看母亲，这一点我看到过。母亲当面对他似乎更松一些，那段日子里有几次是这样。,"Scripted text channel without party a/b as speaker: system, judge, witness, dossier, mediation, aftermath, and milestone copy."
non_party_scripted_text_src_data_scriptedText_family-01_channels_witness_.entries_w-2_full_.variants_w-2-full-v10_.behaviorHint,non_party_scripted_text,src/data/scriptedText,family-01,channels[witness].entries[w-2|full].variants[w-2-full-v10].behaviorHint,절차 책임을 피하려다 다시 사실로 돌아온다.,,,,"Scripted text channel without party a/b as speaker: system, judge, witness, dossier, mediation, aftermath, and milestone copy."
non_party_scripted_text_src_data_scriptedText_family-01_channels_witness_.entries_w-2_full_.variants_w-2-full-v10_.text,non_party_scripted_text,src/data/scriptedText,family-01,channels[witness].entries[w-2|full].variants[w-2-full-v10].text,기록만 보면 윤정후 씨가 자기 몫을 줄이는 방향으로 문서를 바꿔 냈다는 점이 분명합니다.,"Your Honor, I assisted on the notarisation memo, and I have to admit certain procedural confirmations were rushed on that day. I am ready for whatever follows from saying it.",公証人の方として、私が見聞きした範囲だけを先に整理します。 私の知っている部分は控えずに、順番通りにお出しします。 事実関係についてはこの先も補足できます。,小儿子常来看母亲，这一点我看到过。母亲当面对他似乎更松一些，那段日子里有几次是这样。,"Scripted text channel without party a/b as speaker: system, judge, witness, dossier, mediation, aftermath, and milestone copy."
non_party_scripted_text_src_data_scriptedText_family-01_channels_witness_.entries_w-2_full_.variants_w-2-full-v2_.behaviorHint,non_party_scripted_text,src/data/scriptedText,family-01,channels[witness].entries[w-2|full].variants[w-2-full-v2].behaviorHint,절차상 표현을 고르며 조심스럽게 말한다.,,,,"Scripted text channel without party a/b as speaker: system, judge, witness, dossier, mediation, aftermath, and milestone copy."
non_party_scripted_text_src_data_scriptedText_family-01_channels_witness_.entries_w-2_full_.variants_w-2-full-v2_.text,non_party_scripted_text,src/data/scriptedText,family-01,channels[witness].entries[w-2|full].variants[w-2-full-v2].text,기록상 처음 적힌 자필 연습본과 60대40 공증본이 같은 날 남아 있습니다. 두 번째를 낸 사람은 서류 제출자분입니다.,"If the bench will allow, your Honor, I assisted on the notarisation memo, and I have to admit certain procedural confirmations were rushed on that day. I have held this back for some time, and I would rather it be on the record properly now.",この件について私が公証当日の手続きと書類のやり取りに関わる部分からお話しします。 私の知っている部分は控えずに、順番通りにお出しします。 日付や場所は記憶より資料に従って合わせます。,据我所记，小儿子常来看母亲，这一点我看到过。母亲当面对他似乎更松一些，那段日子里有几次是这样。希望对查证有帮助。,"Scripted text channel without party a/b as speaker: system, judge, witness, dossier, mediation, aftermath, and milestone copy."
non_party_scripted_text_src_data_scriptedText_family-01_channels_witness_.entries_w-2_full_.variants_w-2-full-v3_.behaviorHint,non_party_scripted_text,src/data/scriptedText,family-01,channels[witness].entries[w-2|full].variants[w-2-full-v3].behaviorHint,책임 문제가 번질까 문장마다 선을 긋는다.,,,,"Scripted text channel without party a/b as speaker: system, judge, witness, dossier, mediation, aftermath, and milestone copy."
non_party_scripted_text_src_data_scriptedText_family-01_channels_witness_.entries_w-2_full_.variants_w-2-full-v3_.text,non_party_scripted_text,src/data/scriptedText,family-01,channels[witness].entries[w-2|full].variants[w-2-full-v3].text,저는 당시 비율 변경 사유를 충분히 확인하지 못했습니다. 지금 보면 절차상 빈틈이 있었습니다.,"Speaking only to what I saw, your Honor, I assisted on the notarisation memo, and I have to admit certain procedural confirmations were rushed on that day. Your Honor, I would rather speak plainly than carry this any longer.",裁判官、私が確かに知っていることだけを順に並べます。 私の知っている部分は控えずに、順番通りにお出しします。 私もその場にいた一人として、責任の範囲は引き受けます。,我再说一次：小儿子常来看母亲，这一点我看到过。母亲当面对他似乎更松一些，那段日子里有几次是这样。请把这条记录留下。,"Scripted text channel without party a/b as speaker: system, judge, witness, dossier, mediation, aftermath, and milestone copy."
non_party_scripted_text_src_data_scriptedText_family-01_channels_witness_.entries_w-2_full_.variants_w-2-full-v4_.behaviorHint,non_party_scripted_text,src/data/scriptedText,family-01,channels[witness].entries[w-2|full].variants[w-2-full-v4].behaviorHint,공증 메모를 떠올리듯 손끝으로 순서를 짚는다.,,,,"Scripted text channel without party a/b as speaker: system, judge, witness, dossier, mediation, aftermath, and milestone copy."
non_party_scripted_text_src_data_scriptedText_family-01_channels_witness_.entries_w-2_full_.variants_w-2-full-v4_.text,non_party_scripted_text,src/data/scriptedText,family-01,channels[witness].entries[w-2|full].variants[w-2-full-v4].text,"첫 문서는 윤정후 씨 몫이 훨씬 컸고, 두 번째는 그 몫이 줄었습니다. 그래서 단순 탐욕으로 보긴 어렵습니다.","Your Honor, I assisted on the notarisation memo, and I have to admit certain procedural confirmations were rushed on that day. I am only sharing what I am certain of, but I am sharing all of it.",公証人の方として、私が見聞きした範囲だけを先に整理します。 私の知っている部分は控えずに、順番通りにお出しします。 その時の空気は、私の側からはこのように見えていました。,小儿子常来看母亲，这一点我看到过。母亲当面对他似乎更松一些，那段日子里有几次是这样。,"Scripted text channel without party a/b as speaker: system, judge, witness, dossier, mediation, aftermath, and milestone copy."
non_party_scripted_text_src_data_scriptedText_family-01_channels_witness_.entries_w-2_full_.variants_w-2-full-v5_.behaviorHint,non_party_scripted_text,src/data/scriptedText,family-01,channels[witness].entries[w-2|full].variants[w-2-full-v5].behaviorHint,감정을 넣지 않고 확인된 내용만 말한다.,,,,"Scripted text channel without party a/b as speaker: system, judge, witness, dossier, mediation, aftermath, and milestone copy."
non_party_scripted_text_src_data_scriptedText_family-01_channels_witness_.entries_w-2_full_.variants_w-2-full-v5_.text,non_party_scripted_text,src/data/scriptedText,family-01,channels[witness].entries[w-2|full].variants[w-2-full-v5].text,최종본 접수 때 큰아들분의 별도 확인은 없었습니다. 저희 쪽 확인이 부족했다는 지적은 피하기 어렵습니다.,"If the bench will allow, your Honor, I assisted on the notarisation memo, and I have to admit certain procedural confirmations were rushed on that day. Whatever the consequence to me, I would rather not leave this unsaid.",この件について私が公証当日の手続きと書類のやり取りに関わる部分からお話しします。 私の知っている部分は控えずに、順番通りにお出しします。 誰がいつ何を言ったかについては、慎重にお伝えします。,据我所记，小儿子常来看母亲，这一点我看到过。母亲当面对他似乎更松一些，那段日子里有几次是这样。希望对查证有帮助。,"Scripted text channel without party a/b as speaker: system, judge, witness, dossier, mediation, aftermath, and milestone copy."
non_party_scripted_text_src_data_scriptedText_family-01_channels_witness_.entries_w-2_full_.variants_w-2-full-v6_.behaviorHint,non_party_scripted_text,src/data/scriptedText,family-01,channels[witness].entries[w-2|full].variants[w-2-full-v6].behaviorHint,본인 확인 부족 대목에서 잠깐 숨을 고른다.,,,,"Scripted text channel without party a/b as speaker: system, judge, witness, dossier, mediation, aftermath, and milestone copy."
non_party_scripted_text_src_data_scriptedText_family-01_channels_witness_.entries_w-2_full_.variants_w-2-full-v6_.text,non_party_scripted_text,src/data/scriptedText,family-01,channels[witness].entries[w-2|full].variants[w-2-full-v6].text,공증 기록에는 절차 메모 시간이 남아 있습니다. 어머니 상태와 진행 방식의 주의점이 명확합니다.,"Speaking only to what I saw, your Honor, I assisted on the notarisation memo, and I have to admit certain procedural confirmations were rushed on that day. I have weighed it long enough; I will not keep it back further.",裁判官、私が確かに知っていることだけを順に並べます。 私の知っている部分は控えずに、順番通りにお出しします。 裁判官のご判断に必要な部分から並べます。,我再说一次：小儿子常来看母亲，这一点我看到过。母亲当面对他似乎更松一些，那段日子里有几次是这样。请把这条记录留下。,"Scripted text channel without party a/b as speaker: system, judge, witness, dossier, mediation, aftermath, and milestone copy."
non_party_scripted_text_src_data_scriptedText_family-01_channels_witness_.entries_w-2_full_.variants_w-2-full-v7_.behaviorHint,non_party_scripted_text,src/data/scriptedText,family-01,channels[witness].entries[w-2|full].variants[w-2-full-v7].behaviorHint,문서 차이를 말할 때 목소리가 더 낮아진다.,,,,"Scripted text channel without party a/b as speaker: system, judge, witness, dossier, mediation, aftermath, and milestone copy."
non_party_scripted_text_src_data_scriptedText_family-01_channels_witness_.entries_w-2_full_.variants_w-2-full-v7_.text,non_party_scripted_text,src/data/scriptedText,family-01,channels[witness].entries[w-2|full].variants[w-2-full-v7].text,"윤정후 씨가 문서를 다시 제출했고, 그 뒤 60대40 서류가 보관본으로 남았습니다.","Your Honor, I assisted on the notarisation memo, and I have to admit certain procedural confirmations were rushed on that day. I am giving my full account, even the parts I would rather not have known.",公証人の方として、私が見聞きした範囲だけを先に整理します。 私の知っている部分は控えずに、順番通りにお出しします。 当時の言葉のままだとは限らないので、内容の趣旨でお伝えします。,小儿子常来看母亲，这一点我看到过。母亲当面对他似乎更松一些，那段日子里有几次是这样。,"Scripted text channel without party a/b as speaker: system, judge, witness, dossier, mediation, aftermath, and milestone copy."
non_party_scripted_text_src_data_scriptedText_family-01_channels_witness_.entries_w-2_full_.variants_w-2-full-v8_.behaviorHint,non_party_scripted_text,src/data/scriptedText,family-01,channels[witness].entries[w-2|full].variants[w-2-full-v8].behaviorHint,업무 범위를 강조하며 세부를 정리한다.,,,,"Scripted text channel without party a/b as speaker: system, judge, witness, dossier, mediation, aftermath, and milestone copy."
non_party_scripted_text_src_data_scriptedText_family-01_channels_witness_.entries_w-2_full_.variants_w-2-full-v8_.text,non_party_scripted_text,src/data/scriptedText,family-01,channels[witness].entries[w-2|full].variants[w-2-full-v8].text,저는 업무적으로 처리했지만 자필 연습본이 남은 이상 변경 사실은 부정하기 어렵습니다.,"If the bench will allow, your Honor, I assisted on the notarisation memo, and I have to admit certain procedural confirmations were rushed on that day. I will not protect anyone by trimming the truth here.",この件について私が公証当日の手続きと書類のやり取りに関わる部分からお話しします。 私の知っている部分は控えずに、順番通りにお出しします。 この場で言える範囲はここまでで、あとは控えます。,据我所记，小儿子常来看母亲，这一点我看到过。母亲当面对他似乎更松一些，那段日子里有几次是这样。希望对查证有帮助。,"Scripted text channel without party a/b as speaker: system, judge, witness, dossier, mediation, aftermath, and milestone copy."
non_party_scripted_text_src_data_scriptedText_family-01_channels_witness_.entries_w-2_full_.variants_w-2-full-v9_.behaviorHint,non_party_scripted_text,src/data/scriptedText,family-01,channels[witness].entries[w-2|full].variants[w-2-full-v9].behaviorHint,재판관 질문을 듣고 기록 쪽으로 시선을 내린다.,,,,"Scripted text channel without party a/b as speaker: system, judge, witness, dossier, mediation, aftermath, and milestone copy."
non_party_scripted_text_src_data_scriptedText_family-01_channels_witness_.entries_w-2_full_.variants_w-2-full-v9_.text,non_party_scripted_text,src/data/scriptedText,family-01,channels[witness].entries[w-2|full].variants[w-2-full-v9].text,"재판관님, 절차상 문서의 진정한 의사 확인이 충분했는지는 저도 자신 있게 말하기 어렵습니다.","Speaking only to what I saw, your Honor, I assisted on the notarisation memo, and I have to admit certain procedural confirmations were rushed on that day. It is not for me to decide the case; I only ask that what I saw be heard cleanly.",裁判官、私が確かに知っていることだけを順に並べます。 私の知っている部分は控えずに、順番通りにお出しします。 当時の私の側の関与についても、ここで隠しません。,我再说一次：小儿子常来看母亲，这一点我看到过。母亲当面对他似乎更松一些，那段日子里有几次是这样。请把这条记录留下。,"Scripted text channel without party a/b as speaker: system, judge, witness, dossier, mediation, aftermath, and milestone copy."
non_party_scripted_text_src_data_scriptedText_family-01_channels_witness_.entries_w-2_partial_.variants_w-2-partial-v1_.behaviorHint,non_party_scripted_text,src/data/scriptedText,family-01,channels[witness].entries[w-2|partial].variants[w-2-partial-v1].behaviorHint,기록을 기준으로 삼아 업무적으로 답한다.,,,,"Scripted text channel without party a/b as speaker: system, judge, witness, dossier, mediation, aftermath, and milestone copy."
non_party_scripted_text_src_data_scriptedText_family-01_channels_witness_.entries_w-2_partial_.variants_w-2-partial-v1_.text,non_party_scripted_text,src/data/scriptedText,family-01,channels[witness].entries[w-2|partial].variants[w-2-partial-v1].text,처음 들어온 문서와 다시 들어온 문서의 비율은 달랐습니다. 처음 것이 더 한쪽으로 기울어 있었습니다.,"Your Honor, I assisted on the notarisation memo, and I will admit some confirmation steps were lighter than usual. I can say that much with certainty, though the deeper parts I would rather leave to those who were closer.",公証人の方として、私が見聞きした範囲だけを先に整理します。 直接見た範囲と人から聞いた範囲を分けて述べます。 推測と事実が混ざらないようにします。,小儿子常来看母亲，这一点我看到过。母亲当面对他似乎更松一些，那段日子里有几次是这样。,"Scripted text channel without party a/b as speaker: system, judge, witness, dossier, mediation, aftermath, and milestone copy."
non_party_scripted_text_src_data_scriptedText_family-01_channels_witness_.entries_w-2_partial_.variants_w-2-partial-v10_.behaviorHint,non_party_scripted_text,src/data/scriptedText,family-01,channels[witness].entries[w-2|partial].variants[w-2-partial-v10].behaviorHint,절차 책임을 피하려다 다시 사실로 돌아온다.,,,,"Scripted text channel without party a/b as speaker: system, judge, witness, dossier, mediation, aftermath, and milestone copy."
non_party_scripted_text_src_data_scriptedText_family-01_channels_witness_.entries_w-2_partial_.variants_w-2-partial-v10_.text,non_party_scripted_text,src/data/scriptedText,family-01,channels[witness].entries[w-2|partial].variants[w-2-partial-v10].text,"두 서류가 같은 날 들어온 건 맞고, 최종본을 낸 사람은 서류 제출자분이었습니다.","Your Honor, I assisted on the notarisation memo, and I will admit some confirmation steps were lighter than usual. I will not embroider beyond what I clearly remember.",公証人の方として、私が見聞きした範囲だけを先に整理します。 直接見た範囲と人から聞いた範囲を分けて述べます。 事実関係についてはこの先も補足できます。,小儿子常来看母亲，这一点我看到过。母亲当面对他似乎更松一些，那段日子里有几次是这样。,"Scripted text channel without party a/b as speaker: system, judge, witness, dossier, mediation, aftermath, and milestone copy."
non_party_scripted_text_src_data_scriptedText_family-01_channels_witness_.entries_w-2_partial_.variants_w-2-partial-v2_.behaviorHint,non_party_scripted_text,src/data/scriptedText,family-01,channels[witness].entries[w-2|partial].variants[w-2-partial-v2].behaviorHint,절차상 표현을 고르며 조심스럽게 말한다.,,,,"Scripted text channel without party a/b as speaker: system, judge, witness, dossier, mediation, aftermath, and milestone copy."
non_party_scripted_text_src_data_scriptedText_family-01_channels_witness_.entries_w-2_partial_.variants_w-2-partial-v2_.text,non_party_scripted_text,src/data/scriptedText,family-01,channels[witness].entries[w-2|partial].variants[w-2-partial-v2].text,두 번째 서류가 더 균형 잡힌 모양이었습니다. 다만 제가 의사 내용을 판단한 건 아닙니다.,"If the bench will allow, your Honor, I assisted on the notarisation memo, and I will admit some confirmation steps were lighter than usual. What I saw clearly I will say; what I only sensed I will not pretend to confirm.",この件について私が公証当日の手続きと書類のやり取りに関わる部分からお話しします。 直接見た範囲と人から聞いた範囲を分けて述べます。 日付や場所は記憶より資料に従って合わせます。,据我所记，小儿子常来看母亲，这一点我看到过。母亲当面对他似乎更松一些，那段日子里有几次是这样。希望对查证有帮助。,"Scripted text channel without party a/b as speaker: system, judge, witness, dossier, mediation, aftermath, and milestone copy."
non_party_scripted_text_src_data_scriptedText_family-01_channels_witness_.entries_w-2_partial_.variants_w-2-partial-v3_.behaviorHint,non_party_scripted_text,src/data/scriptedText,family-01,channels[witness].entries[w-2|partial].variants[w-2-partial-v3].behaviorHint,책임 문제가 번질까 문장마다 선을 긋는다.,,,,"Scripted text channel without party a/b as speaker: system, judge, witness, dossier, mediation, aftermath, and milestone copy."
non_party_scripted_text_src_data_scriptedText_family-01_channels_witness_.entries_w-2_partial_.variants_w-2-partial-v3_.text,non_party_scripted_text,src/data/scriptedText,family-01,channels[witness].entries[w-2|partial].variants[w-2-partial-v3].text,최종 접수된 건 다시 제출된 서류였습니다. 절차상 저는 제출자 확인 중심으로 처리했습니다.,"Speaking only to what I saw, your Honor, I assisted on the notarisation memo, and I will admit some confirmation steps were lighter than usual. I will share what I am sure of, and admit where my view stopped short.",裁判官、私が確かに知っていることだけを順に並べます。 直接見た範囲と人から聞いた範囲を分けて述べます。 私もその場にいた一人として、責任の範囲は引き受けます。,我再说一次：小儿子常来看母亲，这一点我看到过。母亲当面对他似乎更松一些，那段日子里有几次是这样。请把这条记录留下。,"Scripted text channel without party a/b as speaker: system, judge, witness, dossier, mediation, aftermath, and milestone copy."
non_party_scripted_text_src_data_scriptedText_family-01_channels_witness_.entries_w-2_partial_.variants_w-2-partial-v4_.behaviorHint,non_party_scripted_text,src/data/scriptedText,family-01,channels[witness].entries[w-2|partial].variants[w-2-partial-v4].behaviorHint,공증 메모를 떠올리듯 손끝으로 순서를 짚는다.,,,,"Scripted text channel without party a/b as speaker: system, judge, witness, dossier, mediation, aftermath, and milestone copy."
non_party_scripted_text_src_data_scriptedText_family-01_channels_witness_.entries_w-2_partial_.variants_w-2-partial-v4_.text,non_party_scripted_text,src/data/scriptedText,family-01,channels[witness].entries[w-2|partial].variants[w-2-partial-v4].text,기록상 공증 전후 메모의 주의점이 다릅니다. 그 차이가 중요하다는 건 뒤늦게 알았습니다.,"Your Honor, I assisted on the notarisation memo, and I will admit some confirmation steps were lighter than usual. There is more I half-saw, but I will not put guesswork into the record.",公証人の方として、私が見聞きした範囲だけを先に整理します。 直接見た範囲と人から聞いた範囲を分けて述べます。 その時の空気は、私の側からはこのように見えていました。,小儿子常来看母亲，这一点我看到过。母亲当面对他似乎更松一些，那段日子里有几次是这样。,"Scripted text channel without party a/b as speaker: system, judge, witness, dossier, mediation, aftermath, and milestone copy."
non_party_scripted_text_src_data_scriptedText_family-01_channels_witness_.entries_w-2_partial_.variants_w-2-partial-v5_.behaviorHint,non_party_scripted_text,src/data/scriptedText,family-01,channels[witness].entries[w-2|partial].variants[w-2-partial-v5].behaviorHint,감정을 넣지 않고 확인된 내용만 말한다.,,,,"Scripted text channel without party a/b as speaker: system, judge, witness, dossier, mediation, aftermath, and milestone copy."
non_party_scripted_text_src_data_scriptedText_family-01_channels_witness_.entries_w-2_partial_.variants_w-2-partial-v5_.text,non_party_scripted_text,src/data/scriptedText,family-01,channels[witness].entries[w-2|partial].variants[w-2-partial-v5].text,서류 제출자분이 마지막 문서를 다시 냈습니다. 제가 그 사유를 깊게 확인하진 않았습니다.,"If the bench will allow, your Honor, I assisted on the notarisation memo, and I will admit some confirmation steps were lighter than usual. I will set out the part I knew, and acknowledge the rest is outside my scope.",この件について私が公証当日の手続きと書類のやり取りに関わる部分からお話しします。 直接見た範囲と人から聞いた範囲を分けて述べます。 誰がいつ何を言ったかについては、慎重にお伝えします。,据我所记，小儿子常来看母亲，这一点我看到过。母亲当面对他似乎更松一些，那段日子里有几次是这样。希望对查证有帮助。,"Scripted text channel without party a/b as speaker: system, judge, witness, dossier, mediation, aftermath, and milestone copy."
non_party_scripted_text_src_data_scriptedText_family-01_channels_witness_.entries_w-2_partial_.variants_w-2-partial-v6_.behaviorHint,non_party_scripted_text,src/data/scriptedText,family-01,channels[witness].entries[w-2|partial].variants[w-2-partial-v6].behaviorHint,본인 확인 부족 대목에서 잠깐 숨을 고른다.,,,,"Scripted text channel without party a/b as speaker: system, judge, witness, dossier, mediation, aftermath, and milestone copy."
non_party_scripted_text_src_data_scriptedText_family-01_channels_witness_.entries_w-2_partial_.variants_w-2-partial-v6_.text,non_party_scripted_text,src/data/scriptedText,family-01,channels[witness].entries[w-2|partial].variants[w-2-partial-v6].text,공증 절차는 문서와 신분 확인을 기준으로 움직였습니다. 그 안쪽 의사까지 제가 검증하긴 어려웠습니다.,"Speaking only to what I saw, your Honor, I assisted on the notarisation memo, and I will admit some confirmation steps were lighter than usual. I observed enough to give a partial picture, but not the whole one.",裁判官、私が確かに知っていることだけを順に並べます。 直接見た範囲と人から聞いた範囲を分けて述べます。 裁判官のご判断に必要な部分から並べます。,我再说一次：小儿子常来看母亲，这一点我看到过。母亲当面对他似乎更松一些，那段日子里有几次是这样。请把这条记录留下。,"Scripted text channel without party a/b as speaker: system, judge, witness, dossier, mediation, aftermath, and milestone copy."
non_party_scripted_text_src_data_scriptedText_family-01_channels_witness_.entries_w-2_partial_.variants_w-2-partial-v7_.behaviorHint,non_party_scripted_text,src/data/scriptedText,family-01,channels[witness].entries[w-2|partial].variants[w-2-partial-v7].behaviorHint,문서 차이를 말할 때 목소리가 더 낮아진다.,,,,"Scripted text channel without party a/b as speaker: system, judge, witness, dossier, mediation, aftermath, and milestone copy."
non_party_scripted_text_src_data_scriptedText_family-01_channels_witness_.entries_w-2_partial_.variants_w-2-partial-v7_.text,non_party_scripted_text,src/data/scriptedText,family-01,channels[witness].entries[w-2|partial].variants[w-2-partial-v7].text,처음 문서가 그대로 남아 있어 차이가 보입니다. 사무실 책임 문제가 될까 조심스럽습니다.,"Your Honor, I assisted on the notarisation memo, and I will admit some confirmation steps were lighter than usual. I can describe the shape of it, even if I cannot draw every line.",公証人の方として、私が見聞きした範囲だけを先に整理します。 直接見た範囲と人から聞いた範囲を分けて述べます。 当時の言葉のままだとは限らないので、内容の趣旨でお伝えします。,小儿子常来看母亲，这一点我看到过。母亲当面对他似乎更松一些，那段日子里有几次是这样。,"Scripted text channel without party a/b as speaker: system, judge, witness, dossier, mediation, aftermath, and milestone copy."
non_party_scripted_text_src_data_scriptedText_family-01_channels_witness_.entries_w-2_partial_.variants_w-2-partial-v8_.behaviorHint,non_party_scripted_text,src/data/scriptedText,family-01,channels[witness].entries[w-2|partial].variants[w-2-partial-v8].behaviorHint,업무 범위를 강조하며 세부를 정리한다.,,,,"Scripted text channel without party a/b as speaker: system, judge, witness, dossier, mediation, aftermath, and milestone copy."
non_party_scripted_text_src_data_scriptedText_family-01_channels_witness_.entries_w-2_partial_.variants_w-2-partial-v8_.text,non_party_scripted_text,src/data/scriptedText,family-01,channels[witness].entries[w-2|partial].variants[w-2-partial-v8].text,비율이 바뀐 것은 기록으로 남아 있습니다. 다만 당시엔 단순 정정처럼 처리됐습니다.,"If the bench will allow, your Honor, I assisted on the notarisation memo, and I will admit some confirmation steps were lighter than usual. What I share here I share carefully — anything more would be unfair.",この件について私が公証当日の手続きと書類のやり取りに関わる部分からお話しします。 直接見た範囲と人から聞いた範囲を分けて述べます。 この場で言える範囲はここまでで、あとは控えます。,据我所记，小儿子常来看母亲，这一点我看到过。母亲当面对他似乎更松一些，那段日子里有几次是这样。希望对查证有帮助。,"Scripted text channel without party a/b as speaker: system, judge, witness, dossier, mediation, aftermath, and milestone copy."
non_party_scripted_text_src_data_scriptedText_family-01_channels_witness_.entries_w-2_partial_.variants_w-2-partial-v9_.behaviorHint,non_party_scripted_text,src/data/scriptedText,family-01,channels[witness].entries[w-2|partial].variants[w-2-partial-v9].behaviorHint,재판관 질문을 듣고 기록 쪽으로 시선을 내린다.,,,,"Scripted text channel without party a/b as speaker: system, judge, witness, dossier, mediation, aftermath, and milestone copy."
non_party_scripted_text_src_data_scriptedText_family-01_channels_witness_.entries_w-2_partial_.variants_w-2-partial-v9_.text,non_party_scripted_text,src/data/scriptedText,family-01,channels[witness].entries[w-2|partial].variants[w-2-partial-v9].text,큰아들분에게 따로 확인한 절차는 기억나지 않습니다. 그 부분은 제게도 부담스럽습니다.,"Speaking only to what I saw, your Honor, I assisted on the notarisation memo, and I will admit some confirmation steps were lighter than usual. I will go this far and not further on what I personally witnessed.",裁判官、私が確かに知っていることだけを順に並べます。 直接見た範囲と人から聞いた範囲を分けて述べます。 当時の私の側の関与についても、ここで隠しません。,我再说一次：小儿子常来看母亲，这一点我看到过。母亲当面对他似乎更松一些，那段日子里有几次是这样。请把这条记录留下。,"Scripted text channel without party a/b as speaker: system, judge, witness, dossier, mediation, aftermath, and milestone copy."
non_party_scripted_text_src_data_scriptedText_family-01_channels_witness_.entries_w-2_vague_.variants_w-2-vague-v1_.behaviorHint,non_party_scripted_text,src/data/scriptedText,family-01,channels[witness].entries[w-2|vague].variants[w-2-vague-v1].behaviorHint,기록을 기준으로 삼아 업무적으로 답한다.,,,,"Scripted text channel without party a/b as speaker: system, judge, witness, dossier, mediation, aftermath, and milestone copy."
non_party_scripted_text_src_data_scriptedText_family-01_channels_witness_.entries_w-2_vague_.variants_w-2-vague-v1_.text,non_party_scripted_text,src/data/scriptedText,family-01,channels[witness].entries[w-2|vague].variants[w-2-vague-v1].text,그 접수 건은 기억합니다. 같은 날 같은 제출자분이 다시 오신 일은 흔하지 않습니다.,"Your Honor, my role was to assist with the notarisation memo; my recollection on the procedure is general. Beyond that I cannot say more without risking inaccuracy.",公証人の方として、私が見聞きした範囲だけを先に整理します。 断定は避け、空気と前後の流れだけお伝えします。 推測と事実が混ざらないようにします。,小儿子常来看母亲，这一点我看到过。母亲当面对他似乎更松一些，那段日子里有几次是这样。,"Scripted text channel without party a/b as speaker: system, judge, witness, dossier, mediation, aftermath, and milestone copy."
non_party_scripted_text_src_data_scriptedText_family-01_channels_witness_.entries_w-2_vague_.variants_w-2-vague-v10_.behaviorHint,non_party_scripted_text,src/data/scriptedText,family-01,channels[witness].entries[w-2|vague].variants[w-2-vague-v10].behaviorHint,절차 책임을 피하려다 다시 사실로 돌아온다.,,,,"Scripted text channel without party a/b as speaker: system, judge, witness, dossier, mediation, aftermath, and milestone copy."
non_party_scripted_text_src_data_scriptedText_family-01_channels_witness_.entries_w-2_vague_.variants_w-2-vague-v10_.text,non_party_scripted_text,src/data/scriptedText,family-01,channels[witness].entries[w-2|vague].variants[w-2-vague-v10].text,당시 확인 절차가 충분했는지는 별도로 봐야 합니다. 일단 두 번 들어온 건 맞습니다.,"Your Honor, my role was to assist with the notarisation memo; my recollection on the procedure is general. I will keep my account inside what I can stand behind.",公証人の方として、私が見聞きした範囲だけを先に整理します。 断定は避け、空気と前後の流れだけお伝えします。 事実関係についてはこの先も補足できます。,小儿子常来看母亲，这一点我看到过。母亲当面对他似乎更松一些，那段日子里有几次是这样。,"Scripted text channel without party a/b as speaker: system, judge, witness, dossier, mediation, aftermath, and milestone copy."
non_party_scripted_text_src_data_scriptedText_family-01_channels_witness_.entries_w-2_vague_.variants_w-2-vague-v2_.behaviorHint,non_party_scripted_text,src/data/scriptedText,family-01,channels[witness].entries[w-2|vague].variants[w-2-vague-v2].behaviorHint,절차상 표현을 고르며 조심스럽게 말한다.,,,,"Scripted text channel without party a/b as speaker: system, judge, witness, dossier, mediation, aftermath, and milestone copy."
non_party_scripted_text_src_data_scriptedText_family-01_channels_witness_.entries_w-2_vague_.variants_w-2-vague-v2_.text,non_party_scripted_text,src/data/scriptedText,family-01,channels[witness].entries[w-2|vague].variants[w-2-vague-v2].text,공증인 메모 기록에는 어머니 상태와 절차 진행이 함께 남아 있습니다. 세부는 메모를 봐야 합니다.,"If the bench will allow, your Honor, my role was to assist with the notarisation memo; my recollection on the procedure is general. I would rather not stretch my recollection past what I clearly remember.",この件について私が公証当日の手続きと書類のやり取りに関わる部分からお話しします。 断定は避け、空気と前後の流れだけお伝えします。 日付や場所は記憶より資料に従って合わせます。,据我所记，小儿子常来看母亲，这一点我看到过。母亲当面对他似乎更松一些，那段日子里有几次是这样。希望对查证有帮助。,"Scripted text channel without party a/b as speaker: system, judge, witness, dossier, mediation, aftermath, and milestone copy."
non_party_scripted_text_src_data_scriptedText_family-01_channels_witness_.entries_w-2_vague_.variants_w-2-vague-v3_.behaviorHint,non_party_scripted_text,src/data/scriptedText,family-01,channels[witness].entries[w-2|vague].variants[w-2-vague-v3].behaviorHint,책임 문제가 번질까 문장마다 선을 긋는다.,,,,"Scripted text channel without party a/b as speaker: system, judge, witness, dossier, mediation, aftermath, and milestone copy."
non_party_scripted_text_src_data_scriptedText_family-01_channels_witness_.entries_w-2_vague_.variants_w-2-vague-v3_.text,non_party_scripted_text,src/data/scriptedText,family-01,channels[witness].entries[w-2|vague].variants[w-2-vague-v3].text,서류 제출자분이 다시 방문한 건 맞습니다. 당시엔 절차대로 접수했다고 기억합니다.,"Speaking only to what I saw, your Honor, my role was to assist with the notarisation memo; my recollection on the procedure is general. On the finer points my memory is honestly uncertain.",裁判官、私が確かに知っていることだけを順に並べます。 断定は避け、空気と前後の流れだけお伝えします。 私もその場にいた一人として、責任の範囲は引き受けます。,我再说一次：小儿子常来看母亲，这一点我看到过。母亲当面对他似乎更松一些，那段日子里有几次是这样。请把这条记录留下。,"Scripted text channel without party a/b as speaker: system, judge, witness, dossier, mediation, aftermath, and milestone copy."
non_party_scripted_text_src_data_scriptedText_family-01_channels_witness_.entries_w-2_vague_.variants_w-2-vague-v4_.behaviorHint,non_party_scripted_text,src/data/scriptedText,family-01,channels[witness].entries[w-2|vague].variants[w-2-vague-v4].behaviorHint,공증 메모를 떠올리듯 손끝으로 순서를 짚는다.,,,,"Scripted text channel without party a/b as speaker: system, judge, witness, dossier, mediation, aftermath, and milestone copy."
non_party_scripted_text_src_data_scriptedText_family-01_channels_witness_.entries_w-2_vague_.variants_w-2-vague-v4_.text,non_party_scripted_text,src/data/scriptedText,family-01,channels[witness].entries[w-2|vague].variants[w-2-vague-v4].text,하루 안에 문서가 바뀌어 들어온 사례라 제 기억에 남아 있습니다.,"Your Honor, my role was to assist with the notarisation memo; my recollection on the procedure is general. I did not see the household side of things up close.",公証人の方として、私が見聞きした範囲だけを先に整理します。 断定は避け、空気と前後の流れだけお伝えします。 その時の空気は、私の側からはこのように見えていました。,小儿子常来看母亲，这一点我看到过。母亲当面对他似乎更松一些，那段日子里有几次是这样。,"Scripted text channel without party a/b as speaker: system, judge, witness, dossier, mediation, aftermath, and milestone copy."
non_party_scripted_text_src_data_scriptedText_family-01_channels_witness_.entries_w-2_vague_.variants_w-2-vague-v5_.behaviorHint,non_party_scripted_text,src/data/scriptedText,family-01,channels[witness].entries[w-2|vague].variants[w-2-vague-v5].behaviorHint,감정을 넣지 않고 확인된 내용만 말한다.,,,,"Scripted text channel without party a/b as speaker: system, judge, witness, dossier, mediation, aftermath, and milestone copy."
non_party_scripted_text_src_data_scriptedText_family-01_channels_witness_.entries_w-2_vague_.variants_w-2-vague-v5_.text,non_party_scripted_text,src/data/scriptedText,family-01,channels[witness].entries[w-2|vague].variants[w-2-vague-v5].text,큰아들분은 그 자리에는 없었던 것으로 기억합니다. 다만 저는 접수 창구 기준으로 말씀드립니다.,"If the bench will allow, your Honor, my role was to assist with the notarisation memo; my recollection on the procedure is general. I noticed only what was visible from where I stood.",この件について私が公証当日の手続きと書類のやり取りに関わる部分からお話しします。 断定は避け、空気と前後の流れだけお伝えします。 誰がいつ何を言ったかについては、慎重にお伝えします。,据我所记，小儿子常来看母亲，这一点我看到过。母亲当面对他似乎更松一些，那段日子里有几次是这样。希望对查证有帮助。,"Scripted text channel without party a/b as speaker: system, judge, witness, dossier, mediation, aftermath, and milestone copy."
non_party_scripted_text_src_data_scriptedText_family-01_channels_witness_.entries_w-2_vague_.variants_w-2-vague-v6_.behaviorHint,non_party_scripted_text,src/data/scriptedText,family-01,channels[witness].entries[w-2|vague].variants[w-2-vague-v6].behaviorHint,본인 확인 부족 대목에서 잠깐 숨을 고른다.,,,,"Scripted text channel without party a/b as speaker: system, judge, witness, dossier, mediation, aftermath, and milestone copy."
non_party_scripted_text_src_data_scriptedText_family-01_channels_witness_.entries_w-2_vague_.variants_w-2-vague-v6_.text,non_party_scripted_text,src/data/scriptedText,family-01,channels[witness].entries[w-2|vague].variants[w-2-vague-v6].text,저희 사무실에는 같은 절차에 대한 공증인 메모가 남아 있습니다. 그 정도는 알 수 있습니다.,"Speaking only to what I saw, your Honor, my role was to assist with the notarisation memo; my recollection on the procedure is general. I will not put forward what I am not sure of.",裁判官、私が確かに知っていることだけを順に並べます。 断定は避け、空気と前後の流れだけお伝えします。 裁判官のご判断に必要な部分から並べます。,我再说一次：小儿子常来看母亲，这一点我看到过。母亲当面对他似乎更松一些，那段日子里有几次是这样。请把这条记录留下。,"Scripted text channel without party a/b as speaker: system, judge, witness, dossier, mediation, aftermath, and milestone copy."
non_party_scripted_text_src_data_scriptedText_family-01_channels_witness_.entries_w-2_vague_.variants_w-2-vague-v7_.behaviorHint,non_party_scripted_text,src/data/scriptedText,family-01,channels[witness].entries[w-2|vague].variants[w-2-vague-v7].behaviorHint,문서 차이를 말할 때 목소리가 더 낮아진다.,,,,"Scripted text channel without party a/b as speaker: system, judge, witness, dossier, mediation, aftermath, and milestone copy."
non_party_scripted_text_src_data_scriptedText_family-01_channels_witness_.entries_w-2_vague_.variants_w-2-vague-v7_.text,non_party_scripted_text,src/data/scriptedText,family-01,channels[witness].entries[w-2|vague].variants[w-2-vague-v7].text,기록을 보면 일반적인 접수 흐름과 조금 다릅니다. 그 이상은 단정하지 않겠습니다.,"Your Honor, my role was to assist with the notarisation memo; my recollection on the procedure is general. Anything more would be guesswork and I will not offer guesswork here.",公証人の方として、私が見聞きした範囲だけを先に整理します。 断定は避け、空気と前後の流れだけお伝えします。 当時の言葉のままだとは限らないので、内容の趣旨でお伝えします。,小儿子常来看母亲，这一点我看到过。母亲当面对他似乎更松一些，那段日子里有几次是这样。,"Scripted text channel without party a/b as speaker: system, judge, witness, dossier, mediation, aftermath, and milestone copy."
non_party_scripted_text_src_data_scriptedText_family-01_channels_witness_.entries_w-2_vague_.variants_w-2-vague-v8_.behaviorHint,non_party_scripted_text,src/data/scriptedText,family-01,channels[witness].entries[w-2|vague].variants[w-2-vague-v8].behaviorHint,업무 범위를 강조하며 세부를 정리한다.,,,,"Scripted text channel without party a/b as speaker: system, judge, witness, dossier, mediation, aftermath, and milestone copy."
non_party_scripted_text_src_data_scriptedText_family-01_channels_witness_.entries_w-2_vague_.variants_w-2-vague-v8_.text,non_party_scripted_text,src/data/scriptedText,family-01,channels[witness].entries[w-2|vague].variants[w-2-vague-v8].text,제출자분 표정이 급해 보였던 건 기억납니다. 내용 판단은 제 업무 밖이라고 봤습니다.,"If the bench will allow, your Honor, my role was to assist with the notarisation memo; my recollection on the procedure is general. I leave the details of the family side to those who lived inside it.",この件について私が公証当日の手続きと書類のやり取りに関わる部分からお話しします。 断定は避け、空気と前後の流れだけお伝えします。 この場で言える範囲はここまでで、あとは控えます。,据我所记，小儿子常来看母亲，这一点我看到过。母亲当面对他似乎更松一些，那段日子里有几次是这样。希望对查证有帮助。,"Scripted text channel without party a/b as speaker: system, judge, witness, dossier, mediation, aftermath, and milestone copy."
non_party_scripted_text_src_data_scriptedText_family-01_channels_witness_.entries_w-2_vague_.variants_w-2-vague-v9_.behaviorHint,non_party_scripted_text,src/data/scriptedText,family-01,channels[witness].entries[w-2|vague].variants[w-2-vague-v9].behaviorHint,재판관 질문을 듣고 기록 쪽으로 시선을 내린다.,,,,"Scripted text channel without party a/b as speaker: system, judge, witness, dossier, mediation, aftermath, and milestone copy."
non_party_scripted_text_src_data_scriptedText_family-01_channels_witness_.entries_w-2_vague_.variants_w-2-vague-v9_.text,non_party_scripted_text,src/data/scriptedText,family-01,channels[witness].entries[w-2|vague].variants[w-2-vague-v9].text,공증 절차상 접수와 공증인 메모는 남아 있습니다. 저는 그 기록에 근거해 답하겠습니다.,"Speaking only to what I saw, your Honor, my role was to assist with the notarisation memo; my recollection on the procedure is general. I cannot pretend I knew more than my role allowed.",裁判官、私が確かに知っていることだけを順に並べます。 断定は避け、空気と前後の流れだけお伝えします。 当時の私の側の関与についても、ここで隠しません。,我再说一次：小儿子常来看母亲，这一点我看到过。母亲当面对他似乎更松一些，那段日子里有几次是这样。请把这条记录留下。,"Scripted text channel without party a/b as speaker: system, judge, witness, dossier, mediation, aftermath, and milestone copy."
non_party_scripted_text_src_data_scriptedText_family-01_channels_witness_.entries_w-3_full_.variants_w-3-full-v1_.behaviorHint,non_party_scripted_text,src/data/scriptedText,family-01,channels[witness].entries[w-3|full].variants[w-3-full-v1].behaviorHint,태성이 쪽을 감싸려다 재판관 눈치를 본다.,,,,"Scripted text channel without party a/b as speaker: system, judge, witness, dossier, mediation, aftermath, and milestone copy."
non_party_scripted_text_src_data_scriptedText_family-01_channels_witness_.entries_w-3_full_.variants_w-3-full-v1_.text,non_party_scripted_text,src/data/scriptedText,family-01,channels[witness].entries[w-3|full].variants[w-3-full-v1].text,어머님은 정후가 20년 가까이 매달 돈을 보내줬다고 하셨습니다. 태성이 공장 위기 때도 정후 돈이 들어갔다고 들었습니다.,"Your Honor, after working with their mother for many years, I will say plainly that there was a sensitive family matter she carried, and I will keep my words within what is appropriate to share. I will not soften it for either side; that would help no one here.",家族をご存じの方として、私が見聞きした範囲だけを先に整理します。 私の知っている部分は控えずに、順番通りにお出しします。 推測と事実が混ざらないようにします。,小儿子常来看母亲，这一点我看到过。母亲当面对他似乎更松一些，那段日子里有几次是这样。,"Scripted text channel without party a/b as speaker: system, judge, witness, dossier, mediation, aftermath, and milestone copy."
non_party_scripted_text_src_data_scriptedText_family-01_channels_witness_.entries_w-3_full_.variants_w-3-full-v10_.behaviorHint,non_party_scripted_text,src/data/scriptedText,family-01,channels[witness].entries[w-3|full].variants[w-3-full-v10].behaviorHint,끝내 말해야 한다는 듯 낮게 고백한다.,,,,"Scripted text channel without party a/b as speaker: system, judge, witness, dossier, mediation, aftermath, and milestone copy."
non_party_scripted_text_src_data_scriptedText_family-01_channels_witness_.entries_w-3_full_.variants_w-3-full-v10_.text,non_party_scripted_text,src/data/scriptedText,family-01,channels[witness].entries[w-3|full].variants[w-3-full-v10].text,"핵심만 말하면, 태성이가 어머니 돈으로 믿은 그 도움의 상당 부분은 정후가 보낸 돈이라고 들었습니다.","Your Honor, after working with their mother for many years, I will say plainly that there was a sensitive family matter she carried, and I will keep my words within what is appropriate to share. I am ready for whatever follows from saying it.",家族をご存じの方として、私が見聞きした範囲だけを先に整理します。 私の知っている部分は控えずに、順番通りにお出しします。 事実関係についてはこの先も補足できます。,小儿子常来看母亲，这一点我看到过。母亲当面对他似乎更松一些，那段日子里有几次是这样。,"Scripted text channel without party a/b as speaker: system, judge, witness, dossier, mediation, aftermath, and milestone copy."
non_party_scripted_text_src_data_scriptedText_family-01_channels_witness_.entries_w-3_full_.variants_w-3-full-v2_.behaviorHint,non_party_scripted_text,src/data/scriptedText,family-01,channels[witness].entries[w-3|full].variants[w-3-full-v2].behaviorHint,어머님 이야기에 감정이 올라와 목이 잠긴다.,,,,"Scripted text channel without party a/b as speaker: system, judge, witness, dossier, mediation, aftermath, and milestone copy."
non_party_scripted_text_src_data_scriptedText_family-01_channels_witness_.entries_w-3_full_.variants_w-3-full-v2_.text,non_party_scripted_text,src/data/scriptedText,family-01,channels[witness].entries[w-3|full].variants[w-3-full-v2].text,"정후가 어머니 통장으로 돈을 넣고, 그 돈이 태성이 쪽으로 간다는 말을 어머님께 들었습니다.","If the bench will allow, your Honor, after working with their mother for many years, I will say plainly that there was a sensitive family matter she carried, and I will keep my words within what is appropriate to share. I have held this back for some time, and I would rather it be on the record properly now.",この件について私が家の事情と古くからの資金の流れに関わる部分からお話しします。 私の知っている部分は控えずに、順番通りにお出しします。 日付や場所は記憶より資料に従って合わせます。,据我所记，小儿子常来看母亲，这一点我看到过。母亲当面对他似乎更松一些，那段日子里有几次是这样。希望对查证有帮助。,"Scripted text channel without party a/b as speaker: system, judge, witness, dossier, mediation, aftermath, and milestone copy."
non_party_scripted_text_src_data_scriptedText_family-01_channels_witness_.entries_w-3_full_.variants_w-3-full-v3_.behaviorHint,non_party_scripted_text,src/data/scriptedText,family-01,channels[witness].entries[w-3|full].variants[w-3-full-v3].behaviorHint,정후를 말할 때는 조심하고 태성이를 말할 때는 부드러워진다.,,,,"Scripted text channel without party a/b as speaker: system, judge, witness, dossier, mediation, aftermath, and milestone copy."
non_party_scripted_text_src_data_scriptedText_family-01_channels_witness_.entries_w-3_full_.variants_w-3-full-v3_.text,non_party_scripted_text,src/data/scriptedText,family-01,channels[witness].entries[w-3|full].variants[w-3-full-v3].text,어머님은 태성이가 알면 자존심이 무너질 거라며 그 돈의 출처를 숨기고 싶어 하셨습니다.,"Speaking only to what I saw, your Honor, after working with their mother for many years, I will say plainly that there was a sensitive family matter she carried, and I will keep my words within what is appropriate to share. Your Honor, I would rather speak plainly than carry this any longer.",裁判官、私が確かに知っていることだけを順に並べます。 私の知っている部分は控えずに、順番通りにお出しします。 私もその場にいた一人として、責任の範囲は引き受けます。,我再说一次：小儿子常来看母亲，这一点我看到过。母亲当面对他似乎更松一些，那段日子里有几次是这样。请把这条记录留下。,"Scripted text channel without party a/b as speaker: system, judge, witness, dossier, mediation, aftermath, and milestone copy."
non_party_scripted_text_src_data_scriptedText_family-01_channels_witness_.entries_w-3_full_.variants_w-3-full-v4_.behaviorHint,non_party_scripted_text,src/data/scriptedText,family-01,channels[witness].entries[w-3|full].variants[w-3-full-v4].behaviorHint,자기 책임으로 번질까 손수건을 만지작거린다.,,,,"Scripted text channel without party a/b as speaker: system, judge, witness, dossier, mediation, aftermath, and milestone copy."
non_party_scripted_text_src_data_scriptedText_family-01_channels_witness_.entries_w-3_full_.variants_w-3-full-v4_.text,non_party_scripted_text,src/data/scriptedText,family-01,channels[witness].entries[w-3|full].variants[w-3-full-v4].text,저는 태성이 편이라 더 말하기 싫었습니다. 그래도 정후가 오래 도왔다는 말은 어머님 입에서 직접 들었습니다.,"Your Honor, after working with their mother for many years, I will say plainly that there was a sensitive family matter she carried, and I will keep my words within what is appropriate to share. I am only sharing what I am certain of, but I am sharing all of it.",家族をご存じの方として、私が見聞きした範囲だけを先に整理します。 私の知っている部分は控えずに、順番通りにお出しします。 その時の空気は、私の側からはこのように見えていました。,小儿子常来看母亲，这一点我看到过。母亲当面对他似乎更松一些，那段日子里有几次是这样。,"Scripted text channel without party a/b as speaker: system, judge, witness, dossier, mediation, aftermath, and milestone copy."
non_party_scripted_text_src_data_scriptedText_family-01_channels_witness_.entries_w-3_full_.variants_w-3-full-v5_.behaviorHint,non_party_scripted_text,src/data/scriptedText,family-01,channels[witness].entries[w-3|full].variants[w-3-full-v5].behaviorHint,친구로 들은 말이라며 계속 선을 긋는다.,,,,"Scripted text channel without party a/b as speaker: system, judge, witness, dossier, mediation, aftermath, and milestone copy."
non_party_scripted_text_src_data_scriptedText_family-01_channels_witness_.entries_w-3_full_.variants_w-3-full-v5_.text,non_party_scripted_text,src/data/scriptedText,family-01,channels[witness].entries[w-3|full].variants[w-3-full-v5].text,공장 돈 이야기도 들었습니다. 어머님은 태성이가 자기 힘으로 버틴 줄 알게 두고 싶어 하셨습니다.,"If the bench will allow, your Honor, after working with their mother for many years, I will say plainly that there was a sensitive family matter she carried, and I will keep my words within what is appropriate to share. Whatever the consequence to me, I would rather not leave this unsaid.",この件について私が家の事情と古くからの資金の流れに関わる部分からお話しします。 私の知っている部分は控えずに、順番通りにお出しします。 誰がいつ何を言ったかについては、慎重にお伝えします。,据我所记，小儿子常来看母亲，这一点我看到过。母亲当面对他似乎更松一些，那段日子里有几次是这样。希望对查证有帮助。,"Scripted text channel without party a/b as speaker: system, judge, witness, dossier, mediation, aftermath, and milestone copy."
non_party_scripted_text_src_data_scriptedText_family-01_channels_witness_.entries_w-3_full_.variants_w-3-full-v6_.behaviorHint,non_party_scripted_text,src/data/scriptedText,family-01,channels[witness].entries[w-3|full].variants[w-3-full-v6].behaviorHint,기억을 더듬다 말끝을 흐리고 다시 정정한다.,,,,"Scripted text channel without party a/b as speaker: system, judge, witness, dossier, mediation, aftermath, and milestone copy."
non_party_scripted_text_src_data_scriptedText_family-01_channels_witness_.entries_w-3_full_.variants_w-3-full-v6_.text,non_party_scripted_text,src/data/scriptedText,family-01,channels[witness].entries[w-3|full].variants[w-3-full-v6].text,어머님은 정후에게 미안해하면서도 태성이가 다칠까 봐 말을 못 한다고 하셨습니다.,"Speaking only to what I saw, your Honor, after working with their mother for many years, I will say plainly that there was a sensitive family matter she carried, and I will keep my words within what is appropriate to share. I have weighed it long enough; I will not keep it back further.",裁判官、私が確かに知っていることだけを順に並べます。 私の知っている部分は控えずに、順番通りにお出しします。 裁判官のご判断に必要な部分から並べます。,我再说一次：小儿子常来看母亲，这一点我看到过。母亲当面对他似乎更松一些，那段日子里有几次是这样。请把这条记录留下。,"Scripted text channel without party a/b as speaker: system, judge, witness, dossier, mediation, aftermath, and milestone copy."
non_party_scripted_text_src_data_scriptedText_family-01_channels_witness_.entries_w-3_full_.variants_w-3-full-v7_.behaviorHint,non_party_scripted_text,src/data/scriptedText,family-01,channels[witness].entries[w-3|full].variants[w-3-full-v7].behaviorHint,태성이가 다칠까 봐 한 박자 늦게 답한다.,,,,"Scripted text channel without party a/b as speaker: system, judge, witness, dossier, mediation, aftermath, and milestone copy."
non_party_scripted_text_src_data_scriptedText_family-01_channels_witness_.entries_w-3_full_.variants_w-3-full-v7_.text,non_party_scripted_text,src/data/scriptedText,family-01,channels[witness].entries[w-3|full].variants[w-3-full-v7].text,"아버지 일처럼 더 깊은 이야기도 스쳐 나왔지만, 저는 그걸 제 입으로 단정하고 싶지 않았습니다.","Your Honor, after working with their mother for many years, I will say plainly that there was a sensitive family matter she carried, and I will keep my words within what is appropriate to share. I am giving my full account, even the parts I would rather not have known.",家族をご存じの方として、私が見聞きした範囲だけを先に整理します。 私の知っている部分は控えずに、順番通りにお出しします。 当時の言葉のままだとは限らないので、内容の趣旨でお伝えします。,小儿子常来看母亲，这一点我看到过。母亲当面对他似乎更松一些，那段日子里有几次是这样。,"Scripted text channel without party a/b as speaker: system, judge, witness, dossier, mediation, aftermath, and milestone copy."
non_party_scripted_text_src_data_scriptedText_family-01_channels_witness_.entries_w-3_full_.variants_w-3-full-v8_.behaviorHint,non_party_scripted_text,src/data/scriptedText,family-01,channels[witness].entries[w-3|full].variants[w-3-full-v8].behaviorHint,어머님 말을 떠올리며 시선이 흔들린다.,,,,"Scripted text channel without party a/b as speaker: system, judge, witness, dossier, mediation, aftermath, and milestone copy."
non_party_scripted_text_src_data_scriptedText_family-01_channels_witness_.entries_w-3_full_.variants_w-3-full-v8_.text,non_party_scripted_text,src/data/scriptedText,family-01,channels[witness].entries[w-3|full].variants[w-3-full-v8].text,"재판관님, 제가 숨긴 건 맞습니다. 태성이가 받을 충격과 제 책임이 두려워 말을 돌렸습니다.","If the bench will allow, your Honor, after working with their mother for many years, I will say plainly that there was a sensitive family matter she carried, and I will keep my words within what is appropriate to share. I will not protect anyone by trimming the truth here.",この件について私が家の事情と古くからの資金の流れに関わる部分からお話しします。 私の知っている部分は控えずに、順番通りにお出しします。 この場で言える範囲はここまでで、あとは控えます。,据我所记，小儿子常来看母亲，这一点我看到过。母亲当面对他似乎更松一些，那段日子里有几次是这样。希望对查证有帮助。,"Scripted text channel without party a/b as speaker: system, judge, witness, dossier, mediation, aftermath, and milestone copy."
non_party_scripted_text_src_data_scriptedText_family-01_channels_witness_.entries_w-3_full_.variants_w-3-full-v9_.behaviorHint,non_party_scripted_text,src/data/scriptedText,family-01,channels[witness].entries[w-3|full].variants[w-3-full-v9].behaviorHint,감정과 책임 회피가 섞인 표정으로 답한다.,,,,"Scripted text channel without party a/b as speaker: system, judge, witness, dossier, mediation, aftermath, and milestone copy."
non_party_scripted_text_src_data_scriptedText_family-01_channels_witness_.entries_w-3_full_.variants_w-3-full-v9_.text,non_party_scripted_text,src/data/scriptedText,family-01,channels[witness].entries[w-3|full].variants[w-3-full-v9].text,"어머님은 두 아들을 모두 걱정했습니다. 태성이는 자존심, 정후는 혼자 짊어진 돈 때문에요.","Speaking only to what I saw, your Honor, after working with their mother for many years, I will say plainly that there was a sensitive family matter she carried, and I will keep my words within what is appropriate to share. It is not for me to decide the case; I only ask that what I saw be heard cleanly.",裁判官、私が確かに知っていることだけを順に並べます。 私の知っている部分は控えずに、順番通りにお出しします。 当時の私の側の関与についても、ここで隠しません。,我再说一次：小儿子常来看母亲，这一点我看到过。母亲当面对他似乎更松一些，那段日子里有几次是这样。请把这条记录留下。,"Scripted text channel without party a/b as speaker: system, judge, witness, dossier, mediation, aftermath, and milestone copy."
non_party_scripted_text_src_data_scriptedText_family-01_channels_witness_.entries_w-3_partial_.variants_w-3-partial-v1_.behaviorHint,non_party_scripted_text,src/data/scriptedText,family-01,channels[witness].entries[w-3|partial].variants[w-3-partial-v1].behaviorHint,태성이 쪽을 감싸려다 재판관 눈치를 본다.,,,,"Scripted text channel without party a/b as speaker: system, judge, witness, dossier, mediation, aftermath, and milestone copy."
non_party_scripted_text_src_data_scriptedText_family-01_channels_witness_.entries_w-3_partial_.variants_w-3-partial-v1_.text,non_party_scripted_text,src/data/scriptedText,family-01,channels[witness].entries[w-3|partial].variants[w-3-partial-v1].text,어머님이 정후가 오래 돈을 보내준다고 하신 적은 있습니다. 저는 그 말을 남에게 옮기고 싶지 않았습니다.,"Your Honor, I knew their mother for many years, and there were sensitive family matters she only hinted at to me. I can say that much with certainty, though the deeper parts I would rather leave to those who were closer.",家族をご存じの方として、私が見聞きした範囲だけを先に整理します。 直接見た範囲と人から聞いた範囲を分けて述べます。 推測と事実が混ざらないようにします。,小儿子常来看母亲，这一点我看到过。母亲当面对他似乎更松一些，那段日子里有几次是这样。,"Scripted text channel without party a/b as speaker: system, judge, witness, dossier, mediation, aftermath, and milestone copy."
non_party_scripted_text_src_data_scriptedText_family-01_channels_witness_.entries_w-3_partial_.variants_w-3-partial-v10_.behaviorHint,non_party_scripted_text,src/data/scriptedText,family-01,channels[witness].entries[w-3|partial].variants[w-3-partial-v10].behaviorHint,끝내 말해야 한다는 듯 낮게 고백한다.,,,,"Scripted text channel without party a/b as speaker: system, judge, witness, dossier, mediation, aftermath, and milestone copy."
non_party_scripted_text_src_data_scriptedText_family-01_channels_witness_.entries_w-3_partial_.variants_w-3-partial-v10_.text,non_party_scripted_text,src/data/scriptedText,family-01,channels[witness].entries[w-3|partial].variants[w-3-partial-v10].text,"제가 알고도 모른 척한 부분이 있습니다. 태성이가 다칠까 봐, 또 제 말이 책임이 될까 봐 그랬습니다.","Your Honor, I knew their mother for many years, and there were sensitive family matters she only hinted at to me. I will not embroider beyond what I clearly remember.",家族をご存じの方として、私が見聞きした範囲だけを先に整理します。 直接見た範囲と人から聞いた範囲を分けて述べます。 事実関係についてはこの先も補足できます。,小儿子常来看母亲，这一点我看到过。母亲当面对他似乎更松一些，那段日子里有几次是这样。,"Scripted text channel without party a/b as speaker: system, judge, witness, dossier, mediation, aftermath, and milestone copy."
non_party_scripted_text_src_data_scriptedText_family-01_channels_witness_.entries_w-3_partial_.variants_w-3-partial-v2_.behaviorHint,non_party_scripted_text,src/data/scriptedText,family-01,channels[witness].entries[w-3|partial].variants[w-3-partial-v2].behaviorHint,어머님 이야기에 감정이 올라와 목이 잠긴다.,,,,"Scripted text channel without party a/b as speaker: system, judge, witness, dossier, mediation, aftermath, and milestone copy."
non_party_scripted_text_src_data_scriptedText_family-01_channels_witness_.entries_w-3_partial_.variants_w-3-partial-v2_.text,non_party_scripted_text,src/data/scriptedText,family-01,channels[witness].entries[w-3|partial].variants[w-3-partial-v2].text,태성이 공장 일이 어려울 때 정후 돈이 들어갔다는 말을 들었습니다. 직접 본 장부는 아닙니다.,"If the bench will allow, your Honor, I knew their mother for many years, and there were sensitive family matters she only hinted at to me. What I saw clearly I will say; what I only sensed I will not pretend to confirm.",この件について私が家の事情と古くからの資金の流れに関わる部分からお話しします。 直接見た範囲と人から聞いた範囲を分けて述べます。 日付や場所は記憶より資料に従って合わせます。,据我所记，小儿子常来看母亲，这一点我看到过。母亲当面对他似乎更松一些，那段日子里有几次是这样。希望对查证有帮助。,"Scripted text channel without party a/b as speaker: system, judge, witness, dossier, mediation, aftermath, and milestone copy."
non_party_scripted_text_src_data_scriptedText_family-01_channels_witness_.entries_w-3_partial_.variants_w-3-partial-v3_.behaviorHint,non_party_scripted_text,src/data/scriptedText,family-01,channels[witness].entries[w-3|partial].variants[w-3-partial-v3].behaviorHint,정후를 말할 때는 조심하고 태성이를 말할 때는 부드러워진다.,,,,"Scripted text channel without party a/b as speaker: system, judge, witness, dossier, mediation, aftermath, and milestone copy."
non_party_scripted_text_src_data_scriptedText_family-01_channels_witness_.entries_w-3_partial_.variants_w-3-partial-v3_.text,non_party_scripted_text,src/data/scriptedText,family-01,channels[witness].entries[w-3|partial].variants[w-3-partial-v3].text,정후가 어머님을 통해 태성이를 도왔다는 얘기는 있었습니다. 저는 어머님 말씀으로만 압니다.,"Speaking only to what I saw, your Honor, I knew their mother for many years, and there were sensitive family matters she only hinted at to me. I will share what I am sure of, and admit where my view stopped short.",裁判官、私が確かに知っていることだけを順に並べます。 直接見た範囲と人から聞いた範囲を分けて述べます。 私もその場にいた一人として、責任の範囲は引き受けます。,我再说一次：小儿子常来看母亲，这一点我看到过。母亲当面对他似乎更松一些，那段日子里有几次是这样。请把这条记录留下。,"Scripted text channel without party a/b as speaker: system, judge, witness, dossier, mediation, aftermath, and milestone copy."
non_party_scripted_text_src_data_scriptedText_family-01_channels_witness_.entries_w-3_partial_.variants_w-3-partial-v4_.behaviorHint,non_party_scripted_text,src/data/scriptedText,family-01,channels[witness].entries[w-3|partial].variants[w-3-partial-v4].behaviorHint,자기 책임으로 번질까 손수건을 만지작거린다.,,,,"Scripted text channel without party a/b as speaker: system, judge, witness, dossier, mediation, aftermath, and milestone copy."
non_party_scripted_text_src_data_scriptedText_family-01_channels_witness_.entries_w-3_partial_.variants_w-3-partial-v4_.text,non_party_scripted_text,src/data/scriptedText,family-01,channels[witness].entries[w-3|partial].variants[w-3-partial-v4].text,태성이가 알면 자존심 상할 거라고 어머님이 걱정하셨습니다. 그래서 저도 말을 아꼈습니다.,"Your Honor, I knew their mother for many years, and there were sensitive family matters she only hinted at to me. There is more I half-saw, but I will not put guesswork into the record.",家族をご存じの方として、私が見聞きした範囲だけを先に整理します。 直接見た範囲と人から聞いた範囲を分けて述べます。 その時の空気は、私の側からはこのように見えていました。,小儿子常来看母亲，这一点我看到过。母亲当面对他似乎更松一些，那段日子里有几次是这样。,"Scripted text channel without party a/b as speaker: system, judge, witness, dossier, mediation, aftermath, and milestone copy."
non_party_scripted_text_src_data_scriptedText_family-01_channels_witness_.entries_w-3_partial_.variants_w-3-partial-v5_.behaviorHint,non_party_scripted_text,src/data/scriptedText,family-01,channels[witness].entries[w-3|partial].variants[w-3-partial-v5].behaviorHint,친구로 들은 말이라며 계속 선을 긋는다.,,,,"Scripted text channel without party a/b as speaker: system, judge, witness, dossier, mediation, aftermath, and milestone copy."
non_party_scripted_text_src_data_scriptedText_family-01_channels_witness_.entries_w-3_partial_.variants_w-3-partial-v5_.text,non_party_scripted_text,src/data/scriptedText,family-01,channels[witness].entries[w-3|partial].variants[w-3-partial-v5].text,돈 이야기는 들었지만 제가 확인한 건 아닙니다. 괜히 제가 아는 척하면 일이 커질까 봐 조심했습니다.,"If the bench will allow, your Honor, I knew their mother for many years, and there were sensitive family matters she only hinted at to me. I will set out the part I knew, and acknowledge the rest is outside my scope.",この件について私が家の事情と古くからの資金の流れに関わる部分からお話しします。 直接見た範囲と人から聞いた範囲を分けて述べます。 誰がいつ何を言ったかについては、慎重にお伝えします。,据我所记，小儿子常来看母亲，这一点我看到过。母亲当面对他似乎更松一些，那段日子里有几次是这样。希望对查证有帮助。,"Scripted text channel without party a/b as speaker: system, judge, witness, dossier, mediation, aftermath, and milestone copy."
non_party_scripted_text_src_data_scriptedText_family-01_channels_witness_.entries_w-3_partial_.variants_w-3-partial-v6_.behaviorHint,non_party_scripted_text,src/data/scriptedText,family-01,channels[witness].entries[w-3|partial].variants[w-3-partial-v6].behaviorHint,기억을 더듬다 말끝을 흐리고 다시 정정한다.,,,,"Scripted text channel without party a/b as speaker: system, judge, witness, dossier, mediation, aftermath, and milestone copy."
non_party_scripted_text_src_data_scriptedText_family-01_channels_witness_.entries_w-3_partial_.variants_w-3-partial-v6_.text,non_party_scripted_text,src/data/scriptedText,family-01,channels[witness].entries[w-3|partial].variants[w-3-partial-v6].text,"어머님은 태성이가 무너질까 봐 걱정하셨고, 정후가 뒤에서 돕는다는 말도 하셨습니다.","Speaking only to what I saw, your Honor, I knew their mother for many years, and there were sensitive family matters she only hinted at to me. I observed enough to give a partial picture, but not the whole one.",裁判官、私が確かに知っていることだけを順に並べます。 直接見た範囲と人から聞いた範囲を分けて述べます。 裁判官のご判断に必要な部分から並べます。,我再说一次：小儿子常来看母亲，这一点我看到过。母亲当面对他似乎更松一些，那段日子里有几次是这样。请把这条记录留下。,"Scripted text channel without party a/b as speaker: system, judge, witness, dossier, mediation, aftermath, and milestone copy."
non_party_scripted_text_src_data_scriptedText_family-01_channels_witness_.entries_w-3_partial_.variants_w-3-partial-v7_.behaviorHint,non_party_scripted_text,src/data/scriptedText,family-01,channels[witness].entries[w-3|partial].variants[w-3-partial-v7].behaviorHint,태성이가 다칠까 봐 한 박자 늦게 답한다.,,,,"Scripted text channel without party a/b as speaker: system, judge, witness, dossier, mediation, aftermath, and milestone copy."
non_party_scripted_text_src_data_scriptedText_family-01_channels_witness_.entries_w-3_partial_.variants_w-3-partial-v7_.text,non_party_scripted_text,src/data/scriptedText,family-01,channels[witness].entries[w-3|partial].variants[w-3-partial-v7].text,정후를 두둔하려는 건 아닙니다. 다만 어머님은 정후가 돈을 챙겼다고 말씀하셨습니다.,"Your Honor, I knew their mother for many years, and there were sensitive family matters she only hinted at to me. I can describe the shape of it, even if I cannot draw every line.",家族をご存じの方として、私が見聞きした範囲だけを先に整理します。 直接見た範囲と人から聞いた範囲を分けて述べます。 当時の言葉のままだとは限らないので、内容の趣旨でお伝えします。,小儿子常来看母亲，这一点我看到过。母亲当面对他似乎更松一些，那段日子里有几次是这样。,"Scripted text channel without party a/b as speaker: system, judge, witness, dossier, mediation, aftermath, and milestone copy."
non_party_scripted_text_src_data_scriptedText_family-01_channels_witness_.entries_w-3_partial_.variants_w-3-partial-v8_.behaviorHint,non_party_scripted_text,src/data/scriptedText,family-01,channels[witness].entries[w-3|partial].variants[w-3-partial-v8].behaviorHint,어머님 말을 떠올리며 시선이 흔들린다.,,,,"Scripted text channel without party a/b as speaker: system, judge, witness, dossier, mediation, aftermath, and milestone copy."
non_party_scripted_text_src_data_scriptedText_family-01_channels_witness_.entries_w-3_partial_.variants_w-3-partial-v8_.text,non_party_scripted_text,src/data/scriptedText,family-01,channels[witness].entries[w-3|partial].variants[w-3-partial-v8].text,태성이에게 바로 말해 주고 싶지 않았습니다. 제가 말하면 친구로서 선을 넘는 것 같았습니다.,"If the bench will allow, your Honor, I knew their mother for many years, and there were sensitive family matters she only hinted at to me. What I share here I share carefully — anything more would be unfair.",この件について私が家の事情と古くからの資金の流れに関わる部分からお話しします。 直接見た範囲と人から聞いた範囲を分けて述べます。 この場で言える範囲はここまでで、あとは控えます。,据我所记，小儿子常来看母亲，这一点我看到过。母亲当面对他似乎更松一些，那段日子里有几次是这样。希望对查证有帮助。,"Scripted text channel without party a/b as speaker: system, judge, witness, dossier, mediation, aftermath, and milestone copy."
non_party_scripted_text_src_data_scriptedText_family-01_channels_witness_.entries_w-3_partial_.variants_w-3-partial-v9_.behaviorHint,non_party_scripted_text,src/data/scriptedText,family-01,channels[witness].entries[w-3|partial].variants[w-3-partial-v9].behaviorHint,감정과 책임 회피가 섞인 표정으로 답한다.,,,,"Scripted text channel without party a/b as speaker: system, judge, witness, dossier, mediation, aftermath, and milestone copy."
non_party_scripted_text_src_data_scriptedText_family-01_channels_witness_.entries_w-3_partial_.variants_w-3-partial-v9_.text,non_party_scripted_text,src/data/scriptedText,family-01,channels[witness].entries[w-3|partial].variants[w-3-partial-v9].text,"어머님이 숨긴 이야기가 돈만은 아닌 듯했지만, 저는 그 부분은 일부러 깊이 묻지 않았습니다.","Speaking only to what I saw, your Honor, I knew their mother for many years, and there were sensitive family matters she only hinted at to me. I will go this far and not further on what I personally witnessed.",裁判官、私が確かに知っていることだけを順に並べます。 直接見た範囲と人から聞いた範囲を分けて述べます。 当時の私の側の関与についても、ここで隠しません。,我再说一次：小儿子常来看母亲，这一点我看到过。母亲当面对他似乎更松一些，那段日子里有几次是这样。请把这条记录留下。,"Scripted text channel without party a/b as speaker: system, judge, witness, dossier, mediation, aftermath, and milestone copy."
non_party_scripted_text_src_data_scriptedText_family-01_channels_witness_.entries_w-3_vague_.variants_w-3-vague-v1_.behaviorHint,non_party_scripted_text,src/data/scriptedText,family-01,channels[witness].entries[w-3|vague].variants[w-3-vague-v1].behaviorHint,태성이 쪽을 감싸려다 재판관 눈치를 본다.,,,,"Scripted text channel without party a/b as speaker: system, judge, witness, dossier, mediation, aftermath, and milestone copy."
non_party_scripted_text_src_data_scriptedText_family-01_channels_witness_.entries_w-3_vague_.variants_w-3-vague-v1_.text,non_party_scripted_text,src/data/scriptedText,family-01,channels[witness].entries[w-3|vague].variants[w-3-vague-v1].text,어머님은 태성이 걱정을 자주 하셨습니다. 정후 이야기도 나오긴 했지만 저는 태성이 쪽 마음이 더 쓰였습니다.,"Your Honor, I worked alongside their mother for many years, but on the more private family matters I cannot speak in detail. Beyond that I cannot say more without risking inaccuracy.",家族をご存じの方として、私が見聞きした範囲だけを先に整理します。 断定は避け、空気と前後の流れだけお伝えします。 推測と事実が混ざらないようにします。,小儿子常来看母亲，这一点我看到过。母亲当面对他似乎更松一些，那段日子里有几次是这样。,"Scripted text channel without party a/b as speaker: system, judge, witness, dossier, mediation, aftermath, and milestone copy."
non_party_scripted_text_src_data_scriptedText_family-01_channels_witness_.entries_w-3_vague_.variants_w-3-vague-v10_.behaviorHint,non_party_scripted_text,src/data/scriptedText,family-01,channels[witness].entries[w-3|vague].variants[w-3-vague-v10].behaviorHint,끝내 말해야 한다는 듯 낮게 고백한다.,,,,"Scripted text channel without party a/b as speaker: system, judge, witness, dossier, mediation, aftermath, and milestone copy."
non_party_scripted_text_src_data_scriptedText_family-01_channels_witness_.entries_w-3_vague_.variants_w-3-vague-v10_.text,non_party_scripted_text,src/data/scriptedText,family-01,channels[witness].entries[w-3|vague].variants[w-3-vague-v10].text,"재판관님, 저는 친구로 들은 이야기만 압니다. 그래도 어머님 걱정이 가볍지는 않았습니다.","Your Honor, I worked alongside their mother for many years, but on the more private family matters I cannot speak in detail. I will keep my account inside what I can stand behind.",家族をご存じの方として、私が見聞きした範囲だけを先に整理します。 断定は避け、空気と前後の流れだけお伝えします。 事実関係についてはこの先も補足できます。,小儿子常来看母亲，这一点我看到过。母亲当面对他似乎更松一些，那段日子里有几次是这样。,"Scripted text channel without party a/b as speaker: system, judge, witness, dossier, mediation, aftermath, and milestone copy."
non_party_scripted_text_src_data_scriptedText_family-01_channels_witness_.entries_w-3_vague_.variants_w-3-vague-v2_.behaviorHint,non_party_scripted_text,src/data/scriptedText,family-01,channels[witness].entries[w-3|vague].variants[w-3-vague-v2].behaviorHint,어머님 이야기에 감정이 올라와 목이 잠긴다.,,,,"Scripted text channel without party a/b as speaker: system, judge, witness, dossier, mediation, aftermath, and milestone copy."
non_party_scripted_text_src_data_scriptedText_family-01_channels_witness_.entries_w-3_vague_.variants_w-3-vague-v2_.text,non_party_scripted_text,src/data/scriptedText,family-01,channels[witness].entries[w-3|vague].variants[w-3-vague-v2].text,두 아들 이야기가 나오면 어머님 얼굴이 복잡해졌습니다. 저는 오래된 친구로 그런 분위기를 기억합니다.,"If the bench will allow, your Honor, I worked alongside their mother for many years, but on the more private family matters I cannot speak in detail. I would rather not stretch my recollection past what I clearly remember.",この件について私が家の事情と古くからの資金の流れに関わる部分からお話しします。 断定は避け、空気と前後の流れだけお伝えします。 日付や場所は記憶より資料に従って合わせます。,据我所记，小儿子常来看母亲，这一点我看到过。母亲当面对他似乎更松一些，那段日子里有几次是这样。希望对查证有帮助。,"Scripted text channel without party a/b as speaker: system, judge, witness, dossier, mediation, aftermath, and milestone copy."
non_party_scripted_text_src_data_scriptedText_family-01_channels_witness_.entries_w-3_vague_.variants_w-3-vague-v3_.behaviorHint,non_party_scripted_text,src/data/scriptedText,family-01,channels[witness].entries[w-3|vague].variants[w-3-vague-v3].behaviorHint,정후를 말할 때는 조심하고 태성이를 말할 때는 부드러워진다.,,,,"Scripted text channel without party a/b as speaker: system, judge, witness, dossier, mediation, aftermath, and milestone copy."
non_party_scripted_text_src_data_scriptedText_family-01_channels_witness_.entries_w-3_vague_.variants_w-3-vague-v3_.text,non_party_scripted_text,src/data/scriptedText,family-01,channels[witness].entries[w-3|vague].variants[w-3-vague-v3].text,태성이가 상처받을까 봐 어머님이 말을 아끼신 적은 있습니다. 자세한 건 조심스럽습니다.,"Speaking only to what I saw, your Honor, I worked alongside their mother for many years, but on the more private family matters I cannot speak in detail. On the finer points my memory is honestly uncertain.",裁判官、私が確かに知っていることだけを順に並べます。 断定は避け、空気と前後の流れだけお伝えします。 私もその場にいた一人として、責任の範囲は引き受けます。,我再说一次：小儿子常来看母亲，这一点我看到过。母亲当面对他似乎更松一些，那段日子里有几次是这样。请把这条记录留下。,"Scripted text channel without party a/b as speaker: system, judge, witness, dossier, mediation, aftermath, and milestone copy."
non_party_scripted_text_src_data_scriptedText_family-01_channels_witness_.entries_w-3_vague_.variants_w-3-vague-v4_.behaviorHint,non_party_scripted_text,src/data/scriptedText,family-01,channels[witness].entries[w-3|vague].variants[w-3-vague-v4].behaviorHint,자기 책임으로 번질까 손수건을 만지작거린다.,,,,"Scripted text channel without party a/b as speaker: system, judge, witness, dossier, mediation, aftermath, and milestone copy."
non_party_scripted_text_src_data_scriptedText_family-01_channels_witness_.entries_w-3_vague_.variants_w-3-vague-v4_.text,non_party_scripted_text,src/data/scriptedText,family-01,channels[witness].entries[w-3|vague].variants[w-3-vague-v4].text,정후가 조용히 챙긴다는 말은 들은 적 있습니다. 다만 저는 직접 본 사람은 아닙니다.,"Your Honor, I worked alongside their mother for many years, but on the more private family matters I cannot speak in detail. I did not see the household side of things up close.",家族をご存じの方として、私が見聞きした範囲だけを先に整理します。 断定は避け、空気と前後の流れだけお伝えします。 その時の空気は、私の側からはこのように見えていました。,小儿子常来看母亲，这一点我看到过。母亲当面对他似乎更松一些，那段日子里有几次是这样。,"Scripted text channel without party a/b as speaker: system, judge, witness, dossier, mediation, aftermath, and milestone copy."
non_party_scripted_text_src_data_scriptedText_family-01_channels_witness_.entries_w-3_vague_.variants_w-3-vague-v5_.behaviorHint,non_party_scripted_text,src/data/scriptedText,family-01,channels[witness].entries[w-3|vague].variants[w-3-vague-v5].behaviorHint,친구로 들은 말이라며 계속 선을 긋는다.,,,,"Scripted text channel without party a/b as speaker: system, judge, witness, dossier, mediation, aftermath, and milestone copy."
non_party_scripted_text_src_data_scriptedText_family-01_channels_witness_.entries_w-3_vague_.variants_w-3-vague-v5_.text,non_party_scripted_text,src/data/scriptedText,family-01,channels[witness].entries[w-3|vague].variants[w-3-vague-v5].text,어머님이 돈 이야기와 자식 이야기를 섞어 하신 날들이 있었습니다. 금액은 말하지 않겠습니다.,"If the bench will allow, your Honor, I worked alongside their mother for many years, but on the more private family matters I cannot speak in detail. I noticed only what was visible from where I stood.",この件について私が家の事情と古くからの資金の流れに関わる部分からお話しします。 断定は避け、空気と前後の流れだけお伝えします。 誰がいつ何を言ったかについては、慎重にお伝えします。,据我所记，小儿子常来看母亲，这一点我看到过。母亲当面对他似乎更松一些，那段日子里有几次是这样。希望对查证有帮助。,"Scripted text channel without party a/b as speaker: system, judge, witness, dossier, mediation, aftermath, and milestone copy."
non_party_scripted_text_src_data_scriptedText_family-01_channels_witness_.entries_w-3_vague_.variants_w-3-vague-v6_.behaviorHint,non_party_scripted_text,src/data/scriptedText,family-01,channels[witness].entries[w-3|vague].variants[w-3-vague-v6].behaviorHint,기억을 더듬다 말끝을 흐리고 다시 정정한다.,,,,"Scripted text channel without party a/b as speaker: system, judge, witness, dossier, mediation, aftermath, and milestone copy."
non_party_scripted_text_src_data_scriptedText_family-01_channels_witness_.entries_w-3_vague_.variants_w-3-vague-v6_.text,non_party_scripted_text,src/data/scriptedText,family-01,channels[witness].entries[w-3|vague].variants[w-3-vague-v6].text,저는 태성이를 어릴 때부터 봐서 마음이 기웁니다. 그래서 더 조심해서 말씀드리겠습니다.,"Speaking only to what I saw, your Honor, I worked alongside their mother for many years, but on the more private family matters I cannot speak in detail. I will not put forward what I am not sure of.",裁判官、私が確かに知っていることだけを順に並べます。 断定は避け、空気と前後の流れだけお伝えします。 裁判官のご判断に必要な部分から並べます。,我再说一次：小儿子常来看母亲，这一点我看到过。母亲当面对他似乎更松一些，那段日子里有几次是这样。请把这条记录留下。,"Scripted text channel without party a/b as speaker: system, judge, witness, dossier, mediation, aftermath, and milestone copy."
non_party_scripted_text_src_data_scriptedText_family-01_channels_witness_.entries_w-3_vague_.variants_w-3-vague-v7_.behaviorHint,non_party_scripted_text,src/data/scriptedText,family-01,channels[witness].entries[w-3|vague].variants[w-3-vague-v7].behaviorHint,태성이가 다칠까 봐 한 박자 늦게 답한다.,,,,"Scripted text channel without party a/b as speaker: system, judge, witness, dossier, mediation, aftermath, and milestone copy."
non_party_scripted_text_src_data_scriptedText_family-01_channels_witness_.entries_w-3_vague_.variants_w-3-vague-v7_.text,non_party_scripted_text,src/data/scriptedText,family-01,channels[witness].entries[w-3|vague].variants[w-3-vague-v7].text,어머님은 정후가 무심한 아이는 아니라고 하셨습니다. 그 말이 기억납니다.,"Your Honor, I worked alongside their mother for many years, but on the more private family matters I cannot speak in detail. Anything more would be guesswork and I will not offer guesswork here.",家族をご存じの方として、私が見聞きした範囲だけを先に整理します。 断定は避け、空気と前後の流れだけお伝えします。 当時の言葉のままだとは限らないので、内容の趣旨でお伝えします。,小儿子常来看母亲，这一点我看到过。母亲当面对他似乎更松一些，那段日子里有几次是这样。,"Scripted text channel without party a/b as speaker: system, judge, witness, dossier, mediation, aftermath, and milestone copy."
non_party_scripted_text_src_data_scriptedText_family-01_channels_witness_.entries_w-3_vague_.variants_w-3-vague-v8_.behaviorHint,non_party_scripted_text,src/data/scriptedText,family-01,channels[witness].entries[w-3|vague].variants[w-3-vague-v8].behaviorHint,어머님 말을 떠올리며 시선이 흔들린다.,,,,"Scripted text channel without party a/b as speaker: system, judge, witness, dossier, mediation, aftermath, and milestone copy."
non_party_scripted_text_src_data_scriptedText_family-01_channels_witness_.entries_w-3_vague_.variants_w-3-vague-v8_.text,non_party_scripted_text,src/data/scriptedText,family-01,channels[witness].entries[w-3|vague].variants[w-3-vague-v8].text,"태성이가 모르는 일이 많다는 식의 말씀은 있었지만, 저는 그때 깊이 캐묻지 않았습니다.","If the bench will allow, your Honor, I worked alongside their mother for many years, but on the more private family matters I cannot speak in detail. I leave the details of the family side to those who lived inside it.",この件について私が家の事情と古くからの資金の流れに関わる部分からお話しします。 断定は避け、空気と前後の流れだけお伝えします。 この場で言える範囲はここまでで、あとは控えます。,据我所记，小儿子常来看母亲，这一点我看到过。母亲当面对他似乎更松一些，那段日子里有几次是这样。希望对查证有帮助。,"Scripted text channel without party a/b as speaker: system, judge, witness, dossier, mediation, aftermath, and milestone copy."
non_party_scripted_text_src_data_scriptedText_family-01_channels_witness_.entries_w-3_vague_.variants_w-3-vague-v9_.behaviorHint,non_party_scripted_text,src/data/scriptedText,family-01,channels[witness].entries[w-3|vague].variants[w-3-vague-v9].behaviorHint,감정과 책임 회피가 섞인 표정으로 답한다.,,,,"Scripted text channel without party a/b as speaker: system, judge, witness, dossier, mediation, aftermath, and milestone copy."
non_party_scripted_text_src_data_scriptedText_family-01_channels_witness_.entries_w-3_vague_.variants_w-3-vague-v9_.text,non_party_scripted_text,src/data/scriptedText,family-01,channels[witness].entries[w-3|vague].variants[w-3-vague-v9].text,두 형제 사이에 어머님이 숨긴 말이 있다는 느낌은 받았습니다. 확정해서 말하긴 어렵습니다.,"Speaking only to what I saw, your Honor, I worked alongside their mother for many years, but on the more private family matters I cannot speak in detail. I cannot pretend I knew more than my role allowed.",裁判官、私が確かに知っていることだけを順に並べます。 断定は避け、空気と前後の流れだけお伝えします。 当時の私の側の関与についても、ここで隠しません。,我再说一次：小儿子常来看母亲，这一点我看到过。母亲当面对他似乎更松一些，那段日子里有几次是这样。请把这条记录留下。,"Scripted text channel without party a/b as speaker: system, judge, witness, dossier, mediation, aftermath, and milestone copy."
phase_dialogue_judge_choice_src_data_dialogues_phase1_family-01_dialogues_0_.system.text,phase_dialogue_judge_choice,src/data/dialogues/phase1,family-01,dialogues[0].system.text,"치매 말기의 어머니가 남긴 유서 사본에는 차남 윤정후 60퍼센트, 장남 윤태성 40퍼센트가 적혀 있다. 어머니를 모시고 살았던 윤태성은 이 비율을 받아들일 수 없다며 재판을 신청했다.","A copy of the will left by their mother — in the late stages of dementia — gives 60 percent to the younger son, Yoon Jung-hoo, and 40 percent to the elder, Yoon Tae-seong. Yoon Tae-seong, who lived with their mother and cared for her, has filed for trial, refusing to accept the ratio.",認知症末期の母が遺した遺言書の写しには、次男ユン・ジョンフ60パーセント、長男ユン・テソン40パーセントと記されている。母を介護してきたユン・テソンはこの比率を受け入れられないとして、裁判を申し立てた。,晚期失智的母亲所留下的遗嘱副本上，写明次子尹正厚 60%、长子尹泰成 40%。一直与母亲同住、亲自照护的尹泰成无法接受这一比例，遂提起此次审判。,Phase 1 system narration and judge choice text. Party a/b dialogue entries are excluded.
phase_dialogue_judge_choice_src_data_dialogues_phase1_family-01_dialogues_33_.system.text,phase_dialogue_judge_choice,src/data/dialogues/phase1,family-01,dialogues[33].system.text,"60대 40 유서 사본, 요양원 방문기록, 전 요양보호사 음성증언까지 공개됐다. 윤정후는 어머니를 자주 찾은 사실은 인정하지만, 말년의 판단을 흔들었다는 의혹은 부인한다. 이제 심문을 통해 어머니가 정말 스스로 판단할 수 있었는지 확인해야 한다.","The 60:40 will copy, the care-home visit log, and the former care worker's voice testimony have all been disclosed. Yoon Jung-hoo admits to visiting often but denies any suggestion that he influenced their mother's final judgement. Whether their mother was truly able to decide on her own must now be confirmed through interrogation.",60対40の遺言書写し、療養院の面会記録、元介護士の音声証言までが公開された。ユン・ジョンフは母を頻繁に訪ねた事実は認めるが、晩年の判断を揺さぶったという疑いは否認している。これからは尋問を通じて、母が本当に自ら判断できる状態だったのかを確かめなければならない。,六比四的遗嘱副本、疗养院探访记录、前任护理员的录音证言——都已公开。尹正厚承认频繁前往母亲身边的事实，但否认动摇过其晚年判断的指控。如今须通过讯问，确认母亲是否真能独自作出判断。,Phase 1 system narration and judge choice text. Party a/b dialogue entries are excluded.
phase_dialogue_judge_choice_src_data_dialogues_phase1_family-01_dialogues_c1_.choice_c1_ask_b_.text,phase_dialogue_judge_choice,src/data/dialogues/phase1,family-01,dialogues[c1].choice[c1_ask_b].text,"윤정후 씨, 자주 찾아간 이유를 직접 설명하십시오.",,,,Phase 1 system narration and judge choice text. Party a/b dialogue entries are excluded.
phase_dialogue_judge_choice_src_data_dialogues_phase1_family-01_dialogues_c1_.choice_c1_calm_.text,phase_dialogue_judge_choice,src/data/dialogues/phase1,family-01,dialogues[c1].choice[c1_calm].text,양측 모두 진정하십시오. 순서대로 듣겠습니다.,,,,Phase 1 system narration and judge choice text. Party a/b dialogue entries are excluded.
phase_dialogue_judge_choice_src_data_dialogues_phase1_family-01_dialogues_c1_.choice_c1_hear_a_.text,phase_dialogue_judge_choice,src/data/dialogues/phase1,family-01,dialogues[c1].choice[c1_hear_a].text,"윤태성 씨, 그렇게 의심하게 된 근거를 더 말씀하십시오.",,,,Phase 1 system narration and judge choice text. Party a/b dialogue entries are excluded.
phase_dialogue_judge_choice_src_data_dialogues_phase1_family-01_dialogues_c2_.choice_c2_move_on_.text,phase_dialogue_judge_choice,src/data/dialogues/phase1,family-01,dialogues[c2].choice[c2_move_on].text,"태도 평가는 접고, 확인된 사실부터 보겠습니다.",,,,Phase 1 system narration and judge choice text. Party a/b dialogue entries are excluded.
phase_dialogue_judge_choice_src_data_dialogues_phase1_family-01_dialogues_c2_.choice_c2_press_b_.text,phase_dialogue_judge_choice,src/data/dialogues/phase1,family-01,dialogues[c2].choice[c2_press_b].text,"윤정후 씨, 지금처럼 짧게 답하면 의심만 커집니다. 분명하게 말씀하십시오.",,,,Phase 1 system narration and judge choice text. Party a/b dialogue entries are excluded.
phase_dialogue_judge_choice_src_data_dialogues_phase1_family-01_dialogues_c2_.choice_c2_protect_b_.text,phase_dialogue_judge_choice,src/data/dialogues/phase1,family-01,dialogues[c2].choice[c2_protect_b].text,"윤정후 씨, 바로 답하기 어렵다면 천천히 정리해서 말씀하십시오.",,,,Phase 1 system narration and judge choice text. Party a/b dialogue entries are excluded.
phase_dialogue_judge_choice_src_data_dialogues_phase1_family-01_dialogues_c3_.choice_c3_defer_.text,phase_dialogue_judge_choice,src/data/dialogues/phase1,family-01,dialogues[c3].choice[c3_defer].text,"지금은 단정하지 말고, 이 부분은 심문에서 확인하겠습니다.",,,,Phase 1 system narration and judge choice text. Party a/b dialogue entries are excluded.
phase_dialogue_judge_choice_src_data_dialogues_phase1_family-01_dialogues_c3_.choice_c3_evidence_first_.text,phase_dialogue_judge_choice,src/data/dialogues/phase1,family-01,dialogues[c3].choice[c3_evidence_first].text,우선 공개된 증거부터 차례로 보겠습니다.,,,,Phase 1 system narration and judge choice text. Party a/b dialogue entries are excluded.
phase_dialogue_judge_choice_src_data_dialogues_phase1_family-01_dialogues_c3_.choice_c3_state_first_.text,phase_dialogue_judge_choice,src/data/dialogues/phase1,family-01,dialogues[c3].choice[c3_state_first].text,"비율보다 먼저, 말년의 어머니 상태를 각자 어떻게 봤는지 듣겠습니다.",,,,Phase 1 system narration and judge choice text. Party a/b dialogue entries are excluded.
question_angle_catalog_src_data_scriptedAngles_family-01_angles_d-1_.description,question_angle_catalog,src/data/scriptedAngles,family-01,angles[d-1].description,윤정후가 어머니에게 종이를 읽어드리고 형이 오기 전 마치려 한 정황을 분리해 본다.,Separate the situation in which Yoon Jung-hoo read the paper aloud to their mother and tried to wrap up before his elder brother arrived.,ユン・ジョンフが母に紙を読み上げ、兄が来る前に終わらせようとした状況を切り分けて見る。,尹正厚在母亲面前反复念那张纸、并在哥哥到达之前赶着收尾的情形——把它单独抽出来看。,Free interrogation angle label/description/keywords.
question_angle_catalog_src_data_scriptedAngles_family-01_angles_d-1_.label,question_angle_catalog,src/data/scriptedAngles,family-01,angles[d-1].label,종이를 읽어드린 장면,The Scene of the Paper Being Read Aloud,紙を読み上げた場面,在母亲面前念纸的场景,Free interrogation angle label/description/keywords.
question_angle_catalog_src_data_scriptedAngles_family-01_angles_d-2_.description,question_angle_catalog,src/data/scriptedAngles,family-01,angles[d-2].description,동기가 무엇이든 어머니 문서에 손댄 책임을 확인한다.,"Whatever the motive, confirm the responsibility for any handling of the mother's document.",動機が何であれ、母の文書に手を加えた責任を確かめる。,无论动机为何——对母亲的文件动过手的责任，要单独确认。,Free interrogation angle label/description/keywords.
question_angle_catalog_src_data_scriptedAngles_family-01_angles_d-2_.label,question_angle_catalog,src/data/scriptedAngles,family-01,angles[d-2].label,위조 책임,Responsibility for Tampering,改ざんの責任,对文件动手的责任,Free interrogation angle label/description/keywords.
question_angle_catalog_src_data_scriptedAngles_family-01_angles_d-3_.description,question_angle_catalog,src/data/scriptedAngles,family-01,angles[d-3].description,돈을 말하지 않은 침묵이 보호였는지 기만이었는지 확인한다.,Examine whether keeping silent about the money was protection or deception.,金銭について語らなかった沈黙が保護だったのか欺瞞だったのかを確かめる。,对钱不言不语——这是出于保护，还是出于隐瞒？分清楚。,Free interrogation angle label/description/keywords.
question_angle_catalog_src_data_scriptedAngles_family-01_angles_d-3_.label,question_angle_catalog,src/data/scriptedAngles,family-01,angles[d-3].label,형의 체면과 침묵,The Elder Brother's Pride and Silence,兄の体面と沈黙,面子下的沉默,Free interrogation angle label/description/keywords.
question_angle_catalog_src_data_scriptedAngles_family-01_angles_d-4_.description,question_angle_catalog,src/data/scriptedAngles,family-01,angles[d-4].description,민감한 가족 사정이 유서 변경 판단과 어떻게 이어졌는지 묻는다.,Ask how the sensitive family circumstances connected to the decision to change the will.,繊細な家族の事情が、遺言書変更の判断とどのように結びついたのかを問う。,敏感的家事如何延伸成对遗嘱改动的判断——逐项追问。,Free interrogation angle label/description/keywords.
question_angle_catalog_src_data_scriptedAngles_family-01_angles_d-4_.label,question_angle_catalog,src/data/scriptedAngles,family-01,angles[d-4].label,유서 변경과 연결,Link to the Will Change,遺言書変更とのつながり,敏感家事与遗嘱改动的连接,Free interrogation angle label/description/keywords.
question_angle_catalog_src_data_scriptedAngles_family-01_angles_d-5_.description,question_angle_catalog,src/data/scriptedAngles,family-01,angles[d-5].description,한쪽 악역 구도가 아니라 서로 다른 방식의 책임을 함께 정리한다.,"Not a one-sided villain frame, but a record of the two different forms of responsibility, organised together.",片方だけを悪役にする構図ではなく、それぞれ異なる形の責任を併せて整理する。,不是一边设为恶人——而是把双方各自不同方式的责任，并排整理出来。,Free interrogation angle label/description/keywords.
question_angle_catalog_src_data_scriptedAngles_family-01_angles_d-5_.label,question_angle_catalog,src/data/scriptedAngles,family-01,angles[d-5].label,두 형제의 공동 책임,Joint Responsibility of the Two Brothers,兄弟の共同責任,两兄弟的共同责任,Free interrogation angle label/description/keywords.
witness_testimony_src_data_witnessTestimonyData_family-01.ts_family-01_witnessTestimony_w1-d1-paper-reading_.behaviorHint,witness_testimony,src/data/witnessTestimonyData/family-01.ts,family-01,witnessTestimony[w1-d1-paper-reading].behaviorHint,조심스럽게,cautiously,慎重に,谨慎地,Witness topic/question/testimony/behavior hint. These are not character A/B dialogue lines.
witness_testimony_src_data_witnessTestimonyData_family-01.ts_family-01_witnessTestimony_w1-d1-paper-reading_.question,witness_testimony,src/data/witnessTestimonyData/family-01.ts,family-01,witnessTestimony[w1-d1-paper-reading].question,문서를 읽어주는 장면을 본 적 있습니까?,Did you ever see anyone reading documents to her?,書類を読み聞かせる場面を見たことはありますか。,你见过有人给她读文件吗？,Witness topic/question/testimony/behavior hint. These are not character A/B dialogue lines.
witness_testimony_src_data_witnessTestimonyData_family-01.ts_family-01_witnessTestimony_w1-d1-paper-reading_.testimony,witness_testimony,src/data/witnessTestimonyData/family-01.ts,family-01,witnessTestimony[w1-d1-paper-reading].testimony,"네, 종이 읽어드리는 건 몇 번 봤습니다. 그 장면만 놓고 보면 저도 좀 신경 쓰이긴 했어요.","Yes, I saw him read papers to her several times. Looking only at that scene, it bothered me a little too.",はい、紙を読んであげているのは何度か見ました。その場面だけを見ると、私も少し気になりました。,见过。我看过几次他给她读纸上的内容。只看那个场面，我也觉得有些在意。,Witness topic/question/testimony/behavior hint. These are not character A/B dialogue lines.
witness_testimony_src_data_witnessTestimonyData_family-01.ts_family-01_witnessTestimony_w1-d1-paper-reading_.topic,witness_testimony,src/data/witnessTestimonyData/family-01.ts,family-01,witnessTestimony[w1-d1-paper-reading].topic,문서를 읽어주는 장면을 묻는다,Ask about the scene of reading documents,書類を読み聞かせる場面を尋ねる,询问读文件的场面,Witness topic/question/testimony/behavior hint. These are not character A/B dialogue lines.
witness_testimony_src_data_witnessTestimonyData_family-01.ts_family-01_witnessTestimony_w1-d1-visit-comfort_.behaviorHint,witness_testimony,src/data/witnessTestimonyData/family-01.ts,family-01,witnessTestimony[w1-d1-visit-comfort].behaviorHint,담담하게,calmly,淡々と,平静地,Witness topic/question/testimony/behavior hint. These are not character A/B dialogue lines.
witness_testimony_src_data_witnessTestimonyData_family-01.ts_family-01_witnessTestimony_w1-d1-visit-comfort_.question,witness_testimony,src/data/witnessTestimonyData/family-01.ts,family-01,witnessTestimony[w1-d1-visit-comfort].question,둘째 아들이 찾아오면 어머니 반응이 어땠습니까?,How did the mother react when the younger son came to visit?,次男が訪ねて来ると、お母様の反応はどうでしたか。,次子来看望时，母亲的反应如何？,Witness topic/question/testimony/behavior hint. These are not character A/B dialogue lines.
witness_testimony_src_data_witnessTestimonyData_family-01.ts_family-01_witnessTestimony_w1-d1-visit-comfort_.testimony,witness_testimony,src/data/witnessTestimonyData/family-01.ts,family-01,witnessTestimony[w1-d1-visit-comfort].testimony,그분 오시면 표정이 조금 풀리긴 했어요. 그래서 저는 처음엔 반가운 사람인가 보다 했습니다.,"When he came, her expression did soften a little. At first I thought he must be someone she was glad to see.",その方が来ると、表情が少し和らぎました。だから最初は、会えてうれしい人なのだと思いました。,他来的时候，她的表情会稍微软下来。所以我一开始以为，他是她见了会高兴的人。,Witness topic/question/testimony/behavior hint. These are not character A/B dialogue lines.
witness_testimony_src_data_witnessTestimonyData_family-01.ts_family-01_witnessTestimony_w1-d1-visit-comfort_.topic,witness_testimony,src/data/witnessTestimonyData/family-01.ts,family-01,witnessTestimony[w1-d1-visit-comfort].topic,둘째 아들 방문 때 반응을 묻는다,Ask about her reaction when the younger son visited,次男が訪れた時の反応を尋ねる,询问次子来访时的反应,Witness topic/question/testimony/behavior hint. These are not character A/B dialogue lines.
witness_testimony_src_data_witnessTestimonyData_family-01.ts_family-01_witnessTestimony_w1-d2-before-brother-arrives_.behaviorHint,witness_testimony,src/data/witnessTestimonyData/family-01.ts,family-01,witnessTestimony[w1-d2-before-brother-arrives].behaviorHint,신중하게 고르며,choosing words carefully,慎重に言葉を選ぶ,谨慎措辞,Witness topic/question/testimony/behavior hint. These are not character A/B dialogue lines.
witness_testimony_src_data_witnessTestimonyData_family-01.ts_family-01_witnessTestimony_w1-d2-before-brother-arrives_.question,witness_testimony,src/data/witnessTestimonyData/family-01.ts,family-01,witnessTestimony[w1-d2-before-brother-arrives].question,"종이를 읽어드리던 날, 윤정후 씨가 따로 한 말이 있었습니까?","On the day the paper was read to her, did Mr. Yoon Jeong-hoo say anything separately?",紙を読んでいた日、ユン・ジョンフさんが別に言ったことはありましたか。,读那张纸的当天，尹正厚先生有单独说过什么吗？,Witness topic/question/testimony/behavior hint. These are not character A/B dialogue lines.
witness_testimony_src_data_witnessTestimonyData_family-01.ts_family-01_witnessTestimony_w1-d2-before-brother-arrives_.testimony,witness_testimony,src/data/witnessTestimonyData/family-01.ts,family-01,witnessTestimony[w1-d2-before-brother-arrives].testimony,"있었습니다. 윤정후 씨가 “형님 오시기 전에 마무리하자”고 했어요. 다만 그 말은 욕심이라기보다, 그날 또 큰소리 날까 봐 조심하는 느낌에 가까웠습니다.","He did. Mr. Yoon Jeong-hoo said, ""Let us finish before my older brother comes."" But it felt less like greed and more like caution because there might be another loud argument that day.",ありました。ユン・ジョンフさんが「兄さんが来る前に終わらせよう」と言いました。ただ、その言葉は欲というより、その日また大声になるのを避けたいという慎重さに近く感じました。,有。尹正厚先生说过：“哥哥来之前把这件事结束吧。”不过那句话听起来不像贪心，更像是担心那天又会大声争吵，所以很小心。,Witness topic/question/testimony/behavior hint. These are not character A/B dialogue lines.
witness_testimony_src_data_witnessTestimonyData_family-01.ts_family-01_witnessTestimony_w1-d2-before-brother-arrives_.topic,witness_testimony,src/data/witnessTestimonyData/family-01.ts,family-01,witnessTestimony[w1-d2-before-brother-arrives].topic,마무리하자는 말의 맥락을 묻는다,Ask about the context of finishing things up,終わらせようという言葉の文脈を尋ねる,询问“先结束”的语境,Witness topic/question/testimony/behavior hint. These are not character A/B dialogue lines.
witness_testimony_src_data_witnessTestimonyData_family-01.ts_family-01_witnessTestimony_w1-d2-clarity-fluctuation_.behaviorHint,witness_testimony,src/data/witnessTestimonyData/family-01.ts,family-01,witnessTestimony[w1-d2-clarity-fluctuation].behaviorHint,사실만 정리하듯,stating only the facts,事実だけを整理するように,只整理事实,Witness topic/question/testimony/behavior hint. These are not character A/B dialogue lines.
witness_testimony_src_data_witnessTestimonyData_family-01.ts_family-01_witnessTestimony_w1-d2-clarity-fluctuation_.question,witness_testimony,src/data/witnessTestimonyData/family-01.ts,family-01,witnessTestimony[w1-d2-clarity-fluctuation].question,반가워했다는 것과 판단이 가능했다는 건 다른 문제입니다. 상태는 어땠습니까?,Being pleased to see him and being able to judge are different issues. What was her condition like?,喜んだことと判断できたことは別問題です。状態はどうでしたか。,她高兴见到他，和她是否有判断能力，是两回事。她的状态怎么样？,Witness topic/question/testimony/behavior hint. These are not character A/B dialogue lines.
witness_testimony_src_data_witnessTestimonyData_family-01.ts_family-01_witnessTestimony_w1-d2-clarity-fluctuation_.testimony,witness_testimony,src/data/witnessTestimonyData/family-01.ts,family-01,witnessTestimony[w1-d2-clarity-fluctuation].testimony,"맞습니다. 어떤 날은 제 질문에도 또박또박 답했고, 어떤 날은 손을 잡아도 멍하셨습니다. 늘 또렷했다고는 못 하겠어요.","That is correct. Some days she answered my questions clearly, and other days she stared blankly even when I held her hand. I cannot say she was always lucid.",その通りです。私の質問にきちんと答える日もあれば、手を握ってもぼんやりしている日もありました。いつもはっきりしていたとは言えません。,是的。有些日子她能清楚回答我的问题，有些日子我握住她的手，她也只是发呆。我不能说她一直都很清醒。,Witness topic/question/testimony/behavior hint. These are not character A/B dialogue lines.
witness_testimony_src_data_witnessTestimonyData_family-01.ts_family-01_witnessTestimony_w1-d2-clarity-fluctuation_.topic,witness_testimony,src/data/witnessTestimonyData/family-01.ts,family-01,witnessTestimony[w1-d2-clarity-fluctuation].topic,상태가 일정했는지 묻는다,Ask whether her condition was consistent,状態が一定だったか尋ねる,询问状态是否稳定,Witness topic/question/testimony/behavior hint. These are not character A/B dialogue lines.
witness_testimony_src_data_witnessTestimonyData_family-01.ts_family-01_witnessTestimony_w1-d3-avoid-conflict_.behaviorHint,witness_testimony,src/data/witnessTestimonyData/family-01.ts,family-01,witnessTestimony[w1-d3-avoid-conflict].behaviorHint,조심스럽지만 분명하게,careful but clear,慎重だがはっきりと,谨慎但明确,Witness topic/question/testimony/behavior hint. These are not character A/B dialogue lines.
witness_testimony_src_data_witnessTestimonyData_family-01.ts_family-01_witnessTestimony_w1-d3-avoid-conflict_.question,witness_testimony,src/data/witnessTestimonyData/family-01.ts,family-01,witnessTestimony[w1-d3-avoid-conflict].question,"증인 기준으로 답하십시오. 그 과정은 어머니를 몰아간 장면이었습니까, 다툼을 피하려는 장면이었습니까?","Answer from your own perspective. Was that process a scene of pressuring the mother, or a scene of trying to avoid conflict?",証人の基準で答えてください。その過程はお母様を追い込む場面でしたか、それとも争いを避けようとする場面でしたか。,请按证人的判断回答。那个过程是在逼迫母亲，还是在试图避免争吵？,Witness topic/question/testimony/behavior hint. These are not character A/B dialogue lines.
witness_testimony_src_data_witnessTestimonyData_family-01.ts_family-01_witnessTestimony_w1-d3-avoid-conflict_.testimony,witness_testimony,src/data/witnessTestimonyData/family-01.ts,family-01,witnessTestimony[w1-d3-avoid-conflict].testimony,"제가 옆에서 본 바로는 다툼을 피하려는 쪽이었습니다. 형님이 오시면 실제로 말소리가 커졌고, 그때마다 어머님이 어깨를 움츠리셨어요. 그래서 저는 둘째 아들이 어머니를 이용했다기보다, 겁먹지 않게 끝내려 한 걸로 봤습니다.","From what I saw beside them, it was closer to avoiding conflict. When the older brother came, voices really did get louder, and each time the mother hunched her shoulders. So I saw the younger son as trying to finish it without frightening her, not as using her.",そばで見た限りでは、争いを避けようとする側でした。兄さんが来ると実際に声が大きくなり、そのたびにお母様は肩をすくめていました。だから私は、次男がお母様を利用したというより、怖がらせずに終わらせようとしていたと見ました。,以我在旁边看到的情况，更接近于避免争吵。哥哥来了之后，声音确实会变大，每次母亲都会缩起肩膀。所以我认为次子不是在利用母亲，而是在尽量不要让她害怕地把事情结束。,Witness topic/question/testimony/behavior hint. These are not character A/B dialogue lines.
witness_testimony_src_data_witnessTestimonyData_family-01.ts_family-01_witnessTestimony_w1-d3-avoid-conflict_.topic,witness_testimony,src/data/witnessTestimonyData/family-01.ts,family-01,witnessTestimony[w1-d3-avoid-conflict].topic,그 과정의 실제 분위기를 묻는다,Ask about the real atmosphere of the process,その過程の実際の雰囲気を尋ねる,询问过程中的真实气氛,Witness topic/question/testimony/behavior hint. These are not character A/B dialogue lines.
witness_testimony_src_data_witnessTestimonyData_family-01.ts_family-01_witnessTestimony_w2-d1-document-balance_.behaviorHint,witness_testimony,src/data/witnessTestimonyData/family-01.ts,family-01,witnessTestimony[w2-d1-document-balance].behaviorHint,차분하게,calmly,落ち着いて,沉着地,Witness topic/question/testimony/behavior hint. These are not character A/B dialogue lines.
witness_testimony_src_data_witnessTestimonyData_family-01.ts_family-01_witnessTestimony_w2-d1-document-balance_.question,witness_testimony,src/data/witnessTestimonyData/family-01.ts,family-01,witnessTestimony[w2-d1-document-balance].question,처음 가져온 서류와 다시 가져온 서류의 인상이 달랐습니까?,Did the first document and the resubmitted document feel different?,最初に持って来た書類と、再提出された書類の印象は違いましたか。,第一次带来的文件和后来重新提交的文件，给人的印象不同吗？,Witness topic/question/testimony/behavior hint. These are not character A/B dialogue lines.
witness_testimony_src_data_witnessTestimonyData_family-01.ts_family-01_witnessTestimony_w2-d1-document-balance_.testimony,witness_testimony,src/data/witnessTestimonyData/family-01.ts,family-01,witnessTestimony[w2-d1-document-balance].testimony,"달랐습니다. 처음 것은 한쪽으로 많이 기운 느낌이었고, 다시 낸 것은 그보다 조금 균형 잡혀 보였어요.","They did. The first one felt heavily tilted to one side, and the resubmitted one looked a little more balanced.",違いました。最初のものは片方に大きく偏っている感じで、出し直されたものはそれより少し均衡が取れて見えました。,不同。第一份感觉很偏向一方，重新提交的那份看起来比前一份更平衡一些。,Witness topic/question/testimony/behavior hint. These are not character A/B dialogue lines.
witness_testimony_src_data_witnessTestimonyData_family-01.ts_family-01_witnessTestimony_w2-d1-document-balance_.topic,witness_testimony,src/data/witnessTestimonyData/family-01.ts,family-01,witnessTestimony[w2-d1-document-balance].topic,두 서류의 인상을 묻는다,Ask about the impression of the two documents,二つの書類の印象を尋ねる,询问两份文件的印象,Witness topic/question/testimony/behavior hint. These are not character A/B dialogue lines.
witness_testimony_src_data_witnessTestimonyData_family-01.ts_family-01_witnessTestimony_w2-d1-two-visits_.behaviorHint,witness_testimony,src/data/witnessTestimonyData/family-01.ts,family-01,witnessTestimony[w2-d1-two-visits].behaviorHint,업무적으로 정확하게,professionally precise,業務的に正確に,职业且准确,Witness topic/question/testimony/behavior hint. These are not character A/B dialogue lines.
witness_testimony_src_data_witnessTestimonyData_family-01.ts_family-01_witnessTestimony_w2-d1-two-visits_.question,witness_testimony,src/data/witnessTestimonyData/family-01.ts,family-01,witnessTestimony[w2-d1-two-visits].question,그날 같은 사람이 두 번 찾아온 일이 있었습니까?,Did the same person come to the office twice that day?,その日、同じ人が二度訪ねて来たことはありましたか。,那天同一个人来过两次吗？,Witness topic/question/testimony/behavior hint. These are not character A/B dialogue lines.
witness_testimony_src_data_witnessTestimonyData_family-01.ts_family-01_witnessTestimony_w2-d1-two-visits_.testimony,witness_testimony,src/data/witnessTestimonyData/family-01.ts,family-01,witnessTestimony[w2-d1-two-visits].testimony,"네, 같은 분이 같은 날 두 번 오셔서 기억합니다. 흔한 일은 아닙니다.","Yes, the same person came twice on the same day, so I remember it. That is not common.",はい、同じ方が同じ日に二度来られたので覚えています。よくあることではありません。,有。同一个人同一天来了两次，所以我记得。这并不常见。,Witness topic/question/testimony/behavior hint. These are not character A/B dialogue lines.
witness_testimony_src_data_witnessTestimonyData_family-01.ts_family-01_witnessTestimony_w2-d1-two-visits_.topic,witness_testimony,src/data/witnessTestimonyData/family-01.ts,family-01,witnessTestimony[w2-d1-two-visits].topic,같은 날 두 번 온 사실을 묻는다,Ask whether the same person came twice that day,同じ日に二度来た事実を尋ねる,询问同一天来过两次的事实,Witness topic/question/testimony/behavior hint. These are not character A/B dialogue lines.
witness_testimony_src_data_witnessTestimonyData_family-01.ts_family-01_witnessTestimony_w2-d2-ratio-change_.behaviorHint,witness_testimony,src/data/witnessTestimonyData/family-01.ts,family-01,witnessTestimony[w2-d2-ratio-change].behaviorHint,분명하게,clearly,はっきりと,清楚地,Witness topic/question/testimony/behavior hint. These are not character A/B dialogue lines.
witness_testimony_src_data_witnessTestimonyData_family-01.ts_family-01_witnessTestimony_w2-d2-ratio-change_.question,witness_testimony,src/data/witnessTestimonyData/family-01.ts,family-01,witnessTestimony[w2-d2-ratio-change].question,그 차이를 숫자로 설명하십시오. 어떻게 바뀌었습니까?,Explain the difference in numbers. How did it change?,その違いを数字で説明してください。どう変わりましたか。,请用数字说明差异。比例是怎么变的？,Witness topic/question/testimony/behavior hint. These are not character A/B dialogue lines.
witness_testimony_src_data_witnessTestimonyData_family-01.ts_family-01_witnessTestimony_w2-d2-ratio-change_.testimony,witness_testimony,src/data/witnessTestimonyData/family-01.ts,family-01,witnessTestimony[w2-d2-ratio-change].testimony,"첫 서류는 윤정후 90, 윤태성 10이었고, 두 번째는 윤정후 60, 윤태성 40으로 바뀌었습니다. 숫자만 보면 자기 몫을 줄여서 다시 낸 셈이었습니다.","The first document was Yoon Jeong-hoo 90 and Yoon Tae-seong 10. The second was changed to Yoon Jeong-hoo 60 and Yoon Tae-seong 40. Judging only by the numbers, he reduced his own share and submitted it again.",最初の書類はユン・ジョンフ90、ユン・テソン10で、二つ目はユン・ジョンフ60、ユン・テソン40に変わっていました。数字だけ見れば、自分の取り分を減らして出し直したことになります。,第一份文件是尹正厚90、尹泰成10，第二份改成了尹正厚60、尹泰成40。只看数字的话，相当于是他减少了自己的份额后重新提交。,Witness topic/question/testimony/behavior hint. These are not character A/B dialogue lines.
witness_testimony_src_data_witnessTestimonyData_family-01.ts_family-01_witnessTestimony_w2-d2-ratio-change_.topic,witness_testimony,src/data/witnessTestimonyData/family-01.ts,family-01,witnessTestimony[w2-d2-ratio-change].topic,비율이 어떻게 바뀌었는지 묻는다,Ask how the ratio changed,比率がどう変わったか尋ねる,询问比例如何改变,Witness topic/question/testimony/behavior hint. These are not character A/B dialogue lines.
witness_testimony_src_data_witnessTestimonyData_family-01.ts_family-01_witnessTestimony_w2-d2-same-submitter_.behaviorHint,witness_testimony,src/data/witnessTestimonyData/family-01.ts,family-01,witnessTestimony[w2-d2-same-submitter].behaviorHint,기억이 선명하다는 듯,as if the memory is clear,記憶が鮮明なように,像是记忆清楚,Witness topic/question/testimony/behavior hint. These are not character A/B dialogue lines.
witness_testimony_src_data_witnessTestimonyData_family-01.ts_family-01_witnessTestimony_w2-d2-same-submitter_.question,witness_testimony,src/data/witnessTestimonyData/family-01.ts,family-01,witnessTestimony[w2-d2-same-submitter].question,두 번 다 누가 접수창구에 섰습니까?,Who stood at the reception desk both times?,二回とも受付に立ったのは誰でしたか。,两次都是谁站在受理窗口前？,Witness topic/question/testimony/behavior hint. These are not character A/B dialogue lines.
witness_testimony_src_data_witnessTestimonyData_family-01.ts_family-01_witnessTestimony_w2-d2-same-submitter_.testimony,witness_testimony,src/data/witnessTestimonyData/family-01.ts,family-01,witnessTestimony[w2-d2-same-submitter].testimony,두 번 다 윤정후 씨가 접수창구에 서셨습니다. 서류를 도로 챙겨갔다가 다시 가져오신 것도 그분이었습니다.,Both times it was Mr. Yoon Jeong-hoo. He was also the one who took the documents back and brought them again.,二回ともユン・ジョンフさんでした。書類をいったん持ち帰って、また持って来たのもその方です。,两次都是尹正厚先生。把文件拿回去后又重新带来的也是他。,Witness topic/question/testimony/behavior hint. These are not character A/B dialogue lines.
witness_testimony_src_data_witnessTestimonyData_family-01.ts_family-01_witnessTestimony_w2-d2-same-submitter_.topic,witness_testimony,src/data/witnessTestimonyData/family-01.ts,family-01,witnessTestimony[w2-d2-same-submitter].topic,누가 다시 제출했는지 묻는다,Ask who resubmitted the document,誰が再提出したか尋ねる,询问是谁重新提交的,Witness topic/question/testimony/behavior hint. These are not character A/B dialogue lines.
witness_testimony_src_data_witnessTestimonyData_family-01.ts_family-01_witnessTestimony_w2-d3-benefit-direction_.behaviorHint,witness_testimony,src/data/witnessTestimonyData/family-01.ts,family-01,witnessTestimony[w2-d3-benefit-direction].behaviorHint,신중하지만 또렷하게,careful but distinct,慎重だが明瞭に,谨慎但清晰,Witness topic/question/testimony/behavior hint. These are not character A/B dialogue lines.
witness_testimony_src_data_witnessTestimonyData_family-01.ts_family-01_witnessTestimony_w2-d3-benefit-direction_.question,witness_testimony,src/data/witnessTestimonyData/family-01.ts,family-01,witnessTestimony[w2-d3-benefit-direction].question,그 변경을 보고 증인께서는 누구 이익 쪽으로 움직인 수정이라고 판단했습니까?,"When you saw that change, whose benefit did you think the revision moved toward?",その変更を見て、証人は誰の利益に向かう修正だと判断しましたか。,看到这个变更后，你认为这个修改是朝谁的利益方向移动？,Witness topic/question/testimony/behavior hint. These are not character A/B dialogue lines.
witness_testimony_src_data_witnessTestimonyData_family-01.ts_family-01_witnessTestimony_w2-d3-benefit-direction_.testimony,witness_testimony,src/data/witnessTestimonyData/family-01.ts,family-01,witnessTestimony[w2-d3-benefit-direction].testimony,"적어도 자기 몫을 늘리려는 수정은 아니었습니다. 접수창구에서 본 결과만 놓고 말하면, 윤정후 씨가 자기 비율을 90에서 60으로 낮춘 문서를 다시 낸 겁니다. 그래서 저는 그날의 수정이 탐욕 쪽이라기보다, 형이 받을 충격을 좀 줄여보려는 조정처럼 보였습니다.","At the very least, it was not a revision to increase his own share. Based only on what I saw at the desk, Mr. Yoon Jeong-hoo brought back a document lowering his ratio from 90 to 60. So the revision looked less like greed and more like an adjustment to soften the shock for his brother.",少なくとも、自分の取り分を増やそうとする修正ではありませんでした。受付で見た結果だけで言えば、ユン・ジョンフさんは自分の比率を90から60に下げた書類を出し直したのです。だからその日の修正は、欲というより、兄が受ける衝撃を少し和らげる調整のように見えました。,至少不是为了增加他自己的份额。从受理窗口看到的结果来说，尹正厚先生重新提交的是把自己的比例从90降到60的文件。所以我看来，那天的修改不像贪婪，更像是想稍微减轻哥哥受到的冲击。,Witness topic/question/testimony/behavior hint. These are not character A/B dialogue lines.
witness_testimony_src_data_witnessTestimonyData_family-01.ts_family-01_witnessTestimony_w2-d3-benefit-direction_.topic,witness_testimony,src/data/witnessTestimonyData/family-01.ts,family-01,witnessTestimony[w2-d3-benefit-direction].topic,수정이 누구 이익 방향이었는지 묻는다,Ask whose benefit the revision served,修正が誰の利益に向いていたか尋ねる,询问修改朝向谁的利益,Witness topic/question/testimony/behavior hint. These are not character A/B dialogue lines.
witness_testimony_src_data_witnessTestimonyData_family-01.ts_family-01_witnessTestimony_w3-d1-living-support_.behaviorHint,witness_testimony,src/data/witnessTestimonyData/family-01.ts,family-01,witnessTestimony[w3-d1-living-support].behaviorHint,차분히 떠올리며,recalling calmly,落ち着いて思い出しながら,平静回忆,Witness topic/question/testimony/behavior hint. These are not character A/B dialogue lines.
witness_testimony_src_data_witnessTestimonyData_family-01.ts_family-01_witnessTestimony_w3-d1-living-support_.question,witness_testimony,src/data/witnessTestimonyData/family-01.ts,family-01,witnessTestimony[w3-d1-living-support].question,어머니가 정기적으로 들어오는 돈에 대해 하신 말이 있었습니까?,Did the mother ever say anything about money coming in regularly?,お母様は定期的に入るお金について話したことがありますか。,母亲有没有说过定期进账的钱？,Witness topic/question/testimony/behavior hint. These are not character A/B dialogue lines.
witness_testimony_src_data_witnessTestimonyData_family-01.ts_family-01_witnessTestimony_w3-d1-living-support_.testimony,witness_testimony,src/data/witnessTestimonyData/family-01.ts,family-01,witnessTestimony[w3-d1-living-support].testimony,돈 걱정을 오래 하셨습니다. 그래도 작은아들이 달마다 보내주는 돈이 있어서 버틴다고 하신 적은 있어요.,"She worried about money for a long time. Still, she once said she could endure because the younger son sent money every month.",お金の心配を長くしていました。それでも、次男が毎月送ってくれるお金があるから持ちこたえられる、と話したことはあります。,她长期担心钱的问题。不过她曾说过，因为小儿子每个月寄钱来，她才能撑下去。,Witness topic/question/testimony/behavior hint. These are not character A/B dialogue lines.
witness_testimony_src_data_witnessTestimonyData_family-01.ts_family-01_witnessTestimony_w3-d1-living-support_.topic,witness_testimony,src/data/witnessTestimonyData/family-01.ts,family-01,witnessTestimony[w3-d1-living-support].topic,정기 지원금 사정을 묻는다,Ask about the regular support payments,定期支援金の事情を尋ねる,询问定期支援金情况,Witness topic/question/testimony/behavior hint. These are not character A/B dialogue lines.
witness_testimony_src_data_witnessTestimonyData_family-01.ts_family-01_witnessTestimony_w3-d1-secret-burden_.behaviorHint,witness_testimony,src/data/witnessTestimonyData/family-01.ts,family-01,witnessTestimony[w3-d1-secret-burden].behaviorHint,낮게 말하며,speaking quietly,低い声で,低声说,Witness topic/question/testimony/behavior hint. These are not character A/B dialogue lines.
witness_testimony_src_data_witnessTestimonyData_family-01.ts_family-01_witnessTestimony_w3-d1-secret-burden_.question,witness_testimony,src/data/witnessTestimonyData/family-01.ts,family-01,witnessTestimony[w3-d1-secret-burden].question,어머니가 큰아들이 몰라야 한다고 한 일이 있었습니까?,Did the mother ever say there was something the older son must not know?,お母様が、長男には知られてはいけないと言ったことはありましたか。,母亲有没有说过，有些事大儿子不能知道？,Witness topic/question/testimony/behavior hint. These are not character A/B dialogue lines.
witness_testimony_src_data_witnessTestimonyData_family-01.ts_family-01_witnessTestimony_w3-d1-secret-burden_.testimony,witness_testimony,src/data/witnessTestimonyData/family-01.ts,family-01,witnessTestimony[w3-d1-secret-burden].testimony,있었습니다. 어떤 일은 그 아들이 끝까지 몰라야 한다고 몇 번 말씀하셨어요. 말할 때마다 표정이 많이 무거웠습니다.,"Yes. She said several times that one matter had to stay unknown to that son until the end. Whenever she said it, her expression became very heavy.",ありました。あることはその息子が最後まで知らない方がいい、と何度かおっしゃいました。言うたびに表情がとても重くなりました。,有。她说过好几次，有件事那个儿子直到最后都不能知道。每次说到这件事，她的表情都非常沉重。,Witness topic/question/testimony/behavior hint. These are not character A/B dialogue lines.
witness_testimony_src_data_witnessTestimonyData_family-01.ts_family-01_witnessTestimony_w3-d1-secret-burden_.topic,witness_testimony,src/data/witnessTestimonyData/family-01.ts,family-01,witnessTestimony[w3-d1-secret-burden].topic,큰아들이 몰라야 한다는 말을 묻는다,Ask about saying the older son must not know,長男が知らない方がいいという言葉を尋ねる,询问“大儿子不能知道”的话,Witness topic/question/testimony/behavior hint. These are not character A/B dialogue lines.
witness_testimony_src_data_witnessTestimonyData_family-01.ts_family-01_witnessTestimony_w3-d2-money-nature_.behaviorHint,witness_testimony,src/data/witnessTestimonyData/family-01.ts,family-01,witnessTestimony[w3-d2-money-nature].behaviorHint,분명히 기억나는 부분만 짚으며,pointing only to what is clearly remembered,はっきり覚えている部分だけを示す,只指出清楚记得的部分,Witness topic/question/testimony/behavior hint. These are not character A/B dialogue lines.
witness_testimony_src_data_witnessTestimonyData_family-01.ts_family-01_witnessTestimony_w3-d2-money-nature_.question,witness_testimony,src/data/witnessTestimonyData/family-01.ts,family-01,witnessTestimony[w3-d2-money-nature].question,그 돈이 어떤 성격이라고 들었습니까? 누가 누구를 돕는 돈이었습니까?,What did you hear that money was for? Who was helping whom?,そのお金はどのような性格だと聞きましたか。誰が誰を助けるお金でしたか。,你听说那笔钱是什么性质？是谁在帮助谁？,Witness topic/question/testimony/behavior hint. These are not character A/B dialogue lines.
witness_testimony_src_data_witnessTestimonyData_family-01.ts_family-01_witnessTestimony_w3-d2-money-nature_.testimony,witness_testimony,src/data/witnessTestimonyData/family-01.ts,family-01,witnessTestimony[w3-d2-money-nature].testimony,윤정후 씨가 어머니 통장으로 달마다 보내는 돈이라고 들었습니다. 그리고 3억원이 나갈 때는 “태성이 공장 쪽으로 보내는 돈”이라고 어머니가 직접 말씀하셨어요.,"I heard it was money Mr. Yoon Jeong-hoo sent every month to his mother’s account. And when the 300 million won went out, the mother herself said it was money being sent toward Tae-seong’s factory.",ユン・ジョンフさんがお母様の口座に毎月送っているお金だと聞きました。そして3億ウォンが出る時は、「テソンの工場の方へ送るお金」だとお母様が直接おっしゃいました。,我听说那是尹正厚先生每个月打到母亲账户里的钱。而3亿韩元转出时，母亲亲口说那是“要送到泰成工厂那边的钱”。,Witness topic/question/testimony/behavior hint. These are not character A/B dialogue lines.
witness_testimony_src_data_witnessTestimonyData_family-01.ts_family-01_witnessTestimony_w3-d2-money-nature_.topic,witness_testimony,src/data/witnessTestimonyData/family-01.ts,family-01,witnessTestimony[w3-d2-money-nature].topic,그 돈의 성격을 묻는다,Ask what kind of money it was,そのお金の性格を尋ねる,询问那笔钱的性质,Witness topic/question/testimony/behavior hint. These are not character A/B dialogue lines.
witness_testimony_src_data_witnessTestimonyData_family-01.ts_family-01_witnessTestimony_w3-d2-secret-reason_.behaviorHint,witness_testimony,src/data/witnessTestimonyData/family-01.ts,family-01,witnessTestimony[w3-d2-secret-reason].behaviorHint,조심스럽게,cautiously,慎重に,小心地,Witness topic/question/testimony/behavior hint. These are not character A/B dialogue lines.
witness_testimony_src_data_witnessTestimonyData_family-01.ts_family-01_witnessTestimony_w3-d2-secret-reason_.question,witness_testimony,src/data/witnessTestimonyData/family-01.ts,family-01,witnessTestimony[w3-d2-secret-reason].question,큰아들이 몰라야 한다고 한 이유를 들은 게 있습니까?,Did you hear why the older son must not know?,長男が知らない方がいいと言った理由を聞いたことはありますか。,你听说过为什么大儿子不能知道吗？,Witness topic/question/testimony/behavior hint. These are not character A/B dialogue lines.
witness_testimony_src_data_witnessTestimonyData_family-01.ts_family-01_witnessTestimony_w3-d2-secret-reason_.testimony,witness_testimony,src/data/witnessTestimonyData/family-01.ts,family-01,witnessTestimony[w3-d2-secret-reason].testimony,"어머니가 정확한 말은 아끼셨지만, “태성이는 그 사실 알면 사람 무너진다”고 했어요. 그리고 “정후가 그 짐을 혼자 진다”는 말도 했습니다.","The mother avoided exact words, but she said, ""If Tae-seong learns that fact, he will collapse as a person."" She also said, ""Jeong-hoo carries that burden alone.""",お母様は正確な言葉を避けましたが、「テソンはその事実を知ったら人として崩れてしまう」と言いました。それから「ジョンフがその重荷を一人で背負っている」とも言っていました。,母亲没有把话说得很具体，但她说过：“泰成如果知道那个事实，人会垮掉。”她也说过：“正厚一个人背着那个负担。”,Witness topic/question/testimony/behavior hint. These are not character A/B dialogue lines.
witness_testimony_src_data_witnessTestimonyData_family-01.ts_family-01_witnessTestimony_w3-d2-secret-reason_.topic,witness_testimony,src/data/witnessTestimonyData/family-01.ts,family-01,witnessTestimony[w3-d2-secret-reason].topic,왜 숨겨야 한다고 했는지 묻는다,Ask why it had to be hidden,なぜ隠す必要があったか尋ねる,询问为什么必须隐瞒,Witness topic/question/testimony/behavior hint. These are not character A/B dialogue lines.
witness_testimony_src_data_witnessTestimonyData_family-01.ts_family-01_witnessTestimony_w3-d3-why-kept-secret_.behaviorHint,witness_testimony,src/data/witnessTestimonyData/family-01.ts,family-01,witnessTestimony[w3-d3-why-kept-secret].behaviorHint,"무겁게, 그러나 흔들림 없이","heavy, but steady",重く、しかし揺らがずに,沉重但坚定,Witness topic/question/testimony/behavior hint. These are not character A/B dialogue lines.
witness_testimony_src_data_witnessTestimonyData_family-01.ts_family-01_witnessTestimony_w3-d3-why-kept-secret_.question,witness_testimony,src/data/witnessTestimonyData/family-01.ts,family-01,witnessTestimony[w3-d3-why-kept-secret].question,"증인이 들은 말을 종합하면, 윤정후 씨가 왜 그 비밀을 숨겼다고 보십니까?","Putting together what you heard, why do you think Mr. Yoon Jeong-hoo kept that secret?",証人が聞いた話を総合すると、ユン・ジョンフさんはなぜその秘密を隠したと思いますか。,综合你听到的话，你认为尹正厚先生为什么隐瞒那个秘密？,Witness topic/question/testimony/behavior hint. These are not character A/B dialogue lines.
witness_testimony_src_data_witnessTestimonyData_family-01.ts_family-01_witnessTestimony_w3-d3-why-kept-secret_.testimony,witness_testimony,src/data/witnessTestimonyData/family-01.ts,family-01,witnessTestimony[w3-d3-why-kept-secret].testimony,"유산 더 받으려고 숨긴 사람 말투가 아니었습니다. 어머니가 먼저 “태성이는 끝까지 몰라야 한다”고 붙잡았고, 윤정후 씨는 그 말대로 형이 무너지지 않게 막는 쪽이었어요. 그래서 저는 이 집안의 중심이 돈다툼보다 출생 비밀과 죄책감에 더 가까웠다고 봅니다.","It was not the tone of someone hiding something to get more inheritance. The mother first held on to him and said, ""Tae-seong must never know,"" and Mr. Yoon Jeong-hoo was trying to keep his brother from falling apart as she asked. So I think the center of this family was closer to a birth secret and guilt than to a fight over money.",遺産を多く受け取るために隠した人の口ぶりではありませんでした。お母様が先に「テソンは最後まで知らない方がいい」と頼み、ユン・ジョンフさんはその通りに兄が崩れないようにしていました。だから私は、この家の中心は金銭争いよりも出生の秘密と罪悪感に近かったと思います。,那不是为了多拿遗产而隐瞒的人会有的语气。是母亲先抓着他说“泰成到最后都不能知道”，尹正厚先生则按照她的话，想阻止哥哥崩溃。所以我认为这个家的核心，比起金钱争夺，更接近出生秘密和罪疚感。,Witness topic/question/testimony/behavior hint. These are not character A/B dialogue lines.
witness_testimony_src_data_witnessTestimonyData_family-01.ts_family-01_witnessTestimony_w3-d3-why-kept-secret_.topic,witness_testimony,src/data/witnessTestimonyData/family-01.ts,family-01,witnessTestimony[w3-d3-why-kept-secret].topic,윤정후 씨가 왜 비밀을 숨겼는지 묻는다,Ask why Yoon Jeong-hoo kept the secret,ユン・ジョンフがなぜ秘密を隠したか尋ねる,询问尹正厚为何隐瞒秘密,Witness topic/question/testimony/behavior hint. These are not character A/B dialogue lines.
