id,category,source,case_id,key_path,ko,en,ja,zh-CN,notes
case_surface_content_src_data_cases_generated_friend-01_combinationLab.nodes_dc-1_.label,case_surface_content,src/data/cases/generated,friend-01,combinationLab.nodes[dc-1].label,dc-1 확인 없이 매도한 건 누구인가,dc-1 Who sold it without confirmation?,dc-1 確認なしで売ったのは誰だ,dc-1 谁在没有确认的情况下出售了它？,"Case metadata, character profile, dispute, evidence, solution, or evidence-viewer surface text. Party dialogue scripts are not included here."
case_surface_content_src_data_cases_generated_friend-01_combinationLab.nodes_dc-2_.label,case_surface_content,src/data/cases/generated,friend-01,combinationLab.nodes[dc-2].label,dc-2 왜 바로 말하지 않았는가,dc-2 Why didn't you tell me right away?,dc-2 なぜすぐに言わなかったのか,dc-2 你为什么不马上告诉我？,"Case metadata, character profile, dispute, evidence, solution, or evidence-viewer surface text. Party dialogue scripts are not included here."
case_surface_content_src_data_cases_generated_friend-01_combinationLab.nodes_dc-3_.label,case_surface_content,src/data/cases/generated,friend-01,combinationLab.nodes[dc-3].label,dc-3 또 혼자 막으려 했는가,dc-3 Did you try to stop it by yourself again?,dc-3 また一人で止めようとしたのか,dc-3 你又尝试自己阻止了吗？,"Case metadata, character profile, dispute, evidence, solution, or evidence-viewer surface text. Party dialogue scripts are not included here."
case_surface_content_src_data_cases_generated_friend-01_combinationLab.nodes_dc-4_.label,case_surface_content,src/data/cases/generated,friend-01,combinationLab.nodes[dc-4].label,dc-4 손절의 값,dc-4 stop loss value,dc-4 手節の値,dc-4止损值,"Case metadata, character profile, dispute, evidence, solution, or evidence-viewer surface text. Party dialogue scripts are not included here."
case_surface_content_src_data_cases_generated_friend-01_combinationLab.nodes_dc-5_.label,case_surface_content,src/data/cases/generated,friend-01,combinationLab.nodes[dc-5].label,dc-5 낙인의 순서,dc-5 order of stigma,dc-5 烙印の順序,dc-5 柱头阶,"Case metadata, character profile, dispute, evidence, solution, or evidence-viewer surface text. Party dialogue scripts are not included here."
case_surface_content_src_data_cases_generated_friend-01_combinationLab.nodes_e-1_.label,case_surface_content,src/data/cases/generated,friend-01,combinationLab.nodes[e-1].label,e-1 연락 기록,e-1 contact records,e-1 連絡履歴,e-1 联系记录,"Case metadata, character profile, dispute, evidence, solution, or evidence-viewer surface text. Party dialogue scripts are not included here."
case_surface_content_src_data_cases_generated_friend-01_combinationLab.nodes_e-2_.label,case_surface_content,src/data/cases/generated,friend-01,combinationLab.nodes[e-2].label,e-2 단톡방 캡처,e-2 group chat room capture,e-2 ダントクバンキャプチャ,e-2群聊室截图,"Case metadata, character profile, dispute, evidence, solution, or evidence-viewer surface text. Party dialogue scripts are not included here."
case_surface_content_src_data_cases_generated_friend-01_combinationLab.nodes_e-3_.label,case_surface_content,src/data/cases/generated,friend-01,combinationLab.nodes[e-3].label,e-3 과거 카톡,e-3 Past KakaoTalk,e-3 過去のカトク,e-3 过去的 KakaoTalk,"Case metadata, character profile, dispute, evidence, solution, or evidence-viewer surface text. Party dialogue scripts are not included here."
case_surface_content_src_data_cases_generated_friend-01_combinationLab.nodes_e-4_.label,case_surface_content,src/data/cases/generated,friend-01,combinationLab.nodes[e-4].label,e-4 예비신랑 메시지,e-4 Message from the groom-to-be,e-4予備新郎メッセージ,e-4 准新郎致辞,"Case metadata, character profile, dispute, evidence, solution, or evidence-viewer surface text. Party dialogue scripts are not included here."
case_surface_content_src_data_cases_generated_friend-01_combinationLab.outputs_dc-1_.judgeHint,case_surface_content,src/data/cases/generated,friend-01,combinationLab.outputs[dc-1].judgeHint,새 쟁점 '단톡방 매도와 명예훼손'이 드러났습니다. 확산 경로를 짚어보세요.,,新しい問題「ダントクバン売りと名誉毀損」が明らかになりました。拡散経路を見てください。,一个新问题被揭露：“群聊里的卖东西和诽谤”。指出传播途径。,"Case metadata, character profile, dispute, evidence, solution, or evidence-viewer surface text. Party dialogue scripts are not included here."
case_surface_content_src_data_cases_generated_friend-01_combinationLab.outputs_dc-1_.label,case_surface_content,src/data/cases/generated,friend-01,combinationLab.outputs[dc-1].label,dc-1 확인 없이 매도한 건 누구인가,dc-1 Who sold it without confirmation?,dc-1 確認なしで売ったのは誰だ,dc-1 谁在没有确认的情况下出售了它？,"Case metadata, character profile, dispute, evidence, solution, or evidence-viewer surface text. Party dialogue scripts are not included here."
case_surface_content_src_data_cases_generated_friend-01_combinationLab.outputs_dc-1_.noteText,case_surface_content,src/data/cases/generated,friend-01,combinationLab.outputs[dc-1].noteText,직접 확인도 하지 않고 친구를 단톡방에서 먼저 매도한 건 당신 아닙니까?,,自分で確認せずに友達をダントクバンで先に売ったのはあなたじゃないですか？,你不是那个在群聊里不亲自查看就把朋友卖掉的人吗？,"Case metadata, character profile, dispute, evidence, solution, or evidence-viewer surface text. Party dialogue scripts are not included here."
case_surface_content_src_data_cases_generated_friend-01_combinationLab.outputs_dc-1_.summary,case_surface_content,src/data/cases/generated,friend-01,combinationLab.outputs[dc-1].summary,직접 확인도 하지 않고 친구를 단톡방에서 먼저 매도한 건 누구인가,Who was the first to sell a friend in a group chat room without checking directly?,直接確認もせずに友達をダントクバンで先に売ったのは誰だ,谁第一个在群聊里不直接查看就把好友卖了？,"Case metadata, character profile, dispute, evidence, solution, or evidence-viewer surface text. Party dialogue scripts are not included here."
case_surface_content_src_data_cases_generated_friend-01_combinationLab.outputs_dc-2_.judgeHint,case_surface_content,src/data/cases/generated,friend-01,combinationLab.outputs[dc-2].judgeHint,예비신랑의 접근과 침묵의 이유가 맞물립니다. 왜 바로 말하지 못했는지 확인할 수 있습니다.,,予備新郎の接近と沈黙の理由がかみ合います。なぜすぐに話していないのかを確認できます。,准新郎的接近和他沉默的原因是交织在一起的。你可以立即找出为什么你不能说出来。,"Case metadata, character profile, dispute, evidence, solution, or evidence-viewer surface text. Party dialogue scripts are not included here."
case_surface_content_src_data_cases_generated_friend-01_combinationLab.outputs_dc-2_.label,case_surface_content,src/data/cases/generated,friend-01,combinationLab.outputs[dc-2].label,dc-2 왜 바로 말하지 않았는가,dc-2 Why didn't you tell me right away?,dc-2 なぜすぐに言わなかったのか,dc-2 你为什么不马上告诉我？,"Case metadata, character profile, dispute, evidence, solution, or evidence-viewer surface text. Party dialogue scripts are not included here."
case_surface_content_src_data_cases_generated_friend-01_combinationLab.outputs_dc-2_.noteText,case_surface_content,src/data/cases/generated,friend-01,combinationLab.outputs[dc-2].noteText,"예비신랑이 먼저 선을 넘었다면, 왜 그때 바로 송다은에게 말하지 않았습니까?",,予備新郎が先に善を越えたとしたら、なぜその時ソンダウンに言わなかったのでしょうか。,如果准新郎先越线，他为什么不立即告诉宋多恩呢？,"Case metadata, character profile, dispute, evidence, solution, or evidence-viewer surface text. Party dialogue scripts are not included here."
case_surface_content_src_data_cases_generated_friend-01_combinationLab.outputs_dc-2_.summary,case_surface_content,src/data/cases/generated,friend-01,combinationLab.outputs[dc-2].summary,예비신랑이 먼저 선을 넘었다면 왜 바로 송다은에게 말하지 않았는가,"If the groom-to-be crossed the line first, why didn't he tell Song Da-eun right away?",予備新郎が最初に線を越えたなら、なぜソングダウンに言わなかったのか,如果准新郎先越线，为什么不立即告诉宋多恩呢？,"Case metadata, character profile, dispute, evidence, solution, or evidence-viewer surface text. Party dialogue scripts are not included here."
case_surface_content_src_data_cases_generated_friend-01_combinationLab.outputs_dc-3_.judgeHint,case_surface_content,src/data/cases/generated,friend-01,combinationLab.outputs[dc-3].judgeHint,새 쟁점 '예비신랑에게 이어진 부탁'이 드러났습니다. 부탁의 내용과 경로를 확인하세요.,,新しい問題「予備新郎につながったお願い」が明らかになりました。お願いの内容と経路を確認してください。,新一期“对准新郎的请求”被揭晓。请检查您的请求内容和途径。,"Case metadata, character profile, dispute, evidence, solution, or evidence-viewer surface text. Party dialogue scripts are not included here."
case_surface_content_src_data_cases_generated_friend-01_combinationLab.outputs_dc-3_.label,case_surface_content,src/data/cases/generated,friend-01,combinationLab.outputs[dc-3].label,dc-3 또 혼자 막으려 했는가,dc-3 Did you try to stop it by yourself again?,dc-3 また一人で止めようとしたのか,dc-3 你又尝试自己阻止了吗？,"Case metadata, character profile, dispute, evidence, solution, or evidence-viewer surface text. Party dialogue scripts are not included here."
case_surface_content_src_data_cases_generated_friend-01_combinationLab.outputs_dc-3_.noteText,case_surface_content,src/data/cases/generated,friend-01,combinationLab.outputs[dc-3].noteText,"송다은 아버지가 또 같은 방식으로 돈 얘기를 꺼냈다면, 당신은 이번에도 왜 혼자 막으려 했습니까?",,ソンダウンの父がまた同じ方法でお金の話を引き出した場合、あなたは今回もなぜ一人で止めようとしましたか？,如果宋多恩的父亲再次以同样的方式提起金钱的话题，为什么这次你要自己阻止呢？,"Case metadata, character profile, dispute, evidence, solution, or evidence-viewer surface text. Party dialogue scripts are not included here."
case_surface_content_src_data_cases_generated_friend-01_combinationLab.outputs_dc-3_.summary,case_surface_content,src/data/cases/generated,friend-01,combinationLab.outputs[dc-3].summary,송다은 아버지가 또 같은 방식으로 돈 얘기를 꺼냈다면 왜 또 혼자 막으려 했는가,"If Song Da-eun's father brought up the topic of money in the same way again, why did he try to stop it alone?",ソンダは父親がまた同じ方法でお金の話を引き出したのであれば、,如果宋多恩的父亲再次以同样的方式提起金钱的话题，为什么他要独自阻止呢？,"Case metadata, character profile, dispute, evidence, solution, or evidence-viewer surface text. Party dialogue scripts are not included here."
case_surface_content_src_data_cases_generated_friend-01_combinationLab.outputs_dc-4_.judgeHint,case_surface_content,src/data/cases/generated,friend-01,combinationLab.outputs[dc-4].judgeHint,새 쟁점 '과거 손절의 이유'가 드러났습니다. 손절 직전의 돈 흐름과 침묵 이유를 확인하세요.,,新しい問題「過去の手節の理由」が明らかになりました。手節直前のお金の流れと沈黙の理由を確認してください。,一个新问题“过去止损的原因”被揭晓。检查止损前的资金流向以及沉默的原因。,"Case metadata, character profile, dispute, evidence, solution, or evidence-viewer surface text. Party dialogue scripts are not included here."
case_surface_content_src_data_cases_generated_friend-01_combinationLab.outputs_dc-4_.label,case_surface_content,src/data/cases/generated,friend-01,combinationLab.outputs[dc-4].label,dc-4 손절의 값,dc-4 stop loss value,dc-4 手節の値,dc-4止损值,"Case metadata, character profile, dispute, evidence, solution, or evidence-viewer surface text. Party dialogue scripts are not included here."
case_surface_content_src_data_cases_generated_friend-01_combinationLab.outputs_dc-4_.noteText,case_surface_content,src/data/cases/generated,friend-01,combinationLab.outputs[dc-4].noteText,손절의 값,,手節の値,止损值,"Case metadata, character profile, dispute, evidence, solution, or evidence-viewer surface text. Party dialogue scripts are not included here."
case_surface_content_src_data_cases_generated_friend-01_combinationLab.outputs_dc-4_.summary,case_surface_content,src/data/cases/generated,friend-01,combinationLab.outputs[dc-4].summary,"과거 손절이 변심이 아니라 차용금 미상환 문제와 침묵의 결과였다면, 왜 끝내 말하지 못했습니까?","If the past loss was not a change of mind but a result of non-repayment of loans and silence, why did you never speak up?",過去の手節が変心ではなく、借入金の未払いの問題と沈黙の結果であったとしたら、なぜ最後に言うことができなかったのでしょうか。,如果过去的损失不是心意改变，而是贷款不还、沉默造成的，那为什么你从来不说出来呢？,"Case metadata, character profile, dispute, evidence, solution, or evidence-viewer surface text. Party dialogue scripts are not included here."
case_surface_content_src_data_cases_generated_friend-01_combinationLab.outputs_dc-5_.judgeHint,case_surface_content,src/data/cases/generated,friend-01,combinationLab.outputs[dc-5].judgeHint,단톡방 매도와 과거 손절이 맞물립니다. 확산 경로와 낙인의 순서를 짚어보세요.,,ダントクバン売りと過去の手節がかみ合います。拡散経路と烙印の順序を調べてください。,群聊室的卖出和过去的止损是交织在一起的。指出传播途径和柱头的顺序。,"Case metadata, character profile, dispute, evidence, solution, or evidence-viewer surface text. Party dialogue scripts are not included here."
case_surface_content_src_data_cases_generated_friend-01_combinationLab.outputs_dc-5_.label,case_surface_content,src/data/cases/generated,friend-01,combinationLab.outputs[dc-5].label,dc-5 낙인의 순서,dc-5 order of stigma,dc-5 烙印の順序,dc-5 柱头阶,"Case metadata, character profile, dispute, evidence, solution, or evidence-viewer surface text. Party dialogue scripts are not included here."
case_surface_content_src_data_cases_generated_friend-01_combinationLab.outputs_dc-5_.noteText,case_surface_content,src/data/cases/generated,friend-01,combinationLab.outputs[dc-5].noteText,낙인의 순서,,烙印の順序,耻辱顺序,"Case metadata, character profile, dispute, evidence, solution, or evidence-viewer surface text. Party dialogue scripts are not included here."
case_surface_content_src_data_cases_generated_friend-01_combinationLab.outputs_dc-5_.summary,case_surface_content,src/data/cases/generated,friend-01,combinationLab.outputs[dc-5].summary,두 시점에서 말이 끊긴 순서가 반복됩니다. 단정과 침묵의 순서를 확인해야 합니다.,"At two points, the sequence is repeated with the speech interrupted. The order of assertion and silence must be checked.",2 つの時点で、馬が途切れた順番が繰り返されます。断定と沈黙の順序を確認する必要があります。,在两个点上，该序列会重复，但语音会被打断。必须检查断言和沉默的顺序。,"Case metadata, character profile, dispute, evidence, solution, or evidence-viewer surface text. Party dialogue scripts are not included here."
case_surface_content_src_data_cases_generated_friend-01_evidence_e-1_.description,case_surface_content,src/data/cases/generated,friend-01,evidence[e-1].description,최근 9일 동안 최수민이 예비신랑 김태윤에게 전화와 문자를 반복한 기록. 단계별 원문을 확인해야 연락 의도를 판단할 수 있다.,A record of Choi Soo-min repeatedly calling and texting her husband-to-be Kim Tae-yoon over the past nine days. Only by checking the original text at each step can you determine the intent of the contact.,最近9日間チェ・スミンが予備新郎キム・テユンに電話と文字を繰り返した記録。段階別原文を確認しなければ連絡意図を判断できる。,崔秀敏在过去九天里反复给未婚夫金泰润打电话发短信的记录。只有通过每一步检查原文才能确定接触的意图。,"Case metadata, character profile, dispute, evidence, solution, or evidence-viewer surface text. Party dialogue scripts are not included here."
case_surface_content_src_data_cases_generated_friend-01_evidence_e-1_.investigationResults.check_metadata,case_surface_content,src/data/cases/generated,friend-01,evidence[e-1].investigationResults.check_metadata,두 번째 페이지에서 태윤과 수민 사이의 사적인 문제를 따지는 연락은 아니라는 문구가 보인다. 다만 정확한 목적은 아직 확정되지 않는다.,,2番目のページでは、テユンとスミンの間の私的な問題を問う連絡ではないというフレーズが見えます。ただし、正確な目的はまだ確定していない。,在第二页上，你可以看到一份声明，称这不是泰妍和苏民之间关于个人问题的沟通。但具体目的尚未确定。,"Case metadata, character profile, dispute, evidence, solution, or evidence-viewer surface text. Party dialogue scripts are not included here."
case_surface_content_src_data_cases_generated_friend-01_evidence_e-1_.investigationResults.request_original,case_surface_content,src/data/cases/generated,friend-01,evidence[e-1].investigationResults.request_original,첫 페이지에서는 9일간 반복된 발신과 부재중이 확인된다. 집착성 연락처럼 보이지만 원문은 대부분 봉인되어 있다.,,最初のページでは、9日間繰り返された発信と不在が確認される。執着性の連絡先と思われるが、原文はほとんど封印されている。,第一页确认重复来电和缺勤 9 天。看似痴迷接触，但原文大部分是被封印的。,"Case metadata, character profile, dispute, evidence, solution, or evidence-viewer surface text. Party dialogue scripts are not included here."
case_surface_content_src_data_cases_generated_friend-01_evidence_e-1_.investigationResults.restore_context,case_surface_content,src/data/cases/generated,friend-01,evidence[e-1].investigationResults.restore_context,세 번째 페이지에서 다은 관련 사유와 과거에도 비슷한 일이 있었다는 문구가 드러난다. 연락 의도를 본격적으로 물어볼 근거가 생긴다.,,3番目のページでは、関連する理由と過去にも同様のことがあったというフレーズが明らかになります。連絡意図を本格的に尋ねる根拠が生じる。,第三页上有一份声明，解释了为什么过去会发生类似的事情。现在认真询问联系意向就有了基础。,"Case metadata, character profile, dispute, evidence, solution, or evidence-viewer surface text. Party dialogue scripts are not included here."
case_surface_content_src_data_cases_generated_friend-01_evidence_e-1_.investigationStages_0_.label,case_surface_content,src/data/cases/generated,friend-01,evidence[e-1].investigationStages[0].label,기록확인,Check records,記録確認,检查记录,"Case metadata, character profile, dispute, evidence, solution, or evidence-viewer surface text. Party dialogue scripts are not included here."
case_surface_content_src_data_cases_generated_friend-01_evidence_e-1_.investigationStages_0_.question.text,case_surface_content,src/data/cases/generated,friend-01,evidence[e-1].investigationStages[0].question.text,이 연락 기록은 실제 발신 내역입니까?,Are these contact logs actual sending records?,この連絡履歴は実際の発信履歴ですか？,这些联系日志是真实的发送记录吗？,"Case metadata, character profile, dispute, evidence, solution, or evidence-viewer surface text. Party dialogue scripts are not included here."
case_surface_content_src_data_cases_generated_friend-01_evidence_e-1_.investigationStages_1_.label,case_surface_content,src/data/cases/generated,friend-01,evidence[e-1].investigationStages[1].label,시간대조,time contrast,時間対照,时间对比,"Case metadata, character profile, dispute, evidence, solution, or evidence-viewer surface text. Party dialogue scripts are not included here."
case_surface_content_src_data_cases_generated_friend-01_evidence_e-1_.investigationStages_1_.question.text,case_surface_content,src/data/cases/generated,friend-01,evidence[e-1].investigationStages[1].question.text,연락 시간대와 문구를 대조해 주십시오.,Please match the wording with the contact times.,連絡時間帯とフレーズを照合してください。,请将措辞与联系时间相匹配。,"Case metadata, character profile, dispute, evidence, solution, or evidence-viewer surface text. Party dialogue scripts are not included here."
case_surface_content_src_data_cases_generated_friend-01_evidence_e-1_.investigationStages_1_.unlockHint,case_surface_content,src/data/cases/generated,friend-01,evidence[e-1].investigationStages[1].unlockHint,원본을 더 확인하면 연락 시간대와 반복 문구를 함께 볼 수 있습니다.,,オリジナルをさらに確認すると、連絡先のタイムゾーンと繰り返しフレーズを一緒に見ることができます。,如果您进一步检查原文，您还会看到联系时间和重复的短语。,"Case metadata, character profile, dispute, evidence, solution, or evidence-viewer surface text. Party dialogue scripts are not included here."
case_surface_content_src_data_cases_generated_friend-01_evidence_e-1_.investigationStages_2_.label,case_surface_content,src/data/cases/generated,friend-01,evidence[e-1].investigationStages[2].label,의도복원,restoration of intention,意図復元,意向恢复,"Case metadata, character profile, dispute, evidence, solution, or evidence-viewer surface text. Party dialogue scripts are not included here."
case_surface_content_src_data_cases_generated_friend-01_evidence_e-1_.investigationStages_2_.question.text,case_surface_content,src/data/cases/generated,friend-01,evidence[e-1].investigationStages[2].question.text,이 연락이 경고였는지 집착이었는지 따져 주십시오.,Please consider whether this contact was a warning or an obsession.,この連絡が警告だったのか執着だったのかを調べてください。,请考虑一下这次接触是警告还是强迫。,"Case metadata, character profile, dispute, evidence, solution, or evidence-viewer surface text. Party dialogue scripts are not included here."
case_surface_content_src_data_cases_generated_friend-01_evidence_e-1_.investigationStages_2_.unlockHint,case_surface_content,src/data/cases/generated,friend-01,evidence[e-1].investigationStages[2].unlockHint,문구를 대조하면 연락의 의도를 더 분명히 물을 수 있습니다.,,フレーズを照合すると、連絡の意図をより明確に尋ねることができます。,对比你的措辞可以帮助你更清楚地表达你的联系意图。,"Case metadata, character profile, dispute, evidence, solution, or evidence-viewer surface text. Party dialogue scripts are not included here."
case_surface_content_src_data_cases_generated_friend-01_evidence_e-1_.meta.legalLabel,case_surface_content,src/data/cases/generated,friend-01,evidence[e-1].meta.legalLabel,적법,,適法,合法性,"Case metadata, character profile, dispute, evidence, solution, or evidence-viewer surface text. Party dialogue scripts are not included here."
case_surface_content_src_data_cases_generated_friend-01_evidence_e-1_.meta.name,case_surface_content,src/data/cases/generated,friend-01,evidence[e-1].meta.name,연락 기록,contact history,連絡履歴,接触史,"Case metadata, character profile, dispute, evidence, solution, or evidence-viewer surface text. Party dialogue scripts are not included here."
case_surface_content_src_data_cases_generated_friend-01_evidence_e-1_.meta.sourceLabel,case_surface_content,src/data/cases/generated,friend-01,evidence[e-1].meta.sourceLabel,송다은 측,,ソンダウン側,宋多恩身边,"Case metadata, character profile, dispute, evidence, solution, or evidence-viewer surface text. Party dialogue scripts are not included here."
case_surface_content_src_data_cases_generated_friend-01_evidence_e-1_.meta.stageLabel,case_surface_content,src/data/cases/generated,friend-01,evidence[e-1].meta.stageLabel,초기 공개,,初期開示,初始版本,"Case metadata, character profile, dispute, evidence, solution, or evidence-viewer surface text. Party dialogue scripts are not included here."
case_surface_content_src_data_cases_generated_friend-01_evidence_e-1_.meta.trustLabel,case_surface_content,src/data/cases/generated,friend-01,evidence[e-1].meta.trustLabel,보통,,通常,通常,"Case metadata, character profile, dispute, evidence, solution, or evidence-viewer surface text. Party dialogue scripts are not included here."
case_surface_content_src_data_cases_generated_friend-01_evidence_e-1_.name,case_surface_content,src/data/cases/generated,friend-01,evidence[e-1].name,최수민→예비신랑 연락 기록,Choi Soo-min → groom-to-be contact record,チェ・スミン→予備新郎連絡記録,崔秀民 → 准新郎联络记录,"Case metadata, character profile, dispute, evidence, solution, or evidence-viewer surface text. Party dialogue scripts are not included here."
case_surface_content_src_data_cases_generated_friend-01_evidence_e-1_.partyContext.a.implication,case_surface_content,src/data/cases/generated,friend-01,evidence[e-1].partyContext.a.implication,집착으로 보이는 첫인상을 확인한다.,,執着に見える第一印象を確認する。,确认你对痴迷的第一印象。,"Case metadata, character profile, dispute, evidence, solution, or evidence-viewer surface text. Party dialogue scripts are not included here."
case_surface_content_src_data_cases_generated_friend-01_evidence_e-1_.partyContext.a.questionAngle,case_surface_content,src/data/cases/generated,friend-01,evidence[e-1].partyContext.a.questionAngle,이 연락 기록을 보고 어떤 생각이 들었습니까?,,この連絡履歴を見て、どんな考えがありましたか？,您对这份联系记录有何看法？,"Case metadata, character profile, dispute, evidence, solution, or evidence-viewer surface text. Party dialogue scripts are not included here."
case_surface_content_src_data_cases_generated_friend-01_evidence_e-1_.partyContext.b.implication,case_surface_content,src/data/cases/generated,friend-01,evidence[e-1].partyContext.b.implication,연락 의도를 설명할 기회를 준다.,,連絡意図を説明する機会を与える。,让他们有机会解释他们的联系意图。,"Case metadata, character profile, dispute, evidence, solution, or evidence-viewer surface text. Party dialogue scripts are not included here."
case_surface_content_src_data_cases_generated_friend-01_evidence_e-1_.partyContext.b.questionAngle,case_surface_content,src/data/cases/generated,friend-01,evidence[e-1].partyContext.b.questionAngle,왜 이렇게까지 연락했는지 설명해 주십시오.,,なぜこれまで連絡したのか説明してください。,请解释一下您为什么以这种方式联系我。,"Case metadata, character profile, dispute, evidence, solution, or evidence-viewer surface text. Party dialogue scripts are not included here."
case_surface_content_src_data_cases_generated_friend-01_evidence_e-1_.surfaceDescription,case_surface_content,src/data/cases/generated,friend-01,evidence[e-1].surfaceDescription,최수민 씨가 예비신랑에게 보낸 연락 기록이 존재한다.,There is a record of contact sent by Soo-min Choi to her prospective groom.,チェ・スミン氏が予備新郎に送った連絡記録が存在する。,有崔秀敏发给她未来新郎的联系记录。,"Case metadata, character profile, dispute, evidence, solution, or evidence-viewer surface text. Party dialogue scripts are not included here."
case_surface_content_src_data_cases_generated_friend-01_evidence_e-1_.surfaceName,case_surface_content,src/data/cases/generated,friend-01,evidence[e-1].surfaceName,연락 기록,contact history,連絡履歴,接触史,"Case metadata, character profile, dispute, evidence, solution, or evidence-viewer surface text. Party dialogue scripts are not included here."
case_surface_content_src_data_cases_generated_friend-01_evidence_e-1_.v3DepthPlan_context_.summary,case_surface_content,src/data/cases/generated,friend-01,evidence[e-1].v3DepthPlan[context].summary,다은 관련 사유와 과거 반복 암시 확인,"Next, check related reasons and hints of repetition in the past.",Daeun関連の理由と過去の繰り返しを暗示する,接下来，检查过去重复的相关原因和提示。,"Case metadata, character profile, dispute, evidence, solution, or evidence-viewer surface text. Party dialogue scripts are not included here."
case_surface_content_src_data_cases_generated_friend-01_evidence_e-1_.v3DepthPlan_established_.summary,case_surface_content,src/data/cases/generated,friend-01,evidence[e-1].v3DepthPlan[established].summary,연락 의도를 경고 가능성까지 놓고 판단한다.,The intention to contact is judged based on the possibility of warning.,連絡意図を警告の可能性まで置いて判断する。,根据警告的可能性来判断接触的意图。,"Case metadata, character profile, dispute, evidence, solution, or evidence-viewer surface text. Party dialogue scripts are not included here."
case_surface_content_src_data_cases_generated_friend-01_evidence_e-1_.v3DepthPlan_excerpt_.summary,case_surface_content,src/data/cases/generated,friend-01,evidence[e-1].v3DepthPlan[excerpt].summary,발신 횟수와 부재중 중심으로 보임,Focused on number of calls and absences,発信回数と不在中中心に見える,重点关注来电和缺勤的数量,"Case metadata, character profile, dispute, evidence, solution, or evidence-viewer surface text. Party dialogue scripts are not included here."
case_surface_content_src_data_cases_generated_friend-01_evidence_e-1_.v3DepthPlan_original_.summary,case_surface_content,src/data/cases/generated,friend-01,evidence[e-1].v3DepthPlan[original].summary,일부 문자 원문으로 사적 연락 오해를 낮춤,Reduce misunderstandings about personal contact by using the original text of some characters,一部の文字の原文で私的連絡誤解を減らす,使用部分文字的原文，减少个人接触的误会,"Case metadata, character profile, dispute, evidence, solution, or evidence-viewer surface text. Party dialogue scripts are not included here."
case_surface_content_src_data_cases_generated_friend-01_evidence_e-1_.v3DepthPlan_stub_.summary,case_surface_content,src/data/cases/generated,friend-01,evidence[e-1].v3DepthPlan[stub].summary,연락 기록 존재만 보임,Only the existence of contact records is visible.,連絡履歴の存在のみが表示される,只有联系人记录的存在是可见的。,"Case metadata, character profile, dispute, evidence, solution, or evidence-viewer surface text. Party dialogue scripts are not included here."
case_surface_content_src_data_cases_generated_friend-01_evidence_e-1_.v3TrustStates_authenticated_.label,case_surface_content,src/data/cases/generated,friend-01,evidence[e-1].v3TrustStates[authenticated].label,인증됨,,認証済み,已验证,"Case metadata, character profile, dispute, evidence, solution, or evidence-viewer surface text. Party dialogue scripts are not included here."
case_surface_content_src_data_cases_generated_friend-01_evidence_e-1_.v3TrustStates_authenticated_.summary,case_surface_content,src/data/cases/generated,friend-01,evidence[e-1].v3TrustStates[authenticated].summary,통신사 기록과 일치 확인,Verify consistency with carrier records,通信事業者の記録との一致確認,验证与承运人记录的一致性,"Case metadata, character profile, dispute, evidence, solution, or evidence-viewer surface text. Party dialogue scripts are not included here."
case_surface_content_src_data_cases_generated_friend-01_evidence_e-1_.v3TrustStates_challenged_.label,case_surface_content,src/data/cases/generated,friend-01,evidence[e-1].v3TrustStates[challenged].label,이의 제기됨,Objection raised,異議申し立て,提出异议,"Case metadata, character profile, dispute, evidence, solution, or evidence-viewer surface text. Party dialogue scripts are not included here."
case_surface_content_src_data_cases_generated_friend-01_evidence_e-1_.v3TrustStates_challenged_.summary,case_surface_content,src/data/cases/generated,friend-01,evidence[e-1].v3TrustStates[challenged].summary,최수민이 연락 의도에 대해 이의 제기,Su-min Choi disputes the intention of contact.,チェ・スミンが連絡意図について異議を申し立てる,崔秀敏对联系的意图提出异议。,"Case metadata, character profile, dispute, evidence, solution, or evidence-viewer surface text. Party dialogue scripts are not included here."
case_surface_content_src_data_cases_generated_friend-01_evidence_e-1_.v3TrustStates_misread_.label,case_surface_content,src/data/cases/generated,friend-01,evidence[e-1].v3TrustStates[misread].label,조작/오독 판정,Manipulation/misreading judgment,操作/誤読判定,操纵/误读判断,"Case metadata, character profile, dispute, evidence, solution, or evidence-viewer surface text. Party dialogue scripts are not included here."
case_surface_content_src_data_cases_generated_friend-01_evidence_e-1_.v3TrustStates_misread_.summary,case_surface_content,src/data/cases/generated,friend-01,evidence[e-1].v3TrustStates[misread].summary,집착 해석은 원문 대조가 필요하다.,Interpretation of obsession requires comparison with the original text.,執着解析は原文照合が必要である。,对痴迷的解读需要与原文进行比较。,"Case metadata, character profile, dispute, evidence, solution, or evidence-viewer surface text. Party dialogue scripts are not included here."
case_surface_content_src_data_cases_generated_friend-01_evidence_e-1_.v3TrustStates_submitted_.label,case_surface_content,src/data/cases/generated,friend-01,evidence[e-1].v3TrustStates[submitted].label,제출됨,,送信済み,已提交,"Case metadata, character profile, dispute, evidence, solution, or evidence-viewer surface text. Party dialogue scripts are not included here."
case_surface_content_src_data_cases_generated_friend-01_evidence_e-1_.v3TrustStates_submitted_.summary,case_surface_content,src/data/cases/generated,friend-01,evidence[e-1].v3TrustStates[submitted].summary,송다은이 캡처 제출,Song Da-eun submitted a capture,ソン・ダウンがキャプチャーを提出,宋多恩提交了抓拍照片,"Case metadata, character profile, dispute, evidence, solution, or evidence-viewer surface text. Party dialogue scripts are not included here."
case_surface_content_src_data_cases_generated_friend-01_evidence_e-1_.v3TrustStates_verifying_.label,case_surface_content,src/data/cases/generated,friend-01,evidence[e-1].v3TrustStates[verifying].label,검증 중,,検証中,正在验证,"Case metadata, character profile, dispute, evidence, solution, or evidence-viewer surface text. Party dialogue scripts are not included here."
case_surface_content_src_data_cases_generated_friend-01_evidence_e-1_.v3TrustStates_verifying_.summary,case_surface_content,src/data/cases/generated,friend-01,evidence[e-1].v3TrustStates[verifying].summary,원본 통화기록 대조 중,Comparing original call records,元の通話記録の照合中,对比原始通话记录,"Case metadata, character profile, dispute, evidence, solution, or evidence-viewer surface text. Party dialogue scripts are not included here."
case_surface_content_src_data_cases_generated_friend-01_evidence_e-1_.viewerData.log.note,case_surface_content,src/data/cases/generated,friend-01,evidence[e-1].viewerData.log.note,"3쪽 전체 원문에서는 “다은이 관련 이야기”, “예전에 같은 일” 같은 문구가 반복된다. 연락 의도는 예비신랑과 수민 사이의 감정 문제가 아니라 다른 사안으로 보인다.",,3ページ全体の原文では、「Dai-i関連の話」、「以前に同じこと」などのフレーズが繰り返される。連絡意図は予備新郎と水民の間の感情問題ではなく、他の事案とみられる。,第3页的原文中，重复出现了“与多恩有关的故事”、“和以前一样的事情”等短语。接触的意图似乎不仅仅是准新郎和苏敏之间的情感问题。,"Case metadata, character profile, dispute, evidence, solution, or evidence-viewer surface text. Party dialogue scripts are not included here."
case_surface_content_src_data_cases_generated_friend-01_evidence_e-1_.viewerData.log.pages_0_.label,case_surface_content,src/data/cases/generated,friend-01,evidence[e-1].viewerData.log.pages[0].label,1쪽 발신 빈도,Page 1 Sending Frequency,1ページ発信頻度,第1页 发送频率,"Case metadata, character profile, dispute, evidence, solution, or evidence-viewer surface text. Party dialogue scripts are not included here."
case_surface_content_src_data_cases_generated_friend-01_evidence_e-1_.viewerData.log.pages_0_.note,case_surface_content,src/data/cases/generated,friend-01,evidence[e-1].viewerData.log.pages[0].note,1쪽은 발신 횟수와 부재중 중심의 발췌다. 이 단계만으로는 최수민이 예비신랑에게 반복 연락한 사실만 보인다.,,1ページは発信回数と不在中中心の抜粋だ。この段階だけではチェ・スミンが予備新郎に繰り返し連絡した事実だけ見える。,第 1 页是重点关注来电和缺席数量的摘录。仅这一步就表明崔秀敏多次与她的未婚夫联系。,"Case metadata, character profile, dispute, evidence, solution, or evidence-viewer surface text. Party dialogue scripts are not included here."
case_surface_content_src_data_cases_generated_friend-01_evidence_e-1_.viewerData.log.pages_0_.rows_0_.date,case_surface_content,src/data/cases/generated,friend-01,evidence[e-1].viewerData.log.pages[0].rows[0].date,03.01 저녁,,03.01 夕方,03.01 晚上,"Case metadata, character profile, dispute, evidence, solution, or evidence-viewer surface text. Party dialogue scripts are not included here."
case_surface_content_src_data_cases_generated_friend-01_evidence_e-1_.viewerData.log.pages_0_.rows_0_.duration,case_surface_content,src/data/cases/generated,friend-01,evidence[e-1].viewerData.log.pages[0].rows[0].duration,짧게 끊김,,短く切れる,捷径,"Case metadata, character profile, dispute, evidence, solution, or evidence-viewer surface text. Party dialogue scripts are not included here."
case_surface_content_src_data_cases_generated_friend-01_evidence_e-1_.viewerData.log.pages_0_.rows_0_.target,case_surface_content,src/data/cases/generated,friend-01,evidence[e-1].viewerData.log.pages[0].rows[0].target,김○○ (예비신랑),,キム○○（予備新郎）,金○○（准新郎）,"Case metadata, character profile, dispute, evidence, solution, or evidence-viewer surface text. Party dialogue scripts are not included here."
case_surface_content_src_data_cases_generated_friend-01_evidence_e-1_.viewerData.log.pages_0_.rows_0_.typeLabel,case_surface_content,src/data/cases/generated,friend-01,evidence[e-1].viewerData.log.pages[0].rows[0].typeLabel,발신,,発信,传出,"Case metadata, character profile, dispute, evidence, solution, or evidence-viewer surface text. Party dialogue scripts are not included here."
case_surface_content_src_data_cases_generated_friend-01_evidence_e-1_.viewerData.log.pages_0_.rows_1_.date,case_surface_content,src/data/cases/generated,friend-01,evidence[e-1].viewerData.log.pages[0].rows[1].date,03.01 저녁,,03.01 夕方,03.01 晚上,"Case metadata, character profile, dispute, evidence, solution, or evidence-viewer surface text. Party dialogue scripts are not included here."
case_surface_content_src_data_cases_generated_friend-01_evidence_e-1_.viewerData.log.pages_0_.rows_1_.duration,case_surface_content,src/data/cases/generated,friend-01,evidence[e-1].viewerData.log.pages[0].rows[1].duration,통화 요청 문구,,通話要求フレーズ,呼叫请求短语,"Case metadata, character profile, dispute, evidence, solution, or evidence-viewer surface text. Party dialogue scripts are not included here."
case_surface_content_src_data_cases_generated_friend-01_evidence_e-1_.viewerData.log.pages_0_.rows_1_.target,case_surface_content,src/data/cases/generated,friend-01,evidence[e-1].viewerData.log.pages[0].rows[1].target,김○○,,キム○○,金○○,"Case metadata, character profile, dispute, evidence, solution, or evidence-viewer surface text. Party dialogue scripts are not included here."
case_surface_content_src_data_cases_generated_friend-01_evidence_e-1_.viewerData.log.pages_0_.rows_1_.typeLabel,case_surface_content,src/data/cases/generated,friend-01,evidence[e-1].viewerData.log.pages[0].rows[1].typeLabel,문자,,文字,信息,"Case metadata, character profile, dispute, evidence, solution, or evidence-viewer surface text. Party dialogue scripts are not included here."
case_surface_content_src_data_cases_generated_friend-01_evidence_e-1_.viewerData.log.pages_0_.rows_2_.date,case_surface_content,src/data/cases/generated,friend-01,evidence[e-1].viewerData.log.pages[0].rows[2].date,03.02 오전,,03.02午前,凌晨 03.02,"Case metadata, character profile, dispute, evidence, solution, or evidence-viewer surface text. Party dialogue scripts are not included here."
case_surface_content_src_data_cases_generated_friend-01_evidence_e-1_.viewerData.log.pages_0_.rows_2_.duration,case_surface_content,src/data/cases/generated,friend-01,evidence[e-1].viewerData.log.pages[0].rows[2].duration,중요한 이야기 요청,,重要な話を求める,请求重要故事,"Case metadata, character profile, dispute, evidence, solution, or evidence-viewer surface text. Party dialogue scripts are not included here."
case_surface_content_src_data_cases_generated_friend-01_evidence_e-1_.viewerData.log.pages_0_.rows_2_.target,case_surface_content,src/data/cases/generated,friend-01,evidence[e-1].viewerData.log.pages[0].rows[2].target,김○○,,キム○○,金○○,"Case metadata, character profile, dispute, evidence, solution, or evidence-viewer surface text. Party dialogue scripts are not included here."
case_surface_content_src_data_cases_generated_friend-01_evidence_e-1_.viewerData.log.pages_0_.rows_2_.typeLabel,case_surface_content,src/data/cases/generated,friend-01,evidence[e-1].viewerData.log.pages[0].rows[2].typeLabel,문자,,文字,信息,"Case metadata, character profile, dispute, evidence, solution, or evidence-viewer surface text. Party dialogue scripts are not included here."
case_surface_content_src_data_cases_generated_friend-01_evidence_e-1_.viewerData.log.pages_0_.rows_3_.date,case_surface_content,src/data/cases/generated,friend-01,evidence[e-1].viewerData.log.pages[0].rows[3].date,03.02 저녁,,03.02 夕方,03.02 晚上,"Case metadata, character profile, dispute, evidence, solution, or evidence-viewer surface text. Party dialogue scripts are not included here."
case_surface_content_src_data_cases_generated_friend-01_evidence_e-1_.viewerData.log.pages_0_.rows_3_.duration,case_surface_content,src/data/cases/generated,friend-01,evidence[e-1].viewerData.log.pages[0].rows[3].duration,부재중,,不在,缺席的,"Case metadata, character profile, dispute, evidence, solution, or evidence-viewer surface text. Party dialogue scripts are not included here."
case_surface_content_src_data_cases_generated_friend-01_evidence_e-1_.viewerData.log.pages_0_.rows_3_.target,case_surface_content,src/data/cases/generated,friend-01,evidence[e-1].viewerData.log.pages[0].rows[3].target,김○○,,キム○○,金○○,"Case metadata, character profile, dispute, evidence, solution, or evidence-viewer surface text. Party dialogue scripts are not included here."
case_surface_content_src_data_cases_generated_friend-01_evidence_e-1_.viewerData.log.pages_0_.rows_3_.typeLabel,case_surface_content,src/data/cases/generated,friend-01,evidence[e-1].viewerData.log.pages[0].rows[3].typeLabel,발신,,発信,传出,"Case metadata, character profile, dispute, evidence, solution, or evidence-viewer surface text. Party dialogue scripts are not included here."
case_surface_content_src_data_cases_generated_friend-01_evidence_e-1_.viewerData.log.pages_0_.rows_4_.date,case_surface_content,src/data/cases/generated,friend-01,evidence[e-1].viewerData.log.pages[0].rows[4].date,03.03 오전,,03.03午前,凌晨 03.03,"Case metadata, character profile, dispute, evidence, solution, or evidence-viewer surface text. Party dialogue scripts are not included here."
case_surface_content_src_data_cases_generated_friend-01_evidence_e-1_.viewerData.log.pages_0_.rows_4_.duration,case_surface_content,src/data/cases/generated,friend-01,evidence[e-1].viewerData.log.pages[0].rows[4].duration,결혼 전 확인 요청,,結婚前の確認リクエスト,结婚前要求确认,"Case metadata, character profile, dispute, evidence, solution, or evidence-viewer surface text. Party dialogue scripts are not included here."
case_surface_content_src_data_cases_generated_friend-01_evidence_e-1_.viewerData.log.pages_0_.rows_4_.target,case_surface_content,src/data/cases/generated,friend-01,evidence[e-1].viewerData.log.pages[0].rows[4].target,김○○,,キム○○,金○○,"Case metadata, character profile, dispute, evidence, solution, or evidence-viewer surface text. Party dialogue scripts are not included here."
case_surface_content_src_data_cases_generated_friend-01_evidence_e-1_.viewerData.log.pages_0_.rows_4_.typeLabel,case_surface_content,src/data/cases/generated,friend-01,evidence[e-1].viewerData.log.pages[0].rows[4].typeLabel,문자,,文字,信息,"Case metadata, character profile, dispute, evidence, solution, or evidence-viewer surface text. Party dialogue scripts are not included here."
case_surface_content_src_data_cases_generated_friend-01_evidence_e-1_.viewerData.log.pages_0_.rows_5_.date,case_surface_content,src/data/cases/generated,friend-01,evidence[e-1].viewerData.log.pages[0].rows[5].date,03.04 낮,,03.04 昼,03.04日,"Case metadata, character profile, dispute, evidence, solution, or evidence-viewer surface text. Party dialogue scripts are not included here."
case_surface_content_src_data_cases_generated_friend-01_evidence_e-1_.viewerData.log.pages_0_.rows_5_.duration,case_surface_content,src/data/cases/generated,friend-01,evidence[e-1].viewerData.log.pages[0].rows[5].duration,짧게 끊김,,短く切れる,捷径,"Case metadata, character profile, dispute, evidence, solution, or evidence-viewer surface text. Party dialogue scripts are not included here."
case_surface_content_src_data_cases_generated_friend-01_evidence_e-1_.viewerData.log.pages_0_.rows_5_.target,case_surface_content,src/data/cases/generated,friend-01,evidence[e-1].viewerData.log.pages[0].rows[5].target,김○○,,キム○○,金○○,"Case metadata, character profile, dispute, evidence, solution, or evidence-viewer surface text. Party dialogue scripts are not included here."
case_surface_content_src_data_cases_generated_friend-01_evidence_e-1_.viewerData.log.pages_0_.rows_5_.typeLabel,case_surface_content,src/data/cases/generated,friend-01,evidence[e-1].viewerData.log.pages[0].rows[5].typeLabel,발신,,発信,传出,"Case metadata, character profile, dispute, evidence, solution, or evidence-viewer surface text. Party dialogue scripts are not included here."
case_surface_content_src_data_cases_generated_friend-01_evidence_e-1_.viewerData.log.pages_0_.rows_6_.date,case_surface_content,src/data/cases/generated,friend-01,evidence[e-1].viewerData.log.pages[0].rows[6].date,03.05 밤,,03.05 夜,03.05 晚上,"Case metadata, character profile, dispute, evidence, solution, or evidence-viewer surface text. Party dialogue scripts are not included here."
case_surface_content_src_data_cases_generated_friend-01_evidence_e-1_.viewerData.log.pages_0_.rows_6_.duration,case_surface_content,src/data/cases/generated,friend-01,evidence[e-1].viewerData.log.pages[0].rows[6].duration,한 번만 만나자는 문구,,一度だけ会おうというフレーズ,只见面一次的短语,"Case metadata, character profile, dispute, evidence, solution, or evidence-viewer surface text. Party dialogue scripts are not included here."
case_surface_content_src_data_cases_generated_friend-01_evidence_e-1_.viewerData.log.pages_0_.rows_6_.target,case_surface_content,src/data/cases/generated,friend-01,evidence[e-1].viewerData.log.pages[0].rows[6].target,김○○,,キム○○,金○○,"Case metadata, character profile, dispute, evidence, solution, or evidence-viewer surface text. Party dialogue scripts are not included here."
case_surface_content_src_data_cases_generated_friend-01_evidence_e-1_.viewerData.log.pages_0_.rows_6_.typeLabel,case_surface_content,src/data/cases/generated,friend-01,evidence[e-1].viewerData.log.pages[0].rows[6].typeLabel,문자,,文字,信息,"Case metadata, character profile, dispute, evidence, solution, or evidence-viewer surface text. Party dialogue scripts are not included here."
case_surface_content_src_data_cases_generated_friend-01_evidence_e-1_.viewerData.log.pages_0_.title,case_surface_content,src/data/cases/generated,friend-01,evidence[e-1].viewerData.log.pages[0].title,최수민→예비신랑 연락 기록,Choi Soo-min → groom-to-be contact record,チェ・スミン→予備新郎連絡記録,崔秀民 → 准新郎联络记录,"Case metadata, character profile, dispute, evidence, solution, or evidence-viewer surface text. Party dialogue scripts are not included here."
case_surface_content_src_data_cases_generated_friend-01_evidence_e-1_.viewerData.log.pages_1_.label,case_surface_content,src/data/cases/generated,friend-01,evidence[e-1].viewerData.log.pages[1].label,2쪽 문구 재맥락,Page 2: Recontextualization of phrases,2ページのフレーズの再コンテキスト,第 2 页：短语的语境重构,"Case metadata, character profile, dispute, evidence, solution, or evidence-viewer surface text. Party dialogue scripts are not included here."
case_surface_content_src_data_cases_generated_friend-01_evidence_e-1_.viewerData.log.pages_1_.note,case_surface_content,src/data/cases/generated,friend-01,evidence[e-1].viewerData.log.pages[1].note,"2쪽은 일부 원문을 복원한다. 최수민이 태윤과의 사적인 문제를 따지려는 연락은 아닌 듯하지만, 정확한 목적은 아직 봉인되어 있다.",,2ページはいくつかの原文を復元します。チェ・スミンがテユンとの私的な問題を考えようとする連絡ではないようだが、正確な目的はまだ封印されている。,第2页恢复了部分原文。崔秀民与泰允的联系似乎并不是为了讨论个人问题，但具体目的仍是未知数。,"Case metadata, character profile, dispute, evidence, solution, or evidence-viewer surface text. Party dialogue scripts are not included here."
case_surface_content_src_data_cases_generated_friend-01_evidence_e-1_.viewerData.log.pages_1_.rows_0_.date,case_surface_content,src/data/cases/generated,friend-01,evidence[e-1].viewerData.log.pages[1].rows[0].date,03.01 19시대,,03.01 19時代,03.01 十九世纪,"Case metadata, character profile, dispute, evidence, solution, or evidence-viewer surface text. Party dialogue scripts are not included here."
case_surface_content_src_data_cases_generated_friend-01_evidence_e-1_.viewerData.log.pages_1_.rows_0_.duration,case_surface_content,src/data/cases/generated,friend-01,evidence[e-1].viewerData.log.pages[1].rows[0].duration,0분 12초 (끊김),,0分12秒（切）,0分12秒（中断）,"Case metadata, character profile, dispute, evidence, solution, or evidence-viewer surface text. Party dialogue scripts are not included here."
case_surface_content_src_data_cases_generated_friend-01_evidence_e-1_.viewerData.log.pages_1_.rows_0_.target,case_surface_content,src/data/cases/generated,friend-01,evidence[e-1].viewerData.log.pages[1].rows[0].target,김태○ (예비신랑),,キム・テ○（予備新郎）,金泰○（准新郎）,"Case metadata, character profile, dispute, evidence, solution, or evidence-viewer surface text. Party dialogue scripts are not included here."
case_surface_content_src_data_cases_generated_friend-01_evidence_e-1_.viewerData.log.pages_1_.rows_0_.typeLabel,case_surface_content,src/data/cases/generated,friend-01,evidence[e-1].viewerData.log.pages[1].rows[0].typeLabel,발신,,発信,传出,"Case metadata, character profile, dispute, evidence, solution, or evidence-viewer surface text. Party dialogue scripts are not included here."
case_surface_content_src_data_cases_generated_friend-01_evidence_e-1_.viewerData.log.pages_1_.rows_1_.date,case_surface_content,src/data/cases/generated,friend-01,evidence[e-1].viewerData.log.pages[1].rows[1].date,03.01 19시대,,03.01 19時代,03.01 十九世纪,"Case metadata, character profile, dispute, evidence, solution, or evidence-viewer surface text. Party dialogue scripts are not included here."
case_surface_content_src_data_cases_generated_friend-01_evidence_e-1_.viewerData.log.pages_1_.rows_1_.duration,case_surface_content,src/data/cases/generated,friend-01,evidence[e-1].viewerData.log.pages[1].rows[1].duration,"""태윤 씨, 수민입니다. 잠깐만 통화할 수 있을까요""",,「テユンさん、スミンです。ちょっと通話できますか」,“泰妍，我是Sumin。我可以和你聊聊吗？”,"Case metadata, character profile, dispute, evidence, solution, or evidence-viewer surface text. Party dialogue scripts are not included here."
case_surface_content_src_data_cases_generated_friend-01_evidence_e-1_.viewerData.log.pages_1_.rows_1_.target,case_surface_content,src/data/cases/generated,friend-01,evidence[e-1].viewerData.log.pages[1].rows[1].target,김태○,,キム・テ○,金泰○,"Case metadata, character profile, dispute, evidence, solution, or evidence-viewer surface text. Party dialogue scripts are not included here."
case_surface_content_src_data_cases_generated_friend-01_evidence_e-1_.viewerData.log.pages_1_.rows_1_.typeLabel,case_surface_content,src/data/cases/generated,friend-01,evidence[e-1].viewerData.log.pages[1].rows[1].typeLabel,문자,,文字,信息,"Case metadata, character profile, dispute, evidence, solution, or evidence-viewer surface text. Party dialogue scripts are not included here."
case_surface_content_src_data_cases_generated_friend-01_evidence_e-1_.viewerData.log.pages_1_.rows_2_.date,case_surface_content,src/data/cases/generated,friend-01,evidence[e-1].viewerData.log.pages[1].rows[2].date,03.02 10시대,,03.02 10時代,03.02 第10纪元,"Case metadata, character profile, dispute, evidence, solution, or evidence-viewer surface text. Party dialogue scripts are not included here."
case_surface_content_src_data_cases_generated_friend-01_evidence_e-1_.viewerData.log.pages_1_.rows_2_.duration,case_surface_content,src/data/cases/generated,friend-01,evidence[e-1].viewerData.log.pages[1].rows[2].duration,"""그때 저한테 선 넘은 말 한 걸 문제 삼으려는 게 아니에요""",,「その時、私に線を越えた言葉を問題にしようとするのではありません」,“我并不是想因为你当时对我说了一些越界的话而引起争议。”,"Case metadata, character profile, dispute, evidence, solution, or evidence-viewer surface text. Party dialogue scripts are not included here."
case_surface_content_src_data_cases_generated_friend-01_evidence_e-1_.viewerData.log.pages_1_.rows_2_.target,case_surface_content,src/data/cases/generated,friend-01,evidence[e-1].viewerData.log.pages[1].rows[2].target,김태○,,キム・テ○,金泰○,"Case metadata, character profile, dispute, evidence, solution, or evidence-viewer surface text. Party dialogue scripts are not included here."
case_surface_content_src_data_cases_generated_friend-01_evidence_e-1_.viewerData.log.pages_1_.rows_2_.typeLabel,case_surface_content,src/data/cases/generated,friend-01,evidence[e-1].viewerData.log.pages[1].rows[2].typeLabel,문자,,文字,信息,"Case metadata, character profile, dispute, evidence, solution, or evidence-viewer surface text. Party dialogue scripts are not included here."
case_surface_content_src_data_cases_generated_friend-01_evidence_e-1_.viewerData.log.pages_1_.rows_3_.date,case_surface_content,src/data/cases/generated,friend-01,evidence[e-1].viewerData.log.pages[1].rows[3].date,03.03 09시대,,03.03 09時代,09年3月3日,"Case metadata, character profile, dispute, evidence, solution, or evidence-viewer surface text. Party dialogue scripts are not included here."
case_surface_content_src_data_cases_generated_friend-01_evidence_e-1_.viewerData.log.pages_1_.rows_3_.duration,case_surface_content,src/data/cases/generated,friend-01,evidence[e-1].viewerData.log.pages[1].rows[3].duration,"""다른 얘기라서 전화로 설명하고 싶어요""",,「他の話なので電話で説明したい」,“这是一个不同的故事，所以我想通过电话解释一下。”,"Case metadata, character profile, dispute, evidence, solution, or evidence-viewer surface text. Party dialogue scripts are not included here."
case_surface_content_src_data_cases_generated_friend-01_evidence_e-1_.viewerData.log.pages_1_.rows_3_.target,case_surface_content,src/data/cases/generated,friend-01,evidence[e-1].viewerData.log.pages[1].rows[3].target,김태○,,キム・テ○,金泰○,"Case metadata, character profile, dispute, evidence, solution, or evidence-viewer surface text. Party dialogue scripts are not included here."
case_surface_content_src_data_cases_generated_friend-01_evidence_e-1_.viewerData.log.pages_1_.rows_3_.typeLabel,case_surface_content,src/data/cases/generated,friend-01,evidence[e-1].viewerData.log.pages[1].rows[3].typeLabel,문자,,文字,信息,"Case metadata, character profile, dispute, evidence, solution, or evidence-viewer surface text. Party dialogue scripts are not included here."
case_surface_content_src_data_cases_generated_friend-01_evidence_e-1_.viewerData.log.pages_1_.rows_4_.date,case_surface_content,src/data/cases/generated,friend-01,evidence[e-1].viewerData.log.pages[1].rows[4].date,03.04 12시대,,03.04 12時代,03.04 12岁,"Case metadata, character profile, dispute, evidence, solution, or evidence-viewer surface text. Party dialogue scripts are not included here."
case_surface_content_src_data_cases_generated_friend-01_evidence_e-1_.viewerData.log.pages_1_.rows_4_.duration,case_surface_content,src/data/cases/generated,friend-01,evidence[e-1].viewerData.log.pages[1].rows[4].duration,0분 08초 (끊김),,0分08秒（切）,0分08秒（中断）,"Case metadata, character profile, dispute, evidence, solution, or evidence-viewer surface text. Party dialogue scripts are not included here."
case_surface_content_src_data_cases_generated_friend-01_evidence_e-1_.viewerData.log.pages_1_.rows_4_.target,case_surface_content,src/data/cases/generated,friend-01,evidence[e-1].viewerData.log.pages[1].rows[4].target,김태○,,キム・テ○,金泰○,"Case metadata, character profile, dispute, evidence, solution, or evidence-viewer surface text. Party dialogue scripts are not included here."
case_surface_content_src_data_cases_generated_friend-01_evidence_e-1_.viewerData.log.pages_1_.rows_4_.typeLabel,case_surface_content,src/data/cases/generated,friend-01,evidence[e-1].viewerData.log.pages[1].rows[4].typeLabel,발신,,発信,传出,"Case metadata, character profile, dispute, evidence, solution, or evidence-viewer surface text. Party dialogue scripts are not included here."
case_surface_content_src_data_cases_generated_friend-01_evidence_e-1_.viewerData.log.pages_1_.rows_5_.date,case_surface_content,src/data/cases/generated,friend-01,evidence[e-1].viewerData.log.pages[1].rows[5].date,03.05 21시대,,03.05 21時代,03.05 21时代,"Case metadata, character profile, dispute, evidence, solution, or evidence-viewer surface text. Party dialogue scripts are not included here."
case_surface_content_src_data_cases_generated_friend-01_evidence_e-1_.viewerData.log.pages_1_.rows_5_.duration,case_surface_content,src/data/cases/generated,friend-01,evidence[e-1].viewerData.log.pages[1].rows[5].duration,"""저랑 태윤 씨 문제로 부르는 게 아니에요""",,「私とテユンさんの問題で呼ぶのではありません」,“我打电话给你不是因为我和泰妍之间的问题。”,"Case metadata, character profile, dispute, evidence, solution, or evidence-viewer surface text. Party dialogue scripts are not included here."
case_surface_content_src_data_cases_generated_friend-01_evidence_e-1_.viewerData.log.pages_1_.rows_5_.target,case_surface_content,src/data/cases/generated,friend-01,evidence[e-1].viewerData.log.pages[1].rows[5].target,김태○,,キム・テ○,金泰○,"Case metadata, character profile, dispute, evidence, solution, or evidence-viewer surface text. Party dialogue scripts are not included here."
case_surface_content_src_data_cases_generated_friend-01_evidence_e-1_.viewerData.log.pages_1_.rows_5_.typeLabel,case_surface_content,src/data/cases/generated,friend-01,evidence[e-1].viewerData.log.pages[1].rows[5].typeLabel,문자,,文字,信息,"Case metadata, character profile, dispute, evidence, solution, or evidence-viewer surface text. Party dialogue scripts are not included here."
case_surface_content_src_data_cases_generated_friend-01_evidence_e-1_.viewerData.log.pages_1_.rows_6_.date,case_surface_content,src/data/cases/generated,friend-01,evidence[e-1].viewerData.log.pages[1].rows[6].date,03.06 08시대,,03.06 08時代,08年03.06时代,"Case metadata, character profile, dispute, evidence, solution, or evidence-viewer surface text. Party dialogue scripts are not included here."
case_surface_content_src_data_cases_generated_friend-01_evidence_e-1_.viewerData.log.pages_1_.rows_6_.duration,case_surface_content,src/data/cases/generated,friend-01,evidence[e-1].viewerData.log.pages[1].rows[6].duration,1분 42초,,1分42秒,1分42秒,"Case metadata, character profile, dispute, evidence, solution, or evidence-viewer surface text. Party dialogue scripts are not included here."
case_surface_content_src_data_cases_generated_friend-01_evidence_e-1_.viewerData.log.pages_1_.rows_6_.target,case_surface_content,src/data/cases/generated,friend-01,evidence[e-1].viewerData.log.pages[1].rows[6].target,김태○,,キム・テ○,金泰○,"Case metadata, character profile, dispute, evidence, solution, or evidence-viewer surface text. Party dialogue scripts are not included here."
case_surface_content_src_data_cases_generated_friend-01_evidence_e-1_.viewerData.log.pages_1_.rows_6_.typeLabel,case_surface_content,src/data/cases/generated,friend-01,evidence[e-1].viewerData.log.pages[1].rows[6].typeLabel,발신,,発信,传出,"Case metadata, character profile, dispute, evidence, solution, or evidence-viewer surface text. Party dialogue scripts are not included here."
case_surface_content_src_data_cases_generated_friend-01_evidence_e-1_.viewerData.log.pages_1_.rows_7_.date,case_surface_content,src/data/cases/generated,friend-01,evidence[e-1].viewerData.log.pages[1].rows[7].date,03.08 17시대,,03.08 17時代,03.08 第十七纪元,"Case metadata, character profile, dispute, evidence, solution, or evidence-viewer surface text. Party dialogue scripts are not included here."
case_surface_content_src_data_cases_generated_friend-01_evidence_e-1_.viewerData.log.pages_1_.rows_7_.duration,case_surface_content,src/data/cases/generated,friend-01,evidence[e-1].viewerData.log.pages[1].rows[7].duration,"""오해할 얘기는 아닌데, 그냥 넘기면 안 될 것 같아요""",,「誤解する話じゃないけど、ただめくってはいけないと思います」,“我无意误解，但我认为我们不应该忽视它。”,"Case metadata, character profile, dispute, evidence, solution, or evidence-viewer surface text. Party dialogue scripts are not included here."
case_surface_content_src_data_cases_generated_friend-01_evidence_e-1_.viewerData.log.pages_1_.rows_7_.target,case_surface_content,src/data/cases/generated,friend-01,evidence[e-1].viewerData.log.pages[1].rows[7].target,김태○,,キム・テ○,金泰○,"Case metadata, character profile, dispute, evidence, solution, or evidence-viewer surface text. Party dialogue scripts are not included here."
case_surface_content_src_data_cases_generated_friend-01_evidence_e-1_.viewerData.log.pages_1_.rows_7_.typeLabel,case_surface_content,src/data/cases/generated,friend-01,evidence[e-1].viewerData.log.pages[1].rows[7].typeLabel,문자,,文字,信息,"Case metadata, character profile, dispute, evidence, solution, or evidence-viewer surface text. Party dialogue scripts are not included here."
case_surface_content_src_data_cases_generated_friend-01_evidence_e-1_.viewerData.log.pages_1_.rows_8_.date,case_surface_content,src/data/cases/generated,friend-01,evidence[e-1].viewerData.log.pages[1].rows[8].date,03.09 11시대,,03.09 11時代,03.09 第11纪元,"Case metadata, character profile, dispute, evidence, solution, or evidence-viewer surface text. Party dialogue scripts are not included here."
case_surface_content_src_data_cases_generated_friend-01_evidence_e-1_.viewerData.log.pages_1_.rows_8_.duration,case_surface_content,src/data/cases/generated,friend-01,evidence[e-1].viewerData.log.pages[1].rows[8].duration,부재중 (차단 추정),,不在（遮断推定）,不在办公室（假定已被阻止）,"Case metadata, character profile, dispute, evidence, solution, or evidence-viewer surface text. Party dialogue scripts are not included here."
case_surface_content_src_data_cases_generated_friend-01_evidence_e-1_.viewerData.log.pages_1_.rows_8_.target,case_surface_content,src/data/cases/generated,friend-01,evidence[e-1].viewerData.log.pages[1].rows[8].target,김태○,,キム・テ○,金泰○,"Case metadata, character profile, dispute, evidence, solution, or evidence-viewer surface text. Party dialogue scripts are not included here."
case_surface_content_src_data_cases_generated_friend-01_evidence_e-1_.viewerData.log.pages_1_.rows_8_.typeLabel,case_surface_content,src/data/cases/generated,friend-01,evidence[e-1].viewerData.log.pages[1].rows[8].typeLabel,발신,,発信,传出,"Case metadata, character profile, dispute, evidence, solution, or evidence-viewer surface text. Party dialogue scripts are not included here."
case_surface_content_src_data_cases_generated_friend-01_evidence_e-1_.viewerData.log.pages_1_.title,case_surface_content,src/data/cases/generated,friend-01,evidence[e-1].viewerData.log.pages[1].title,최수민→예비신랑 연락 기록,Choi Soo-min → groom-to-be contact record,チェ・スミン→予備新郎連絡記録,崔秀民 → 准新郎联络记录,"Case metadata, character profile, dispute, evidence, solution, or evidence-viewer surface text. Party dialogue scripts are not included here."
case_surface_content_src_data_cases_generated_friend-01_evidence_e-1_.viewerData.log.pages_2_.label,case_surface_content,src/data/cases/generated,friend-01,evidence[e-1].viewerData.log.pages[2].label,3쪽 다은 관련 사유,Reasons related to page 3,3ページダウン関連の理由,与第3页相关的原因,"Case metadata, character profile, dispute, evidence, solution, or evidence-viewer surface text. Party dialogue scripts are not included here."
case_surface_content_src_data_cases_generated_friend-01_evidence_e-1_.viewerData.log.pages_2_.note,case_surface_content,src/data/cases/generated,friend-01,evidence[e-1].viewerData.log.pages[2].note,"3쪽 전체 원문에서는 “다은이 관련 이야기”, “예전에 같은 일” 같은 문구가 반복된다. 연락 의도는 예비신랑과 수민 사이의 감정 문제가 아니라 다른 사안으로 보인다.",,3ページ全体の原文では、「Dai-i関連の話」、「以前に同じこと」などのフレーズが繰り返される。連絡意図は予備新郎と水民の間の感情問題ではなく、他の事案とみられる。,第3页的原文中，重复出现了“与多恩有关的故事”、“和以前一样的事情”等短语。接触的意图似乎不仅仅是准新郎和苏敏之间的情感问题。,"Case metadata, character profile, dispute, evidence, solution, or evidence-viewer surface text. Party dialogue scripts are not included here."
case_surface_content_src_data_cases_generated_friend-01_evidence_e-1_.viewerData.log.pages_2_.rows_0_.duration,case_surface_content,src/data/cases/generated,friend-01,evidence[e-1].viewerData.log.pages[2].rows[0].duration,0분 12초 (끊김),,0分12秒（切）,0分12秒（中断）,"Case metadata, character profile, dispute, evidence, solution, or evidence-viewer surface text. Party dialogue scripts are not included here."
case_surface_content_src_data_cases_generated_friend-01_evidence_e-1_.viewerData.log.pages_2_.rows_0_.target,case_surface_content,src/data/cases/generated,friend-01,evidence[e-1].viewerData.log.pages[2].rows[0].target,김태윤 (예비신랑),,キム・テユン（予備新郎）,金泰润（准新郎）,"Case metadata, character profile, dispute, evidence, solution, or evidence-viewer surface text. Party dialogue scripts are not included here."
case_surface_content_src_data_cases_generated_friend-01_evidence_e-1_.viewerData.log.pages_2_.rows_0_.typeLabel,case_surface_content,src/data/cases/generated,friend-01,evidence[e-1].viewerData.log.pages[2].rows[0].typeLabel,발신,,発信,传出,"Case metadata, character profile, dispute, evidence, solution, or evidence-viewer surface text. Party dialogue scripts are not included here."
case_surface_content_src_data_cases_generated_friend-01_evidence_e-1_.viewerData.log.pages_2_.rows_1_.duration,case_surface_content,src/data/cases/generated,friend-01,evidence[e-1].viewerData.log.pages[2].rows[1].duration,"""태윤 씨, 수민입니다. 잠깐만 통화할 수 있을까요""",,「テユンさん、スミンです。ちょっと通話できますか」,“泰妍，我是Sumin。我可以和你聊聊吗？”,"Case metadata, character profile, dispute, evidence, solution, or evidence-viewer surface text. Party dialogue scripts are not included here."
case_surface_content_src_data_cases_generated_friend-01_evidence_e-1_.viewerData.log.pages_2_.rows_1_.target,case_surface_content,src/data/cases/generated,friend-01,evidence[e-1].viewerData.log.pages[2].rows[1].target,김태윤,,キム・テユン,金泰润,"Case metadata, character profile, dispute, evidence, solution, or evidence-viewer surface text. Party dialogue scripts are not included here."
case_surface_content_src_data_cases_generated_friend-01_evidence_e-1_.viewerData.log.pages_2_.rows_1_.typeLabel,case_surface_content,src/data/cases/generated,friend-01,evidence[e-1].viewerData.log.pages[2].rows[1].typeLabel,문자,,文字,信息,"Case metadata, character profile, dispute, evidence, solution, or evidence-viewer surface text. Party dialogue scripts are not included here."
case_surface_content_src_data_cases_generated_friend-01_evidence_e-1_.viewerData.log.pages_2_.rows_10_.duration,case_surface_content,src/data/cases/generated,friend-01,evidence[e-1].viewerData.log.pages[2].rows[10].duration,부재중,,不在,缺席的,"Case metadata, character profile, dispute, evidence, solution, or evidence-viewer surface text. Party dialogue scripts are not included here."
case_surface_content_src_data_cases_generated_friend-01_evidence_e-1_.viewerData.log.pages_2_.rows_10_.target,case_surface_content,src/data/cases/generated,friend-01,evidence[e-1].viewerData.log.pages[2].rows[10].target,김태윤,,キム・テユン,金泰润,"Case metadata, character profile, dispute, evidence, solution, or evidence-viewer surface text. Party dialogue scripts are not included here."
case_surface_content_src_data_cases_generated_friend-01_evidence_e-1_.viewerData.log.pages_2_.rows_10_.typeLabel,case_surface_content,src/data/cases/generated,friend-01,evidence[e-1].viewerData.log.pages[2].rows[10].typeLabel,발신,,発信,传出,"Case metadata, character profile, dispute, evidence, solution, or evidence-viewer surface text. Party dialogue scripts are not included here."
case_surface_content_src_data_cases_generated_friend-01_evidence_e-1_.viewerData.log.pages_2_.rows_11_.duration,case_surface_content,src/data/cases/generated,friend-01,evidence[e-1].viewerData.log.pages[2].rows[11].duration,"""마지막으로 부탁드려요. 예전에 같은 일이 있었거든요""",,「最後にお願いします。以前は同じことがありました」,“拜托，最后一次。以前也发生过同样的事情。”,"Case metadata, character profile, dispute, evidence, solution, or evidence-viewer surface text. Party dialogue scripts are not included here."
case_surface_content_src_data_cases_generated_friend-01_evidence_e-1_.viewerData.log.pages_2_.rows_11_.target,case_surface_content,src/data/cases/generated,friend-01,evidence[e-1].viewerData.log.pages[2].rows[11].target,김태윤,,キム・テユン,金泰润,"Case metadata, character profile, dispute, evidence, solution, or evidence-viewer surface text. Party dialogue scripts are not included here."
case_surface_content_src_data_cases_generated_friend-01_evidence_e-1_.viewerData.log.pages_2_.rows_11_.typeLabel,case_surface_content,src/data/cases/generated,friend-01,evidence[e-1].viewerData.log.pages[2].rows[11].typeLabel,문자,,文字,信息,"Case metadata, character profile, dispute, evidence, solution, or evidence-viewer surface text. Party dialogue scripts are not included here."
case_surface_content_src_data_cases_generated_friend-01_evidence_e-1_.viewerData.log.pages_2_.rows_12_.duration,case_surface_content,src/data/cases/generated,friend-01,evidence[e-1].viewerData.log.pages[2].rows[12].duration,부재중 (차단 추정),,不在（遮断推定）,不在办公室（假定已被阻止）,"Case metadata, character profile, dispute, evidence, solution, or evidence-viewer surface text. Party dialogue scripts are not included here."
case_surface_content_src_data_cases_generated_friend-01_evidence_e-1_.viewerData.log.pages_2_.rows_12_.target,case_surface_content,src/data/cases/generated,friend-01,evidence[e-1].viewerData.log.pages[2].rows[12].target,김태윤,,キム・テユン,金泰润,"Case metadata, character profile, dispute, evidence, solution, or evidence-viewer surface text. Party dialogue scripts are not included here."
case_surface_content_src_data_cases_generated_friend-01_evidence_e-1_.viewerData.log.pages_2_.rows_12_.typeLabel,case_surface_content,src/data/cases/generated,friend-01,evidence[e-1].viewerData.log.pages[2].rows[12].typeLabel,발신,,発信,传出,"Case metadata, character profile, dispute, evidence, solution, or evidence-viewer surface text. Party dialogue scripts are not included here."
case_surface_content_src_data_cases_generated_friend-01_evidence_e-1_.viewerData.log.pages_2_.rows_13_.duration,case_surface_content,src/data/cases/generated,friend-01,evidence[e-1].viewerData.log.pages[2].rows[13].duration,"""차단하셨나 봐요. 다은이를 끌어들이고 싶지 않았는데 미안해요""",,「遮断されたようですね。,“我猜你屏蔽了我。很抱歉我不想让多恩卷入其中。”,"Case metadata, character profile, dispute, evidence, solution, or evidence-viewer surface text. Party dialogue scripts are not included here."
case_surface_content_src_data_cases_generated_friend-01_evidence_e-1_.viewerData.log.pages_2_.rows_13_.target,case_surface_content,src/data/cases/generated,friend-01,evidence[e-1].viewerData.log.pages[2].rows[13].target,김태윤,,キム・テユン,金泰润,"Case metadata, character profile, dispute, evidence, solution, or evidence-viewer surface text. Party dialogue scripts are not included here."
case_surface_content_src_data_cases_generated_friend-01_evidence_e-1_.viewerData.log.pages_2_.rows_13_.typeLabel,case_surface_content,src/data/cases/generated,friend-01,evidence[e-1].viewerData.log.pages[2].rows[13].typeLabel,문자,,文字,信息,"Case metadata, character profile, dispute, evidence, solution, or evidence-viewer surface text. Party dialogue scripts are not included here."
case_surface_content_src_data_cases_generated_friend-01_evidence_e-1_.viewerData.log.pages_2_.rows_2_.duration,case_surface_content,src/data/cases/generated,friend-01,evidence[e-1].viewerData.log.pages[2].rows[2].duration,"""지난번에 제게 선 넘는 농담을 한 걸 따지려는 게 아니에요. 다른 얘기예요""",,「過去に私に善を超えた冗談をしたことを問うつもりはありません。別の話です」,“我并不是想批评你上次开了一个越界的玩笑。这是一个不同的故事。”,"Case metadata, character profile, dispute, evidence, solution, or evidence-viewer surface text. Party dialogue scripts are not included here."
case_surface_content_src_data_cases_generated_friend-01_evidence_e-1_.viewerData.log.pages_2_.rows_2_.target,case_surface_content,src/data/cases/generated,friend-01,evidence[e-1].viewerData.log.pages[2].rows[2].target,김태윤,,キム・テユン,金泰润,"Case metadata, character profile, dispute, evidence, solution, or evidence-viewer surface text. Party dialogue scripts are not included here."
case_surface_content_src_data_cases_generated_friend-01_evidence_e-1_.viewerData.log.pages_2_.rows_2_.typeLabel,case_surface_content,src/data/cases/generated,friend-01,evidence[e-1].viewerData.log.pages[2].rows[2].typeLabel,문자,,文字,信息,"Case metadata, character profile, dispute, evidence, solution, or evidence-viewer surface text. Party dialogue scripts are not included here."
case_surface_content_src_data_cases_generated_friend-01_evidence_e-1_.viewerData.log.pages_2_.rows_3_.duration,case_surface_content,src/data/cases/generated,friend-01,evidence[e-1].viewerData.log.pages[2].rows[3].duration,부재중,,不在,缺席的,"Case metadata, character profile, dispute, evidence, solution, or evidence-viewer surface text. Party dialogue scripts are not included here."
case_surface_content_src_data_cases_generated_friend-01_evidence_e-1_.viewerData.log.pages_2_.rows_3_.target,case_surface_content,src/data/cases/generated,friend-01,evidence[e-1].viewerData.log.pages[2].rows[3].target,김태윤,,キム・テユン,金泰润,"Case metadata, character profile, dispute, evidence, solution, or evidence-viewer surface text. Party dialogue scripts are not included here."
case_surface_content_src_data_cases_generated_friend-01_evidence_e-1_.viewerData.log.pages_2_.rows_3_.typeLabel,case_surface_content,src/data/cases/generated,friend-01,evidence[e-1].viewerData.log.pages[2].rows[3].typeLabel,발신,,発信,传出,"Case metadata, character profile, dispute, evidence, solution, or evidence-viewer surface text. Party dialogue scripts are not included here."
case_surface_content_src_data_cases_generated_friend-01_evidence_e-1_.viewerData.log.pages_2_.rows_4_.duration,case_surface_content,src/data/cases/generated,friend-01,evidence[e-1].viewerData.log.pages[2].rows[4].duration,"""중요한 얘기가 있어요. 다은이 관련 이야기에요""",,「重要な話があります。,“我有重要的事情要说。是关于多恩的。”,"Case metadata, character profile, dispute, evidence, solution, or evidence-viewer surface text. Party dialogue scripts are not included here."
case_surface_content_src_data_cases_generated_friend-01_evidence_e-1_.viewerData.log.pages_2_.rows_4_.target,case_surface_content,src/data/cases/generated,friend-01,evidence[e-1].viewerData.log.pages[2].rows[4].target,김태윤,,キム・テユン,金泰润,"Case metadata, character profile, dispute, evidence, solution, or evidence-viewer surface text. Party dialogue scripts are not included here."
case_surface_content_src_data_cases_generated_friend-01_evidence_e-1_.viewerData.log.pages_2_.rows_4_.typeLabel,case_surface_content,src/data/cases/generated,friend-01,evidence[e-1].viewerData.log.pages[2].rows[4].typeLabel,문자,,文字,信息,"Case metadata, character profile, dispute, evidence, solution, or evidence-viewer surface text. Party dialogue scripts are not included here."
case_surface_content_src_data_cases_generated_friend-01_evidence_e-1_.viewerData.log.pages_2_.rows_5_.duration,case_surface_content,src/data/cases/generated,friend-01,evidence[e-1].viewerData.log.pages[2].rows[5].duration,0분 08초 (끊김),,0分08秒（切）,0分08秒（中断）,"Case metadata, character profile, dispute, evidence, solution, or evidence-viewer surface text. Party dialogue scripts are not included here."
case_surface_content_src_data_cases_generated_friend-01_evidence_e-1_.viewerData.log.pages_2_.rows_5_.target,case_surface_content,src/data/cases/generated,friend-01,evidence[e-1].viewerData.log.pages[2].rows[5].target,김태윤,,キム・テユン,金泰润,"Case metadata, character profile, dispute, evidence, solution, or evidence-viewer surface text. Party dialogue scripts are not included here."
case_surface_content_src_data_cases_generated_friend-01_evidence_e-1_.viewerData.log.pages_2_.rows_5_.typeLabel,case_surface_content,src/data/cases/generated,friend-01,evidence[e-1].viewerData.log.pages[2].rows[5].typeLabel,발신,,発信,传出,"Case metadata, character profile, dispute, evidence, solution, or evidence-viewer surface text. Party dialogue scripts are not included here."
case_surface_content_src_data_cases_generated_friend-01_evidence_e-1_.viewerData.log.pages_2_.rows_6_.duration,case_surface_content,src/data/cases/generated,friend-01,evidence[e-1].viewerData.log.pages[2].rows[6].duration,"""피하지 마세요. 다은이한테 지금 바로 말하기 어려워서 이러는 거예요""",,「避けてはいけません。,“别躲着我。我这样做是因为现在很难告诉多恩。”,"Case metadata, character profile, dispute, evidence, solution, or evidence-viewer surface text. Party dialogue scripts are not included here."
case_surface_content_src_data_cases_generated_friend-01_evidence_e-1_.viewerData.log.pages_2_.rows_6_.target,case_surface_content,src/data/cases/generated,friend-01,evidence[e-1].viewerData.log.pages[2].rows[6].target,김태윤,,キム・テユン,金泰润,"Case metadata, character profile, dispute, evidence, solution, or evidence-viewer surface text. Party dialogue scripts are not included here."
case_surface_content_src_data_cases_generated_friend-01_evidence_e-1_.viewerData.log.pages_2_.rows_6_.typeLabel,case_surface_content,src/data/cases/generated,friend-01,evidence[e-1].viewerData.log.pages[2].rows[6].typeLabel,문자,,文字,信息,"Case metadata, character profile, dispute, evidence, solution, or evidence-viewer surface text. Party dialogue scripts are not included here."
case_surface_content_src_data_cases_generated_friend-01_evidence_e-1_.viewerData.log.pages_2_.rows_7_.duration,case_surface_content,src/data/cases/generated,friend-01,evidence[e-1].viewerData.log.pages[2].rows[7].duration,"""한 번만 만나서 얘기하면 다 이해할 거예요""",,「一度だけ会って話したら全部理解できるんです」,“如果你见过我一次并和我交谈，你就会明白一切。”,"Case metadata, character profile, dispute, evidence, solution, or evidence-viewer surface text. Party dialogue scripts are not included here."
case_surface_content_src_data_cases_generated_friend-01_evidence_e-1_.viewerData.log.pages_2_.rows_7_.target,case_surface_content,src/data/cases/generated,friend-01,evidence[e-1].viewerData.log.pages[2].rows[7].target,김태윤,,キム・テユン,金泰润,"Case metadata, character profile, dispute, evidence, solution, or evidence-viewer surface text. Party dialogue scripts are not included here."
case_surface_content_src_data_cases_generated_friend-01_evidence_e-1_.viewerData.log.pages_2_.rows_7_.typeLabel,case_surface_content,src/data/cases/generated,friend-01,evidence[e-1].viewerData.log.pages[2].rows[7].typeLabel,문자,,文字,信息,"Case metadata, character profile, dispute, evidence, solution, or evidence-viewer surface text. Party dialogue scripts are not included here."
case_surface_content_src_data_cases_generated_friend-01_evidence_e-1_.viewerData.log.pages_2_.rows_8_.duration,case_surface_content,src/data/cases/generated,friend-01,evidence[e-1].viewerData.log.pages[2].rows[8].duration,1분 42초,,1分42秒,1分42秒,"Case metadata, character profile, dispute, evidence, solution, or evidence-viewer surface text. Party dialogue scripts are not included here."
case_surface_content_src_data_cases_generated_friend-01_evidence_e-1_.viewerData.log.pages_2_.rows_8_.target,case_surface_content,src/data/cases/generated,friend-01,evidence[e-1].viewerData.log.pages[2].rows[8].target,김태윤,,キム・テユン,金泰润,"Case metadata, character profile, dispute, evidence, solution, or evidence-viewer surface text. Party dialogue scripts are not included here."
case_surface_content_src_data_cases_generated_friend-01_evidence_e-1_.viewerData.log.pages_2_.rows_8_.typeLabel,case_surface_content,src/data/cases/generated,friend-01,evidence[e-1].viewerData.log.pages[2].rows[8].typeLabel,발신,,発信,传出,"Case metadata, character profile, dispute, evidence, solution, or evidence-viewer surface text. Party dialogue scripts are not included here."
case_surface_content_src_data_cases_generated_friend-01_evidence_e-1_.viewerData.log.pages_2_.rows_9_.duration,case_surface_content,src/data/cases/generated,friend-01,evidence[e-1].viewerData.log.pages[2].rows[9].duration,"""저도 이러고 싶지 않아요. 다은이 일이라 그냥 넘길 수 없어요""",,「私もこれをしたくありません。,“我也不想这样做。我不能因为这是多恩的工作而忽视它。”,"Case metadata, character profile, dispute, evidence, solution, or evidence-viewer surface text. Party dialogue scripts are not included here."
case_surface_content_src_data_cases_generated_friend-01_evidence_e-1_.viewerData.log.pages_2_.rows_9_.target,case_surface_content,src/data/cases/generated,friend-01,evidence[e-1].viewerData.log.pages[2].rows[9].target,김태윤,,キム・テユン,金泰润,"Case metadata, character profile, dispute, evidence, solution, or evidence-viewer surface text. Party dialogue scripts are not included here."
case_surface_content_src_data_cases_generated_friend-01_evidence_e-1_.viewerData.log.pages_2_.rows_9_.typeLabel,case_surface_content,src/data/cases/generated,friend-01,evidence[e-1].viewerData.log.pages[2].rows[9].typeLabel,문자,,文字,信息,"Case metadata, character profile, dispute, evidence, solution, or evidence-viewer surface text. Party dialogue scripts are not included here."
case_surface_content_src_data_cases_generated_friend-01_evidence_e-1_.viewerData.log.pages_2_.title,case_surface_content,src/data/cases/generated,friend-01,evidence[e-1].viewerData.log.pages[2].title,최수민→예비신랑 연락 기록,Choi Soo-min → groom-to-be contact record,チェ・スミン→予備新郎連絡記録,崔秀民 → 准新郎联络记录,"Case metadata, character profile, dispute, evidence, solution, or evidence-viewer surface text. Party dialogue scripts are not included here."
case_surface_content_src_data_cases_generated_friend-01_evidence_e-1_.viewerData.log.rows_0_.duration,case_surface_content,src/data/cases/generated,friend-01,evidence[e-1].viewerData.log.rows[0].duration,0분 12초 (끊김),,0分12秒（切）,0分12秒（中断）,"Case metadata, character profile, dispute, evidence, solution, or evidence-viewer surface text. Party dialogue scripts are not included here."
case_surface_content_src_data_cases_generated_friend-01_evidence_e-1_.viewerData.log.rows_0_.target,case_surface_content,src/data/cases/generated,friend-01,evidence[e-1].viewerData.log.rows[0].target,김태윤 (예비신랑),,キム・テユン（予備新郎）,金泰润（准新郎）,"Case metadata, character profile, dispute, evidence, solution, or evidence-viewer surface text. Party dialogue scripts are not included here."
case_surface_content_src_data_cases_generated_friend-01_evidence_e-1_.viewerData.log.rows_0_.typeLabel,case_surface_content,src/data/cases/generated,friend-01,evidence[e-1].viewerData.log.rows[0].typeLabel,발신,,発信,传出,"Case metadata, character profile, dispute, evidence, solution, or evidence-viewer surface text. Party dialogue scripts are not included here."
case_surface_content_src_data_cases_generated_friend-01_evidence_e-1_.viewerData.log.rows_1_.duration,case_surface_content,src/data/cases/generated,friend-01,evidence[e-1].viewerData.log.rows[1].duration,"""태윤 씨, 수민입니다. 잠깐만 통화할 수 있을까요""",,「テユンさん、スミンです。ちょっと通話できますか」,“泰妍，我是Sumin。我可以和你聊聊吗？”,"Case metadata, character profile, dispute, evidence, solution, or evidence-viewer surface text. Party dialogue scripts are not included here."
case_surface_content_src_data_cases_generated_friend-01_evidence_e-1_.viewerData.log.rows_1_.target,case_surface_content,src/data/cases/generated,friend-01,evidence[e-1].viewerData.log.rows[1].target,김태윤,,キム・テユン,金泰润,"Case metadata, character profile, dispute, evidence, solution, or evidence-viewer surface text. Party dialogue scripts are not included here."
case_surface_content_src_data_cases_generated_friend-01_evidence_e-1_.viewerData.log.rows_1_.typeLabel,case_surface_content,src/data/cases/generated,friend-01,evidence[e-1].viewerData.log.rows[1].typeLabel,문자,,文字,信息,"Case metadata, character profile, dispute, evidence, solution, or evidence-viewer surface text. Party dialogue scripts are not included here."
case_surface_content_src_data_cases_generated_friend-01_evidence_e-1_.viewerData.log.rows_10_.duration,case_surface_content,src/data/cases/generated,friend-01,evidence[e-1].viewerData.log.rows[10].duration,부재중,,不在,缺席的,"Case metadata, character profile, dispute, evidence, solution, or evidence-viewer surface text. Party dialogue scripts are not included here."
case_surface_content_src_data_cases_generated_friend-01_evidence_e-1_.viewerData.log.rows_10_.target,case_surface_content,src/data/cases/generated,friend-01,evidence[e-1].viewerData.log.rows[10].target,김태윤,,キム・テユン,金泰润,"Case metadata, character profile, dispute, evidence, solution, or evidence-viewer surface text. Party dialogue scripts are not included here."
case_surface_content_src_data_cases_generated_friend-01_evidence_e-1_.viewerData.log.rows_10_.typeLabel,case_surface_content,src/data/cases/generated,friend-01,evidence[e-1].viewerData.log.rows[10].typeLabel,발신,,発信,传出,"Case metadata, character profile, dispute, evidence, solution, or evidence-viewer surface text. Party dialogue scripts are not included here."
case_surface_content_src_data_cases_generated_friend-01_evidence_e-1_.viewerData.log.rows_11_.duration,case_surface_content,src/data/cases/generated,friend-01,evidence[e-1].viewerData.log.rows[11].duration,"""마지막으로 부탁드려요. 예전에 같은 일이 있었거든요""",,「最後にお願いします。以前は同じことがありました」,“拜托，最后一次。以前也发生过同样的事情。”,"Case metadata, character profile, dispute, evidence, solution, or evidence-viewer surface text. Party dialogue scripts are not included here."
case_surface_content_src_data_cases_generated_friend-01_evidence_e-1_.viewerData.log.rows_11_.target,case_surface_content,src/data/cases/generated,friend-01,evidence[e-1].viewerData.log.rows[11].target,김태윤,,キム・テユン,金泰润,"Case metadata, character profile, dispute, evidence, solution, or evidence-viewer surface text. Party dialogue scripts are not included here."
case_surface_content_src_data_cases_generated_friend-01_evidence_e-1_.viewerData.log.rows_11_.typeLabel,case_surface_content,src/data/cases/generated,friend-01,evidence[e-1].viewerData.log.rows[11].typeLabel,문자,,文字,信息,"Case metadata, character profile, dispute, evidence, solution, or evidence-viewer surface text. Party dialogue scripts are not included here."
case_surface_content_src_data_cases_generated_friend-01_evidence_e-1_.viewerData.log.rows_12_.duration,case_surface_content,src/data/cases/generated,friend-01,evidence[e-1].viewerData.log.rows[12].duration,부재중 (차단 추정),,不在（遮断推定）,不在办公室（假定已被阻止）,"Case metadata, character profile, dispute, evidence, solution, or evidence-viewer surface text. Party dialogue scripts are not included here."
case_surface_content_src_data_cases_generated_friend-01_evidence_e-1_.viewerData.log.rows_12_.target,case_surface_content,src/data/cases/generated,friend-01,evidence[e-1].viewerData.log.rows[12].target,김태윤,,キム・テユン,金泰润,"Case metadata, character profile, dispute, evidence, solution, or evidence-viewer surface text. Party dialogue scripts are not included here."
case_surface_content_src_data_cases_generated_friend-01_evidence_e-1_.viewerData.log.rows_12_.typeLabel,case_surface_content,src/data/cases/generated,friend-01,evidence[e-1].viewerData.log.rows[12].typeLabel,발신,,発信,传出,"Case metadata, character profile, dispute, evidence, solution, or evidence-viewer surface text. Party dialogue scripts are not included here."
case_surface_content_src_data_cases_generated_friend-01_evidence_e-1_.viewerData.log.rows_13_.duration,case_surface_content,src/data/cases/generated,friend-01,evidence[e-1].viewerData.log.rows[13].duration,"""차단하셨나 봐요. 다은이를 끌어들이고 싶지 않았는데 미안해요""",,「遮断されたようですね。,“我猜你屏蔽了我。很抱歉我不想让多恩卷入其中。”,"Case metadata, character profile, dispute, evidence, solution, or evidence-viewer surface text. Party dialogue scripts are not included here."
case_surface_content_src_data_cases_generated_friend-01_evidence_e-1_.viewerData.log.rows_13_.target,case_surface_content,src/data/cases/generated,friend-01,evidence[e-1].viewerData.log.rows[13].target,김태윤,,キム・テユン,金泰润,"Case metadata, character profile, dispute, evidence, solution, or evidence-viewer surface text. Party dialogue scripts are not included here."
case_surface_content_src_data_cases_generated_friend-01_evidence_e-1_.viewerData.log.rows_13_.typeLabel,case_surface_content,src/data/cases/generated,friend-01,evidence[e-1].viewerData.log.rows[13].typeLabel,문자,,文字,信息,"Case metadata, character profile, dispute, evidence, solution, or evidence-viewer surface text. Party dialogue scripts are not included here."
case_surface_content_src_data_cases_generated_friend-01_evidence_e-1_.viewerData.log.rows_2_.duration,case_surface_content,src/data/cases/generated,friend-01,evidence[e-1].viewerData.log.rows[2].duration,"""지난번에 제게 선 넘는 농담을 한 걸 따지려는 게 아니에요. 다른 얘기예요""",,「過去に私に善を超えた冗談をしたことを問うつもりはありません。別の話です」,“我并不是想批评你上次开了一个越界的玩笑。这是一个不同的故事。”,"Case metadata, character profile, dispute, evidence, solution, or evidence-viewer surface text. Party dialogue scripts are not included here."
case_surface_content_src_data_cases_generated_friend-01_evidence_e-1_.viewerData.log.rows_2_.target,case_surface_content,src/data/cases/generated,friend-01,evidence[e-1].viewerData.log.rows[2].target,김태윤,,キム・テユン,金泰润,"Case metadata, character profile, dispute, evidence, solution, or evidence-viewer surface text. Party dialogue scripts are not included here."
case_surface_content_src_data_cases_generated_friend-01_evidence_e-1_.viewerData.log.rows_2_.typeLabel,case_surface_content,src/data/cases/generated,friend-01,evidence[e-1].viewerData.log.rows[2].typeLabel,문자,,文字,信息,"Case metadata, character profile, dispute, evidence, solution, or evidence-viewer surface text. Party dialogue scripts are not included here."
case_surface_content_src_data_cases_generated_friend-01_evidence_e-1_.viewerData.log.rows_3_.duration,case_surface_content,src/data/cases/generated,friend-01,evidence[e-1].viewerData.log.rows[3].duration,부재중,,不在,缺席的,"Case metadata, character profile, dispute, evidence, solution, or evidence-viewer surface text. Party dialogue scripts are not included here."
case_surface_content_src_data_cases_generated_friend-01_evidence_e-1_.viewerData.log.rows_3_.target,case_surface_content,src/data/cases/generated,friend-01,evidence[e-1].viewerData.log.rows[3].target,김태윤,,キム・テユン,金泰润,"Case metadata, character profile, dispute, evidence, solution, or evidence-viewer surface text. Party dialogue scripts are not included here."
case_surface_content_src_data_cases_generated_friend-01_evidence_e-1_.viewerData.log.rows_3_.typeLabel,case_surface_content,src/data/cases/generated,friend-01,evidence[e-1].viewerData.log.rows[3].typeLabel,발신,,発信,传出,"Case metadata, character profile, dispute, evidence, solution, or evidence-viewer surface text. Party dialogue scripts are not included here."
case_surface_content_src_data_cases_generated_friend-01_evidence_e-1_.viewerData.log.rows_4_.duration,case_surface_content,src/data/cases/generated,friend-01,evidence[e-1].viewerData.log.rows[4].duration,"""중요한 얘기가 있어요. 다은이 관련 이야기에요""",,「重要な話があります。,“我有重要的事情要说。是关于多恩的。”,"Case metadata, character profile, dispute, evidence, solution, or evidence-viewer surface text. Party dialogue scripts are not included here."
case_surface_content_src_data_cases_generated_friend-01_evidence_e-1_.viewerData.log.rows_4_.target,case_surface_content,src/data/cases/generated,friend-01,evidence[e-1].viewerData.log.rows[4].target,김태윤,,キム・テユン,金泰润,"Case metadata, character profile, dispute, evidence, solution, or evidence-viewer surface text. Party dialogue scripts are not included here."
case_surface_content_src_data_cases_generated_friend-01_evidence_e-1_.viewerData.log.rows_4_.typeLabel,case_surface_content,src/data/cases/generated,friend-01,evidence[e-1].viewerData.log.rows[4].typeLabel,문자,,文字,信息,"Case metadata, character profile, dispute, evidence, solution, or evidence-viewer surface text. Party dialogue scripts are not included here."
case_surface_content_src_data_cases_generated_friend-01_evidence_e-1_.viewerData.log.rows_5_.duration,case_surface_content,src/data/cases/generated,friend-01,evidence[e-1].viewerData.log.rows[5].duration,0분 08초 (끊김),,0分08秒（切）,0分08秒（中断）,"Case metadata, character profile, dispute, evidence, solution, or evidence-viewer surface text. Party dialogue scripts are not included here."
case_surface_content_src_data_cases_generated_friend-01_evidence_e-1_.viewerData.log.rows_5_.target,case_surface_content,src/data/cases/generated,friend-01,evidence[e-1].viewerData.log.rows[5].target,김태윤,,キム・テユン,金泰润,"Case metadata, character profile, dispute, evidence, solution, or evidence-viewer surface text. Party dialogue scripts are not included here."
case_surface_content_src_data_cases_generated_friend-01_evidence_e-1_.viewerData.log.rows_5_.typeLabel,case_surface_content,src/data/cases/generated,friend-01,evidence[e-1].viewerData.log.rows[5].typeLabel,발신,,発信,传出,"Case metadata, character profile, dispute, evidence, solution, or evidence-viewer surface text. Party dialogue scripts are not included here."
case_surface_content_src_data_cases_generated_friend-01_evidence_e-1_.viewerData.log.rows_6_.duration,case_surface_content,src/data/cases/generated,friend-01,evidence[e-1].viewerData.log.rows[6].duration,"""피하지 마세요. 다은이한테 지금 바로 말하기 어려워서 이러는 거예요""",,「避けてはいけません。,“别躲着我。我这样做是因为现在很难告诉多恩。”,"Case metadata, character profile, dispute, evidence, solution, or evidence-viewer surface text. Party dialogue scripts are not included here."
case_surface_content_src_data_cases_generated_friend-01_evidence_e-1_.viewerData.log.rows_6_.target,case_surface_content,src/data/cases/generated,friend-01,evidence[e-1].viewerData.log.rows[6].target,김태윤,,キム・テユン,金泰润,"Case metadata, character profile, dispute, evidence, solution, or evidence-viewer surface text. Party dialogue scripts are not included here."
case_surface_content_src_data_cases_generated_friend-01_evidence_e-1_.viewerData.log.rows_6_.typeLabel,case_surface_content,src/data/cases/generated,friend-01,evidence[e-1].viewerData.log.rows[6].typeLabel,문자,,文字,信息,"Case metadata, character profile, dispute, evidence, solution, or evidence-viewer surface text. Party dialogue scripts are not included here."
case_surface_content_src_data_cases_generated_friend-01_evidence_e-1_.viewerData.log.rows_7_.duration,case_surface_content,src/data/cases/generated,friend-01,evidence[e-1].viewerData.log.rows[7].duration,"""한 번만 만나서 얘기하면 다 이해할 거예요""",,「一度だけ会って話したら全部理解できるんです」,“如果你见过我一次并和我交谈，你就会明白一切。”,"Case metadata, character profile, dispute, evidence, solution, or evidence-viewer surface text. Party dialogue scripts are not included here."
case_surface_content_src_data_cases_generated_friend-01_evidence_e-1_.viewerData.log.rows_7_.target,case_surface_content,src/data/cases/generated,friend-01,evidence[e-1].viewerData.log.rows[7].target,김태윤,,キム・テユン,金泰润,"Case metadata, character profile, dispute, evidence, solution, or evidence-viewer surface text. Party dialogue scripts are not included here."
case_surface_content_src_data_cases_generated_friend-01_evidence_e-1_.viewerData.log.rows_7_.typeLabel,case_surface_content,src/data/cases/generated,friend-01,evidence[e-1].viewerData.log.rows[7].typeLabel,문자,,文字,信息,"Case metadata, character profile, dispute, evidence, solution, or evidence-viewer surface text. Party dialogue scripts are not included here."
case_surface_content_src_data_cases_generated_friend-01_evidence_e-1_.viewerData.log.rows_8_.duration,case_surface_content,src/data/cases/generated,friend-01,evidence[e-1].viewerData.log.rows[8].duration,1분 42초,,1分42秒,1分42秒,"Case metadata, character profile, dispute, evidence, solution, or evidence-viewer surface text. Party dialogue scripts are not included here."
case_surface_content_src_data_cases_generated_friend-01_evidence_e-1_.viewerData.log.rows_8_.target,case_surface_content,src/data/cases/generated,friend-01,evidence[e-1].viewerData.log.rows[8].target,김태윤,,キム・テユン,金泰润,"Case metadata, character profile, dispute, evidence, solution, or evidence-viewer surface text. Party dialogue scripts are not included here."
case_surface_content_src_data_cases_generated_friend-01_evidence_e-1_.viewerData.log.rows_8_.typeLabel,case_surface_content,src/data/cases/generated,friend-01,evidence[e-1].viewerData.log.rows[8].typeLabel,발신,,発信,传出,"Case metadata, character profile, dispute, evidence, solution, or evidence-viewer surface text. Party dialogue scripts are not included here."
case_surface_content_src_data_cases_generated_friend-01_evidence_e-1_.viewerData.log.rows_9_.duration,case_surface_content,src/data/cases/generated,friend-01,evidence[e-1].viewerData.log.rows[9].duration,"""저도 이러고 싶지 않아요. 다은이 일이라 그냥 넘길 수 없어요""",,「私もこれをしたくありません。,“我也不想这样做。我不能因为这是多恩的工作而忽视它。”,"Case metadata, character profile, dispute, evidence, solution, or evidence-viewer surface text. Party dialogue scripts are not included here."
case_surface_content_src_data_cases_generated_friend-01_evidence_e-1_.viewerData.log.rows_9_.target,case_surface_content,src/data/cases/generated,friend-01,evidence[e-1].viewerData.log.rows[9].target,김태윤,,キム・テユン,金泰润,"Case metadata, character profile, dispute, evidence, solution, or evidence-viewer surface text. Party dialogue scripts are not included here."
case_surface_content_src_data_cases_generated_friend-01_evidence_e-1_.viewerData.log.rows_9_.typeLabel,case_surface_content,src/data/cases/generated,friend-01,evidence[e-1].viewerData.log.rows[9].typeLabel,문자,,文字,信息,"Case metadata, character profile, dispute, evidence, solution, or evidence-viewer surface text. Party dialogue scripts are not included here."
case_surface_content_src_data_cases_generated_friend-01_evidence_e-1_.viewerData.log.title,case_surface_content,src/data/cases/generated,friend-01,evidence[e-1].viewerData.log.title,최수민→예비신랑 연락 기록,Choi Soo-min → groom-to-be contact record,チェ・スミン→予備新郎連絡記録,崔秀民 → 准新郎联络记录,"Case metadata, character profile, dispute, evidence, solution, or evidence-viewer surface text. Party dialogue scripts are not included here."
case_surface_content_src_data_cases_generated_friend-01_evidence_e-1_.viewerData.meta.legalLabel,case_surface_content,src/data/cases/generated,friend-01,evidence[e-1].viewerData.meta.legalLabel,적법,,適法,合法性,"Case metadata, character profile, dispute, evidence, solution, or evidence-viewer surface text. Party dialogue scripts are not included here."
case_surface_content_src_data_cases_generated_friend-01_evidence_e-1_.viewerData.meta.name,case_surface_content,src/data/cases/generated,friend-01,evidence[e-1].viewerData.meta.name,연락 기록,contact history,連絡履歴,接触史,"Case metadata, character profile, dispute, evidence, solution, or evidence-viewer surface text. Party dialogue scripts are not included here."
case_surface_content_src_data_cases_generated_friend-01_evidence_e-1_.viewerData.meta.sourceLabel,case_surface_content,src/data/cases/generated,friend-01,evidence[e-1].viewerData.meta.sourceLabel,송다은 측,,ソンダウン側,宋多恩身边,"Case metadata, character profile, dispute, evidence, solution, or evidence-viewer surface text. Party dialogue scripts are not included here."
case_surface_content_src_data_cases_generated_friend-01_evidence_e-1_.viewerData.meta.stageLabel,case_surface_content,src/data/cases/generated,friend-01,evidence[e-1].viewerData.meta.stageLabel,3단계 — 다은 관련 사유,,ステップ3 - ダウン関連の理由,第 3 步 — 涉及的原因,"Case metadata, character profile, dispute, evidence, solution, or evidence-viewer surface text. Party dialogue scripts are not included here."
case_surface_content_src_data_cases_generated_friend-01_evidence_e-1_.viewerData.meta.trustLabel,case_surface_content,src/data/cases/generated,friend-01,evidence[e-1].viewerData.meta.trustLabel,보통,,通常,通常,"Case metadata, character profile, dispute, evidence, solution, or evidence-viewer surface text. Party dialogue scripts are not included here."
case_surface_content_src_data_cases_generated_friend-01_evidence_e-1_.viewerDataByStage.1.log.note,case_surface_content,src/data/cases/generated,friend-01,evidence[e-1].viewerDataByStage.1.log.note,1쪽은 발신 횟수와 부재중 중심의 발췌다. 이 단계만으로는 최수민이 예비신랑에게 반복 연락한 사실만 보인다.,,1ページは発信回数と不在中中心の抜粋だ。この段階だけではチェ・スミンが予備新郎に繰り返し連絡した事実だけ見える。,第 1 页是重点关注来电和缺席数量的摘录。仅这一步就表明崔秀敏多次与她的未婚夫联系。,"Case metadata, character profile, dispute, evidence, solution, or evidence-viewer surface text. Party dialogue scripts are not included here."
case_surface_content_src_data_cases_generated_friend-01_evidence_e-1_.viewerDataByStage.1.log.pages_0_.label,case_surface_content,src/data/cases/generated,friend-01,evidence[e-1].viewerDataByStage.1.log.pages[0].label,1쪽 발신 빈도,Page 1 Sending Frequency,1ページ発信頻度,第1页 发送频率,"Case metadata, character profile, dispute, evidence, solution, or evidence-viewer surface text. Party dialogue scripts are not included here."
case_surface_content_src_data_cases_generated_friend-01_evidence_e-1_.viewerDataByStage.1.log.pages_0_.note,case_surface_content,src/data/cases/generated,friend-01,evidence[e-1].viewerDataByStage.1.log.pages[0].note,1쪽은 발신 횟수와 부재중 중심의 발췌다. 이 단계만으로는 최수민이 예비신랑에게 반복 연락한 사실만 보인다.,,1ページは発信回数と不在中中心の抜粋だ。この段階だけではチェ・スミンが予備新郎に繰り返し連絡した事実だけ見える。,第 1 页是重点关注来电和缺席数量的摘录。仅这一步就表明崔秀敏多次与她的未婚夫联系。,"Case metadata, character profile, dispute, evidence, solution, or evidence-viewer surface text. Party dialogue scripts are not included here."
case_surface_content_src_data_cases_generated_friend-01_evidence_e-1_.viewerDataByStage.1.log.pages_0_.rows_0_.date,case_surface_content,src/data/cases/generated,friend-01,evidence[e-1].viewerDataByStage.1.log.pages[0].rows[0].date,03.01 저녁,,03.01 夕方,03.01 晚上,"Case metadata, character profile, dispute, evidence, solution, or evidence-viewer surface text. Party dialogue scripts are not included here."
case_surface_content_src_data_cases_generated_friend-01_evidence_e-1_.viewerDataByStage.1.log.pages_0_.rows_0_.duration,case_surface_content,src/data/cases/generated,friend-01,evidence[e-1].viewerDataByStage.1.log.pages[0].rows[0].duration,짧게 끊김,,短く切れる,捷径,"Case metadata, character profile, dispute, evidence, solution, or evidence-viewer surface text. Party dialogue scripts are not included here."
case_surface_content_src_data_cases_generated_friend-01_evidence_e-1_.viewerDataByStage.1.log.pages_0_.rows_0_.target,case_surface_content,src/data/cases/generated,friend-01,evidence[e-1].viewerDataByStage.1.log.pages[0].rows[0].target,김○○ (예비신랑),,キム○○（予備新郎）,金○○（准新郎）,"Case metadata, character profile, dispute, evidence, solution, or evidence-viewer surface text. Party dialogue scripts are not included here."
case_surface_content_src_data_cases_generated_friend-01_evidence_e-1_.viewerDataByStage.1.log.pages_0_.rows_0_.typeLabel,case_surface_content,src/data/cases/generated,friend-01,evidence[e-1].viewerDataByStage.1.log.pages[0].rows[0].typeLabel,발신,,発信,传出,"Case metadata, character profile, dispute, evidence, solution, or evidence-viewer surface text. Party dialogue scripts are not included here."
case_surface_content_src_data_cases_generated_friend-01_evidence_e-1_.viewerDataByStage.1.log.pages_0_.rows_1_.date,case_surface_content,src/data/cases/generated,friend-01,evidence[e-1].viewerDataByStage.1.log.pages[0].rows[1].date,03.01 저녁,,03.01 夕方,03.01 晚上,"Case metadata, character profile, dispute, evidence, solution, or evidence-viewer surface text. Party dialogue scripts are not included here."
case_surface_content_src_data_cases_generated_friend-01_evidence_e-1_.viewerDataByStage.1.log.pages_0_.rows_1_.duration,case_surface_content,src/data/cases/generated,friend-01,evidence[e-1].viewerDataByStage.1.log.pages[0].rows[1].duration,통화 요청 문구,,通話要求フレーズ,呼叫请求短语,"Case metadata, character profile, dispute, evidence, solution, or evidence-viewer surface text. Party dialogue scripts are not included here."
case_surface_content_src_data_cases_generated_friend-01_evidence_e-1_.viewerDataByStage.1.log.pages_0_.rows_1_.target,case_surface_content,src/data/cases/generated,friend-01,evidence[e-1].viewerDataByStage.1.log.pages[0].rows[1].target,김○○,,キム○○,金○○,"Case metadata, character profile, dispute, evidence, solution, or evidence-viewer surface text. Party dialogue scripts are not included here."
case_surface_content_src_data_cases_generated_friend-01_evidence_e-1_.viewerDataByStage.1.log.pages_0_.rows_1_.typeLabel,case_surface_content,src/data/cases/generated,friend-01,evidence[e-1].viewerDataByStage.1.log.pages[0].rows[1].typeLabel,문자,,文字,信息,"Case metadata, character profile, dispute, evidence, solution, or evidence-viewer surface text. Party dialogue scripts are not included here."
case_surface_content_src_data_cases_generated_friend-01_evidence_e-1_.viewerDataByStage.1.log.pages_0_.rows_2_.date,case_surface_content,src/data/cases/generated,friend-01,evidence[e-1].viewerDataByStage.1.log.pages[0].rows[2].date,03.02 오전,,03.02午前,凌晨 03.02,"Case metadata, character profile, dispute, evidence, solution, or evidence-viewer surface text. Party dialogue scripts are not included here."
case_surface_content_src_data_cases_generated_friend-01_evidence_e-1_.viewerDataByStage.1.log.pages_0_.rows_2_.duration,case_surface_content,src/data/cases/generated,friend-01,evidence[e-1].viewerDataByStage.1.log.pages[0].rows[2].duration,중요한 이야기 요청,,重要な話を求める,请求重要故事,"Case metadata, character profile, dispute, evidence, solution, or evidence-viewer surface text. Party dialogue scripts are not included here."
case_surface_content_src_data_cases_generated_friend-01_evidence_e-1_.viewerDataByStage.1.log.pages_0_.rows_2_.target,case_surface_content,src/data/cases/generated,friend-01,evidence[e-1].viewerDataByStage.1.log.pages[0].rows[2].target,김○○,,キム○○,金○○,"Case metadata, character profile, dispute, evidence, solution, or evidence-viewer surface text. Party dialogue scripts are not included here."
case_surface_content_src_data_cases_generated_friend-01_evidence_e-1_.viewerDataByStage.1.log.pages_0_.rows_2_.typeLabel,case_surface_content,src/data/cases/generated,friend-01,evidence[e-1].viewerDataByStage.1.log.pages[0].rows[2].typeLabel,문자,,文字,信息,"Case metadata, character profile, dispute, evidence, solution, or evidence-viewer surface text. Party dialogue scripts are not included here."
case_surface_content_src_data_cases_generated_friend-01_evidence_e-1_.viewerDataByStage.1.log.pages_0_.rows_3_.date,case_surface_content,src/data/cases/generated,friend-01,evidence[e-1].viewerDataByStage.1.log.pages[0].rows[3].date,03.02 저녁,,03.02 夕方,03.02 晚上,"Case metadata, character profile, dispute, evidence, solution, or evidence-viewer surface text. Party dialogue scripts are not included here."
case_surface_content_src_data_cases_generated_friend-01_evidence_e-1_.viewerDataByStage.1.log.pages_0_.rows_3_.duration,case_surface_content,src/data/cases/generated,friend-01,evidence[e-1].viewerDataByStage.1.log.pages[0].rows[3].duration,부재중,,不在,缺席的,"Case metadata, character profile, dispute, evidence, solution, or evidence-viewer surface text. Party dialogue scripts are not included here."
case_surface_content_src_data_cases_generated_friend-01_evidence_e-1_.viewerDataByStage.1.log.pages_0_.rows_3_.target,case_surface_content,src/data/cases/generated,friend-01,evidence[e-1].viewerDataByStage.1.log.pages[0].rows[3].target,김○○,,キム○○,金○○,"Case metadata, character profile, dispute, evidence, solution, or evidence-viewer surface text. Party dialogue scripts are not included here."
case_surface_content_src_data_cases_generated_friend-01_evidence_e-1_.viewerDataByStage.1.log.pages_0_.rows_3_.typeLabel,case_surface_content,src/data/cases/generated,friend-01,evidence[e-1].viewerDataByStage.1.log.pages[0].rows[3].typeLabel,발신,,発信,传出,"Case metadata, character profile, dispute, evidence, solution, or evidence-viewer surface text. Party dialogue scripts are not included here."
case_surface_content_src_data_cases_generated_friend-01_evidence_e-1_.viewerDataByStage.1.log.pages_0_.rows_4_.date,case_surface_content,src/data/cases/generated,friend-01,evidence[e-1].viewerDataByStage.1.log.pages[0].rows[4].date,03.03 오전,,03.03午前,凌晨 03.03,"Case metadata, character profile, dispute, evidence, solution, or evidence-viewer surface text. Party dialogue scripts are not included here."
case_surface_content_src_data_cases_generated_friend-01_evidence_e-1_.viewerDataByStage.1.log.pages_0_.rows_4_.duration,case_surface_content,src/data/cases/generated,friend-01,evidence[e-1].viewerDataByStage.1.log.pages[0].rows[4].duration,결혼 전 확인 요청,,結婚前の確認リクエスト,结婚前要求确认,"Case metadata, character profile, dispute, evidence, solution, or evidence-viewer surface text. Party dialogue scripts are not included here."
case_surface_content_src_data_cases_generated_friend-01_evidence_e-1_.viewerDataByStage.1.log.pages_0_.rows_4_.target,case_surface_content,src/data/cases/generated,friend-01,evidence[e-1].viewerDataByStage.1.log.pages[0].rows[4].target,김○○,,キム○○,金○○,"Case metadata, character profile, dispute, evidence, solution, or evidence-viewer surface text. Party dialogue scripts are not included here."
case_surface_content_src_data_cases_generated_friend-01_evidence_e-1_.viewerDataByStage.1.log.pages_0_.rows_4_.typeLabel,case_surface_content,src/data/cases/generated,friend-01,evidence[e-1].viewerDataByStage.1.log.pages[0].rows[4].typeLabel,문자,,文字,信息,"Case metadata, character profile, dispute, evidence, solution, or evidence-viewer surface text. Party dialogue scripts are not included here."
case_surface_content_src_data_cases_generated_friend-01_evidence_e-1_.viewerDataByStage.1.log.pages_0_.rows_5_.date,case_surface_content,src/data/cases/generated,friend-01,evidence[e-1].viewerDataByStage.1.log.pages[0].rows[5].date,03.04 낮,,03.04 昼,03.04日,"Case metadata, character profile, dispute, evidence, solution, or evidence-viewer surface text. Party dialogue scripts are not included here."
case_surface_content_src_data_cases_generated_friend-01_evidence_e-1_.viewerDataByStage.1.log.pages_0_.rows_5_.duration,case_surface_content,src/data/cases/generated,friend-01,evidence[e-1].viewerDataByStage.1.log.pages[0].rows[5].duration,짧게 끊김,,短く切れる,捷径,"Case metadata, character profile, dispute, evidence, solution, or evidence-viewer surface text. Party dialogue scripts are not included here."
case_surface_content_src_data_cases_generated_friend-01_evidence_e-1_.viewerDataByStage.1.log.pages_0_.rows_5_.target,case_surface_content,src/data/cases/generated,friend-01,evidence[e-1].viewerDataByStage.1.log.pages[0].rows[5].target,김○○,,キム○○,金○○,"Case metadata, character profile, dispute, evidence, solution, or evidence-viewer surface text. Party dialogue scripts are not included here."
case_surface_content_src_data_cases_generated_friend-01_evidence_e-1_.viewerDataByStage.1.log.pages_0_.rows_5_.typeLabel,case_surface_content,src/data/cases/generated,friend-01,evidence[e-1].viewerDataByStage.1.log.pages[0].rows[5].typeLabel,발신,,発信,传出,"Case metadata, character profile, dispute, evidence, solution, or evidence-viewer surface text. Party dialogue scripts are not included here."
case_surface_content_src_data_cases_generated_friend-01_evidence_e-1_.viewerDataByStage.1.log.pages_0_.rows_6_.date,case_surface_content,src/data/cases/generated,friend-01,evidence[e-1].viewerDataByStage.1.log.pages[0].rows[6].date,03.05 밤,,03.05 夜,03.05 晚上,"Case metadata, character profile, dispute, evidence, solution, or evidence-viewer surface text. Party dialogue scripts are not included here."
case_surface_content_src_data_cases_generated_friend-01_evidence_e-1_.viewerDataByStage.1.log.pages_0_.rows_6_.duration,case_surface_content,src/data/cases/generated,friend-01,evidence[e-1].viewerDataByStage.1.log.pages[0].rows[6].duration,한 번만 만나자는 문구,,一度だけ会おうというフレーズ,只见面一次的短语,"Case metadata, character profile, dispute, evidence, solution, or evidence-viewer surface text. Party dialogue scripts are not included here."
case_surface_content_src_data_cases_generated_friend-01_evidence_e-1_.viewerDataByStage.1.log.pages_0_.rows_6_.target,case_surface_content,src/data/cases/generated,friend-01,evidence[e-1].viewerDataByStage.1.log.pages[0].rows[6].target,김○○,,キム○○,金○○,"Case metadata, character profile, dispute, evidence, solution, or evidence-viewer surface text. Party dialogue scripts are not included here."
case_surface_content_src_data_cases_generated_friend-01_evidence_e-1_.viewerDataByStage.1.log.pages_0_.rows_6_.typeLabel,case_surface_content,src/data/cases/generated,friend-01,evidence[e-1].viewerDataByStage.1.log.pages[0].rows[6].typeLabel,문자,,文字,信息,"Case metadata, character profile, dispute, evidence, solution, or evidence-viewer surface text. Party dialogue scripts are not included here."
case_surface_content_src_data_cases_generated_friend-01_evidence_e-1_.viewerDataByStage.1.log.pages_0_.title,case_surface_content,src/data/cases/generated,friend-01,evidence[e-1].viewerDataByStage.1.log.pages[0].title,최수민→예비신랑 연락 기록,Choi Soo-min → groom-to-be contact record,チェ・スミン→予備新郎連絡記録,崔秀民 → 准新郎联络记录,"Case metadata, character profile, dispute, evidence, solution, or evidence-viewer surface text. Party dialogue scripts are not included here."
case_surface_content_src_data_cases_generated_friend-01_evidence_e-1_.viewerDataByStage.1.log.rows_0_.date,case_surface_content,src/data/cases/generated,friend-01,evidence[e-1].viewerDataByStage.1.log.rows[0].date,03.01 저녁,,03.01 夕方,03.01 晚上,"Case metadata, character profile, dispute, evidence, solution, or evidence-viewer surface text. Party dialogue scripts are not included here."
case_surface_content_src_data_cases_generated_friend-01_evidence_e-1_.viewerDataByStage.1.log.rows_0_.duration,case_surface_content,src/data/cases/generated,friend-01,evidence[e-1].viewerDataByStage.1.log.rows[0].duration,짧게 끊김,,短く切れる,捷径,"Case metadata, character profile, dispute, evidence, solution, or evidence-viewer surface text. Party dialogue scripts are not included here."
case_surface_content_src_data_cases_generated_friend-01_evidence_e-1_.viewerDataByStage.1.log.rows_0_.target,case_surface_content,src/data/cases/generated,friend-01,evidence[e-1].viewerDataByStage.1.log.rows[0].target,김○○ (예비신랑),,キム○○（予備新郎）,金○○（准新郎）,"Case metadata, character profile, dispute, evidence, solution, or evidence-viewer surface text. Party dialogue scripts are not included here."
case_surface_content_src_data_cases_generated_friend-01_evidence_e-1_.viewerDataByStage.1.log.rows_0_.typeLabel,case_surface_content,src/data/cases/generated,friend-01,evidence[e-1].viewerDataByStage.1.log.rows[0].typeLabel,발신,,発信,传出,"Case metadata, character profile, dispute, evidence, solution, or evidence-viewer surface text. Party dialogue scripts are not included here."
case_surface_content_src_data_cases_generated_friend-01_evidence_e-1_.viewerDataByStage.1.log.rows_1_.date,case_surface_content,src/data/cases/generated,friend-01,evidence[e-1].viewerDataByStage.1.log.rows[1].date,03.01 저녁,,03.01 夕方,03.01 晚上,"Case metadata, character profile, dispute, evidence, solution, or evidence-viewer surface text. Party dialogue scripts are not included here."
case_surface_content_src_data_cases_generated_friend-01_evidence_e-1_.viewerDataByStage.1.log.rows_1_.duration,case_surface_content,src/data/cases/generated,friend-01,evidence[e-1].viewerDataByStage.1.log.rows[1].duration,통화 요청 문구,,通話要求フレーズ,呼叫请求短语,"Case metadata, character profile, dispute, evidence, solution, or evidence-viewer surface text. Party dialogue scripts are not included here."
case_surface_content_src_data_cases_generated_friend-01_evidence_e-1_.viewerDataByStage.1.log.rows_1_.target,case_surface_content,src/data/cases/generated,friend-01,evidence[e-1].viewerDataByStage.1.log.rows[1].target,김○○,,キム○○,金○○,"Case metadata, character profile, dispute, evidence, solution, or evidence-viewer surface text. Party dialogue scripts are not included here."
case_surface_content_src_data_cases_generated_friend-01_evidence_e-1_.viewerDataByStage.1.log.rows_1_.typeLabel,case_surface_content,src/data/cases/generated,friend-01,evidence[e-1].viewerDataByStage.1.log.rows[1].typeLabel,문자,,文字,信息,"Case metadata, character profile, dispute, evidence, solution, or evidence-viewer surface text. Party dialogue scripts are not included here."
case_surface_content_src_data_cases_generated_friend-01_evidence_e-1_.viewerDataByStage.1.log.rows_2_.date,case_surface_content,src/data/cases/generated,friend-01,evidence[e-1].viewerDataByStage.1.log.rows[2].date,03.02 오전,,03.02午前,凌晨 03.02,"Case metadata, character profile, dispute, evidence, solution, or evidence-viewer surface text. Party dialogue scripts are not included here."
case_surface_content_src_data_cases_generated_friend-01_evidence_e-1_.viewerDataByStage.1.log.rows_2_.duration,case_surface_content,src/data/cases/generated,friend-01,evidence[e-1].viewerDataByStage.1.log.rows[2].duration,중요한 이야기 요청,,重要な話を求める,请求重要故事,"Case metadata, character profile, dispute, evidence, solution, or evidence-viewer surface text. Party dialogue scripts are not included here."
case_surface_content_src_data_cases_generated_friend-01_evidence_e-1_.viewerDataByStage.1.log.rows_2_.target,case_surface_content,src/data/cases/generated,friend-01,evidence[e-1].viewerDataByStage.1.log.rows[2].target,김○○,,キム○○,金○○,"Case metadata, character profile, dispute, evidence, solution, or evidence-viewer surface text. Party dialogue scripts are not included here."
case_surface_content_src_data_cases_generated_friend-01_evidence_e-1_.viewerDataByStage.1.log.rows_2_.typeLabel,case_surface_content,src/data/cases/generated,friend-01,evidence[e-1].viewerDataByStage.1.log.rows[2].typeLabel,문자,,文字,信息,"Case metadata, character profile, dispute, evidence, solution, or evidence-viewer surface text. Party dialogue scripts are not included here."
case_surface_content_src_data_cases_generated_friend-01_evidence_e-1_.viewerDataByStage.1.log.rows_3_.date,case_surface_content,src/data/cases/generated,friend-01,evidence[e-1].viewerDataByStage.1.log.rows[3].date,03.02 저녁,,03.02 夕方,03.02 晚上,"Case metadata, character profile, dispute, evidence, solution, or evidence-viewer surface text. Party dialogue scripts are not included here."
case_surface_content_src_data_cases_generated_friend-01_evidence_e-1_.viewerDataByStage.1.log.rows_3_.duration,case_surface_content,src/data/cases/generated,friend-01,evidence[e-1].viewerDataByStage.1.log.rows[3].duration,부재중,,不在,缺席的,"Case metadata, character profile, dispute, evidence, solution, or evidence-viewer surface text. Party dialogue scripts are not included here."
case_surface_content_src_data_cases_generated_friend-01_evidence_e-1_.viewerDataByStage.1.log.rows_3_.target,case_surface_content,src/data/cases/generated,friend-01,evidence[e-1].viewerDataByStage.1.log.rows[3].target,김○○,,キム○○,金○○,"Case metadata, character profile, dispute, evidence, solution, or evidence-viewer surface text. Party dialogue scripts are not included here."
case_surface_content_src_data_cases_generated_friend-01_evidence_e-1_.viewerDataByStage.1.log.rows_3_.typeLabel,case_surface_content,src/data/cases/generated,friend-01,evidence[e-1].viewerDataByStage.1.log.rows[3].typeLabel,발신,,発信,传出,"Case metadata, character profile, dispute, evidence, solution, or evidence-viewer surface text. Party dialogue scripts are not included here."
case_surface_content_src_data_cases_generated_friend-01_evidence_e-1_.viewerDataByStage.1.log.rows_4_.date,case_surface_content,src/data/cases/generated,friend-01,evidence[e-1].viewerDataByStage.1.log.rows[4].date,03.03 오전,,03.03午前,凌晨 03.03,"Case metadata, character profile, dispute, evidence, solution, or evidence-viewer surface text. Party dialogue scripts are not included here."
case_surface_content_src_data_cases_generated_friend-01_evidence_e-1_.viewerDataByStage.1.log.rows_4_.duration,case_surface_content,src/data/cases/generated,friend-01,evidence[e-1].viewerDataByStage.1.log.rows[4].duration,결혼 전 확인 요청,,結婚前の確認リクエスト,结婚前要求确认,"Case metadata, character profile, dispute, evidence, solution, or evidence-viewer surface text. Party dialogue scripts are not included here."
case_surface_content_src_data_cases_generated_friend-01_evidence_e-1_.viewerDataByStage.1.log.rows_4_.target,case_surface_content,src/data/cases/generated,friend-01,evidence[e-1].viewerDataByStage.1.log.rows[4].target,김○○,,キム○○,金○○,"Case metadata, character profile, dispute, evidence, solution, or evidence-viewer surface text. Party dialogue scripts are not included here."
case_surface_content_src_data_cases_generated_friend-01_evidence_e-1_.viewerDataByStage.1.log.rows_4_.typeLabel,case_surface_content,src/data/cases/generated,friend-01,evidence[e-1].viewerDataByStage.1.log.rows[4].typeLabel,문자,,文字,信息,"Case metadata, character profile, dispute, evidence, solution, or evidence-viewer surface text. Party dialogue scripts are not included here."
case_surface_content_src_data_cases_generated_friend-01_evidence_e-1_.viewerDataByStage.1.log.rows_5_.date,case_surface_content,src/data/cases/generated,friend-01,evidence[e-1].viewerDataByStage.1.log.rows[5].date,03.04 낮,,03.04 昼,03.04日,"Case metadata, character profile, dispute, evidence, solution, or evidence-viewer surface text. Party dialogue scripts are not included here."
case_surface_content_src_data_cases_generated_friend-01_evidence_e-1_.viewerDataByStage.1.log.rows_5_.duration,case_surface_content,src/data/cases/generated,friend-01,evidence[e-1].viewerDataByStage.1.log.rows[5].duration,짧게 끊김,,短く切れる,捷径,"Case metadata, character profile, dispute, evidence, solution, or evidence-viewer surface text. Party dialogue scripts are not included here."
case_surface_content_src_data_cases_generated_friend-01_evidence_e-1_.viewerDataByStage.1.log.rows_5_.target,case_surface_content,src/data/cases/generated,friend-01,evidence[e-1].viewerDataByStage.1.log.rows[5].target,김○○,,キム○○,金○○,"Case metadata, character profile, dispute, evidence, solution, or evidence-viewer surface text. Party dialogue scripts are not included here."
case_surface_content_src_data_cases_generated_friend-01_evidence_e-1_.viewerDataByStage.1.log.rows_5_.typeLabel,case_surface_content,src/data/cases/generated,friend-01,evidence[e-1].viewerDataByStage.1.log.rows[5].typeLabel,발신,,発信,传出,"Case metadata, character profile, dispute, evidence, solution, or evidence-viewer surface text. Party dialogue scripts are not included here."
case_surface_content_src_data_cases_generated_friend-01_evidence_e-1_.viewerDataByStage.1.log.rows_6_.date,case_surface_content,src/data/cases/generated,friend-01,evidence[e-1].viewerDataByStage.1.log.rows[6].date,03.05 밤,,03.05 夜,03.05 晚上,"Case metadata, character profile, dispute, evidence, solution, or evidence-viewer surface text. Party dialogue scripts are not included here."
case_surface_content_src_data_cases_generated_friend-01_evidence_e-1_.viewerDataByStage.1.log.rows_6_.duration,case_surface_content,src/data/cases/generated,friend-01,evidence[e-1].viewerDataByStage.1.log.rows[6].duration,한 번만 만나자는 문구,,一度だけ会おうというフレーズ,只见面一次的短语,"Case metadata, character profile, dispute, evidence, solution, or evidence-viewer surface text. Party dialogue scripts are not included here."
case_surface_content_src_data_cases_generated_friend-01_evidence_e-1_.viewerDataByStage.1.log.rows_6_.target,case_surface_content,src/data/cases/generated,friend-01,evidence[e-1].viewerDataByStage.1.log.rows[6].target,김○○,,キム○○,金○○,"Case metadata, character profile, dispute, evidence, solution, or evidence-viewer surface text. Party dialogue scripts are not included here."
case_surface_content_src_data_cases_generated_friend-01_evidence_e-1_.viewerDataByStage.1.log.rows_6_.typeLabel,case_surface_content,src/data/cases/generated,friend-01,evidence[e-1].viewerDataByStage.1.log.rows[6].typeLabel,문자,,文字,信息,"Case metadata, character profile, dispute, evidence, solution, or evidence-viewer surface text. Party dialogue scripts are not included here."
case_surface_content_src_data_cases_generated_friend-01_evidence_e-1_.viewerDataByStage.1.log.title,case_surface_content,src/data/cases/generated,friend-01,evidence[e-1].viewerDataByStage.1.log.title,최수민→예비신랑 연락 기록,Choi Soo-min → groom-to-be contact record,チェ・スミン→予備新郎連絡記録,崔秀民 → 准新郎联络记录,"Case metadata, character profile, dispute, evidence, solution, or evidence-viewer surface text. Party dialogue scripts are not included here."
case_surface_content_src_data_cases_generated_friend-01_evidence_e-1_.viewerDataByStage.1.meta.legalLabel,case_surface_content,src/data/cases/generated,friend-01,evidence[e-1].viewerDataByStage.1.meta.legalLabel,적법,,適法,合法性,"Case metadata, character profile, dispute, evidence, solution, or evidence-viewer surface text. Party dialogue scripts are not included here."
case_surface_content_src_data_cases_generated_friend-01_evidence_e-1_.viewerDataByStage.1.meta.name,case_surface_content,src/data/cases/generated,friend-01,evidence[e-1].viewerDataByStage.1.meta.name,연락 기록,contact history,連絡履歴,接触史,"Case metadata, character profile, dispute, evidence, solution, or evidence-viewer surface text. Party dialogue scripts are not included here."
case_surface_content_src_data_cases_generated_friend-01_evidence_e-1_.viewerDataByStage.1.meta.redactions_0,case_surface_content,src/data/cases/generated,friend-01,evidence[e-1].viewerDataByStage.1.meta.redactions[0],수신자 이름 일부 마스킹,,受信者名 一部のマスキング,屏蔽部分收件人姓名,"Case metadata, character profile, dispute, evidence, solution, or evidence-viewer surface text. Party dialogue scripts are not included here."
case_surface_content_src_data_cases_generated_friend-01_evidence_e-1_.viewerDataByStage.1.meta.redactions_1,case_surface_content,src/data/cases/generated,friend-01,evidence[e-1].viewerDataByStage.1.meta.redactions[1],문자 원문 축약,,文字原文の短縮,原文缩写,"Case metadata, character profile, dispute, evidence, solution, or evidence-viewer surface text. Party dialogue scripts are not included here."
case_surface_content_src_data_cases_generated_friend-01_evidence_e-1_.viewerDataByStage.1.meta.sourceLabel,case_surface_content,src/data/cases/generated,friend-01,evidence[e-1].viewerDataByStage.1.meta.sourceLabel,송다은 측,,ソンダウン側,宋多恩身边,"Case metadata, character profile, dispute, evidence, solution, or evidence-viewer surface text. Party dialogue scripts are not included here."
case_surface_content_src_data_cases_generated_friend-01_evidence_e-1_.viewerDataByStage.1.meta.stageLabel,case_surface_content,src/data/cases/generated,friend-01,evidence[e-1].viewerDataByStage.1.meta.stageLabel,1단계 — 발신 빈도,,ステップ1 - 発信頻度,步骤 1 — 发送频率,"Case metadata, character profile, dispute, evidence, solution, or evidence-viewer surface text. Party dialogue scripts are not included here."
case_surface_content_src_data_cases_generated_friend-01_evidence_e-1_.viewerDataByStage.1.meta.trustLabel,case_surface_content,src/data/cases/generated,friend-01,evidence[e-1].viewerDataByStage.1.meta.trustLabel,보통,,通常,通常,"Case metadata, character profile, dispute, evidence, solution, or evidence-viewer surface text. Party dialogue scripts are not included here."
case_surface_content_src_data_cases_generated_friend-01_evidence_e-1_.viewerDataByStage.2.log.note,case_surface_content,src/data/cases/generated,friend-01,evidence[e-1].viewerDataByStage.2.log.note,"2쪽은 일부 원문을 복원한다. 최수민이 태윤과의 사적인 문제를 따지려는 연락은 아닌 듯하지만, 정확한 목적은 아직 봉인되어 있다.",,2ページはいくつかの原文を復元します。チェ・スミンがテユンとの私的な問題を考えようとする連絡ではないようだが、正確な目的はまだ封印されている。,第2页恢复了部分原文。崔秀民与泰允的联系似乎并不是为了讨论个人问题，但具体目的仍是未知数。,"Case metadata, character profile, dispute, evidence, solution, or evidence-viewer surface text. Party dialogue scripts are not included here."
case_surface_content_src_data_cases_generated_friend-01_evidence_e-1_.viewerDataByStage.2.log.pages_0_.label,case_surface_content,src/data/cases/generated,friend-01,evidence[e-1].viewerDataByStage.2.log.pages[0].label,1쪽 발신 빈도,Page 1 Sending Frequency,1ページ発信頻度,第1页 发送频率,"Case metadata, character profile, dispute, evidence, solution, or evidence-viewer surface text. Party dialogue scripts are not included here."
case_surface_content_src_data_cases_generated_friend-01_evidence_e-1_.viewerDataByStage.2.log.pages_0_.note,case_surface_content,src/data/cases/generated,friend-01,evidence[e-1].viewerDataByStage.2.log.pages[0].note,1쪽은 발신 횟수와 부재중 중심의 발췌다. 이 단계만으로는 최수민이 예비신랑에게 반복 연락한 사실만 보인다.,,1ページは発信回数と不在中中心の抜粋だ。この段階だけではチェ・スミンが予備新郎に繰り返し連絡した事実だけ見える。,第 1 页是重点关注来电和缺席数量的摘录。仅这一步就表明崔秀敏多次与她的未婚夫联系。,"Case metadata, character profile, dispute, evidence, solution, or evidence-viewer surface text. Party dialogue scripts are not included here."
case_surface_content_src_data_cases_generated_friend-01_evidence_e-1_.viewerDataByStage.2.log.pages_0_.rows_0_.date,case_surface_content,src/data/cases/generated,friend-01,evidence[e-1].viewerDataByStage.2.log.pages[0].rows[0].date,03.01 저녁,,03.01 夕方,03.01 晚上,"Case metadata, character profile, dispute, evidence, solution, or evidence-viewer surface text. Party dialogue scripts are not included here."
case_surface_content_src_data_cases_generated_friend-01_evidence_e-1_.viewerDataByStage.2.log.pages_0_.rows_0_.duration,case_surface_content,src/data/cases/generated,friend-01,evidence[e-1].viewerDataByStage.2.log.pages[0].rows[0].duration,짧게 끊김,,短く切れる,捷径,"Case metadata, character profile, dispute, evidence, solution, or evidence-viewer surface text. Party dialogue scripts are not included here."
case_surface_content_src_data_cases_generated_friend-01_evidence_e-1_.viewerDataByStage.2.log.pages_0_.rows_0_.target,case_surface_content,src/data/cases/generated,friend-01,evidence[e-1].viewerDataByStage.2.log.pages[0].rows[0].target,김○○ (예비신랑),,キム○○（予備新郎）,金○○（准新郎）,"Case metadata, character profile, dispute, evidence, solution, or evidence-viewer surface text. Party dialogue scripts are not included here."
case_surface_content_src_data_cases_generated_friend-01_evidence_e-1_.viewerDataByStage.2.log.pages_0_.rows_0_.typeLabel,case_surface_content,src/data/cases/generated,friend-01,evidence[e-1].viewerDataByStage.2.log.pages[0].rows[0].typeLabel,발신,,発信,传出,"Case metadata, character profile, dispute, evidence, solution, or evidence-viewer surface text. Party dialogue scripts are not included here."
case_surface_content_src_data_cases_generated_friend-01_evidence_e-1_.viewerDataByStage.2.log.pages_0_.rows_1_.date,case_surface_content,src/data/cases/generated,friend-01,evidence[e-1].viewerDataByStage.2.log.pages[0].rows[1].date,03.01 저녁,,03.01 夕方,03.01 晚上,"Case metadata, character profile, dispute, evidence, solution, or evidence-viewer surface text. Party dialogue scripts are not included here."
case_surface_content_src_data_cases_generated_friend-01_evidence_e-1_.viewerDataByStage.2.log.pages_0_.rows_1_.duration,case_surface_content,src/data/cases/generated,friend-01,evidence[e-1].viewerDataByStage.2.log.pages[0].rows[1].duration,통화 요청 문구,,通話要求フレーズ,呼叫请求短语,"Case metadata, character profile, dispute, evidence, solution, or evidence-viewer surface text. Party dialogue scripts are not included here."
case_surface_content_src_data_cases_generated_friend-01_evidence_e-1_.viewerDataByStage.2.log.pages_0_.rows_1_.target,case_surface_content,src/data/cases/generated,friend-01,evidence[e-1].viewerDataByStage.2.log.pages[0].rows[1].target,김○○,,キム○○,金○○,"Case metadata, character profile, dispute, evidence, solution, or evidence-viewer surface text. Party dialogue scripts are not included here."
case_surface_content_src_data_cases_generated_friend-01_evidence_e-1_.viewerDataByStage.2.log.pages_0_.rows_1_.typeLabel,case_surface_content,src/data/cases/generated,friend-01,evidence[e-1].viewerDataByStage.2.log.pages[0].rows[1].typeLabel,문자,,文字,信息,"Case metadata, character profile, dispute, evidence, solution, or evidence-viewer surface text. Party dialogue scripts are not included here."
case_surface_content_src_data_cases_generated_friend-01_evidence_e-1_.viewerDataByStage.2.log.pages_0_.rows_2_.date,case_surface_content,src/data/cases/generated,friend-01,evidence[e-1].viewerDataByStage.2.log.pages[0].rows[2].date,03.02 오전,,03.02午前,凌晨 03.02,"Case metadata, character profile, dispute, evidence, solution, or evidence-viewer surface text. Party dialogue scripts are not included here."
case_surface_content_src_data_cases_generated_friend-01_evidence_e-1_.viewerDataByStage.2.log.pages_0_.rows_2_.duration,case_surface_content,src/data/cases/generated,friend-01,evidence[e-1].viewerDataByStage.2.log.pages[0].rows[2].duration,중요한 이야기 요청,,重要な話を求める,请求重要故事,"Case metadata, character profile, dispute, evidence, solution, or evidence-viewer surface text. Party dialogue scripts are not included here."
case_surface_content_src_data_cases_generated_friend-01_evidence_e-1_.viewerDataByStage.2.log.pages_0_.rows_2_.target,case_surface_content,src/data/cases/generated,friend-01,evidence[e-1].viewerDataByStage.2.log.pages[0].rows[2].target,김○○,,キム○○,金○○,"Case metadata, character profile, dispute, evidence, solution, or evidence-viewer surface text. Party dialogue scripts are not included here."
case_surface_content_src_data_cases_generated_friend-01_evidence_e-1_.viewerDataByStage.2.log.pages_0_.rows_2_.typeLabel,case_surface_content,src/data/cases/generated,friend-01,evidence[e-1].viewerDataByStage.2.log.pages[0].rows[2].typeLabel,문자,,文字,信息,"Case metadata, character profile, dispute, evidence, solution, or evidence-viewer surface text. Party dialogue scripts are not included here."
case_surface_content_src_data_cases_generated_friend-01_evidence_e-1_.viewerDataByStage.2.log.pages_0_.rows_3_.date,case_surface_content,src/data/cases/generated,friend-01,evidence[e-1].viewerDataByStage.2.log.pages[0].rows[3].date,03.02 저녁,,03.02 夕方,03.02 晚上,"Case metadata, character profile, dispute, evidence, solution, or evidence-viewer surface text. Party dialogue scripts are not included here."
case_surface_content_src_data_cases_generated_friend-01_evidence_e-1_.viewerDataByStage.2.log.pages_0_.rows_3_.duration,case_surface_content,src/data/cases/generated,friend-01,evidence[e-1].viewerDataByStage.2.log.pages[0].rows[3].duration,부재중,,不在,缺席的,"Case metadata, character profile, dispute, evidence, solution, or evidence-viewer surface text. Party dialogue scripts are not included here."
case_surface_content_src_data_cases_generated_friend-01_evidence_e-1_.viewerDataByStage.2.log.pages_0_.rows_3_.target,case_surface_content,src/data/cases/generated,friend-01,evidence[e-1].viewerDataByStage.2.log.pages[0].rows[3].target,김○○,,キム○○,金○○,"Case metadata, character profile, dispute, evidence, solution, or evidence-viewer surface text. Party dialogue scripts are not included here."
case_surface_content_src_data_cases_generated_friend-01_evidence_e-1_.viewerDataByStage.2.log.pages_0_.rows_3_.typeLabel,case_surface_content,src/data/cases/generated,friend-01,evidence[e-1].viewerDataByStage.2.log.pages[0].rows[3].typeLabel,발신,,発信,传出,"Case metadata, character profile, dispute, evidence, solution, or evidence-viewer surface text. Party dialogue scripts are not included here."
case_surface_content_src_data_cases_generated_friend-01_evidence_e-1_.viewerDataByStage.2.log.pages_0_.rows_4_.date,case_surface_content,src/data/cases/generated,friend-01,evidence[e-1].viewerDataByStage.2.log.pages[0].rows[4].date,03.03 오전,,03.03午前,凌晨 03.03,"Case metadata, character profile, dispute, evidence, solution, or evidence-viewer surface text. Party dialogue scripts are not included here."
case_surface_content_src_data_cases_generated_friend-01_evidence_e-1_.viewerDataByStage.2.log.pages_0_.rows_4_.duration,case_surface_content,src/data/cases/generated,friend-01,evidence[e-1].viewerDataByStage.2.log.pages[0].rows[4].duration,결혼 전 확인 요청,,結婚前の確認リクエスト,结婚前要求确认,"Case metadata, character profile, dispute, evidence, solution, or evidence-viewer surface text. Party dialogue scripts are not included here."
case_surface_content_src_data_cases_generated_friend-01_evidence_e-1_.viewerDataByStage.2.log.pages_0_.rows_4_.target,case_surface_content,src/data/cases/generated,friend-01,evidence[e-1].viewerDataByStage.2.log.pages[0].rows[4].target,김○○,,キム○○,金○○,"Case metadata, character profile, dispute, evidence, solution, or evidence-viewer surface text. Party dialogue scripts are not included here."
case_surface_content_src_data_cases_generated_friend-01_evidence_e-1_.viewerDataByStage.2.log.pages_0_.rows_4_.typeLabel,case_surface_content,src/data/cases/generated,friend-01,evidence[e-1].viewerDataByStage.2.log.pages[0].rows[4].typeLabel,문자,,文字,信息,"Case metadata, character profile, dispute, evidence, solution, or evidence-viewer surface text. Party dialogue scripts are not included here."
case_surface_content_src_data_cases_generated_friend-01_evidence_e-1_.viewerDataByStage.2.log.pages_0_.rows_5_.date,case_surface_content,src/data/cases/generated,friend-01,evidence[e-1].viewerDataByStage.2.log.pages[0].rows[5].date,03.04 낮,,03.04 昼,03.04日,"Case metadata, character profile, dispute, evidence, solution, or evidence-viewer surface text. Party dialogue scripts are not included here."
case_surface_content_src_data_cases_generated_friend-01_evidence_e-1_.viewerDataByStage.2.log.pages_0_.rows_5_.duration,case_surface_content,src/data/cases/generated,friend-01,evidence[e-1].viewerDataByStage.2.log.pages[0].rows[5].duration,짧게 끊김,,短く切れる,捷径,"Case metadata, character profile, dispute, evidence, solution, or evidence-viewer surface text. Party dialogue scripts are not included here."
case_surface_content_src_data_cases_generated_friend-01_evidence_e-1_.viewerDataByStage.2.log.pages_0_.rows_5_.target,case_surface_content,src/data/cases/generated,friend-01,evidence[e-1].viewerDataByStage.2.log.pages[0].rows[5].target,김○○,,キム○○,金○○,"Case metadata, character profile, dispute, evidence, solution, or evidence-viewer surface text. Party dialogue scripts are not included here."
case_surface_content_src_data_cases_generated_friend-01_evidence_e-1_.viewerDataByStage.2.log.pages_0_.rows_5_.typeLabel,case_surface_content,src/data/cases/generated,friend-01,evidence[e-1].viewerDataByStage.2.log.pages[0].rows[5].typeLabel,발신,,発信,传出,"Case metadata, character profile, dispute, evidence, solution, or evidence-viewer surface text. Party dialogue scripts are not included here."
case_surface_content_src_data_cases_generated_friend-01_evidence_e-1_.viewerDataByStage.2.log.pages_0_.rows_6_.date,case_surface_content,src/data/cases/generated,friend-01,evidence[e-1].viewerDataByStage.2.log.pages[0].rows[6].date,03.05 밤,,03.05 夜,03.05 晚上,"Case metadata, character profile, dispute, evidence, solution, or evidence-viewer surface text. Party dialogue scripts are not included here."
case_surface_content_src_data_cases_generated_friend-01_evidence_e-1_.viewerDataByStage.2.log.pages_0_.rows_6_.duration,case_surface_content,src/data/cases/generated,friend-01,evidence[e-1].viewerDataByStage.2.log.pages[0].rows[6].duration,한 번만 만나자는 문구,,一度だけ会おうというフレーズ,只见面一次的短语,"Case metadata, character profile, dispute, evidence, solution, or evidence-viewer surface text. Party dialogue scripts are not included here."
case_surface_content_src_data_cases_generated_friend-01_evidence_e-1_.viewerDataByStage.2.log.pages_0_.rows_6_.target,case_surface_content,src/data/cases/generated,friend-01,evidence[e-1].viewerDataByStage.2.log.pages[0].rows[6].target,김○○,,キム○○,金○○,"Case metadata, character profile, dispute, evidence, solution, or evidence-viewer surface text. Party dialogue scripts are not included here."
case_surface_content_src_data_cases_generated_friend-01_evidence_e-1_.viewerDataByStage.2.log.pages_0_.rows_6_.typeLabel,case_surface_content,src/data/cases/generated,friend-01,evidence[e-1].viewerDataByStage.2.log.pages[0].rows[6].typeLabel,문자,,文字,信息,"Case metadata, character profile, dispute, evidence, solution, or evidence-viewer surface text. Party dialogue scripts are not included here."
case_surface_content_src_data_cases_generated_friend-01_evidence_e-1_.viewerDataByStage.2.log.pages_0_.title,case_surface_content,src/data/cases/generated,friend-01,evidence[e-1].viewerDataByStage.2.log.pages[0].title,최수민→예비신랑 연락 기록,Choi Soo-min → groom-to-be contact record,チェ・スミン→予備新郎連絡記録,崔秀民 → 准新郎联络记录,"Case metadata, character profile, dispute, evidence, solution, or evidence-viewer surface text. Party dialogue scripts are not included here."
case_surface_content_src_data_cases_generated_friend-01_evidence_e-1_.viewerDataByStage.2.log.pages_1_.label,case_surface_content,src/data/cases/generated,friend-01,evidence[e-1].viewerDataByStage.2.log.pages[1].label,2쪽 문구 재맥락,Page 2: Recontextualization of phrases,2ページのフレーズの再コンテキスト,第 2 页：短语的语境重构,"Case metadata, character profile, dispute, evidence, solution, or evidence-viewer surface text. Party dialogue scripts are not included here."
case_surface_content_src_data_cases_generated_friend-01_evidence_e-1_.viewerDataByStage.2.log.pages_1_.note,case_surface_content,src/data/cases/generated,friend-01,evidence[e-1].viewerDataByStage.2.log.pages[1].note,"2쪽은 일부 원문을 복원한다. 최수민이 태윤과의 사적인 문제를 따지려는 연락은 아닌 듯하지만, 정확한 목적은 아직 봉인되어 있다.",,2ページはいくつかの原文を復元します。チェ・スミンがテユンとの私的な問題を考えようとする連絡ではないようだが、正確な目的はまだ封印されている。,第2页恢复了部分原文。崔秀民与泰允的联系似乎并不是为了讨论个人问题，但具体目的仍是未知数。,"Case metadata, character profile, dispute, evidence, solution, or evidence-viewer surface text. Party dialogue scripts are not included here."
case_surface_content_src_data_cases_generated_friend-01_evidence_e-1_.viewerDataByStage.2.log.pages_1_.rows_0_.date,case_surface_content,src/data/cases/generated,friend-01,evidence[e-1].viewerDataByStage.2.log.pages[1].rows[0].date,03.01 19시대,,03.01 19時代,03.01 十九世纪,"Case metadata, character profile, dispute, evidence, solution, or evidence-viewer surface text. Party dialogue scripts are not included here."
case_surface_content_src_data_cases_generated_friend-01_evidence_e-1_.viewerDataByStage.2.log.pages_1_.rows_0_.duration,case_surface_content,src/data/cases/generated,friend-01,evidence[e-1].viewerDataByStage.2.log.pages[1].rows[0].duration,0분 12초 (끊김),,0分12秒（切）,0分12秒（中断）,"Case metadata, character profile, dispute, evidence, solution, or evidence-viewer surface text. Party dialogue scripts are not included here."
case_surface_content_src_data_cases_generated_friend-01_evidence_e-1_.viewerDataByStage.2.log.pages_1_.rows_0_.target,case_surface_content,src/data/cases/generated,friend-01,evidence[e-1].viewerDataByStage.2.log.pages[1].rows[0].target,김태○ (예비신랑),,キム・テ○（予備新郎）,金泰○（准新郎）,"Case metadata, character profile, dispute, evidence, solution, or evidence-viewer surface text. Party dialogue scripts are not included here."
case_surface_content_src_data_cases_generated_friend-01_evidence_e-1_.viewerDataByStage.2.log.pages_1_.rows_0_.typeLabel,case_surface_content,src/data/cases/generated,friend-01,evidence[e-1].viewerDataByStage.2.log.pages[1].rows[0].typeLabel,발신,,発信,传出,"Case metadata, character profile, dispute, evidence, solution, or evidence-viewer surface text. Party dialogue scripts are not included here."
case_surface_content_src_data_cases_generated_friend-01_evidence_e-1_.viewerDataByStage.2.log.pages_1_.rows_1_.date,case_surface_content,src/data/cases/generated,friend-01,evidence[e-1].viewerDataByStage.2.log.pages[1].rows[1].date,03.01 19시대,,03.01 19時代,03.01 十九世纪,"Case metadata, character profile, dispute, evidence, solution, or evidence-viewer surface text. Party dialogue scripts are not included here."
case_surface_content_src_data_cases_generated_friend-01_evidence_e-1_.viewerDataByStage.2.log.pages_1_.rows_1_.duration,case_surface_content,src/data/cases/generated,friend-01,evidence[e-1].viewerDataByStage.2.log.pages[1].rows[1].duration,"""태윤 씨, 수민입니다. 잠깐만 통화할 수 있을까요""",,「テユンさん、スミンです。ちょっと通話できますか」,“泰妍，我是Sumin。我可以和你聊聊吗？”,"Case metadata, character profile, dispute, evidence, solution, or evidence-viewer surface text. Party dialogue scripts are not included here."
case_surface_content_src_data_cases_generated_friend-01_evidence_e-1_.viewerDataByStage.2.log.pages_1_.rows_1_.target,case_surface_content,src/data/cases/generated,friend-01,evidence[e-1].viewerDataByStage.2.log.pages[1].rows[1].target,김태○,,キム・テ○,金泰○,"Case metadata, character profile, dispute, evidence, solution, or evidence-viewer surface text. Party dialogue scripts are not included here."
case_surface_content_src_data_cases_generated_friend-01_evidence_e-1_.viewerDataByStage.2.log.pages_1_.rows_1_.typeLabel,case_surface_content,src/data/cases/generated,friend-01,evidence[e-1].viewerDataByStage.2.log.pages[1].rows[1].typeLabel,문자,,文字,信息,"Case metadata, character profile, dispute, evidence, solution, or evidence-viewer surface text. Party dialogue scripts are not included here."
case_surface_content_src_data_cases_generated_friend-01_evidence_e-1_.viewerDataByStage.2.log.pages_1_.rows_2_.date,case_surface_content,src/data/cases/generated,friend-01,evidence[e-1].viewerDataByStage.2.log.pages[1].rows[2].date,03.02 10시대,,03.02 10時代,03.02 第10纪元,"Case metadata, character profile, dispute, evidence, solution, or evidence-viewer surface text. Party dialogue scripts are not included here."
case_surface_content_src_data_cases_generated_friend-01_evidence_e-1_.viewerDataByStage.2.log.pages_1_.rows_2_.duration,case_surface_content,src/data/cases/generated,friend-01,evidence[e-1].viewerDataByStage.2.log.pages[1].rows[2].duration,"""그때 저한테 선 넘은 말 한 걸 문제 삼으려는 게 아니에요""",,「その時、私に線を越えた言葉を問題にしようとするのではありません」,“我并不是想因为你当时对我说了一些越界的话而引起争议。”,"Case metadata, character profile, dispute, evidence, solution, or evidence-viewer surface text. Party dialogue scripts are not included here."
case_surface_content_src_data_cases_generated_friend-01_evidence_e-1_.viewerDataByStage.2.log.pages_1_.rows_2_.target,case_surface_content,src/data/cases/generated,friend-01,evidence[e-1].viewerDataByStage.2.log.pages[1].rows[2].target,김태○,,キム・テ○,金泰○,"Case metadata, character profile, dispute, evidence, solution, or evidence-viewer surface text. Party dialogue scripts are not included here."
case_surface_content_src_data_cases_generated_friend-01_evidence_e-1_.viewerDataByStage.2.log.pages_1_.rows_2_.typeLabel,case_surface_content,src/data/cases/generated,friend-01,evidence[e-1].viewerDataByStage.2.log.pages[1].rows[2].typeLabel,문자,,文字,信息,"Case metadata, character profile, dispute, evidence, solution, or evidence-viewer surface text. Party dialogue scripts are not included here."
case_surface_content_src_data_cases_generated_friend-01_evidence_e-1_.viewerDataByStage.2.log.pages_1_.rows_3_.date,case_surface_content,src/data/cases/generated,friend-01,evidence[e-1].viewerDataByStage.2.log.pages[1].rows[3].date,03.03 09시대,,03.03 09時代,09年3月3日,"Case metadata, character profile, dispute, evidence, solution, or evidence-viewer surface text. Party dialogue scripts are not included here."
case_surface_content_src_data_cases_generated_friend-01_evidence_e-1_.viewerDataByStage.2.log.pages_1_.rows_3_.duration,case_surface_content,src/data/cases/generated,friend-01,evidence[e-1].viewerDataByStage.2.log.pages[1].rows[3].duration,"""다른 얘기라서 전화로 설명하고 싶어요""",,「他の話なので電話で説明したい」,“这是一个不同的故事，所以我想通过电话解释一下。”,"Case metadata, character profile, dispute, evidence, solution, or evidence-viewer surface text. Party dialogue scripts are not included here."
case_surface_content_src_data_cases_generated_friend-01_evidence_e-1_.viewerDataByStage.2.log.pages_1_.rows_3_.target,case_surface_content,src/data/cases/generated,friend-01,evidence[e-1].viewerDataByStage.2.log.pages[1].rows[3].target,김태○,,キム・テ○,金泰○,"Case metadata, character profile, dispute, evidence, solution, or evidence-viewer surface text. Party dialogue scripts are not included here."
case_surface_content_src_data_cases_generated_friend-01_evidence_e-1_.viewerDataByStage.2.log.pages_1_.rows_3_.typeLabel,case_surface_content,src/data/cases/generated,friend-01,evidence[e-1].viewerDataByStage.2.log.pages[1].rows[3].typeLabel,문자,,文字,信息,"Case metadata, character profile, dispute, evidence, solution, or evidence-viewer surface text. Party dialogue scripts are not included here."
case_surface_content_src_data_cases_generated_friend-01_evidence_e-1_.viewerDataByStage.2.log.pages_1_.rows_4_.date,case_surface_content,src/data/cases/generated,friend-01,evidence[e-1].viewerDataByStage.2.log.pages[1].rows[4].date,03.04 12시대,,03.04 12時代,03.04 12岁,"Case metadata, character profile, dispute, evidence, solution, or evidence-viewer surface text. Party dialogue scripts are not included here."
case_surface_content_src_data_cases_generated_friend-01_evidence_e-1_.viewerDataByStage.2.log.pages_1_.rows_4_.duration,case_surface_content,src/data/cases/generated,friend-01,evidence[e-1].viewerDataByStage.2.log.pages[1].rows[4].duration,0분 08초 (끊김),,0分08秒（切）,0分08秒（中断）,"Case metadata, character profile, dispute, evidence, solution, or evidence-viewer surface text. Party dialogue scripts are not included here."
case_surface_content_src_data_cases_generated_friend-01_evidence_e-1_.viewerDataByStage.2.log.pages_1_.rows_4_.target,case_surface_content,src/data/cases/generated,friend-01,evidence[e-1].viewerDataByStage.2.log.pages[1].rows[4].target,김태○,,キム・テ○,金泰○,"Case metadata, character profile, dispute, evidence, solution, or evidence-viewer surface text. Party dialogue scripts are not included here."
case_surface_content_src_data_cases_generated_friend-01_evidence_e-1_.viewerDataByStage.2.log.pages_1_.rows_4_.typeLabel,case_surface_content,src/data/cases/generated,friend-01,evidence[e-1].viewerDataByStage.2.log.pages[1].rows[4].typeLabel,발신,,発信,传出,"Case metadata, character profile, dispute, evidence, solution, or evidence-viewer surface text. Party dialogue scripts are not included here."
case_surface_content_src_data_cases_generated_friend-01_evidence_e-1_.viewerDataByStage.2.log.pages_1_.rows_5_.date,case_surface_content,src/data/cases/generated,friend-01,evidence[e-1].viewerDataByStage.2.log.pages[1].rows[5].date,03.05 21시대,,03.05 21時代,03.05 21时代,"Case metadata, character profile, dispute, evidence, solution, or evidence-viewer surface text. Party dialogue scripts are not included here."
case_surface_content_src_data_cases_generated_friend-01_evidence_e-1_.viewerDataByStage.2.log.pages_1_.rows_5_.duration,case_surface_content,src/data/cases/generated,friend-01,evidence[e-1].viewerDataByStage.2.log.pages[1].rows[5].duration,"""저랑 태윤 씨 문제로 부르는 게 아니에요""",,「私とテユンさんの問題で呼ぶのではありません」,“我打电话给你不是因为我和泰妍之间的问题。”,"Case metadata, character profile, dispute, evidence, solution, or evidence-viewer surface text. Party dialogue scripts are not included here."
case_surface_content_src_data_cases_generated_friend-01_evidence_e-1_.viewerDataByStage.2.log.pages_1_.rows_5_.target,case_surface_content,src/data/cases/generated,friend-01,evidence[e-1].viewerDataByStage.2.log.pages[1].rows[5].target,김태○,,キム・テ○,金泰○,"Case metadata, character profile, dispute, evidence, solution, or evidence-viewer surface text. Party dialogue scripts are not included here."
case_surface_content_src_data_cases_generated_friend-01_evidence_e-1_.viewerDataByStage.2.log.pages_1_.rows_5_.typeLabel,case_surface_content,src/data/cases/generated,friend-01,evidence[e-1].viewerDataByStage.2.log.pages[1].rows[5].typeLabel,문자,,文字,信息,"Case metadata, character profile, dispute, evidence, solution, or evidence-viewer surface text. Party dialogue scripts are not included here."
case_surface_content_src_data_cases_generated_friend-01_evidence_e-1_.viewerDataByStage.2.log.pages_1_.rows_6_.date,case_surface_content,src/data/cases/generated,friend-01,evidence[e-1].viewerDataByStage.2.log.pages[1].rows[6].date,03.06 08시대,,03.06 08時代,08年03.06时代,"Case metadata, character profile, dispute, evidence, solution, or evidence-viewer surface text. Party dialogue scripts are not included here."
case_surface_content_src_data_cases_generated_friend-01_evidence_e-1_.viewerDataByStage.2.log.pages_1_.rows_6_.duration,case_surface_content,src/data/cases/generated,friend-01,evidence[e-1].viewerDataByStage.2.log.pages[1].rows[6].duration,1분 42초,,1分42秒,1分42秒,"Case metadata, character profile, dispute, evidence, solution, or evidence-viewer surface text. Party dialogue scripts are not included here."
case_surface_content_src_data_cases_generated_friend-01_evidence_e-1_.viewerDataByStage.2.log.pages_1_.rows_6_.target,case_surface_content,src/data/cases/generated,friend-01,evidence[e-1].viewerDataByStage.2.log.pages[1].rows[6].target,김태○,,キム・テ○,金泰○,"Case metadata, character profile, dispute, evidence, solution, or evidence-viewer surface text. Party dialogue scripts are not included here."
case_surface_content_src_data_cases_generated_friend-01_evidence_e-1_.viewerDataByStage.2.log.pages_1_.rows_6_.typeLabel,case_surface_content,src/data/cases/generated,friend-01,evidence[e-1].viewerDataByStage.2.log.pages[1].rows[6].typeLabel,발신,,発信,传出,"Case metadata, character profile, dispute, evidence, solution, or evidence-viewer surface text. Party dialogue scripts are not included here."
case_surface_content_src_data_cases_generated_friend-01_evidence_e-1_.viewerDataByStage.2.log.pages_1_.rows_7_.date,case_surface_content,src/data/cases/generated,friend-01,evidence[e-1].viewerDataByStage.2.log.pages[1].rows[7].date,03.08 17시대,,03.08 17時代,03.08 第十七纪元,"Case metadata, character profile, dispute, evidence, solution, or evidence-viewer surface text. Party dialogue scripts are not included here."
case_surface_content_src_data_cases_generated_friend-01_evidence_e-1_.viewerDataByStage.2.log.pages_1_.rows_7_.duration,case_surface_content,src/data/cases/generated,friend-01,evidence[e-1].viewerDataByStage.2.log.pages[1].rows[7].duration,"""오해할 얘기는 아닌데, 그냥 넘기면 안 될 것 같아요""",,「誤解する話じゃないけど、ただめくってはいけないと思います」,“我无意误解，但我认为我们不应该忽视它。”,"Case metadata, character profile, dispute, evidence, solution, or evidence-viewer surface text. Party dialogue scripts are not included here."
case_surface_content_src_data_cases_generated_friend-01_evidence_e-1_.viewerDataByStage.2.log.pages_1_.rows_7_.target,case_surface_content,src/data/cases/generated,friend-01,evidence[e-1].viewerDataByStage.2.log.pages[1].rows[7].target,김태○,,キム・テ○,金泰○,"Case metadata, character profile, dispute, evidence, solution, or evidence-viewer surface text. Party dialogue scripts are not included here."
case_surface_content_src_data_cases_generated_friend-01_evidence_e-1_.viewerDataByStage.2.log.pages_1_.rows_7_.typeLabel,case_surface_content,src/data/cases/generated,friend-01,evidence[e-1].viewerDataByStage.2.log.pages[1].rows[7].typeLabel,문자,,文字,信息,"Case metadata, character profile, dispute, evidence, solution, or evidence-viewer surface text. Party dialogue scripts are not included here."
case_surface_content_src_data_cases_generated_friend-01_evidence_e-1_.viewerDataByStage.2.log.pages_1_.rows_8_.date,case_surface_content,src/data/cases/generated,friend-01,evidence[e-1].viewerDataByStage.2.log.pages[1].rows[8].date,03.09 11시대,,03.09 11時代,03.09 第11纪元,"Case metadata, character profile, dispute, evidence, solution, or evidence-viewer surface text. Party dialogue scripts are not included here."
case_surface_content_src_data_cases_generated_friend-01_evidence_e-1_.viewerDataByStage.2.log.pages_1_.rows_8_.duration,case_surface_content,src/data/cases/generated,friend-01,evidence[e-1].viewerDataByStage.2.log.pages[1].rows[8].duration,부재중 (차단 추정),,不在（遮断推定）,不在办公室（假定已被阻止）,"Case metadata, character profile, dispute, evidence, solution, or evidence-viewer surface text. Party dialogue scripts are not included here."
case_surface_content_src_data_cases_generated_friend-01_evidence_e-1_.viewerDataByStage.2.log.pages_1_.rows_8_.target,case_surface_content,src/data/cases/generated,friend-01,evidence[e-1].viewerDataByStage.2.log.pages[1].rows[8].target,김태○,,キム・テ○,金泰○,"Case metadata, character profile, dispute, evidence, solution, or evidence-viewer surface text. Party dialogue scripts are not included here."
case_surface_content_src_data_cases_generated_friend-01_evidence_e-1_.viewerDataByStage.2.log.pages_1_.rows_8_.typeLabel,case_surface_content,src/data/cases/generated,friend-01,evidence[e-1].viewerDataByStage.2.log.pages[1].rows[8].typeLabel,발신,,発信,传出,"Case metadata, character profile, dispute, evidence, solution, or evidence-viewer surface text. Party dialogue scripts are not included here."
case_surface_content_src_data_cases_generated_friend-01_evidence_e-1_.viewerDataByStage.2.log.pages_1_.title,case_surface_content,src/data/cases/generated,friend-01,evidence[e-1].viewerDataByStage.2.log.pages[1].title,최수민→예비신랑 연락 기록,Choi Soo-min → groom-to-be contact record,チェ・スミン→予備新郎連絡記録,崔秀民 → 准新郎联络记录,"Case metadata, character profile, dispute, evidence, solution, or evidence-viewer surface text. Party dialogue scripts are not included here."
case_surface_content_src_data_cases_generated_friend-01_evidence_e-1_.viewerDataByStage.2.log.rows_0_.date,case_surface_content,src/data/cases/generated,friend-01,evidence[e-1].viewerDataByStage.2.log.rows[0].date,03.01 19시대,,03.01 19時代,03.01 十九世纪,"Case metadata, character profile, dispute, evidence, solution, or evidence-viewer surface text. Party dialogue scripts are not included here."
case_surface_content_src_data_cases_generated_friend-01_evidence_e-1_.viewerDataByStage.2.log.rows_0_.duration,case_surface_content,src/data/cases/generated,friend-01,evidence[e-1].viewerDataByStage.2.log.rows[0].duration,0분 12초 (끊김),,0分12秒（切）,0分12秒（中断）,"Case metadata, character profile, dispute, evidence, solution, or evidence-viewer surface text. Party dialogue scripts are not included here."
case_surface_content_src_data_cases_generated_friend-01_evidence_e-1_.viewerDataByStage.2.log.rows_0_.target,case_surface_content,src/data/cases/generated,friend-01,evidence[e-1].viewerDataByStage.2.log.rows[0].target,김태○ (예비신랑),,キム・テ○（予備新郎）,金泰○（准新郎）,"Case metadata, character profile, dispute, evidence, solution, or evidence-viewer surface text. Party dialogue scripts are not included here."
case_surface_content_src_data_cases_generated_friend-01_evidence_e-1_.viewerDataByStage.2.log.rows_0_.typeLabel,case_surface_content,src/data/cases/generated,friend-01,evidence[e-1].viewerDataByStage.2.log.rows[0].typeLabel,발신,,発信,传出,"Case metadata, character profile, dispute, evidence, solution, or evidence-viewer surface text. Party dialogue scripts are not included here."
case_surface_content_src_data_cases_generated_friend-01_evidence_e-1_.viewerDataByStage.2.log.rows_1_.date,case_surface_content,src/data/cases/generated,friend-01,evidence[e-1].viewerDataByStage.2.log.rows[1].date,03.01 19시대,,03.01 19時代,03.01 十九世纪,"Case metadata, character profile, dispute, evidence, solution, or evidence-viewer surface text. Party dialogue scripts are not included here."
case_surface_content_src_data_cases_generated_friend-01_evidence_e-1_.viewerDataByStage.2.log.rows_1_.duration,case_surface_content,src/data/cases/generated,friend-01,evidence[e-1].viewerDataByStage.2.log.rows[1].duration,"""태윤 씨, 수민입니다. 잠깐만 통화할 수 있을까요""",,「テユンさん、スミンです。ちょっと通話できますか」,“泰妍，我是Sumin。我可以和你聊聊吗？”,"Case metadata, character profile, dispute, evidence, solution, or evidence-viewer surface text. Party dialogue scripts are not included here."
case_surface_content_src_data_cases_generated_friend-01_evidence_e-1_.viewerDataByStage.2.log.rows_1_.target,case_surface_content,src/data/cases/generated,friend-01,evidence[e-1].viewerDataByStage.2.log.rows[1].target,김태○,,キム・テ○,金泰○,"Case metadata, character profile, dispute, evidence, solution, or evidence-viewer surface text. Party dialogue scripts are not included here."
case_surface_content_src_data_cases_generated_friend-01_evidence_e-1_.viewerDataByStage.2.log.rows_1_.typeLabel,case_surface_content,src/data/cases/generated,friend-01,evidence[e-1].viewerDataByStage.2.log.rows[1].typeLabel,문자,,文字,信息,"Case metadata, character profile, dispute, evidence, solution, or evidence-viewer surface text. Party dialogue scripts are not included here."
case_surface_content_src_data_cases_generated_friend-01_evidence_e-1_.viewerDataByStage.2.log.rows_2_.date,case_surface_content,src/data/cases/generated,friend-01,evidence[e-1].viewerDataByStage.2.log.rows[2].date,03.02 10시대,,03.02 10時代,03.02 第10纪元,"Case metadata, character profile, dispute, evidence, solution, or evidence-viewer surface text. Party dialogue scripts are not included here."
case_surface_content_src_data_cases_generated_friend-01_evidence_e-1_.viewerDataByStage.2.log.rows_2_.duration,case_surface_content,src/data/cases/generated,friend-01,evidence[e-1].viewerDataByStage.2.log.rows[2].duration,"""그때 저한테 선 넘은 말 한 걸 문제 삼으려는 게 아니에요""",,「その時、私に線を越えた言葉を問題にしようとするのではありません」,“我并不是想因为你当时对我说了一些越界的话而引起争议。”,"Case metadata, character profile, dispute, evidence, solution, or evidence-viewer surface text. Party dialogue scripts are not included here."
case_surface_content_src_data_cases_generated_friend-01_evidence_e-1_.viewerDataByStage.2.log.rows_2_.target,case_surface_content,src/data/cases/generated,friend-01,evidence[e-1].viewerDataByStage.2.log.rows[2].target,김태○,,キム・テ○,金泰○,"Case metadata, character profile, dispute, evidence, solution, or evidence-viewer surface text. Party dialogue scripts are not included here."
case_surface_content_src_data_cases_generated_friend-01_evidence_e-1_.viewerDataByStage.2.log.rows_2_.typeLabel,case_surface_content,src/data/cases/generated,friend-01,evidence[e-1].viewerDataByStage.2.log.rows[2].typeLabel,문자,,文字,信息,"Case metadata, character profile, dispute, evidence, solution, or evidence-viewer surface text. Party dialogue scripts are not included here."
case_surface_content_src_data_cases_generated_friend-01_evidence_e-1_.viewerDataByStage.2.log.rows_3_.date,case_surface_content,src/data/cases/generated,friend-01,evidence[e-1].viewerDataByStage.2.log.rows[3].date,03.03 09시대,,03.03 09時代,09年3月3日,"Case metadata, character profile, dispute, evidence, solution, or evidence-viewer surface text. Party dialogue scripts are not included here."
case_surface_content_src_data_cases_generated_friend-01_evidence_e-1_.viewerDataByStage.2.log.rows_3_.duration,case_surface_content,src/data/cases/generated,friend-01,evidence[e-1].viewerDataByStage.2.log.rows[3].duration,"""다른 얘기라서 전화로 설명하고 싶어요""",,「他の話なので電話で説明したい」,“这是一个不同的故事，所以我想通过电话解释一下。”,"Case metadata, character profile, dispute, evidence, solution, or evidence-viewer surface text. Party dialogue scripts are not included here."
case_surface_content_src_data_cases_generated_friend-01_evidence_e-1_.viewerDataByStage.2.log.rows_3_.target,case_surface_content,src/data/cases/generated,friend-01,evidence[e-1].viewerDataByStage.2.log.rows[3].target,김태○,,キム・テ○,金泰○,"Case metadata, character profile, dispute, evidence, solution, or evidence-viewer surface text. Party dialogue scripts are not included here."
case_surface_content_src_data_cases_generated_friend-01_evidence_e-1_.viewerDataByStage.2.log.rows_3_.typeLabel,case_surface_content,src/data/cases/generated,friend-01,evidence[e-1].viewerDataByStage.2.log.rows[3].typeLabel,문자,,文字,信息,"Case metadata, character profile, dispute, evidence, solution, or evidence-viewer surface text. Party dialogue scripts are not included here."
case_surface_content_src_data_cases_generated_friend-01_evidence_e-1_.viewerDataByStage.2.log.rows_4_.date,case_surface_content,src/data/cases/generated,friend-01,evidence[e-1].viewerDataByStage.2.log.rows[4].date,03.04 12시대,,03.04 12時代,03.04 12岁,"Case metadata, character profile, dispute, evidence, solution, or evidence-viewer surface text. Party dialogue scripts are not included here."
case_surface_content_src_data_cases_generated_friend-01_evidence_e-1_.viewerDataByStage.2.log.rows_4_.duration,case_surface_content,src/data/cases/generated,friend-01,evidence[e-1].viewerDataByStage.2.log.rows[4].duration,0분 08초 (끊김),,0分08秒（切）,0分08秒（中断）,"Case metadata, character profile, dispute, evidence, solution, or evidence-viewer surface text. Party dialogue scripts are not included here."
case_surface_content_src_data_cases_generated_friend-01_evidence_e-1_.viewerDataByStage.2.log.rows_4_.target,case_surface_content,src/data/cases/generated,friend-01,evidence[e-1].viewerDataByStage.2.log.rows[4].target,김태○,,キム・テ○,金泰○,"Case metadata, character profile, dispute, evidence, solution, or evidence-viewer surface text. Party dialogue scripts are not included here."
case_surface_content_src_data_cases_generated_friend-01_evidence_e-1_.viewerDataByStage.2.log.rows_4_.typeLabel,case_surface_content,src/data/cases/generated,friend-01,evidence[e-1].viewerDataByStage.2.log.rows[4].typeLabel,발신,,発信,传出,"Case metadata, character profile, dispute, evidence, solution, or evidence-viewer surface text. Party dialogue scripts are not included here."
case_surface_content_src_data_cases_generated_friend-01_evidence_e-1_.viewerDataByStage.2.log.rows_5_.date,case_surface_content,src/data/cases/generated,friend-01,evidence[e-1].viewerDataByStage.2.log.rows[5].date,03.05 21시대,,03.05 21時代,03.05 21时代,"Case metadata, character profile, dispute, evidence, solution, or evidence-viewer surface text. Party dialogue scripts are not included here."
case_surface_content_src_data_cases_generated_friend-01_evidence_e-1_.viewerDataByStage.2.log.rows_5_.duration,case_surface_content,src/data/cases/generated,friend-01,evidence[e-1].viewerDataByStage.2.log.rows[5].duration,"""저랑 태윤 씨 문제로 부르는 게 아니에요""",,「私とテユンさんの問題で呼ぶのではありません」,“我打电话给你不是因为我和泰妍之间的问题。”,"Case metadata, character profile, dispute, evidence, solution, or evidence-viewer surface text. Party dialogue scripts are not included here."
case_surface_content_src_data_cases_generated_friend-01_evidence_e-1_.viewerDataByStage.2.log.rows_5_.target,case_surface_content,src/data/cases/generated,friend-01,evidence[e-1].viewerDataByStage.2.log.rows[5].target,김태○,,キム・テ○,金泰○,"Case metadata, character profile, dispute, evidence, solution, or evidence-viewer surface text. Party dialogue scripts are not included here."
case_surface_content_src_data_cases_generated_friend-01_evidence_e-1_.viewerDataByStage.2.log.rows_5_.typeLabel,case_surface_content,src/data/cases/generated,friend-01,evidence[e-1].viewerDataByStage.2.log.rows[5].typeLabel,문자,,文字,信息,"Case metadata, character profile, dispute, evidence, solution, or evidence-viewer surface text. Party dialogue scripts are not included here."
case_surface_content_src_data_cases_generated_friend-01_evidence_e-1_.viewerDataByStage.2.log.rows_6_.date,case_surface_content,src/data/cases/generated,friend-01,evidence[e-1].viewerDataByStage.2.log.rows[6].date,03.06 08시대,,03.06 08時代,08年03.06时代,"Case metadata, character profile, dispute, evidence, solution, or evidence-viewer surface text. Party dialogue scripts are not included here."
case_surface_content_src_data_cases_generated_friend-01_evidence_e-1_.viewerDataByStage.2.log.rows_6_.duration,case_surface_content,src/data/cases/generated,friend-01,evidence[e-1].viewerDataByStage.2.log.rows[6].duration,1분 42초,,1分42秒,1分42秒,"Case metadata, character profile, dispute, evidence, solution, or evidence-viewer surface text. Party dialogue scripts are not included here."
case_surface_content_src_data_cases_generated_friend-01_evidence_e-1_.viewerDataByStage.2.log.rows_6_.target,case_surface_content,src/data/cases/generated,friend-01,evidence[e-1].viewerDataByStage.2.log.rows[6].target,김태○,,キム・テ○,金泰○,"Case metadata, character profile, dispute, evidence, solution, or evidence-viewer surface text. Party dialogue scripts are not included here."
case_surface_content_src_data_cases_generated_friend-01_evidence_e-1_.viewerDataByStage.2.log.rows_6_.typeLabel,case_surface_content,src/data/cases/generated,friend-01,evidence[e-1].viewerDataByStage.2.log.rows[6].typeLabel,발신,,発信,传出,"Case metadata, character profile, dispute, evidence, solution, or evidence-viewer surface text. Party dialogue scripts are not included here."
case_surface_content_src_data_cases_generated_friend-01_evidence_e-1_.viewerDataByStage.2.log.rows_7_.date,case_surface_content,src/data/cases/generated,friend-01,evidence[e-1].viewerDataByStage.2.log.rows[7].date,03.08 17시대,,03.08 17時代,03.08 第十七纪元,"Case metadata, character profile, dispute, evidence, solution, or evidence-viewer surface text. Party dialogue scripts are not included here."
case_surface_content_src_data_cases_generated_friend-01_evidence_e-1_.viewerDataByStage.2.log.rows_7_.duration,case_surface_content,src/data/cases/generated,friend-01,evidence[e-1].viewerDataByStage.2.log.rows[7].duration,"""오해할 얘기는 아닌데, 그냥 넘기면 안 될 것 같아요""",,「誤解する話じゃないけど、ただめくってはいけないと思います」,“我无意误解，但我认为我们不应该忽视它。”,"Case metadata, character profile, dispute, evidence, solution, or evidence-viewer surface text. Party dialogue scripts are not included here."
case_surface_content_src_data_cases_generated_friend-01_evidence_e-1_.viewerDataByStage.2.log.rows_7_.target,case_surface_content,src/data/cases/generated,friend-01,evidence[e-1].viewerDataByStage.2.log.rows[7].target,김태○,,キム・テ○,金泰○,"Case metadata, character profile, dispute, evidence, solution, or evidence-viewer surface text. Party dialogue scripts are not included here."
case_surface_content_src_data_cases_generated_friend-01_evidence_e-1_.viewerDataByStage.2.log.rows_7_.typeLabel,case_surface_content,src/data/cases/generated,friend-01,evidence[e-1].viewerDataByStage.2.log.rows[7].typeLabel,문자,,文字,信息,"Case metadata, character profile, dispute, evidence, solution, or evidence-viewer surface text. Party dialogue scripts are not included here."
case_surface_content_src_data_cases_generated_friend-01_evidence_e-1_.viewerDataByStage.2.log.rows_8_.date,case_surface_content,src/data/cases/generated,friend-01,evidence[e-1].viewerDataByStage.2.log.rows[8].date,03.09 11시대,,03.09 11時代,03.09 第11纪元,"Case metadata, character profile, dispute, evidence, solution, or evidence-viewer surface text. Party dialogue scripts are not included here."
case_surface_content_src_data_cases_generated_friend-01_evidence_e-1_.viewerDataByStage.2.log.rows_8_.duration,case_surface_content,src/data/cases/generated,friend-01,evidence[e-1].viewerDataByStage.2.log.rows[8].duration,부재중 (차단 추정),,不在（遮断推定）,不在办公室（假定已被阻止）,"Case metadata, character profile, dispute, evidence, solution, or evidence-viewer surface text. Party dialogue scripts are not included here."
case_surface_content_src_data_cases_generated_friend-01_evidence_e-1_.viewerDataByStage.2.log.rows_8_.target,case_surface_content,src/data/cases/generated,friend-01,evidence[e-1].viewerDataByStage.2.log.rows[8].target,김태○,,キム・テ○,金泰○,"Case metadata, character profile, dispute, evidence, solution, or evidence-viewer surface text. Party dialogue scripts are not included here."
case_surface_content_src_data_cases_generated_friend-01_evidence_e-1_.viewerDataByStage.2.log.rows_8_.typeLabel,case_surface_content,src/data/cases/generated,friend-01,evidence[e-1].viewerDataByStage.2.log.rows[8].typeLabel,발신,,発信,传出,"Case metadata, character profile, dispute, evidence, solution, or evidence-viewer surface text. Party dialogue scripts are not included here."
case_surface_content_src_data_cases_generated_friend-01_evidence_e-1_.viewerDataByStage.2.log.title,case_surface_content,src/data/cases/generated,friend-01,evidence[e-1].viewerDataByStage.2.log.title,최수민→예비신랑 연락 기록,Choi Soo-min → groom-to-be contact record,チェ・スミン→予備新郎連絡記録,崔秀民 → 准新郎联络记录,"Case metadata, character profile, dispute, evidence, solution, or evidence-viewer surface text. Party dialogue scripts are not included here."
case_surface_content_src_data_cases_generated_friend-01_evidence_e-1_.viewerDataByStage.2.meta.legalLabel,case_surface_content,src/data/cases/generated,friend-01,evidence[e-1].viewerDataByStage.2.meta.legalLabel,적법,,適法,合法性,"Case metadata, character profile, dispute, evidence, solution, or evidence-viewer surface text. Party dialogue scripts are not included here."
case_surface_content_src_data_cases_generated_friend-01_evidence_e-1_.viewerDataByStage.2.meta.name,case_surface_content,src/data/cases/generated,friend-01,evidence[e-1].viewerDataByStage.2.meta.name,연락 기록,contact history,連絡履歴,接触史,"Case metadata, character profile, dispute, evidence, solution, or evidence-viewer surface text. Party dialogue scripts are not included here."
case_surface_content_src_data_cases_generated_friend-01_evidence_e-1_.viewerDataByStage.2.meta.redactions_0,case_surface_content,src/data/cases/generated,friend-01,evidence[e-1].viewerDataByStage.2.meta.redactions[0],수신자 이름 일부 마스킹,,受信者名 一部のマスキング,屏蔽部分收件人姓名,"Case metadata, character profile, dispute, evidence, solution, or evidence-viewer surface text. Party dialogue scripts are not included here."
case_surface_content_src_data_cases_generated_friend-01_evidence_e-1_.viewerDataByStage.2.meta.redactions_1,case_surface_content,src/data/cases/generated,friend-01,evidence[e-1].viewerDataByStage.2.meta.redactions[1],핵심 원인 문구 봉인,,主な原因フレーズシール,关键原因短语密封,"Case metadata, character profile, dispute, evidence, solution, or evidence-viewer surface text. Party dialogue scripts are not included here."
case_surface_content_src_data_cases_generated_friend-01_evidence_e-1_.viewerDataByStage.2.meta.sourceLabel,case_surface_content,src/data/cases/generated,friend-01,evidence[e-1].viewerDataByStage.2.meta.sourceLabel,송다은 측,,ソンダウン側,宋多恩身边,"Case metadata, character profile, dispute, evidence, solution, or evidence-viewer surface text. Party dialogue scripts are not included here."
case_surface_content_src_data_cases_generated_friend-01_evidence_e-1_.viewerDataByStage.2.meta.stageLabel,case_surface_content,src/data/cases/generated,friend-01,evidence[e-1].viewerDataByStage.2.meta.stageLabel,2단계 — 문구 재맥락,,ステップ2 - フレーズの再コンテキスト,第 2 步——重新理解该短语的语境,"Case metadata, character profile, dispute, evidence, solution, or evidence-viewer surface text. Party dialogue scripts are not included here."
case_surface_content_src_data_cases_generated_friend-01_evidence_e-1_.viewerDataByStage.2.meta.trustLabel,case_surface_content,src/data/cases/generated,friend-01,evidence[e-1].viewerDataByStage.2.meta.trustLabel,보통,,通常,通常,"Case metadata, character profile, dispute, evidence, solution, or evidence-viewer surface text. Party dialogue scripts are not included here."
case_surface_content_src_data_cases_generated_friend-01_evidence_e-1_.viewerDataByStage.3.log.note,case_surface_content,src/data/cases/generated,friend-01,evidence[e-1].viewerDataByStage.3.log.note,"3쪽 전체 원문에서는 “다은이 관련 이야기”, “예전에 같은 일” 같은 문구가 반복된다. 연락 의도는 예비신랑과 수민 사이의 감정 문제가 아니라 다른 사안으로 보인다.",,3ページ全体の原文では、「Dai-i関連の話」、「以前に同じこと」などのフレーズが繰り返される。連絡意図は予備新郎と水民の間の感情問題ではなく、他の事案とみられる。,第3页的原文中，重复出现了“与多恩有关的故事”、“和以前一样的事情”等短语。接触的意图似乎不仅仅是准新郎和苏敏之间的情感问题。,"Case metadata, character profile, dispute, evidence, solution, or evidence-viewer surface text. Party dialogue scripts are not included here."
case_surface_content_src_data_cases_generated_friend-01_evidence_e-1_.viewerDataByStage.3.log.pages_0_.label,case_surface_content,src/data/cases/generated,friend-01,evidence[e-1].viewerDataByStage.3.log.pages[0].label,1쪽 발신 빈도,Page 1 Sending Frequency,1ページ発信頻度,第1页 发送频率,"Case metadata, character profile, dispute, evidence, solution, or evidence-viewer surface text. Party dialogue scripts are not included here."
case_surface_content_src_data_cases_generated_friend-01_evidence_e-1_.viewerDataByStage.3.log.pages_0_.note,case_surface_content,src/data/cases/generated,friend-01,evidence[e-1].viewerDataByStage.3.log.pages[0].note,1쪽은 발신 횟수와 부재중 중심의 발췌다. 이 단계만으로는 최수민이 예비신랑에게 반복 연락한 사실만 보인다.,,1ページは発信回数と不在中中心の抜粋だ。この段階だけではチェ・スミンが予備新郎に繰り返し連絡した事実だけ見える。,第 1 页是重点关注来电和缺席数量的摘录。仅这一步就表明崔秀敏多次与她的未婚夫联系。,"Case metadata, character profile, dispute, evidence, solution, or evidence-viewer surface text. Party dialogue scripts are not included here."
case_surface_content_src_data_cases_generated_friend-01_evidence_e-1_.viewerDataByStage.3.log.pages_0_.rows_0_.date,case_surface_content,src/data/cases/generated,friend-01,evidence[e-1].viewerDataByStage.3.log.pages[0].rows[0].date,03.01 저녁,,03.01 夕方,03.01 晚上,"Case metadata, character profile, dispute, evidence, solution, or evidence-viewer surface text. Party dialogue scripts are not included here."
case_surface_content_src_data_cases_generated_friend-01_evidence_e-1_.viewerDataByStage.3.log.pages_0_.rows_0_.duration,case_surface_content,src/data/cases/generated,friend-01,evidence[e-1].viewerDataByStage.3.log.pages[0].rows[0].duration,짧게 끊김,,短く切れる,捷径,"Case metadata, character profile, dispute, evidence, solution, or evidence-viewer surface text. Party dialogue scripts are not included here."
case_surface_content_src_data_cases_generated_friend-01_evidence_e-1_.viewerDataByStage.3.log.pages_0_.rows_0_.target,case_surface_content,src/data/cases/generated,friend-01,evidence[e-1].viewerDataByStage.3.log.pages[0].rows[0].target,김○○ (예비신랑),,キム○○（予備新郎）,金○○（准新郎）,"Case metadata, character profile, dispute, evidence, solution, or evidence-viewer surface text. Party dialogue scripts are not included here."
case_surface_content_src_data_cases_generated_friend-01_evidence_e-1_.viewerDataByStage.3.log.pages_0_.rows_0_.typeLabel,case_surface_content,src/data/cases/generated,friend-01,evidence[e-1].viewerDataByStage.3.log.pages[0].rows[0].typeLabel,발신,,発信,传出,"Case metadata, character profile, dispute, evidence, solution, or evidence-viewer surface text. Party dialogue scripts are not included here."
case_surface_content_src_data_cases_generated_friend-01_evidence_e-1_.viewerDataByStage.3.log.pages_0_.rows_1_.date,case_surface_content,src/data/cases/generated,friend-01,evidence[e-1].viewerDataByStage.3.log.pages[0].rows[1].date,03.01 저녁,,03.01 夕方,03.01 晚上,"Case metadata, character profile, dispute, evidence, solution, or evidence-viewer surface text. Party dialogue scripts are not included here."
case_surface_content_src_data_cases_generated_friend-01_evidence_e-1_.viewerDataByStage.3.log.pages_0_.rows_1_.duration,case_surface_content,src/data/cases/generated,friend-01,evidence[e-1].viewerDataByStage.3.log.pages[0].rows[1].duration,통화 요청 문구,,通話要求フレーズ,呼叫请求短语,"Case metadata, character profile, dispute, evidence, solution, or evidence-viewer surface text. Party dialogue scripts are not included here."
case_surface_content_src_data_cases_generated_friend-01_evidence_e-1_.viewerDataByStage.3.log.pages_0_.rows_1_.target,case_surface_content,src/data/cases/generated,friend-01,evidence[e-1].viewerDataByStage.3.log.pages[0].rows[1].target,김○○,,キム○○,金○○,"Case metadata, character profile, dispute, evidence, solution, or evidence-viewer surface text. Party dialogue scripts are not included here."
case_surface_content_src_data_cases_generated_friend-01_evidence_e-1_.viewerDataByStage.3.log.pages_0_.rows_1_.typeLabel,case_surface_content,src/data/cases/generated,friend-01,evidence[e-1].viewerDataByStage.3.log.pages[0].rows[1].typeLabel,문자,,文字,信息,"Case metadata, character profile, dispute, evidence, solution, or evidence-viewer surface text. Party dialogue scripts are not included here."
case_surface_content_src_data_cases_generated_friend-01_evidence_e-1_.viewerDataByStage.3.log.pages_0_.rows_2_.date,case_surface_content,src/data/cases/generated,friend-01,evidence[e-1].viewerDataByStage.3.log.pages[0].rows[2].date,03.02 오전,,03.02午前,凌晨 03.02,"Case metadata, character profile, dispute, evidence, solution, or evidence-viewer surface text. Party dialogue scripts are not included here."
case_surface_content_src_data_cases_generated_friend-01_evidence_e-1_.viewerDataByStage.3.log.pages_0_.rows_2_.duration,case_surface_content,src/data/cases/generated,friend-01,evidence[e-1].viewerDataByStage.3.log.pages[0].rows[2].duration,중요한 이야기 요청,,重要な話を求める,请求重要故事,"Case metadata, character profile, dispute, evidence, solution, or evidence-viewer surface text. Party dialogue scripts are not included here."
case_surface_content_src_data_cases_generated_friend-01_evidence_e-1_.viewerDataByStage.3.log.pages_0_.rows_2_.target,case_surface_content,src/data/cases/generated,friend-01,evidence[e-1].viewerDataByStage.3.log.pages[0].rows[2].target,김○○,,キム○○,金○○,"Case metadata, character profile, dispute, evidence, solution, or evidence-viewer surface text. Party dialogue scripts are not included here."
case_surface_content_src_data_cases_generated_friend-01_evidence_e-1_.viewerDataByStage.3.log.pages_0_.rows_2_.typeLabel,case_surface_content,src/data/cases/generated,friend-01,evidence[e-1].viewerDataByStage.3.log.pages[0].rows[2].typeLabel,문자,,文字,信息,"Case metadata, character profile, dispute, evidence, solution, or evidence-viewer surface text. Party dialogue scripts are not included here."
case_surface_content_src_data_cases_generated_friend-01_evidence_e-1_.viewerDataByStage.3.log.pages_0_.rows_3_.date,case_surface_content,src/data/cases/generated,friend-01,evidence[e-1].viewerDataByStage.3.log.pages[0].rows[3].date,03.02 저녁,,03.02 夕方,03.02 晚上,"Case metadata, character profile, dispute, evidence, solution, or evidence-viewer surface text. Party dialogue scripts are not included here."
case_surface_content_src_data_cases_generated_friend-01_evidence_e-1_.viewerDataByStage.3.log.pages_0_.rows_3_.duration,case_surface_content,src/data/cases/generated,friend-01,evidence[e-1].viewerDataByStage.3.log.pages[0].rows[3].duration,부재중,,不在,缺席的,"Case metadata, character profile, dispute, evidence, solution, or evidence-viewer surface text. Party dialogue scripts are not included here."
case_surface_content_src_data_cases_generated_friend-01_evidence_e-1_.viewerDataByStage.3.log.pages_0_.rows_3_.target,case_surface_content,src/data/cases/generated,friend-01,evidence[e-1].viewerDataByStage.3.log.pages[0].rows[3].target,김○○,,キム○○,金○○,"Case metadata, character profile, dispute, evidence, solution, or evidence-viewer surface text. Party dialogue scripts are not included here."
case_surface_content_src_data_cases_generated_friend-01_evidence_e-1_.viewerDataByStage.3.log.pages_0_.rows_3_.typeLabel,case_surface_content,src/data/cases/generated,friend-01,evidence[e-1].viewerDataByStage.3.log.pages[0].rows[3].typeLabel,발신,,発信,传出,"Case metadata, character profile, dispute, evidence, solution, or evidence-viewer surface text. Party dialogue scripts are not included here."
case_surface_content_src_data_cases_generated_friend-01_evidence_e-1_.viewerDataByStage.3.log.pages_0_.rows_4_.date,case_surface_content,src/data/cases/generated,friend-01,evidence[e-1].viewerDataByStage.3.log.pages[0].rows[4].date,03.03 오전,,03.03午前,凌晨 03.03,"Case metadata, character profile, dispute, evidence, solution, or evidence-viewer surface text. Party dialogue scripts are not included here."
case_surface_content_src_data_cases_generated_friend-01_evidence_e-1_.viewerDataByStage.3.log.pages_0_.rows_4_.duration,case_surface_content,src/data/cases/generated,friend-01,evidence[e-1].viewerDataByStage.3.log.pages[0].rows[4].duration,결혼 전 확인 요청,,結婚前の確認リクエスト,结婚前要求确认,"Case metadata, character profile, dispute, evidence, solution, or evidence-viewer surface text. Party dialogue scripts are not included here."
case_surface_content_src_data_cases_generated_friend-01_evidence_e-1_.viewerDataByStage.3.log.pages_0_.rows_4_.target,case_surface_content,src/data/cases/generated,friend-01,evidence[e-1].viewerDataByStage.3.log.pages[0].rows[4].target,김○○,,キム○○,金○○,"Case metadata, character profile, dispute, evidence, solution, or evidence-viewer surface text. Party dialogue scripts are not included here."
case_surface_content_src_data_cases_generated_friend-01_evidence_e-1_.viewerDataByStage.3.log.pages_0_.rows_4_.typeLabel,case_surface_content,src/data/cases/generated,friend-01,evidence[e-1].viewerDataByStage.3.log.pages[0].rows[4].typeLabel,문자,,文字,信息,"Case metadata, character profile, dispute, evidence, solution, or evidence-viewer surface text. Party dialogue scripts are not included here."
case_surface_content_src_data_cases_generated_friend-01_evidence_e-1_.viewerDataByStage.3.log.pages_0_.rows_5_.date,case_surface_content,src/data/cases/generated,friend-01,evidence[e-1].viewerDataByStage.3.log.pages[0].rows[5].date,03.04 낮,,03.04 昼,03.04日,"Case metadata, character profile, dispute, evidence, solution, or evidence-viewer surface text. Party dialogue scripts are not included here."
case_surface_content_src_data_cases_generated_friend-01_evidence_e-1_.viewerDataByStage.3.log.pages_0_.rows_5_.duration,case_surface_content,src/data/cases/generated,friend-01,evidence[e-1].viewerDataByStage.3.log.pages[0].rows[5].duration,짧게 끊김,,短く切れる,捷径,"Case metadata, character profile, dispute, evidence, solution, or evidence-viewer surface text. Party dialogue scripts are not included here."
case_surface_content_src_data_cases_generated_friend-01_evidence_e-1_.viewerDataByStage.3.log.pages_0_.rows_5_.target,case_surface_content,src/data/cases/generated,friend-01,evidence[e-1].viewerDataByStage.3.log.pages[0].rows[5].target,김○○,,キム○○,金○○,"Case metadata, character profile, dispute, evidence, solution, or evidence-viewer surface text. Party dialogue scripts are not included here."
case_surface_content_src_data_cases_generated_friend-01_evidence_e-1_.viewerDataByStage.3.log.pages_0_.rows_5_.typeLabel,case_surface_content,src/data/cases/generated,friend-01,evidence[e-1].viewerDataByStage.3.log.pages[0].rows[5].typeLabel,발신,,発信,传出,"Case metadata, character profile, dispute, evidence, solution, or evidence-viewer surface text. Party dialogue scripts are not included here."
case_surface_content_src_data_cases_generated_friend-01_evidence_e-1_.viewerDataByStage.3.log.pages_0_.rows_6_.date,case_surface_content,src/data/cases/generated,friend-01,evidence[e-1].viewerDataByStage.3.log.pages[0].rows[6].date,03.05 밤,,03.05 夜,03.05 晚上,"Case metadata, character profile, dispute, evidence, solution, or evidence-viewer surface text. Party dialogue scripts are not included here."
case_surface_content_src_data_cases_generated_friend-01_evidence_e-1_.viewerDataByStage.3.log.pages_0_.rows_6_.duration,case_surface_content,src/data/cases/generated,friend-01,evidence[e-1].viewerDataByStage.3.log.pages[0].rows[6].duration,한 번만 만나자는 문구,,一度だけ会おうというフレーズ,只见面一次的短语,"Case metadata, character profile, dispute, evidence, solution, or evidence-viewer surface text. Party dialogue scripts are not included here."
case_surface_content_src_data_cases_generated_friend-01_evidence_e-1_.viewerDataByStage.3.log.pages_0_.rows_6_.target,case_surface_content,src/data/cases/generated,friend-01,evidence[e-1].viewerDataByStage.3.log.pages[0].rows[6].target,김○○,,キム○○,金○○,"Case metadata, character profile, dispute, evidence, solution, or evidence-viewer surface text. Party dialogue scripts are not included here."
case_surface_content_src_data_cases_generated_friend-01_evidence_e-1_.viewerDataByStage.3.log.pages_0_.rows_6_.typeLabel,case_surface_content,src/data/cases/generated,friend-01,evidence[e-1].viewerDataByStage.3.log.pages[0].rows[6].typeLabel,문자,,文字,信息,"Case metadata, character profile, dispute, evidence, solution, or evidence-viewer surface text. Party dialogue scripts are not included here."
case_surface_content_src_data_cases_generated_friend-01_evidence_e-1_.viewerDataByStage.3.log.pages_0_.title,case_surface_content,src/data/cases/generated,friend-01,evidence[e-1].viewerDataByStage.3.log.pages[0].title,최수민→예비신랑 연락 기록,Choi Soo-min → groom-to-be contact record,チェ・スミン→予備新郎連絡記録,崔秀民 → 准新郎联络记录,"Case metadata, character profile, dispute, evidence, solution, or evidence-viewer surface text. Party dialogue scripts are not included here."
case_surface_content_src_data_cases_generated_friend-01_evidence_e-1_.viewerDataByStage.3.log.pages_1_.label,case_surface_content,src/data/cases/generated,friend-01,evidence[e-1].viewerDataByStage.3.log.pages[1].label,2쪽 문구 재맥락,Page 2: Recontextualization of phrases,2ページのフレーズの再コンテキスト,第 2 页：短语的语境重构,"Case metadata, character profile, dispute, evidence, solution, or evidence-viewer surface text. Party dialogue scripts are not included here."
case_surface_content_src_data_cases_generated_friend-01_evidence_e-1_.viewerDataByStage.3.log.pages_1_.note,case_surface_content,src/data/cases/generated,friend-01,evidence[e-1].viewerDataByStage.3.log.pages[1].note,"2쪽은 일부 원문을 복원한다. 최수민이 태윤과의 사적인 문제를 따지려는 연락은 아닌 듯하지만, 정확한 목적은 아직 봉인되어 있다.",,2ページはいくつかの原文を復元します。チェ・スミンがテユンとの私的な問題を考えようとする連絡ではないようだが、正確な目的はまだ封印されている。,第2页恢复了部分原文。崔秀民与泰允的联系似乎并不是为了讨论个人问题，但具体目的仍是未知数。,"Case metadata, character profile, dispute, evidence, solution, or evidence-viewer surface text. Party dialogue scripts are not included here."
case_surface_content_src_data_cases_generated_friend-01_evidence_e-1_.viewerDataByStage.3.log.pages_1_.rows_0_.date,case_surface_content,src/data/cases/generated,friend-01,evidence[e-1].viewerDataByStage.3.log.pages[1].rows[0].date,03.01 19시대,,03.01 19時代,03.01 十九世纪,"Case metadata, character profile, dispute, evidence, solution, or evidence-viewer surface text. Party dialogue scripts are not included here."
case_surface_content_src_data_cases_generated_friend-01_evidence_e-1_.viewerDataByStage.3.log.pages_1_.rows_0_.duration,case_surface_content,src/data/cases/generated,friend-01,evidence[e-1].viewerDataByStage.3.log.pages[1].rows[0].duration,0분 12초 (끊김),,0分12秒（切）,0分12秒（中断）,"Case metadata, character profile, dispute, evidence, solution, or evidence-viewer surface text. Party dialogue scripts are not included here."
case_surface_content_src_data_cases_generated_friend-01_evidence_e-1_.viewerDataByStage.3.log.pages_1_.rows_0_.target,case_surface_content,src/data/cases/generated,friend-01,evidence[e-1].viewerDataByStage.3.log.pages[1].rows[0].target,김태○ (예비신랑),,キム・テ○（予備新郎）,金泰○（准新郎）,"Case metadata, character profile, dispute, evidence, solution, or evidence-viewer surface text. Party dialogue scripts are not included here."
case_surface_content_src_data_cases_generated_friend-01_evidence_e-1_.viewerDataByStage.3.log.pages_1_.rows_0_.typeLabel,case_surface_content,src/data/cases/generated,friend-01,evidence[e-1].viewerDataByStage.3.log.pages[1].rows[0].typeLabel,발신,,発信,传出,"Case metadata, character profile, dispute, evidence, solution, or evidence-viewer surface text. Party dialogue scripts are not included here."
case_surface_content_src_data_cases_generated_friend-01_evidence_e-1_.viewerDataByStage.3.log.pages_1_.rows_1_.date,case_surface_content,src/data/cases/generated,friend-01,evidence[e-1].viewerDataByStage.3.log.pages[1].rows[1].date,03.01 19시대,,03.01 19時代,03.01 十九世纪,"Case metadata, character profile, dispute, evidence, solution, or evidence-viewer surface text. Party dialogue scripts are not included here."
case_surface_content_src_data_cases_generated_friend-01_evidence_e-1_.viewerDataByStage.3.log.pages_1_.rows_1_.duration,case_surface_content,src/data/cases/generated,friend-01,evidence[e-1].viewerDataByStage.3.log.pages[1].rows[1].duration,"""태윤 씨, 수민입니다. 잠깐만 통화할 수 있을까요""",,「テユンさん、スミンです。ちょっと通話できますか」,“泰妍，我是Sumin。我可以和你聊聊吗？”,"Case metadata, character profile, dispute, evidence, solution, or evidence-viewer surface text. Party dialogue scripts are not included here."
case_surface_content_src_data_cases_generated_friend-01_evidence_e-1_.viewerDataByStage.3.log.pages_1_.rows_1_.target,case_surface_content,src/data/cases/generated,friend-01,evidence[e-1].viewerDataByStage.3.log.pages[1].rows[1].target,김태○,,キム・テ○,金泰○,"Case metadata, character profile, dispute, evidence, solution, or evidence-viewer surface text. Party dialogue scripts are not included here."
case_surface_content_src_data_cases_generated_friend-01_evidence_e-1_.viewerDataByStage.3.log.pages_1_.rows_1_.typeLabel,case_surface_content,src/data/cases/generated,friend-01,evidence[e-1].viewerDataByStage.3.log.pages[1].rows[1].typeLabel,문자,,文字,信息,"Case metadata, character profile, dispute, evidence, solution, or evidence-viewer surface text. Party dialogue scripts are not included here."
case_surface_content_src_data_cases_generated_friend-01_evidence_e-1_.viewerDataByStage.3.log.pages_1_.rows_2_.date,case_surface_content,src/data/cases/generated,friend-01,evidence[e-1].viewerDataByStage.3.log.pages[1].rows[2].date,03.02 10시대,,03.02 10時代,03.02 第10纪元,"Case metadata, character profile, dispute, evidence, solution, or evidence-viewer surface text. Party dialogue scripts are not included here."
case_surface_content_src_data_cases_generated_friend-01_evidence_e-1_.viewerDataByStage.3.log.pages_1_.rows_2_.duration,case_surface_content,src/data/cases/generated,friend-01,evidence[e-1].viewerDataByStage.3.log.pages[1].rows[2].duration,"""그때 저한테 선 넘은 말 한 걸 문제 삼으려는 게 아니에요""",,「その時、私に線を越えた言葉を問題にしようとするのではありません」,“我并不是想因为你当时对我说了一些越界的话而引起争议。”,"Case metadata, character profile, dispute, evidence, solution, or evidence-viewer surface text. Party dialogue scripts are not included here."
case_surface_content_src_data_cases_generated_friend-01_evidence_e-1_.viewerDataByStage.3.log.pages_1_.rows_2_.target,case_surface_content,src/data/cases/generated,friend-01,evidence[e-1].viewerDataByStage.3.log.pages[1].rows[2].target,김태○,,キム・テ○,金泰○,"Case metadata, character profile, dispute, evidence, solution, or evidence-viewer surface text. Party dialogue scripts are not included here."
case_surface_content_src_data_cases_generated_friend-01_evidence_e-1_.viewerDataByStage.3.log.pages_1_.rows_2_.typeLabel,case_surface_content,src/data/cases/generated,friend-01,evidence[e-1].viewerDataByStage.3.log.pages[1].rows[2].typeLabel,문자,,文字,信息,"Case metadata, character profile, dispute, evidence, solution, or evidence-viewer surface text. Party dialogue scripts are not included here."
case_surface_content_src_data_cases_generated_friend-01_evidence_e-1_.viewerDataByStage.3.log.pages_1_.rows_3_.date,case_surface_content,src/data/cases/generated,friend-01,evidence[e-1].viewerDataByStage.3.log.pages[1].rows[3].date,03.03 09시대,,03.03 09時代,09年3月3日,"Case metadata, character profile, dispute, evidence, solution, or evidence-viewer surface text. Party dialogue scripts are not included here."
case_surface_content_src_data_cases_generated_friend-01_evidence_e-1_.viewerDataByStage.3.log.pages_1_.rows_3_.duration,case_surface_content,src/data/cases/generated,friend-01,evidence[e-1].viewerDataByStage.3.log.pages[1].rows[3].duration,"""다른 얘기라서 전화로 설명하고 싶어요""",,「他の話なので電話で説明したい」,“这是一个不同的故事，所以我想通过电话解释一下。”,"Case metadata, character profile, dispute, evidence, solution, or evidence-viewer surface text. Party dialogue scripts are not included here."
case_surface_content_src_data_cases_generated_friend-01_evidence_e-1_.viewerDataByStage.3.log.pages_1_.rows_3_.target,case_surface_content,src/data/cases/generated,friend-01,evidence[e-1].viewerDataByStage.3.log.pages[1].rows[3].target,김태○,,キム・テ○,金泰○,"Case metadata, character profile, dispute, evidence, solution, or evidence-viewer surface text. Party dialogue scripts are not included here."
case_surface_content_src_data_cases_generated_friend-01_evidence_e-1_.viewerDataByStage.3.log.pages_1_.rows_3_.typeLabel,case_surface_content,src/data/cases/generated,friend-01,evidence[e-1].viewerDataByStage.3.log.pages[1].rows[3].typeLabel,문자,,文字,信息,"Case metadata, character profile, dispute, evidence, solution, or evidence-viewer surface text. Party dialogue scripts are not included here."
case_surface_content_src_data_cases_generated_friend-01_evidence_e-1_.viewerDataByStage.3.log.pages_1_.rows_4_.date,case_surface_content,src/data/cases/generated,friend-01,evidence[e-1].viewerDataByStage.3.log.pages[1].rows[4].date,03.04 12시대,,03.04 12時代,03.04 12岁,"Case metadata, character profile, dispute, evidence, solution, or evidence-viewer surface text. Party dialogue scripts are not included here."
case_surface_content_src_data_cases_generated_friend-01_evidence_e-1_.viewerDataByStage.3.log.pages_1_.rows_4_.duration,case_surface_content,src/data/cases/generated,friend-01,evidence[e-1].viewerDataByStage.3.log.pages[1].rows[4].duration,0분 08초 (끊김),,0分08秒（切）,0分08秒（中断）,"Case metadata, character profile, dispute, evidence, solution, or evidence-viewer surface text. Party dialogue scripts are not included here."
case_surface_content_src_data_cases_generated_friend-01_evidence_e-1_.viewerDataByStage.3.log.pages_1_.rows_4_.target,case_surface_content,src/data/cases/generated,friend-01,evidence[e-1].viewerDataByStage.3.log.pages[1].rows[4].target,김태○,,キム・テ○,金泰○,"Case metadata, character profile, dispute, evidence, solution, or evidence-viewer surface text. Party dialogue scripts are not included here."
case_surface_content_src_data_cases_generated_friend-01_evidence_e-1_.viewerDataByStage.3.log.pages_1_.rows_4_.typeLabel,case_surface_content,src/data/cases/generated,friend-01,evidence[e-1].viewerDataByStage.3.log.pages[1].rows[4].typeLabel,발신,,発信,传出,"Case metadata, character profile, dispute, evidence, solution, or evidence-viewer surface text. Party dialogue scripts are not included here."
case_surface_content_src_data_cases_generated_friend-01_evidence_e-1_.viewerDataByStage.3.log.pages_1_.rows_5_.date,case_surface_content,src/data/cases/generated,friend-01,evidence[e-1].viewerDataByStage.3.log.pages[1].rows[5].date,03.05 21시대,,03.05 21時代,03.05 21时代,"Case metadata, character profile, dispute, evidence, solution, or evidence-viewer surface text. Party dialogue scripts are not included here."
case_surface_content_src_data_cases_generated_friend-01_evidence_e-1_.viewerDataByStage.3.log.pages_1_.rows_5_.duration,case_surface_content,src/data/cases/generated,friend-01,evidence[e-1].viewerDataByStage.3.log.pages[1].rows[5].duration,"""저랑 태윤 씨 문제로 부르는 게 아니에요""",,「私とテユンさんの問題で呼ぶのではありません」,“我打电话给你不是因为我和泰妍之间的问题。”,"Case metadata, character profile, dispute, evidence, solution, or evidence-viewer surface text. Party dialogue scripts are not included here."
case_surface_content_src_data_cases_generated_friend-01_evidence_e-1_.viewerDataByStage.3.log.pages_1_.rows_5_.target,case_surface_content,src/data/cases/generated,friend-01,evidence[e-1].viewerDataByStage.3.log.pages[1].rows[5].target,김태○,,キム・テ○,金泰○,"Case metadata, character profile, dispute, evidence, solution, or evidence-viewer surface text. Party dialogue scripts are not included here."
case_surface_content_src_data_cases_generated_friend-01_evidence_e-1_.viewerDataByStage.3.log.pages_1_.rows_5_.typeLabel,case_surface_content,src/data/cases/generated,friend-01,evidence[e-1].viewerDataByStage.3.log.pages[1].rows[5].typeLabel,문자,,文字,信息,"Case metadata, character profile, dispute, evidence, solution, or evidence-viewer surface text. Party dialogue scripts are not included here."
case_surface_content_src_data_cases_generated_friend-01_evidence_e-1_.viewerDataByStage.3.log.pages_1_.rows_6_.date,case_surface_content,src/data/cases/generated,friend-01,evidence[e-1].viewerDataByStage.3.log.pages[1].rows[6].date,03.06 08시대,,03.06 08時代,08年03.06时代,"Case metadata, character profile, dispute, evidence, solution, or evidence-viewer surface text. Party dialogue scripts are not included here."
case_surface_content_src_data_cases_generated_friend-01_evidence_e-1_.viewerDataByStage.3.log.pages_1_.rows_6_.duration,case_surface_content,src/data/cases/generated,friend-01,evidence[e-1].viewerDataByStage.3.log.pages[1].rows[6].duration,1분 42초,,1分42秒,1分42秒,"Case metadata, character profile, dispute, evidence, solution, or evidence-viewer surface text. Party dialogue scripts are not included here."
case_surface_content_src_data_cases_generated_friend-01_evidence_e-1_.viewerDataByStage.3.log.pages_1_.rows_6_.target,case_surface_content,src/data/cases/generated,friend-01,evidence[e-1].viewerDataByStage.3.log.pages[1].rows[6].target,김태○,,キム・テ○,金泰○,"Case metadata, character profile, dispute, evidence, solution, or evidence-viewer surface text. Party dialogue scripts are not included here."
case_surface_content_src_data_cases_generated_friend-01_evidence_e-1_.viewerDataByStage.3.log.pages_1_.rows_6_.typeLabel,case_surface_content,src/data/cases/generated,friend-01,evidence[e-1].viewerDataByStage.3.log.pages[1].rows[6].typeLabel,발신,,発信,传出,"Case metadata, character profile, dispute, evidence, solution, or evidence-viewer surface text. Party dialogue scripts are not included here."
case_surface_content_src_data_cases_generated_friend-01_evidence_e-1_.viewerDataByStage.3.log.pages_1_.rows_7_.date,case_surface_content,src/data/cases/generated,friend-01,evidence[e-1].viewerDataByStage.3.log.pages[1].rows[7].date,03.08 17시대,,03.08 17時代,03.08 第十七纪元,"Case metadata, character profile, dispute, evidence, solution, or evidence-viewer surface text. Party dialogue scripts are not included here."
case_surface_content_src_data_cases_generated_friend-01_evidence_e-1_.viewerDataByStage.3.log.pages_1_.rows_7_.duration,case_surface_content,src/data/cases/generated,friend-01,evidence[e-1].viewerDataByStage.3.log.pages[1].rows[7].duration,"""오해할 얘기는 아닌데, 그냥 넘기면 안 될 것 같아요""",,「誤解する話じゃないけど、ただめくってはいけないと思います」,“我无意误解，但我认为我们不应该忽视它。”,"Case metadata, character profile, dispute, evidence, solution, or evidence-viewer surface text. Party dialogue scripts are not included here."
case_surface_content_src_data_cases_generated_friend-01_evidence_e-1_.viewerDataByStage.3.log.pages_1_.rows_7_.target,case_surface_content,src/data/cases/generated,friend-01,evidence[e-1].viewerDataByStage.3.log.pages[1].rows[7].target,김태○,,キム・テ○,金泰○,"Case metadata, character profile, dispute, evidence, solution, or evidence-viewer surface text. Party dialogue scripts are not included here."
case_surface_content_src_data_cases_generated_friend-01_evidence_e-1_.viewerDataByStage.3.log.pages_1_.rows_7_.typeLabel,case_surface_content,src/data/cases/generated,friend-01,evidence[e-1].viewerDataByStage.3.log.pages[1].rows[7].typeLabel,문자,,文字,信息,"Case metadata, character profile, dispute, evidence, solution, or evidence-viewer surface text. Party dialogue scripts are not included here."
case_surface_content_src_data_cases_generated_friend-01_evidence_e-1_.viewerDataByStage.3.log.pages_1_.rows_8_.date,case_surface_content,src/data/cases/generated,friend-01,evidence[e-1].viewerDataByStage.3.log.pages[1].rows[8].date,03.09 11시대,,03.09 11時代,03.09 第11纪元,"Case metadata, character profile, dispute, evidence, solution, or evidence-viewer surface text. Party dialogue scripts are not included here."
case_surface_content_src_data_cases_generated_friend-01_evidence_e-1_.viewerDataByStage.3.log.pages_1_.rows_8_.duration,case_surface_content,src/data/cases/generated,friend-01,evidence[e-1].viewerDataByStage.3.log.pages[1].rows[8].duration,부재중 (차단 추정),,不在（遮断推定）,不在办公室（假定已被阻止）,"Case metadata, character profile, dispute, evidence, solution, or evidence-viewer surface text. Party dialogue scripts are not included here."
case_surface_content_src_data_cases_generated_friend-01_evidence_e-1_.viewerDataByStage.3.log.pages_1_.rows_8_.target,case_surface_content,src/data/cases/generated,friend-01,evidence[e-1].viewerDataByStage.3.log.pages[1].rows[8].target,김태○,,キム・テ○,金泰○,"Case metadata, character profile, dispute, evidence, solution, or evidence-viewer surface text. Party dialogue scripts are not included here."
case_surface_content_src_data_cases_generated_friend-01_evidence_e-1_.viewerDataByStage.3.log.pages_1_.rows_8_.typeLabel,case_surface_content,src/data/cases/generated,friend-01,evidence[e-1].viewerDataByStage.3.log.pages[1].rows[8].typeLabel,발신,,発信,传出,"Case metadata, character profile, dispute, evidence, solution, or evidence-viewer surface text. Party dialogue scripts are not included here."
case_surface_content_src_data_cases_generated_friend-01_evidence_e-1_.viewerDataByStage.3.log.pages_1_.title,case_surface_content,src/data/cases/generated,friend-01,evidence[e-1].viewerDataByStage.3.log.pages[1].title,최수민→예비신랑 연락 기록,Choi Soo-min → groom-to-be contact record,チェ・スミン→予備新郎連絡記録,崔秀民 → 准新郎联络记录,"Case metadata, character profile, dispute, evidence, solution, or evidence-viewer surface text. Party dialogue scripts are not included here."
case_surface_content_src_data_cases_generated_friend-01_evidence_e-1_.viewerDataByStage.3.log.pages_2_.label,case_surface_content,src/data/cases/generated,friend-01,evidence[e-1].viewerDataByStage.3.log.pages[2].label,3쪽 다은 관련 사유,Reasons related to page 3,3ページダウン関連の理由,与第3页相关的原因,"Case metadata, character profile, dispute, evidence, solution, or evidence-viewer surface text. Party dialogue scripts are not included here."
case_surface_content_src_data_cases_generated_friend-01_evidence_e-1_.viewerDataByStage.3.log.pages_2_.note,case_surface_content,src/data/cases/generated,friend-01,evidence[e-1].viewerDataByStage.3.log.pages[2].note,"3쪽 전체 원문에서는 “다은이 관련 이야기”, “예전에 같은 일” 같은 문구가 반복된다. 연락 의도는 예비신랑과 수민 사이의 감정 문제가 아니라 다른 사안으로 보인다.",,3ページ全体の原文では、「Dai-i関連の話」、「以前に同じこと」などのフレーズが繰り返される。連絡意図は予備新郎と水民の間の感情問題ではなく、他の事案とみられる。,第3页的原文中，重复出现了“与多恩有关的故事”、“和以前一样的事情”等短语。接触的意图似乎不仅仅是准新郎和苏敏之间的情感问题。,"Case metadata, character profile, dispute, evidence, solution, or evidence-viewer surface text. Party dialogue scripts are not included here."
case_surface_content_src_data_cases_generated_friend-01_evidence_e-1_.viewerDataByStage.3.log.pages_2_.rows_0_.duration,case_surface_content,src/data/cases/generated,friend-01,evidence[e-1].viewerDataByStage.3.log.pages[2].rows[0].duration,0분 12초 (끊김),,0分12秒（切）,0分12秒（中断）,"Case metadata, character profile, dispute, evidence, solution, or evidence-viewer surface text. Party dialogue scripts are not included here."
case_surface_content_src_data_cases_generated_friend-01_evidence_e-1_.viewerDataByStage.3.log.pages_2_.rows_0_.target,case_surface_content,src/data/cases/generated,friend-01,evidence[e-1].viewerDataByStage.3.log.pages[2].rows[0].target,김태윤 (예비신랑),,キム・テユン（予備新郎）,金泰润（准新郎）,"Case metadata, character profile, dispute, evidence, solution, or evidence-viewer surface text. Party dialogue scripts are not included here."
case_surface_content_src_data_cases_generated_friend-01_evidence_e-1_.viewerDataByStage.3.log.pages_2_.rows_0_.typeLabel,case_surface_content,src/data/cases/generated,friend-01,evidence[e-1].viewerDataByStage.3.log.pages[2].rows[0].typeLabel,발신,,発信,传出,"Case metadata, character profile, dispute, evidence, solution, or evidence-viewer surface text. Party dialogue scripts are not included here."
case_surface_content_src_data_cases_generated_friend-01_evidence_e-1_.viewerDataByStage.3.log.pages_2_.rows_1_.duration,case_surface_content,src/data/cases/generated,friend-01,evidence[e-1].viewerDataByStage.3.log.pages[2].rows[1].duration,"""태윤 씨, 수민입니다. 잠깐만 통화할 수 있을까요""",,「テユンさん、スミンです。ちょっと通話できますか」,“泰妍，我是Sumin。我可以和你聊聊吗？”,"Case metadata, character profile, dispute, evidence, solution, or evidence-viewer surface text. Party dialogue scripts are not included here."
case_surface_content_src_data_cases_generated_friend-01_evidence_e-1_.viewerDataByStage.3.log.pages_2_.rows_1_.target,case_surface_content,src/data/cases/generated,friend-01,evidence[e-1].viewerDataByStage.3.log.pages[2].rows[1].target,김태윤,,キム・テユン,金泰润,"Case metadata, character profile, dispute, evidence, solution, or evidence-viewer surface text. Party dialogue scripts are not included here."
case_surface_content_src_data_cases_generated_friend-01_evidence_e-1_.viewerDataByStage.3.log.pages_2_.rows_1_.typeLabel,case_surface_content,src/data/cases/generated,friend-01,evidence[e-1].viewerDataByStage.3.log.pages[2].rows[1].typeLabel,문자,,文字,信息,"Case metadata, character profile, dispute, evidence, solution, or evidence-viewer surface text. Party dialogue scripts are not included here."
case_surface_content_src_data_cases_generated_friend-01_evidence_e-1_.viewerDataByStage.3.log.pages_2_.rows_10_.duration,case_surface_content,src/data/cases/generated,friend-01,evidence[e-1].viewerDataByStage.3.log.pages[2].rows[10].duration,부재중,,不在,缺席的,"Case metadata, character profile, dispute, evidence, solution, or evidence-viewer surface text. Party dialogue scripts are not included here."
case_surface_content_src_data_cases_generated_friend-01_evidence_e-1_.viewerDataByStage.3.log.pages_2_.rows_10_.target,case_surface_content,src/data/cases/generated,friend-01,evidence[e-1].viewerDataByStage.3.log.pages[2].rows[10].target,김태윤,,キム・テユン,金泰润,"Case metadata, character profile, dispute, evidence, solution, or evidence-viewer surface text. Party dialogue scripts are not included here."
case_surface_content_src_data_cases_generated_friend-01_evidence_e-1_.viewerDataByStage.3.log.pages_2_.rows_10_.typeLabel,case_surface_content,src/data/cases/generated,friend-01,evidence[e-1].viewerDataByStage.3.log.pages[2].rows[10].typeLabel,발신,,発信,传出,"Case metadata, character profile, dispute, evidence, solution, or evidence-viewer surface text. Party dialogue scripts are not included here."
case_surface_content_src_data_cases_generated_friend-01_evidence_e-1_.viewerDataByStage.3.log.pages_2_.rows_11_.duration,case_surface_content,src/data/cases/generated,friend-01,evidence[e-1].viewerDataByStage.3.log.pages[2].rows[11].duration,"""마지막으로 부탁드려요. 예전에 같은 일이 있었거든요""",,「最後にお願いします。以前は同じことがありました」,“拜托，最后一次。以前也发生过同样的事情。”,"Case metadata, character profile, dispute, evidence, solution, or evidence-viewer surface text. Party dialogue scripts are not included here."
case_surface_content_src_data_cases_generated_friend-01_evidence_e-1_.viewerDataByStage.3.log.pages_2_.rows_11_.target,case_surface_content,src/data/cases/generated,friend-01,evidence[e-1].viewerDataByStage.3.log.pages[2].rows[11].target,김태윤,,キム・テユン,金泰润,"Case metadata, character profile, dispute, evidence, solution, or evidence-viewer surface text. Party dialogue scripts are not included here."
case_surface_content_src_data_cases_generated_friend-01_evidence_e-1_.viewerDataByStage.3.log.pages_2_.rows_11_.typeLabel,case_surface_content,src/data/cases/generated,friend-01,evidence[e-1].viewerDataByStage.3.log.pages[2].rows[11].typeLabel,문자,,文字,信息,"Case metadata, character profile, dispute, evidence, solution, or evidence-viewer surface text. Party dialogue scripts are not included here."
case_surface_content_src_data_cases_generated_friend-01_evidence_e-1_.viewerDataByStage.3.log.pages_2_.rows_12_.duration,case_surface_content,src/data/cases/generated,friend-01,evidence[e-1].viewerDataByStage.3.log.pages[2].rows[12].duration,부재중 (차단 추정),,不在（遮断推定）,不在办公室（假定已被阻止）,"Case metadata, character profile, dispute, evidence, solution, or evidence-viewer surface text. Party dialogue scripts are not included here."
case_surface_content_src_data_cases_generated_friend-01_evidence_e-1_.viewerDataByStage.3.log.pages_2_.rows_12_.target,case_surface_content,src/data/cases/generated,friend-01,evidence[e-1].viewerDataByStage.3.log.pages[2].rows[12].target,김태윤,,キム・テユン,金泰润,"Case metadata, character profile, dispute, evidence, solution, or evidence-viewer surface text. Party dialogue scripts are not included here."
case_surface_content_src_data_cases_generated_friend-01_evidence_e-1_.viewerDataByStage.3.log.pages_2_.rows_12_.typeLabel,case_surface_content,src/data/cases/generated,friend-01,evidence[e-1].viewerDataByStage.3.log.pages[2].rows[12].typeLabel,발신,,発信,传出,"Case metadata, character profile, dispute, evidence, solution, or evidence-viewer surface text. Party dialogue scripts are not included here."
case_surface_content_src_data_cases_generated_friend-01_evidence_e-1_.viewerDataByStage.3.log.pages_2_.rows_13_.duration,case_surface_content,src/data/cases/generated,friend-01,evidence[e-1].viewerDataByStage.3.log.pages[2].rows[13].duration,"""차단하셨나 봐요. 다은이를 끌어들이고 싶지 않았는데 미안해요""",,「遮断されたようですね。,“我猜你屏蔽了我。很抱歉我不想让多恩卷入其中。”,"Case metadata, character profile, dispute, evidence, solution, or evidence-viewer surface text. Party dialogue scripts are not included here."
case_surface_content_src_data_cases_generated_friend-01_evidence_e-1_.viewerDataByStage.3.log.pages_2_.rows_13_.target,case_surface_content,src/data/cases/generated,friend-01,evidence[e-1].viewerDataByStage.3.log.pages[2].rows[13].target,김태윤,,キム・テユン,金泰润,"Case metadata, character profile, dispute, evidence, solution, or evidence-viewer surface text. Party dialogue scripts are not included here."
case_surface_content_src_data_cases_generated_friend-01_evidence_e-1_.viewerDataByStage.3.log.pages_2_.rows_13_.typeLabel,case_surface_content,src/data/cases/generated,friend-01,evidence[e-1].viewerDataByStage.3.log.pages[2].rows[13].typeLabel,문자,,文字,信息,"Case metadata, character profile, dispute, evidence, solution, or evidence-viewer surface text. Party dialogue scripts are not included here."
case_surface_content_src_data_cases_generated_friend-01_evidence_e-1_.viewerDataByStage.3.log.pages_2_.rows_2_.duration,case_surface_content,src/data/cases/generated,friend-01,evidence[e-1].viewerDataByStage.3.log.pages[2].rows[2].duration,"""지난번에 제게 선 넘는 농담을 한 걸 따지려는 게 아니에요. 다른 얘기예요""",,「過去に私に善を超えた冗談をしたことを問うつもりはありません。別の話です」,“我并不是想批评你上次开了一个越界的玩笑。这是一个不同的故事。”,"Case metadata, character profile, dispute, evidence, solution, or evidence-viewer surface text. Party dialogue scripts are not included here."
case_surface_content_src_data_cases_generated_friend-01_evidence_e-1_.viewerDataByStage.3.log.pages_2_.rows_2_.target,case_surface_content,src/data/cases/generated,friend-01,evidence[e-1].viewerDataByStage.3.log.pages[2].rows[2].target,김태윤,,キム・テユン,金泰润,"Case metadata, character profile, dispute, evidence, solution, or evidence-viewer surface text. Party dialogue scripts are not included here."
case_surface_content_src_data_cases_generated_friend-01_evidence_e-1_.viewerDataByStage.3.log.pages_2_.rows_2_.typeLabel,case_surface_content,src/data/cases/generated,friend-01,evidence[e-1].viewerDataByStage.3.log.pages[2].rows[2].typeLabel,문자,,文字,信息,"Case metadata, character profile, dispute, evidence, solution, or evidence-viewer surface text. Party dialogue scripts are not included here."
case_surface_content_src_data_cases_generated_friend-01_evidence_e-1_.viewerDataByStage.3.log.pages_2_.rows_3_.duration,case_surface_content,src/data/cases/generated,friend-01,evidence[e-1].viewerDataByStage.3.log.pages[2].rows[3].duration,부재중,,不在,缺席的,"Case metadata, character profile, dispute, evidence, solution, or evidence-viewer surface text. Party dialogue scripts are not included here."
case_surface_content_src_data_cases_generated_friend-01_evidence_e-1_.viewerDataByStage.3.log.pages_2_.rows_3_.target,case_surface_content,src/data/cases/generated,friend-01,evidence[e-1].viewerDataByStage.3.log.pages[2].rows[3].target,김태윤,,キム・テユン,金泰润,"Case metadata, character profile, dispute, evidence, solution, or evidence-viewer surface text. Party dialogue scripts are not included here."
case_surface_content_src_data_cases_generated_friend-01_evidence_e-1_.viewerDataByStage.3.log.pages_2_.rows_3_.typeLabel,case_surface_content,src/data/cases/generated,friend-01,evidence[e-1].viewerDataByStage.3.log.pages[2].rows[3].typeLabel,발신,,発信,传出,"Case metadata, character profile, dispute, evidence, solution, or evidence-viewer surface text. Party dialogue scripts are not included here."
case_surface_content_src_data_cases_generated_friend-01_evidence_e-1_.viewerDataByStage.3.log.pages_2_.rows_4_.duration,case_surface_content,src/data/cases/generated,friend-01,evidence[e-1].viewerDataByStage.3.log.pages[2].rows[4].duration,"""중요한 얘기가 있어요. 다은이 관련 이야기에요""",,「重要な話があります。,“我有重要的事情要说。是关于多恩的。”,"Case metadata, character profile, dispute, evidence, solution, or evidence-viewer surface text. Party dialogue scripts are not included here."
case_surface_content_src_data_cases_generated_friend-01_evidence_e-1_.viewerDataByStage.3.log.pages_2_.rows_4_.target,case_surface_content,src/data/cases/generated,friend-01,evidence[e-1].viewerDataByStage.3.log.pages[2].rows[4].target,김태윤,,キム・テユン,金泰润,"Case metadata, character profile, dispute, evidence, solution, or evidence-viewer surface text. Party dialogue scripts are not included here."
case_surface_content_src_data_cases_generated_friend-01_evidence_e-1_.viewerDataByStage.3.log.pages_2_.rows_4_.typeLabel,case_surface_content,src/data/cases/generated,friend-01,evidence[e-1].viewerDataByStage.3.log.pages[2].rows[4].typeLabel,문자,,文字,信息,"Case metadata, character profile, dispute, evidence, solution, or evidence-viewer surface text. Party dialogue scripts are not included here."
case_surface_content_src_data_cases_generated_friend-01_evidence_e-1_.viewerDataByStage.3.log.pages_2_.rows_5_.duration,case_surface_content,src/data/cases/generated,friend-01,evidence[e-1].viewerDataByStage.3.log.pages[2].rows[5].duration,0분 08초 (끊김),,0分08秒（切）,0分08秒（中断）,"Case metadata, character profile, dispute, evidence, solution, or evidence-viewer surface text. Party dialogue scripts are not included here."
case_surface_content_src_data_cases_generated_friend-01_evidence_e-1_.viewerDataByStage.3.log.pages_2_.rows_5_.target,case_surface_content,src/data/cases/generated,friend-01,evidence[e-1].viewerDataByStage.3.log.pages[2].rows[5].target,김태윤,,キム・テユン,金泰润,"Case metadata, character profile, dispute, evidence, solution, or evidence-viewer surface text. Party dialogue scripts are not included here."
case_surface_content_src_data_cases_generated_friend-01_evidence_e-1_.viewerDataByStage.3.log.pages_2_.rows_5_.typeLabel,case_surface_content,src/data/cases/generated,friend-01,evidence[e-1].viewerDataByStage.3.log.pages[2].rows[5].typeLabel,발신,,発信,传出,"Case metadata, character profile, dispute, evidence, solution, or evidence-viewer surface text. Party dialogue scripts are not included here."
case_surface_content_src_data_cases_generated_friend-01_evidence_e-1_.viewerDataByStage.3.log.pages_2_.rows_6_.duration,case_surface_content,src/data/cases/generated,friend-01,evidence[e-1].viewerDataByStage.3.log.pages[2].rows[6].duration,"""피하지 마세요. 다은이한테 지금 바로 말하기 어려워서 이러는 거예요""",,「避けてはいけません。,“别躲着我。我这样做是因为现在很难告诉多恩。”,"Case metadata, character profile, dispute, evidence, solution, or evidence-viewer surface text. Party dialogue scripts are not included here."
case_surface_content_src_data_cases_generated_friend-01_evidence_e-1_.viewerDataByStage.3.log.pages_2_.rows_6_.target,case_surface_content,src/data/cases/generated,friend-01,evidence[e-1].viewerDataByStage.3.log.pages[2].rows[6].target,김태윤,,キム・テユン,金泰润,"Case metadata, character profile, dispute, evidence, solution, or evidence-viewer surface text. Party dialogue scripts are not included here."
case_surface_content_src_data_cases_generated_friend-01_evidence_e-1_.viewerDataByStage.3.log.pages_2_.rows_6_.typeLabel,case_surface_content,src/data/cases/generated,friend-01,evidence[e-1].viewerDataByStage.3.log.pages[2].rows[6].typeLabel,문자,,文字,信息,"Case metadata, character profile, dispute, evidence, solution, or evidence-viewer surface text. Party dialogue scripts are not included here."
case_surface_content_src_data_cases_generated_friend-01_evidence_e-1_.viewerDataByStage.3.log.pages_2_.rows_7_.duration,case_surface_content,src/data/cases/generated,friend-01,evidence[e-1].viewerDataByStage.3.log.pages[2].rows[7].duration,"""한 번만 만나서 얘기하면 다 이해할 거예요""",,「一度だけ会って話したら全部理解できるんです」,“如果你见过我一次并和我交谈，你就会明白一切。”,"Case metadata, character profile, dispute, evidence, solution, or evidence-viewer surface text. Party dialogue scripts are not included here."
case_surface_content_src_data_cases_generated_friend-01_evidence_e-1_.viewerDataByStage.3.log.pages_2_.rows_7_.target,case_surface_content,src/data/cases/generated,friend-01,evidence[e-1].viewerDataByStage.3.log.pages[2].rows[7].target,김태윤,,キム・テユン,金泰润,"Case metadata, character profile, dispute, evidence, solution, or evidence-viewer surface text. Party dialogue scripts are not included here."
case_surface_content_src_data_cases_generated_friend-01_evidence_e-1_.viewerDataByStage.3.log.pages_2_.rows_7_.typeLabel,case_surface_content,src/data/cases/generated,friend-01,evidence[e-1].viewerDataByStage.3.log.pages[2].rows[7].typeLabel,문자,,文字,信息,"Case metadata, character profile, dispute, evidence, solution, or evidence-viewer surface text. Party dialogue scripts are not included here."
case_surface_content_src_data_cases_generated_friend-01_evidence_e-1_.viewerDataByStage.3.log.pages_2_.rows_8_.duration,case_surface_content,src/data/cases/generated,friend-01,evidence[e-1].viewerDataByStage.3.log.pages[2].rows[8].duration,1분 42초,,1分42秒,1分42秒,"Case metadata, character profile, dispute, evidence, solution, or evidence-viewer surface text. Party dialogue scripts are not included here."
case_surface_content_src_data_cases_generated_friend-01_evidence_e-1_.viewerDataByStage.3.log.pages_2_.rows_8_.target,case_surface_content,src/data/cases/generated,friend-01,evidence[e-1].viewerDataByStage.3.log.pages[2].rows[8].target,김태윤,,キム・テユン,金泰润,"Case metadata, character profile, dispute, evidence, solution, or evidence-viewer surface text. Party dialogue scripts are not included here."
case_surface_content_src_data_cases_generated_friend-01_evidence_e-1_.viewerDataByStage.3.log.pages_2_.rows_8_.typeLabel,case_surface_content,src/data/cases/generated,friend-01,evidence[e-1].viewerDataByStage.3.log.pages[2].rows[8].typeLabel,발신,,発信,传出,"Case metadata, character profile, dispute, evidence, solution, or evidence-viewer surface text. Party dialogue scripts are not included here."
case_surface_content_src_data_cases_generated_friend-01_evidence_e-1_.viewerDataByStage.3.log.pages_2_.rows_9_.duration,case_surface_content,src/data/cases/generated,friend-01,evidence[e-1].viewerDataByStage.3.log.pages[2].rows[9].duration,"""저도 이러고 싶지 않아요. 다은이 일이라 그냥 넘길 수 없어요""",,「私もこれをしたくありません。,“我也不想这样做。我不能因为这是多恩的工作而忽视它。”,"Case metadata, character profile, dispute, evidence, solution, or evidence-viewer surface text. Party dialogue scripts are not included here."
case_surface_content_src_data_cases_generated_friend-01_evidence_e-1_.viewerDataByStage.3.log.pages_2_.rows_9_.target,case_surface_content,src/data/cases/generated,friend-01,evidence[e-1].viewerDataByStage.3.log.pages[2].rows[9].target,김태윤,,キム・テユン,金泰润,"Case metadata, character profile, dispute, evidence, solution, or evidence-viewer surface text. Party dialogue scripts are not included here."
case_surface_content_src_data_cases_generated_friend-01_evidence_e-1_.viewerDataByStage.3.log.pages_2_.rows_9_.typeLabel,case_surface_content,src/data/cases/generated,friend-01,evidence[e-1].viewerDataByStage.3.log.pages[2].rows[9].typeLabel,문자,,文字,信息,"Case metadata, character profile, dispute, evidence, solution, or evidence-viewer surface text. Party dialogue scripts are not included here."
case_surface_content_src_data_cases_generated_friend-01_evidence_e-1_.viewerDataByStage.3.log.pages_2_.title,case_surface_content,src/data/cases/generated,friend-01,evidence[e-1].viewerDataByStage.3.log.pages[2].title,최수민→예비신랑 연락 기록,Choi Soo-min → groom-to-be contact record,チェ・スミン→予備新郎連絡記録,崔秀民 → 准新郎联络记录,"Case metadata, character profile, dispute, evidence, solution, or evidence-viewer surface text. Party dialogue scripts are not included here."
case_surface_content_src_data_cases_generated_friend-01_evidence_e-1_.viewerDataByStage.3.log.rows_0_.duration,case_surface_content,src/data/cases/generated,friend-01,evidence[e-1].viewerDataByStage.3.log.rows[0].duration,0분 12초 (끊김),,0分12秒（切）,0分12秒（中断）,"Case metadata, character profile, dispute, evidence, solution, or evidence-viewer surface text. Party dialogue scripts are not included here."
case_surface_content_src_data_cases_generated_friend-01_evidence_e-1_.viewerDataByStage.3.log.rows_0_.target,case_surface_content,src/data/cases/generated,friend-01,evidence[e-1].viewerDataByStage.3.log.rows[0].target,김태윤 (예비신랑),,キム・テユン（予備新郎）,金泰润（准新郎）,"Case metadata, character profile, dispute, evidence, solution, or evidence-viewer surface text. Party dialogue scripts are not included here."
case_surface_content_src_data_cases_generated_friend-01_evidence_e-1_.viewerDataByStage.3.log.rows_0_.typeLabel,case_surface_content,src/data/cases/generated,friend-01,evidence[e-1].viewerDataByStage.3.log.rows[0].typeLabel,발신,,発信,传出,"Case metadata, character profile, dispute, evidence, solution, or evidence-viewer surface text. Party dialogue scripts are not included here."
case_surface_content_src_data_cases_generated_friend-01_evidence_e-1_.viewerDataByStage.3.log.rows_1_.duration,case_surface_content,src/data/cases/generated,friend-01,evidence[e-1].viewerDataByStage.3.log.rows[1].duration,"""태윤 씨, 수민입니다. 잠깐만 통화할 수 있을까요""",,「テユンさん、スミンです。ちょっと通話できますか」,“泰妍，我是Sumin。我可以和你聊聊吗？”,"Case metadata, character profile, dispute, evidence, solution, or evidence-viewer surface text. Party dialogue scripts are not included here."
case_surface_content_src_data_cases_generated_friend-01_evidence_e-1_.viewerDataByStage.3.log.rows_1_.target,case_surface_content,src/data/cases/generated,friend-01,evidence[e-1].viewerDataByStage.3.log.rows[1].target,김태윤,,キム・テユン,金泰润,"Case metadata, character profile, dispute, evidence, solution, or evidence-viewer surface text. Party dialogue scripts are not included here."
case_surface_content_src_data_cases_generated_friend-01_evidence_e-1_.viewerDataByStage.3.log.rows_1_.typeLabel,case_surface_content,src/data/cases/generated,friend-01,evidence[e-1].viewerDataByStage.3.log.rows[1].typeLabel,문자,,文字,信息,"Case metadata, character profile, dispute, evidence, solution, or evidence-viewer surface text. Party dialogue scripts are not included here."
case_surface_content_src_data_cases_generated_friend-01_evidence_e-1_.viewerDataByStage.3.log.rows_10_.duration,case_surface_content,src/data/cases/generated,friend-01,evidence[e-1].viewerDataByStage.3.log.rows[10].duration,부재중,,不在,缺席的,"Case metadata, character profile, dispute, evidence, solution, or evidence-viewer surface text. Party dialogue scripts are not included here."
case_surface_content_src_data_cases_generated_friend-01_evidence_e-1_.viewerDataByStage.3.log.rows_10_.target,case_surface_content,src/data/cases/generated,friend-01,evidence[e-1].viewerDataByStage.3.log.rows[10].target,김태윤,,キム・テユン,金泰润,"Case metadata, character profile, dispute, evidence, solution, or evidence-viewer surface text. Party dialogue scripts are not included here."
case_surface_content_src_data_cases_generated_friend-01_evidence_e-1_.viewerDataByStage.3.log.rows_10_.typeLabel,case_surface_content,src/data/cases/generated,friend-01,evidence[e-1].viewerDataByStage.3.log.rows[10].typeLabel,발신,,発信,传出,"Case metadata, character profile, dispute, evidence, solution, or evidence-viewer surface text. Party dialogue scripts are not included here."
case_surface_content_src_data_cases_generated_friend-01_evidence_e-1_.viewerDataByStage.3.log.rows_11_.duration,case_surface_content,src/data/cases/generated,friend-01,evidence[e-1].viewerDataByStage.3.log.rows[11].duration,"""마지막으로 부탁드려요. 예전에 같은 일이 있었거든요""",,「最後にお願いします。以前は同じことがありました」,“拜托，最后一次。以前也发生过同样的事情。”,"Case metadata, character profile, dispute, evidence, solution, or evidence-viewer surface text. Party dialogue scripts are not included here."
case_surface_content_src_data_cases_generated_friend-01_evidence_e-1_.viewerDataByStage.3.log.rows_11_.target,case_surface_content,src/data/cases/generated,friend-01,evidence[e-1].viewerDataByStage.3.log.rows[11].target,김태윤,,キム・テユン,金泰润,"Case metadata, character profile, dispute, evidence, solution, or evidence-viewer surface text. Party dialogue scripts are not included here."
case_surface_content_src_data_cases_generated_friend-01_evidence_e-1_.viewerDataByStage.3.log.rows_11_.typeLabel,case_surface_content,src/data/cases/generated,friend-01,evidence[e-1].viewerDataByStage.3.log.rows[11].typeLabel,문자,,文字,信息,"Case metadata, character profile, dispute, evidence, solution, or evidence-viewer surface text. Party dialogue scripts are not included here."
case_surface_content_src_data_cases_generated_friend-01_evidence_e-1_.viewerDataByStage.3.log.rows_12_.duration,case_surface_content,src/data/cases/generated,friend-01,evidence[e-1].viewerDataByStage.3.log.rows[12].duration,부재중 (차단 추정),,不在（遮断推定）,不在办公室（假定已被阻止）,"Case metadata, character profile, dispute, evidence, solution, or evidence-viewer surface text. Party dialogue scripts are not included here."
case_surface_content_src_data_cases_generated_friend-01_evidence_e-1_.viewerDataByStage.3.log.rows_12_.target,case_surface_content,src/data/cases/generated,friend-01,evidence[e-1].viewerDataByStage.3.log.rows[12].target,김태윤,,キム・テユン,金泰润,"Case metadata, character profile, dispute, evidence, solution, or evidence-viewer surface text. Party dialogue scripts are not included here."
case_surface_content_src_data_cases_generated_friend-01_evidence_e-1_.viewerDataByStage.3.log.rows_12_.typeLabel,case_surface_content,src/data/cases/generated,friend-01,evidence[e-1].viewerDataByStage.3.log.rows[12].typeLabel,발신,,発信,传出,"Case metadata, character profile, dispute, evidence, solution, or evidence-viewer surface text. Party dialogue scripts are not included here."
case_surface_content_src_data_cases_generated_friend-01_evidence_e-1_.viewerDataByStage.3.log.rows_13_.duration,case_surface_content,src/data/cases/generated,friend-01,evidence[e-1].viewerDataByStage.3.log.rows[13].duration,"""차단하셨나 봐요. 다은이를 끌어들이고 싶지 않았는데 미안해요""",,「遮断されたようですね。,“我猜你屏蔽了我。很抱歉我不想让多恩卷入其中。”,"Case metadata, character profile, dispute, evidence, solution, or evidence-viewer surface text. Party dialogue scripts are not included here."
case_surface_content_src_data_cases_generated_friend-01_evidence_e-1_.viewerDataByStage.3.log.rows_13_.target,case_surface_content,src/data/cases/generated,friend-01,evidence[e-1].viewerDataByStage.3.log.rows[13].target,김태윤,,キム・テユン,金泰润,"Case metadata, character profile, dispute, evidence, solution, or evidence-viewer surface text. Party dialogue scripts are not included here."
case_surface_content_src_data_cases_generated_friend-01_evidence_e-1_.viewerDataByStage.3.log.rows_13_.typeLabel,case_surface_content,src/data/cases/generated,friend-01,evidence[e-1].viewerDataByStage.3.log.rows[13].typeLabel,문자,,文字,信息,"Case metadata, character profile, dispute, evidence, solution, or evidence-viewer surface text. Party dialogue scripts are not included here."
case_surface_content_src_data_cases_generated_friend-01_evidence_e-1_.viewerDataByStage.3.log.rows_2_.duration,case_surface_content,src/data/cases/generated,friend-01,evidence[e-1].viewerDataByStage.3.log.rows[2].duration,"""지난번에 제게 선 넘는 농담을 한 걸 따지려는 게 아니에요. 다른 얘기예요""",,「過去に私に善を超えた冗談をしたことを問うつもりはありません。別の話です」,“我并不是想批评你上次开了一个越界的玩笑。这是一个不同的故事。”,"Case metadata, character profile, dispute, evidence, solution, or evidence-viewer surface text. Party dialogue scripts are not included here."
case_surface_content_src_data_cases_generated_friend-01_evidence_e-1_.viewerDataByStage.3.log.rows_2_.target,case_surface_content,src/data/cases/generated,friend-01,evidence[e-1].viewerDataByStage.3.log.rows[2].target,김태윤,,キム・テユン,金泰润,"Case metadata, character profile, dispute, evidence, solution, or evidence-viewer surface text. Party dialogue scripts are not included here."
case_surface_content_src_data_cases_generated_friend-01_evidence_e-1_.viewerDataByStage.3.log.rows_2_.typeLabel,case_surface_content,src/data/cases/generated,friend-01,evidence[e-1].viewerDataByStage.3.log.rows[2].typeLabel,문자,,文字,信息,"Case metadata, character profile, dispute, evidence, solution, or evidence-viewer surface text. Party dialogue scripts are not included here."
case_surface_content_src_data_cases_generated_friend-01_evidence_e-1_.viewerDataByStage.3.log.rows_3_.duration,case_surface_content,src/data/cases/generated,friend-01,evidence[e-1].viewerDataByStage.3.log.rows[3].duration,부재중,,不在,缺席的,"Case metadata, character profile, dispute, evidence, solution, or evidence-viewer surface text. Party dialogue scripts are not included here."
case_surface_content_src_data_cases_generated_friend-01_evidence_e-1_.viewerDataByStage.3.log.rows_3_.target,case_surface_content,src/data/cases/generated,friend-01,evidence[e-1].viewerDataByStage.3.log.rows[3].target,김태윤,,キム・テユン,金泰润,"Case metadata, character profile, dispute, evidence, solution, or evidence-viewer surface text. Party dialogue scripts are not included here."
case_surface_content_src_data_cases_generated_friend-01_evidence_e-1_.viewerDataByStage.3.log.rows_3_.typeLabel,case_surface_content,src/data/cases/generated,friend-01,evidence[e-1].viewerDataByStage.3.log.rows[3].typeLabel,발신,,発信,传出,"Case metadata, character profile, dispute, evidence, solution, or evidence-viewer surface text. Party dialogue scripts are not included here."
case_surface_content_src_data_cases_generated_friend-01_evidence_e-1_.viewerDataByStage.3.log.rows_4_.duration,case_surface_content,src/data/cases/generated,friend-01,evidence[e-1].viewerDataByStage.3.log.rows[4].duration,"""중요한 얘기가 있어요. 다은이 관련 이야기에요""",,「重要な話があります。,“我有重要的事情要说。是关于多恩的。”,"Case metadata, character profile, dispute, evidence, solution, or evidence-viewer surface text. Party dialogue scripts are not included here."
case_surface_content_src_data_cases_generated_friend-01_evidence_e-1_.viewerDataByStage.3.log.rows_4_.target,case_surface_content,src/data/cases/generated,friend-01,evidence[e-1].viewerDataByStage.3.log.rows[4].target,김태윤,,キム・テユン,金泰润,"Case metadata, character profile, dispute, evidence, solution, or evidence-viewer surface text. Party dialogue scripts are not included here."
case_surface_content_src_data_cases_generated_friend-01_evidence_e-1_.viewerDataByStage.3.log.rows_4_.typeLabel,case_surface_content,src/data/cases/generated,friend-01,evidence[e-1].viewerDataByStage.3.log.rows[4].typeLabel,문자,,文字,信息,"Case metadata, character profile, dispute, evidence, solution, or evidence-viewer surface text. Party dialogue scripts are not included here."
case_surface_content_src_data_cases_generated_friend-01_evidence_e-1_.viewerDataByStage.3.log.rows_5_.duration,case_surface_content,src/data/cases/generated,friend-01,evidence[e-1].viewerDataByStage.3.log.rows[5].duration,0분 08초 (끊김),,0分08秒（切）,0分08秒（中断）,"Case metadata, character profile, dispute, evidence, solution, or evidence-viewer surface text. Party dialogue scripts are not included here."
case_surface_content_src_data_cases_generated_friend-01_evidence_e-1_.viewerDataByStage.3.log.rows_5_.target,case_surface_content,src/data/cases/generated,friend-01,evidence[e-1].viewerDataByStage.3.log.rows[5].target,김태윤,,キム・テユン,金泰润,"Case metadata, character profile, dispute, evidence, solution, or evidence-viewer surface text. Party dialogue scripts are not included here."
case_surface_content_src_data_cases_generated_friend-01_evidence_e-1_.viewerDataByStage.3.log.rows_5_.typeLabel,case_surface_content,src/data/cases/generated,friend-01,evidence[e-1].viewerDataByStage.3.log.rows[5].typeLabel,발신,,発信,传出,"Case metadata, character profile, dispute, evidence, solution, or evidence-viewer surface text. Party dialogue scripts are not included here."
case_surface_content_src_data_cases_generated_friend-01_evidence_e-1_.viewerDataByStage.3.log.rows_6_.duration,case_surface_content,src/data/cases/generated,friend-01,evidence[e-1].viewerDataByStage.3.log.rows[6].duration,"""피하지 마세요. 다은이한테 지금 바로 말하기 어려워서 이러는 거예요""",,「避けてはいけません。,“别躲着我。我这样做是因为现在很难告诉多恩。”,"Case metadata, character profile, dispute, evidence, solution, or evidence-viewer surface text. Party dialogue scripts are not included here."
case_surface_content_src_data_cases_generated_friend-01_evidence_e-1_.viewerDataByStage.3.log.rows_6_.target,case_surface_content,src/data/cases/generated,friend-01,evidence[e-1].viewerDataByStage.3.log.rows[6].target,김태윤,,キム・テユン,金泰润,"Case metadata, character profile, dispute, evidence, solution, or evidence-viewer surface text. Party dialogue scripts are not included here."
case_surface_content_src_data_cases_generated_friend-01_evidence_e-1_.viewerDataByStage.3.log.rows_6_.typeLabel,case_surface_content,src/data/cases/generated,friend-01,evidence[e-1].viewerDataByStage.3.log.rows[6].typeLabel,문자,,文字,信息,"Case metadata, character profile, dispute, evidence, solution, or evidence-viewer surface text. Party dialogue scripts are not included here."
case_surface_content_src_data_cases_generated_friend-01_evidence_e-1_.viewerDataByStage.3.log.rows_7_.duration,case_surface_content,src/data/cases/generated,friend-01,evidence[e-1].viewerDataByStage.3.log.rows[7].duration,"""한 번만 만나서 얘기하면 다 이해할 거예요""",,「一度だけ会って話したら全部理解できるんです」,“如果你见过我一次并和我交谈，你就会明白一切。”,"Case metadata, character profile, dispute, evidence, solution, or evidence-viewer surface text. Party dialogue scripts are not included here."
case_surface_content_src_data_cases_generated_friend-01_evidence_e-1_.viewerDataByStage.3.log.rows_7_.target,case_surface_content,src/data/cases/generated,friend-01,evidence[e-1].viewerDataByStage.3.log.rows[7].target,김태윤,,キム・テユン,金泰润,"Case metadata, character profile, dispute, evidence, solution, or evidence-viewer surface text. Party dialogue scripts are not included here."
case_surface_content_src_data_cases_generated_friend-01_evidence_e-1_.viewerDataByStage.3.log.rows_7_.typeLabel,case_surface_content,src/data/cases/generated,friend-01,evidence[e-1].viewerDataByStage.3.log.rows[7].typeLabel,문자,,文字,信息,"Case metadata, character profile, dispute, evidence, solution, or evidence-viewer surface text. Party dialogue scripts are not included here."
case_surface_content_src_data_cases_generated_friend-01_evidence_e-1_.viewerDataByStage.3.log.rows_8_.duration,case_surface_content,src/data/cases/generated,friend-01,evidence[e-1].viewerDataByStage.3.log.rows[8].duration,1분 42초,,1分42秒,1分42秒,"Case metadata, character profile, dispute, evidence, solution, or evidence-viewer surface text. Party dialogue scripts are not included here."
case_surface_content_src_data_cases_generated_friend-01_evidence_e-1_.viewerDataByStage.3.log.rows_8_.target,case_surface_content,src/data/cases/generated,friend-01,evidence[e-1].viewerDataByStage.3.log.rows[8].target,김태윤,,キム・テユン,金泰润,"Case metadata, character profile, dispute, evidence, solution, or evidence-viewer surface text. Party dialogue scripts are not included here."
case_surface_content_src_data_cases_generated_friend-01_evidence_e-1_.viewerDataByStage.3.log.rows_8_.typeLabel,case_surface_content,src/data/cases/generated,friend-01,evidence[e-1].viewerDataByStage.3.log.rows[8].typeLabel,발신,,発信,传出,"Case metadata, character profile, dispute, evidence, solution, or evidence-viewer surface text. Party dialogue scripts are not included here."
case_surface_content_src_data_cases_generated_friend-01_evidence_e-1_.viewerDataByStage.3.log.rows_9_.duration,case_surface_content,src/data/cases/generated,friend-01,evidence[e-1].viewerDataByStage.3.log.rows[9].duration,"""저도 이러고 싶지 않아요. 다은이 일이라 그냥 넘길 수 없어요""",,「私もこれをしたくありません。,“我也不想这样做。我不能因为这是多恩的工作而忽视它。”,"Case metadata, character profile, dispute, evidence, solution, or evidence-viewer surface text. Party dialogue scripts are not included here."
case_surface_content_src_data_cases_generated_friend-01_evidence_e-1_.viewerDataByStage.3.log.rows_9_.target,case_surface_content,src/data/cases/generated,friend-01,evidence[e-1].viewerDataByStage.3.log.rows[9].target,김태윤,,キム・テユン,金泰润,"Case metadata, character profile, dispute, evidence, solution, or evidence-viewer surface text. Party dialogue scripts are not included here."
case_surface_content_src_data_cases_generated_friend-01_evidence_e-1_.viewerDataByStage.3.log.rows_9_.typeLabel,case_surface_content,src/data/cases/generated,friend-01,evidence[e-1].viewerDataByStage.3.log.rows[9].typeLabel,문자,,文字,信息,"Case metadata, character profile, dispute, evidence, solution, or evidence-viewer surface text. Party dialogue scripts are not included here."
case_surface_content_src_data_cases_generated_friend-01_evidence_e-1_.viewerDataByStage.3.log.title,case_surface_content,src/data/cases/generated,friend-01,evidence[e-1].viewerDataByStage.3.log.title,최수민→예비신랑 연락 기록,Choi Soo-min → groom-to-be contact record,チェ・スミン→予備新郎連絡記録,崔秀民 → 准新郎联络记录,"Case metadata, character profile, dispute, evidence, solution, or evidence-viewer surface text. Party dialogue scripts are not included here."
case_surface_content_src_data_cases_generated_friend-01_evidence_e-1_.viewerDataByStage.3.meta.legalLabel,case_surface_content,src/data/cases/generated,friend-01,evidence[e-1].viewerDataByStage.3.meta.legalLabel,적법,,適法,合法性,"Case metadata, character profile, dispute, evidence, solution, or evidence-viewer surface text. Party dialogue scripts are not included here."
case_surface_content_src_data_cases_generated_friend-01_evidence_e-1_.viewerDataByStage.3.meta.name,case_surface_content,src/data/cases/generated,friend-01,evidence[e-1].viewerDataByStage.3.meta.name,연락 기록,contact history,連絡履歴,接触史,"Case metadata, character profile, dispute, evidence, solution, or evidence-viewer surface text. Party dialogue scripts are not included here."
case_surface_content_src_data_cases_generated_friend-01_evidence_e-1_.viewerDataByStage.3.meta.sourceLabel,case_surface_content,src/data/cases/generated,friend-01,evidence[e-1].viewerDataByStage.3.meta.sourceLabel,송다은 측,,ソンダウン側,宋多恩身边,"Case metadata, character profile, dispute, evidence, solution, or evidence-viewer surface text. Party dialogue scripts are not included here."
case_surface_content_src_data_cases_generated_friend-01_evidence_e-1_.viewerDataByStage.3.meta.stageLabel,case_surface_content,src/data/cases/generated,friend-01,evidence[e-1].viewerDataByStage.3.meta.stageLabel,3단계 — 다은 관련 사유,,ステップ3 - ダウン関連の理由,第 3 步 — 涉及的原因,"Case metadata, character profile, dispute, evidence, solution, or evidence-viewer surface text. Party dialogue scripts are not included here."
case_surface_content_src_data_cases_generated_friend-01_evidence_e-1_.viewerDataByStage.3.meta.trustLabel,case_surface_content,src/data/cases/generated,friend-01,evidence[e-1].viewerDataByStage.3.meta.trustLabel,보통,,通常,通常,"Case metadata, character profile, dispute, evidence, solution, or evidence-viewer surface text. Party dialogue scripts are not included here."
case_surface_content_src_data_cases_generated_friend-01_evidence_e-2_.description,case_surface_content,src/data/cases/generated,friend-01,evidence[e-2].description,"송다은이 '수민이가 또 내 남자한테 연락한다'고 올렸고, 몇몇 친구들이 최수민을 비난한 내용.","Song Da-eun posted, ‘Soo-min is contacting my man again,’ and several friends criticized Choi Soo-min.",ソン・ダウンが「スミンがまた私の男に連絡する」と上げ、何人かの友人がチェ・スミンを非難した内容。,宋多恩发文称“秀民又联系我的男人了”，一些朋友批评了崔秀民。,"Case metadata, character profile, dispute, evidence, solution, or evidence-viewer surface text. Party dialogue scripts are not included here."
case_surface_content_src_data_cases_generated_friend-01_evidence_e-2_.investigationResults.check_metadata,case_surface_content,src/data/cases/generated,friend-01,evidence[e-2].investigationResults.check_metadata,"두 번째 페이지에서 공통 친구들이 직접 확인 전 발언에 동조하고, 일부는 확인 필요성을 제기했음이 보인다.",,2ページ目では、共通の友達が直接確認前の発言に同調し、一部は確認の必要性を提起したようだ。,在第二页上，似乎有共同的朋友同意直接确认之前的言论，有些人提出需要确认。,"Case metadata, character profile, dispute, evidence, solution, or evidence-viewer surface text. Party dialogue scripts are not included here."
case_surface_content_src_data_cases_generated_friend-01_evidence_e-2_.investigationResults.request_original,case_surface_content,src/data/cases/generated,friend-01,evidence[e-2].investigationResults.request_original,"단톡방 첫 페이지에서 송다은이 최수민의 연락을 ""또 내 남자에게 연락""으로 단정하며 올린 정황이 확인된다.",,ダントクバンの最初のページでソン・ダウンがチェ・スミンの連絡を「また私の男に連絡」と断定して上げた状況が確認される。,在群聊的首页上，可以确认宋多恩将崔秀民的联系方式发布为“再次联系我的男人”的情况。,"Case metadata, character profile, dispute, evidence, solution, or evidence-viewer surface text. Party dialogue scripts are not included here."
case_surface_content_src_data_cases_generated_friend-01_evidence_e-2_.investigationResults.restore_context,case_surface_content,src/data/cases/generated,friend-01,evidence[e-2].investigationResults.restore_context,세 번째 페이지의 원본 대조로 송다은이 최수민에게 직접 묻기 전에 단톡방에 먼저 공유했다는 시간 순서가 확인된다.,,3ページ目のオリジナル対照でソン・ダウンがチェ・スミンに直接尋ねる前にダントクバンに先に共有したという時間順が確認される。,通过对比第三页的原文，确认了宋多恩先在群聊中分享，然后直接询问崔秀敏的时间顺序。,"Case metadata, character profile, dispute, evidence, solution, or evidence-viewer surface text. Party dialogue scripts are not included here."
case_surface_content_src_data_cases_generated_friend-01_evidence_e-2_.investigationStages_0_.label,case_surface_content,src/data/cases/generated,friend-01,evidence[e-2].investigationStages[0].label,대화확인,Check conversation,会話確認,检查对话,"Case metadata, character profile, dispute, evidence, solution, or evidence-viewer surface text. Party dialogue scripts are not included here."
case_surface_content_src_data_cases_generated_friend-01_evidence_e-2_.investigationStages_0_.question.text,case_surface_content,src/data/cases/generated,friend-01,evidence[e-2].investigationStages[0].question.text,단톡방에 처음 올린 사람은 누구입니까?,Who was the first person to post in the group chat room?,ダントクバンに初めて投稿した人は誰ですか？,谁是第一个在群聊里发帖的人？,"Case metadata, character profile, dispute, evidence, solution, or evidence-viewer surface text. Party dialogue scripts are not included here."
case_surface_content_src_data_cases_generated_friend-01_evidence_e-2_.investigationStages_1_.label,case_surface_content,src/data/cases/generated,friend-01,evidence[e-2].investigationStages[1].label,확산대조,Diffusion contrast,拡散対照,扩散对比,"Case metadata, character profile, dispute, evidence, solution, or evidence-viewer surface text. Party dialogue scripts are not included here."
case_surface_content_src_data_cases_generated_friend-01_evidence_e-2_.investigationStages_1_.question.text,case_surface_content,src/data/cases/generated,friend-01,evidence[e-2].investigationStages[1].question.text,친구들이 어떤 말로 동조했는지 확인해 주십시오.,Please check what your friends agreed with.,友達がどんな言葉で同調したかを確認してください。,请检查您的朋友同意什么。,"Case metadata, character profile, dispute, evidence, solution, or evidence-viewer surface text. Party dialogue scripts are not included here."
case_surface_content_src_data_cases_generated_friend-01_evidence_e-2_.investigationStages_1_.unlockHint,case_surface_content,src/data/cases/generated,friend-01,evidence[e-2].investigationStages[1].unlockHint,대화 원문을 더 보면 최초 발언 뒤 반응이 이어진 순서를 볼 수 있습니다.,,会話の原文をさらに見ると、最初の発言の後に反応が続いた順番を見ることができます。,如果您进一步查看对话的原文，您可以看到反应遵循最初言论的顺序。,"Case metadata, character profile, dispute, evidence, solution, or evidence-viewer surface text. Party dialogue scripts are not included here."
case_surface_content_src_data_cases_generated_friend-01_evidence_e-2_.investigationStages_2_.label,case_surface_content,src/data/cases/generated,friend-01,evidence[e-2].investigationStages[2].label,책임추궁,holding accountable,責任追及,追究责任,"Case metadata, character profile, dispute, evidence, solution, or evidence-viewer surface text. Party dialogue scripts are not included here."
case_surface_content_src_data_cases_generated_friend-01_evidence_e-2_.investigationStages_2_.question.text,case_surface_content,src/data/cases/generated,friend-01,evidence[e-2].investigationStages[2].question.text,직접 확인보다 공개가 먼저였는지 따져 주십시오.,Please consider whether disclosure took precedence over direct confirmation.,直接確認より公開が先だったのかを問い合せてください。,请考虑披露是否优先于直接确认。,"Case metadata, character profile, dispute, evidence, solution, or evidence-viewer surface text. Party dialogue scripts are not included here."
case_surface_content_src_data_cases_generated_friend-01_evidence_e-2_.investigationStages_2_.unlockHint,case_surface_content,src/data/cases/generated,friend-01,evidence[e-2].investigationStages[2].unlockHint,확산 순서를 대조하면 누가 먼저 낙인을 만들었는지 물을 수 있습니다.,,拡散順序を照合することで、誰が最初に烙印を作ったのかを尋ねることができます。,对比传播的顺序让我们可以问谁首先创造了耻辱。,"Case metadata, character profile, dispute, evidence, solution, or evidence-viewer surface text. Party dialogue scripts are not included here."
case_surface_content_src_data_cases_generated_friend-01_evidence_e-2_.meta.legalLabel,case_surface_content,src/data/cases/generated,friend-01,evidence[e-2].meta.legalLabel,적법,,適法,合法性,"Case metadata, character profile, dispute, evidence, solution, or evidence-viewer surface text. Party dialogue scripts are not included here."
case_surface_content_src_data_cases_generated_friend-01_evidence_e-2_.meta.name,case_surface_content,src/data/cases/generated,friend-01,evidence[e-2].meta.name,단톡방 캡처,Group chat room capture,ダントクバンキャプチャ,群聊房间截图,"Case metadata, character profile, dispute, evidence, solution, or evidence-viewer surface text. Party dialogue scripts are not included here."
case_surface_content_src_data_cases_generated_friend-01_evidence_e-2_.meta.sourceLabel,case_surface_content,src/data/cases/generated,friend-01,evidence[e-2].meta.sourceLabel,양측,,両側,双方,"Case metadata, character profile, dispute, evidence, solution, or evidence-viewer surface text. Party dialogue scripts are not included here."
case_surface_content_src_data_cases_generated_friend-01_evidence_e-2_.meta.stageLabel,case_surface_content,src/data/cases/generated,friend-01,evidence[e-2].meta.stageLabel,초기 공개,,初期開示,初始版本,"Case metadata, character profile, dispute, evidence, solution, or evidence-viewer surface text. Party dialogue scripts are not included here."
case_surface_content_src_data_cases_generated_friend-01_evidence_e-2_.meta.trustLabel,case_surface_content,src/data/cases/generated,friend-01,evidence[e-2].meta.trustLabel,보통,,通常,通常,"Case metadata, character profile, dispute, evidence, solution, or evidence-viewer surface text. Party dialogue scripts are not included here."
case_surface_content_src_data_cases_generated_friend-01_evidence_e-2_.name,case_surface_content,src/data/cases/generated,friend-01,evidence[e-2].name,공통 친구 단톡방 캡처,Capture from common friend group chat room,共通の友達ダントークキャプチャ,普通好友群聊天室截图,"Case metadata, character profile, dispute, evidence, solution, or evidence-viewer surface text. Party dialogue scripts are not included here."
case_surface_content_src_data_cases_generated_friend-01_evidence_e-2_.partyContext.a.implication,case_surface_content,src/data/cases/generated,friend-01,evidence[e-2].partyContext.a.implication,사전 확인을 거치지 않고 공개한 경위를 추궁한다.,,事前確認を経ずに公開した経緯を追及する。,我们将调查为何在未经事先核实的情况下披露该信息。,"Case metadata, character profile, dispute, evidence, solution, or evidence-viewer surface text. Party dialogue scripts are not included here."
case_surface_content_src_data_cases_generated_friend-01_evidence_e-2_.partyContext.a.questionAngle,case_surface_content,src/data/cases/generated,friend-01,evidence[e-2].partyContext.a.questionAngle,이 글을 올린 이유를 설명해 주십시오.,,この記事を投稿した理由を説明してください。,请解释一下您发布此内容的原因。,"Case metadata, character profile, dispute, evidence, solution, or evidence-viewer surface text. Party dialogue scripts are not included here."
case_surface_content_src_data_cases_generated_friend-01_evidence_e-2_.partyContext.b.implication,case_surface_content,src/data/cases/generated,friend-01,evidence[e-2].partyContext.b.implication,명예 훼손의 피해를 확인한다.,,名誉毀損の被害を確認する。,检查是否有诽谤造成的损害。,"Case metadata, character profile, dispute, evidence, solution, or evidence-viewer surface text. Party dialogue scripts are not included here."
case_surface_content_src_data_cases_generated_friend-01_evidence_e-2_.partyContext.b.questionAngle,case_surface_content,src/data/cases/generated,friend-01,evidence[e-2].partyContext.b.questionAngle,이 단톡방 내용을 봤을 때 어떤 기분이었습니까?,,このダントクバンの内容を見たとき、どんな気持ちでしたか？,当您看到这个群聊的内容时，有何感受？,"Case metadata, character profile, dispute, evidence, solution, or evidence-viewer surface text. Party dialogue scripts are not included here."
case_surface_content_src_data_cases_generated_friend-01_evidence_e-2_.surfaceDescription,case_surface_content,src/data/cases/generated,friend-01,evidence[e-2].surfaceDescription,공통 친구 단톡방의 대화 캡처가 존재한다.,There is a conversation capture from a common friend group chat room.,共通友達ダントクバンの会話キャプチャが存在する。,有一个普通朋友群聊天室的对话截图。,"Case metadata, character profile, dispute, evidence, solution, or evidence-viewer surface text. Party dialogue scripts are not included here."
case_surface_content_src_data_cases_generated_friend-01_evidence_e-2_.surfaceName,case_surface_content,src/data/cases/generated,friend-01,evidence[e-2].surfaceName,단톡방 캡처,Group chat room capture,ダントクバンキャプチャ,群聊房间截图,"Case metadata, character profile, dispute, evidence, solution, or evidence-viewer surface text. Party dialogue scripts are not included here."
case_surface_content_src_data_cases_generated_friend-01_evidence_e-2_.v3DepthPlan_context_.summary,case_surface_content,src/data/cases/generated,friend-01,evidence[e-2].v3DepthPlan[context].summary,확인 없이 올린 시간 순서 확인,Check the order of time posted without confirmation,確認せずにアップロードした時間順を確認する,检查发布的时间顺序，无需确认,"Case metadata, character profile, dispute, evidence, solution, or evidence-viewer surface text. Party dialogue scripts are not included here."
case_surface_content_src_data_cases_generated_friend-01_evidence_e-2_.v3DepthPlan_established_.summary,case_surface_content,src/data/cases/generated,friend-01,evidence[e-2].v3DepthPlan[established].summary,성급한 단정에 의한 명예훼손 확인,Confirmation of defamation caused by hasty conclusions,急な断定による名誉毀損の確認,仓促结论造成诽谤的确认,"Case metadata, character profile, dispute, evidence, solution, or evidence-viewer surface text. Party dialogue scripts are not included here."
case_surface_content_src_data_cases_generated_friend-01_evidence_e-2_.v3DepthPlan_excerpt_.summary,case_surface_content,src/data/cases/generated,friend-01,evidence[e-2].v3DepthPlan[excerpt].summary,송다은의 최초 발언만 보임,Only Song Da-eun's first statement is shown.,ソン・ダウンの最初の発言だけが見えます,只显示了宋多恩的第一句话。,"Case metadata, character profile, dispute, evidence, solution, or evidence-viewer surface text. Party dialogue scripts are not included here."
case_surface_content_src_data_cases_generated_friend-01_evidence_e-2_.v3DepthPlan_original_.summary,case_surface_content,src/data/cases/generated,friend-01,evidence[e-2].v3DepthPlan[original].summary,친구들의 동조 반응 확인,Check your friends' sympathetic reactions,友達の同調反応を確認する,检查你朋友的同情反应,"Case metadata, character profile, dispute, evidence, solution, or evidence-viewer surface text. Party dialogue scripts are not included here."
case_surface_content_src_data_cases_generated_friend-01_evidence_e-2_.v3DepthPlan_stub_.summary,case_surface_content,src/data/cases/generated,friend-01,evidence[e-2].v3DepthPlan[stub].summary,단톡방 캡처 존재만 보임,Only the presence of group chat room captures is visible.,ダントクバンキャプチャ存在のみが見える,仅群聊室捕获的存在可见。,"Case metadata, character profile, dispute, evidence, solution, or evidence-viewer surface text. Party dialogue scripts are not included here."
case_surface_content_src_data_cases_generated_friend-01_evidence_e-2_.v3TrustStates_authenticated_.label,case_surface_content,src/data/cases/generated,friend-01,evidence[e-2].v3TrustStates[authenticated].label,인증됨,,認証済み,已验证,"Case metadata, character profile, dispute, evidence, solution, or evidence-viewer surface text. Party dialogue scripts are not included here."
case_surface_content_src_data_cases_generated_friend-01_evidence_e-2_.v3TrustStates_authenticated_.summary,case_surface_content,src/data/cases/generated,friend-01,evidence[e-2].v3TrustStates[authenticated].summary,메시지 시각과 발신자 확인됨,Message time and sender confirmed,メッセージの時刻と送信者を確認しました,消息时间和发件人已确认,"Case metadata, character profile, dispute, evidence, solution, or evidence-viewer surface text. Party dialogue scripts are not included here."
case_surface_content_src_data_cases_generated_friend-01_evidence_e-2_.v3TrustStates_challenged_.label,case_surface_content,src/data/cases/generated,friend-01,evidence[e-2].v3TrustStates[challenged].label,이의 제기됨,Objection raised,異議申し立て,提出异议,"Case metadata, character profile, dispute, evidence, solution, or evidence-viewer surface text. Party dialogue scripts are not included here."
case_surface_content_src_data_cases_generated_friend-01_evidence_e-2_.v3TrustStates_challenged_.summary,case_surface_content,src/data/cases/generated,friend-01,evidence[e-2].v3TrustStates[challenged].summary,송다은이 '사실을 알린 것뿐'이라고 이의,"Song Da-eun objected, saying, ‘I was just reporting the facts.’",ソン・ダウンは「事実を知らせただけ」と反対,宋多恩反对说：“我只是报道事实。”,"Case metadata, character profile, dispute, evidence, solution, or evidence-viewer surface text. Party dialogue scripts are not included here."
case_surface_content_src_data_cases_generated_friend-01_evidence_e-2_.v3TrustStates_misread_.label,case_surface_content,src/data/cases/generated,friend-01,evidence[e-2].v3TrustStates[misread].label,조작/오독 판정,Manipulation/misreading judgment,操作/誤読判定,操纵/误读判断,"Case metadata, character profile, dispute, evidence, solution, or evidence-viewer surface text. Party dialogue scripts are not included here."
case_surface_content_src_data_cases_generated_friend-01_evidence_e-2_.v3TrustStates_misread_.summary,case_surface_content,src/data/cases/generated,friend-01,evidence[e-2].v3TrustStates[misread].summary,확인 없는 단정은 명예훼손에 해당 가능,Assumptions without confirmation may constitute defamation.,確認のない決定は名誉毀損に該当する,未经证实的假设可能构成诽谤。,"Case metadata, character profile, dispute, evidence, solution, or evidence-viewer surface text. Party dialogue scripts are not included here."
case_surface_content_src_data_cases_generated_friend-01_evidence_e-2_.v3TrustStates_submitted_.label,case_surface_content,src/data/cases/generated,friend-01,evidence[e-2].v3TrustStates[submitted].label,제출됨,,送信済み,已提交,"Case metadata, character profile, dispute, evidence, solution, or evidence-viewer surface text. Party dialogue scripts are not included here."
case_surface_content_src_data_cases_generated_friend-01_evidence_e-2_.v3TrustStates_submitted_.summary,case_surface_content,src/data/cases/generated,friend-01,evidence[e-2].v3TrustStates[submitted].summary,최수민이 캡처 제출,Sumin Choi submitted a capture,チェ・スミンがキャプチャを提出,Sumin Choi 提交了捕获,"Case metadata, character profile, dispute, evidence, solution, or evidence-viewer surface text. Party dialogue scripts are not included here."
case_surface_content_src_data_cases_generated_friend-01_evidence_e-2_.v3TrustStates_verifying_.label,case_surface_content,src/data/cases/generated,friend-01,evidence[e-2].v3TrustStates[verifying].label,검증 중,,検証中,正在验证,"Case metadata, character profile, dispute, evidence, solution, or evidence-viewer surface text. Party dialogue scripts are not included here."
case_surface_content_src_data_cases_generated_friend-01_evidence_e-2_.v3TrustStates_verifying_.summary,case_surface_content,src/data/cases/generated,friend-01,evidence[e-2].v3TrustStates[verifying].summary,단톡방 원본 대조 중,Comparing original text from group chat room,ダントクバンオリジナル対照中,群聊室原文对比,"Case metadata, character profile, dispute, evidence, solution, or evidence-viewer surface text. Party dialogue scripts are not included here."
case_surface_content_src_data_cases_generated_friend-01_evidence_e-2_.viewerData.chat.header,case_surface_content,src/data/cases/generated,friend-01,evidence[e-2].viewerData.chat.header,"인스타그램 DM 그룹 ""여벤저스"" — 2026.03.06 21:24",,インスタグラムDMグループ「エベンジャーズ」 — 2026.03.06 21:24,Instagram DM 群组“女复仇者” — 2026.03.06 21:24,"Case metadata, character profile, dispute, evidence, solution, or evidence-viewer surface text. Party dialogue scripts are not included here."
case_surface_content_src_data_cases_generated_friend-01_evidence_e-2_.viewerData.chat.messages_0_.text,case_surface_content,src/data/cases/generated,friend-01,evidence[e-2].viewerData.chat.messages[0].text,2026.03.06 21:24 · 원본 대조본 / 직접 확인 전 공유 순서 확인,2026.03.06 21:24 · Original copy / Check sharing order before checking directly,2026.03.06 21:24 · オリジナル対照本/直接確認前共有順序確認,2026.03.06 21:24 · 原件/查看分享订单后直接查看,"Case metadata, character profile, dispute, evidence, solution, or evidence-viewer surface text. Party dialogue scripts are not included here."
case_surface_content_src_data_cases_generated_friend-01_evidence_e-2_.viewerData.chat.messages_1_.sender,case_surface_content,src/data/cases/generated,friend-01,evidence[e-2].viewerData.chat.messages[1].sender,김세라,,セラ・キム,莎拉·金,"Case metadata, character profile, dispute, evidence, solution, or evidence-viewer surface text. Party dialogue scripts are not included here."
case_surface_content_src_data_cases_generated_friend-01_evidence_e-2_.viewerData.chat.messages_1_.text,case_surface_content,src/data/cases/generated,friend-01,evidence[e-2].viewerData.chat.messages[1].text,"다은아, 수민이가 왜 연락했는지는 확인한 거야? 혹시 태윤이가 먼저 연락한 건 아니고?","Da-eun, have you checked why Sumin contacted you? Didn’t Taeyun contact you first?",ダ・ウンア、スミンがなぜ連絡したのか確認したの？もしテユンが先に連絡したのではないか？,多恩，你查过Sumin联系你的原因吗？不是泰妍先联系你的吗？,"Case metadata, character profile, dispute, evidence, solution, or evidence-viewer surface text. Party dialogue scripts are not included here."
case_surface_content_src_data_cases_generated_friend-01_evidence_e-2_.viewerData.chat.messages_10_.sender,case_surface_content,src/data/cases/generated,friend-01,evidence[e-2].viewerData.chat.messages[10].sender,송다은,,,宋多恩,"Case metadata, character profile, dispute, evidence, solution, or evidence-viewer surface text. Party dialogue scripts are not included here."
case_surface_content_src_data_cases_generated_friend-01_evidence_e-2_.viewerData.chat.messages_10_.text,case_surface_content,src/data/cases/generated,friend-01,evidence[e-2].viewerData.chat.messages[10].text,응. 근데 지금은 수민이가 선 넘은 게 맞다고 생각해.,huh. But now I think it’s true that Sumin crossed the line.,うん。でも今はスミンが善を超えたのが正しいと思う。,呵呵。但现在我认为Sumin确实越界了。,"Case metadata, character profile, dispute, evidence, solution, or evidence-viewer surface text. Party dialogue scripts are not included here."
case_surface_content_src_data_cases_generated_friend-01_evidence_e-2_.viewerData.chat.messages_2_.sender,case_surface_content,src/data/cases/generated,friend-01,evidence[e-2].viewerData.chat.messages[2].sender,송다은,,,宋多恩,"Case metadata, character profile, dispute, evidence, solution, or evidence-viewer surface text. Party dialogue scripts are not included here."
case_surface_content_src_data_cases_generated_friend-01_evidence_e-2_.viewerData.chat.messages_2_.text,case_surface_content,src/data/cases/generated,friend-01,evidence[e-2].viewerData.chat.messages[2].text,아직 수민이한테 직접 묻진 않았어. 물어보면 또 오해라고 할 게 뻔하니까.,"I haven’t asked Sumin directly yet. Because if you ask, it's obvious they'll say it's a misunderstanding again.",まだスミンが直接尋ねていない。聞いてみるとまた誤解ということが明らかだから。,我还没有直接问Sumin。因为如果你问，很明显他们会说这又是一场误会。,"Case metadata, character profile, dispute, evidence, solution, or evidence-viewer surface text. Party dialogue scripts are not included here."
case_surface_content_src_data_cases_generated_friend-01_evidence_e-2_.viewerData.chat.messages_3_.sender,case_surface_content,src/data/cases/generated,friend-01,evidence[e-2].viewerData.chat.messages[3].sender,송다은,,,宋多恩,"Case metadata, character profile, dispute, evidence, solution, or evidence-viewer surface text. Party dialogue scripts are not included here."
case_surface_content_src_data_cases_generated_friend-01_evidence_e-2_.viewerData.chat.messages_3_.text,case_surface_content,src/data/cases/generated,friend-01,evidence[e-2].viewerData.chat.messages[3].text,그래도 이건 너희가 알아야 할 것 같아서 먼저 올린 거야. 나 혼자 예민한 사람 되기 싫어.,"Still, I thought you guys should know this, so I posted it first. I don't want to be the only sensitive person.",それでも、これはあなたが知る必要があると思うので、最初に上げたのです。私一人で敏感な人になりたくない。,不过，我认为你们应该知道这一点，所以我先发布了。我不想成为唯一敏感的人。,"Case metadata, character profile, dispute, evidence, solution, or evidence-viewer surface text. Party dialogue scripts are not included here."
case_surface_content_src_data_cases_generated_friend-01_evidence_e-2_.viewerData.chat.messages_4_.sender,case_surface_content,src/data/cases/generated,friend-01,evidence[e-2].viewerData.chat.messages[4].sender,소연,,ソヨン,素妍,"Case metadata, character profile, dispute, evidence, solution, or evidence-viewer surface text. Party dialogue scripts are not included here."
case_surface_content_src_data_cases_generated_friend-01_evidence_e-2_.viewerData.chat.messages_4_.text,case_surface_content,src/data/cases/generated,friend-01,evidence[e-2].viewerData.chat.messages[4].text,직접 확인 전이면 말은 조금 조심해야 할 것 같아. 단정해서 퍼지면 돌이키기 어렵잖아.,"I think you should be a little more careful about what you say before checking it out in person. If it spreads neatly, it's hard to turn it back.",直接確認前ならば馬は少し気をつけなければならないようだ。断定して広がると元に戻りにくいじゃない。,我认为你在亲自检查之前应该更加小心自己所说的话。如果它传播得很整齐，就很难再回头。,"Case metadata, character profile, dispute, evidence, solution, or evidence-viewer surface text. Party dialogue scripts are not included here."
case_surface_content_src_data_cases_generated_friend-01_evidence_e-2_.viewerData.chat.messages_5_.sender,case_surface_content,src/data/cases/generated,friend-01,evidence[e-2].viewerData.chat.messages[5].sender,하은,,ハウン,海恩,"Case metadata, character profile, dispute, evidence, solution, or evidence-viewer surface text. Party dialogue scripts are not included here."
case_surface_content_src_data_cases_generated_friend-01_evidence_e-2_.viewerData.chat.messages_5_.text,case_surface_content,src/data/cases/generated,friend-01,evidence[e-2].viewerData.chat.messages[5].text,근데 이미 방 분위기는 수민이가 잘못한 걸로 가고 있어.,But the mood in the room is already starting to turn towards Sumin’s fault.,しかし、すでに部屋の雰囲気はスミンが間違ったことに行っています。,但房间里的气氛已经开始转向苏民的错了。,"Case metadata, character profile, dispute, evidence, solution, or evidence-viewer surface text. Party dialogue scripts are not included here."
case_surface_content_src_data_cases_generated_friend-01_evidence_e-2_.viewerData.chat.messages_6_.sender,case_surface_content,src/data/cases/generated,friend-01,evidence[e-2].viewerData.chat.messages[6].sender,송다은,,,宋多恩,"Case metadata, character profile, dispute, evidence, solution, or evidence-viewer surface text. Party dialogue scripts are not included here."
case_surface_content_src_data_cases_generated_friend-01_evidence_e-2_.viewerData.chat.messages_6_.text,case_surface_content,src/data/cases/generated,friend-01,evidence[e-2].viewerData.chat.messages[6].text,내가 괜히 말한 건 아니야. 수민이는 예전에도 비슷한 일에서 끝까지 설명 안 했어.,I didn't say that for nothing. Sumin has never explained something similar to the end in the past.,私はそれを言ったことではありません。スミンは以前も似たようなことから最後まで説明しなかった。,我这么说并不是无缘无故的。苏民过去从来没有解释过类似结局的事情。,"Case metadata, character profile, dispute, evidence, solution, or evidence-viewer surface text. Party dialogue scripts are not included here."
case_surface_content_src_data_cases_generated_friend-01_evidence_e-2_.viewerData.chat.messages_7_.sender,case_surface_content,src/data/cases/generated,friend-01,evidence[e-2].viewerData.chat.messages[7].sender,김세라,,セラ・キム,莎拉·金,"Case metadata, character profile, dispute, evidence, solution, or evidence-viewer surface text. Party dialogue scripts are not included here."
case_surface_content_src_data_cases_generated_friend-01_evidence_e-2_.viewerData.chat.messages_7_.text,case_surface_content,src/data/cases/generated,friend-01,evidence[e-2].viewerData.chat.messages[7].text,그 예전 일이랑 이번 연락이 같은 일인지는 따로 봐야 하지 않을까.,Shouldn't we look at it separately to see if that previous incident and this contact are the same?,その以前の仕事と今回の連絡が同じことなのかは別に見なければならないのだろうか。,难道我们不应该分开看一下之前的事件和这次的接触是否是同一个人吗？,"Case metadata, character profile, dispute, evidence, solution, or evidence-viewer surface text. Party dialogue scripts are not included here."
case_surface_content_src_data_cases_generated_friend-01_evidence_e-2_.viewerData.chat.messages_8_.sender,case_surface_content,src/data/cases/generated,friend-01,evidence[e-2].viewerData.chat.messages[8].sender,송다은,,,宋多恩,"Case metadata, character profile, dispute, evidence, solution, or evidence-viewer surface text. Party dialogue scripts are not included here."
case_surface_content_src_data_cases_generated_friend-01_evidence_e-2_.viewerData.chat.messages_8_.text,case_surface_content,src/data/cases/generated,friend-01,evidence[e-2].viewerData.chat.messages[8].text,나는 지금 결혼 앞두고 또 이런 얘기 듣는 게 너무 지쳐. 태윤이한테는 내가 먼저 정리하라고 할게.,I'm so tired of hearing things like this again before I get married. I'll tell Taeyun to clean it up first.,私は今結婚を控えてまたこのような話を聞くのがとても疲れています。テユンには私が最初に整理するように言うでしょう。,我已经厌倦了在结婚前再次听到这样的事情。我会告诉泰妍先把它清理干净。,"Case metadata, character profile, dispute, evidence, solution, or evidence-viewer surface text. Party dialogue scripts are not included here."
case_surface_content_src_data_cases_generated_friend-01_evidence_e-2_.viewerData.chat.messages_9_.sender,case_surface_content,src/data/cases/generated,friend-01,evidence[e-2].viewerData.chat.messages[9].sender,유진,,ユージン,尤金,"Case metadata, character profile, dispute, evidence, solution, or evidence-viewer surface text. Party dialogue scripts are not included here."
case_surface_content_src_data_cases_generated_friend-01_evidence_e-2_.viewerData.chat.messages_9_.text,case_surface_content,src/data/cases/generated,friend-01,evidence[e-2].viewerData.chat.messages[9].text,알겠어. 다만 나중에 사실이 다르면 방에 정정도 해야 해.,"Okay. However, if the facts are different later, corrections must be made to the room.",わかりました。ただ後で事実が違うと部屋に訂正もしなければならない。,好的。但如果事后事实有所不同，就必须对房间进行更正。,"Case metadata, character profile, dispute, evidence, solution, or evidence-viewer surface text. Party dialogue scripts are not included here."
case_surface_content_src_data_cases_generated_friend-01_evidence_e-2_.viewerData.chat.pages_0_.header,case_surface_content,src/data/cases/generated,friend-01,evidence[e-2].viewerData.chat.pages[0].header,"인스타그램 DM 그룹 ""여벤저스"" — 2026.03.06 21:14",,インスタグラムDMグループ「エベンジャーズ」 — 2026.03.06 21:14,Instagram DM 群组“女复仇者” — 2026.03.06 21:14,"Case metadata, character profile, dispute, evidence, solution, or evidence-viewer surface text. Party dialogue scripts are not included here."
case_surface_content_src_data_cases_generated_friend-01_evidence_e-2_.viewerData.chat.pages_0_.label,case_surface_content,src/data/cases/generated,friend-01,evidence[e-2].viewerData.chat.pages[0].label,1쪽 최초 발언,Page 1 Initial remarks,1ページ最初の発言,第1页 初步评论,"Case metadata, character profile, dispute, evidence, solution, or evidence-viewer surface text. Party dialogue scripts are not included here."
case_surface_content_src_data_cases_generated_friend-01_evidence_e-2_.viewerData.chat.pages_0_.messages_0_.text,case_surface_content,src/data/cases/generated,friend-01,evidence[e-2].viewerData.chat.pages[0].messages[0].text,2026.03.06 21:14 · 단톡방 캡처 1쪽 / 일부 이름 마스킹,2026.03.06 21:14 · Group chat room capture page 1 / Masking of some names,2026.03.06 21:14 · ダントクバンキャプチャ1ページ/一部名マスキング,2026.03.06 21:14 · 群聊房间截图1 / 部分姓名屏蔽,"Case metadata, character profile, dispute, evidence, solution, or evidence-viewer surface text. Party dialogue scripts are not included here."
case_surface_content_src_data_cases_generated_friend-01_evidence_e-2_.viewerData.chat.pages_0_.messages_1_.sender,case_surface_content,src/data/cases/generated,friend-01,evidence[e-2].viewerData.chat.pages[0].messages[1].sender,송다은,,,宋多恩,"Case metadata, character profile, dispute, evidence, solution, or evidence-viewer surface text. Party dialogue scripts are not included here."
case_surface_content_src_data_cases_generated_friend-01_evidence_e-2_.viewerData.chat.pages_0_.messages_1_.text,case_surface_content,src/data/cases/generated,friend-01,evidence[e-2].viewerData.chat.pages[0].messages[1].text,얘들아 나 진짜 손 떨려. 방금 태윤이 폰 알림을 봤는데 수민이 이름이 계속 떠 있었어.,"Guys, my hands are really shaking. I just looked at Taeyun's phone notifications, and Sumin's name kept popping up.",みんな私は本当の手を振る。ただテユンが電話の通知を見たが、スミンは名前が浮かんだ。,各位，我的手真的在颤抖。我刚看泰妍的手机通知，苏民的名字就不断地出现。,"Case metadata, character profile, dispute, evidence, solution, or evidence-viewer surface text. Party dialogue scripts are not included here."
case_surface_content_src_data_cases_generated_friend-01_evidence_e-2_.viewerData.chat.pages_0_.messages_2_.sender,case_surface_content,src/data/cases/generated,friend-01,evidence[e-2].viewerData.chat.pages[0].messages[2].sender,송다은,,,宋多恩,"Case metadata, character profile, dispute, evidence, solution, or evidence-viewer surface text. Party dialogue scripts are not included here."
case_surface_content_src_data_cases_generated_friend-01_evidence_e-2_.viewerData.chat.pages_0_.messages_2_.text,case_surface_content,src/data/cases/generated,friend-01,evidence[e-2].viewerData.chat.pages[0].messages[2].text,나한테는 아무 말도 안 해놓고 왜 내 예비신랑한테만 연락하는지 모르겠어.,I don't know why you're only contacting my husband-to-be without saying anything to me.,私には何も言わないで、なぜ私の予備新郎にだけ連絡するのか分からない。,我不知道你为什么只联系我的未婚夫而不跟我说任何话。,"Case metadata, character profile, dispute, evidence, solution, or evidence-viewer surface text. Party dialogue scripts are not included here."
case_surface_content_src_data_cases_generated_friend-01_evidence_e-2_.viewerData.chat.pages_0_.messages_3_.sender,case_surface_content,src/data/cases/generated,friend-01,evidence[e-2].viewerData.chat.pages[0].messages[3].sender,친구 1,,友達1,朋友 1,"Case metadata, character profile, dispute, evidence, solution, or evidence-viewer surface text. Party dialogue scripts are not included here."
case_surface_content_src_data_cases_generated_friend-01_evidence_e-2_.viewerData.chat.pages_0_.messages_3_.text,case_surface_content,src/data/cases/generated,friend-01,evidence[e-2].viewerData.chat.pages[0].messages[3].text,"잠깐, 정확히 무슨 내용이었는데?","Wait, what exactly was it about?",ちょっと、まさに何の内容だったの？,等等，这到底是关于什么的？,"Case metadata, character profile, dispute, evidence, solution, or evidence-viewer surface text. Party dialogue scripts are not included here."
case_surface_content_src_data_cases_generated_friend-01_evidence_e-2_.viewerData.chat.pages_0_.messages_4_.sender,case_surface_content,src/data/cases/generated,friend-01,evidence[e-2].viewerData.chat.pages[0].messages[4].sender,송다은,,,宋多恩,"Case metadata, character profile, dispute, evidence, solution, or evidence-viewer surface text. Party dialogue scripts are not included here."
case_surface_content_src_data_cases_generated_friend-01_evidence_e-2_.viewerData.chat.pages_0_.messages_4_.text,case_surface_content,src/data/cases/generated,friend-01,evidence[e-2].viewerData.chat.pages[0].messages[4].text,통화 기록도 있고 문자도 여러 번이야. 그냥 안부 수준으로 보이진 않았어.,I have call records and several text messages. It just didn't seem like an Anbu level.,通話記録もあり、文字も何度も。ただ安否レベルには見えなかった。,我有通话记录和几条短信。简直不像暗部级别。,"Case metadata, character profile, dispute, evidence, solution, or evidence-viewer surface text. Party dialogue scripts are not included here."
case_surface_content_src_data_cases_generated_friend-01_evidence_e-2_.viewerData.chat.pages_0_.messages_5_.sender,case_surface_content,src/data/cases/generated,friend-01,evidence[e-2].viewerData.chat.pages[0].messages[5].sender,친구 2,,友達2,朋友2,"Case metadata, character profile, dispute, evidence, solution, or evidence-viewer surface text. Party dialogue scripts are not included here."
case_surface_content_src_data_cases_generated_friend-01_evidence_e-2_.viewerData.chat.pages_0_.messages_5_.text,case_surface_content,src/data/cases/generated,friend-01,evidence[e-2].viewerData.chat.pages[0].messages[5].text,너한테 먼저 말 안 한 건 좀 이상하긴 하다.,It's a bit strange that I didn't tell you first.,君に先に言わなかったのはちょっとおかしなことだ。,有点奇怪我没有先告诉你。,"Case metadata, character profile, dispute, evidence, solution, or evidence-viewer surface text. Party dialogue scripts are not included here."
case_surface_content_src_data_cases_generated_friend-01_evidence_e-2_.viewerData.chat.pages_0_.messages_6_.sender,case_surface_content,src/data/cases/generated,friend-01,evidence[e-2].viewerData.chat.pages[0].messages[6].sender,송다은,,,宋多恩,"Case metadata, character profile, dispute, evidence, solution, or evidence-viewer surface text. Party dialogue scripts are not included here."
case_surface_content_src_data_cases_generated_friend-01_evidence_e-2_.viewerData.chat.pages_0_.messages_6_.text,case_surface_content,src/data/cases/generated,friend-01,evidence[e-2].viewerData.chat.pages[0].messages[6].text,예전에도 이런 식으로 사람 곤란하게 만든 적 있잖아. 나만 예민한 거 아니지?,You've caused people trouble like this before. Am I not the only one who is sensitive?,以前にもこのように人が困ったことがあるでしょう。私だけが敏感ではありませんか？,你以前也曾给人们带来过这样的麻烦。难道我不是唯一一个敏感的人吗？,"Case metadata, character profile, dispute, evidence, solution, or evidence-viewer surface text. Party dialogue scripts are not included here."
case_surface_content_src_data_cases_generated_friend-01_evidence_e-2_.viewerData.chat.pages_0_.messages_7_.sender,case_surface_content,src/data/cases/generated,friend-01,evidence[e-2].viewerData.chat.pages[0].messages[7].sender,친구 1,,友達1,朋友 1,"Case metadata, character profile, dispute, evidence, solution, or evidence-viewer surface text. Party dialogue scripts are not included here."
case_surface_content_src_data_cases_generated_friend-01_evidence_e-2_.viewerData.chat.pages_0_.messages_7_.text,case_surface_content,src/data/cases/generated,friend-01,evidence[e-2].viewerData.chat.pages[0].messages[7].text,일단 캡처만 보면 다은이가 놀랄 만은 해 보여.,"Just looking at the capture, Da-eun seems to be surprised.",一度キャプチャを見ると、Dae Eunは驚くべきことを示しています。,光是看着这张照片，多恩就显得很惊讶。,"Case metadata, character profile, dispute, evidence, solution, or evidence-viewer surface text. Party dialogue scripts are not included here."
case_surface_content_src_data_cases_generated_friend-01_evidence_e-2_.viewerData.chat.pages_1_.header,case_surface_content,src/data/cases/generated,friend-01,evidence[e-2].viewerData.chat.pages[1].header,"인스타그램 DM 그룹 ""여벤저스"" — 2026.03.06 21:18",,インスタグラムDMグループ「エベンジャーズ」 — 2026.03.06 21:18,Instagram DM 群组“女复仇者” — 2026.03.06 21:18,"Case metadata, character profile, dispute, evidence, solution, or evidence-viewer surface text. Party dialogue scripts are not included here."
case_surface_content_src_data_cases_generated_friend-01_evidence_e-2_.viewerData.chat.pages_1_.label,case_surface_content,src/data/cases/generated,friend-01,evidence[e-2].viewerData.chat.pages[1].label,2쪽 확산 반응,Page 2 Diffusion reaction,2ページ拡散反応,第2页 扩散反应,"Case metadata, character profile, dispute, evidence, solution, or evidence-viewer surface text. Party dialogue scripts are not included here."
case_surface_content_src_data_cases_generated_friend-01_evidence_e-2_.viewerData.chat.pages_1_.messages_0_.text,case_surface_content,src/data/cases/generated,friend-01,evidence[e-2].viewerData.chat.pages[1].messages[0].text,2026.03.06 21:18 · 단톡방 캡처 2쪽 / 반응 구간 확대,2026.03.06 21:18 · Group chat room capture page 2 / Expand reaction section,2026.03.06 21:18 · ダントクバンキャプチャ2ページ/反応区間拡大,2026.03.06 21:18 · 群聊房间截图第二页/展开反应部分,"Case metadata, character profile, dispute, evidence, solution, or evidence-viewer surface text. Party dialogue scripts are not included here."
case_surface_content_src_data_cases_generated_friend-01_evidence_e-2_.viewerData.chat.pages_1_.messages_1_.sender,case_surface_content,src/data/cases/generated,friend-01,evidence[e-2].viewerData.chat.pages[1].messages[1].sender,하은,,ハウン,海恩,"Case metadata, character profile, dispute, evidence, solution, or evidence-viewer surface text. Party dialogue scripts are not included here."
case_surface_content_src_data_cases_generated_friend-01_evidence_e-2_.viewerData.chat.pages_1_.messages_1_.text,case_surface_content,src/data/cases/generated,friend-01,evidence[e-2].viewerData.chat.pages[1].messages[1].text,아 걔 진짜 또 그래? 결혼 준비하는 사람한테 왜 그러는 거야.,"Oh, is he really like that again? Why are you doing this to someone who is preparing for marriage?",ああ、本当に本当ですか？結婚準備する人になぜそうするのか。,哦，他真的又这样了吗？为什么要这样对一个准备结婚的人？,"Case metadata, character profile, dispute, evidence, solution, or evidence-viewer surface text. Party dialogue scripts are not included here."
case_surface_content_src_data_cases_generated_friend-01_evidence_e-2_.viewerData.chat.pages_1_.messages_2_.sender,case_surface_content,src/data/cases/generated,friend-01,evidence[e-2].viewerData.chat.pages[1].messages[2].sender,유진,,ユージン,尤金,"Case metadata, character profile, dispute, evidence, solution, or evidence-viewer surface text. Party dialogue scripts are not included here."
case_surface_content_src_data_cases_generated_friend-01_evidence_e-2_.viewerData.chat.pages_1_.messages_2_.text,case_surface_content,src/data/cases/generated,friend-01,evidence[e-2].viewerData.chat.pages[1].messages[2].text,수민이는 선 넘는 걸 본인이 잘 모르는 것 같아. 예전에도 분위기 이상하게 만들었잖아.,I don't think Sumin knows that she's crossing the line. You've created a strange atmosphere before.,スミンは線を越えるのを本人がよく分からないようだ。昔も雰囲気不思議にさせたじゃないか。,我认为苏敏不知道她已经越界了。你之前已经营造过一种奇怪的气氛了。,"Case metadata, character profile, dispute, evidence, solution, or evidence-viewer surface text. Party dialogue scripts are not included here."
case_surface_content_src_data_cases_generated_friend-01_evidence_e-2_.viewerData.chat.pages_1_.messages_3_.sender,case_surface_content,src/data/cases/generated,friend-01,evidence[e-2].viewerData.chat.pages[1].messages[3].sender,송다은,,,宋多恩,"Case metadata, character profile, dispute, evidence, solution, or evidence-viewer surface text. Party dialogue scripts are not included here."
case_surface_content_src_data_cases_generated_friend-01_evidence_e-2_.viewerData.chat.pages_1_.messages_3_.text,case_surface_content,src/data/cases/generated,friend-01,evidence[e-2].viewerData.chat.pages[1].messages[3].text,나도 그래서 더 화가 나. 이번에는 그냥 넘어가면 안 될 것 같아.,That makes me even more angry. I don't think I can just ignore it this time.,私もだからもっと怒っています。今回はただ渡ってはいけないと思います。,这让我更生气。我想这次我不能忽视它了。,"Case metadata, character profile, dispute, evidence, solution, or evidence-viewer surface text. Party dialogue scripts are not included here."
case_surface_content_src_data_cases_generated_friend-01_evidence_e-2_.viewerData.chat.pages_1_.messages_4_.sender,case_surface_content,src/data/cases/generated,friend-01,evidence[e-2].viewerData.chat.pages[1].messages[4].sender,송다은,,,宋多恩,"Case metadata, character profile, dispute, evidence, solution, or evidence-viewer surface text. Party dialogue scripts are not included here."
case_surface_content_src_data_cases_generated_friend-01_evidence_e-2_.viewerData.chat.pages_1_.messages_4_.text,case_surface_content,src/data/cases/generated,friend-01,evidence[e-2].viewerData.chat.pages[1].messages[4].text,"태윤이는 별거 아니라고 하는데, 나는 그 말도 못 믿겠어.","Taeyun says it’s no big deal, but I don’t believe him.",テユンはあまりないと言うが、私はその言葉も信じない。,泰妍说没什么大不了的，但我不相信他。,"Case metadata, character profile, dispute, evidence, solution, or evidence-viewer surface text. Party dialogue scripts are not included here."
case_surface_content_src_data_cases_generated_friend-01_evidence_e-2_.viewerData.chat.pages_1_.messages_5_.sender,case_surface_content,src/data/cases/generated,friend-01,evidence[e-2].viewerData.chat.pages[1].messages[5].sender,소연,,ソヨン,素妍,"Case metadata, character profile, dispute, evidence, solution, or evidence-viewer surface text. Party dialogue scripts are not included here."
case_surface_content_src_data_cases_generated_friend-01_evidence_e-2_.viewerData.chat.pages_1_.messages_5_.text,case_surface_content,src/data/cases/generated,friend-01,evidence[e-2].viewerData.chat.pages[1].messages[5].text,그럼 수민이한테 직접 물어봤어?,Then did you ask Sumin directly?,それでは、Suminは直接尋ねましたか？,那你直接问苏民了吗？,"Case metadata, character profile, dispute, evidence, solution, or evidence-viewer surface text. Party dialogue scripts are not included here."
case_surface_content_src_data_cases_generated_friend-01_evidence_e-2_.viewerData.chat.pages_1_.messages_6_.sender,case_surface_content,src/data/cases/generated,friend-01,evidence[e-2].viewerData.chat.pages[1].messages[6].sender,송다은,,,宋多恩,"Case metadata, character profile, dispute, evidence, solution, or evidence-viewer surface text. Party dialogue scripts are not included here."
case_surface_content_src_data_cases_generated_friend-01_evidence_e-2_.viewerData.chat.pages_1_.messages_6_.text,case_surface_content,src/data/cases/generated,friend-01,evidence[e-2].viewerData.chat.pages[1].messages[6].text,아직. 지금 말 걸면 또 피해자처럼 굴 것 같아서 먼저 너희한테 말한 거야.,yet. I told you guys first because I thought I would act like a victim again if I talked to you now.,まだ。今話しかけるとまた被害者のように転がりそうだから先にお前らに言ったんだ。,然而。我首先告诉你们是因为我想如果我现在和你们说话我会再次表现得像个受害者。,"Case metadata, character profile, dispute, evidence, solution, or evidence-viewer surface text. Party dialogue scripts are not included here."
case_surface_content_src_data_cases_generated_friend-01_evidence_e-2_.viewerData.chat.pages_1_.messages_7_.sender,case_surface_content,src/data/cases/generated,friend-01,evidence[e-2].viewerData.chat.pages[1].messages[7].sender,하은,,ハウン,海恩,"Case metadata, character profile, dispute, evidence, solution, or evidence-viewer surface text. Party dialogue scripts are not included here."
case_surface_content_src_data_cases_generated_friend-01_evidence_e-2_.viewerData.chat.pages_1_.messages_7_.text,case_surface_content,src/data/cases/generated,friend-01,evidence[e-2].viewerData.chat.pages[1].messages[7].text,그래도 직접 확인은 해야 하지 않아? 캡처만으로는 앞뒤를 모르잖아.,"Still, shouldn’t you check it yourself? You don’t know what’s coming from just capturing it.",それでも直接確認はしないの？キャプチャだけでは前後を知らないじゃないか。,不过，你不应该自己检查一下吗？你不知道仅仅捕捉它会产生什么。,"Case metadata, character profile, dispute, evidence, solution, or evidence-viewer surface text. Party dialogue scripts are not included here."
case_surface_content_src_data_cases_generated_friend-01_evidence_e-2_.viewerData.chat.pages_1_.messages_8_.sender,case_surface_content,src/data/cases/generated,friend-01,evidence[e-2].viewerData.chat.pages[1].messages[8].sender,유진,,ユージン,尤金,"Case metadata, character profile, dispute, evidence, solution, or evidence-viewer surface text. Party dialogue scripts are not included here."
case_surface_content_src_data_cases_generated_friend-01_evidence_e-2_.viewerData.chat.pages_1_.messages_8_.text,case_surface_content,src/data/cases/generated,friend-01,evidence[e-2].viewerData.chat.pages[1].messages[8].text,근데 이미 다은이가 이 정도로 불안하면 수민이도 조심했어야지.,"But if Da-eun is already this anxious, Sumin should have been careful too.",しかし、すでにダウンがこのほど不安であれば、スミンも気をつけなければならない。,但如果多恩已经这么着急了，苏民也该小心点了。,"Case metadata, character profile, dispute, evidence, solution, or evidence-viewer surface text. Party dialogue scripts are not included here."
case_surface_content_src_data_cases_generated_friend-01_evidence_e-2_.viewerData.chat.pages_1_.messages_9_.sender,case_surface_content,src/data/cases/generated,friend-01,evidence[e-2].viewerData.chat.pages[1].messages[9].sender,송다은,,,宋多恩,"Case metadata, character profile, dispute, evidence, solution, or evidence-viewer surface text. Party dialogue scripts are not included here."
case_surface_content_src_data_cases_generated_friend-01_evidence_e-2_.viewerData.chat.pages_1_.messages_9_.text,case_surface_content,src/data/cases/generated,friend-01,evidence[e-2].viewerData.chat.pages[1].messages[9].text,맞아. 나는 지금 수민이가 또 내 사람한테 붙는 것처럼 느껴져.,that's right. Now I feel like Sumin is attached to me again.,そうだね私は今スミンがまた私の人に立ち往生しているように感じています。,这是正确的。现在我感觉Sumin又依恋我了。,"Case metadata, character profile, dispute, evidence, solution, or evidence-viewer surface text. Party dialogue scripts are not included here."
case_surface_content_src_data_cases_generated_friend-01_evidence_e-2_.viewerData.chat.pages_2_.header,case_surface_content,src/data/cases/generated,friend-01,evidence[e-2].viewerData.chat.pages[2].header,"인스타그램 DM 그룹 ""여벤저스"" — 2026.03.06 21:24",,インスタグラムDMグループ「エベンジャーズ」 — 2026.03.06 21:24,Instagram DM 群组“女复仇者” — 2026.03.06 21:24,"Case metadata, character profile, dispute, evidence, solution, or evidence-viewer surface text. Party dialogue scripts are not included here."
case_surface_content_src_data_cases_generated_friend-01_evidence_e-2_.viewerData.chat.pages_2_.label,case_surface_content,src/data/cases/generated,friend-01,evidence[e-2].viewerData.chat.pages[2].label,3쪽 시간 순서,Page 3 chronological order,3ページの時間順,第3页按时间顺序排列,"Case metadata, character profile, dispute, evidence, solution, or evidence-viewer surface text. Party dialogue scripts are not included here."
case_surface_content_src_data_cases_generated_friend-01_evidence_e-2_.viewerData.chat.pages_2_.messages_0_.text,case_surface_content,src/data/cases/generated,friend-01,evidence[e-2].viewerData.chat.pages[2].messages[0].text,2026.03.06 21:24 · 원본 대조본 / 직접 확인 전 공유 순서 확인,2026.03.06 21:24 · Original copy / Check sharing order before checking directly,2026.03.06 21:24 · オリジナル対照本/直接確認前共有順序確認,2026.03.06 21:24 · 原件/查看分享订单后直接查看,"Case metadata, character profile, dispute, evidence, solution, or evidence-viewer surface text. Party dialogue scripts are not included here."
case_surface_content_src_data_cases_generated_friend-01_evidence_e-2_.viewerData.chat.pages_2_.messages_1_.sender,case_surface_content,src/data/cases/generated,friend-01,evidence[e-2].viewerData.chat.pages[2].messages[1].sender,김세라,,セラ・キム,莎拉·金,"Case metadata, character profile, dispute, evidence, solution, or evidence-viewer surface text. Party dialogue scripts are not included here."
case_surface_content_src_data_cases_generated_friend-01_evidence_e-2_.viewerData.chat.pages_2_.messages_1_.text,case_surface_content,src/data/cases/generated,friend-01,evidence[e-2].viewerData.chat.pages[2].messages[1].text,"다은아, 수민이가 왜 연락했는지는 확인한 거야? 혹시 태윤이가 먼저 연락한 건 아니고?","Da-eun, have you checked why Sumin contacted you? Didn’t Taeyun contact you first?",ダ・ウンア、スミンがなぜ連絡したのか確認したの？もしテユンが先に連絡したのではないか？,多恩，你查过Sumin联系你的原因吗？不是泰妍先联系你的吗？,"Case metadata, character profile, dispute, evidence, solution, or evidence-viewer surface text. Party dialogue scripts are not included here."
case_surface_content_src_data_cases_generated_friend-01_evidence_e-2_.viewerData.chat.pages_2_.messages_10_.sender,case_surface_content,src/data/cases/generated,friend-01,evidence[e-2].viewerData.chat.pages[2].messages[10].sender,송다은,,,宋多恩,"Case metadata, character profile, dispute, evidence, solution, or evidence-viewer surface text. Party dialogue scripts are not included here."
case_surface_content_src_data_cases_generated_friend-01_evidence_e-2_.viewerData.chat.pages_2_.messages_10_.text,case_surface_content,src/data/cases/generated,friend-01,evidence[e-2].viewerData.chat.pages[2].messages[10].text,응. 근데 지금은 수민이가 선 넘은 게 맞다고 생각해.,huh. But now I think it’s true that Sumin crossed the line.,うん。でも今はスミンが善を超えたのが正しいと思う。,呵呵。但现在我认为Sumin确实越界了。,"Case metadata, character profile, dispute, evidence, solution, or evidence-viewer surface text. Party dialogue scripts are not included here."
case_surface_content_src_data_cases_generated_friend-01_evidence_e-2_.viewerData.chat.pages_2_.messages_2_.sender,case_surface_content,src/data/cases/generated,friend-01,evidence[e-2].viewerData.chat.pages[2].messages[2].sender,송다은,,,宋多恩,"Case metadata, character profile, dispute, evidence, solution, or evidence-viewer surface text. Party dialogue scripts are not included here."
case_surface_content_src_data_cases_generated_friend-01_evidence_e-2_.viewerData.chat.pages_2_.messages_2_.text,case_surface_content,src/data/cases/generated,friend-01,evidence[e-2].viewerData.chat.pages[2].messages[2].text,아직 수민이한테 직접 묻진 않았어. 물어보면 또 오해라고 할 게 뻔하니까.,"I haven’t asked Sumin directly yet. Because if you ask, it's obvious they'll say it's a misunderstanding again.",まだスミンが直接尋ねていない。聞いてみるとまた誤解ということが明らかだから。,我还没有直接问Sumin。因为如果你问，很明显他们会说这又是一场误会。,"Case metadata, character profile, dispute, evidence, solution, or evidence-viewer surface text. Party dialogue scripts are not included here."
case_surface_content_src_data_cases_generated_friend-01_evidence_e-2_.viewerData.chat.pages_2_.messages_3_.sender,case_surface_content,src/data/cases/generated,friend-01,evidence[e-2].viewerData.chat.pages[2].messages[3].sender,송다은,,,宋多恩,"Case metadata, character profile, dispute, evidence, solution, or evidence-viewer surface text. Party dialogue scripts are not included here."
case_surface_content_src_data_cases_generated_friend-01_evidence_e-2_.viewerData.chat.pages_2_.messages_3_.text,case_surface_content,src/data/cases/generated,friend-01,evidence[e-2].viewerData.chat.pages[2].messages[3].text,그래도 이건 너희가 알아야 할 것 같아서 먼저 올린 거야. 나 혼자 예민한 사람 되기 싫어.,"Still, I thought you guys should know this, so I posted it first. I don't want to be the only sensitive person.",それでも、これはあなたが知る必要があると思うので、最初に上げたのです。私一人で敏感な人になりたくない。,不过，我认为你们应该知道这一点，所以我先发布了。我不想成为唯一敏感的人。,"Case metadata, character profile, dispute, evidence, solution, or evidence-viewer surface text. Party dialogue scripts are not included here."
case_surface_content_src_data_cases_generated_friend-01_evidence_e-2_.viewerData.chat.pages_2_.messages_4_.sender,case_surface_content,src/data/cases/generated,friend-01,evidence[e-2].viewerData.chat.pages[2].messages[4].sender,소연,,ソヨン,素妍,"Case metadata, character profile, dispute, evidence, solution, or evidence-viewer surface text. Party dialogue scripts are not included here."
case_surface_content_src_data_cases_generated_friend-01_evidence_e-2_.viewerData.chat.pages_2_.messages_4_.text,case_surface_content,src/data/cases/generated,friend-01,evidence[e-2].viewerData.chat.pages[2].messages[4].text,직접 확인 전이면 말은 조금 조심해야 할 것 같아. 단정해서 퍼지면 돌이키기 어렵잖아.,"I think you should be a little more careful about what you say before checking it out in person. If it spreads neatly, it's hard to turn it back.",直接確認前ならば馬は少し気をつけなければならないようだ。断定して広がると元に戻りにくいじゃない。,我认为你在亲自检查之前应该更加小心自己所说的话。如果它传播得很整齐，就很难再回头。,"Case metadata, character profile, dispute, evidence, solution, or evidence-viewer surface text. Party dialogue scripts are not included here."
case_surface_content_src_data_cases_generated_friend-01_evidence_e-2_.viewerData.chat.pages_2_.messages_5_.sender,case_surface_content,src/data/cases/generated,friend-01,evidence[e-2].viewerData.chat.pages[2].messages[5].sender,하은,,ハウン,海恩,"Case metadata, character profile, dispute, evidence, solution, or evidence-viewer surface text. Party dialogue scripts are not included here."
case_surface_content_src_data_cases_generated_friend-01_evidence_e-2_.viewerData.chat.pages_2_.messages_5_.text,case_surface_content,src/data/cases/generated,friend-01,evidence[e-2].viewerData.chat.pages[2].messages[5].text,근데 이미 방 분위기는 수민이가 잘못한 걸로 가고 있어.,But the mood in the room is already starting to turn towards Sumin’s fault.,しかし、すでに部屋の雰囲気はスミンが間違ったことに行っています。,但房间里的气氛已经开始转向苏民的错了。,"Case metadata, character profile, dispute, evidence, solution, or evidence-viewer surface text. Party dialogue scripts are not included here."
case_surface_content_src_data_cases_generated_friend-01_evidence_e-2_.viewerData.chat.pages_2_.messages_6_.sender,case_surface_content,src/data/cases/generated,friend-01,evidence[e-2].viewerData.chat.pages[2].messages[6].sender,송다은,,,宋多恩,"Case metadata, character profile, dispute, evidence, solution, or evidence-viewer surface text. Party dialogue scripts are not included here."
case_surface_content_src_data_cases_generated_friend-01_evidence_e-2_.viewerData.chat.pages_2_.messages_6_.text,case_surface_content,src/data/cases/generated,friend-01,evidence[e-2].viewerData.chat.pages[2].messages[6].text,내가 괜히 말한 건 아니야. 수민이는 예전에도 비슷한 일에서 끝까지 설명 안 했어.,I didn't say that for nothing. Sumin has never explained something similar to the end in the past.,私はそれを言ったことではありません。スミンは以前も似たようなことから最後まで説明しなかった。,我这么说并不是无缘无故的。苏民过去从来没有解释过类似结局的事情。,"Case metadata, character profile, dispute, evidence, solution, or evidence-viewer surface text. Party dialogue scripts are not included here."
case_surface_content_src_data_cases_generated_friend-01_evidence_e-2_.viewerData.chat.pages_2_.messages_7_.sender,case_surface_content,src/data/cases/generated,friend-01,evidence[e-2].viewerData.chat.pages[2].messages[7].sender,김세라,,セラ・キム,莎拉·金,"Case metadata, character profile, dispute, evidence, solution, or evidence-viewer surface text. Party dialogue scripts are not included here."
case_surface_content_src_data_cases_generated_friend-01_evidence_e-2_.viewerData.chat.pages_2_.messages_7_.text,case_surface_content,src/data/cases/generated,friend-01,evidence[e-2].viewerData.chat.pages[2].messages[7].text,그 예전 일이랑 이번 연락이 같은 일인지는 따로 봐야 하지 않을까.,Shouldn't we look at it separately to see if that previous incident and this contact are the same?,その以前の仕事と今回の連絡が同じことなのかは別に見なければならないのだろうか。,难道我们不应该分开看一下之前的事件和这次的接触是否是同一个人吗？,"Case metadata, character profile, dispute, evidence, solution, or evidence-viewer surface text. Party dialogue scripts are not included here."
case_surface_content_src_data_cases_generated_friend-01_evidence_e-2_.viewerData.chat.pages_2_.messages_8_.sender,case_surface_content,src/data/cases/generated,friend-01,evidence[e-2].viewerData.chat.pages[2].messages[8].sender,송다은,,,宋多恩,"Case metadata, character profile, dispute, evidence, solution, or evidence-viewer surface text. Party dialogue scripts are not included here."
case_surface_content_src_data_cases_generated_friend-01_evidence_e-2_.viewerData.chat.pages_2_.messages_8_.text,case_surface_content,src/data/cases/generated,friend-01,evidence[e-2].viewerData.chat.pages[2].messages[8].text,나는 지금 결혼 앞두고 또 이런 얘기 듣는 게 너무 지쳐. 태윤이한테는 내가 먼저 정리하라고 할게.,I'm so tired of hearing things like this again before I get married. I'll tell Taeyun to clean it up first.,私は今結婚を控えてまたこのような話を聞くのがとても疲れています。テユンには私が最初に整理するように言うでしょう。,我已经厌倦了在结婚前再次听到这样的事情。我会告诉泰妍先把它清理干净。,"Case metadata, character profile, dispute, evidence, solution, or evidence-viewer surface text. Party dialogue scripts are not included here."
case_surface_content_src_data_cases_generated_friend-01_evidence_e-2_.viewerData.chat.pages_2_.messages_9_.sender,case_surface_content,src/data/cases/generated,friend-01,evidence[e-2].viewerData.chat.pages[2].messages[9].sender,유진,,ユージン,尤金,"Case metadata, character profile, dispute, evidence, solution, or evidence-viewer surface text. Party dialogue scripts are not included here."
case_surface_content_src_data_cases_generated_friend-01_evidence_e-2_.viewerData.chat.pages_2_.messages_9_.text,case_surface_content,src/data/cases/generated,friend-01,evidence[e-2].viewerData.chat.pages[2].messages[9].text,알겠어. 다만 나중에 사실이 다르면 방에 정정도 해야 해.,"Okay. However, if the facts are different later, corrections must be made to the room.",わかりました。ただ後で事実が違うと部屋に訂正もしなければならない。,好的。但如果事后事实有所不同，就必须对房间进行更正。,"Case metadata, character profile, dispute, evidence, solution, or evidence-viewer surface text. Party dialogue scripts are not included here."
case_surface_content_src_data_cases_generated_friend-01_evidence_e-2_.viewerData.meta.legalLabel,case_surface_content,src/data/cases/generated,friend-01,evidence[e-2].viewerData.meta.legalLabel,적법,,適法,合法性,"Case metadata, character profile, dispute, evidence, solution, or evidence-viewer surface text. Party dialogue scripts are not included here."
case_surface_content_src_data_cases_generated_friend-01_evidence_e-2_.viewerData.meta.name,case_surface_content,src/data/cases/generated,friend-01,evidence[e-2].viewerData.meta.name,단톡방 캡처,Group chat room capture,ダントクバンキャプチャ,群聊房间截图,"Case metadata, character profile, dispute, evidence, solution, or evidence-viewer surface text. Party dialogue scripts are not included here."
case_surface_content_src_data_cases_generated_friend-01_evidence_e-2_.viewerData.meta.sourceLabel,case_surface_content,src/data/cases/generated,friend-01,evidence[e-2].viewerData.meta.sourceLabel,양측,,両側,双方,"Case metadata, character profile, dispute, evidence, solution, or evidence-viewer surface text. Party dialogue scripts are not included here."
case_surface_content_src_data_cases_generated_friend-01_evidence_e-2_.viewerData.meta.stageLabel,case_surface_content,src/data/cases/generated,friend-01,evidence[e-2].viewerData.meta.stageLabel,3단계 — 전체 공개,,ステップ3 - 完全に公開,第 3 步 — 公开披露,"Case metadata, character profile, dispute, evidence, solution, or evidence-viewer surface text. Party dialogue scripts are not included here."
case_surface_content_src_data_cases_generated_friend-01_evidence_e-2_.viewerData.meta.trustLabel,case_surface_content,src/data/cases/generated,friend-01,evidence[e-2].viewerData.meta.trustLabel,보통,,通常,通常,"Case metadata, character profile, dispute, evidence, solution, or evidence-viewer surface text. Party dialogue scripts are not included here."
case_surface_content_src_data_cases_generated_friend-01_evidence_e-2_.viewerDataByStage.1.chat.header,case_surface_content,src/data/cases/generated,friend-01,evidence[e-2].viewerDataByStage.1.chat.header,"인스타그램 DM 그룹 ""여벤저스"" — 2026.03.06 21:14",,インスタグラムDMグループ「エベンジャーズ」 — 2026.03.06 21:14,Instagram DM 群组“女复仇者” — 2026.03.06 21:14,"Case metadata, character profile, dispute, evidence, solution, or evidence-viewer surface text. Party dialogue scripts are not included here."
case_surface_content_src_data_cases_generated_friend-01_evidence_e-2_.viewerDataByStage.1.chat.messages_0_.text,case_surface_content,src/data/cases/generated,friend-01,evidence[e-2].viewerDataByStage.1.chat.messages[0].text,2026.03.06 21:14 · 단톡방 캡처 1쪽 / 일부 이름 마스킹,2026.03.06 21:14 · Group chat room capture page 1 / Masking of some names,2026.03.06 21:14 · ダントクバンキャプチャ1ページ/一部名マスキング,2026.03.06 21:14 · 群聊房间截图1 / 部分姓名屏蔽,"Case metadata, character profile, dispute, evidence, solution, or evidence-viewer surface text. Party dialogue scripts are not included here."
case_surface_content_src_data_cases_generated_friend-01_evidence_e-2_.viewerDataByStage.1.chat.messages_1_.sender,case_surface_content,src/data/cases/generated,friend-01,evidence[e-2].viewerDataByStage.1.chat.messages[1].sender,송다은,,,宋多恩,"Case metadata, character profile, dispute, evidence, solution, or evidence-viewer surface text. Party dialogue scripts are not included here."
case_surface_content_src_data_cases_generated_friend-01_evidence_e-2_.viewerDataByStage.1.chat.messages_1_.text,case_surface_content,src/data/cases/generated,friend-01,evidence[e-2].viewerDataByStage.1.chat.messages[1].text,얘들아 나 진짜 손 떨려. 방금 태윤이 폰 알림을 봤는데 수민이 이름이 계속 떠 있었어.,"Guys, my hands are really shaking. I just looked at Taeyun's phone notifications, and Sumin's name kept popping up.",みんな私は本当の手を振る。ただテユンが電話の通知を見たが、スミンは名前が浮かんだ。,各位，我的手真的在颤抖。我刚看泰妍的手机通知，苏民的名字就不断地出现。,"Case metadata, character profile, dispute, evidence, solution, or evidence-viewer surface text. Party dialogue scripts are not included here."
case_surface_content_src_data_cases_generated_friend-01_evidence_e-2_.viewerDataByStage.1.chat.messages_2_.sender,case_surface_content,src/data/cases/generated,friend-01,evidence[e-2].viewerDataByStage.1.chat.messages[2].sender,송다은,,,宋多恩,"Case metadata, character profile, dispute, evidence, solution, or evidence-viewer surface text. Party dialogue scripts are not included here."
case_surface_content_src_data_cases_generated_friend-01_evidence_e-2_.viewerDataByStage.1.chat.messages_2_.text,case_surface_content,src/data/cases/generated,friend-01,evidence[e-2].viewerDataByStage.1.chat.messages[2].text,나한테는 아무 말도 안 해놓고 왜 내 예비신랑한테만 연락하는지 모르겠어.,I don't know why you're only contacting my husband-to-be without saying anything to me.,私には何も言わないで、なぜ私の予備新郎にだけ連絡するのか分からない。,我不知道你为什么只联系我的未婚夫而不跟我说任何话。,"Case metadata, character profile, dispute, evidence, solution, or evidence-viewer surface text. Party dialogue scripts are not included here."
case_surface_content_src_data_cases_generated_friend-01_evidence_e-2_.viewerDataByStage.1.chat.messages_3_.sender,case_surface_content,src/data/cases/generated,friend-01,evidence[e-2].viewerDataByStage.1.chat.messages[3].sender,친구 1,,友達1,朋友 1,"Case metadata, character profile, dispute, evidence, solution, or evidence-viewer surface text. Party dialogue scripts are not included here."
case_surface_content_src_data_cases_generated_friend-01_evidence_e-2_.viewerDataByStage.1.chat.messages_3_.text,case_surface_content,src/data/cases/generated,friend-01,evidence[e-2].viewerDataByStage.1.chat.messages[3].text,"잠깐, 정확히 무슨 내용이었는데?","Wait, what exactly was it about?",ちょっと、まさに何の内容だったの？,等等，这到底是关于什么的？,"Case metadata, character profile, dispute, evidence, solution, or evidence-viewer surface text. Party dialogue scripts are not included here."
case_surface_content_src_data_cases_generated_friend-01_evidence_e-2_.viewerDataByStage.1.chat.messages_4_.sender,case_surface_content,src/data/cases/generated,friend-01,evidence[e-2].viewerDataByStage.1.chat.messages[4].sender,송다은,,,宋多恩,"Case metadata, character profile, dispute, evidence, solution, or evidence-viewer surface text. Party dialogue scripts are not included here."
case_surface_content_src_data_cases_generated_friend-01_evidence_e-2_.viewerDataByStage.1.chat.messages_4_.text,case_surface_content,src/data/cases/generated,friend-01,evidence[e-2].viewerDataByStage.1.chat.messages[4].text,통화 기록도 있고 문자도 여러 번이야. 그냥 안부 수준으로 보이진 않았어.,I have call records and several text messages. It just didn't seem like an Anbu level.,通話記録もあり、文字も何度も。ただ安否レベルには見えなかった。,我有通话记录和几条短信。简直不像暗部级别。,"Case metadata, character profile, dispute, evidence, solution, or evidence-viewer surface text. Party dialogue scripts are not included here."
case_surface_content_src_data_cases_generated_friend-01_evidence_e-2_.viewerDataByStage.1.chat.messages_5_.sender,case_surface_content,src/data/cases/generated,friend-01,evidence[e-2].viewerDataByStage.1.chat.messages[5].sender,친구 2,,友達2,朋友2,"Case metadata, character profile, dispute, evidence, solution, or evidence-viewer surface text. Party dialogue scripts are not included here."
case_surface_content_src_data_cases_generated_friend-01_evidence_e-2_.viewerDataByStage.1.chat.messages_5_.text,case_surface_content,src/data/cases/generated,friend-01,evidence[e-2].viewerDataByStage.1.chat.messages[5].text,너한테 먼저 말 안 한 건 좀 이상하긴 하다.,It's a bit strange that I didn't tell you first.,君に先に言わなかったのはちょっとおかしなことだ。,有点奇怪我没有先告诉你。,"Case metadata, character profile, dispute, evidence, solution, or evidence-viewer surface text. Party dialogue scripts are not included here."
case_surface_content_src_data_cases_generated_friend-01_evidence_e-2_.viewerDataByStage.1.chat.messages_6_.sender,case_surface_content,src/data/cases/generated,friend-01,evidence[e-2].viewerDataByStage.1.chat.messages[6].sender,송다은,,,宋多恩,"Case metadata, character profile, dispute, evidence, solution, or evidence-viewer surface text. Party dialogue scripts are not included here."
case_surface_content_src_data_cases_generated_friend-01_evidence_e-2_.viewerDataByStage.1.chat.messages_6_.text,case_surface_content,src/data/cases/generated,friend-01,evidence[e-2].viewerDataByStage.1.chat.messages[6].text,예전에도 이런 식으로 사람 곤란하게 만든 적 있잖아. 나만 예민한 거 아니지?,You've caused people trouble like this before. Am I not the only one who is sensitive?,以前にもこのように人が困ったことがあるでしょう。私だけが敏感ではありませんか？,你以前也曾给人们带来过这样的麻烦。难道我不是唯一一个敏感的人吗？,"Case metadata, character profile, dispute, evidence, solution, or evidence-viewer surface text. Party dialogue scripts are not included here."
case_surface_content_src_data_cases_generated_friend-01_evidence_e-2_.viewerDataByStage.1.chat.messages_7_.sender,case_surface_content,src/data/cases/generated,friend-01,evidence[e-2].viewerDataByStage.1.chat.messages[7].sender,친구 1,,友達1,朋友 1,"Case metadata, character profile, dispute, evidence, solution, or evidence-viewer surface text. Party dialogue scripts are not included here."
case_surface_content_src_data_cases_generated_friend-01_evidence_e-2_.viewerDataByStage.1.chat.messages_7_.text,case_surface_content,src/data/cases/generated,friend-01,evidence[e-2].viewerDataByStage.1.chat.messages[7].text,일단 캡처만 보면 다은이가 놀랄 만은 해 보여.,"Just looking at the capture, Da-eun seems to be surprised.",一度キャプチャを見ると、Dae Eunは驚くべきことを示しています。,光是看着这张照片，多恩就显得很惊讶。,"Case metadata, character profile, dispute, evidence, solution, or evidence-viewer surface text. Party dialogue scripts are not included here."
case_surface_content_src_data_cases_generated_friend-01_evidence_e-2_.viewerDataByStage.1.chat.pages_0_.header,case_surface_content,src/data/cases/generated,friend-01,evidence[e-2].viewerDataByStage.1.chat.pages[0].header,"인스타그램 DM 그룹 ""여벤저스"" — 2026.03.06 21:14",,インスタグラムDMグループ「エベンジャーズ」 — 2026.03.06 21:14,Instagram DM 群组“女复仇者” — 2026.03.06 21:14,"Case metadata, character profile, dispute, evidence, solution, or evidence-viewer surface text. Party dialogue scripts are not included here."
case_surface_content_src_data_cases_generated_friend-01_evidence_e-2_.viewerDataByStage.1.chat.pages_0_.label,case_surface_content,src/data/cases/generated,friend-01,evidence[e-2].viewerDataByStage.1.chat.pages[0].label,1쪽 최초 발언,Page 1 Initial remarks,1ページ最初の発言,第1页 初步评论,"Case metadata, character profile, dispute, evidence, solution, or evidence-viewer surface text. Party dialogue scripts are not included here."
case_surface_content_src_data_cases_generated_friend-01_evidence_e-2_.viewerDataByStage.1.chat.pages_0_.messages_0_.text,case_surface_content,src/data/cases/generated,friend-01,evidence[e-2].viewerDataByStage.1.chat.pages[0].messages[0].text,2026.03.06 21:14 · 단톡방 캡처 1쪽 / 일부 이름 마스킹,2026.03.06 21:14 · Group chat room capture page 1 / Masking of some names,2026.03.06 21:14 · ダントクバンキャプチャ1ページ/一部名マスキング,2026.03.06 21:14 · 群聊房间截图1 / 部分姓名屏蔽,"Case metadata, character profile, dispute, evidence, solution, or evidence-viewer surface text. Party dialogue scripts are not included here."
case_surface_content_src_data_cases_generated_friend-01_evidence_e-2_.viewerDataByStage.1.chat.pages_0_.messages_1_.sender,case_surface_content,src/data/cases/generated,friend-01,evidence[e-2].viewerDataByStage.1.chat.pages[0].messages[1].sender,송다은,,,宋多恩,"Case metadata, character profile, dispute, evidence, solution, or evidence-viewer surface text. Party dialogue scripts are not included here."
case_surface_content_src_data_cases_generated_friend-01_evidence_e-2_.viewerDataByStage.1.chat.pages_0_.messages_1_.text,case_surface_content,src/data/cases/generated,friend-01,evidence[e-2].viewerDataByStage.1.chat.pages[0].messages[1].text,얘들아 나 진짜 손 떨려. 방금 태윤이 폰 알림을 봤는데 수민이 이름이 계속 떠 있었어.,"Guys, my hands are really shaking. I just looked at Taeyun's phone notifications, and Sumin's name kept popping up.",みんな私は本当の手を振る。ただテユンが電話の通知を見たが、スミンは名前が浮かんだ。,各位，我的手真的在颤抖。我刚看泰妍的手机通知，苏民的名字就不断地出现。,"Case metadata, character profile, dispute, evidence, solution, or evidence-viewer surface text. Party dialogue scripts are not included here."
case_surface_content_src_data_cases_generated_friend-01_evidence_e-2_.viewerDataByStage.1.chat.pages_0_.messages_2_.sender,case_surface_content,src/data/cases/generated,friend-01,evidence[e-2].viewerDataByStage.1.chat.pages[0].messages[2].sender,송다은,,,宋多恩,"Case metadata, character profile, dispute, evidence, solution, or evidence-viewer surface text. Party dialogue scripts are not included here."
case_surface_content_src_data_cases_generated_friend-01_evidence_e-2_.viewerDataByStage.1.chat.pages_0_.messages_2_.text,case_surface_content,src/data/cases/generated,friend-01,evidence[e-2].viewerDataByStage.1.chat.pages[0].messages[2].text,나한테는 아무 말도 안 해놓고 왜 내 예비신랑한테만 연락하는지 모르겠어.,I don't know why you're only contacting my husband-to-be without saying anything to me.,私には何も言わないで、なぜ私の予備新郎にだけ連絡するのか分からない。,我不知道你为什么只联系我的未婚夫而不跟我说任何话。,"Case metadata, character profile, dispute, evidence, solution, or evidence-viewer surface text. Party dialogue scripts are not included here."
case_surface_content_src_data_cases_generated_friend-01_evidence_e-2_.viewerDataByStage.1.chat.pages_0_.messages_3_.sender,case_surface_content,src/data/cases/generated,friend-01,evidence[e-2].viewerDataByStage.1.chat.pages[0].messages[3].sender,친구 1,,友達1,朋友 1,"Case metadata, character profile, dispute, evidence, solution, or evidence-viewer surface text. Party dialogue scripts are not included here."
case_surface_content_src_data_cases_generated_friend-01_evidence_e-2_.viewerDataByStage.1.chat.pages_0_.messages_3_.text,case_surface_content,src/data/cases/generated,friend-01,evidence[e-2].viewerDataByStage.1.chat.pages[0].messages[3].text,"잠깐, 정확히 무슨 내용이었는데?","Wait, what exactly was it about?",ちょっと、まさに何の内容だったの？,等等，这到底是关于什么的？,"Case metadata, character profile, dispute, evidence, solution, or evidence-viewer surface text. Party dialogue scripts are not included here."
case_surface_content_src_data_cases_generated_friend-01_evidence_e-2_.viewerDataByStage.1.chat.pages_0_.messages_4_.sender,case_surface_content,src/data/cases/generated,friend-01,evidence[e-2].viewerDataByStage.1.chat.pages[0].messages[4].sender,송다은,,,宋多恩,"Case metadata, character profile, dispute, evidence, solution, or evidence-viewer surface text. Party dialogue scripts are not included here."
case_surface_content_src_data_cases_generated_friend-01_evidence_e-2_.viewerDataByStage.1.chat.pages_0_.messages_4_.text,case_surface_content,src/data/cases/generated,friend-01,evidence[e-2].viewerDataByStage.1.chat.pages[0].messages[4].text,통화 기록도 있고 문자도 여러 번이야. 그냥 안부 수준으로 보이진 않았어.,I have call records and several text messages. It just didn't seem like an Anbu level.,通話記録もあり、文字も何度も。ただ安否レベルには見えなかった。,我有通话记录和几条短信。简直不像暗部级别。,"Case metadata, character profile, dispute, evidence, solution, or evidence-viewer surface text. Party dialogue scripts are not included here."
case_surface_content_src_data_cases_generated_friend-01_evidence_e-2_.viewerDataByStage.1.chat.pages_0_.messages_5_.sender,case_surface_content,src/data/cases/generated,friend-01,evidence[e-2].viewerDataByStage.1.chat.pages[0].messages[5].sender,친구 2,,友達2,朋友2,"Case metadata, character profile, dispute, evidence, solution, or evidence-viewer surface text. Party dialogue scripts are not included here."
case_surface_content_src_data_cases_generated_friend-01_evidence_e-2_.viewerDataByStage.1.chat.pages_0_.messages_5_.text,case_surface_content,src/data/cases/generated,friend-01,evidence[e-2].viewerDataByStage.1.chat.pages[0].messages[5].text,너한테 먼저 말 안 한 건 좀 이상하긴 하다.,It's a bit strange that I didn't tell you first.,君に先に言わなかったのはちょっとおかしなことだ。,有点奇怪我没有先告诉你。,"Case metadata, character profile, dispute, evidence, solution, or evidence-viewer surface text. Party dialogue scripts are not included here."
case_surface_content_src_data_cases_generated_friend-01_evidence_e-2_.viewerDataByStage.1.chat.pages_0_.messages_6_.sender,case_surface_content,src/data/cases/generated,friend-01,evidence[e-2].viewerDataByStage.1.chat.pages[0].messages[6].sender,송다은,,,宋多恩,"Case metadata, character profile, dispute, evidence, solution, or evidence-viewer surface text. Party dialogue scripts are not included here."
case_surface_content_src_data_cases_generated_friend-01_evidence_e-2_.viewerDataByStage.1.chat.pages_0_.messages_6_.text,case_surface_content,src/data/cases/generated,friend-01,evidence[e-2].viewerDataByStage.1.chat.pages[0].messages[6].text,예전에도 이런 식으로 사람 곤란하게 만든 적 있잖아. 나만 예민한 거 아니지?,You've caused people trouble like this before. Am I not the only one who is sensitive?,以前にもこのように人が困ったことがあるでしょう。私だけが敏感ではありませんか？,你以前也曾给人们带来过这样的麻烦。难道我不是唯一一个敏感的人吗？,"Case metadata, character profile, dispute, evidence, solution, or evidence-viewer surface text. Party dialogue scripts are not included here."
case_surface_content_src_data_cases_generated_friend-01_evidence_e-2_.viewerDataByStage.1.chat.pages_0_.messages_7_.sender,case_surface_content,src/data/cases/generated,friend-01,evidence[e-2].viewerDataByStage.1.chat.pages[0].messages[7].sender,친구 1,,友達1,朋友 1,"Case metadata, character profile, dispute, evidence, solution, or evidence-viewer surface text. Party dialogue scripts are not included here."
case_surface_content_src_data_cases_generated_friend-01_evidence_e-2_.viewerDataByStage.1.chat.pages_0_.messages_7_.text,case_surface_content,src/data/cases/generated,friend-01,evidence[e-2].viewerDataByStage.1.chat.pages[0].messages[7].text,일단 캡처만 보면 다은이가 놀랄 만은 해 보여.,"Just looking at the capture, Da-eun seems to be surprised.",一度キャプチャを見ると、Dae Eunは驚くべきことを示しています。,光是看着这张照片，多恩就显得很惊讶。,"Case metadata, character profile, dispute, evidence, solution, or evidence-viewer surface text. Party dialogue scripts are not included here."
case_surface_content_src_data_cases_generated_friend-01_evidence_e-2_.viewerDataByStage.1.meta.legalLabel,case_surface_content,src/data/cases/generated,friend-01,evidence[e-2].viewerDataByStage.1.meta.legalLabel,적법,,適法,合法性,"Case metadata, character profile, dispute, evidence, solution, or evidence-viewer surface text. Party dialogue scripts are not included here."
case_surface_content_src_data_cases_generated_friend-01_evidence_e-2_.viewerDataByStage.1.meta.name,case_surface_content,src/data/cases/generated,friend-01,evidence[e-2].viewerDataByStage.1.meta.name,단톡방 캡처,Group chat room capture,ダントクバンキャプチャ,群聊房间截图,"Case metadata, character profile, dispute, evidence, solution, or evidence-viewer surface text. Party dialogue scripts are not included here."
case_surface_content_src_data_cases_generated_friend-01_evidence_e-2_.viewerDataByStage.1.meta.redactions_0,case_surface_content,src/data/cases/generated,friend-01,evidence[e-2].viewerDataByStage.1.meta.redactions[0],친구 이름 마스킹,,友達名マスキング,掩盖好友姓名,"Case metadata, character profile, dispute, evidence, solution, or evidence-viewer surface text. Party dialogue scripts are not included here."
case_surface_content_src_data_cases_generated_friend-01_evidence_e-2_.viewerDataByStage.1.meta.redactions_1,case_surface_content,src/data/cases/generated,friend-01,evidence[e-2].viewerDataByStage.1.meta.redactions[1],일부 발언 축약,,いくつかの発言の短縮,一些注释的缩写,"Case metadata, character profile, dispute, evidence, solution, or evidence-viewer surface text. Party dialogue scripts are not included here."
case_surface_content_src_data_cases_generated_friend-01_evidence_e-2_.viewerDataByStage.1.meta.sourceLabel,case_surface_content,src/data/cases/generated,friend-01,evidence[e-2].viewerDataByStage.1.meta.sourceLabel,양측,,両側,双方,"Case metadata, character profile, dispute, evidence, solution, or evidence-viewer surface text. Party dialogue scripts are not included here."
case_surface_content_src_data_cases_generated_friend-01_evidence_e-2_.viewerDataByStage.1.meta.stageLabel,case_surface_content,src/data/cases/generated,friend-01,evidence[e-2].viewerDataByStage.1.meta.stageLabel,1단계 — 최초 발언 공개,,ステップ1 - 最初の発言を公開,第 1 步——公开初步评论,"Case metadata, character profile, dispute, evidence, solution, or evidence-viewer surface text. Party dialogue scripts are not included here."
case_surface_content_src_data_cases_generated_friend-01_evidence_e-2_.viewerDataByStage.1.meta.trustLabel,case_surface_content,src/data/cases/generated,friend-01,evidence[e-2].viewerDataByStage.1.meta.trustLabel,보통,,通常,通常,"Case metadata, character profile, dispute, evidence, solution, or evidence-viewer surface text. Party dialogue scripts are not included here."
case_surface_content_src_data_cases_generated_friend-01_evidence_e-2_.viewerDataByStage.2.chat.header,case_surface_content,src/data/cases/generated,friend-01,evidence[e-2].viewerDataByStage.2.chat.header,"인스타그램 DM 그룹 ""여벤저스"" — 2026.03.06 21:18",,インスタグラムDMグループ「エベンジャーズ」 — 2026.03.06 21:18,Instagram DM 群组“女复仇者” — 2026.03.06 21:18,"Case metadata, character profile, dispute, evidence, solution, or evidence-viewer surface text. Party dialogue scripts are not included here."
case_surface_content_src_data_cases_generated_friend-01_evidence_e-2_.viewerDataByStage.2.chat.messages_0_.text,case_surface_content,src/data/cases/generated,friend-01,evidence[e-2].viewerDataByStage.2.chat.messages[0].text,2026.03.06 21:18 · 단톡방 캡처 2쪽 / 반응 구간 확대,2026.03.06 21:18 · Group chat room capture page 2 / Expand reaction section,2026.03.06 21:18 · ダントクバンキャプチャ2ページ/反応区間拡大,2026.03.06 21:18 · 群聊房间截图第二页/展开反应部分,"Case metadata, character profile, dispute, evidence, solution, or evidence-viewer surface text. Party dialogue scripts are not included here."
case_surface_content_src_data_cases_generated_friend-01_evidence_e-2_.viewerDataByStage.2.chat.messages_1_.sender,case_surface_content,src/data/cases/generated,friend-01,evidence[e-2].viewerDataByStage.2.chat.messages[1].sender,하은,,ハウン,海恩,"Case metadata, character profile, dispute, evidence, solution, or evidence-viewer surface text. Party dialogue scripts are not included here."
case_surface_content_src_data_cases_generated_friend-01_evidence_e-2_.viewerDataByStage.2.chat.messages_1_.text,case_surface_content,src/data/cases/generated,friend-01,evidence[e-2].viewerDataByStage.2.chat.messages[1].text,아 걔 진짜 또 그래? 결혼 준비하는 사람한테 왜 그러는 거야.,"Oh, is he really like that again? Why are you doing this to someone who is preparing for marriage?",ああ、本当に本当ですか？結婚準備する人になぜそうするのか。,哦，他真的又这样了吗？为什么要这样对一个准备结婚的人？,"Case metadata, character profile, dispute, evidence, solution, or evidence-viewer surface text. Party dialogue scripts are not included here."
case_surface_content_src_data_cases_generated_friend-01_evidence_e-2_.viewerDataByStage.2.chat.messages_2_.sender,case_surface_content,src/data/cases/generated,friend-01,evidence[e-2].viewerDataByStage.2.chat.messages[2].sender,유진,,ユージン,尤金,"Case metadata, character profile, dispute, evidence, solution, or evidence-viewer surface text. Party dialogue scripts are not included here."
case_surface_content_src_data_cases_generated_friend-01_evidence_e-2_.viewerDataByStage.2.chat.messages_2_.text,case_surface_content,src/data/cases/generated,friend-01,evidence[e-2].viewerDataByStage.2.chat.messages[2].text,수민이는 선 넘는 걸 본인이 잘 모르는 것 같아. 예전에도 분위기 이상하게 만들었잖아.,I don't think Sumin knows that she's crossing the line. You've created a strange atmosphere before.,スミンは線を越えるのを本人がよく分からないようだ。昔も雰囲気不思議にさせたじゃないか。,我认为苏敏不知道她已经越界了。你之前已经营造过一种奇怪的气氛了。,"Case metadata, character profile, dispute, evidence, solution, or evidence-viewer surface text. Party dialogue scripts are not included here."
case_surface_content_src_data_cases_generated_friend-01_evidence_e-2_.viewerDataByStage.2.chat.messages_3_.sender,case_surface_content,src/data/cases/generated,friend-01,evidence[e-2].viewerDataByStage.2.chat.messages[3].sender,송다은,,,宋多恩,"Case metadata, character profile, dispute, evidence, solution, or evidence-viewer surface text. Party dialogue scripts are not included here."
case_surface_content_src_data_cases_generated_friend-01_evidence_e-2_.viewerDataByStage.2.chat.messages_3_.text,case_surface_content,src/data/cases/generated,friend-01,evidence[e-2].viewerDataByStage.2.chat.messages[3].text,나도 그래서 더 화가 나. 이번에는 그냥 넘어가면 안 될 것 같아.,That makes me even more angry. I don't think I can just ignore it this time.,私もだからもっと怒っています。今回はただ渡ってはいけないと思います。,这让我更生气。我想这次我不能忽视它了。,"Case metadata, character profile, dispute, evidence, solution, or evidence-viewer surface text. Party dialogue scripts are not included here."
case_surface_content_src_data_cases_generated_friend-01_evidence_e-2_.viewerDataByStage.2.chat.messages_4_.sender,case_surface_content,src/data/cases/generated,friend-01,evidence[e-2].viewerDataByStage.2.chat.messages[4].sender,송다은,,,宋多恩,"Case metadata, character profile, dispute, evidence, solution, or evidence-viewer surface text. Party dialogue scripts are not included here."
case_surface_content_src_data_cases_generated_friend-01_evidence_e-2_.viewerDataByStage.2.chat.messages_4_.text,case_surface_content,src/data/cases/generated,friend-01,evidence[e-2].viewerDataByStage.2.chat.messages[4].text,"태윤이는 별거 아니라고 하는데, 나는 그 말도 못 믿겠어.","Taeyun says it’s no big deal, but I don’t believe him.",テユンはあまりないと言うが、私はその言葉も信じない。,泰妍说没什么大不了的，但我不相信他。,"Case metadata, character profile, dispute, evidence, solution, or evidence-viewer surface text. Party dialogue scripts are not included here."
case_surface_content_src_data_cases_generated_friend-01_evidence_e-2_.viewerDataByStage.2.chat.messages_5_.sender,case_surface_content,src/data/cases/generated,friend-01,evidence[e-2].viewerDataByStage.2.chat.messages[5].sender,소연,,ソヨン,素妍,"Case metadata, character profile, dispute, evidence, solution, or evidence-viewer surface text. Party dialogue scripts are not included here."
case_surface_content_src_data_cases_generated_friend-01_evidence_e-2_.viewerDataByStage.2.chat.messages_5_.text,case_surface_content,src/data/cases/generated,friend-01,evidence[e-2].viewerDataByStage.2.chat.messages[5].text,그럼 수민이한테 직접 물어봤어?,Then did you ask Sumin directly?,それでは、Suminは直接尋ねましたか？,那你直接问苏民了吗？,"Case metadata, character profile, dispute, evidence, solution, or evidence-viewer surface text. Party dialogue scripts are not included here."
case_surface_content_src_data_cases_generated_friend-01_evidence_e-2_.viewerDataByStage.2.chat.messages_6_.sender,case_surface_content,src/data/cases/generated,friend-01,evidence[e-2].viewerDataByStage.2.chat.messages[6].sender,송다은,,,宋多恩,"Case metadata, character profile, dispute, evidence, solution, or evidence-viewer surface text. Party dialogue scripts are not included here."
case_surface_content_src_data_cases_generated_friend-01_evidence_e-2_.viewerDataByStage.2.chat.messages_6_.text,case_surface_content,src/data/cases/generated,friend-01,evidence[e-2].viewerDataByStage.2.chat.messages[6].text,아직. 지금 말 걸면 또 피해자처럼 굴 것 같아서 먼저 너희한테 말한 거야.,yet. I told you guys first because I thought I would act like a victim again if I talked to you now.,まだ。今話しかけるとまた被害者のように転がりそうだから先にお前らに言ったんだ。,然而。我首先告诉你们是因为我想如果我现在和你们说话我会再次表现得像个受害者。,"Case metadata, character profile, dispute, evidence, solution, or evidence-viewer surface text. Party dialogue scripts are not included here."
case_surface_content_src_data_cases_generated_friend-01_evidence_e-2_.viewerDataByStage.2.chat.messages_7_.sender,case_surface_content,src/data/cases/generated,friend-01,evidence[e-2].viewerDataByStage.2.chat.messages[7].sender,하은,,ハウン,海恩,"Case metadata, character profile, dispute, evidence, solution, or evidence-viewer surface text. Party dialogue scripts are not included here."
case_surface_content_src_data_cases_generated_friend-01_evidence_e-2_.viewerDataByStage.2.chat.messages_7_.text,case_surface_content,src/data/cases/generated,friend-01,evidence[e-2].viewerDataByStage.2.chat.messages[7].text,그래도 직접 확인은 해야 하지 않아? 캡처만으로는 앞뒤를 모르잖아.,"Still, shouldn’t you check it yourself? You don’t know what’s coming from just capturing it.",それでも直接確認はしないの？キャプチャだけでは前後を知らないじゃないか。,不过，你不应该自己检查一下吗？你不知道仅仅捕捉它会产生什么。,"Case metadata, character profile, dispute, evidence, solution, or evidence-viewer surface text. Party dialogue scripts are not included here."
case_surface_content_src_data_cases_generated_friend-01_evidence_e-2_.viewerDataByStage.2.chat.messages_8_.sender,case_surface_content,src/data/cases/generated,friend-01,evidence[e-2].viewerDataByStage.2.chat.messages[8].sender,유진,,ユージン,尤金,"Case metadata, character profile, dispute, evidence, solution, or evidence-viewer surface text. Party dialogue scripts are not included here."
case_surface_content_src_data_cases_generated_friend-01_evidence_e-2_.viewerDataByStage.2.chat.messages_8_.text,case_surface_content,src/data/cases/generated,friend-01,evidence[e-2].viewerDataByStage.2.chat.messages[8].text,근데 이미 다은이가 이 정도로 불안하면 수민이도 조심했어야지.,"But if Da-eun is already this anxious, Sumin should have been careful too.",しかし、すでにダウンがこのほど不安であれば、スミンも気をつけなければならない。,但如果多恩已经这么着急了，苏民也该小心点了。,"Case metadata, character profile, dispute, evidence, solution, or evidence-viewer surface text. Party dialogue scripts are not included here."
case_surface_content_src_data_cases_generated_friend-01_evidence_e-2_.viewerDataByStage.2.chat.messages_9_.sender,case_surface_content,src/data/cases/generated,friend-01,evidence[e-2].viewerDataByStage.2.chat.messages[9].sender,송다은,,,宋多恩,"Case metadata, character profile, dispute, evidence, solution, or evidence-viewer surface text. Party dialogue scripts are not included here."
case_surface_content_src_data_cases_generated_friend-01_evidence_e-2_.viewerDataByStage.2.chat.messages_9_.text,case_surface_content,src/data/cases/generated,friend-01,evidence[e-2].viewerDataByStage.2.chat.messages[9].text,맞아. 나는 지금 수민이가 또 내 사람한테 붙는 것처럼 느껴져.,that's right. Now I feel like Sumin is attached to me again.,そうだね私は今スミンがまた私の人に立ち往生しているように感じています。,这是正确的。现在我感觉Sumin又依恋我了。,"Case metadata, character profile, dispute, evidence, solution, or evidence-viewer surface text. Party dialogue scripts are not included here."
case_surface_content_src_data_cases_generated_friend-01_evidence_e-2_.viewerDataByStage.2.chat.pages_0_.header,case_surface_content,src/data/cases/generated,friend-01,evidence[e-2].viewerDataByStage.2.chat.pages[0].header,"인스타그램 DM 그룹 ""여벤저스"" — 2026.03.06 21:14",,インスタグラムDMグループ「エベンジャーズ」 — 2026.03.06 21:14,Instagram DM 群组“女复仇者” — 2026.03.06 21:14,"Case metadata, character profile, dispute, evidence, solution, or evidence-viewer surface text. Party dialogue scripts are not included here."
case_surface_content_src_data_cases_generated_friend-01_evidence_e-2_.viewerDataByStage.2.chat.pages_0_.label,case_surface_content,src/data/cases/generated,friend-01,evidence[e-2].viewerDataByStage.2.chat.pages[0].label,1쪽 최초 발언,Page 1 Initial remarks,1ページ最初の発言,第1页 初步评论,"Case metadata, character profile, dispute, evidence, solution, or evidence-viewer surface text. Party dialogue scripts are not included here."
case_surface_content_src_data_cases_generated_friend-01_evidence_e-2_.viewerDataByStage.2.chat.pages_0_.messages_0_.text,case_surface_content,src/data/cases/generated,friend-01,evidence[e-2].viewerDataByStage.2.chat.pages[0].messages[0].text,2026.03.06 21:14 · 단톡방 캡처 1쪽 / 일부 이름 마스킹,2026.03.06 21:14 · Group chat room capture page 1 / Masking of some names,2026.03.06 21:14 · ダントクバンキャプチャ1ページ/一部名マスキング,2026.03.06 21:14 · 群聊房间截图1 / 部分姓名屏蔽,"Case metadata, character profile, dispute, evidence, solution, or evidence-viewer surface text. Party dialogue scripts are not included here."
case_surface_content_src_data_cases_generated_friend-01_evidence_e-2_.viewerDataByStage.2.chat.pages_0_.messages_1_.sender,case_surface_content,src/data/cases/generated,friend-01,evidence[e-2].viewerDataByStage.2.chat.pages[0].messages[1].sender,송다은,,,宋多恩,"Case metadata, character profile, dispute, evidence, solution, or evidence-viewer surface text. Party dialogue scripts are not included here."
case_surface_content_src_data_cases_generated_friend-01_evidence_e-2_.viewerDataByStage.2.chat.pages_0_.messages_1_.text,case_surface_content,src/data/cases/generated,friend-01,evidence[e-2].viewerDataByStage.2.chat.pages[0].messages[1].text,얘들아 나 진짜 손 떨려. 방금 태윤이 폰 알림을 봤는데 수민이 이름이 계속 떠 있었어.,"Guys, my hands are really shaking. I just looked at Taeyun's phone notifications, and Sumin's name kept popping up.",みんな私は本当の手を振る。ただテユンが電話の通知を見たが、スミンは名前が浮かんだ。,各位，我的手真的在颤抖。我刚看泰妍的手机通知，苏民的名字就不断地出现。,"Case metadata, character profile, dispute, evidence, solution, or evidence-viewer surface text. Party dialogue scripts are not included here."
case_surface_content_src_data_cases_generated_friend-01_evidence_e-2_.viewerDataByStage.2.chat.pages_0_.messages_2_.sender,case_surface_content,src/data/cases/generated,friend-01,evidence[e-2].viewerDataByStage.2.chat.pages[0].messages[2].sender,송다은,,,宋多恩,"Case metadata, character profile, dispute, evidence, solution, or evidence-viewer surface text. Party dialogue scripts are not included here."
case_surface_content_src_data_cases_generated_friend-01_evidence_e-2_.viewerDataByStage.2.chat.pages_0_.messages_2_.text,case_surface_content,src/data/cases/generated,friend-01,evidence[e-2].viewerDataByStage.2.chat.pages[0].messages[2].text,나한테는 아무 말도 안 해놓고 왜 내 예비신랑한테만 연락하는지 모르겠어.,I don't know why you're only contacting my husband-to-be without saying anything to me.,私には何も言わないで、なぜ私の予備新郎にだけ連絡するのか分からない。,我不知道你为什么只联系我的未婚夫而不跟我说任何话。,"Case metadata, character profile, dispute, evidence, solution, or evidence-viewer surface text. Party dialogue scripts are not included here."
case_surface_content_src_data_cases_generated_friend-01_evidence_e-2_.viewerDataByStage.2.chat.pages_0_.messages_3_.sender,case_surface_content,src/data/cases/generated,friend-01,evidence[e-2].viewerDataByStage.2.chat.pages[0].messages[3].sender,친구 1,,友達1,朋友 1,"Case metadata, character profile, dispute, evidence, solution, or evidence-viewer surface text. Party dialogue scripts are not included here."
case_surface_content_src_data_cases_generated_friend-01_evidence_e-2_.viewerDataByStage.2.chat.pages_0_.messages_3_.text,case_surface_content,src/data/cases/generated,friend-01,evidence[e-2].viewerDataByStage.2.chat.pages[0].messages[3].text,"잠깐, 정확히 무슨 내용이었는데?","Wait, what exactly was it about?",ちょっと、まさに何の内容だったの？,等等，这到底是关于什么的？,"Case metadata, character profile, dispute, evidence, solution, or evidence-viewer surface text. Party dialogue scripts are not included here."
case_surface_content_src_data_cases_generated_friend-01_evidence_e-2_.viewerDataByStage.2.chat.pages_0_.messages_4_.sender,case_surface_content,src/data/cases/generated,friend-01,evidence[e-2].viewerDataByStage.2.chat.pages[0].messages[4].sender,송다은,,,宋多恩,"Case metadata, character profile, dispute, evidence, solution, or evidence-viewer surface text. Party dialogue scripts are not included here."
case_surface_content_src_data_cases_generated_friend-01_evidence_e-2_.viewerDataByStage.2.chat.pages_0_.messages_4_.text,case_surface_content,src/data/cases/generated,friend-01,evidence[e-2].viewerDataByStage.2.chat.pages[0].messages[4].text,통화 기록도 있고 문자도 여러 번이야. 그냥 안부 수준으로 보이진 않았어.,I have call records and several text messages. It just didn't seem like an Anbu level.,通話記録もあり、文字も何度も。ただ安否レベルには見えなかった。,我有通话记录和几条短信。简直不像暗部级别。,"Case metadata, character profile, dispute, evidence, solution, or evidence-viewer surface text. Party dialogue scripts are not included here."
case_surface_content_src_data_cases_generated_friend-01_evidence_e-2_.viewerDataByStage.2.chat.pages_0_.messages_5_.sender,case_surface_content,src/data/cases/generated,friend-01,evidence[e-2].viewerDataByStage.2.chat.pages[0].messages[5].sender,친구 2,,友達2,朋友2,"Case metadata, character profile, dispute, evidence, solution, or evidence-viewer surface text. Party dialogue scripts are not included here."
case_surface_content_src_data_cases_generated_friend-01_evidence_e-2_.viewerDataByStage.2.chat.pages_0_.messages_5_.text,case_surface_content,src/data/cases/generated,friend-01,evidence[e-2].viewerDataByStage.2.chat.pages[0].messages[5].text,너한테 먼저 말 안 한 건 좀 이상하긴 하다.,It's a bit strange that I didn't tell you first.,君に先に言わなかったのはちょっとおかしなことだ。,有点奇怪我没有先告诉你。,"Case metadata, character profile, dispute, evidence, solution, or evidence-viewer surface text. Party dialogue scripts are not included here."
case_surface_content_src_data_cases_generated_friend-01_evidence_e-2_.viewerDataByStage.2.chat.pages_0_.messages_6_.sender,case_surface_content,src/data/cases/generated,friend-01,evidence[e-2].viewerDataByStage.2.chat.pages[0].messages[6].sender,송다은,,,宋多恩,"Case metadata, character profile, dispute, evidence, solution, or evidence-viewer surface text. Party dialogue scripts are not included here."
case_surface_content_src_data_cases_generated_friend-01_evidence_e-2_.viewerDataByStage.2.chat.pages_0_.messages_6_.text,case_surface_content,src/data/cases/generated,friend-01,evidence[e-2].viewerDataByStage.2.chat.pages[0].messages[6].text,예전에도 이런 식으로 사람 곤란하게 만든 적 있잖아. 나만 예민한 거 아니지?,You've caused people trouble like this before. Am I not the only one who is sensitive?,以前にもこのように人が困ったことがあるでしょう。私だけが敏感ではありませんか？,你以前也曾给人们带来过这样的麻烦。难道我不是唯一一个敏感的人吗？,"Case metadata, character profile, dispute, evidence, solution, or evidence-viewer surface text. Party dialogue scripts are not included here."
case_surface_content_src_data_cases_generated_friend-01_evidence_e-2_.viewerDataByStage.2.chat.pages_0_.messages_7_.sender,case_surface_content,src/data/cases/generated,friend-01,evidence[e-2].viewerDataByStage.2.chat.pages[0].messages[7].sender,친구 1,,友達1,朋友 1,"Case metadata, character profile, dispute, evidence, solution, or evidence-viewer surface text. Party dialogue scripts are not included here."
case_surface_content_src_data_cases_generated_friend-01_evidence_e-2_.viewerDataByStage.2.chat.pages_0_.messages_7_.text,case_surface_content,src/data/cases/generated,friend-01,evidence[e-2].viewerDataByStage.2.chat.pages[0].messages[7].text,일단 캡처만 보면 다은이가 놀랄 만은 해 보여.,"Just looking at the capture, Da-eun seems to be surprised.",一度キャプチャを見ると、Dae Eunは驚くべきことを示しています。,光是看着这张照片，多恩就显得很惊讶。,"Case metadata, character profile, dispute, evidence, solution, or evidence-viewer surface text. Party dialogue scripts are not included here."
case_surface_content_src_data_cases_generated_friend-01_evidence_e-2_.viewerDataByStage.2.chat.pages_1_.header,case_surface_content,src/data/cases/generated,friend-01,evidence[e-2].viewerDataByStage.2.chat.pages[1].header,"인스타그램 DM 그룹 ""여벤저스"" — 2026.03.06 21:18",,インスタグラムDMグループ「エベンジャーズ」 — 2026.03.06 21:18,Instagram DM 群组“女复仇者” — 2026.03.06 21:18,"Case metadata, character profile, dispute, evidence, solution, or evidence-viewer surface text. Party dialogue scripts are not included here."
case_surface_content_src_data_cases_generated_friend-01_evidence_e-2_.viewerDataByStage.2.chat.pages_1_.label,case_surface_content,src/data/cases/generated,friend-01,evidence[e-2].viewerDataByStage.2.chat.pages[1].label,2쪽 확산 반응,Page 2 Diffusion reaction,2ページ拡散反応,第2页 扩散反应,"Case metadata, character profile, dispute, evidence, solution, or evidence-viewer surface text. Party dialogue scripts are not included here."
case_surface_content_src_data_cases_generated_friend-01_evidence_e-2_.viewerDataByStage.2.chat.pages_1_.messages_0_.text,case_surface_content,src/data/cases/generated,friend-01,evidence[e-2].viewerDataByStage.2.chat.pages[1].messages[0].text,2026.03.06 21:18 · 단톡방 캡처 2쪽 / 반응 구간 확대,2026.03.06 21:18 · Group chat room capture page 2 / Expand reaction section,2026.03.06 21:18 · ダントクバンキャプチャ2ページ/反応区間拡大,2026.03.06 21:18 · 群聊房间截图第二页/展开反应部分,"Case metadata, character profile, dispute, evidence, solution, or evidence-viewer surface text. Party dialogue scripts are not included here."
case_surface_content_src_data_cases_generated_friend-01_evidence_e-2_.viewerDataByStage.2.chat.pages_1_.messages_1_.sender,case_surface_content,src/data/cases/generated,friend-01,evidence[e-2].viewerDataByStage.2.chat.pages[1].messages[1].sender,하은,,ハウン,海恩,"Case metadata, character profile, dispute, evidence, solution, or evidence-viewer surface text. Party dialogue scripts are not included here."
case_surface_content_src_data_cases_generated_friend-01_evidence_e-2_.viewerDataByStage.2.chat.pages_1_.messages_1_.text,case_surface_content,src/data/cases/generated,friend-01,evidence[e-2].viewerDataByStage.2.chat.pages[1].messages[1].text,아 걔 진짜 또 그래? 결혼 준비하는 사람한테 왜 그러는 거야.,"Oh, is he really like that again? Why are you doing this to someone who is preparing for marriage?",ああ、本当に本当ですか？結婚準備する人になぜそうするのか。,哦，他真的又这样了吗？为什么要这样对一个准备结婚的人？,"Case metadata, character profile, dispute, evidence, solution, or evidence-viewer surface text. Party dialogue scripts are not included here."
case_surface_content_src_data_cases_generated_friend-01_evidence_e-2_.viewerDataByStage.2.chat.pages_1_.messages_2_.sender,case_surface_content,src/data/cases/generated,friend-01,evidence[e-2].viewerDataByStage.2.chat.pages[1].messages[2].sender,유진,,ユージン,尤金,"Case metadata, character profile, dispute, evidence, solution, or evidence-viewer surface text. Party dialogue scripts are not included here."
case_surface_content_src_data_cases_generated_friend-01_evidence_e-2_.viewerDataByStage.2.chat.pages_1_.messages_2_.text,case_surface_content,src/data/cases/generated,friend-01,evidence[e-2].viewerDataByStage.2.chat.pages[1].messages[2].text,수민이는 선 넘는 걸 본인이 잘 모르는 것 같아. 예전에도 분위기 이상하게 만들었잖아.,I don't think Sumin knows that she's crossing the line. You've created a strange atmosphere before.,スミンは線を越えるのを本人がよく分からないようだ。昔も雰囲気不思議にさせたじゃないか。,我认为苏敏不知道她已经越界了。你之前已经营造过一种奇怪的气氛了。,"Case metadata, character profile, dispute, evidence, solution, or evidence-viewer surface text. Party dialogue scripts are not included here."
case_surface_content_src_data_cases_generated_friend-01_evidence_e-2_.viewerDataByStage.2.chat.pages_1_.messages_3_.sender,case_surface_content,src/data/cases/generated,friend-01,evidence[e-2].viewerDataByStage.2.chat.pages[1].messages[3].sender,송다은,,,宋多恩,"Case metadata, character profile, dispute, evidence, solution, or evidence-viewer surface text. Party dialogue scripts are not included here."
case_surface_content_src_data_cases_generated_friend-01_evidence_e-2_.viewerDataByStage.2.chat.pages_1_.messages_3_.text,case_surface_content,src/data/cases/generated,friend-01,evidence[e-2].viewerDataByStage.2.chat.pages[1].messages[3].text,나도 그래서 더 화가 나. 이번에는 그냥 넘어가면 안 될 것 같아.,That makes me even more angry. I don't think I can just ignore it this time.,私もだからもっと怒っています。今回はただ渡ってはいけないと思います。,这让我更生气。我想这次我不能忽视它了。,"Case metadata, character profile, dispute, evidence, solution, or evidence-viewer surface text. Party dialogue scripts are not included here."
case_surface_content_src_data_cases_generated_friend-01_evidence_e-2_.viewerDataByStage.2.chat.pages_1_.messages_4_.sender,case_surface_content,src/data/cases/generated,friend-01,evidence[e-2].viewerDataByStage.2.chat.pages[1].messages[4].sender,송다은,,,宋多恩,"Case metadata, character profile, dispute, evidence, solution, or evidence-viewer surface text. Party dialogue scripts are not included here."
case_surface_content_src_data_cases_generated_friend-01_evidence_e-2_.viewerDataByStage.2.chat.pages_1_.messages_4_.text,case_surface_content,src/data/cases/generated,friend-01,evidence[e-2].viewerDataByStage.2.chat.pages[1].messages[4].text,"태윤이는 별거 아니라고 하는데, 나는 그 말도 못 믿겠어.","Taeyun says it’s no big deal, but I don’t believe him.",テユンはあまりないと言うが、私はその言葉も信じない。,泰妍说没什么大不了的，但我不相信他。,"Case metadata, character profile, dispute, evidence, solution, or evidence-viewer surface text. Party dialogue scripts are not included here."
case_surface_content_src_data_cases_generated_friend-01_evidence_e-2_.viewerDataByStage.2.chat.pages_1_.messages_5_.sender,case_surface_content,src/data/cases/generated,friend-01,evidence[e-2].viewerDataByStage.2.chat.pages[1].messages[5].sender,소연,,ソヨン,素妍,"Case metadata, character profile, dispute, evidence, solution, or evidence-viewer surface text. Party dialogue scripts are not included here."
case_surface_content_src_data_cases_generated_friend-01_evidence_e-2_.viewerDataByStage.2.chat.pages_1_.messages_5_.text,case_surface_content,src/data/cases/generated,friend-01,evidence[e-2].viewerDataByStage.2.chat.pages[1].messages[5].text,그럼 수민이한테 직접 물어봤어?,Then did you ask Sumin directly?,それでは、Suminは直接尋ねましたか？,那你直接问苏民了吗？,"Case metadata, character profile, dispute, evidence, solution, or evidence-viewer surface text. Party dialogue scripts are not included here."
case_surface_content_src_data_cases_generated_friend-01_evidence_e-2_.viewerDataByStage.2.chat.pages_1_.messages_6_.sender,case_surface_content,src/data/cases/generated,friend-01,evidence[e-2].viewerDataByStage.2.chat.pages[1].messages[6].sender,송다은,,,宋多恩,"Case metadata, character profile, dispute, evidence, solution, or evidence-viewer surface text. Party dialogue scripts are not included here."
case_surface_content_src_data_cases_generated_friend-01_evidence_e-2_.viewerDataByStage.2.chat.pages_1_.messages_6_.text,case_surface_content,src/data/cases/generated,friend-01,evidence[e-2].viewerDataByStage.2.chat.pages[1].messages[6].text,아직. 지금 말 걸면 또 피해자처럼 굴 것 같아서 먼저 너희한테 말한 거야.,yet. I told you guys first because I thought I would act like a victim again if I talked to you now.,まだ。今話しかけるとまた被害者のように転がりそうだから先にお前らに言ったんだ。,然而。我首先告诉你们是因为我想如果我现在和你们说话我会再次表现得像个受害者。,"Case metadata, character profile, dispute, evidence, solution, or evidence-viewer surface text. Party dialogue scripts are not included here."
case_surface_content_src_data_cases_generated_friend-01_evidence_e-2_.viewerDataByStage.2.chat.pages_1_.messages_7_.sender,case_surface_content,src/data/cases/generated,friend-01,evidence[e-2].viewerDataByStage.2.chat.pages[1].messages[7].sender,하은,,ハウン,海恩,"Case metadata, character profile, dispute, evidence, solution, or evidence-viewer surface text. Party dialogue scripts are not included here."
case_surface_content_src_data_cases_generated_friend-01_evidence_e-2_.viewerDataByStage.2.chat.pages_1_.messages_7_.text,case_surface_content,src/data/cases/generated,friend-01,evidence[e-2].viewerDataByStage.2.chat.pages[1].messages[7].text,그래도 직접 확인은 해야 하지 않아? 캡처만으로는 앞뒤를 모르잖아.,"Still, shouldn’t you check it yourself? You don’t know what’s coming from just capturing it.",それでも直接確認はしないの？キャプチャだけでは前後を知らないじゃないか。,不过，你不应该自己检查一下吗？你不知道仅仅捕捉它会产生什么。,"Case metadata, character profile, dispute, evidence, solution, or evidence-viewer surface text. Party dialogue scripts are not included here."
case_surface_content_src_data_cases_generated_friend-01_evidence_e-2_.viewerDataByStage.2.chat.pages_1_.messages_8_.sender,case_surface_content,src/data/cases/generated,friend-01,evidence[e-2].viewerDataByStage.2.chat.pages[1].messages[8].sender,유진,,ユージン,尤金,"Case metadata, character profile, dispute, evidence, solution, or evidence-viewer surface text. Party dialogue scripts are not included here."
case_surface_content_src_data_cases_generated_friend-01_evidence_e-2_.viewerDataByStage.2.chat.pages_1_.messages_8_.text,case_surface_content,src/data/cases/generated,friend-01,evidence[e-2].viewerDataByStage.2.chat.pages[1].messages[8].text,근데 이미 다은이가 이 정도로 불안하면 수민이도 조심했어야지.,"But if Da-eun is already this anxious, Sumin should have been careful too.",しかし、すでにダウンがこのほど不安であれば、スミンも気をつけなければならない。,但如果多恩已经这么着急了，苏民也该小心点了。,"Case metadata, character profile, dispute, evidence, solution, or evidence-viewer surface text. Party dialogue scripts are not included here."
case_surface_content_src_data_cases_generated_friend-01_evidence_e-2_.viewerDataByStage.2.chat.pages_1_.messages_9_.sender,case_surface_content,src/data/cases/generated,friend-01,evidence[e-2].viewerDataByStage.2.chat.pages[1].messages[9].sender,송다은,,,宋多恩,"Case metadata, character profile, dispute, evidence, solution, or evidence-viewer surface text. Party dialogue scripts are not included here."
case_surface_content_src_data_cases_generated_friend-01_evidence_e-2_.viewerDataByStage.2.chat.pages_1_.messages_9_.text,case_surface_content,src/data/cases/generated,friend-01,evidence[e-2].viewerDataByStage.2.chat.pages[1].messages[9].text,맞아. 나는 지금 수민이가 또 내 사람한테 붙는 것처럼 느껴져.,that's right. Now I feel like Sumin is attached to me again.,そうだね私は今スミンがまた私の人に立ち往生しているように感じています。,这是正确的。现在我感觉Sumin又依恋我了。,"Case metadata, character profile, dispute, evidence, solution, or evidence-viewer surface text. Party dialogue scripts are not included here."
case_surface_content_src_data_cases_generated_friend-01_evidence_e-2_.viewerDataByStage.2.meta.legalLabel,case_surface_content,src/data/cases/generated,friend-01,evidence[e-2].viewerDataByStage.2.meta.legalLabel,적법,,適法,合法性,"Case metadata, character profile, dispute, evidence, solution, or evidence-viewer surface text. Party dialogue scripts are not included here."
case_surface_content_src_data_cases_generated_friend-01_evidence_e-2_.viewerDataByStage.2.meta.name,case_surface_content,src/data/cases/generated,friend-01,evidence[e-2].viewerDataByStage.2.meta.name,단톡방 캡처,Group chat room capture,ダントクバンキャプチャ,群聊房间截图,"Case metadata, character profile, dispute, evidence, solution, or evidence-viewer surface text. Party dialogue scripts are not included here."
case_surface_content_src_data_cases_generated_friend-01_evidence_e-2_.viewerDataByStage.2.meta.redactions_0,case_surface_content,src/data/cases/generated,friend-01,evidence[e-2].viewerDataByStage.2.meta.redactions[0],친구 이름 일부 마스킹,,友達名いくつかのマスキング,掩盖朋友姓名的一部分,"Case metadata, character profile, dispute, evidence, solution, or evidence-viewer surface text. Party dialogue scripts are not included here."
case_surface_content_src_data_cases_generated_friend-01_evidence_e-2_.viewerDataByStage.2.meta.sourceLabel,case_surface_content,src/data/cases/generated,friend-01,evidence[e-2].viewerDataByStage.2.meta.sourceLabel,양측,,両側,双方,"Case metadata, character profile, dispute, evidence, solution, or evidence-viewer surface text. Party dialogue scripts are not included here."
case_surface_content_src_data_cases_generated_friend-01_evidence_e-2_.viewerDataByStage.2.meta.stageLabel,case_surface_content,src/data/cases/generated,friend-01,evidence[e-2].viewerDataByStage.2.meta.stageLabel,2단계 — 동조 반응 추가,,ステップ2 - 同調反応を追加する,第 2 步 — 添加调整响应,"Case metadata, character profile, dispute, evidence, solution, or evidence-viewer surface text. Party dialogue scripts are not included here."
case_surface_content_src_data_cases_generated_friend-01_evidence_e-2_.viewerDataByStage.2.meta.trustLabel,case_surface_content,src/data/cases/generated,friend-01,evidence[e-2].viewerDataByStage.2.meta.trustLabel,보통,,通常,通常,"Case metadata, character profile, dispute, evidence, solution, or evidence-viewer surface text. Party dialogue scripts are not included here."
case_surface_content_src_data_cases_generated_friend-01_evidence_e-2_.viewerDataByStage.3.chat.header,case_surface_content,src/data/cases/generated,friend-01,evidence[e-2].viewerDataByStage.3.chat.header,"인스타그램 DM 그룹 ""여벤저스"" — 2026.03.06 21:24",,インスタグラムDMグループ「エベンジャーズ」 — 2026.03.06 21:24,Instagram DM 群组“女复仇者” — 2026.03.06 21:24,"Case metadata, character profile, dispute, evidence, solution, or evidence-viewer surface text. Party dialogue scripts are not included here."
case_surface_content_src_data_cases_generated_friend-01_evidence_e-2_.viewerDataByStage.3.chat.messages_0_.text,case_surface_content,src/data/cases/generated,friend-01,evidence[e-2].viewerDataByStage.3.chat.messages[0].text,2026.03.06 21:24 · 원본 대조본 / 직접 확인 전 공유 순서 확인,2026.03.06 21:24 · Original copy / Check sharing order before checking directly,2026.03.06 21:24 · オリジナル対照本/直接確認前共有順序確認,2026.03.06 21:24 · 原件/查看分享订单后直接查看,"Case metadata, character profile, dispute, evidence, solution, or evidence-viewer surface text. Party dialogue scripts are not included here."
case_surface_content_src_data_cases_generated_friend-01_evidence_e-2_.viewerDataByStage.3.chat.messages_1_.sender,case_surface_content,src/data/cases/generated,friend-01,evidence[e-2].viewerDataByStage.3.chat.messages[1].sender,김세라,,セラ・キム,莎拉·金,"Case metadata, character profile, dispute, evidence, solution, or evidence-viewer surface text. Party dialogue scripts are not included here."
case_surface_content_src_data_cases_generated_friend-01_evidence_e-2_.viewerDataByStage.3.chat.messages_1_.text,case_surface_content,src/data/cases/generated,friend-01,evidence[e-2].viewerDataByStage.3.chat.messages[1].text,"다은아, 수민이가 왜 연락했는지는 확인한 거야? 혹시 태윤이가 먼저 연락한 건 아니고?","Da-eun, have you checked why Sumin contacted you? Didn’t Taeyun contact you first?",ダ・ウンア、スミンがなぜ連絡したのか確認したの？もしテユンが先に連絡したのではないか？,多恩，你查过Sumin联系你的原因吗？不是泰妍先联系你的吗？,"Case metadata, character profile, dispute, evidence, solution, or evidence-viewer surface text. Party dialogue scripts are not included here."
case_surface_content_src_data_cases_generated_friend-01_evidence_e-2_.viewerDataByStage.3.chat.messages_10_.sender,case_surface_content,src/data/cases/generated,friend-01,evidence[e-2].viewerDataByStage.3.chat.messages[10].sender,송다은,,,宋多恩,"Case metadata, character profile, dispute, evidence, solution, or evidence-viewer surface text. Party dialogue scripts are not included here."
case_surface_content_src_data_cases_generated_friend-01_evidence_e-2_.viewerDataByStage.3.chat.messages_10_.text,case_surface_content,src/data/cases/generated,friend-01,evidence[e-2].viewerDataByStage.3.chat.messages[10].text,응. 근데 지금은 수민이가 선 넘은 게 맞다고 생각해.,huh. But now I think it’s true that Sumin crossed the line.,うん。でも今はスミンが善を超えたのが正しいと思う。,呵呵。但现在我认为Sumin确实越界了。,"Case metadata, character profile, dispute, evidence, solution, or evidence-viewer surface text. Party dialogue scripts are not included here."
case_surface_content_src_data_cases_generated_friend-01_evidence_e-2_.viewerDataByStage.3.chat.messages_2_.sender,case_surface_content,src/data/cases/generated,friend-01,evidence[e-2].viewerDataByStage.3.chat.messages[2].sender,송다은,,,宋多恩,"Case metadata, character profile, dispute, evidence, solution, or evidence-viewer surface text. Party dialogue scripts are not included here."
case_surface_content_src_data_cases_generated_friend-01_evidence_e-2_.viewerDataByStage.3.chat.messages_2_.text,case_surface_content,src/data/cases/generated,friend-01,evidence[e-2].viewerDataByStage.3.chat.messages[2].text,아직 수민이한테 직접 묻진 않았어. 물어보면 또 오해라고 할 게 뻔하니까.,"I haven’t asked Sumin directly yet. Because if you ask, it's obvious they'll say it's a misunderstanding again.",まだスミンが直接尋ねていない。聞いてみるとまた誤解ということが明らかだから。,我还没有直接问Sumin。因为如果你问，很明显他们会说这又是一场误会。,"Case metadata, character profile, dispute, evidence, solution, or evidence-viewer surface text. Party dialogue scripts are not included here."
case_surface_content_src_data_cases_generated_friend-01_evidence_e-2_.viewerDataByStage.3.chat.messages_3_.sender,case_surface_content,src/data/cases/generated,friend-01,evidence[e-2].viewerDataByStage.3.chat.messages[3].sender,송다은,,,宋多恩,"Case metadata, character profile, dispute, evidence, solution, or evidence-viewer surface text. Party dialogue scripts are not included here."
case_surface_content_src_data_cases_generated_friend-01_evidence_e-2_.viewerDataByStage.3.chat.messages_3_.text,case_surface_content,src/data/cases/generated,friend-01,evidence[e-2].viewerDataByStage.3.chat.messages[3].text,그래도 이건 너희가 알아야 할 것 같아서 먼저 올린 거야. 나 혼자 예민한 사람 되기 싫어.,"Still, I thought you guys should know this, so I posted it first. I don't want to be the only sensitive person.",それでも、これはあなたが知る必要があると思うので、最初に上げたのです。私一人で敏感な人になりたくない。,不过，我认为你们应该知道这一点，所以我先发布了。我不想成为唯一敏感的人。,"Case metadata, character profile, dispute, evidence, solution, or evidence-viewer surface text. Party dialogue scripts are not included here."
case_surface_content_src_data_cases_generated_friend-01_evidence_e-2_.viewerDataByStage.3.chat.messages_4_.sender,case_surface_content,src/data/cases/generated,friend-01,evidence[e-2].viewerDataByStage.3.chat.messages[4].sender,소연,,ソヨン,素妍,"Case metadata, character profile, dispute, evidence, solution, or evidence-viewer surface text. Party dialogue scripts are not included here."
case_surface_content_src_data_cases_generated_friend-01_evidence_e-2_.viewerDataByStage.3.chat.messages_4_.text,case_surface_content,src/data/cases/generated,friend-01,evidence[e-2].viewerDataByStage.3.chat.messages[4].text,직접 확인 전이면 말은 조금 조심해야 할 것 같아. 단정해서 퍼지면 돌이키기 어렵잖아.,"I think you should be a little more careful about what you say before checking it out in person. If it spreads neatly, it's hard to turn it back.",直接確認前ならば馬は少し気をつけなければならないようだ。断定して広がると元に戻りにくいじゃない。,我认为你在亲自检查之前应该更加小心自己所说的话。如果它传播得很整齐，就很难再回头。,"Case metadata, character profile, dispute, evidence, solution, or evidence-viewer surface text. Party dialogue scripts are not included here."
case_surface_content_src_data_cases_generated_friend-01_evidence_e-2_.viewerDataByStage.3.chat.messages_5_.sender,case_surface_content,src/data/cases/generated,friend-01,evidence[e-2].viewerDataByStage.3.chat.messages[5].sender,하은,,ハウン,海恩,"Case metadata, character profile, dispute, evidence, solution, or evidence-viewer surface text. Party dialogue scripts are not included here."
case_surface_content_src_data_cases_generated_friend-01_evidence_e-2_.viewerDataByStage.3.chat.messages_5_.text,case_surface_content,src/data/cases/generated,friend-01,evidence[e-2].viewerDataByStage.3.chat.messages[5].text,근데 이미 방 분위기는 수민이가 잘못한 걸로 가고 있어.,But the mood in the room is already starting to turn towards Sumin’s fault.,しかし、すでに部屋の雰囲気はスミンが間違ったことに行っています。,但房间里的气氛已经开始转向苏民的错了。,"Case metadata, character profile, dispute, evidence, solution, or evidence-viewer surface text. Party dialogue scripts are not included here."
case_surface_content_src_data_cases_generated_friend-01_evidence_e-2_.viewerDataByStage.3.chat.messages_6_.sender,case_surface_content,src/data/cases/generated,friend-01,evidence[e-2].viewerDataByStage.3.chat.messages[6].sender,송다은,,,宋多恩,"Case metadata, character profile, dispute, evidence, solution, or evidence-viewer surface text. Party dialogue scripts are not included here."
case_surface_content_src_data_cases_generated_friend-01_evidence_e-2_.viewerDataByStage.3.chat.messages_6_.text,case_surface_content,src/data/cases/generated,friend-01,evidence[e-2].viewerDataByStage.3.chat.messages[6].text,내가 괜히 말한 건 아니야. 수민이는 예전에도 비슷한 일에서 끝까지 설명 안 했어.,I didn't say that for nothing. Sumin has never explained something similar to the end in the past.,私はそれを言ったことではありません。スミンは以前も似たようなことから最後まで説明しなかった。,我这么说并不是无缘无故的。苏民过去从来没有解释过类似结局的事情。,"Case metadata, character profile, dispute, evidence, solution, or evidence-viewer surface text. Party dialogue scripts are not included here."
case_surface_content_src_data_cases_generated_friend-01_evidence_e-2_.viewerDataByStage.3.chat.messages_7_.sender,case_surface_content,src/data/cases/generated,friend-01,evidence[e-2].viewerDataByStage.3.chat.messages[7].sender,김세라,,セラ・キム,莎拉·金,"Case metadata, character profile, dispute, evidence, solution, or evidence-viewer surface text. Party dialogue scripts are not included here."
case_surface_content_src_data_cases_generated_friend-01_evidence_e-2_.viewerDataByStage.3.chat.messages_7_.text,case_surface_content,src/data/cases/generated,friend-01,evidence[e-2].viewerDataByStage.3.chat.messages[7].text,그 예전 일이랑 이번 연락이 같은 일인지는 따로 봐야 하지 않을까.,Shouldn't we look at it separately to see if that previous incident and this contact are the same?,その以前の仕事と今回の連絡が同じことなのかは別に見なければならないのだろうか。,难道我们不应该分开看一下之前的事件和这次的接触是否是同一个人吗？,"Case metadata, character profile, dispute, evidence, solution, or evidence-viewer surface text. Party dialogue scripts are not included here."
case_surface_content_src_data_cases_generated_friend-01_evidence_e-2_.viewerDataByStage.3.chat.messages_8_.sender,case_surface_content,src/data/cases/generated,friend-01,evidence[e-2].viewerDataByStage.3.chat.messages[8].sender,송다은,,,宋多恩,"Case metadata, character profile, dispute, evidence, solution, or evidence-viewer surface text. Party dialogue scripts are not included here."
case_surface_content_src_data_cases_generated_friend-01_evidence_e-2_.viewerDataByStage.3.chat.messages_8_.text,case_surface_content,src/data/cases/generated,friend-01,evidence[e-2].viewerDataByStage.3.chat.messages[8].text,나는 지금 결혼 앞두고 또 이런 얘기 듣는 게 너무 지쳐. 태윤이한테는 내가 먼저 정리하라고 할게.,I'm so tired of hearing things like this again before I get married. I'll tell Taeyun to clean it up first.,私は今結婚を控えてまたこのような話を聞くのがとても疲れています。テユンには私が最初に整理するように言うでしょう。,我已经厌倦了在结婚前再次听到这样的事情。我会告诉泰妍先把它清理干净。,"Case metadata, character profile, dispute, evidence, solution, or evidence-viewer surface text. Party dialogue scripts are not included here."
case_surface_content_src_data_cases_generated_friend-01_evidence_e-2_.viewerDataByStage.3.chat.messages_9_.sender,case_surface_content,src/data/cases/generated,friend-01,evidence[e-2].viewerDataByStage.3.chat.messages[9].sender,유진,,ユージン,尤金,"Case metadata, character profile, dispute, evidence, solution, or evidence-viewer surface text. Party dialogue scripts are not included here."
case_surface_content_src_data_cases_generated_friend-01_evidence_e-2_.viewerDataByStage.3.chat.messages_9_.text,case_surface_content,src/data/cases/generated,friend-01,evidence[e-2].viewerDataByStage.3.chat.messages[9].text,알겠어. 다만 나중에 사실이 다르면 방에 정정도 해야 해.,"Okay. However, if the facts are different later, corrections must be made to the room.",わかりました。ただ後で事実が違うと部屋に訂正もしなければならない。,好的。但如果事后事实有所不同，就必须对房间进行更正。,"Case metadata, character profile, dispute, evidence, solution, or evidence-viewer surface text. Party dialogue scripts are not included here."
case_surface_content_src_data_cases_generated_friend-01_evidence_e-2_.viewerDataByStage.3.chat.pages_0_.header,case_surface_content,src/data/cases/generated,friend-01,evidence[e-2].viewerDataByStage.3.chat.pages[0].header,"인스타그램 DM 그룹 ""여벤저스"" — 2026.03.06 21:14",,インスタグラムDMグループ「エベンジャーズ」 — 2026.03.06 21:14,Instagram DM 群组“女复仇者” — 2026.03.06 21:14,"Case metadata, character profile, dispute, evidence, solution, or evidence-viewer surface text. Party dialogue scripts are not included here."
case_surface_content_src_data_cases_generated_friend-01_evidence_e-2_.viewerDataByStage.3.chat.pages_0_.label,case_surface_content,src/data/cases/generated,friend-01,evidence[e-2].viewerDataByStage.3.chat.pages[0].label,1쪽 최초 발언,Page 1 Initial remarks,1ページ最初の発言,第1页 初步评论,"Case metadata, character profile, dispute, evidence, solution, or evidence-viewer surface text. Party dialogue scripts are not included here."
case_surface_content_src_data_cases_generated_friend-01_evidence_e-2_.viewerDataByStage.3.chat.pages_0_.messages_0_.text,case_surface_content,src/data/cases/generated,friend-01,evidence[e-2].viewerDataByStage.3.chat.pages[0].messages[0].text,2026.03.06 21:14 · 단톡방 캡처 1쪽 / 일부 이름 마스킹,2026.03.06 21:14 · Group chat room capture page 1 / Masking of some names,2026.03.06 21:14 · ダントクバンキャプチャ1ページ/一部名マスキング,2026.03.06 21:14 · 群聊房间截图1 / 部分姓名屏蔽,"Case metadata, character profile, dispute, evidence, solution, or evidence-viewer surface text. Party dialogue scripts are not included here."
case_surface_content_src_data_cases_generated_friend-01_evidence_e-2_.viewerDataByStage.3.chat.pages_0_.messages_1_.sender,case_surface_content,src/data/cases/generated,friend-01,evidence[e-2].viewerDataByStage.3.chat.pages[0].messages[1].sender,송다은,,,宋多恩,"Case metadata, character profile, dispute, evidence, solution, or evidence-viewer surface text. Party dialogue scripts are not included here."
case_surface_content_src_data_cases_generated_friend-01_evidence_e-2_.viewerDataByStage.3.chat.pages_0_.messages_1_.text,case_surface_content,src/data/cases/generated,friend-01,evidence[e-2].viewerDataByStage.3.chat.pages[0].messages[1].text,얘들아 나 진짜 손 떨려. 방금 태윤이 폰 알림을 봤는데 수민이 이름이 계속 떠 있었어.,"Guys, my hands are really shaking. I just looked at Taeyun's phone notifications, and Sumin's name kept popping up.",みんな私は本当の手を振る。ただテユンが電話の通知を見たが、スミンは名前が浮かんだ。,各位，我的手真的在颤抖。我刚看泰妍的手机通知，苏民的名字就不断地出现。,"Case metadata, character profile, dispute, evidence, solution, or evidence-viewer surface text. Party dialogue scripts are not included here."
case_surface_content_src_data_cases_generated_friend-01_evidence_e-2_.viewerDataByStage.3.chat.pages_0_.messages_2_.sender,case_surface_content,src/data/cases/generated,friend-01,evidence[e-2].viewerDataByStage.3.chat.pages[0].messages[2].sender,송다은,,,宋多恩,"Case metadata, character profile, dispute, evidence, solution, or evidence-viewer surface text. Party dialogue scripts are not included here."
case_surface_content_src_data_cases_generated_friend-01_evidence_e-2_.viewerDataByStage.3.chat.pages_0_.messages_2_.text,case_surface_content,src/data/cases/generated,friend-01,evidence[e-2].viewerDataByStage.3.chat.pages[0].messages[2].text,나한테는 아무 말도 안 해놓고 왜 내 예비신랑한테만 연락하는지 모르겠어.,I don't know why you're only contacting my husband-to-be without saying anything to me.,私には何も言わないで、なぜ私の予備新郎にだけ連絡するのか分からない。,我不知道你为什么只联系我的未婚夫而不跟我说任何话。,"Case metadata, character profile, dispute, evidence, solution, or evidence-viewer surface text. Party dialogue scripts are not included here."
case_surface_content_src_data_cases_generated_friend-01_evidence_e-2_.viewerDataByStage.3.chat.pages_0_.messages_3_.sender,case_surface_content,src/data/cases/generated,friend-01,evidence[e-2].viewerDataByStage.3.chat.pages[0].messages[3].sender,친구 1,,友達1,朋友 1,"Case metadata, character profile, dispute, evidence, solution, or evidence-viewer surface text. Party dialogue scripts are not included here."
case_surface_content_src_data_cases_generated_friend-01_evidence_e-2_.viewerDataByStage.3.chat.pages_0_.messages_3_.text,case_surface_content,src/data/cases/generated,friend-01,evidence[e-2].viewerDataByStage.3.chat.pages[0].messages[3].text,"잠깐, 정확히 무슨 내용이었는데?","Wait, what exactly was it about?",ちょっと、まさに何の内容だったの？,等等，这到底是关于什么的？,"Case metadata, character profile, dispute, evidence, solution, or evidence-viewer surface text. Party dialogue scripts are not included here."
case_surface_content_src_data_cases_generated_friend-01_evidence_e-2_.viewerDataByStage.3.chat.pages_0_.messages_4_.sender,case_surface_content,src/data/cases/generated,friend-01,evidence[e-2].viewerDataByStage.3.chat.pages[0].messages[4].sender,송다은,,,宋多恩,"Case metadata, character profile, dispute, evidence, solution, or evidence-viewer surface text. Party dialogue scripts are not included here."
case_surface_content_src_data_cases_generated_friend-01_evidence_e-2_.viewerDataByStage.3.chat.pages_0_.messages_4_.text,case_surface_content,src/data/cases/generated,friend-01,evidence[e-2].viewerDataByStage.3.chat.pages[0].messages[4].text,통화 기록도 있고 문자도 여러 번이야. 그냥 안부 수준으로 보이진 않았어.,I have call records and several text messages. It just didn't seem like an Anbu level.,通話記録もあり、文字も何度も。ただ安否レベルには見えなかった。,我有通话记录和几条短信。简直不像暗部级别。,"Case metadata, character profile, dispute, evidence, solution, or evidence-viewer surface text. Party dialogue scripts are not included here."
case_surface_content_src_data_cases_generated_friend-01_evidence_e-2_.viewerDataByStage.3.chat.pages_0_.messages_5_.sender,case_surface_content,src/data/cases/generated,friend-01,evidence[e-2].viewerDataByStage.3.chat.pages[0].messages[5].sender,친구 2,,友達2,朋友2,"Case metadata, character profile, dispute, evidence, solution, or evidence-viewer surface text. Party dialogue scripts are not included here."
case_surface_content_src_data_cases_generated_friend-01_evidence_e-2_.viewerDataByStage.3.chat.pages_0_.messages_5_.text,case_surface_content,src/data/cases/generated,friend-01,evidence[e-2].viewerDataByStage.3.chat.pages[0].messages[5].text,너한테 먼저 말 안 한 건 좀 이상하긴 하다.,It's a bit strange that I didn't tell you first.,君に先に言わなかったのはちょっとおかしなことだ。,有点奇怪我没有先告诉你。,"Case metadata, character profile, dispute, evidence, solution, or evidence-viewer surface text. Party dialogue scripts are not included here."
case_surface_content_src_data_cases_generated_friend-01_evidence_e-2_.viewerDataByStage.3.chat.pages_0_.messages_6_.sender,case_surface_content,src/data/cases/generated,friend-01,evidence[e-2].viewerDataByStage.3.chat.pages[0].messages[6].sender,송다은,,,宋多恩,"Case metadata, character profile, dispute, evidence, solution, or evidence-viewer surface text. Party dialogue scripts are not included here."
case_surface_content_src_data_cases_generated_friend-01_evidence_e-2_.viewerDataByStage.3.chat.pages_0_.messages_6_.text,case_surface_content,src/data/cases/generated,friend-01,evidence[e-2].viewerDataByStage.3.chat.pages[0].messages[6].text,예전에도 이런 식으로 사람 곤란하게 만든 적 있잖아. 나만 예민한 거 아니지?,You've caused people trouble like this before. Am I not the only one who is sensitive?,以前にもこのように人が困ったことがあるでしょう。私だけが敏感ではありませんか？,你以前也曾给人们带来过这样的麻烦。难道我不是唯一一个敏感的人吗？,"Case metadata, character profile, dispute, evidence, solution, or evidence-viewer surface text. Party dialogue scripts are not included here."
case_surface_content_src_data_cases_generated_friend-01_evidence_e-2_.viewerDataByStage.3.chat.pages_0_.messages_7_.sender,case_surface_content,src/data/cases/generated,friend-01,evidence[e-2].viewerDataByStage.3.chat.pages[0].messages[7].sender,친구 1,,友達1,朋友 1,"Case metadata, character profile, dispute, evidence, solution, or evidence-viewer surface text. Party dialogue scripts are not included here."
case_surface_content_src_data_cases_generated_friend-01_evidence_e-2_.viewerDataByStage.3.chat.pages_0_.messages_7_.text,case_surface_content,src/data/cases/generated,friend-01,evidence[e-2].viewerDataByStage.3.chat.pages[0].messages[7].text,일단 캡처만 보면 다은이가 놀랄 만은 해 보여.,"Just looking at the capture, Da-eun seems to be surprised.",一度キャプチャを見ると、Dae Eunは驚くべきことを示しています。,光是看着这张照片，多恩就显得很惊讶。,"Case metadata, character profile, dispute, evidence, solution, or evidence-viewer surface text. Party dialogue scripts are not included here."
case_surface_content_src_data_cases_generated_friend-01_evidence_e-2_.viewerDataByStage.3.chat.pages_1_.header,case_surface_content,src/data/cases/generated,friend-01,evidence[e-2].viewerDataByStage.3.chat.pages[1].header,"인스타그램 DM 그룹 ""여벤저스"" — 2026.03.06 21:18",,インスタグラムDMグループ「エベンジャーズ」 — 2026.03.06 21:18,Instagram DM 群组“女复仇者” — 2026.03.06 21:18,"Case metadata, character profile, dispute, evidence, solution, or evidence-viewer surface text. Party dialogue scripts are not included here."
case_surface_content_src_data_cases_generated_friend-01_evidence_e-2_.viewerDataByStage.3.chat.pages_1_.label,case_surface_content,src/data/cases/generated,friend-01,evidence[e-2].viewerDataByStage.3.chat.pages[1].label,2쪽 확산 반응,Page 2 Diffusion reaction,2ページ拡散反応,第2页 扩散反应,"Case metadata, character profile, dispute, evidence, solution, or evidence-viewer surface text. Party dialogue scripts are not included here."
case_surface_content_src_data_cases_generated_friend-01_evidence_e-2_.viewerDataByStage.3.chat.pages_1_.messages_0_.text,case_surface_content,src/data/cases/generated,friend-01,evidence[e-2].viewerDataByStage.3.chat.pages[1].messages[0].text,2026.03.06 21:18 · 단톡방 캡처 2쪽 / 반응 구간 확대,2026.03.06 21:18 · Group chat room capture page 2 / Expand reaction section,2026.03.06 21:18 · ダントクバンキャプチャ2ページ/反応区間拡大,2026.03.06 21:18 · 群聊房间截图第二页/展开反应部分,"Case metadata, character profile, dispute, evidence, solution, or evidence-viewer surface text. Party dialogue scripts are not included here."
case_surface_content_src_data_cases_generated_friend-01_evidence_e-2_.viewerDataByStage.3.chat.pages_1_.messages_1_.sender,case_surface_content,src/data/cases/generated,friend-01,evidence[e-2].viewerDataByStage.3.chat.pages[1].messages[1].sender,하은,,ハウン,海恩,"Case metadata, character profile, dispute, evidence, solution, or evidence-viewer surface text. Party dialogue scripts are not included here."
case_surface_content_src_data_cases_generated_friend-01_evidence_e-2_.viewerDataByStage.3.chat.pages_1_.messages_1_.text,case_surface_content,src/data/cases/generated,friend-01,evidence[e-2].viewerDataByStage.3.chat.pages[1].messages[1].text,아 걔 진짜 또 그래? 결혼 준비하는 사람한테 왜 그러는 거야.,"Oh, is he really like that again? Why are you doing this to someone who is preparing for marriage?",ああ、本当に本当ですか？結婚準備する人になぜそうするのか。,哦，他真的又这样了吗？为什么要这样对一个准备结婚的人？,"Case metadata, character profile, dispute, evidence, solution, or evidence-viewer surface text. Party dialogue scripts are not included here."
case_surface_content_src_data_cases_generated_friend-01_evidence_e-2_.viewerDataByStage.3.chat.pages_1_.messages_2_.sender,case_surface_content,src/data/cases/generated,friend-01,evidence[e-2].viewerDataByStage.3.chat.pages[1].messages[2].sender,유진,,ユージン,尤金,"Case metadata, character profile, dispute, evidence, solution, or evidence-viewer surface text. Party dialogue scripts are not included here."
case_surface_content_src_data_cases_generated_friend-01_evidence_e-2_.viewerDataByStage.3.chat.pages_1_.messages_2_.text,case_surface_content,src/data/cases/generated,friend-01,evidence[e-2].viewerDataByStage.3.chat.pages[1].messages[2].text,수민이는 선 넘는 걸 본인이 잘 모르는 것 같아. 예전에도 분위기 이상하게 만들었잖아.,I don't think Sumin knows that she's crossing the line. You've created a strange atmosphere before.,スミンは線を越えるのを本人がよく分からないようだ。昔も雰囲気不思議にさせたじゃないか。,我认为苏敏不知道她已经越界了。你之前已经营造过一种奇怪的气氛了。,"Case metadata, character profile, dispute, evidence, solution, or evidence-viewer surface text. Party dialogue scripts are not included here."
case_surface_content_src_data_cases_generated_friend-01_evidence_e-2_.viewerDataByStage.3.chat.pages_1_.messages_3_.sender,case_surface_content,src/data/cases/generated,friend-01,evidence[e-2].viewerDataByStage.3.chat.pages[1].messages[3].sender,송다은,,,宋多恩,"Case metadata, character profile, dispute, evidence, solution, or evidence-viewer surface text. Party dialogue scripts are not included here."
case_surface_content_src_data_cases_generated_friend-01_evidence_e-2_.viewerDataByStage.3.chat.pages_1_.messages_3_.text,case_surface_content,src/data/cases/generated,friend-01,evidence[e-2].viewerDataByStage.3.chat.pages[1].messages[3].text,나도 그래서 더 화가 나. 이번에는 그냥 넘어가면 안 될 것 같아.,That makes me even more angry. I don't think I can just ignore it this time.,私もだからもっと怒っています。今回はただ渡ってはいけないと思います。,这让我更生气。我想这次我不能忽视它了。,"Case metadata, character profile, dispute, evidence, solution, or evidence-viewer surface text. Party dialogue scripts are not included here."
case_surface_content_src_data_cases_generated_friend-01_evidence_e-2_.viewerDataByStage.3.chat.pages_1_.messages_4_.sender,case_surface_content,src/data/cases/generated,friend-01,evidence[e-2].viewerDataByStage.3.chat.pages[1].messages[4].sender,송다은,,,宋多恩,"Case metadata, character profile, dispute, evidence, solution, or evidence-viewer surface text. Party dialogue scripts are not included here."
case_surface_content_src_data_cases_generated_friend-01_evidence_e-2_.viewerDataByStage.3.chat.pages_1_.messages_4_.text,case_surface_content,src/data/cases/generated,friend-01,evidence[e-2].viewerDataByStage.3.chat.pages[1].messages[4].text,"태윤이는 별거 아니라고 하는데, 나는 그 말도 못 믿겠어.","Taeyun says it’s no big deal, but I don’t believe him.",テユンはあまりないと言うが、私はその言葉も信じない。,泰妍说没什么大不了的，但我不相信他。,"Case metadata, character profile, dispute, evidence, solution, or evidence-viewer surface text. Party dialogue scripts are not included here."
case_surface_content_src_data_cases_generated_friend-01_evidence_e-2_.viewerDataByStage.3.chat.pages_1_.messages_5_.sender,case_surface_content,src/data/cases/generated,friend-01,evidence[e-2].viewerDataByStage.3.chat.pages[1].messages[5].sender,소연,,ソヨン,素妍,"Case metadata, character profile, dispute, evidence, solution, or evidence-viewer surface text. Party dialogue scripts are not included here."
case_surface_content_src_data_cases_generated_friend-01_evidence_e-2_.viewerDataByStage.3.chat.pages_1_.messages_5_.text,case_surface_content,src/data/cases/generated,friend-01,evidence[e-2].viewerDataByStage.3.chat.pages[1].messages[5].text,그럼 수민이한테 직접 물어봤어?,Then did you ask Sumin directly?,それでは、Suminは直接尋ねましたか？,那你直接问苏民了吗？,"Case metadata, character profile, dispute, evidence, solution, or evidence-viewer surface text. Party dialogue scripts are not included here."
case_surface_content_src_data_cases_generated_friend-01_evidence_e-2_.viewerDataByStage.3.chat.pages_1_.messages_6_.sender,case_surface_content,src/data/cases/generated,friend-01,evidence[e-2].viewerDataByStage.3.chat.pages[1].messages[6].sender,송다은,,,宋多恩,"Case metadata, character profile, dispute, evidence, solution, or evidence-viewer surface text. Party dialogue scripts are not included here."
case_surface_content_src_data_cases_generated_friend-01_evidence_e-2_.viewerDataByStage.3.chat.pages_1_.messages_6_.text,case_surface_content,src/data/cases/generated,friend-01,evidence[e-2].viewerDataByStage.3.chat.pages[1].messages[6].text,아직. 지금 말 걸면 또 피해자처럼 굴 것 같아서 먼저 너희한테 말한 거야.,yet. I told you guys first because I thought I would act like a victim again if I talked to you now.,まだ。今話しかけるとまた被害者のように転がりそうだから先にお前らに言ったんだ。,然而。我首先告诉你们是因为我想如果我现在和你们说话我会再次表现得像个受害者。,"Case metadata, character profile, dispute, evidence, solution, or evidence-viewer surface text. Party dialogue scripts are not included here."
case_surface_content_src_data_cases_generated_friend-01_evidence_e-2_.viewerDataByStage.3.chat.pages_1_.messages_7_.sender,case_surface_content,src/data/cases/generated,friend-01,evidence[e-2].viewerDataByStage.3.chat.pages[1].messages[7].sender,하은,,ハウン,海恩,"Case metadata, character profile, dispute, evidence, solution, or evidence-viewer surface text. Party dialogue scripts are not included here."
case_surface_content_src_data_cases_generated_friend-01_evidence_e-2_.viewerDataByStage.3.chat.pages_1_.messages_7_.text,case_surface_content,src/data/cases/generated,friend-01,evidence[e-2].viewerDataByStage.3.chat.pages[1].messages[7].text,그래도 직접 확인은 해야 하지 않아? 캡처만으로는 앞뒤를 모르잖아.,"Still, shouldn’t you check it yourself? You don’t know what’s coming from just capturing it.",それでも直接確認はしないの？キャプチャだけでは前後を知らないじゃないか。,不过，你不应该自己检查一下吗？你不知道仅仅捕捉它会产生什么。,"Case metadata, character profile, dispute, evidence, solution, or evidence-viewer surface text. Party dialogue scripts are not included here."
case_surface_content_src_data_cases_generated_friend-01_evidence_e-2_.viewerDataByStage.3.chat.pages_1_.messages_8_.sender,case_surface_content,src/data/cases/generated,friend-01,evidence[e-2].viewerDataByStage.3.chat.pages[1].messages[8].sender,유진,,ユージン,尤金,"Case metadata, character profile, dispute, evidence, solution, or evidence-viewer surface text. Party dialogue scripts are not included here."
case_surface_content_src_data_cases_generated_friend-01_evidence_e-2_.viewerDataByStage.3.chat.pages_1_.messages_8_.text,case_surface_content,src/data/cases/generated,friend-01,evidence[e-2].viewerDataByStage.3.chat.pages[1].messages[8].text,근데 이미 다은이가 이 정도로 불안하면 수민이도 조심했어야지.,"But if Da-eun is already this anxious, Sumin should have been careful too.",しかし、すでにダウンがこのほど不安であれば、スミンも気をつけなければならない。,但如果多恩已经这么着急了，苏民也该小心点了。,"Case metadata, character profile, dispute, evidence, solution, or evidence-viewer surface text. Party dialogue scripts are not included here."
case_surface_content_src_data_cases_generated_friend-01_evidence_e-2_.viewerDataByStage.3.chat.pages_1_.messages_9_.sender,case_surface_content,src/data/cases/generated,friend-01,evidence[e-2].viewerDataByStage.3.chat.pages[1].messages[9].sender,송다은,,,宋多恩,"Case metadata, character profile, dispute, evidence, solution, or evidence-viewer surface text. Party dialogue scripts are not included here."
case_surface_content_src_data_cases_generated_friend-01_evidence_e-2_.viewerDataByStage.3.chat.pages_1_.messages_9_.text,case_surface_content,src/data/cases/generated,friend-01,evidence[e-2].viewerDataByStage.3.chat.pages[1].messages[9].text,맞아. 나는 지금 수민이가 또 내 사람한테 붙는 것처럼 느껴져.,that's right. Now I feel like Sumin is attached to me again.,そうだね私は今スミンがまた私の人に立ち往生しているように感じています。,这是正确的。现在我感觉Sumin又依恋我了。,"Case metadata, character profile, dispute, evidence, solution, or evidence-viewer surface text. Party dialogue scripts are not included here."
case_surface_content_src_data_cases_generated_friend-01_evidence_e-2_.viewerDataByStage.3.chat.pages_2_.header,case_surface_content,src/data/cases/generated,friend-01,evidence[e-2].viewerDataByStage.3.chat.pages[2].header,"인스타그램 DM 그룹 ""여벤저스"" — 2026.03.06 21:24",,インスタグラムDMグループ「エベンジャーズ」 — 2026.03.06 21:24,Instagram DM 群组“女复仇者” — 2026.03.06 21:24,"Case metadata, character profile, dispute, evidence, solution, or evidence-viewer surface text. Party dialogue scripts are not included here."
case_surface_content_src_data_cases_generated_friend-01_evidence_e-2_.viewerDataByStage.3.chat.pages_2_.label,case_surface_content,src/data/cases/generated,friend-01,evidence[e-2].viewerDataByStage.3.chat.pages[2].label,3쪽 시간 순서,Page 3 chronological order,3ページの時間順,第3页按时间顺序排列,"Case metadata, character profile, dispute, evidence, solution, or evidence-viewer surface text. Party dialogue scripts are not included here."
case_surface_content_src_data_cases_generated_friend-01_evidence_e-2_.viewerDataByStage.3.chat.pages_2_.messages_0_.text,case_surface_content,src/data/cases/generated,friend-01,evidence[e-2].viewerDataByStage.3.chat.pages[2].messages[0].text,2026.03.06 21:24 · 원본 대조본 / 직접 확인 전 공유 순서 확인,2026.03.06 21:24 · Original copy / Check sharing order before checking directly,2026.03.06 21:24 · オリジナル対照本/直接確認前共有順序確認,2026.03.06 21:24 · 原件/查看分享订单后直接查看,"Case metadata, character profile, dispute, evidence, solution, or evidence-viewer surface text. Party dialogue scripts are not included here."
case_surface_content_src_data_cases_generated_friend-01_evidence_e-2_.viewerDataByStage.3.chat.pages_2_.messages_1_.sender,case_surface_content,src/data/cases/generated,friend-01,evidence[e-2].viewerDataByStage.3.chat.pages[2].messages[1].sender,김세라,,セラ・キム,莎拉·金,"Case metadata, character profile, dispute, evidence, solution, or evidence-viewer surface text. Party dialogue scripts are not included here."
case_surface_content_src_data_cases_generated_friend-01_evidence_e-2_.viewerDataByStage.3.chat.pages_2_.messages_1_.text,case_surface_content,src/data/cases/generated,friend-01,evidence[e-2].viewerDataByStage.3.chat.pages[2].messages[1].text,"다은아, 수민이가 왜 연락했는지는 확인한 거야? 혹시 태윤이가 먼저 연락한 건 아니고?","Da-eun, have you checked why Sumin contacted you? Didn’t Taeyun contact you first?",ダ・ウンア、スミンがなぜ連絡したのか確認したの？もしテユンが先に連絡したのではないか？,多恩，你查过Sumin联系你的原因吗？不是泰妍先联系你的吗？,"Case metadata, character profile, dispute, evidence, solution, or evidence-viewer surface text. Party dialogue scripts are not included here."
case_surface_content_src_data_cases_generated_friend-01_evidence_e-2_.viewerDataByStage.3.chat.pages_2_.messages_10_.sender,case_surface_content,src/data/cases/generated,friend-01,evidence[e-2].viewerDataByStage.3.chat.pages[2].messages[10].sender,송다은,,,宋多恩,"Case metadata, character profile, dispute, evidence, solution, or evidence-viewer surface text. Party dialogue scripts are not included here."
case_surface_content_src_data_cases_generated_friend-01_evidence_e-2_.viewerDataByStage.3.chat.pages_2_.messages_10_.text,case_surface_content,src/data/cases/generated,friend-01,evidence[e-2].viewerDataByStage.3.chat.pages[2].messages[10].text,응. 근데 지금은 수민이가 선 넘은 게 맞다고 생각해.,huh. But now I think it’s true that Sumin crossed the line.,うん。でも今はスミンが善を超えたのが正しいと思う。,呵呵。但现在我认为Sumin确实越界了。,"Case metadata, character profile, dispute, evidence, solution, or evidence-viewer surface text. Party dialogue scripts are not included here."
case_surface_content_src_data_cases_generated_friend-01_evidence_e-2_.viewerDataByStage.3.chat.pages_2_.messages_2_.sender,case_surface_content,src/data/cases/generated,friend-01,evidence[e-2].viewerDataByStage.3.chat.pages[2].messages[2].sender,송다은,,,宋多恩,"Case metadata, character profile, dispute, evidence, solution, or evidence-viewer surface text. Party dialogue scripts are not included here."
case_surface_content_src_data_cases_generated_friend-01_evidence_e-2_.viewerDataByStage.3.chat.pages_2_.messages_2_.text,case_surface_content,src/data/cases/generated,friend-01,evidence[e-2].viewerDataByStage.3.chat.pages[2].messages[2].text,아직 수민이한테 직접 묻진 않았어. 물어보면 또 오해라고 할 게 뻔하니까.,"I haven’t asked Sumin directly yet. Because if you ask, it's obvious they'll say it's a misunderstanding again.",まだスミンが直接尋ねていない。聞いてみるとまた誤解ということが明らかだから。,我还没有直接问Sumin。因为如果你问，很明显他们会说这又是一场误会。,"Case metadata, character profile, dispute, evidence, solution, or evidence-viewer surface text. Party dialogue scripts are not included here."
case_surface_content_src_data_cases_generated_friend-01_evidence_e-2_.viewerDataByStage.3.chat.pages_2_.messages_3_.sender,case_surface_content,src/data/cases/generated,friend-01,evidence[e-2].viewerDataByStage.3.chat.pages[2].messages[3].sender,송다은,,,宋多恩,"Case metadata, character profile, dispute, evidence, solution, or evidence-viewer surface text. Party dialogue scripts are not included here."
case_surface_content_src_data_cases_generated_friend-01_evidence_e-2_.viewerDataByStage.3.chat.pages_2_.messages_3_.text,case_surface_content,src/data/cases/generated,friend-01,evidence[e-2].viewerDataByStage.3.chat.pages[2].messages[3].text,그래도 이건 너희가 알아야 할 것 같아서 먼저 올린 거야. 나 혼자 예민한 사람 되기 싫어.,"Still, I thought you guys should know this, so I posted it first. I don't want to be the only sensitive person.",それでも、これはあなたが知る必要があると思うので、最初に上げたのです。私一人で敏感な人になりたくない。,不过，我认为你们应该知道这一点，所以我先发布了。我不想成为唯一敏感的人。,"Case metadata, character profile, dispute, evidence, solution, or evidence-viewer surface text. Party dialogue scripts are not included here."
case_surface_content_src_data_cases_generated_friend-01_evidence_e-2_.viewerDataByStage.3.chat.pages_2_.messages_4_.sender,case_surface_content,src/data/cases/generated,friend-01,evidence[e-2].viewerDataByStage.3.chat.pages[2].messages[4].sender,소연,,ソヨン,素妍,"Case metadata, character profile, dispute, evidence, solution, or evidence-viewer surface text. Party dialogue scripts are not included here."
case_surface_content_src_data_cases_generated_friend-01_evidence_e-2_.viewerDataByStage.3.chat.pages_2_.messages_4_.text,case_surface_content,src/data/cases/generated,friend-01,evidence[e-2].viewerDataByStage.3.chat.pages[2].messages[4].text,직접 확인 전이면 말은 조금 조심해야 할 것 같아. 단정해서 퍼지면 돌이키기 어렵잖아.,"I think you should be a little more careful about what you say before checking it out in person. If it spreads neatly, it's hard to turn it back.",直接確認前ならば馬は少し気をつけなければならないようだ。断定して広がると元に戻りにくいじゃない。,我认为你在亲自检查之前应该更加小心自己所说的话。如果它传播得很整齐，就很难再回头。,"Case metadata, character profile, dispute, evidence, solution, or evidence-viewer surface text. Party dialogue scripts are not included here."
case_surface_content_src_data_cases_generated_friend-01_evidence_e-2_.viewerDataByStage.3.chat.pages_2_.messages_5_.sender,case_surface_content,src/data/cases/generated,friend-01,evidence[e-2].viewerDataByStage.3.chat.pages[2].messages[5].sender,하은,,ハウン,海恩,"Case metadata, character profile, dispute, evidence, solution, or evidence-viewer surface text. Party dialogue scripts are not included here."
case_surface_content_src_data_cases_generated_friend-01_evidence_e-2_.viewerDataByStage.3.chat.pages_2_.messages_5_.text,case_surface_content,src/data/cases/generated,friend-01,evidence[e-2].viewerDataByStage.3.chat.pages[2].messages[5].text,근데 이미 방 분위기는 수민이가 잘못한 걸로 가고 있어.,But the mood in the room is already starting to turn towards Sumin’s fault.,しかし、すでに部屋の雰囲気はスミンが間違ったことに行っています。,但房间里的气氛已经开始转向苏民的错了。,"Case metadata, character profile, dispute, evidence, solution, or evidence-viewer surface text. Party dialogue scripts are not included here."
case_surface_content_src_data_cases_generated_friend-01_evidence_e-2_.viewerDataByStage.3.chat.pages_2_.messages_6_.sender,case_surface_content,src/data/cases/generated,friend-01,evidence[e-2].viewerDataByStage.3.chat.pages[2].messages[6].sender,송다은,,,宋多恩,"Case metadata, character profile, dispute, evidence, solution, or evidence-viewer surface text. Party dialogue scripts are not included here."
case_surface_content_src_data_cases_generated_friend-01_evidence_e-2_.viewerDataByStage.3.chat.pages_2_.messages_6_.text,case_surface_content,src/data/cases/generated,friend-01,evidence[e-2].viewerDataByStage.3.chat.pages[2].messages[6].text,내가 괜히 말한 건 아니야. 수민이는 예전에도 비슷한 일에서 끝까지 설명 안 했어.,I didn't say that for nothing. Sumin has never explained something similar to the end in the past.,私はそれを言ったことではありません。スミンは以前も似たようなことから最後まで説明しなかった。,我这么说并不是无缘无故的。苏民过去从来没有解释过类似结局的事情。,"Case metadata, character profile, dispute, evidence, solution, or evidence-viewer surface text. Party dialogue scripts are not included here."
case_surface_content_src_data_cases_generated_friend-01_evidence_e-2_.viewerDataByStage.3.chat.pages_2_.messages_7_.sender,case_surface_content,src/data/cases/generated,friend-01,evidence[e-2].viewerDataByStage.3.chat.pages[2].messages[7].sender,김세라,,セラ・キム,莎拉·金,"Case metadata, character profile, dispute, evidence, solution, or evidence-viewer surface text. Party dialogue scripts are not included here."
case_surface_content_src_data_cases_generated_friend-01_evidence_e-2_.viewerDataByStage.3.chat.pages_2_.messages_7_.text,case_surface_content,src/data/cases/generated,friend-01,evidence[e-2].viewerDataByStage.3.chat.pages[2].messages[7].text,그 예전 일이랑 이번 연락이 같은 일인지는 따로 봐야 하지 않을까.,Shouldn't we look at it separately to see if that previous incident and this contact are the same?,その以前の仕事と今回の連絡が同じことなのかは別に見なければならないのだろうか。,难道我们不应该分开看一下之前的事件和这次的接触是否是同一个人吗？,"Case metadata, character profile, dispute, evidence, solution, or evidence-viewer surface text. Party dialogue scripts are not included here."
case_surface_content_src_data_cases_generated_friend-01_evidence_e-2_.viewerDataByStage.3.chat.pages_2_.messages_8_.sender,case_surface_content,src/data/cases/generated,friend-01,evidence[e-2].viewerDataByStage.3.chat.pages[2].messages[8].sender,송다은,,,宋多恩,"Case metadata, character profile, dispute, evidence, solution, or evidence-viewer surface text. Party dialogue scripts are not included here."
case_surface_content_src_data_cases_generated_friend-01_evidence_e-2_.viewerDataByStage.3.chat.pages_2_.messages_8_.text,case_surface_content,src/data/cases/generated,friend-01,evidence[e-2].viewerDataByStage.3.chat.pages[2].messages[8].text,나는 지금 결혼 앞두고 또 이런 얘기 듣는 게 너무 지쳐. 태윤이한테는 내가 먼저 정리하라고 할게.,I'm so tired of hearing things like this again before I get married. I'll tell Taeyun to clean it up first.,私は今結婚を控えてまたこのような話を聞くのがとても疲れています。テユンには私が最初に整理するように言うでしょう。,我已经厌倦了在结婚前再次听到这样的事情。我会告诉泰妍先把它清理干净。,"Case metadata, character profile, dispute, evidence, solution, or evidence-viewer surface text. Party dialogue scripts are not included here."
case_surface_content_src_data_cases_generated_friend-01_evidence_e-2_.viewerDataByStage.3.chat.pages_2_.messages_9_.sender,case_surface_content,src/data/cases/generated,friend-01,evidence[e-2].viewerDataByStage.3.chat.pages[2].messages[9].sender,유진,,ユージン,尤金,"Case metadata, character profile, dispute, evidence, solution, or evidence-viewer surface text. Party dialogue scripts are not included here."
case_surface_content_src_data_cases_generated_friend-01_evidence_e-2_.viewerDataByStage.3.chat.pages_2_.messages_9_.text,case_surface_content,src/data/cases/generated,friend-01,evidence[e-2].viewerDataByStage.3.chat.pages[2].messages[9].text,알겠어. 다만 나중에 사실이 다르면 방에 정정도 해야 해.,"Okay. However, if the facts are different later, corrections must be made to the room.",わかりました。ただ後で事実が違うと部屋に訂正もしなければならない。,好的。但如果事后事实有所不同，就必须对房间进行更正。,"Case metadata, character profile, dispute, evidence, solution, or evidence-viewer surface text. Party dialogue scripts are not included here."
case_surface_content_src_data_cases_generated_friend-01_evidence_e-2_.viewerDataByStage.3.meta.legalLabel,case_surface_content,src/data/cases/generated,friend-01,evidence[e-2].viewerDataByStage.3.meta.legalLabel,적법,,適法,合法性,"Case metadata, character profile, dispute, evidence, solution, or evidence-viewer surface text. Party dialogue scripts are not included here."
case_surface_content_src_data_cases_generated_friend-01_evidence_e-2_.viewerDataByStage.3.meta.name,case_surface_content,src/data/cases/generated,friend-01,evidence[e-2].viewerDataByStage.3.meta.name,단톡방 캡처,Group chat room capture,ダントクバンキャプチャ,群聊房间截图,"Case metadata, character profile, dispute, evidence, solution, or evidence-viewer surface text. Party dialogue scripts are not included here."
case_surface_content_src_data_cases_generated_friend-01_evidence_e-2_.viewerDataByStage.3.meta.sourceLabel,case_surface_content,src/data/cases/generated,friend-01,evidence[e-2].viewerDataByStage.3.meta.sourceLabel,양측,,両側,双方,"Case metadata, character profile, dispute, evidence, solution, or evidence-viewer surface text. Party dialogue scripts are not included here."
case_surface_content_src_data_cases_generated_friend-01_evidence_e-2_.viewerDataByStage.3.meta.stageLabel,case_surface_content,src/data/cases/generated,friend-01,evidence[e-2].viewerDataByStage.3.meta.stageLabel,3단계 — 전체 대화 공개,,ステップ3 - 全会話を公開,第 3 步 — 公开整个对话,"Case metadata, character profile, dispute, evidence, solution, or evidence-viewer surface text. Party dialogue scripts are not included here."
case_surface_content_src_data_cases_generated_friend-01_evidence_e-2_.viewerDataByStage.3.meta.trustLabel,case_surface_content,src/data/cases/generated,friend-01,evidence[e-2].viewerDataByStage.3.meta.trustLabel,보통,,通常,通常,"Case metadata, character profile, dispute, evidence, solution, or evidence-viewer surface text. Party dialogue scripts are not included here."
case_surface_content_src_data_cases_generated_friend-01_evidence_e-3_.description,case_surface_content,src/data/cases/generated,friend-01,evidence[e-3].description,"최수민이 그 일은 자신이 정리하겠다는 말만 남기고 설명을 피했고, 송다은은 그 일에 얽히면 사람이 달라진다는 취지로 답한 기록.","Choi Soo-min avoided explaining, leaving only the statement that she would sort out the matter, and Song Da-eun responded with the effect that people change when they get involved in the matter.",チェ・スミンがそのことは自分が整理するという言葉だけ残して説明を避け、ソン・ダウンはその仕事にまつわれば人が変わるという趣旨で答えた記録。,崔秀敏避免解释，只留下了她会解决这件事的声明，而宋多恩则以人一旦卷入这件事就会改变的回应。,"Case metadata, character profile, dispute, evidence, solution, or evidence-viewer surface text. Party dialogue scripts are not included here."
case_surface_content_src_data_cases_generated_friend-01_evidence_e-3_.investigationResults.check_metadata,case_surface_content,src/data/cases/generated,friend-01,evidence[e-3].investigationResults.check_metadata,이 대화 직후 두 사람은 연락이 끊겼고 약 2년간 만나지 않았다.,,この会話直後、二人は連絡が切れて約2年間会わなかった。,这次谈话后不久，两人就失去了联系，大约两年没有见面。,"Case metadata, character profile, dispute, evidence, solution, or evidence-viewer surface text. Party dialogue scripts are not included here."
case_surface_content_src_data_cases_generated_friend-01_evidence_e-3_.investigationResults.request_original,case_surface_content,src/data/cases/generated,friend-01,evidence[e-3].investigationResults.request_original,"최수민이 그 일은 자신이 정리하겠다는 말만 남겼고, 송다은은 그 일에 얽히면 사람이 달라진다는 취지로 답했다.",,チェ・スミンがそのことは自分が整理するという言葉だけ残し、ソン・ダウンはその仕事に絡み合うと人が変わるという趣旨で答えた。,崔秀敏只表示自己会解决这件事，而宋多恩则回应了“人一旦卷入这件事就会改变”的效果。,"Case metadata, character profile, dispute, evidence, solution, or evidence-viewer surface text. Party dialogue scripts are not included here."
case_surface_content_src_data_cases_generated_friend-01_evidence_e-3_.investigationResults.restore_context,case_surface_content,src/data/cases/generated,friend-01,evidence[e-3].investigationResults.restore_context,과거 대화만으로는 돈 문제의 상대와 책임 소재가 아직 분리되지 않는다. 추가 기록과 대조해야 한다.,,過去対話だけでは、お金問題の相手と責任素材がまだ分離されていない。追加記録と対照すべきである。,仅凭过去的对话还无法区分负责金钱问题的各方。应根据其他记录进行检查。,"Case metadata, character profile, dispute, evidence, solution, or evidence-viewer surface text. Party dialogue scripts are not included here."
case_surface_content_src_data_cases_generated_friend-01_evidence_e-3_.investigationStages_0_.label,case_surface_content,src/data/cases/generated,friend-01,evidence[e-3].investigationStages[0].label,대화확인,Check conversation,会話確認,检查对话,"Case metadata, character profile, dispute, evidence, solution, or evidence-viewer surface text. Party dialogue scripts are not included here."
case_surface_content_src_data_cases_generated_friend-01_evidence_e-3_.investigationStages_0_.question.text,case_surface_content,src/data/cases/generated,friend-01,evidence[e-3].investigationStages[0].question.text,손절 직전 대화 원문을 확인해 주십시오.,Please check the original text of the conversation just before the stop loss.,手節直前の会話原文をご確認ください。,请检查止损前的对话原文。,"Case metadata, character profile, dispute, evidence, solution, or evidence-viewer surface text. Party dialogue scripts are not included here."
case_surface_content_src_data_cases_generated_friend-01_evidence_e-3_.investigationStages_1_.label,case_surface_content,src/data/cases/generated,friend-01,evidence[e-3].investigationStages[1].label,맥락대조,Context contrast,コンテキストコントロール,上下文对比,"Case metadata, character profile, dispute, evidence, solution, or evidence-viewer surface text. Party dialogue scripts are not included here."
case_surface_content_src_data_cases_generated_friend-01_evidence_e-3_.investigationStages_1_.question.text,case_surface_content,src/data/cases/generated,friend-01,evidence[e-3].investigationStages[1].question.text,돈 문제 뒤 연락이 끊긴 순서를 대조해 주십시오.,Please contrast the order in which we lost contact after the money issue.,お金の問題の後に連絡が切れた順序を対照してください。,请对比一下我们在出钱后失去联系的顺序。,"Case metadata, character profile, dispute, evidence, solution, or evidence-viewer surface text. Party dialogue scripts are not included here."
case_surface_content_src_data_cases_generated_friend-01_evidence_e-3_.investigationStages_1_.unlockHint,case_surface_content,src/data/cases/generated,friend-01,evidence[e-3].investigationStages[1].unlockHint,대화 전후를 보면 돈 문제 언급과 손절 시점을 함께 볼 수 있습니다.,,会話の前後を見ると、お金の問題の言及と手節の時点を一緒に見ることができます。,如果你看看谈话前后，你可以看到提到金钱问题和止损点。,"Case metadata, character profile, dispute, evidence, solution, or evidence-viewer surface text. Party dialogue scripts are not included here."
case_surface_content_src_data_cases_generated_friend-01_evidence_e-3_.investigationStages_2_.label,case_surface_content,src/data/cases/generated,friend-01,evidence[e-3].investigationStages[2].label,침묵추궁,silent questioning,沈黙追宮,无声的询问,"Case metadata, character profile, dispute, evidence, solution, or evidence-viewer surface text. Party dialogue scripts are not included here."
case_surface_content_src_data_cases_generated_friend-01_evidence_e-3_.investigationStages_2_.question.text,case_surface_content,src/data/cases/generated,friend-01,evidence[e-3].investigationStages[2].question.text,왜 끝까지 그 일을 말하지 않았습니까?,Why didn't you tell me about it until the end?,なぜ最後までそのことを言わなかったのですか？,为什么直到最后才告诉我这件事？,"Case metadata, character profile, dispute, evidence, solution, or evidence-viewer surface text. Party dialogue scripts are not included here."
case_surface_content_src_data_cases_generated_friend-01_evidence_e-3_.investigationStages_2_.unlockHint,case_surface_content,src/data/cases/generated,friend-01,evidence[e-3].investigationStages[2].unlockHint,맥락을 대조하면 숨긴 돈 문제의 상대를 물을 수 있습니다.,,文脈を照合すると、隠されたお金の問題の相手を尋ねることができます。,通过对比上下文，我们可以问谁应该对隐性资金问题负责。,"Case metadata, character profile, dispute, evidence, solution, or evidence-viewer surface text. Party dialogue scripts are not included here."
case_surface_content_src_data_cases_generated_friend-01_evidence_e-3_.meta.legalLabel,case_surface_content,src/data/cases/generated,friend-01,evidence[e-3].meta.legalLabel,적법,,適法,合法性,"Case metadata, character profile, dispute, evidence, solution, or evidence-viewer surface text. Party dialogue scripts are not included here."
case_surface_content_src_data_cases_generated_friend-01_evidence_e-3_.meta.name,case_surface_content,src/data/cases/generated,friend-01,evidence[e-3].meta.name,과거 카톡,Past KakaoTalk,過去のカトク,过去的KakaoTalk,"Case metadata, character profile, dispute, evidence, solution, or evidence-viewer surface text. Party dialogue scripts are not included here."
case_surface_content_src_data_cases_generated_friend-01_evidence_e-3_.meta.sourceLabel,case_surface_content,src/data/cases/generated,friend-01,evidence[e-3].meta.sourceLabel,양측,,両側,双方,"Case metadata, character profile, dispute, evidence, solution, or evidence-viewer surface text. Party dialogue scripts are not included here."
case_surface_content_src_data_cases_generated_friend-01_evidence_e-3_.meta.stageLabel,case_surface_content,src/data/cases/generated,friend-01,evidence[e-3].meta.stageLabel,초기 공개,,初期開示,初始版本,"Case metadata, character profile, dispute, evidence, solution, or evidence-viewer surface text. Party dialogue scripts are not included here."
case_surface_content_src_data_cases_generated_friend-01_evidence_e-3_.meta.trustLabel,case_surface_content,src/data/cases/generated,friend-01,evidence[e-3].meta.trustLabel,보통,,通常,通常,"Case metadata, character profile, dispute, evidence, solution, or evidence-viewer surface text. Party dialogue scripts are not included here."
case_surface_content_src_data_cases_generated_friend-01_evidence_e-3_.name,case_surface_content,src/data/cases/generated,friend-01,evidence[e-3].name,과거 손절 직전 카톡,Kakao Talk just before the loss in the past,過去の手節直前のカトク,过去失利前的Kakao Talk,"Case metadata, character profile, dispute, evidence, solution, or evidence-viewer surface text. Party dialogue scripts are not included here."
case_surface_content_src_data_cases_generated_friend-01_evidence_e-3_.partyContext.a.implication,case_surface_content,src/data/cases/generated,friend-01,evidence[e-3].partyContext.a.implication,송다은이 확인 없이 단정한 패턴을 드러낸다.,,ソン・ダウンが確認なしに断定したパターンを明らかにする。,宋多恩未经确认就露出了整齐的图案。,"Case metadata, character profile, dispute, evidence, solution, or evidence-viewer surface text. Party dialogue scripts are not included here."
case_surface_content_src_data_cases_generated_friend-01_evidence_e-3_.partyContext.a.questionAngle,case_surface_content,src/data/cases/generated,friend-01,evidence[e-3].partyContext.a.questionAngle,이 대화 이후 최수민에게 다시 물어본 적이 있습니까?,,この会話の後、チェ・スミンにまた聞いたことがありますか？,这次谈话之后你有再问过Sumin Choi吗？,"Case metadata, character profile, dispute, evidence, solution, or evidence-viewer surface text. Party dialogue scripts are not included here."
case_surface_content_src_data_cases_generated_friend-01_evidence_e-3_.partyContext.b.implication,case_surface_content,src/data/cases/generated,friend-01,evidence[e-3].partyContext.b.implication,최수민의 침묵 동기를 확인한다.,,チェ・スミンの沈黙動機を確認する。,我们确认了崔秀民沉默的动机。,"Case metadata, character profile, dispute, evidence, solution, or evidence-viewer surface text. Party dialogue scripts are not included here."
case_surface_content_src_data_cases_generated_friend-01_evidence_e-3_.partyContext.b.questionAngle,case_surface_content,src/data/cases/generated,friend-01,evidence[e-3].partyContext.b.questionAngle,왜 그 일의 책임 소재를 끝까지 말하지 않았습니까?,,なぜその仕事の責任素材を最後まで言わなかったのですか？,你为什么不告诉我谁该对此负责？,"Case metadata, character profile, dispute, evidence, solution, or evidence-viewer surface text. Party dialogue scripts are not included here."
case_surface_content_src_data_cases_generated_friend-01_evidence_e-3_.surfaceDescription,case_surface_content,src/data/cases/generated,friend-01,evidence[e-3].surfaceDescription,과거 손절 직전의 카카오톡 대화 기록이 존재한다.,There is a record of a KakaoTalk conversation just before the loss in the past.,過去の手節直前のカカオトーク会話記録が存在する。,有过去丢失之前的 KakaoTalk 对话记录。,"Case metadata, character profile, dispute, evidence, solution, or evidence-viewer surface text. Party dialogue scripts are not included here."
case_surface_content_src_data_cases_generated_friend-01_evidence_e-3_.surfaceName,case_surface_content,src/data/cases/generated,friend-01,evidence[e-3].surfaceName,과거 카톡,Past KakaoTalk,過去のカトク,过去的KakaoTalk,"Case metadata, character profile, dispute, evidence, solution, or evidence-viewer surface text. Party dialogue scripts are not included here."
case_surface_content_src_data_cases_generated_friend-01_evidence_e-3_.v3DepthPlan_context_.summary,case_surface_content,src/data/cases/generated,friend-01,evidence[e-3].v3DepthPlan[context].summary,최수민이 숨긴 돈 문제의 상대를 암시한다.,It hints at the person behind Choi Soo-min's hidden money problem.,チェ・スミンが隠​​したお金問題の相手を暗示する。,这暗示了崔秀民隐藏的金钱问题背后的人。,"Case metadata, character profile, dispute, evidence, solution, or evidence-viewer surface text. Party dialogue scripts are not included here."
case_surface_content_src_data_cases_generated_friend-01_evidence_e-3_.v3DepthPlan_established_.summary,case_surface_content,src/data/cases/generated,friend-01,evidence[e-3].v3DepthPlan[established].summary,과거 금전 문제와의 연결 가능성을 확인한다.,Check for possible connections to past financial issues.,過去の金銭問題との接続可能性を確認する。,检查是否与过去的财务问题可能存在联系。,"Case metadata, character profile, dispute, evidence, solution, or evidence-viewer surface text. Party dialogue scripts are not included here."
case_surface_content_src_data_cases_generated_friend-01_evidence_e-3_.v3DepthPlan_excerpt_.summary,case_surface_content,src/data/cases/generated,friend-01,evidence[e-3].v3DepthPlan[excerpt].summary,'그 일'과 '사람이 달라진다' 발언만 보임,Only the words ‘that thing’ and ‘people change’ are seen.,「その仕事」と「人が変わる」という発言だけが見える,只能看到“那件事”和“人变了”这两个词。,"Case metadata, character profile, dispute, evidence, solution, or evidence-viewer surface text. Party dialogue scripts are not included here."
case_surface_content_src_data_cases_generated_friend-01_evidence_e-3_.v3DepthPlan_original_.summary,case_surface_content,src/data/cases/generated,friend-01,evidence[e-3].v3DepthPlan[original].summary,대화 전후 맥락과 손절 시점 확인,Check the context before and after the conversation and the point of stop loss,会話前後の文脈と手節の時点を確認,检查对话前后的上下文以及止损点,"Case metadata, character profile, dispute, evidence, solution, or evidence-viewer surface text. Party dialogue scripts are not included here."
case_surface_content_src_data_cases_generated_friend-01_evidence_e-3_.v3DepthPlan_stub_.summary,case_surface_content,src/data/cases/generated,friend-01,evidence[e-3].v3DepthPlan[stub].summary,과거 카톡 존재만 보임,Only the past KakaoTalk presence is visible.,過去のカトク存在のみが見える,仅过去的 KakaoTalk 存在可见。,"Case metadata, character profile, dispute, evidence, solution, or evidence-viewer surface text. Party dialogue scripts are not included here."
case_surface_content_src_data_cases_generated_friend-01_evidence_e-3_.v3TrustStates_authenticated_.label,case_surface_content,src/data/cases/generated,friend-01,evidence[e-3].v3TrustStates[authenticated].label,인증됨,,認証済み,已验证,"Case metadata, character profile, dispute, evidence, solution, or evidence-viewer surface text. Party dialogue scripts are not included here."
case_surface_content_src_data_cases_generated_friend-01_evidence_e-3_.v3TrustStates_authenticated_.summary,case_surface_content,src/data/cases/generated,friend-01,evidence[e-3].v3TrustStates[authenticated].summary,메시지 시각과 발신자 확인됨,Message time and sender confirmed,メッセージの時刻と送信者を確認しました,消息时间和发件人已确认,"Case metadata, character profile, dispute, evidence, solution, or evidence-viewer surface text. Party dialogue scripts are not included here."
case_surface_content_src_data_cases_generated_friend-01_evidence_e-3_.v3TrustStates_challenged_.label,case_surface_content,src/data/cases/generated,friend-01,evidence[e-3].v3TrustStates[challenged].label,이의 제기됨,Objection raised,異議申し立て,提出异议,"Case metadata, character profile, dispute, evidence, solution, or evidence-viewer surface text. Party dialogue scripts are not included here."
case_surface_content_src_data_cases_generated_friend-01_evidence_e-3_.v3TrustStates_challenged_.summary,case_surface_content,src/data/cases/generated,friend-01,evidence[e-3].v3TrustStates[challenged].summary,최수민이 '말할 수 없었다'고 이의,"Choi Soo-min objected, saying, ‘I couldn’t say it.’",チェ・スミンは「言えなかった」と反対,崔秀民表示反对：“我不能这么说。”,"Case metadata, character profile, dispute, evidence, solution, or evidence-viewer surface text. Party dialogue scripts are not included here."
case_surface_content_src_data_cases_generated_friend-01_evidence_e-3_.v3TrustStates_misread_.label,case_surface_content,src/data/cases/generated,friend-01,evidence[e-3].v3TrustStates[misread].label,조작/오독 판정,Manipulation/misreading judgment,操作/誤読判定,操纵/误读判断,"Case metadata, character profile, dispute, evidence, solution, or evidence-viewer surface text. Party dialogue scripts are not included here."
case_surface_content_src_data_cases_generated_friend-01_evidence_e-3_.v3TrustStates_misread_.summary,case_surface_content,src/data/cases/generated,friend-01,evidence[e-3].v3TrustStates[misread].summary,숨겨진 맥락이 있음 확인,Check for hidden context,隠された文脈があることを確認する,检查隐藏的上下文,"Case metadata, character profile, dispute, evidence, solution, or evidence-viewer surface text. Party dialogue scripts are not included here."
case_surface_content_src_data_cases_generated_friend-01_evidence_e-3_.v3TrustStates_submitted_.label,case_surface_content,src/data/cases/generated,friend-01,evidence[e-3].v3TrustStates[submitted].label,제출됨,,送信済み,已提交,"Case metadata, character profile, dispute, evidence, solution, or evidence-viewer surface text. Party dialogue scripts are not included here."
case_surface_content_src_data_cases_generated_friend-01_evidence_e-3_.v3TrustStates_submitted_.summary,case_surface_content,src/data/cases/generated,friend-01,evidence[e-3].v3TrustStates[submitted].summary,양측 제출,submission by both sides,両側提出,双方提交,"Case metadata, character profile, dispute, evidence, solution, or evidence-viewer surface text. Party dialogue scripts are not included here."
case_surface_content_src_data_cases_generated_friend-01_evidence_e-3_.v3TrustStates_verifying_.label,case_surface_content,src/data/cases/generated,friend-01,evidence[e-3].v3TrustStates[verifying].label,검증 중,,検証中,正在验证,"Case metadata, character profile, dispute, evidence, solution, or evidence-viewer surface text. Party dialogue scripts are not included here."
case_surface_content_src_data_cases_generated_friend-01_evidence_e-3_.v3TrustStates_verifying_.summary,case_surface_content,src/data/cases/generated,friend-01,evidence[e-3].v3TrustStates[verifying].summary,카톡 원본 대조 중,Checking original KakaoTalk text,カトクオリジナル対照中,检查原始 KakaoTalk 文本,"Case metadata, character profile, dispute, evidence, solution, or evidence-viewer surface text. Party dialogue scripts are not included here."
case_surface_content_src_data_cases_generated_friend-01_evidence_e-3_.viewerData.chat.header,case_surface_content,src/data/cases/generated,friend-01,evidence[e-3].viewerData.chat.header,알 수 없는 상대 카톡 — 2024.08.17,,不明な相手のカトク — 2024.08.17,不明人士 KakaoTalk — 2024.08.17,"Case metadata, character profile, dispute, evidence, solution, or evidence-viewer surface text. Party dialogue scripts are not included here."
case_surface_content_src_data_cases_generated_friend-01_evidence_e-3_.viewerData.chat.inputStatus,case_surface_content,src/data/cases/generated,friend-01,evidence[e-3].viewerData.chat.inputStatus,[+] 차단 친구와는 대화가 불가능합니다.,,[+]ブロックした友達との会話はできません。,[+] 您无法与被屏蔽的好友交谈。,"Case metadata, character profile, dispute, evidence, solution, or evidence-viewer surface text. Party dialogue scripts are not included here."
case_surface_content_src_data_cases_generated_friend-01_evidence_e-3_.viewerData.chat.messages_0_.sender,case_surface_content,src/data/cases/generated,friend-01,evidence[e-3].viewerData.chat.messages[0].sender,알 수 없는 상대,,不明な相手,未知的伙伴,"Case metadata, character profile, dispute, evidence, solution, or evidence-viewer surface text. Party dialogue scripts are not included here."
case_surface_content_src_data_cases_generated_friend-01_evidence_e-3_.viewerData.chat.messages_0_.text,case_surface_content,src/data/cases/generated,friend-01,evidence[e-3].viewerData.chat.messages[0].text,"다은아, 네 아버지와 관련된 일이야. 그래서 더 조심스러웠어.","Da-eun, it has to do with your father. So I was more careful.",ダウンア、あなたの父親に関連することです。だからもっと慎重だった。,多恩，这和你父亲有关。所以我更加小心了。,"Case metadata, character profile, dispute, evidence, solution, or evidence-viewer surface text. Party dialogue scripts are not included here."
case_surface_content_src_data_cases_generated_friend-01_evidence_e-3_.viewerData.chat.messages_0_.time,case_surface_content,src/data/cases/generated,friend-01,evidence[e-3].viewerData.chat.messages[0].time,오후 9:53,,午後9時53分,晚上 9:53,"Case metadata, character profile, dispute, evidence, solution, or evidence-viewer surface text. Party dialogue scripts are not included here."
case_surface_content_src_data_cases_generated_friend-01_evidence_e-3_.viewerData.chat.messages_1_.sender,case_surface_content,src/data/cases/generated,friend-01,evidence[e-3].viewerData.chat.messages[1].sender,송다은,,,宋多恩,"Case metadata, character profile, dispute, evidence, solution, or evidence-viewer surface text. Party dialogue scripts are not included here."
case_surface_content_src_data_cases_generated_friend-01_evidence_e-3_.viewerData.chat.messages_1_.text,case_surface_content,src/data/cases/generated,friend-01,evidence[e-3].viewerData.chat.messages[1].text,우리 아빠를 왜 끌어들여? 그걸로 나 협박하려는 거야?,Why are you dragging my dad in? Are you trying to threaten me with that?,なぜ私のお父さんを引き付けるのですか？それで私は脅迫したいですか？,你为什么要把我爸爸拉进来？你是想用这个来威胁我吗？,"Case metadata, character profile, dispute, evidence, solution, or evidence-viewer surface text. Party dialogue scripts are not included here."
case_surface_content_src_data_cases_generated_friend-01_evidence_e-3_.viewerData.chat.messages_1_.time,case_surface_content,src/data/cases/generated,friend-01,evidence[e-3].viewerData.chat.messages[1].time,오후 9:54,,午後9時54分,晚上 9:54,"Case metadata, character profile, dispute, evidence, solution, or evidence-viewer surface text. Party dialogue scripts are not included here."
case_surface_content_src_data_cases_generated_friend-01_evidence_e-3_.viewerData.chat.messages_2_.sender,case_surface_content,src/data/cases/generated,friend-01,evidence[e-3].viewerData.chat.messages[2].sender,알 수 없는 상대,,不明な相手,未知的伙伴,"Case metadata, character profile, dispute, evidence, solution, or evidence-viewer surface text. Party dialogue scripts are not included here."
case_surface_content_src_data_cases_generated_friend-01_evidence_e-3_.viewerData.chat.messages_2_.text,case_surface_content,src/data/cases/generated,friend-01,evidence[e-3].viewerData.chat.messages[2].text,"협박이 아니야. 아버지한테 빌려준 돈이 있었고, 네가 알면 상처받을까 봐 숨겼어.","It's not a threat. I lent money to my father, and I hid it because I was afraid you would be hurt if you found out.",脅迫じゃない父に貸してくれたお金があったし、君が知れば傷つくか見て隠した。,这不是威胁。我借钱给我父亲，但我把钱藏了起来，因为我怕你知道后会受到伤害。,"Case metadata, character profile, dispute, evidence, solution, or evidence-viewer surface text. Party dialogue scripts are not included here."
case_surface_content_src_data_cases_generated_friend-01_evidence_e-3_.viewerData.chat.messages_2_.time,case_surface_content,src/data/cases/generated,friend-01,evidence[e-3].viewerData.chat.messages[2].time,오후 9:55,,午後9時55分,晚上 9:55,"Case metadata, character profile, dispute, evidence, solution, or evidence-viewer surface text. Party dialogue scripts are not included here."
case_surface_content_src_data_cases_generated_friend-01_evidence_e-3_.viewerData.chat.messages_3_.sender,case_surface_content,src/data/cases/generated,friend-01,evidence[e-3].viewerData.chat.messages[3].sender,송다은,,,宋多恩,"Case metadata, character profile, dispute, evidence, solution, or evidence-viewer surface text. Party dialogue scripts are not included here."
case_surface_content_src_data_cases_generated_friend-01_evidence_e-3_.viewerData.chat.messages_3_.text,case_surface_content,src/data/cases/generated,friend-01,evidence[e-3].viewerData.chat.messages[3].text,그만해. 우리 아빠 이름까지 꺼내서 네 돈 문제를 정당화하지 마.,Stop it. Don't justify your money problems by bringing up my dad's name.,やめて私のお父さんの名前まで取り出して、あなたのお金の問題を正当化しないでください。,停止。不要通过提起我父亲的名字来为你的金钱问题辩护。,"Case metadata, character profile, dispute, evidence, solution, or evidence-viewer surface text. Party dialogue scripts are not included here."
case_surface_content_src_data_cases_generated_friend-01_evidence_e-3_.viewerData.chat.messages_3_.time,case_surface_content,src/data/cases/generated,friend-01,evidence[e-3].viewerData.chat.messages[3].time,오후 9:56,,午後9時56分,晚上 9:56,"Case metadata, character profile, dispute, evidence, solution, or evidence-viewer surface text. Party dialogue scripts are not included here."
case_surface_content_src_data_cases_generated_friend-01_evidence_e-3_.viewerData.chat.messages_4_.sender,case_surface_content,src/data/cases/generated,friend-01,evidence[e-3].viewerData.chat.messages[4].sender,알 수 없는 상대,,不明な相手,未知的伙伴,"Case metadata, character profile, dispute, evidence, solution, or evidence-viewer surface text. Party dialogue scripts are not included here."
case_surface_content_src_data_cases_generated_friend-01_evidence_e-3_.viewerData.chat.messages_4_.text,case_surface_content,src/data/cases/generated,friend-01,evidence[e-3].viewerData.chat.messages[4].text,미안해. 그래도 네가 오해한 채로 끝나는 건 싫었어.,"I'm sorry. Still, I didn't want it to end with you misunderstanding.",すみません。それでも、あなたが誤解したままで終わるのは嫌だった。,对不起。尽管如此，我还是不想让事情以你们的误会而告终。,"Case metadata, character profile, dispute, evidence, solution, or evidence-viewer surface text. Party dialogue scripts are not included here."
case_surface_content_src_data_cases_generated_friend-01_evidence_e-3_.viewerData.chat.messages_4_.time,case_surface_content,src/data/cases/generated,friend-01,evidence[e-3].viewerData.chat.messages[4].time,오후 9:57,,午後9時57分,晚上 9:57,"Case metadata, character profile, dispute, evidence, solution, or evidence-viewer surface text. Party dialogue scripts are not included here."
case_surface_content_src_data_cases_generated_friend-01_evidence_e-3_.viewerData.chat.messages_5_.sender,case_surface_content,src/data/cases/generated,friend-01,evidence[e-3].viewerData.chat.messages[5].sender,송다은,,,宋多恩,"Case metadata, character profile, dispute, evidence, solution, or evidence-viewer surface text. Party dialogue scripts are not included here."
case_surface_content_src_data_cases_generated_friend-01_evidence_e-3_.viewerData.chat.messages_5_.text,case_surface_content,src/data/cases/generated,friend-01,evidence[e-3].viewerData.chat.messages[5].text,됐어. 더 연락하지 마. 차단할게.,That's it. Don't contact me any more. I'll block you.,された。もっと連絡しないでください。ブロックします。,没关系。别再联系我了。我会阻止你。,"Case metadata, character profile, dispute, evidence, solution, or evidence-viewer surface text. Party dialogue scripts are not included here."
case_surface_content_src_data_cases_generated_friend-01_evidence_e-3_.viewerData.chat.messages_5_.time,case_surface_content,src/data/cases/generated,friend-01,evidence[e-3].viewerData.chat.messages[5].time,오후 9:58,,午後9時58分,晚上 9:58,"Case metadata, character profile, dispute, evidence, solution, or evidence-viewer surface text. Party dialogue scripts are not included here."
case_surface_content_src_data_cases_generated_friend-01_evidence_e-3_.viewerData.chat.messages_6_.text,case_surface_content,src/data/cases/generated,friend-01,evidence[e-3].viewerData.chat.messages[6].text,송다은 — 차단함,Song Da-eun — Blocked,ソンダウン — ブロック,宋多恩——被封锁,"Case metadata, character profile, dispute, evidence, solution, or evidence-viewer surface text. Party dialogue scripts are not included here."
case_surface_content_src_data_cases_generated_friend-01_evidence_e-3_.viewerData.chat.pages_0_.header,case_surface_content,src/data/cases/generated,friend-01,evidence[e-3].viewerData.chat.pages[0].header,알 수 없는 상대 카톡 — 2024.08.17,,不明な相手のカトク — 2024.08.17,不明人士 KakaoTalk — 2024.08.17,"Case metadata, character profile, dispute, evidence, solution, or evidence-viewer surface text. Party dialogue scripts are not included here."
case_surface_content_src_data_cases_generated_friend-01_evidence_e-3_.viewerData.chat.pages_0_.label,case_surface_content,src/data/cases/generated,friend-01,evidence[e-3].viewerData.chat.pages[0].label,1쪽 망설이는 연락,Page 1: Hesitant Contact,1ページ躊躇する連絡,第 1 页：犹豫联系,"Case metadata, character profile, dispute, evidence, solution, or evidence-viewer surface text. Party dialogue scripts are not included here."
case_surface_content_src_data_cases_generated_friend-01_evidence_e-3_.viewerData.chat.pages_0_.messages_1_.sender,case_surface_content,src/data/cases/generated,friend-01,evidence[e-3].viewerData.chat.pages[0].messages[1].sender,알 수 없는 상대,,不明な相手,未知的伙伴,"Case metadata, character profile, dispute, evidence, solution, or evidence-viewer surface text. Party dialogue scripts are not included here."
case_surface_content_src_data_cases_generated_friend-01_evidence_e-3_.viewerData.chat.pages_0_.messages_1_.text,case_surface_content,src/data/cases/generated,friend-01,evidence[e-3].viewerData.chat.pages[0].messages[1].text,"다은아, 갑자기 연락해서 미안해. 바로 말하기가 좀 어려워서 몇 번을 썼다 지웠어.","Da-eun, I’m sorry for contacting you suddenly. It was a bit difficult to say right away, so I wrote and deleted it a few times.",ダウンア、突然連絡して申し訳ありません。すぐに言うのは少し難しいので、何度も書いて消しました。,多恩，很抱歉突然联系你。一下子说起来有点困难，所以写了又删了几次。,"Case metadata, character profile, dispute, evidence, solution, or evidence-viewer surface text. Party dialogue scripts are not included here."
case_surface_content_src_data_cases_generated_friend-01_evidence_e-3_.viewerData.chat.pages_0_.messages_1_.time,case_surface_content,src/data/cases/generated,friend-01,evidence[e-3].viewerData.chat.pages[0].messages[1].time,오후 9:41,,午後9時41分,晚上 9:41,"Case metadata, character profile, dispute, evidence, solution, or evidence-viewer surface text. Party dialogue scripts are not included here."
case_surface_content_src_data_cases_generated_friend-01_evidence_e-3_.viewerData.chat.pages_0_.messages_2_.sender,case_surface_content,src/data/cases/generated,friend-01,evidence[e-3].viewerData.chat.pages[0].messages[2].sender,송다은,,,宋多恩,"Case metadata, character profile, dispute, evidence, solution, or evidence-viewer surface text. Party dialogue scripts are not included here."
case_surface_content_src_data_cases_generated_friend-01_evidence_e-3_.viewerData.chat.pages_0_.messages_2_.text,case_surface_content,src/data/cases/generated,friend-01,evidence[e-3].viewerData.chat.pages[0].messages[2].text,무슨 일인데 이렇게 뜸을 들여.,What's going on that's taking so long?,何が起こったのか、こうして灸をかけて。,到底是怎么回事，要花这么长时间？,"Case metadata, character profile, dispute, evidence, solution, or evidence-viewer surface text. Party dialogue scripts are not included here."
case_surface_content_src_data_cases_generated_friend-01_evidence_e-3_.viewerData.chat.pages_0_.messages_2_.time,case_surface_content,src/data/cases/generated,friend-01,evidence[e-3].viewerData.chat.pages[0].messages[2].time,오후 9:42,,午後9時42分,晚上 9:42,"Case metadata, character profile, dispute, evidence, solution, or evidence-viewer surface text. Party dialogue scripts are not included here."
case_surface_content_src_data_cases_generated_friend-01_evidence_e-3_.viewerData.chat.pages_0_.messages_3_.sender,case_surface_content,src/data/cases/generated,friend-01,evidence[e-3].viewerData.chat.pages[0].messages[3].sender,알 수 없는 상대,,不明な相手,未知的伙伴,"Case metadata, character profile, dispute, evidence, solution, or evidence-viewer surface text. Party dialogue scripts are not included here."
case_surface_content_src_data_cases_generated_friend-01_evidence_e-3_.viewerData.chat.pages_0_.messages_3_.text,case_surface_content,src/data/cases/generated,friend-01,evidence[e-3].viewerData.chat.pages[0].messages[3].text,네가 들으면 기분 나쁠 얘기일 수도 있어서 망설였어. 그래도 그냥 묻어두면 더 이상해질 것 같아.,"I hesitated because I thought it might be unpleasant for you to hear. Still, I think it will get even weirder if I just bury it.",あなたが聞くと気持ち悪い話かもしれないので躊躇した。それでもちょうど埋めておけばこれ以上になると思います。,我犹豫了，因为我觉得你听了可能会不舒服。不过，我认为如果我把它埋起来的话会变得更奇怪。,"Case metadata, character profile, dispute, evidence, solution, or evidence-viewer surface text. Party dialogue scripts are not included here."
case_surface_content_src_data_cases_generated_friend-01_evidence_e-3_.viewerData.chat.pages_0_.messages_3_.time,case_surface_content,src/data/cases/generated,friend-01,evidence[e-3].viewerData.chat.pages[0].messages[3].time,오후 9:43,,午後9時43分,晚上 9:43,"Case metadata, character profile, dispute, evidence, solution, or evidence-viewer surface text. Party dialogue scripts are not included here."
case_surface_content_src_data_cases_generated_friend-01_evidence_e-3_.viewerData.chat.pages_0_.messages_4_.sender,case_surface_content,src/data/cases/generated,friend-01,evidence[e-3].viewerData.chat.pages[0].messages[4].sender,송다은,,,宋多恩,"Case metadata, character profile, dispute, evidence, solution, or evidence-viewer surface text. Party dialogue scripts are not included here."
case_surface_content_src_data_cases_generated_friend-01_evidence_e-3_.viewerData.chat.pages_0_.messages_4_.text,case_surface_content,src/data/cases/generated,friend-01,evidence[e-3].viewerData.chat.pages[0].messages[4].text,또 애매하게 말하지 말고 정확히 말해.,"Also, don't be vague and say it clearly.",また、曖昧に言わないで正確に言う。,另外，不要含糊其辞，说清楚。,"Case metadata, character profile, dispute, evidence, solution, or evidence-viewer surface text. Party dialogue scripts are not included here."
case_surface_content_src_data_cases_generated_friend-01_evidence_e-3_.viewerData.chat.pages_0_.messages_4_.time,case_surface_content,src/data/cases/generated,friend-01,evidence[e-3].viewerData.chat.pages[0].messages[4].time,오후 9:44,,午後9時44分,晚上 9:44,"Case metadata, character profile, dispute, evidence, solution, or evidence-viewer surface text. Party dialogue scripts are not included here."
case_surface_content_src_data_cases_generated_friend-01_evidence_e-3_.viewerData.chat.pages_0_.messages_5_.sender,case_surface_content,src/data/cases/generated,friend-01,evidence[e-3].viewerData.chat.pages[0].messages[5].sender,알 수 없는 상대,,不明な相手,未知的伙伴,"Case metadata, character profile, dispute, evidence, solution, or evidence-viewer surface text. Party dialogue scripts are not included here."
case_surface_content_src_data_cases_generated_friend-01_evidence_e-3_.viewerData.chat.pages_0_.messages_5_.text,case_surface_content,src/data/cases/generated,friend-01,evidence[e-3].viewerData.chat.pages[0].messages[5].text,"나도 정리가 다 된 건 아닌데, 네 주변에서 생긴 일이라 너한테는 말해야 할 것 같아.","I haven't completely sorted it out either, but since it happened around you, I think I should tell you.",私も整理が終わったわけではありませんが、あなたの周りで起こったことなので、あなたには言わなければならないと思います。,我也没有完全弄清楚，但既然它发生在你身边，我想我应该告诉你。,"Case metadata, character profile, dispute, evidence, solution, or evidence-viewer surface text. Party dialogue scripts are not included here."
case_surface_content_src_data_cases_generated_friend-01_evidence_e-3_.viewerData.chat.pages_0_.messages_5_.time,case_surface_content,src/data/cases/generated,friend-01,evidence[e-3].viewerData.chat.pages[0].messages[5].time,오후 9:45,,午後9時45分,晚上 9:45,"Case metadata, character profile, dispute, evidence, solution, or evidence-viewer surface text. Party dialogue scripts are not included here."
case_surface_content_src_data_cases_generated_friend-01_evidence_e-3_.viewerData.chat.pages_0_.messages_6_.sender,case_surface_content,src/data/cases/generated,friend-01,evidence[e-3].viewerData.chat.pages[0].messages[6].sender,송다은,,,宋多恩,"Case metadata, character profile, dispute, evidence, solution, or evidence-viewer surface text. Party dialogue scripts are not included here."
case_surface_content_src_data_cases_generated_friend-01_evidence_e-3_.viewerData.chat.pages_0_.messages_6_.text,case_surface_content,src/data/cases/generated,friend-01,evidence[e-3].viewerData.chat.pages[0].messages[6].text,내 주변? 무슨 뜻인데.,Around me? What do you mean?,私の周り？どういう意味なのか。,我周围？你是什​​么意思？,"Case metadata, character profile, dispute, evidence, solution, or evidence-viewer surface text. Party dialogue scripts are not included here."
case_surface_content_src_data_cases_generated_friend-01_evidence_e-3_.viewerData.chat.pages_0_.messages_6_.time,case_surface_content,src/data/cases/generated,friend-01,evidence[e-3].viewerData.chat.pages[0].messages[6].time,오후 9:46,,午後9時46分,晚上 9:46,"Case metadata, character profile, dispute, evidence, solution, or evidence-viewer surface text. Party dialogue scripts are not included here."
case_surface_content_src_data_cases_generated_friend-01_evidence_e-3_.viewerData.chat.pages_1_.header,case_surface_content,src/data/cases/generated,friend-01,evidence[e-3].viewerData.chat.pages[1].header,알 수 없는 상대 카톡 — 2024.08.17,,不明な相手のカトク — 2024.08.17,不明人士 KakaoTalk — 2024.08.17,"Case metadata, character profile, dispute, evidence, solution, or evidence-viewer surface text. Party dialogue scripts are not included here."
case_surface_content_src_data_cases_generated_friend-01_evidence_e-3_.viewerData.chat.pages_1_.label,case_surface_content,src/data/cases/generated,friend-01,evidence[e-3].viewerData.chat.pages[1].label,2쪽 돈 문제 오해,Page 2 Misunderstandings about money issues,2ページお金問題の誤解,第2页 关于金钱问题的误解,"Case metadata, character profile, dispute, evidence, solution, or evidence-viewer surface text. Party dialogue scripts are not included here."
case_surface_content_src_data_cases_generated_friend-01_evidence_e-3_.viewerData.chat.pages_1_.messages_0_.sender,case_surface_content,src/data/cases/generated,friend-01,evidence[e-3].viewerData.chat.pages[1].messages[0].sender,알 수 없는 상대,,不明な相手,未知的伙伴,"Case metadata, character profile, dispute, evidence, solution, or evidence-viewer surface text. Party dialogue scripts are not included here."
case_surface_content_src_data_cases_generated_friend-01_evidence_e-3_.viewerData.chat.pages_1_.messages_0_.text,case_surface_content,src/data/cases/generated,friend-01,evidence[e-3].viewerData.chat.pages[1].messages[0].text,돈 문제 때문이야. 내가 혼자 정리하려고 했던 게 있어.,It's because of money issues. There's something I've been trying to sort out on my own.,お金の問題だからな私が一人で整理しようとしたことがあります。,就是因为钱的问题。有件事我一直在尝试自己解决。,"Case metadata, character profile, dispute, evidence, solution, or evidence-viewer surface text. Party dialogue scripts are not included here."
case_surface_content_src_data_cases_generated_friend-01_evidence_e-3_.viewerData.chat.pages_1_.messages_0_.time,case_surface_content,src/data/cases/generated,friend-01,evidence[e-3].viewerData.chat.pages[1].messages[0].time,오후 9:47,,午後9時47分,晚上 9:47,"Case metadata, character profile, dispute, evidence, solution, or evidence-viewer surface text. Party dialogue scripts are not included here."
case_surface_content_src_data_cases_generated_friend-01_evidence_e-3_.viewerData.chat.pages_1_.messages_1_.sender,case_surface_content,src/data/cases/generated,friend-01,evidence[e-3].viewerData.chat.pages[1].messages[1].sender,송다은,,,宋多恩,"Case metadata, character profile, dispute, evidence, solution, or evidence-viewer surface text. Party dialogue scripts are not included here."
case_surface_content_src_data_cases_generated_friend-01_evidence_e-3_.viewerData.chat.pages_1_.messages_1_.text,case_surface_content,src/data/cases/generated,friend-01,evidence[e-3].viewerData.chat.pages[1].messages[1].text,돈? 갑자기 왜 돈 얘기를 해? 나한테 뭘 뒤집어씌우려는 거야?,Money? Why are you talking about money all of a sudden? What are you trying to accuse me of?,お金？突然なぜお金を話すのですか？私に何をひっくり返すつもりですか？,钱？怎么突然谈起钱来了？你想指责我什么？,"Case metadata, character profile, dispute, evidence, solution, or evidence-viewer surface text. Party dialogue scripts are not included here."
case_surface_content_src_data_cases_generated_friend-01_evidence_e-3_.viewerData.chat.pages_1_.messages_1_.time,case_surface_content,src/data/cases/generated,friend-01,evidence[e-3].viewerData.chat.pages[1].messages[1].time,오후 9:48,,午後9時48分,晚上 9:48,"Case metadata, character profile, dispute, evidence, solution, or evidence-viewer surface text. Party dialogue scripts are not included here."
case_surface_content_src_data_cases_generated_friend-01_evidence_e-3_.viewerData.chat.pages_1_.messages_2_.sender,case_surface_content,src/data/cases/generated,friend-01,evidence[e-3].viewerData.chat.pages[1].messages[2].sender,알 수 없는 상대,,不明な相手,未知的伙伴,"Case metadata, character profile, dispute, evidence, solution, or evidence-viewer surface text. Party dialogue scripts are not included here."
case_surface_content_src_data_cases_generated_friend-01_evidence_e-3_.viewerData.chat.pages_1_.messages_2_.text,case_surface_content,src/data/cases/generated,friend-01,evidence[e-3].viewerData.chat.pages[1].messages[2].text,네 돈을 말하는 게 아니야. 네가 오해할까 봐 더 말을 못 꺼냈어.,I'm not talking about your money. I couldn't say more because I was afraid you might misunderstand.,お金を言うのではありません。お前が誤解するかと思ってもっと話を出せなかった。,我不是在谈论你的钱。我不能多说，因为我怕你会误会。,"Case metadata, character profile, dispute, evidence, solution, or evidence-viewer surface text. Party dialogue scripts are not included here."
case_surface_content_src_data_cases_generated_friend-01_evidence_e-3_.viewerData.chat.pages_1_.messages_2_.time,case_surface_content,src/data/cases/generated,friend-01,evidence[e-3].viewerData.chat.pages[1].messages[2].time,오후 9:49,,午後9時49分,晚上 9:49,"Case metadata, character profile, dispute, evidence, solution, or evidence-viewer surface text. Party dialogue scripts are not included here."
case_surface_content_src_data_cases_generated_friend-01_evidence_e-3_.viewerData.chat.pages_1_.messages_3_.sender,case_surface_content,src/data/cases/generated,friend-01,evidence[e-3].viewerData.chat.pages[1].messages[3].sender,송다은,,,宋多恩,"Case metadata, character profile, dispute, evidence, solution, or evidence-viewer surface text. Party dialogue scripts are not included here."
case_surface_content_src_data_cases_generated_friend-01_evidence_e-3_.viewerData.chat.pages_1_.messages_3_.text,case_surface_content,src/data/cases/generated,friend-01,evidence[e-3].viewerData.chat.pages[1].messages[3].text,그럼 왜 내 앞에서는 아무 일 없는 척했는데? 이제 와서 돈 문제라고 하면 내가 뭘 믿어.,"Then why did you pretend like nothing happened in front of me? Now, if you say it's a money issue, what can I believe?",それでは、なぜ私の前では何もないふりをしたのですか？今来てお金の問題と言えば私が何を信じて。,那你为什么在我面前装作什么都没发生的样子？现在，如果你说这是钱的问题，我还能相信什么？,"Case metadata, character profile, dispute, evidence, solution, or evidence-viewer surface text. Party dialogue scripts are not included here."
case_surface_content_src_data_cases_generated_friend-01_evidence_e-3_.viewerData.chat.pages_1_.messages_3_.time,case_surface_content,src/data/cases/generated,friend-01,evidence[e-3].viewerData.chat.pages[1].messages[3].time,오후 9:50,,午後9時50分,晚上 9:50,"Case metadata, character profile, dispute, evidence, solution, or evidence-viewer surface text. Party dialogue scripts are not included here."
case_surface_content_src_data_cases_generated_friend-01_evidence_e-3_.viewerData.chat.pages_1_.messages_4_.sender,case_surface_content,src/data/cases/generated,friend-01,evidence[e-3].viewerData.chat.pages[1].messages[4].sender,알 수 없는 상대,,不明な相手,未知的伙伴,"Case metadata, character profile, dispute, evidence, solution, or evidence-viewer surface text. Party dialogue scripts are not included here."
case_surface_content_src_data_cases_generated_friend-01_evidence_e-3_.viewerData.chat.pages_1_.messages_4_.text,case_surface_content,src/data/cases/generated,friend-01,evidence[e-3].viewerData.chat.pages[1].messages[4].text,말하면 네가 바로 다치게 될 사람 얘기가 나와서 그랬어. 그래서 내가 먼저 막아보려고 했어.,I did it because you were talking about someone who will get hurt right away if you tell them. So I tried to block it first.,言うと、あなたがすぐに怪我をする人の話が出てきたので。だから私は最初にブロックしようとしました。,我这样做是因为你正在谈论一个如果你告诉他们就会立即受到伤害的人。所以我先尝试阻止它。,"Case metadata, character profile, dispute, evidence, solution, or evidence-viewer surface text. Party dialogue scripts are not included here."
case_surface_content_src_data_cases_generated_friend-01_evidence_e-3_.viewerData.chat.pages_1_.messages_4_.time,case_surface_content,src/data/cases/generated,friend-01,evidence[e-3].viewerData.chat.pages[1].messages[4].time,오후 9:51,,午後9時51分,晚上 9:51,"Case metadata, character profile, dispute, evidence, solution, or evidence-viewer surface text. Party dialogue scripts are not included here."
case_surface_content_src_data_cases_generated_friend-01_evidence_e-3_.viewerData.chat.pages_1_.messages_5_.sender,case_surface_content,src/data/cases/generated,friend-01,evidence[e-3].viewerData.chat.pages[1].messages[5].sender,송다은,,,宋多恩,"Case metadata, character profile, dispute, evidence, solution, or evidence-viewer surface text. Party dialogue scripts are not included here."
case_surface_content_src_data_cases_generated_friend-01_evidence_e-3_.viewerData.chat.pages_1_.messages_5_.text,case_surface_content,src/data/cases/generated,friend-01,evidence[e-3].viewerData.chat.pages[1].messages[5].text,그런 식으로 책임 피하지 마. 돈 얘기 꺼내는 순간 네가 이상해 보여.,"Don't avoid responsibility like that. The moment you bring up money, you look strange.",そのように責任を避けないでください。お金の話を取り出した瞬間、あなたは奇妙に見えます。,不要这样逃避责任。当你提起钱的时候，你看起来很奇怪。,"Case metadata, character profile, dispute, evidence, solution, or evidence-viewer surface text. Party dialogue scripts are not included here."
case_surface_content_src_data_cases_generated_friend-01_evidence_e-3_.viewerData.chat.pages_1_.messages_5_.time,case_surface_content,src/data/cases/generated,friend-01,evidence[e-3].viewerData.chat.pages[1].messages[5].time,오후 9:52,,午後9時52分,晚上 9:52,"Case metadata, character profile, dispute, evidence, solution, or evidence-viewer surface text. Party dialogue scripts are not included here."
case_surface_content_src_data_cases_generated_friend-01_evidence_e-3_.viewerData.chat.pages_2_.header,case_surface_content,src/data/cases/generated,friend-01,evidence[e-3].viewerData.chat.pages[2].header,알 수 없는 상대 카톡 — 2024.08.17,,不明な相手のカトク — 2024.08.17,不明人士 KakaoTalk — 2024.08.17,"Case metadata, character profile, dispute, evidence, solution, or evidence-viewer surface text. Party dialogue scripts are not included here."
case_surface_content_src_data_cases_generated_friend-01_evidence_e-3_.viewerData.chat.pages_2_.label,case_surface_content,src/data/cases/generated,friend-01,evidence[e-3].viewerData.chat.pages[2].label,3쪽 아버지 언급과 차단,Page 3 mention of father and blocking,3ページ 父の言及と遮断,第3页提及父亲并屏蔽,"Case metadata, character profile, dispute, evidence, solution, or evidence-viewer surface text. Party dialogue scripts are not included here."
case_surface_content_src_data_cases_generated_friend-01_evidence_e-3_.viewerData.chat.pages_2_.messages_0_.sender,case_surface_content,src/data/cases/generated,friend-01,evidence[e-3].viewerData.chat.pages[2].messages[0].sender,알 수 없는 상대,,不明な相手,未知的伙伴,"Case metadata, character profile, dispute, evidence, solution, or evidence-viewer surface text. Party dialogue scripts are not included here."
case_surface_content_src_data_cases_generated_friend-01_evidence_e-3_.viewerData.chat.pages_2_.messages_0_.text,case_surface_content,src/data/cases/generated,friend-01,evidence[e-3].viewerData.chat.pages[2].messages[0].text,"다은아, 네 아버지와 관련된 일이야. 그래서 더 조심스러웠어.","Da-eun, it has to do with your father. So I was more careful.",ダウンア、あなたの父親に関連することです。だからもっと慎重だった。,多恩，这和你父亲有关。所以我更加小心了。,"Case metadata, character profile, dispute, evidence, solution, or evidence-viewer surface text. Party dialogue scripts are not included here."
case_surface_content_src_data_cases_generated_friend-01_evidence_e-3_.viewerData.chat.pages_2_.messages_0_.time,case_surface_content,src/data/cases/generated,friend-01,evidence[e-3].viewerData.chat.pages[2].messages[0].time,오후 9:53,,午後9時53分,晚上 9:53,"Case metadata, character profile, dispute, evidence, solution, or evidence-viewer surface text. Party dialogue scripts are not included here."
case_surface_content_src_data_cases_generated_friend-01_evidence_e-3_.viewerData.chat.pages_2_.messages_1_.sender,case_surface_content,src/data/cases/generated,friend-01,evidence[e-3].viewerData.chat.pages[2].messages[1].sender,송다은,,,宋多恩,"Case metadata, character profile, dispute, evidence, solution, or evidence-viewer surface text. Party dialogue scripts are not included here."
case_surface_content_src_data_cases_generated_friend-01_evidence_e-3_.viewerData.chat.pages_2_.messages_1_.text,case_surface_content,src/data/cases/generated,friend-01,evidence[e-3].viewerData.chat.pages[2].messages[1].text,우리 아빠를 왜 끌어들여? 그걸로 나 협박하려는 거야?,Why are you dragging my dad in? Are you trying to threaten me with that?,なぜ私のお父さんを引き付けるのですか？それで私は脅迫したいですか？,你为什么要把我爸爸拉进来？你是想用这个来威胁我吗？,"Case metadata, character profile, dispute, evidence, solution, or evidence-viewer surface text. Party dialogue scripts are not included here."
case_surface_content_src_data_cases_generated_friend-01_evidence_e-3_.viewerData.chat.pages_2_.messages_1_.time,case_surface_content,src/data/cases/generated,friend-01,evidence[e-3].viewerData.chat.pages[2].messages[1].time,오후 9:54,,午後9時54分,晚上 9:54,"Case metadata, character profile, dispute, evidence, solution, or evidence-viewer surface text. Party dialogue scripts are not included here."
case_surface_content_src_data_cases_generated_friend-01_evidence_e-3_.viewerData.chat.pages_2_.messages_2_.sender,case_surface_content,src/data/cases/generated,friend-01,evidence[e-3].viewerData.chat.pages[2].messages[2].sender,알 수 없는 상대,,不明な相手,未知的伙伴,"Case metadata, character profile, dispute, evidence, solution, or evidence-viewer surface text. Party dialogue scripts are not included here."
case_surface_content_src_data_cases_generated_friend-01_evidence_e-3_.viewerData.chat.pages_2_.messages_2_.text,case_surface_content,src/data/cases/generated,friend-01,evidence[e-3].viewerData.chat.pages[2].messages[2].text,"협박이 아니야. 아버지한테 빌려준 돈이 있었고, 네가 알면 상처받을까 봐 숨겼어.","It's not a threat. I lent money to my father, and I hid it because I was afraid you would be hurt if you found out.",脅迫じゃない父に貸してくれたお金があったし、君が知れば傷つくか見て隠した。,这不是威胁。我借钱给我父亲，但我把钱藏了起来，因为我怕你知道后会受到伤害。,"Case metadata, character profile, dispute, evidence, solution, or evidence-viewer surface text. Party dialogue scripts are not included here."
case_surface_content_src_data_cases_generated_friend-01_evidence_e-3_.viewerData.chat.pages_2_.messages_2_.time,case_surface_content,src/data/cases/generated,friend-01,evidence[e-3].viewerData.chat.pages[2].messages[2].time,오후 9:55,,午後9時55分,晚上 9:55,"Case metadata, character profile, dispute, evidence, solution, or evidence-viewer surface text. Party dialogue scripts are not included here."
case_surface_content_src_data_cases_generated_friend-01_evidence_e-3_.viewerData.chat.pages_2_.messages_3_.sender,case_surface_content,src/data/cases/generated,friend-01,evidence[e-3].viewerData.chat.pages[2].messages[3].sender,송다은,,,宋多恩,"Case metadata, character profile, dispute, evidence, solution, or evidence-viewer surface text. Party dialogue scripts are not included here."
case_surface_content_src_data_cases_generated_friend-01_evidence_e-3_.viewerData.chat.pages_2_.messages_3_.text,case_surface_content,src/data/cases/generated,friend-01,evidence[e-3].viewerData.chat.pages[2].messages[3].text,그만해. 우리 아빠 이름까지 꺼내서 네 돈 문제를 정당화하지 마.,Stop it. Don't justify your money problems by bringing up my dad's name.,やめて私のお父さんの名前まで取り出して、あなたのお金の問題を正当化しないでください。,停止。不要通过提起我父亲的名字来为你的金钱问题辩护。,"Case metadata, character profile, dispute, evidence, solution, or evidence-viewer surface text. Party dialogue scripts are not included here."
case_surface_content_src_data_cases_generated_friend-01_evidence_e-3_.viewerData.chat.pages_2_.messages_3_.time,case_surface_content,src/data/cases/generated,friend-01,evidence[e-3].viewerData.chat.pages[2].messages[3].time,오후 9:56,,午後9時56分,晚上 9:56,"Case metadata, character profile, dispute, evidence, solution, or evidence-viewer surface text. Party dialogue scripts are not included here."
case_surface_content_src_data_cases_generated_friend-01_evidence_e-3_.viewerData.chat.pages_2_.messages_4_.sender,case_surface_content,src/data/cases/generated,friend-01,evidence[e-3].viewerData.chat.pages[2].messages[4].sender,알 수 없는 상대,,不明な相手,未知的伙伴,"Case metadata, character profile, dispute, evidence, solution, or evidence-viewer surface text. Party dialogue scripts are not included here."
case_surface_content_src_data_cases_generated_friend-01_evidence_e-3_.viewerData.chat.pages_2_.messages_4_.text,case_surface_content,src/data/cases/generated,friend-01,evidence[e-3].viewerData.chat.pages[2].messages[4].text,미안해. 그래도 네가 오해한 채로 끝나는 건 싫었어.,"I'm sorry. Still, I didn't want it to end with you misunderstanding.",すみません。それでも、あなたが誤解したままで終わるのは嫌だった。,对不起。尽管如此，我还是不想让事情以你们的误会而告终。,"Case metadata, character profile, dispute, evidence, solution, or evidence-viewer surface text. Party dialogue scripts are not included here."
case_surface_content_src_data_cases_generated_friend-01_evidence_e-3_.viewerData.chat.pages_2_.messages_4_.time,case_surface_content,src/data/cases/generated,friend-01,evidence[e-3].viewerData.chat.pages[2].messages[4].time,오후 9:57,,午後9時57分,晚上 9:57,"Case metadata, character profile, dispute, evidence, solution, or evidence-viewer surface text. Party dialogue scripts are not included here."
case_surface_content_src_data_cases_generated_friend-01_evidence_e-3_.viewerData.chat.pages_2_.messages_5_.sender,case_surface_content,src/data/cases/generated,friend-01,evidence[e-3].viewerData.chat.pages[2].messages[5].sender,송다은,,,宋多恩,"Case metadata, character profile, dispute, evidence, solution, or evidence-viewer surface text. Party dialogue scripts are not included here."
case_surface_content_src_data_cases_generated_friend-01_evidence_e-3_.viewerData.chat.pages_2_.messages_5_.text,case_surface_content,src/data/cases/generated,friend-01,evidence[e-3].viewerData.chat.pages[2].messages[5].text,됐어. 더 연락하지 마. 차단할게.,That's it. Don't contact me any more. I'll block you.,された。もっと連絡しないでください。ブロックします。,没关系。别再联系我了。我会阻止你。,"Case metadata, character profile, dispute, evidence, solution, or evidence-viewer surface text. Party dialogue scripts are not included here."
case_surface_content_src_data_cases_generated_friend-01_evidence_e-3_.viewerData.chat.pages_2_.messages_5_.time,case_surface_content,src/data/cases/generated,friend-01,evidence[e-3].viewerData.chat.pages[2].messages[5].time,오후 9:58,,午後9時58分,晚上 9:58,"Case metadata, character profile, dispute, evidence, solution, or evidence-viewer surface text. Party dialogue scripts are not included here."
case_surface_content_src_data_cases_generated_friend-01_evidence_e-3_.viewerData.chat.pages_2_.messages_6_.text,case_surface_content,src/data/cases/generated,friend-01,evidence[e-3].viewerData.chat.pages[2].messages[6].text,송다은 — 차단함,Song Da-eun — Blocked,ソンダウン — ブロック,宋多恩——被封锁,"Case metadata, character profile, dispute, evidence, solution, or evidence-viewer surface text. Party dialogue scripts are not included here."
case_surface_content_src_data_cases_generated_friend-01_evidence_e-3_.viewerData.meta.legalLabel,case_surface_content,src/data/cases/generated,friend-01,evidence[e-3].viewerData.meta.legalLabel,적법,,適法,合法性,"Case metadata, character profile, dispute, evidence, solution, or evidence-viewer surface text. Party dialogue scripts are not included here."
case_surface_content_src_data_cases_generated_friend-01_evidence_e-3_.viewerData.meta.name,case_surface_content,src/data/cases/generated,friend-01,evidence[e-3].viewerData.meta.name,과거 카톡,Past KakaoTalk,過去のカトク,过去的KakaoTalk,"Case metadata, character profile, dispute, evidence, solution, or evidence-viewer surface text. Party dialogue scripts are not included here."
case_surface_content_src_data_cases_generated_friend-01_evidence_e-3_.viewerData.meta.sourceLabel,case_surface_content,src/data/cases/generated,friend-01,evidence[e-3].viewerData.meta.sourceLabel,양측,,両側,双方,"Case metadata, character profile, dispute, evidence, solution, or evidence-viewer surface text. Party dialogue scripts are not included here."
case_surface_content_src_data_cases_generated_friend-01_evidence_e-3_.viewerData.meta.stageLabel,case_surface_content,src/data/cases/generated,friend-01,evidence[e-3].viewerData.meta.stageLabel,3단계 — 아버지 언급과 차단,,ステップ3 - 父の言及とブロック,第 3 步 — 提及并屏蔽你的父亲,"Case metadata, character profile, dispute, evidence, solution, or evidence-viewer surface text. Party dialogue scripts are not included here."
case_surface_content_src_data_cases_generated_friend-01_evidence_e-3_.viewerData.meta.trustLabel,case_surface_content,src/data/cases/generated,friend-01,evidence[e-3].viewerData.meta.trustLabel,보통,,通常,通常,"Case metadata, character profile, dispute, evidence, solution, or evidence-viewer surface text. Party dialogue scripts are not included here."
case_surface_content_src_data_cases_generated_friend-01_evidence_e-3_.viewerDataByStage.1.chat.header,case_surface_content,src/data/cases/generated,friend-01,evidence[e-3].viewerDataByStage.1.chat.header,알 수 없는 상대 카톡 — 2024.08.17,,不明な相手のカトク — 2024.08.17,不明人士 KakaoTalk — 2024.08.17,"Case metadata, character profile, dispute, evidence, solution, or evidence-viewer surface text. Party dialogue scripts are not included here."
case_surface_content_src_data_cases_generated_friend-01_evidence_e-3_.viewerDataByStage.1.chat.inputStatus,case_surface_content,src/data/cases/generated,friend-01,evidence[e-3].viewerDataByStage.1.chat.inputStatus,[+] 차단 친구와는 대화가 불가능합니다.,,[+]ブロックした友達との会話はできません。,[+] 您无法与被屏蔽的好友交谈。,"Case metadata, character profile, dispute, evidence, solution, or evidence-viewer surface text. Party dialogue scripts are not included here."
case_surface_content_src_data_cases_generated_friend-01_evidence_e-3_.viewerDataByStage.1.chat.messages_1_.sender,case_surface_content,src/data/cases/generated,friend-01,evidence[e-3].viewerDataByStage.1.chat.messages[1].sender,알 수 없는 상대,,不明な相手,未知的伙伴,"Case metadata, character profile, dispute, evidence, solution, or evidence-viewer surface text. Party dialogue scripts are not included here."
case_surface_content_src_data_cases_generated_friend-01_evidence_e-3_.viewerDataByStage.1.chat.messages_1_.text,case_surface_content,src/data/cases/generated,friend-01,evidence[e-3].viewerDataByStage.1.chat.messages[1].text,"다은아, 갑자기 연락해서 미안해. 바로 말하기가 좀 어려워서 몇 번을 썼다 지웠어.","Da-eun, I’m sorry for contacting you suddenly. It was a bit difficult to say right away, so I wrote and deleted it a few times.",ダウンア、突然連絡して申し訳ありません。すぐに言うのは少し難しいので、何度も書いて消しました。,多恩，很抱歉突然联系你。一下子说起来有点困难，所以写了又删了几次。,"Case metadata, character profile, dispute, evidence, solution, or evidence-viewer surface text. Party dialogue scripts are not included here."
case_surface_content_src_data_cases_generated_friend-01_evidence_e-3_.viewerDataByStage.1.chat.messages_1_.time,case_surface_content,src/data/cases/generated,friend-01,evidence[e-3].viewerDataByStage.1.chat.messages[1].time,오후 9:41,,午後9時41分,晚上 9:41,"Case metadata, character profile, dispute, evidence, solution, or evidence-viewer surface text. Party dialogue scripts are not included here."
case_surface_content_src_data_cases_generated_friend-01_evidence_e-3_.viewerDataByStage.1.chat.messages_2_.sender,case_surface_content,src/data/cases/generated,friend-01,evidence[e-3].viewerDataByStage.1.chat.messages[2].sender,송다은,,,宋多恩,"Case metadata, character profile, dispute, evidence, solution, or evidence-viewer surface text. Party dialogue scripts are not included here."
case_surface_content_src_data_cases_generated_friend-01_evidence_e-3_.viewerDataByStage.1.chat.messages_2_.text,case_surface_content,src/data/cases/generated,friend-01,evidence[e-3].viewerDataByStage.1.chat.messages[2].text,무슨 일인데 이렇게 뜸을 들여.,What's going on that's taking so long?,何が起こったのか、こうして灸をかけて。,到底是怎么回事，要花这么长时间？,"Case metadata, character profile, dispute, evidence, solution, or evidence-viewer surface text. Party dialogue scripts are not included here."
case_surface_content_src_data_cases_generated_friend-01_evidence_e-3_.viewerDataByStage.1.chat.messages_2_.time,case_surface_content,src/data/cases/generated,friend-01,evidence[e-3].viewerDataByStage.1.chat.messages[2].time,오후 9:42,,午後9時42分,晚上 9:42,"Case metadata, character profile, dispute, evidence, solution, or evidence-viewer surface text. Party dialogue scripts are not included here."
case_surface_content_src_data_cases_generated_friend-01_evidence_e-3_.viewerDataByStage.1.chat.messages_3_.sender,case_surface_content,src/data/cases/generated,friend-01,evidence[e-3].viewerDataByStage.1.chat.messages[3].sender,알 수 없는 상대,,不明な相手,未知的伙伴,"Case metadata, character profile, dispute, evidence, solution, or evidence-viewer surface text. Party dialogue scripts are not included here."
case_surface_content_src_data_cases_generated_friend-01_evidence_e-3_.viewerDataByStage.1.chat.messages_3_.text,case_surface_content,src/data/cases/generated,friend-01,evidence[e-3].viewerDataByStage.1.chat.messages[3].text,네가 들으면 기분 나쁠 얘기일 수도 있어서 망설였어. 그래도 그냥 묻어두면 더 이상해질 것 같아.,"I hesitated because I thought it might be unpleasant for you to hear. Still, I think it will get even weirder if I just bury it.",あなたが聞くと気持ち悪い話かもしれないので躊躇した。それでもちょうど埋めておけばこれ以上になると思います。,我犹豫了，因为我觉得你听了可能会不舒服。不过，我认为如果我把它埋起来的话会变得更奇怪。,"Case metadata, character profile, dispute, evidence, solution, or evidence-viewer surface text. Party dialogue scripts are not included here."
case_surface_content_src_data_cases_generated_friend-01_evidence_e-3_.viewerDataByStage.1.chat.messages_3_.time,case_surface_content,src/data/cases/generated,friend-01,evidence[e-3].viewerDataByStage.1.chat.messages[3].time,오후 9:43,,午後9時43分,晚上 9:43,"Case metadata, character profile, dispute, evidence, solution, or evidence-viewer surface text. Party dialogue scripts are not included here."
case_surface_content_src_data_cases_generated_friend-01_evidence_e-3_.viewerDataByStage.1.chat.messages_4_.sender,case_surface_content,src/data/cases/generated,friend-01,evidence[e-3].viewerDataByStage.1.chat.messages[4].sender,송다은,,,宋多恩,"Case metadata, character profile, dispute, evidence, solution, or evidence-viewer surface text. Party dialogue scripts are not included here."
case_surface_content_src_data_cases_generated_friend-01_evidence_e-3_.viewerDataByStage.1.chat.messages_4_.text,case_surface_content,src/data/cases/generated,friend-01,evidence[e-3].viewerDataByStage.1.chat.messages[4].text,또 애매하게 말하지 말고 정확히 말해.,"Also, don't be vague and say it clearly.",また、曖昧に言わないで正確に言う。,另外，不要含糊其辞，说清楚。,"Case metadata, character profile, dispute, evidence, solution, or evidence-viewer surface text. Party dialogue scripts are not included here."
case_surface_content_src_data_cases_generated_friend-01_evidence_e-3_.viewerDataByStage.1.chat.messages_4_.time,case_surface_content,src/data/cases/generated,friend-01,evidence[e-3].viewerDataByStage.1.chat.messages[4].time,오후 9:44,,午後9時44分,晚上 9:44,"Case metadata, character profile, dispute, evidence, solution, or evidence-viewer surface text. Party dialogue scripts are not included here."
case_surface_content_src_data_cases_generated_friend-01_evidence_e-3_.viewerDataByStage.1.chat.messages_5_.sender,case_surface_content,src/data/cases/generated,friend-01,evidence[e-3].viewerDataByStage.1.chat.messages[5].sender,알 수 없는 상대,,不明な相手,未知的伙伴,"Case metadata, character profile, dispute, evidence, solution, or evidence-viewer surface text. Party dialogue scripts are not included here."
case_surface_content_src_data_cases_generated_friend-01_evidence_e-3_.viewerDataByStage.1.chat.messages_5_.text,case_surface_content,src/data/cases/generated,friend-01,evidence[e-3].viewerDataByStage.1.chat.messages[5].text,"나도 정리가 다 된 건 아닌데, 네 주변에서 생긴 일이라 너한테는 말해야 할 것 같아.","I haven't completely sorted it out either, but since it happened around you, I think I should tell you.",私も整理が終わったわけではありませんが、あなたの周りで起こったことなので、あなたには言わなければならないと思います。,我也没有完全弄清楚，但既然它发生在你身边，我想我应该告诉你。,"Case metadata, character profile, dispute, evidence, solution, or evidence-viewer surface text. Party dialogue scripts are not included here."
case_surface_content_src_data_cases_generated_friend-01_evidence_e-3_.viewerDataByStage.1.chat.messages_5_.time,case_surface_content,src/data/cases/generated,friend-01,evidence[e-3].viewerDataByStage.1.chat.messages[5].time,오후 9:45,,午後9時45分,晚上 9:45,"Case metadata, character profile, dispute, evidence, solution, or evidence-viewer surface text. Party dialogue scripts are not included here."
case_surface_content_src_data_cases_generated_friend-01_evidence_e-3_.viewerDataByStage.1.chat.messages_6_.sender,case_surface_content,src/data/cases/generated,friend-01,evidence[e-3].viewerDataByStage.1.chat.messages[6].sender,송다은,,,宋多恩,"Case metadata, character profile, dispute, evidence, solution, or evidence-viewer surface text. Party dialogue scripts are not included here."
case_surface_content_src_data_cases_generated_friend-01_evidence_e-3_.viewerDataByStage.1.chat.messages_6_.text,case_surface_content,src/data/cases/generated,friend-01,evidence[e-3].viewerDataByStage.1.chat.messages[6].text,내 주변? 무슨 뜻인데.,Around me? What do you mean?,私の周り？どういう意味なのか。,我周围？你是什​​么意思？,"Case metadata, character profile, dispute, evidence, solution, or evidence-viewer surface text. Party dialogue scripts are not included here."
case_surface_content_src_data_cases_generated_friend-01_evidence_e-3_.viewerDataByStage.1.chat.messages_6_.time,case_surface_content,src/data/cases/generated,friend-01,evidence[e-3].viewerDataByStage.1.chat.messages[6].time,오후 9:46,,午後9時46分,晚上 9:46,"Case metadata, character profile, dispute, evidence, solution, or evidence-viewer surface text. Party dialogue scripts are not included here."
case_surface_content_src_data_cases_generated_friend-01_evidence_e-3_.viewerDataByStage.1.chat.pages_0_.header,case_surface_content,src/data/cases/generated,friend-01,evidence[e-3].viewerDataByStage.1.chat.pages[0].header,알 수 없는 상대 카톡 — 2024.08.17,,不明な相手のカトク — 2024.08.17,不明人士 KakaoTalk — 2024.08.17,"Case metadata, character profile, dispute, evidence, solution, or evidence-viewer surface text. Party dialogue scripts are not included here."
case_surface_content_src_data_cases_generated_friend-01_evidence_e-3_.viewerDataByStage.1.chat.pages_0_.label,case_surface_content,src/data/cases/generated,friend-01,evidence[e-3].viewerDataByStage.1.chat.pages[0].label,1쪽 망설이는 연락,Page 1: Hesitant Contact,1ページ躊躇する連絡,第 1 页：犹豫联系,"Case metadata, character profile, dispute, evidence, solution, or evidence-viewer surface text. Party dialogue scripts are not included here."
case_surface_content_src_data_cases_generated_friend-01_evidence_e-3_.viewerDataByStage.1.chat.pages_0_.messages_1_.sender,case_surface_content,src/data/cases/generated,friend-01,evidence[e-3].viewerDataByStage.1.chat.pages[0].messages[1].sender,알 수 없는 상대,,不明な相手,未知的伙伴,"Case metadata, character profile, dispute, evidence, solution, or evidence-viewer surface text. Party dialogue scripts are not included here."
case_surface_content_src_data_cases_generated_friend-01_evidence_e-3_.viewerDataByStage.1.chat.pages_0_.messages_1_.text,case_surface_content,src/data/cases/generated,friend-01,evidence[e-3].viewerDataByStage.1.chat.pages[0].messages[1].text,"다은아, 갑자기 연락해서 미안해. 바로 말하기가 좀 어려워서 몇 번을 썼다 지웠어.","Da-eun, I’m sorry for contacting you suddenly. It was a bit difficult to say right away, so I wrote and deleted it a few times.",ダウンア、突然連絡して申し訳ありません。すぐに言うのは少し難しいので、何度も書いて消しました。,多恩，很抱歉突然联系你。一下子说起来有点困难，所以写了又删了几次。,"Case metadata, character profile, dispute, evidence, solution, or evidence-viewer surface text. Party dialogue scripts are not included here."
case_surface_content_src_data_cases_generated_friend-01_evidence_e-3_.viewerDataByStage.1.chat.pages_0_.messages_1_.time,case_surface_content,src/data/cases/generated,friend-01,evidence[e-3].viewerDataByStage.1.chat.pages[0].messages[1].time,오후 9:41,,午後9時41分,晚上 9:41,"Case metadata, character profile, dispute, evidence, solution, or evidence-viewer surface text. Party dialogue scripts are not included here."
case_surface_content_src_data_cases_generated_friend-01_evidence_e-3_.viewerDataByStage.1.chat.pages_0_.messages_2_.sender,case_surface_content,src/data/cases/generated,friend-01,evidence[e-3].viewerDataByStage.1.chat.pages[0].messages[2].sender,송다은,,,宋多恩,"Case metadata, character profile, dispute, evidence, solution, or evidence-viewer surface text. Party dialogue scripts are not included here."
case_surface_content_src_data_cases_generated_friend-01_evidence_e-3_.viewerDataByStage.1.chat.pages_0_.messages_2_.text,case_surface_content,src/data/cases/generated,friend-01,evidence[e-3].viewerDataByStage.1.chat.pages[0].messages[2].text,무슨 일인데 이렇게 뜸을 들여.,What's going on that's taking so long?,何が起こったのか、こうして灸をかけて。,到底是怎么回事，要花这么长时间？,"Case metadata, character profile, dispute, evidence, solution, or evidence-viewer surface text. Party dialogue scripts are not included here."
case_surface_content_src_data_cases_generated_friend-01_evidence_e-3_.viewerDataByStage.1.chat.pages_0_.messages_2_.time,case_surface_content,src/data/cases/generated,friend-01,evidence[e-3].viewerDataByStage.1.chat.pages[0].messages[2].time,오후 9:42,,午後9時42分,晚上 9:42,"Case metadata, character profile, dispute, evidence, solution, or evidence-viewer surface text. Party dialogue scripts are not included here."
case_surface_content_src_data_cases_generated_friend-01_evidence_e-3_.viewerDataByStage.1.chat.pages_0_.messages_3_.sender,case_surface_content,src/data/cases/generated,friend-01,evidence[e-3].viewerDataByStage.1.chat.pages[0].messages[3].sender,알 수 없는 상대,,不明な相手,未知的伙伴,"Case metadata, character profile, dispute, evidence, solution, or evidence-viewer surface text. Party dialogue scripts are not included here."
case_surface_content_src_data_cases_generated_friend-01_evidence_e-3_.viewerDataByStage.1.chat.pages_0_.messages_3_.text,case_surface_content,src/data/cases/generated,friend-01,evidence[e-3].viewerDataByStage.1.chat.pages[0].messages[3].text,네가 들으면 기분 나쁠 얘기일 수도 있어서 망설였어. 그래도 그냥 묻어두면 더 이상해질 것 같아.,"I hesitated because I thought it might be unpleasant for you to hear. Still, I think it will get even weirder if I just bury it.",あなたが聞くと気持ち悪い話かもしれないので躊躇した。それでもちょうど埋めておけばこれ以上になると思います。,我犹豫了，因为我觉得你听了可能会不舒服。不过，我认为如果我把它埋起来的话会变得更奇怪。,"Case metadata, character profile, dispute, evidence, solution, or evidence-viewer surface text. Party dialogue scripts are not included here."
case_surface_content_src_data_cases_generated_friend-01_evidence_e-3_.viewerDataByStage.1.chat.pages_0_.messages_3_.time,case_surface_content,src/data/cases/generated,friend-01,evidence[e-3].viewerDataByStage.1.chat.pages[0].messages[3].time,오후 9:43,,午後9時43分,晚上 9:43,"Case metadata, character profile, dispute, evidence, solution, or evidence-viewer surface text. Party dialogue scripts are not included here."
case_surface_content_src_data_cases_generated_friend-01_evidence_e-3_.viewerDataByStage.1.chat.pages_0_.messages_4_.sender,case_surface_content,src/data/cases/generated,friend-01,evidence[e-3].viewerDataByStage.1.chat.pages[0].messages[4].sender,송다은,,,宋多恩,"Case metadata, character profile, dispute, evidence, solution, or evidence-viewer surface text. Party dialogue scripts are not included here."
case_surface_content_src_data_cases_generated_friend-01_evidence_e-3_.viewerDataByStage.1.chat.pages_0_.messages_4_.text,case_surface_content,src/data/cases/generated,friend-01,evidence[e-3].viewerDataByStage.1.chat.pages[0].messages[4].text,또 애매하게 말하지 말고 정확히 말해.,"Also, don't be vague and say it clearly.",また、曖昧に言わないで正確に言う。,另外，不要含糊其辞，说清楚。,"Case metadata, character profile, dispute, evidence, solution, or evidence-viewer surface text. Party dialogue scripts are not included here."
case_surface_content_src_data_cases_generated_friend-01_evidence_e-3_.viewerDataByStage.1.chat.pages_0_.messages_4_.time,case_surface_content,src/data/cases/generated,friend-01,evidence[e-3].viewerDataByStage.1.chat.pages[0].messages[4].time,오후 9:44,,午後9時44分,晚上 9:44,"Case metadata, character profile, dispute, evidence, solution, or evidence-viewer surface text. Party dialogue scripts are not included here."
case_surface_content_src_data_cases_generated_friend-01_evidence_e-3_.viewerDataByStage.1.chat.pages_0_.messages_5_.sender,case_surface_content,src/data/cases/generated,friend-01,evidence[e-3].viewerDataByStage.1.chat.pages[0].messages[5].sender,알 수 없는 상대,,不明な相手,未知的伙伴,"Case metadata, character profile, dispute, evidence, solution, or evidence-viewer surface text. Party dialogue scripts are not included here."
case_surface_content_src_data_cases_generated_friend-01_evidence_e-3_.viewerDataByStage.1.chat.pages_0_.messages_5_.text,case_surface_content,src/data/cases/generated,friend-01,evidence[e-3].viewerDataByStage.1.chat.pages[0].messages[5].text,"나도 정리가 다 된 건 아닌데, 네 주변에서 생긴 일이라 너한테는 말해야 할 것 같아.","I haven't completely sorted it out either, but since it happened around you, I think I should tell you.",私も整理が終わったわけではありませんが、あなたの周りで起こったことなので、あなたには言わなければならないと思います。,我也没有完全弄清楚，但既然它发生在你身边，我想我应该告诉你。,"Case metadata, character profile, dispute, evidence, solution, or evidence-viewer surface text. Party dialogue scripts are not included here."
case_surface_content_src_data_cases_generated_friend-01_evidence_e-3_.viewerDataByStage.1.chat.pages_0_.messages_5_.time,case_surface_content,src/data/cases/generated,friend-01,evidence[e-3].viewerDataByStage.1.chat.pages[0].messages[5].time,오후 9:45,,午後9時45分,晚上 9:45,"Case metadata, character profile, dispute, evidence, solution, or evidence-viewer surface text. Party dialogue scripts are not included here."
case_surface_content_src_data_cases_generated_friend-01_evidence_e-3_.viewerDataByStage.1.chat.pages_0_.messages_6_.sender,case_surface_content,src/data/cases/generated,friend-01,evidence[e-3].viewerDataByStage.1.chat.pages[0].messages[6].sender,송다은,,,宋多恩,"Case metadata, character profile, dispute, evidence, solution, or evidence-viewer surface text. Party dialogue scripts are not included here."
case_surface_content_src_data_cases_generated_friend-01_evidence_e-3_.viewerDataByStage.1.chat.pages_0_.messages_6_.text,case_surface_content,src/data/cases/generated,friend-01,evidence[e-3].viewerDataByStage.1.chat.pages[0].messages[6].text,내 주변? 무슨 뜻인데.,Around me? What do you mean?,私の周り？どういう意味なのか。,我周围？你是什​​么意思？,"Case metadata, character profile, dispute, evidence, solution, or evidence-viewer surface text. Party dialogue scripts are not included here."
case_surface_content_src_data_cases_generated_friend-01_evidence_e-3_.viewerDataByStage.1.chat.pages_0_.messages_6_.time,case_surface_content,src/data/cases/generated,friend-01,evidence[e-3].viewerDataByStage.1.chat.pages[0].messages[6].time,오후 9:46,,午後9時46分,晚上 9:46,"Case metadata, character profile, dispute, evidence, solution, or evidence-viewer surface text. Party dialogue scripts are not included here."
case_surface_content_src_data_cases_generated_friend-01_evidence_e-3_.viewerDataByStage.1.meta.legalLabel,case_surface_content,src/data/cases/generated,friend-01,evidence[e-3].viewerDataByStage.1.meta.legalLabel,적법,,適法,合法性,"Case metadata, character profile, dispute, evidence, solution, or evidence-viewer surface text. Party dialogue scripts are not included here."
case_surface_content_src_data_cases_generated_friend-01_evidence_e-3_.viewerDataByStage.1.meta.name,case_surface_content,src/data/cases/generated,friend-01,evidence[e-3].viewerDataByStage.1.meta.name,과거 카톡,Past KakaoTalk,過去のカトク,过去的KakaoTalk,"Case metadata, character profile, dispute, evidence, solution, or evidence-viewer surface text. Party dialogue scripts are not included here."
case_surface_content_src_data_cases_generated_friend-01_evidence_e-3_.viewerDataByStage.1.meta.redactions_0,case_surface_content,src/data/cases/generated,friend-01,evidence[e-3].viewerDataByStage.1.meta.redactions[0],돈 문제와 차단 직전 대화 봉인,,お金の問題とブロックの直前に会話を封印,金钱问题并在被阻止之前密封对话,"Case metadata, character profile, dispute, evidence, solution, or evidence-viewer surface text. Party dialogue scripts are not included here."
case_surface_content_src_data_cases_generated_friend-01_evidence_e-3_.viewerDataByStage.1.meta.sourceLabel,case_surface_content,src/data/cases/generated,friend-01,evidence[e-3].viewerDataByStage.1.meta.sourceLabel,양측,,両側,双方,"Case metadata, character profile, dispute, evidence, solution, or evidence-viewer surface text. Party dialogue scripts are not included here."
case_surface_content_src_data_cases_generated_friend-01_evidence_e-3_.viewerDataByStage.1.meta.stageLabel,case_surface_content,src/data/cases/generated,friend-01,evidence[e-3].viewerDataByStage.1.meta.stageLabel,1단계 — 망설이는 연락,,ステップ1 - 迷う連絡,第 1 步——犹豫联系,"Case metadata, character profile, dispute, evidence, solution, or evidence-viewer surface text. Party dialogue scripts are not included here."
case_surface_content_src_data_cases_generated_friend-01_evidence_e-3_.viewerDataByStage.1.meta.trustLabel,case_surface_content,src/data/cases/generated,friend-01,evidence[e-3].viewerDataByStage.1.meta.trustLabel,보통,,通常,通常,"Case metadata, character profile, dispute, evidence, solution, or evidence-viewer surface text. Party dialogue scripts are not included here."
case_surface_content_src_data_cases_generated_friend-01_evidence_e-3_.viewerDataByStage.2.chat.header,case_surface_content,src/data/cases/generated,friend-01,evidence[e-3].viewerDataByStage.2.chat.header,알 수 없는 상대 카톡 — 2024.08.17,,不明な相手のカトク — 2024.08.17,不明人士 KakaoTalk — 2024.08.17,"Case metadata, character profile, dispute, evidence, solution, or evidence-viewer surface text. Party dialogue scripts are not included here."
case_surface_content_src_data_cases_generated_friend-01_evidence_e-3_.viewerDataByStage.2.chat.inputStatus,case_surface_content,src/data/cases/generated,friend-01,evidence[e-3].viewerDataByStage.2.chat.inputStatus,[+] 차단 친구와는 대화가 불가능합니다.,,[+]ブロックした友達との会話はできません。,[+] 您无法与被屏蔽的好友交谈。,"Case metadata, character profile, dispute, evidence, solution, or evidence-viewer surface text. Party dialogue scripts are not included here."
case_surface_content_src_data_cases_generated_friend-01_evidence_e-3_.viewerDataByStage.2.chat.messages_0_.sender,case_surface_content,src/data/cases/generated,friend-01,evidence[e-3].viewerDataByStage.2.chat.messages[0].sender,알 수 없는 상대,,不明な相手,未知的伙伴,"Case metadata, character profile, dispute, evidence, solution, or evidence-viewer surface text. Party dialogue scripts are not included here."
case_surface_content_src_data_cases_generated_friend-01_evidence_e-3_.viewerDataByStage.2.chat.messages_0_.text,case_surface_content,src/data/cases/generated,friend-01,evidence[e-3].viewerDataByStage.2.chat.messages[0].text,돈 문제 때문이야. 내가 혼자 정리하려고 했던 게 있어.,It's because of money issues. There's something I've been trying to sort out on my own.,お金の問題だからな私が一人で整理しようとしたことがあります。,就是因为钱的问题。有件事我一直在尝试自己解决。,"Case metadata, character profile, dispute, evidence, solution, or evidence-viewer surface text. Party dialogue scripts are not included here."
case_surface_content_src_data_cases_generated_friend-01_evidence_e-3_.viewerDataByStage.2.chat.messages_0_.time,case_surface_content,src/data/cases/generated,friend-01,evidence[e-3].viewerDataByStage.2.chat.messages[0].time,오후 9:47,,午後9時47分,晚上 9:47,"Case metadata, character profile, dispute, evidence, solution, or evidence-viewer surface text. Party dialogue scripts are not included here."
case_surface_content_src_data_cases_generated_friend-01_evidence_e-3_.viewerDataByStage.2.chat.messages_1_.sender,case_surface_content,src/data/cases/generated,friend-01,evidence[e-3].viewerDataByStage.2.chat.messages[1].sender,송다은,,,宋多恩,"Case metadata, character profile, dispute, evidence, solution, or evidence-viewer surface text. Party dialogue scripts are not included here."
case_surface_content_src_data_cases_generated_friend-01_evidence_e-3_.viewerDataByStage.2.chat.messages_1_.text,case_surface_content,src/data/cases/generated,friend-01,evidence[e-3].viewerDataByStage.2.chat.messages[1].text,돈? 갑자기 왜 돈 얘기를 해? 나한테 뭘 뒤집어씌우려는 거야?,Money? Why are you talking about money all of a sudden? What are you trying to accuse me of?,お金？突然なぜお金を話すのですか？私に何をひっくり返すつもりですか？,钱？怎么突然谈起钱来了？你想指责我什么？,"Case metadata, character profile, dispute, evidence, solution, or evidence-viewer surface text. Party dialogue scripts are not included here."
case_surface_content_src_data_cases_generated_friend-01_evidence_e-3_.viewerDataByStage.2.chat.messages_1_.time,case_surface_content,src/data/cases/generated,friend-01,evidence[e-3].viewerDataByStage.2.chat.messages[1].time,오후 9:48,,午後9時48分,晚上 9:48,"Case metadata, character profile, dispute, evidence, solution, or evidence-viewer surface text. Party dialogue scripts are not included here."
case_surface_content_src_data_cases_generated_friend-01_evidence_e-3_.viewerDataByStage.2.chat.messages_2_.sender,case_surface_content,src/data/cases/generated,friend-01,evidence[e-3].viewerDataByStage.2.chat.messages[2].sender,알 수 없는 상대,,不明な相手,未知的伙伴,"Case metadata, character profile, dispute, evidence, solution, or evidence-viewer surface text. Party dialogue scripts are not included here."
case_surface_content_src_data_cases_generated_friend-01_evidence_e-3_.viewerDataByStage.2.chat.messages_2_.text,case_surface_content,src/data/cases/generated,friend-01,evidence[e-3].viewerDataByStage.2.chat.messages[2].text,네 돈을 말하는 게 아니야. 네가 오해할까 봐 더 말을 못 꺼냈어.,I'm not talking about your money. I couldn't say more because I was afraid you might misunderstand.,お金を言うのではありません。お前が誤解するかと思ってもっと話を出せなかった。,我不是在谈论你的钱。我不能多说，因为我怕你会误会。,"Case metadata, character profile, dispute, evidence, solution, or evidence-viewer surface text. Party dialogue scripts are not included here."
case_surface_content_src_data_cases_generated_friend-01_evidence_e-3_.viewerDataByStage.2.chat.messages_2_.time,case_surface_content,src/data/cases/generated,friend-01,evidence[e-3].viewerDataByStage.2.chat.messages[2].time,오후 9:49,,午後9時49分,晚上 9:49,"Case metadata, character profile, dispute, evidence, solution, or evidence-viewer surface text. Party dialogue scripts are not included here."
case_surface_content_src_data_cases_generated_friend-01_evidence_e-3_.viewerDataByStage.2.chat.messages_3_.sender,case_surface_content,src/data/cases/generated,friend-01,evidence[e-3].viewerDataByStage.2.chat.messages[3].sender,송다은,,,宋多恩,"Case metadata, character profile, dispute, evidence, solution, or evidence-viewer surface text. Party dialogue scripts are not included here."
case_surface_content_src_data_cases_generated_friend-01_evidence_e-3_.viewerDataByStage.2.chat.messages_3_.text,case_surface_content,src/data/cases/generated,friend-01,evidence[e-3].viewerDataByStage.2.chat.messages[3].text,그럼 왜 내 앞에서는 아무 일 없는 척했는데? 이제 와서 돈 문제라고 하면 내가 뭘 믿어.,"Then why did you pretend like nothing happened in front of me? Now, if you say it's a money issue, what can I believe?",それでは、なぜ私の前では何もないふりをしたのですか？今来てお金の問題と言えば私が何を信じて。,那你为什么在我面前装作什么都没发生的样子？现在，如果你说这是钱的问题，我还能相信什么？,"Case metadata, character profile, dispute, evidence, solution, or evidence-viewer surface text. Party dialogue scripts are not included here."
case_surface_content_src_data_cases_generated_friend-01_evidence_e-3_.viewerDataByStage.2.chat.messages_3_.time,case_surface_content,src/data/cases/generated,friend-01,evidence[e-3].viewerDataByStage.2.chat.messages[3].time,오후 9:50,,午後9時50分,晚上 9:50,"Case metadata, character profile, dispute, evidence, solution, or evidence-viewer surface text. Party dialogue scripts are not included here."
case_surface_content_src_data_cases_generated_friend-01_evidence_e-3_.viewerDataByStage.2.chat.messages_4_.sender,case_surface_content,src/data/cases/generated,friend-01,evidence[e-3].viewerDataByStage.2.chat.messages[4].sender,알 수 없는 상대,,不明な相手,未知的伙伴,"Case metadata, character profile, dispute, evidence, solution, or evidence-viewer surface text. Party dialogue scripts are not included here."
case_surface_content_src_data_cases_generated_friend-01_evidence_e-3_.viewerDataByStage.2.chat.messages_4_.text,case_surface_content,src/data/cases/generated,friend-01,evidence[e-3].viewerDataByStage.2.chat.messages[4].text,말하면 네가 바로 다치게 될 사람 얘기가 나와서 그랬어. 그래서 내가 먼저 막아보려고 했어.,I did it because you were talking about someone who will get hurt right away if you tell them. So I tried to block it first.,言うと、あなたがすぐに怪我をする人の話が出てきたので。だから私は最初にブロックしようとしました。,我这样做是因为你正在谈论一个如果你告诉他们就会立即受到伤害的人。所以我先尝试阻止它。,"Case metadata, character profile, dispute, evidence, solution, or evidence-viewer surface text. Party dialogue scripts are not included here."
case_surface_content_src_data_cases_generated_friend-01_evidence_e-3_.viewerDataByStage.2.chat.messages_4_.time,case_surface_content,src/data/cases/generated,friend-01,evidence[e-3].viewerDataByStage.2.chat.messages[4].time,오후 9:51,,午後9時51分,晚上 9:51,"Case metadata, character profile, dispute, evidence, solution, or evidence-viewer surface text. Party dialogue scripts are not included here."
case_surface_content_src_data_cases_generated_friend-01_evidence_e-3_.viewerDataByStage.2.chat.messages_5_.sender,case_surface_content,src/data/cases/generated,friend-01,evidence[e-3].viewerDataByStage.2.chat.messages[5].sender,송다은,,,宋多恩,"Case metadata, character profile, dispute, evidence, solution, or evidence-viewer surface text. Party dialogue scripts are not included here."
case_surface_content_src_data_cases_generated_friend-01_evidence_e-3_.viewerDataByStage.2.chat.messages_5_.text,case_surface_content,src/data/cases/generated,friend-01,evidence[e-3].viewerDataByStage.2.chat.messages[5].text,그런 식으로 책임 피하지 마. 돈 얘기 꺼내는 순간 네가 이상해 보여.,"Don't avoid responsibility like that. The moment you bring up money, you look strange.",そのように責任を避けないでください。お金の話を取り出した瞬間、あなたは奇妙に見えます。,不要这样逃避责任。当你提起钱的时候，你看起来很奇怪。,"Case metadata, character profile, dispute, evidence, solution, or evidence-viewer surface text. Party dialogue scripts are not included here."
case_surface_content_src_data_cases_generated_friend-01_evidence_e-3_.viewerDataByStage.2.chat.messages_5_.time,case_surface_content,src/data/cases/generated,friend-01,evidence[e-3].viewerDataByStage.2.chat.messages[5].time,오후 9:52,,午後9時52分,晚上 9:52,"Case metadata, character profile, dispute, evidence, solution, or evidence-viewer surface text. Party dialogue scripts are not included here."
case_surface_content_src_data_cases_generated_friend-01_evidence_e-3_.viewerDataByStage.2.chat.pages_0_.header,case_surface_content,src/data/cases/generated,friend-01,evidence[e-3].viewerDataByStage.2.chat.pages[0].header,알 수 없는 상대 카톡 — 2024.08.17,,不明な相手のカトク — 2024.08.17,不明人士 KakaoTalk — 2024.08.17,"Case metadata, character profile, dispute, evidence, solution, or evidence-viewer surface text. Party dialogue scripts are not included here."
case_surface_content_src_data_cases_generated_friend-01_evidence_e-3_.viewerDataByStage.2.chat.pages_0_.label,case_surface_content,src/data/cases/generated,friend-01,evidence[e-3].viewerDataByStage.2.chat.pages[0].label,1쪽 망설이는 연락,Page 1: Hesitant Contact,1ページ躊躇する連絡,第 1 页：犹豫联系,"Case metadata, character profile, dispute, evidence, solution, or evidence-viewer surface text. Party dialogue scripts are not included here."
case_surface_content_src_data_cases_generated_friend-01_evidence_e-3_.viewerDataByStage.2.chat.pages_0_.messages_1_.sender,case_surface_content,src/data/cases/generated,friend-01,evidence[e-3].viewerDataByStage.2.chat.pages[0].messages[1].sender,알 수 없는 상대,,不明な相手,未知的伙伴,"Case metadata, character profile, dispute, evidence, solution, or evidence-viewer surface text. Party dialogue scripts are not included here."
case_surface_content_src_data_cases_generated_friend-01_evidence_e-3_.viewerDataByStage.2.chat.pages_0_.messages_1_.text,case_surface_content,src/data/cases/generated,friend-01,evidence[e-3].viewerDataByStage.2.chat.pages[0].messages[1].text,"다은아, 갑자기 연락해서 미안해. 바로 말하기가 좀 어려워서 몇 번을 썼다 지웠어.","Da-eun, I’m sorry for contacting you suddenly. It was a bit difficult to say right away, so I wrote and deleted it a few times.",ダウンア、突然連絡して申し訳ありません。すぐに言うのは少し難しいので、何度も書いて消しました。,多恩，很抱歉突然联系你。一下子说起来有点困难，所以写了又删了几次。,"Case metadata, character profile, dispute, evidence, solution, or evidence-viewer surface text. Party dialogue scripts are not included here."
case_surface_content_src_data_cases_generated_friend-01_evidence_e-3_.viewerDataByStage.2.chat.pages_0_.messages_1_.time,case_surface_content,src/data/cases/generated,friend-01,evidence[e-3].viewerDataByStage.2.chat.pages[0].messages[1].time,오후 9:41,,午後9時41分,晚上 9:41,"Case metadata, character profile, dispute, evidence, solution, or evidence-viewer surface text. Party dialogue scripts are not included here."
case_surface_content_src_data_cases_generated_friend-01_evidence_e-3_.viewerDataByStage.2.chat.pages_0_.messages_2_.sender,case_surface_content,src/data/cases/generated,friend-01,evidence[e-3].viewerDataByStage.2.chat.pages[0].messages[2].sender,송다은,,,宋多恩,"Case metadata, character profile, dispute, evidence, solution, or evidence-viewer surface text. Party dialogue scripts are not included here."
case_surface_content_src_data_cases_generated_friend-01_evidence_e-3_.viewerDataByStage.2.chat.pages_0_.messages_2_.text,case_surface_content,src/data/cases/generated,friend-01,evidence[e-3].viewerDataByStage.2.chat.pages[0].messages[2].text,무슨 일인데 이렇게 뜸을 들여.,What's going on that's taking so long?,何が起こったのか、こうして灸をかけて。,到底是怎么回事，要花这么长时间？,"Case metadata, character profile, dispute, evidence, solution, or evidence-viewer surface text. Party dialogue scripts are not included here."
case_surface_content_src_data_cases_generated_friend-01_evidence_e-3_.viewerDataByStage.2.chat.pages_0_.messages_2_.time,case_surface_content,src/data/cases/generated,friend-01,evidence[e-3].viewerDataByStage.2.chat.pages[0].messages[2].time,오후 9:42,,午後9時42分,晚上 9:42,"Case metadata, character profile, dispute, evidence, solution, or evidence-viewer surface text. Party dialogue scripts are not included here."
case_surface_content_src_data_cases_generated_friend-01_evidence_e-3_.viewerDataByStage.2.chat.pages_0_.messages_3_.sender,case_surface_content,src/data/cases/generated,friend-01,evidence[e-3].viewerDataByStage.2.chat.pages[0].messages[3].sender,알 수 없는 상대,,不明な相手,未知的伙伴,"Case metadata, character profile, dispute, evidence, solution, or evidence-viewer surface text. Party dialogue scripts are not included here."
case_surface_content_src_data_cases_generated_friend-01_evidence_e-3_.viewerDataByStage.2.chat.pages_0_.messages_3_.text,case_surface_content,src/data/cases/generated,friend-01,evidence[e-3].viewerDataByStage.2.chat.pages[0].messages[3].text,네가 들으면 기분 나쁠 얘기일 수도 있어서 망설였어. 그래도 그냥 묻어두면 더 이상해질 것 같아.,"I hesitated because I thought it might be unpleasant for you to hear. Still, I think it will get even weirder if I just bury it.",あなたが聞くと気持ち悪い話かもしれないので躊躇した。それでもちょうど埋めておけばこれ以上になると思います。,我犹豫了，因为我觉得你听了可能会不舒服。不过，我认为如果我把它埋起来的话会变得更奇怪。,"Case metadata, character profile, dispute, evidence, solution, or evidence-viewer surface text. Party dialogue scripts are not included here."
case_surface_content_src_data_cases_generated_friend-01_evidence_e-3_.viewerDataByStage.2.chat.pages_0_.messages_3_.time,case_surface_content,src/data/cases/generated,friend-01,evidence[e-3].viewerDataByStage.2.chat.pages[0].messages[3].time,오후 9:43,,午後9時43分,晚上 9:43,"Case metadata, character profile, dispute, evidence, solution, or evidence-viewer surface text. Party dialogue scripts are not included here."
case_surface_content_src_data_cases_generated_friend-01_evidence_e-3_.viewerDataByStage.2.chat.pages_0_.messages_4_.sender,case_surface_content,src/data/cases/generated,friend-01,evidence[e-3].viewerDataByStage.2.chat.pages[0].messages[4].sender,송다은,,,宋多恩,"Case metadata, character profile, dispute, evidence, solution, or evidence-viewer surface text. Party dialogue scripts are not included here."
case_surface_content_src_data_cases_generated_friend-01_evidence_e-3_.viewerDataByStage.2.chat.pages_0_.messages_4_.text,case_surface_content,src/data/cases/generated,friend-01,evidence[e-3].viewerDataByStage.2.chat.pages[0].messages[4].text,또 애매하게 말하지 말고 정확히 말해.,"Also, don't be vague and say it clearly.",また、曖昧に言わないで正確に言う。,另外，不要含糊其辞，说清楚。,"Case metadata, character profile, dispute, evidence, solution, or evidence-viewer surface text. Party dialogue scripts are not included here."
case_surface_content_src_data_cases_generated_friend-01_evidence_e-3_.viewerDataByStage.2.chat.pages_0_.messages_4_.time,case_surface_content,src/data/cases/generated,friend-01,evidence[e-3].viewerDataByStage.2.chat.pages[0].messages[4].time,오후 9:44,,午後9時44分,晚上 9:44,"Case metadata, character profile, dispute, evidence, solution, or evidence-viewer surface text. Party dialogue scripts are not included here."
case_surface_content_src_data_cases_generated_friend-01_evidence_e-3_.viewerDataByStage.2.chat.pages_0_.messages_5_.sender,case_surface_content,src/data/cases/generated,friend-01,evidence[e-3].viewerDataByStage.2.chat.pages[0].messages[5].sender,알 수 없는 상대,,不明な相手,未知的伙伴,"Case metadata, character profile, dispute, evidence, solution, or evidence-viewer surface text. Party dialogue scripts are not included here."
case_surface_content_src_data_cases_generated_friend-01_evidence_e-3_.viewerDataByStage.2.chat.pages_0_.messages_5_.text,case_surface_content,src/data/cases/generated,friend-01,evidence[e-3].viewerDataByStage.2.chat.pages[0].messages[5].text,"나도 정리가 다 된 건 아닌데, 네 주변에서 생긴 일이라 너한테는 말해야 할 것 같아.","I haven't completely sorted it out either, but since it happened around you, I think I should tell you.",私も整理が終わったわけではありませんが、あなたの周りで起こったことなので、あなたには言わなければならないと思います。,我也没有完全弄清楚，但既然它发生在你身边，我想我应该告诉你。,"Case metadata, character profile, dispute, evidence, solution, or evidence-viewer surface text. Party dialogue scripts are not included here."
case_surface_content_src_data_cases_generated_friend-01_evidence_e-3_.viewerDataByStage.2.chat.pages_0_.messages_5_.time,case_surface_content,src/data/cases/generated,friend-01,evidence[e-3].viewerDataByStage.2.chat.pages[0].messages[5].time,오후 9:45,,午後9時45分,晚上 9:45,"Case metadata, character profile, dispute, evidence, solution, or evidence-viewer surface text. Party dialogue scripts are not included here."
case_surface_content_src_data_cases_generated_friend-01_evidence_e-3_.viewerDataByStage.2.chat.pages_0_.messages_6_.sender,case_surface_content,src/data/cases/generated,friend-01,evidence[e-3].viewerDataByStage.2.chat.pages[0].messages[6].sender,송다은,,,宋多恩,"Case metadata, character profile, dispute, evidence, solution, or evidence-viewer surface text. Party dialogue scripts are not included here."
case_surface_content_src_data_cases_generated_friend-01_evidence_e-3_.viewerDataByStage.2.chat.pages_0_.messages_6_.text,case_surface_content,src/data/cases/generated,friend-01,evidence[e-3].viewerDataByStage.2.chat.pages[0].messages[6].text,내 주변? 무슨 뜻인데.,Around me? What do you mean?,私の周り？どういう意味なのか。,我周围？你是什​​么意思？,"Case metadata, character profile, dispute, evidence, solution, or evidence-viewer surface text. Party dialogue scripts are not included here."
case_surface_content_src_data_cases_generated_friend-01_evidence_e-3_.viewerDataByStage.2.chat.pages_0_.messages_6_.time,case_surface_content,src/data/cases/generated,friend-01,evidence[e-3].viewerDataByStage.2.chat.pages[0].messages[6].time,오후 9:46,,午後9時46分,晚上 9:46,"Case metadata, character profile, dispute, evidence, solution, or evidence-viewer surface text. Party dialogue scripts are not included here."
case_surface_content_src_data_cases_generated_friend-01_evidence_e-3_.viewerDataByStage.2.chat.pages_1_.header,case_surface_content,src/data/cases/generated,friend-01,evidence[e-3].viewerDataByStage.2.chat.pages[1].header,알 수 없는 상대 카톡 — 2024.08.17,,不明な相手のカトク — 2024.08.17,不明人士 KakaoTalk — 2024.08.17,"Case metadata, character profile, dispute, evidence, solution, or evidence-viewer surface text. Party dialogue scripts are not included here."
case_surface_content_src_data_cases_generated_friend-01_evidence_e-3_.viewerDataByStage.2.chat.pages_1_.label,case_surface_content,src/data/cases/generated,friend-01,evidence[e-3].viewerDataByStage.2.chat.pages[1].label,2쪽 돈 문제 오해,Page 2 Misunderstandings about money issues,2ページお金問題の誤解,第2页 关于金钱问题的误解,"Case metadata, character profile, dispute, evidence, solution, or evidence-viewer surface text. Party dialogue scripts are not included here."
case_surface_content_src_data_cases_generated_friend-01_evidence_e-3_.viewerDataByStage.2.chat.pages_1_.messages_0_.sender,case_surface_content,src/data/cases/generated,friend-01,evidence[e-3].viewerDataByStage.2.chat.pages[1].messages[0].sender,알 수 없는 상대,,不明な相手,未知的伙伴,"Case metadata, character profile, dispute, evidence, solution, or evidence-viewer surface text. Party dialogue scripts are not included here."
case_surface_content_src_data_cases_generated_friend-01_evidence_e-3_.viewerDataByStage.2.chat.pages_1_.messages_0_.text,case_surface_content,src/data/cases/generated,friend-01,evidence[e-3].viewerDataByStage.2.chat.pages[1].messages[0].text,돈 문제 때문이야. 내가 혼자 정리하려고 했던 게 있어.,It's because of money issues. There's something I've been trying to sort out on my own.,お金の問題だからな私が一人で整理しようとしたことがあります。,就是因为钱的问题。有件事我一直在尝试自己解决。,"Case metadata, character profile, dispute, evidence, solution, or evidence-viewer surface text. Party dialogue scripts are not included here."
case_surface_content_src_data_cases_generated_friend-01_evidence_e-3_.viewerDataByStage.2.chat.pages_1_.messages_0_.time,case_surface_content,src/data/cases/generated,friend-01,evidence[e-3].viewerDataByStage.2.chat.pages[1].messages[0].time,오후 9:47,,午後9時47分,晚上 9:47,"Case metadata, character profile, dispute, evidence, solution, or evidence-viewer surface text. Party dialogue scripts are not included here."
case_surface_content_src_data_cases_generated_friend-01_evidence_e-3_.viewerDataByStage.2.chat.pages_1_.messages_1_.sender,case_surface_content,src/data/cases/generated,friend-01,evidence[e-3].viewerDataByStage.2.chat.pages[1].messages[1].sender,송다은,,,宋多恩,"Case metadata, character profile, dispute, evidence, solution, or evidence-viewer surface text. Party dialogue scripts are not included here."
case_surface_content_src_data_cases_generated_friend-01_evidence_e-3_.viewerDataByStage.2.chat.pages_1_.messages_1_.text,case_surface_content,src/data/cases/generated,friend-01,evidence[e-3].viewerDataByStage.2.chat.pages[1].messages[1].text,돈? 갑자기 왜 돈 얘기를 해? 나한테 뭘 뒤집어씌우려는 거야?,Money? Why are you talking about money all of a sudden? What are you trying to accuse me of?,お金？突然なぜお金を話すのですか？私に何をひっくり返すつもりですか？,钱？怎么突然谈起钱来了？你想指责我什么？,"Case metadata, character profile, dispute, evidence, solution, or evidence-viewer surface text. Party dialogue scripts are not included here."
case_surface_content_src_data_cases_generated_friend-01_evidence_e-3_.viewerDataByStage.2.chat.pages_1_.messages_1_.time,case_surface_content,src/data/cases/generated,friend-01,evidence[e-3].viewerDataByStage.2.chat.pages[1].messages[1].time,오후 9:48,,午後9時48分,晚上 9:48,"Case metadata, character profile, dispute, evidence, solution, or evidence-viewer surface text. Party dialogue scripts are not included here."
case_surface_content_src_data_cases_generated_friend-01_evidence_e-3_.viewerDataByStage.2.chat.pages_1_.messages_2_.sender,case_surface_content,src/data/cases/generated,friend-01,evidence[e-3].viewerDataByStage.2.chat.pages[1].messages[2].sender,알 수 없는 상대,,不明な相手,未知的伙伴,"Case metadata, character profile, dispute, evidence, solution, or evidence-viewer surface text. Party dialogue scripts are not included here."
case_surface_content_src_data_cases_generated_friend-01_evidence_e-3_.viewerDataByStage.2.chat.pages_1_.messages_2_.text,case_surface_content,src/data/cases/generated,friend-01,evidence[e-3].viewerDataByStage.2.chat.pages[1].messages[2].text,네 돈을 말하는 게 아니야. 네가 오해할까 봐 더 말을 못 꺼냈어.,I'm not talking about your money. I couldn't say more because I was afraid you might misunderstand.,お金を言うのではありません。お前が誤解するかと思ってもっと話を出せなかった。,我不是在谈论你的钱。我不能多说，因为我怕你会误会。,"Case metadata, character profile, dispute, evidence, solution, or evidence-viewer surface text. Party dialogue scripts are not included here."
case_surface_content_src_data_cases_generated_friend-01_evidence_e-3_.viewerDataByStage.2.chat.pages_1_.messages_2_.time,case_surface_content,src/data/cases/generated,friend-01,evidence[e-3].viewerDataByStage.2.chat.pages[1].messages[2].time,오후 9:49,,午後9時49分,晚上 9:49,"Case metadata, character profile, dispute, evidence, solution, or evidence-viewer surface text. Party dialogue scripts are not included here."
case_surface_content_src_data_cases_generated_friend-01_evidence_e-3_.viewerDataByStage.2.chat.pages_1_.messages_3_.sender,case_surface_content,src/data/cases/generated,friend-01,evidence[e-3].viewerDataByStage.2.chat.pages[1].messages[3].sender,송다은,,,宋多恩,"Case metadata, character profile, dispute, evidence, solution, or evidence-viewer surface text. Party dialogue scripts are not included here."
case_surface_content_src_data_cases_generated_friend-01_evidence_e-3_.viewerDataByStage.2.chat.pages_1_.messages_3_.text,case_surface_content,src/data/cases/generated,friend-01,evidence[e-3].viewerDataByStage.2.chat.pages[1].messages[3].text,그럼 왜 내 앞에서는 아무 일 없는 척했는데? 이제 와서 돈 문제라고 하면 내가 뭘 믿어.,"Then why did you pretend like nothing happened in front of me? Now, if you say it's a money issue, what can I believe?",それでは、なぜ私の前では何もないふりをしたのですか？今来てお金の問題と言えば私が何を信じて。,那你为什么在我面前装作什么都没发生的样子？现在，如果你说这是钱的问题，我还能相信什么？,"Case metadata, character profile, dispute, evidence, solution, or evidence-viewer surface text. Party dialogue scripts are not included here."
case_surface_content_src_data_cases_generated_friend-01_evidence_e-3_.viewerDataByStage.2.chat.pages_1_.messages_3_.time,case_surface_content,src/data/cases/generated,friend-01,evidence[e-3].viewerDataByStage.2.chat.pages[1].messages[3].time,오후 9:50,,午後9時50分,晚上 9:50,"Case metadata, character profile, dispute, evidence, solution, or evidence-viewer surface text. Party dialogue scripts are not included here."
case_surface_content_src_data_cases_generated_friend-01_evidence_e-3_.viewerDataByStage.2.chat.pages_1_.messages_4_.sender,case_surface_content,src/data/cases/generated,friend-01,evidence[e-3].viewerDataByStage.2.chat.pages[1].messages[4].sender,알 수 없는 상대,,不明な相手,未知的伙伴,"Case metadata, character profile, dispute, evidence, solution, or evidence-viewer surface text. Party dialogue scripts are not included here."
case_surface_content_src_data_cases_generated_friend-01_evidence_e-3_.viewerDataByStage.2.chat.pages_1_.messages_4_.text,case_surface_content,src/data/cases/generated,friend-01,evidence[e-3].viewerDataByStage.2.chat.pages[1].messages[4].text,말하면 네가 바로 다치게 될 사람 얘기가 나와서 그랬어. 그래서 내가 먼저 막아보려고 했어.,I did it because you were talking about someone who will get hurt right away if you tell them. So I tried to block it first.,言うと、あなたがすぐに怪我をする人の話が出てきたので。だから私は最初にブロックしようとしました。,我这样做是因为你正在谈论一个如果你告诉他们就会立即受到伤害的人。所以我先尝试阻止它。,"Case metadata, character profile, dispute, evidence, solution, or evidence-viewer surface text. Party dialogue scripts are not included here."
case_surface_content_src_data_cases_generated_friend-01_evidence_e-3_.viewerDataByStage.2.chat.pages_1_.messages_4_.time,case_surface_content,src/data/cases/generated,friend-01,evidence[e-3].viewerDataByStage.2.chat.pages[1].messages[4].time,오후 9:51,,午後9時51分,晚上 9:51,"Case metadata, character profile, dispute, evidence, solution, or evidence-viewer surface text. Party dialogue scripts are not included here."
case_surface_content_src_data_cases_generated_friend-01_evidence_e-3_.viewerDataByStage.2.chat.pages_1_.messages_5_.sender,case_surface_content,src/data/cases/generated,friend-01,evidence[e-3].viewerDataByStage.2.chat.pages[1].messages[5].sender,송다은,,,宋多恩,"Case metadata, character profile, dispute, evidence, solution, or evidence-viewer surface text. Party dialogue scripts are not included here."
case_surface_content_src_data_cases_generated_friend-01_evidence_e-3_.viewerDataByStage.2.chat.pages_1_.messages_5_.text,case_surface_content,src/data/cases/generated,friend-01,evidence[e-3].viewerDataByStage.2.chat.pages[1].messages[5].text,그런 식으로 책임 피하지 마. 돈 얘기 꺼내는 순간 네가 이상해 보여.,"Don't avoid responsibility like that. The moment you bring up money, you look strange.",そのように責任を避けないでください。お金の話を取り出した瞬間、あなたは奇妙に見えます。,不要这样逃避责任。当你提起钱的时候，你看起来很奇怪。,"Case metadata, character profile, dispute, evidence, solution, or evidence-viewer surface text. Party dialogue scripts are not included here."
case_surface_content_src_data_cases_generated_friend-01_evidence_e-3_.viewerDataByStage.2.chat.pages_1_.messages_5_.time,case_surface_content,src/data/cases/generated,friend-01,evidence[e-3].viewerDataByStage.2.chat.pages[1].messages[5].time,오후 9:52,,午後9時52分,晚上 9:52,"Case metadata, character profile, dispute, evidence, solution, or evidence-viewer surface text. Party dialogue scripts are not included here."
case_surface_content_src_data_cases_generated_friend-01_evidence_e-3_.viewerDataByStage.2.meta.legalLabel,case_surface_content,src/data/cases/generated,friend-01,evidence[e-3].viewerDataByStage.2.meta.legalLabel,적법,,適法,合法性,"Case metadata, character profile, dispute, evidence, solution, or evidence-viewer surface text. Party dialogue scripts are not included here."
case_surface_content_src_data_cases_generated_friend-01_evidence_e-3_.viewerDataByStage.2.meta.name,case_surface_content,src/data/cases/generated,friend-01,evidence[e-3].viewerDataByStage.2.meta.name,과거 카톡,Past KakaoTalk,過去のカトク,过去的KakaoTalk,"Case metadata, character profile, dispute, evidence, solution, or evidence-viewer surface text. Party dialogue scripts are not included here."
case_surface_content_src_data_cases_generated_friend-01_evidence_e-3_.viewerDataByStage.2.meta.redactions_0,case_surface_content,src/data/cases/generated,friend-01,evidence[e-3].viewerDataByStage.2.meta.redactions[0],아버지 관련 언급 봉인,,父に関する言及封印,与父亲封印相关的提及,"Case metadata, character profile, dispute, evidence, solution, or evidence-viewer surface text. Party dialogue scripts are not included here."
case_surface_content_src_data_cases_generated_friend-01_evidence_e-3_.viewerDataByStage.2.meta.sourceLabel,case_surface_content,src/data/cases/generated,friend-01,evidence[e-3].viewerDataByStage.2.meta.sourceLabel,양측,,両側,双方,"Case metadata, character profile, dispute, evidence, solution, or evidence-viewer surface text. Party dialogue scripts are not included here."
case_surface_content_src_data_cases_generated_friend-01_evidence_e-3_.viewerDataByStage.2.meta.stageLabel,case_surface_content,src/data/cases/generated,friend-01,evidence[e-3].viewerDataByStage.2.meta.stageLabel,2단계 — 돈 문제 오해,,ステップ2 - お金の問題の誤解,第 2 步——对金钱问题的误解,"Case metadata, character profile, dispute, evidence, solution, or evidence-viewer surface text. Party dialogue scripts are not included here."
case_surface_content_src_data_cases_generated_friend-01_evidence_e-3_.viewerDataByStage.2.meta.trustLabel,case_surface_content,src/data/cases/generated,friend-01,evidence[e-3].viewerDataByStage.2.meta.trustLabel,보통,,通常,通常,"Case metadata, character profile, dispute, evidence, solution, or evidence-viewer surface text. Party dialogue scripts are not included here."
case_surface_content_src_data_cases_generated_friend-01_evidence_e-3_.viewerDataByStage.3.chat.header,case_surface_content,src/data/cases/generated,friend-01,evidence[e-3].viewerDataByStage.3.chat.header,알 수 없는 상대 카톡 — 2024.08.17,,不明な相手のカトク — 2024.08.17,不明人士 KakaoTalk — 2024.08.17,"Case metadata, character profile, dispute, evidence, solution, or evidence-viewer surface text. Party dialogue scripts are not included here."
case_surface_content_src_data_cases_generated_friend-01_evidence_e-3_.viewerDataByStage.3.chat.inputStatus,case_surface_content,src/data/cases/generated,friend-01,evidence[e-3].viewerDataByStage.3.chat.inputStatus,[+] 차단 친구와는 대화가 불가능합니다.,,[+]ブロックした友達との会話はできません。,[+] 您无法与被屏蔽的好友交谈。,"Case metadata, character profile, dispute, evidence, solution, or evidence-viewer surface text. Party dialogue scripts are not included here."
case_surface_content_src_data_cases_generated_friend-01_evidence_e-3_.viewerDataByStage.3.chat.messages_0_.sender,case_surface_content,src/data/cases/generated,friend-01,evidence[e-3].viewerDataByStage.3.chat.messages[0].sender,알 수 없는 상대,,不明な相手,未知的伙伴,"Case metadata, character profile, dispute, evidence, solution, or evidence-viewer surface text. Party dialogue scripts are not included here."
case_surface_content_src_data_cases_generated_friend-01_evidence_e-3_.viewerDataByStage.3.chat.messages_0_.text,case_surface_content,src/data/cases/generated,friend-01,evidence[e-3].viewerDataByStage.3.chat.messages[0].text,"다은아, 네 아버지와 관련된 일이야. 그래서 더 조심스러웠어.","Da-eun, it has to do with your father. So I was more careful.",ダウンア、あなたの父親に関連することです。だからもっと慎重だった。,多恩，这和你父亲有关。所以我更加小心了。,"Case metadata, character profile, dispute, evidence, solution, or evidence-viewer surface text. Party dialogue scripts are not included here."
case_surface_content_src_data_cases_generated_friend-01_evidence_e-3_.viewerDataByStage.3.chat.messages_0_.time,case_surface_content,src/data/cases/generated,friend-01,evidence[e-3].viewerDataByStage.3.chat.messages[0].time,오후 9:53,,午後9時53分,晚上 9:53,"Case metadata, character profile, dispute, evidence, solution, or evidence-viewer surface text. Party dialogue scripts are not included here."
case_surface_content_src_data_cases_generated_friend-01_evidence_e-3_.viewerDataByStage.3.chat.messages_1_.sender,case_surface_content,src/data/cases/generated,friend-01,evidence[e-3].viewerDataByStage.3.chat.messages[1].sender,송다은,,,宋多恩,"Case metadata, character profile, dispute, evidence, solution, or evidence-viewer surface text. Party dialogue scripts are not included here."
case_surface_content_src_data_cases_generated_friend-01_evidence_e-3_.viewerDataByStage.3.chat.messages_1_.text,case_surface_content,src/data/cases/generated,friend-01,evidence[e-3].viewerDataByStage.3.chat.messages[1].text,우리 아빠를 왜 끌어들여? 그걸로 나 협박하려는 거야?,Why are you dragging my dad in? Are you trying to threaten me with that?,なぜ私のお父さんを引き付けるのですか？それで私は脅迫したいですか？,你为什么要把我爸爸拉进来？你是想用这个来威胁我吗？,"Case metadata, character profile, dispute, evidence, solution, or evidence-viewer surface text. Party dialogue scripts are not included here."
case_surface_content_src_data_cases_generated_friend-01_evidence_e-3_.viewerDataByStage.3.chat.messages_1_.time,case_surface_content,src/data/cases/generated,friend-01,evidence[e-3].viewerDataByStage.3.chat.messages[1].time,오후 9:54,,午後9時54分,晚上 9:54,"Case metadata, character profile, dispute, evidence, solution, or evidence-viewer surface text. Party dialogue scripts are not included here."
case_surface_content_src_data_cases_generated_friend-01_evidence_e-3_.viewerDataByStage.3.chat.messages_2_.sender,case_surface_content,src/data/cases/generated,friend-01,evidence[e-3].viewerDataByStage.3.chat.messages[2].sender,알 수 없는 상대,,不明な相手,未知的伙伴,"Case metadata, character profile, dispute, evidence, solution, or evidence-viewer surface text. Party dialogue scripts are not included here."
case_surface_content_src_data_cases_generated_friend-01_evidence_e-3_.viewerDataByStage.3.chat.messages_2_.text,case_surface_content,src/data/cases/generated,friend-01,evidence[e-3].viewerDataByStage.3.chat.messages[2].text,"협박이 아니야. 아버지한테 빌려준 돈이 있었고, 네가 알면 상처받을까 봐 숨겼어.","It's not a threat. I lent money to my father, and I hid it because I was afraid you would be hurt if you found out.",脅迫じゃない父に貸してくれたお金があったし、君が知れば傷つくか見て隠した。,这不是威胁。我借钱给我父亲，但我把钱藏了起来，因为我怕你知道后会受到伤害。,"Case metadata, character profile, dispute, evidence, solution, or evidence-viewer surface text. Party dialogue scripts are not included here."
case_surface_content_src_data_cases_generated_friend-01_evidence_e-3_.viewerDataByStage.3.chat.messages_2_.time,case_surface_content,src/data/cases/generated,friend-01,evidence[e-3].viewerDataByStage.3.chat.messages[2].time,오후 9:55,,午後9時55分,晚上 9:55,"Case metadata, character profile, dispute, evidence, solution, or evidence-viewer surface text. Party dialogue scripts are not included here."
case_surface_content_src_data_cases_generated_friend-01_evidence_e-3_.viewerDataByStage.3.chat.messages_3_.sender,case_surface_content,src/data/cases/generated,friend-01,evidence[e-3].viewerDataByStage.3.chat.messages[3].sender,송다은,,,宋多恩,"Case metadata, character profile, dispute, evidence, solution, or evidence-viewer surface text. Party dialogue scripts are not included here."
case_surface_content_src_data_cases_generated_friend-01_evidence_e-3_.viewerDataByStage.3.chat.messages_3_.text,case_surface_content,src/data/cases/generated,friend-01,evidence[e-3].viewerDataByStage.3.chat.messages[3].text,그만해. 우리 아빠 이름까지 꺼내서 네 돈 문제를 정당화하지 마.,Stop it. Don't justify your money problems by bringing up my dad's name.,やめて私のお父さんの名前まで取り出して、あなたのお金の問題を正当化しないでください。,停止。不要通过提起我父亲的名字来为你的金钱问题辩护。,"Case metadata, character profile, dispute, evidence, solution, or evidence-viewer surface text. Party dialogue scripts are not included here."
case_surface_content_src_data_cases_generated_friend-01_evidence_e-3_.viewerDataByStage.3.chat.messages_3_.time,case_surface_content,src/data/cases/generated,friend-01,evidence[e-3].viewerDataByStage.3.chat.messages[3].time,오후 9:56,,午後9時56分,晚上 9:56,"Case metadata, character profile, dispute, evidence, solution, or evidence-viewer surface text. Party dialogue scripts are not included here."
case_surface_content_src_data_cases_generated_friend-01_evidence_e-3_.viewerDataByStage.3.chat.messages_4_.sender,case_surface_content,src/data/cases/generated,friend-01,evidence[e-3].viewerDataByStage.3.chat.messages[4].sender,알 수 없는 상대,,不明な相手,未知的伙伴,"Case metadata, character profile, dispute, evidence, solution, or evidence-viewer surface text. Party dialogue scripts are not included here."
case_surface_content_src_data_cases_generated_friend-01_evidence_e-3_.viewerDataByStage.3.chat.messages_4_.text,case_surface_content,src/data/cases/generated,friend-01,evidence[e-3].viewerDataByStage.3.chat.messages[4].text,미안해. 그래도 네가 오해한 채로 끝나는 건 싫었어.,"I'm sorry. Still, I didn't want it to end with you misunderstanding.",すみません。それでも、あなたが誤解したままで終わるのは嫌だった。,对不起。尽管如此，我还是不想让事情以你们的误会而告终。,"Case metadata, character profile, dispute, evidence, solution, or evidence-viewer surface text. Party dialogue scripts are not included here."
case_surface_content_src_data_cases_generated_friend-01_evidence_e-3_.viewerDataByStage.3.chat.messages_4_.time,case_surface_content,src/data/cases/generated,friend-01,evidence[e-3].viewerDataByStage.3.chat.messages[4].time,오후 9:57,,午後9時57分,晚上 9:57,"Case metadata, character profile, dispute, evidence, solution, or evidence-viewer surface text. Party dialogue scripts are not included here."
case_surface_content_src_data_cases_generated_friend-01_evidence_e-3_.viewerDataByStage.3.chat.messages_5_.sender,case_surface_content,src/data/cases/generated,friend-01,evidence[e-3].viewerDataByStage.3.chat.messages[5].sender,송다은,,,宋多恩,"Case metadata, character profile, dispute, evidence, solution, or evidence-viewer surface text. Party dialogue scripts are not included here."
case_surface_content_src_data_cases_generated_friend-01_evidence_e-3_.viewerDataByStage.3.chat.messages_5_.text,case_surface_content,src/data/cases/generated,friend-01,evidence[e-3].viewerDataByStage.3.chat.messages[5].text,됐어. 더 연락하지 마. 차단할게.,That's it. Don't contact me any more. I'll block you.,された。もっと連絡しないでください。ブロックします。,没关系。别再联系我了。我会阻止你。,"Case metadata, character profile, dispute, evidence, solution, or evidence-viewer surface text. Party dialogue scripts are not included here."
case_surface_content_src_data_cases_generated_friend-01_evidence_e-3_.viewerDataByStage.3.chat.messages_5_.time,case_surface_content,src/data/cases/generated,friend-01,evidence[e-3].viewerDataByStage.3.chat.messages[5].time,오후 9:58,,午後9時58分,晚上 9:58,"Case metadata, character profile, dispute, evidence, solution, or evidence-viewer surface text. Party dialogue scripts are not included here."
case_surface_content_src_data_cases_generated_friend-01_evidence_e-3_.viewerDataByStage.3.chat.messages_6_.text,case_surface_content,src/data/cases/generated,friend-01,evidence[e-3].viewerDataByStage.3.chat.messages[6].text,송다은 — 차단함,Song Da-eun — Blocked,ソンダウン — ブロック,宋多恩——被封锁,"Case metadata, character profile, dispute, evidence, solution, or evidence-viewer surface text. Party dialogue scripts are not included here."
case_surface_content_src_data_cases_generated_friend-01_evidence_e-3_.viewerDataByStage.3.chat.pages_0_.header,case_surface_content,src/data/cases/generated,friend-01,evidence[e-3].viewerDataByStage.3.chat.pages[0].header,알 수 없는 상대 카톡 — 2024.08.17,,不明な相手のカトク — 2024.08.17,不明人士 KakaoTalk — 2024.08.17,"Case metadata, character profile, dispute, evidence, solution, or evidence-viewer surface text. Party dialogue scripts are not included here."
case_surface_content_src_data_cases_generated_friend-01_evidence_e-3_.viewerDataByStage.3.chat.pages_0_.label,case_surface_content,src/data/cases/generated,friend-01,evidence[e-3].viewerDataByStage.3.chat.pages[0].label,1쪽 망설이는 연락,Page 1: Hesitant Contact,1ページ躊躇する連絡,第 1 页：犹豫联系,"Case metadata, character profile, dispute, evidence, solution, or evidence-viewer surface text. Party dialogue scripts are not included here."
case_surface_content_src_data_cases_generated_friend-01_evidence_e-3_.viewerDataByStage.3.chat.pages_0_.messages_1_.sender,case_surface_content,src/data/cases/generated,friend-01,evidence[e-3].viewerDataByStage.3.chat.pages[0].messages[1].sender,알 수 없는 상대,,不明な相手,未知的伙伴,"Case metadata, character profile, dispute, evidence, solution, or evidence-viewer surface text. Party dialogue scripts are not included here."
case_surface_content_src_data_cases_generated_friend-01_evidence_e-3_.viewerDataByStage.3.chat.pages_0_.messages_1_.text,case_surface_content,src/data/cases/generated,friend-01,evidence[e-3].viewerDataByStage.3.chat.pages[0].messages[1].text,"다은아, 갑자기 연락해서 미안해. 바로 말하기가 좀 어려워서 몇 번을 썼다 지웠어.","Da-eun, I’m sorry for contacting you suddenly. It was a bit difficult to say right away, so I wrote and deleted it a few times.",ダウンア、突然連絡して申し訳ありません。すぐに言うのは少し難しいので、何度も書いて消しました。,多恩，很抱歉突然联系你。一下子说起来有点困难，所以写了又删了几次。,"Case metadata, character profile, dispute, evidence, solution, or evidence-viewer surface text. Party dialogue scripts are not included here."
case_surface_content_src_data_cases_generated_friend-01_evidence_e-3_.viewerDataByStage.3.chat.pages_0_.messages_1_.time,case_surface_content,src/data/cases/generated,friend-01,evidence[e-3].viewerDataByStage.3.chat.pages[0].messages[1].time,오후 9:41,,午後9時41分,晚上 9:41,"Case metadata, character profile, dispute, evidence, solution, or evidence-viewer surface text. Party dialogue scripts are not included here."
case_surface_content_src_data_cases_generated_friend-01_evidence_e-3_.viewerDataByStage.3.chat.pages_0_.messages_2_.sender,case_surface_content,src/data/cases/generated,friend-01,evidence[e-3].viewerDataByStage.3.chat.pages[0].messages[2].sender,송다은,,,宋多恩,"Case metadata, character profile, dispute, evidence, solution, or evidence-viewer surface text. Party dialogue scripts are not included here."
case_surface_content_src_data_cases_generated_friend-01_evidence_e-3_.viewerDataByStage.3.chat.pages_0_.messages_2_.text,case_surface_content,src/data/cases/generated,friend-01,evidence[e-3].viewerDataByStage.3.chat.pages[0].messages[2].text,무슨 일인데 이렇게 뜸을 들여.,What's going on that's taking so long?,何が起こったのか、こうして灸をかけて。,到底是怎么回事，要花这么长时间？,"Case metadata, character profile, dispute, evidence, solution, or evidence-viewer surface text. Party dialogue scripts are not included here."
case_surface_content_src_data_cases_generated_friend-01_evidence_e-3_.viewerDataByStage.3.chat.pages_0_.messages_2_.time,case_surface_content,src/data/cases/generated,friend-01,evidence[e-3].viewerDataByStage.3.chat.pages[0].messages[2].time,오후 9:42,,午後9時42分,晚上 9:42,"Case metadata, character profile, dispute, evidence, solution, or evidence-viewer surface text. Party dialogue scripts are not included here."
case_surface_content_src_data_cases_generated_friend-01_evidence_e-3_.viewerDataByStage.3.chat.pages_0_.messages_3_.sender,case_surface_content,src/data/cases/generated,friend-01,evidence[e-3].viewerDataByStage.3.chat.pages[0].messages[3].sender,알 수 없는 상대,,不明な相手,未知的伙伴,"Case metadata, character profile, dispute, evidence, solution, or evidence-viewer surface text. Party dialogue scripts are not included here."
case_surface_content_src_data_cases_generated_friend-01_evidence_e-3_.viewerDataByStage.3.chat.pages_0_.messages_3_.text,case_surface_content,src/data/cases/generated,friend-01,evidence[e-3].viewerDataByStage.3.chat.pages[0].messages[3].text,네가 들으면 기분 나쁠 얘기일 수도 있어서 망설였어. 그래도 그냥 묻어두면 더 이상해질 것 같아.,"I hesitated because I thought it might be unpleasant for you to hear. Still, I think it will get even weirder if I just bury it.",あなたが聞くと気持ち悪い話かもしれないので躊躇した。それでもちょうど埋めておけばこれ以上になると思います。,我犹豫了，因为我觉得你听了可能会不舒服。不过，我认为如果我把它埋起来的话会变得更奇怪。,"Case metadata, character profile, dispute, evidence, solution, or evidence-viewer surface text. Party dialogue scripts are not included here."
case_surface_content_src_data_cases_generated_friend-01_evidence_e-3_.viewerDataByStage.3.chat.pages_0_.messages_3_.time,case_surface_content,src/data/cases/generated,friend-01,evidence[e-3].viewerDataByStage.3.chat.pages[0].messages[3].time,오후 9:43,,午後9時43分,晚上 9:43,"Case metadata, character profile, dispute, evidence, solution, or evidence-viewer surface text. Party dialogue scripts are not included here."
case_surface_content_src_data_cases_generated_friend-01_evidence_e-3_.viewerDataByStage.3.chat.pages_0_.messages_4_.sender,case_surface_content,src/data/cases/generated,friend-01,evidence[e-3].viewerDataByStage.3.chat.pages[0].messages[4].sender,송다은,,,宋多恩,"Case metadata, character profile, dispute, evidence, solution, or evidence-viewer surface text. Party dialogue scripts are not included here."
case_surface_content_src_data_cases_generated_friend-01_evidence_e-3_.viewerDataByStage.3.chat.pages_0_.messages_4_.text,case_surface_content,src/data/cases/generated,friend-01,evidence[e-3].viewerDataByStage.3.chat.pages[0].messages[4].text,또 애매하게 말하지 말고 정확히 말해.,"Also, don't be vague and say it clearly.",また、曖昧に言わないで正確に言う。,另外，不要含糊其辞，说清楚。,"Case metadata, character profile, dispute, evidence, solution, or evidence-viewer surface text. Party dialogue scripts are not included here."
case_surface_content_src_data_cases_generated_friend-01_evidence_e-3_.viewerDataByStage.3.chat.pages_0_.messages_4_.time,case_surface_content,src/data/cases/generated,friend-01,evidence[e-3].viewerDataByStage.3.chat.pages[0].messages[4].time,오후 9:44,,午後9時44分,晚上 9:44,"Case metadata, character profile, dispute, evidence, solution, or evidence-viewer surface text. Party dialogue scripts are not included here."
case_surface_content_src_data_cases_generated_friend-01_evidence_e-3_.viewerDataByStage.3.chat.pages_0_.messages_5_.sender,case_surface_content,src/data/cases/generated,friend-01,evidence[e-3].viewerDataByStage.3.chat.pages[0].messages[5].sender,알 수 없는 상대,,不明な相手,未知的伙伴,"Case metadata, character profile, dispute, evidence, solution, or evidence-viewer surface text. Party dialogue scripts are not included here."
case_surface_content_src_data_cases_generated_friend-01_evidence_e-3_.viewerDataByStage.3.chat.pages_0_.messages_5_.text,case_surface_content,src/data/cases/generated,friend-01,evidence[e-3].viewerDataByStage.3.chat.pages[0].messages[5].text,"나도 정리가 다 된 건 아닌데, 네 주변에서 생긴 일이라 너한테는 말해야 할 것 같아.","I haven't completely sorted it out either, but since it happened around you, I think I should tell you.",私も整理が終わったわけではありませんが、あなたの周りで起こったことなので、あなたには言わなければならないと思います。,我也没有完全弄清楚，但既然它发生在你身边，我想我应该告诉你。,"Case metadata, character profile, dispute, evidence, solution, or evidence-viewer surface text. Party dialogue scripts are not included here."
case_surface_content_src_data_cases_generated_friend-01_evidence_e-3_.viewerDataByStage.3.chat.pages_0_.messages_5_.time,case_surface_content,src/data/cases/generated,friend-01,evidence[e-3].viewerDataByStage.3.chat.pages[0].messages[5].time,오후 9:45,,午後9時45分,晚上 9:45,"Case metadata, character profile, dispute, evidence, solution, or evidence-viewer surface text. Party dialogue scripts are not included here."
case_surface_content_src_data_cases_generated_friend-01_evidence_e-3_.viewerDataByStage.3.chat.pages_0_.messages_6_.sender,case_surface_content,src/data/cases/generated,friend-01,evidence[e-3].viewerDataByStage.3.chat.pages[0].messages[6].sender,송다은,,,宋多恩,"Case metadata, character profile, dispute, evidence, solution, or evidence-viewer surface text. Party dialogue scripts are not included here."
case_surface_content_src_data_cases_generated_friend-01_evidence_e-3_.viewerDataByStage.3.chat.pages_0_.messages_6_.text,case_surface_content,src/data/cases/generated,friend-01,evidence[e-3].viewerDataByStage.3.chat.pages[0].messages[6].text,내 주변? 무슨 뜻인데.,Around me? What do you mean?,私の周り？どういう意味なのか。,我周围？你是什​​么意思？,"Case metadata, character profile, dispute, evidence, solution, or evidence-viewer surface text. Party dialogue scripts are not included here."
case_surface_content_src_data_cases_generated_friend-01_evidence_e-3_.viewerDataByStage.3.chat.pages_0_.messages_6_.time,case_surface_content,src/data/cases/generated,friend-01,evidence[e-3].viewerDataByStage.3.chat.pages[0].messages[6].time,오후 9:46,,午後9時46分,晚上 9:46,"Case metadata, character profile, dispute, evidence, solution, or evidence-viewer surface text. Party dialogue scripts are not included here."
case_surface_content_src_data_cases_generated_friend-01_evidence_e-3_.viewerDataByStage.3.chat.pages_1_.header,case_surface_content,src/data/cases/generated,friend-01,evidence[e-3].viewerDataByStage.3.chat.pages[1].header,알 수 없는 상대 카톡 — 2024.08.17,,不明な相手のカトク — 2024.08.17,不明人士 KakaoTalk — 2024.08.17,"Case metadata, character profile, dispute, evidence, solution, or evidence-viewer surface text. Party dialogue scripts are not included here."
case_surface_content_src_data_cases_generated_friend-01_evidence_e-3_.viewerDataByStage.3.chat.pages_1_.label,case_surface_content,src/data/cases/generated,friend-01,evidence[e-3].viewerDataByStage.3.chat.pages[1].label,2쪽 돈 문제 오해,Page 2 Misunderstandings about money issues,2ページお金問題の誤解,第2页 关于金钱问题的误解,"Case metadata, character profile, dispute, evidence, solution, or evidence-viewer surface text. Party dialogue scripts are not included here."
case_surface_content_src_data_cases_generated_friend-01_evidence_e-3_.viewerDataByStage.3.chat.pages_1_.messages_0_.sender,case_surface_content,src/data/cases/generated,friend-01,evidence[e-3].viewerDataByStage.3.chat.pages[1].messages[0].sender,알 수 없는 상대,,不明な相手,未知的伙伴,"Case metadata, character profile, dispute, evidence, solution, or evidence-viewer surface text. Party dialogue scripts are not included here."
case_surface_content_src_data_cases_generated_friend-01_evidence_e-3_.viewerDataByStage.3.chat.pages_1_.messages_0_.text,case_surface_content,src/data/cases/generated,friend-01,evidence[e-3].viewerDataByStage.3.chat.pages[1].messages[0].text,돈 문제 때문이야. 내가 혼자 정리하려고 했던 게 있어.,It's because of money issues. There's something I've been trying to sort out on my own.,お金の問題だからな私が一人で整理しようとしたことがあります。,就是因为钱的问题。有件事我一直在尝试自己解决。,"Case metadata, character profile, dispute, evidence, solution, or evidence-viewer surface text. Party dialogue scripts are not included here."
case_surface_content_src_data_cases_generated_friend-01_evidence_e-3_.viewerDataByStage.3.chat.pages_1_.messages_0_.time,case_surface_content,src/data/cases/generated,friend-01,evidence[e-3].viewerDataByStage.3.chat.pages[1].messages[0].time,오후 9:47,,午後9時47分,晚上 9:47,"Case metadata, character profile, dispute, evidence, solution, or evidence-viewer surface text. Party dialogue scripts are not included here."
case_surface_content_src_data_cases_generated_friend-01_evidence_e-3_.viewerDataByStage.3.chat.pages_1_.messages_1_.sender,case_surface_content,src/data/cases/generated,friend-01,evidence[e-3].viewerDataByStage.3.chat.pages[1].messages[1].sender,송다은,,,宋多恩,"Case metadata, character profile, dispute, evidence, solution, or evidence-viewer surface text. Party dialogue scripts are not included here."
case_surface_content_src_data_cases_generated_friend-01_evidence_e-3_.viewerDataByStage.3.chat.pages_1_.messages_1_.text,case_surface_content,src/data/cases/generated,friend-01,evidence[e-3].viewerDataByStage.3.chat.pages[1].messages[1].text,돈? 갑자기 왜 돈 얘기를 해? 나한테 뭘 뒤집어씌우려는 거야?,Money? Why are you talking about money all of a sudden? What are you trying to accuse me of?,お金？突然なぜお金を話すのですか？私に何をひっくり返すつもりですか？,钱？怎么突然谈起钱来了？你想指责我什么？,"Case metadata, character profile, dispute, evidence, solution, or evidence-viewer surface text. Party dialogue scripts are not included here."
case_surface_content_src_data_cases_generated_friend-01_evidence_e-3_.viewerDataByStage.3.chat.pages_1_.messages_1_.time,case_surface_content,src/data/cases/generated,friend-01,evidence[e-3].viewerDataByStage.3.chat.pages[1].messages[1].time,오후 9:48,,午後9時48分,晚上 9:48,"Case metadata, character profile, dispute, evidence, solution, or evidence-viewer surface text. Party dialogue scripts are not included here."
case_surface_content_src_data_cases_generated_friend-01_evidence_e-3_.viewerDataByStage.3.chat.pages_1_.messages_2_.sender,case_surface_content,src/data/cases/generated,friend-01,evidence[e-3].viewerDataByStage.3.chat.pages[1].messages[2].sender,알 수 없는 상대,,不明な相手,未知的伙伴,"Case metadata, character profile, dispute, evidence, solution, or evidence-viewer surface text. Party dialogue scripts are not included here."
case_surface_content_src_data_cases_generated_friend-01_evidence_e-3_.viewerDataByStage.3.chat.pages_1_.messages_2_.text,case_surface_content,src/data/cases/generated,friend-01,evidence[e-3].viewerDataByStage.3.chat.pages[1].messages[2].text,네 돈을 말하는 게 아니야. 네가 오해할까 봐 더 말을 못 꺼냈어.,I'm not talking about your money. I couldn't say more because I was afraid you might misunderstand.,お金を言うのではありません。お前が誤解するかと思ってもっと話を出せなかった。,我不是在谈论你的钱。我不能多说，因为我怕你会误会。,"Case metadata, character profile, dispute, evidence, solution, or evidence-viewer surface text. Party dialogue scripts are not included here."
case_surface_content_src_data_cases_generated_friend-01_evidence_e-3_.viewerDataByStage.3.chat.pages_1_.messages_2_.time,case_surface_content,src/data/cases/generated,friend-01,evidence[e-3].viewerDataByStage.3.chat.pages[1].messages[2].time,오후 9:49,,午後9時49分,晚上 9:49,"Case metadata, character profile, dispute, evidence, solution, or evidence-viewer surface text. Party dialogue scripts are not included here."
case_surface_content_src_data_cases_generated_friend-01_evidence_e-3_.viewerDataByStage.3.chat.pages_1_.messages_3_.sender,case_surface_content,src/data/cases/generated,friend-01,evidence[e-3].viewerDataByStage.3.chat.pages[1].messages[3].sender,송다은,,,宋多恩,"Case metadata, character profile, dispute, evidence, solution, or evidence-viewer surface text. Party dialogue scripts are not included here."
case_surface_content_src_data_cases_generated_friend-01_evidence_e-3_.viewerDataByStage.3.chat.pages_1_.messages_3_.text,case_surface_content,src/data/cases/generated,friend-01,evidence[e-3].viewerDataByStage.3.chat.pages[1].messages[3].text,그럼 왜 내 앞에서는 아무 일 없는 척했는데? 이제 와서 돈 문제라고 하면 내가 뭘 믿어.,"Then why did you pretend like nothing happened in front of me? Now, if you say it's a money issue, what can I believe?",それでは、なぜ私の前では何もないふりをしたのですか？今来てお金の問題と言えば私が何を信じて。,那你为什么在我面前装作什么都没发生的样子？现在，如果你说这是钱的问题，我还能相信什么？,"Case metadata, character profile, dispute, evidence, solution, or evidence-viewer surface text. Party dialogue scripts are not included here."
case_surface_content_src_data_cases_generated_friend-01_evidence_e-3_.viewerDataByStage.3.chat.pages_1_.messages_3_.time,case_surface_content,src/data/cases/generated,friend-01,evidence[e-3].viewerDataByStage.3.chat.pages[1].messages[3].time,오후 9:50,,午後9時50分,晚上 9:50,"Case metadata, character profile, dispute, evidence, solution, or evidence-viewer surface text. Party dialogue scripts are not included here."
case_surface_content_src_data_cases_generated_friend-01_evidence_e-3_.viewerDataByStage.3.chat.pages_1_.messages_4_.sender,case_surface_content,src/data/cases/generated,friend-01,evidence[e-3].viewerDataByStage.3.chat.pages[1].messages[4].sender,알 수 없는 상대,,不明な相手,未知的伙伴,"Case metadata, character profile, dispute, evidence, solution, or evidence-viewer surface text. Party dialogue scripts are not included here."
case_surface_content_src_data_cases_generated_friend-01_evidence_e-3_.viewerDataByStage.3.chat.pages_1_.messages_4_.text,case_surface_content,src/data/cases/generated,friend-01,evidence[e-3].viewerDataByStage.3.chat.pages[1].messages[4].text,말하면 네가 바로 다치게 될 사람 얘기가 나와서 그랬어. 그래서 내가 먼저 막아보려고 했어.,I did it because you were talking about someone who will get hurt right away if you tell them. So I tried to block it first.,言うと、あなたがすぐに怪我をする人の話が出てきたので。だから私は最初にブロックしようとしました。,我这样做是因为你正在谈论一个如果你告诉他们就会立即受到伤害的人。所以我先尝试阻止它。,"Case metadata, character profile, dispute, evidence, solution, or evidence-viewer surface text. Party dialogue scripts are not included here."
case_surface_content_src_data_cases_generated_friend-01_evidence_e-3_.viewerDataByStage.3.chat.pages_1_.messages_4_.time,case_surface_content,src/data/cases/generated,friend-01,evidence[e-3].viewerDataByStage.3.chat.pages[1].messages[4].time,오후 9:51,,午後9時51分,晚上 9:51,"Case metadata, character profile, dispute, evidence, solution, or evidence-viewer surface text. Party dialogue scripts are not included here."
case_surface_content_src_data_cases_generated_friend-01_evidence_e-3_.viewerDataByStage.3.chat.pages_1_.messages_5_.sender,case_surface_content,src/data/cases/generated,friend-01,evidence[e-3].viewerDataByStage.3.chat.pages[1].messages[5].sender,송다은,,,宋多恩,"Case metadata, character profile, dispute, evidence, solution, or evidence-viewer surface text. Party dialogue scripts are not included here."
case_surface_content_src_data_cases_generated_friend-01_evidence_e-3_.viewerDataByStage.3.chat.pages_1_.messages_5_.text,case_surface_content,src/data/cases/generated,friend-01,evidence[e-3].viewerDataByStage.3.chat.pages[1].messages[5].text,그런 식으로 책임 피하지 마. 돈 얘기 꺼내는 순간 네가 이상해 보여.,"Don't avoid responsibility like that. The moment you bring up money, you look strange.",そのように責任を避けないでください。お金の話を取り出した瞬間、あなたは奇妙に見えます。,不要这样逃避责任。当你提起钱的时候，你看起来很奇怪。,"Case metadata, character profile, dispute, evidence, solution, or evidence-viewer surface text. Party dialogue scripts are not included here."
case_surface_content_src_data_cases_generated_friend-01_evidence_e-3_.viewerDataByStage.3.chat.pages_1_.messages_5_.time,case_surface_content,src/data/cases/generated,friend-01,evidence[e-3].viewerDataByStage.3.chat.pages[1].messages[5].time,오후 9:52,,午後9時52分,晚上 9:52,"Case metadata, character profile, dispute, evidence, solution, or evidence-viewer surface text. Party dialogue scripts are not included here."
case_surface_content_src_data_cases_generated_friend-01_evidence_e-3_.viewerDataByStage.3.chat.pages_2_.header,case_surface_content,src/data/cases/generated,friend-01,evidence[e-3].viewerDataByStage.3.chat.pages[2].header,알 수 없는 상대 카톡 — 2024.08.17,,不明な相手のカトク — 2024.08.17,不明人士 KakaoTalk — 2024.08.17,"Case metadata, character profile, dispute, evidence, solution, or evidence-viewer surface text. Party dialogue scripts are not included here."
case_surface_content_src_data_cases_generated_friend-01_evidence_e-3_.viewerDataByStage.3.chat.pages_2_.label,case_surface_content,src/data/cases/generated,friend-01,evidence[e-3].viewerDataByStage.3.chat.pages[2].label,3쪽 아버지 언급과 차단,Page 3 mention of father and blocking,3ページ 父の言及と遮断,第3页提及父亲并屏蔽,"Case metadata, character profile, dispute, evidence, solution, or evidence-viewer surface text. Party dialogue scripts are not included here."
case_surface_content_src_data_cases_generated_friend-01_evidence_e-3_.viewerDataByStage.3.chat.pages_2_.messages_0_.sender,case_surface_content,src/data/cases/generated,friend-01,evidence[e-3].viewerDataByStage.3.chat.pages[2].messages[0].sender,알 수 없는 상대,,不明な相手,未知的伙伴,"Case metadata, character profile, dispute, evidence, solution, or evidence-viewer surface text. Party dialogue scripts are not included here."
case_surface_content_src_data_cases_generated_friend-01_evidence_e-3_.viewerDataByStage.3.chat.pages_2_.messages_0_.text,case_surface_content,src/data/cases/generated,friend-01,evidence[e-3].viewerDataByStage.3.chat.pages[2].messages[0].text,"다은아, 네 아버지와 관련된 일이야. 그래서 더 조심스러웠어.","Da-eun, it has to do with your father. So I was more careful.",ダウンア、あなたの父親に関連することです。だからもっと慎重だった。,多恩，这和你父亲有关。所以我更加小心了。,"Case metadata, character profile, dispute, evidence, solution, or evidence-viewer surface text. Party dialogue scripts are not included here."
case_surface_content_src_data_cases_generated_friend-01_evidence_e-3_.viewerDataByStage.3.chat.pages_2_.messages_0_.time,case_surface_content,src/data/cases/generated,friend-01,evidence[e-3].viewerDataByStage.3.chat.pages[2].messages[0].time,오후 9:53,,午後9時53分,晚上 9:53,"Case metadata, character profile, dispute, evidence, solution, or evidence-viewer surface text. Party dialogue scripts are not included here."
case_surface_content_src_data_cases_generated_friend-01_evidence_e-3_.viewerDataByStage.3.chat.pages_2_.messages_1_.sender,case_surface_content,src/data/cases/generated,friend-01,evidence[e-3].viewerDataByStage.3.chat.pages[2].messages[1].sender,송다은,,,宋多恩,"Case metadata, character profile, dispute, evidence, solution, or evidence-viewer surface text. Party dialogue scripts are not included here."
case_surface_content_src_data_cases_generated_friend-01_evidence_e-3_.viewerDataByStage.3.chat.pages_2_.messages_1_.text,case_surface_content,src/data/cases/generated,friend-01,evidence[e-3].viewerDataByStage.3.chat.pages[2].messages[1].text,우리 아빠를 왜 끌어들여? 그걸로 나 협박하려는 거야?,Why are you dragging my dad in? Are you trying to threaten me with that?,なぜ私のお父さんを引き付けるのですか？それで私は脅迫したいですか？,你为什么要把我爸爸拉进来？你是想用这个来威胁我吗？,"Case metadata, character profile, dispute, evidence, solution, or evidence-viewer surface text. Party dialogue scripts are not included here."
case_surface_content_src_data_cases_generated_friend-01_evidence_e-3_.viewerDataByStage.3.chat.pages_2_.messages_1_.time,case_surface_content,src/data/cases/generated,friend-01,evidence[e-3].viewerDataByStage.3.chat.pages[2].messages[1].time,오후 9:54,,午後9時54分,晚上 9:54,"Case metadata, character profile, dispute, evidence, solution, or evidence-viewer surface text. Party dialogue scripts are not included here."
case_surface_content_src_data_cases_generated_friend-01_evidence_e-3_.viewerDataByStage.3.chat.pages_2_.messages_2_.sender,case_surface_content,src/data/cases/generated,friend-01,evidence[e-3].viewerDataByStage.3.chat.pages[2].messages[2].sender,알 수 없는 상대,,不明な相手,未知的伙伴,"Case metadata, character profile, dispute, evidence, solution, or evidence-viewer surface text. Party dialogue scripts are not included here."
case_surface_content_src_data_cases_generated_friend-01_evidence_e-3_.viewerDataByStage.3.chat.pages_2_.messages_2_.text,case_surface_content,src/data/cases/generated,friend-01,evidence[e-3].viewerDataByStage.3.chat.pages[2].messages[2].text,"협박이 아니야. 아버지한테 빌려준 돈이 있었고, 네가 알면 상처받을까 봐 숨겼어.","It's not a threat. I lent money to my father, and I hid it because I was afraid you would be hurt if you found out.",脅迫じゃない父に貸してくれたお金があったし、君が知れば傷つくか見て隠した。,这不是威胁。我借钱给我父亲，但我把钱藏了起来，因为我怕你知道后会受到伤害。,"Case metadata, character profile, dispute, evidence, solution, or evidence-viewer surface text. Party dialogue scripts are not included here."
case_surface_content_src_data_cases_generated_friend-01_evidence_e-3_.viewerDataByStage.3.chat.pages_2_.messages_2_.time,case_surface_content,src/data/cases/generated,friend-01,evidence[e-3].viewerDataByStage.3.chat.pages[2].messages[2].time,오후 9:55,,午後9時55分,晚上 9:55,"Case metadata, character profile, dispute, evidence, solution, or evidence-viewer surface text. Party dialogue scripts are not included here."
case_surface_content_src_data_cases_generated_friend-01_evidence_e-3_.viewerDataByStage.3.chat.pages_2_.messages_3_.sender,case_surface_content,src/data/cases/generated,friend-01,evidence[e-3].viewerDataByStage.3.chat.pages[2].messages[3].sender,송다은,,,宋多恩,"Case metadata, character profile, dispute, evidence, solution, or evidence-viewer surface text. Party dialogue scripts are not included here."
case_surface_content_src_data_cases_generated_friend-01_evidence_e-3_.viewerDataByStage.3.chat.pages_2_.messages_3_.text,case_surface_content,src/data/cases/generated,friend-01,evidence[e-3].viewerDataByStage.3.chat.pages[2].messages[3].text,그만해. 우리 아빠 이름까지 꺼내서 네 돈 문제를 정당화하지 마.,Stop it. Don't justify your money problems by bringing up my dad's name.,やめて私のお父さんの名前まで取り出して、あなたのお金の問題を正当化しないでください。,停止。不要通过提起我父亲的名字来为你的金钱问题辩护。,"Case metadata, character profile, dispute, evidence, solution, or evidence-viewer surface text. Party dialogue scripts are not included here."
case_surface_content_src_data_cases_generated_friend-01_evidence_e-3_.viewerDataByStage.3.chat.pages_2_.messages_3_.time,case_surface_content,src/data/cases/generated,friend-01,evidence[e-3].viewerDataByStage.3.chat.pages[2].messages[3].time,오후 9:56,,午後9時56分,晚上 9:56,"Case metadata, character profile, dispute, evidence, solution, or evidence-viewer surface text. Party dialogue scripts are not included here."
case_surface_content_src_data_cases_generated_friend-01_evidence_e-3_.viewerDataByStage.3.chat.pages_2_.messages_4_.sender,case_surface_content,src/data/cases/generated,friend-01,evidence[e-3].viewerDataByStage.3.chat.pages[2].messages[4].sender,알 수 없는 상대,,不明な相手,未知的伙伴,"Case metadata, character profile, dispute, evidence, solution, or evidence-viewer surface text. Party dialogue scripts are not included here."
case_surface_content_src_data_cases_generated_friend-01_evidence_e-3_.viewerDataByStage.3.chat.pages_2_.messages_4_.text,case_surface_content,src/data/cases/generated,friend-01,evidence[e-3].viewerDataByStage.3.chat.pages[2].messages[4].text,미안해. 그래도 네가 오해한 채로 끝나는 건 싫었어.,"I'm sorry. Still, I didn't want it to end with you misunderstanding.",すみません。それでも、あなたが誤解したままで終わるのは嫌だった。,对不起。尽管如此，我还是不想让事情以你们的误会而告终。,"Case metadata, character profile, dispute, evidence, solution, or evidence-viewer surface text. Party dialogue scripts are not included here."
case_surface_content_src_data_cases_generated_friend-01_evidence_e-3_.viewerDataByStage.3.chat.pages_2_.messages_4_.time,case_surface_content,src/data/cases/generated,friend-01,evidence[e-3].viewerDataByStage.3.chat.pages[2].messages[4].time,오후 9:57,,午後9時57分,晚上 9:57,"Case metadata, character profile, dispute, evidence, solution, or evidence-viewer surface text. Party dialogue scripts are not included here."
case_surface_content_src_data_cases_generated_friend-01_evidence_e-3_.viewerDataByStage.3.chat.pages_2_.messages_5_.sender,case_surface_content,src/data/cases/generated,friend-01,evidence[e-3].viewerDataByStage.3.chat.pages[2].messages[5].sender,송다은,,,宋多恩,"Case metadata, character profile, dispute, evidence, solution, or evidence-viewer surface text. Party dialogue scripts are not included here."
case_surface_content_src_data_cases_generated_friend-01_evidence_e-3_.viewerDataByStage.3.chat.pages_2_.messages_5_.text,case_surface_content,src/data/cases/generated,friend-01,evidence[e-3].viewerDataByStage.3.chat.pages[2].messages[5].text,됐어. 더 연락하지 마. 차단할게.,That's it. Don't contact me any more. I'll block you.,された。もっと連絡しないでください。ブロックします。,没关系。别再联系我了。我会阻止你。,"Case metadata, character profile, dispute, evidence, solution, or evidence-viewer surface text. Party dialogue scripts are not included here."
case_surface_content_src_data_cases_generated_friend-01_evidence_e-3_.viewerDataByStage.3.chat.pages_2_.messages_5_.time,case_surface_content,src/data/cases/generated,friend-01,evidence[e-3].viewerDataByStage.3.chat.pages[2].messages[5].time,오후 9:58,,午後9時58分,晚上 9:58,"Case metadata, character profile, dispute, evidence, solution, or evidence-viewer surface text. Party dialogue scripts are not included here."
case_surface_content_src_data_cases_generated_friend-01_evidence_e-3_.viewerDataByStage.3.chat.pages_2_.messages_6_.text,case_surface_content,src/data/cases/generated,friend-01,evidence[e-3].viewerDataByStage.3.chat.pages[2].messages[6].text,송다은 — 차단함,Song Da-eun — Blocked,ソンダウン — ブロック,宋多恩——被封锁,"Case metadata, character profile, dispute, evidence, solution, or evidence-viewer surface text. Party dialogue scripts are not included here."
case_surface_content_src_data_cases_generated_friend-01_evidence_e-3_.viewerDataByStage.3.meta.legalLabel,case_surface_content,src/data/cases/generated,friend-01,evidence[e-3].viewerDataByStage.3.meta.legalLabel,적법,,適法,合法性,"Case metadata, character profile, dispute, evidence, solution, or evidence-viewer surface text. Party dialogue scripts are not included here."
case_surface_content_src_data_cases_generated_friend-01_evidence_e-3_.viewerDataByStage.3.meta.name,case_surface_content,src/data/cases/generated,friend-01,evidence[e-3].viewerDataByStage.3.meta.name,과거 카톡,Past KakaoTalk,過去のカトク,过去的KakaoTalk,"Case metadata, character profile, dispute, evidence, solution, or evidence-viewer surface text. Party dialogue scripts are not included here."
case_surface_content_src_data_cases_generated_friend-01_evidence_e-3_.viewerDataByStage.3.meta.sourceLabel,case_surface_content,src/data/cases/generated,friend-01,evidence[e-3].viewerDataByStage.3.meta.sourceLabel,양측,,両側,双方,"Case metadata, character profile, dispute, evidence, solution, or evidence-viewer surface text. Party dialogue scripts are not included here."
case_surface_content_src_data_cases_generated_friend-01_evidence_e-3_.viewerDataByStage.3.meta.stageLabel,case_surface_content,src/data/cases/generated,friend-01,evidence[e-3].viewerDataByStage.3.meta.stageLabel,3단계 — 아버지 언급과 차단,,ステップ3 - 父の言及とブロック,第 3 步 — 提及并屏蔽你的父亲,"Case metadata, character profile, dispute, evidence, solution, or evidence-viewer surface text. Party dialogue scripts are not included here."
case_surface_content_src_data_cases_generated_friend-01_evidence_e-3_.viewerDataByStage.3.meta.trustLabel,case_surface_content,src/data/cases/generated,friend-01,evidence[e-3].viewerDataByStage.3.meta.trustLabel,보통,,通常,通常,"Case metadata, character profile, dispute, evidence, solution, or evidence-viewer surface text. Party dialogue scripts are not included here."
case_surface_content_src_data_cases_generated_friend-01_evidence_e-4_.description,case_surface_content,src/data/cases/generated,friend-01,evidence[e-4].description,예비신랑과 최수민 사이에 사적인 표현이 오간 메시지 기록. 접근 방향과 대응 방식은 추가 확인이 필요하다.,A record of private messages exchanged between the groom-to-be and Choi Su-min. The approach and response method require further confirmation.,予備新郎とチェ・スミンの間にプライベートな表現が五刊メッセージ記録。アクセス方向と対応方法にはさらに確認が必要です。,准新郎与崔秀敏之间的私信记录。途径和应对方式还需要进一步确认。,"Case metadata, character profile, dispute, evidence, solution, or evidence-viewer surface text. Party dialogue scripts are not included here."
case_surface_content_src_data_cases_generated_friend-01_evidence_e-4_.investigationResults.check_metadata,case_surface_content,src/data/cases/generated,friend-01,evidence[e-4].investigationResults.check_metadata,두 번째 페이지에서 김태윤이 다은이에게 말하기 애매한 부탁과 비공개 대화를 암시해 미심쩍은 흐름이 보인다.,,2番目のページでキム・テユンがダ・ウンイに話す曖昧な頼みと非公開対話を暗示して不審な流れが見える。,在第二页上，金泰润向多恩提出了含糊的请求，并暗示要进行私人谈话，因此出现了可疑的趋势。,"Case metadata, character profile, dispute, evidence, solution, or evidence-viewer surface text. Party dialogue scripts are not included here."
case_surface_content_src_data_cases_generated_friend-01_evidence_e-4_.investigationResults.request_original,case_surface_content,src/data/cases/generated,friend-01,evidence[e-4].investigationResults.request_original,첫 페이지에서는 센터 상담과 운동 이야기처럼 보이는 일상 대화만 확인된다.,,最初のページでは、センター相談や運動話のように見える日常会話だけが確認される。,第一页只确认了看似与中心咨询和锻炼有关的日常对话。,"Case metadata, character profile, dispute, evidence, solution, or evidence-viewer surface text. Party dialogue scripts are not included here."
case_surface_content_src_data_cases_generated_friend-01_evidence_e-4_.investigationResults.restore_context,case_surface_content,src/data/cases/generated,friend-01,evidence[e-4].investigationResults.restore_context,세 번째 페이지의 늦은 밤 메시지에서 김태윤이 술을 마신 상태로 한 잔을 제안하고 최수민이 거절한 정황이 확인된다.,,3ページ目の晩夜のメッセージでキム・テユンがお酒を飲んだ状態で一杯を提案し、チェ・スミンが拒絶した状況が確認される。,第三页的深夜留言中，确认金泰润醉酒后主动提出喝酒，崔秀民拒绝了。,"Case metadata, character profile, dispute, evidence, solution, or evidence-viewer surface text. Party dialogue scripts are not included here."
case_surface_content_src_data_cases_generated_friend-01_evidence_e-4_.investigationStages_0_.label,case_surface_content,src/data/cases/generated,friend-01,evidence[e-4].investigationStages[0].label,초기대화,Initial conversation,初期会話,初次对话,"Case metadata, character profile, dispute, evidence, solution, or evidence-viewer surface text. Party dialogue scripts are not included here."
case_surface_content_src_data_cases_generated_friend-01_evidence_e-4_.investigationStages_0_.question.text,case_surface_content,src/data/cases/generated,friend-01,evidence[e-4].investigationStages[0].question.text,첫 대화가 어떤 내용이었는지 확인해 주십시오.,Check out what our first conversation was about.,最初の会話がどのような内容であったかを確認してください。,看看我们的第一次谈话是关于什么的。,"Case metadata, character profile, dispute, evidence, solution, or evidence-viewer surface text. Party dialogue scripts are not included here."
case_surface_content_src_data_cases_generated_friend-01_evidence_e-4_.investigationStages_1_.label,case_surface_content,src/data/cases/generated,friend-01,evidence[e-4].investigationStages[1].label,부탁정황,Request status,お願い状況,请求状态,"Case metadata, character profile, dispute, evidence, solution, or evidence-viewer surface text. Party dialogue scripts are not included here."
case_surface_content_src_data_cases_generated_friend-01_evidence_e-4_.investigationStages_1_.question.text,case_surface_content,src/data/cases/generated,friend-01,evidence[e-4].investigationStages[1].question.text,비공개로 부탁하려 한 흐름이 있었는지 확인해 주십시오.,Please check if there was a flow you were trying to request privately.,プライベートでお願いしようとした流れがあったか確認してください。,请检查是否有您试图私下请求的流程。,"Case metadata, character profile, dispute, evidence, solution, or evidence-viewer surface text. Party dialogue scripts are not included here."
case_surface_content_src_data_cases_generated_friend-01_evidence_e-4_.investigationStages_1_.unlockHint,case_surface_content,src/data/cases/generated,friend-01,evidence[e-4].investigationStages[1].unlockHint,대화를 더 보면 김태윤이 다은이에게 말하기 애매하다는 식으로 말을 돌린 흔적이 보입니다.,,会話をもっと見ると、キム・テユンがダ・ウンイに話す曖昧であるという言葉で回った痕跡が見えます。,如果再仔细观察这段对话，就会发现金泰润以一种难以与多恩交谈的方式对她说话。,"Case metadata, character profile, dispute, evidence, solution, or evidence-viewer surface text. Party dialogue scripts are not included here."
case_surface_content_src_data_cases_generated_friend-01_evidence_e-4_.investigationStages_2_.label,case_surface_content,src/data/cases/generated,friend-01,evidence[e-4].investigationStages[2].label,선 넘김확인,Check line crossing,線めくり確認,检查穿越线,"Case metadata, character profile, dispute, evidence, solution, or evidence-viewer surface text. Party dialogue scripts are not included here."
case_surface_content_src_data_cases_generated_friend-01_evidence_e-4_.investigationStages_2_.question.text,case_surface_content,src/data/cases/generated,friend-01,evidence[e-4].investigationStages[2].question.text,늦은 밤 메시지에서 선을 넘은 사람이 누구인지 따져 주십시오.,Ask yourself who has crossed the line in late-night messages.,夜遅くのメッセージで、線を越えた人が誰なのかを問いかけてください。,问问自己谁在深夜发的信息中越界了。,"Case metadata, character profile, dispute, evidence, solution, or evidence-viewer surface text. Party dialogue scripts are not included here."
case_surface_content_src_data_cases_generated_friend-01_evidence_e-4_.investigationStages_2_.unlockHint,case_surface_content,src/data/cases/generated,friend-01,evidence[e-4].investigationStages[2].unlockHint,마지막 페이지를 보면 술자리 뒤 이어진 문구와 최수민의 거절 답장이 함께 확인됩니다.,,最後のページを見ると、飲み会の後に続くフレーズとチェ・スミンの拒否の返信が一緒に確認されます。,如果你看最后一页，你可以看到酒会后面的文字和崔秀敏的拒绝回复。,"Case metadata, character profile, dispute, evidence, solution, or evidence-viewer surface text. Party dialogue scripts are not included here."
case_surface_content_src_data_cases_generated_friend-01_evidence_e-4_.meta.legalLabel,case_surface_content,src/data/cases/generated,friend-01,evidence[e-4].meta.legalLabel,적법,,適法,合法性,"Case metadata, character profile, dispute, evidence, solution, or evidence-viewer surface text. Party dialogue scripts are not included here."
case_surface_content_src_data_cases_generated_friend-01_evidence_e-4_.meta.name,case_surface_content,src/data/cases/generated,friend-01,evidence[e-4].meta.name,예비신랑 메시지,groom-to-be message,予備新郎メッセージ,准新郎留言,"Case metadata, character profile, dispute, evidence, solution, or evidence-viewer surface text. Party dialogue scripts are not included here."
case_surface_content_src_data_cases_generated_friend-01_evidence_e-4_.meta.sourceLabel,case_surface_content,src/data/cases/generated,friend-01,evidence[e-4].meta.sourceLabel,최수민 측,,チェ・スミン側,崔秀敏身边,"Case metadata, character profile, dispute, evidence, solution, or evidence-viewer surface text. Party dialogue scripts are not included here."
case_surface_content_src_data_cases_generated_friend-01_evidence_e-4_.meta.stageLabel,case_surface_content,src/data/cases/generated,friend-01,evidence[e-4].meta.stageLabel,초기 공개,,初期開示,初始版本,"Case metadata, character profile, dispute, evidence, solution, or evidence-viewer surface text. Party dialogue scripts are not included here."
case_surface_content_src_data_cases_generated_friend-01_evidence_e-4_.meta.trustLabel,case_surface_content,src/data/cases/generated,friend-01,evidence[e-4].meta.trustLabel,보통,,通常,通常,"Case metadata, character profile, dispute, evidence, solution, or evidence-viewer surface text. Party dialogue scripts are not included here."
case_surface_content_src_data_cases_generated_friend-01_evidence_e-4_.name,case_surface_content,src/data/cases/generated,friend-01,evidence[e-4].name,예비신랑의 선 넘는 메시지와 최수민의 거절 답장,The groom-to-be's message crosses the line and Choi Su-min's rejection reply,予備新郎の善を超えたメッセージとチェ・スミンの拒絶返信,准新郎的留言越界，崔秀敏的拒绝回复,"Case metadata, character profile, dispute, evidence, solution, or evidence-viewer surface text. Party dialogue scripts are not included here."
case_surface_content_src_data_cases_generated_friend-01_evidence_e-4_.partyContext.a.implication,case_surface_content,src/data/cases/generated,friend-01,evidence[e-4].partyContext.a.implication,예비신랑의 행동을 송다은이 몰랐음을 확인한다.,,予備新郎の行動をソンダウンが知らなかったことを確認する。,据证实，宋多恩并不知道准新郎的行为。,"Case metadata, character profile, dispute, evidence, solution, or evidence-viewer surface text. Party dialogue scripts are not included here."
case_surface_content_src_data_cases_generated_friend-01_evidence_e-4_.partyContext.a.questionAngle,case_surface_content,src/data/cases/generated,friend-01,evidence[e-4].partyContext.a.questionAngle,이 메시지를 본 적이 있습니까?,,このメッセージを見たことがありますか？,你看到这条消息了吗？,"Case metadata, character profile, dispute, evidence, solution, or evidence-viewer surface text. Party dialogue scripts are not included here."
case_surface_content_src_data_cases_generated_friend-01_evidence_e-4_.partyContext.b.implication,case_surface_content,src/data/cases/generated,friend-01,evidence[e-4].partyContext.b.implication,침묵의 이유를 추궁한다.,,沈黙の理由を追及する。,询问沉默的原因。,"Case metadata, character profile, dispute, evidence, solution, or evidence-viewer surface text. Party dialogue scripts are not included here."
case_surface_content_src_data_cases_generated_friend-01_evidence_e-4_.partyContext.b.questionAngle,case_surface_content,src/data/cases/generated,friend-01,evidence[e-4].partyContext.b.questionAngle,이 메시지를 왜 송다은에게 바로 보여주지 않았습니까?,,なぜこのメッセージをソン・ダウンに見せなかったのですか？,为什么不马上把这条信息给宋多恩看呢？,"Case metadata, character profile, dispute, evidence, solution, or evidence-viewer surface text. Party dialogue scripts are not included here."
case_surface_content_src_data_cases_generated_friend-01_evidence_e-4_.surfaceDescription,case_surface_content,src/data/cases/generated,friend-01,evidence[e-4].surfaceDescription,예비신랑과 최수민 씨 사이의 메시지 기록이 존재한다.,There is a message record between the groom-to-be and Choi Soo-min.,予備新郎とチェ・スミン氏の間のメッセージ記録が存在する。,准新郎和崔秀敏之间有一条留言记录。,"Case metadata, character profile, dispute, evidence, solution, or evidence-viewer surface text. Party dialogue scripts are not included here."
case_surface_content_src_data_cases_generated_friend-01_evidence_e-4_.surfaceName,case_surface_content,src/data/cases/generated,friend-01,evidence[e-4].surfaceName,예비신랑 메시지,groom-to-be message,予備新郎メッセージ,准新郎留言,"Case metadata, character profile, dispute, evidence, solution, or evidence-viewer surface text. Party dialogue scripts are not included here."
case_surface_content_src_data_cases_generated_friend-01_evidence_e-4_.v3DepthPlan_context_.summary,case_surface_content,src/data/cases/generated,friend-01,evidence[e-4].v3DepthPlan[context].summary,늦은 밤 술자리 뒤 선 넘은 메시지까지 확인,Check messages that crossed the line after drinking late at night,夜遅く酒の後に行き過ぎたメッセージまで確認,检查深夜喝酒后越界的消息,"Case metadata, character profile, dispute, evidence, solution, or evidence-viewer surface text. Party dialogue scripts are not included here."
case_surface_content_src_data_cases_generated_friend-01_evidence_e-4_.v3DepthPlan_established_.summary,case_surface_content,src/data/cases/generated,friend-01,evidence[e-4].v3DepthPlan[established].summary,예비신랑의 선 넘은 접근 정황을 확인한다.,Check the circumstances of the groom-to-be's approach that crossed the line.,予備新郎の善越した接近状況を確認する。,检查准新郎越界接近的情况。,"Case metadata, character profile, dispute, evidence, solution, or evidence-viewer surface text. Party dialogue scripts are not included here."
case_surface_content_src_data_cases_generated_friend-01_evidence_e-4_.v3DepthPlan_excerpt_.summary,case_surface_content,src/data/cases/generated,friend-01,evidence[e-4].v3DepthPlan[excerpt].summary,운동 상담으로 보이는 일상 대화만 보임,Only everyday conversations that appear to be exercise consultations are visible.,運動相談に見える日常会話だけが見える,只有看似锻炼咨询的日常对话是可见的。,"Case metadata, character profile, dispute, evidence, solution, or evidence-viewer surface text. Party dialogue scripts are not included here."
case_surface_content_src_data_cases_generated_friend-01_evidence_e-4_.v3DepthPlan_original_.summary,case_surface_content,src/data/cases/generated,friend-01,evidence[e-4].v3DepthPlan[original].summary,비공개 부탁을 암시한 흐름까지 확인,Check the flow that even hinted at a private request,非公開のお願いを暗示した流れまで確認,检查甚至暗示私人请求的流程,"Case metadata, character profile, dispute, evidence, solution, or evidence-viewer surface text. Party dialogue scripts are not included here."
case_surface_content_src_data_cases_generated_friend-01_evidence_e-4_.v3DepthPlan_stub_.summary,case_surface_content,src/data/cases/generated,friend-01,evidence[e-4].v3DepthPlan[stub].summary,메시지 존재만 보임,Only the existence of the message is visible,メッセージの存在のみを表示,仅消息存在可见,"Case metadata, character profile, dispute, evidence, solution, or evidence-viewer surface text. Party dialogue scripts are not included here."
case_surface_content_src_data_cases_generated_friend-01_evidence_e-4_.v3TrustStates_authenticated_.label,case_surface_content,src/data/cases/generated,friend-01,evidence[e-4].v3TrustStates[authenticated].label,인증됨,,認証済み,已验证,"Case metadata, character profile, dispute, evidence, solution, or evidence-viewer surface text. Party dialogue scripts are not included here."
case_surface_content_src_data_cases_generated_friend-01_evidence_e-4_.v3TrustStates_authenticated_.summary,case_surface_content,src/data/cases/generated,friend-01,evidence[e-4].v3TrustStates[authenticated].summary,발신자·시각 확인됨,Sender and time confirmed,発信者・時刻確認済み,发件人和时间已确认,"Case metadata, character profile, dispute, evidence, solution, or evidence-viewer surface text. Party dialogue scripts are not included here."
case_surface_content_src_data_cases_generated_friend-01_evidence_e-4_.v3TrustStates_challenged_.label,case_surface_content,src/data/cases/generated,friend-01,evidence[e-4].v3TrustStates[challenged].label,이의 제기됨,Objection raised,異議申し立て,提出异议,"Case metadata, character profile, dispute, evidence, solution, or evidence-viewer surface text. Party dialogue scripts are not included here."
case_surface_content_src_data_cases_generated_friend-01_evidence_e-4_.v3TrustStates_challenged_.summary,case_surface_content,src/data/cases/generated,friend-01,evidence[e-4].v3TrustStates[challenged].summary,송다은이 '조작일 수 있다'고 이의,"Song Da-eun objected, saying it could be a fabrication.",ソン・ダウンは「操作かもしれません」,宋多恩表示反对，称这可能是捏造的。,"Case metadata, character profile, dispute, evidence, solution, or evidence-viewer surface text. Party dialogue scripts are not included here."
case_surface_content_src_data_cases_generated_friend-01_evidence_e-4_.v3TrustStates_misread_.label,case_surface_content,src/data/cases/generated,friend-01,evidence[e-4].v3TrustStates[misread].label,조작/오독 판정,Manipulation/misreading judgment,操作/誤読判定,操纵/误读判断,"Case metadata, character profile, dispute, evidence, solution, or evidence-viewer surface text. Party dialogue scripts are not included here."
case_surface_content_src_data_cases_generated_friend-01_evidence_e-4_.v3TrustStates_misread_.summary,case_surface_content,src/data/cases/generated,friend-01,evidence[e-4].v3TrustStates[misread].summary,"원본은 인증됐고, 접근 방향은 심문에서 정리한다.","The original has been authenticated, and the direction of access is determined during interrogation.",原本は認証され、接近方向は尋問で整理する。,原件已被验证，访问方向在询问期间确定。,"Case metadata, character profile, dispute, evidence, solution, or evidence-viewer surface text. Party dialogue scripts are not included here."
case_surface_content_src_data_cases_generated_friend-01_evidence_e-4_.v3TrustStates_submitted_.label,case_surface_content,src/data/cases/generated,friend-01,evidence[e-4].v3TrustStates[submitted].label,제출됨,,送信済み,已提交,"Case metadata, character profile, dispute, evidence, solution, or evidence-viewer surface text. Party dialogue scripts are not included here."
case_surface_content_src_data_cases_generated_friend-01_evidence_e-4_.v3TrustStates_submitted_.summary,case_surface_content,src/data/cases/generated,friend-01,evidence[e-4].v3TrustStates[submitted].summary,최수민이 캡처 제출,Sumin Choi submitted a capture,チェ・スミンがキャプチャを提出,Sumin Choi 提交了捕获,"Case metadata, character profile, dispute, evidence, solution, or evidence-viewer surface text. Party dialogue scripts are not included here."
case_surface_content_src_data_cases_generated_friend-01_evidence_e-4_.v3TrustStates_verifying_.label,case_surface_content,src/data/cases/generated,friend-01,evidence[e-4].v3TrustStates[verifying].label,검증 중,,検証中,正在验证,"Case metadata, character profile, dispute, evidence, solution, or evidence-viewer surface text. Party dialogue scripts are not included here."
case_surface_content_src_data_cases_generated_friend-01_evidence_e-4_.v3TrustStates_verifying_.summary,case_surface_content,src/data/cases/generated,friend-01,evidence[e-4].v3TrustStates[verifying].summary,메시지 원본 대조 중,Verifying message source,メッセージソースの照合中,验证消息来源,"Case metadata, character profile, dispute, evidence, solution, or evidence-viewer surface text. Party dialogue scripts are not included here."
case_surface_content_src_data_cases_generated_friend-01_evidence_e-4_.viewerData.chat.header,case_surface_content,src/data/cases/generated,friend-01,evidence[e-4].viewerData.chat.header,김태윤 카톡 — 2026.02.24 (3쪽 늦은 밤 메시지),,キム・テユン カトク — 2026.02.24 (3ページ 遅い夜のメッセージ),金泰妍 KakaoTalk — 2026.02.24（第3页深夜留言）,"Case metadata, character profile, dispute, evidence, solution, or evidence-viewer surface text. Party dialogue scripts are not included here."
case_surface_content_src_data_cases_generated_friend-01_evidence_e-4_.viewerData.chat.messages_0_.text,case_surface_content,src/data/cases/generated,friend-01,evidence[e-4].viewerData.chat.messages[0].text,2026.02.24 오전 12:47 · 늦은 밤 음주 후로 보이는 메시지,2026.02.24 12:47 AM · Message that appears to be after drinking late at night,2026.02.24 午前12時47分 · 晩夜飲酒後に見えるメッセージ,2026.02.24 12:47 AM · 疑似深夜喝酒后的消息,"Case metadata, character profile, dispute, evidence, solution, or evidence-viewer surface text. Party dialogue scripts are not included here."
case_surface_content_src_data_cases_generated_friend-01_evidence_e-4_.viewerData.chat.messages_1_.sender,case_surface_content,src/data/cases/generated,friend-01,evidence[e-4].viewerData.chat.messages[1].sender,김태윤,,キム・テユン,金泰润,"Case metadata, character profile, dispute, evidence, solution, or evidence-viewer surface text. Party dialogue scripts are not included here."
case_surface_content_src_data_cases_generated_friend-01_evidence_e-4_.viewerData.chat.messages_1_.text,case_surface_content,src/data/cases/generated,friend-01,evidence[e-4].viewerData.chat.messages[1].text,수민 씨 자요? 나 오늘 좀 마셨어요.,"Sumin, are you sleeping? I drank some today.",スミンさん寝てますか？私は今日少し飲みました。,苏敏，你睡了吗？我今天喝了一些。,"Case metadata, character profile, dispute, evidence, solution, or evidence-viewer surface text. Party dialogue scripts are not included here."
case_surface_content_src_data_cases_generated_friend-01_evidence_e-4_.viewerData.chat.messages_1_.time,case_surface_content,src/data/cases/generated,friend-01,evidence[e-4].viewerData.chat.messages[1].time,오전 12:47,,午前12時47分,上午 12:47,"Case metadata, character profile, dispute, evidence, solution, or evidence-viewer surface text. Party dialogue scripts are not included here."
case_surface_content_src_data_cases_generated_friend-01_evidence_e-4_.viewerData.chat.messages_2_.sender,case_surface_content,src/data/cases/generated,friend-01,evidence[e-4].viewerData.chat.messages[2].sender,김태윤,,キム・テユン,金泰润,"Case metadata, character profile, dispute, evidence, solution, or evidence-viewer surface text. Party dialogue scripts are not included here."
case_surface_content_src_data_cases_generated_friend-01_evidence_e-4_.viewerData.chat.messages_2_.text,case_surface_content,src/data/cases/generated,friend-01,evidence[e-4].viewerData.chat.messages[2].text,이상하게 술 마시면 수민 씨 생각이 나네.,"Strangely, when I drink alcohol, I think of Sumin.",不思議に酒を飲むとスミンさんの思いが出るね。,奇怪的是，我一喝酒就会想起Sumin。,"Case metadata, character profile, dispute, evidence, solution, or evidence-viewer surface text. Party dialogue scripts are not included here."
case_surface_content_src_data_cases_generated_friend-01_evidence_e-4_.viewerData.chat.messages_2_.time,case_surface_content,src/data/cases/generated,friend-01,evidence[e-4].viewerData.chat.messages[2].time,오전 12:49,,午前12時49分,上午 12:49,"Case metadata, character profile, dispute, evidence, solution, or evidence-viewer surface text. Party dialogue scripts are not included here."
case_surface_content_src_data_cases_generated_friend-01_evidence_e-4_.viewerData.chat.messages_3_.sender,case_surface_content,src/data/cases/generated,friend-01,evidence[e-4].viewerData.chat.messages[3].sender,최수민,,チェ・スミン,崔苏民,"Case metadata, character profile, dispute, evidence, solution, or evidence-viewer surface text. Party dialogue scripts are not included here."
case_surface_content_src_data_cases_generated_friend-01_evidence_e-4_.viewerData.chat.messages_3_.text,case_surface_content,src/data/cases/generated,friend-01,evidence[e-4].viewerData.chat.messages[3].text,"태윤 씨, 지금 시간도 그렇고 이런 연락은 불편합니다.","Taeyun, given the current time, this type of contact is inconvenient.",テユンさん、今の時間もそういう連絡は不便です。,泰妍，在现在的时间里，这种联系方式很不方便。,"Case metadata, character profile, dispute, evidence, solution, or evidence-viewer surface text. Party dialogue scripts are not included here."
case_surface_content_src_data_cases_generated_friend-01_evidence_e-4_.viewerData.chat.messages_3_.time,case_surface_content,src/data/cases/generated,friend-01,evidence[e-4].viewerData.chat.messages[3].time,오전 12:51,,午前12時51分,上午 12:51,"Case metadata, character profile, dispute, evidence, solution, or evidence-viewer surface text. Party dialogue scripts are not included here."
case_surface_content_src_data_cases_generated_friend-01_evidence_e-4_.viewerData.chat.messages_4_.sender,case_surface_content,src/data/cases/generated,friend-01,evidence[e-4].viewerData.chat.messages[4].sender,김태윤,,キム・テユン,金泰润,"Case metadata, character profile, dispute, evidence, solution, or evidence-viewer surface text. Party dialogue scripts are not included here."
case_surface_content_src_data_cases_generated_friend-01_evidence_e-4_.viewerData.chat.messages_4_.text,case_surface_content,src/data/cases/generated,friend-01,evidence[e-4].viewerData.chat.messages[4].text,딱 한 잔만 더 할래요? 다은이한테는 그냥 회사 사람들 만났다고 하면 되고.,Would you like just one more drink? Just tell Da-eun that you met people from the company.,ちょっと一杯だけもっとやりますか？ダウンイにはただ会社の人々に会ったと言えばいい。,您还想再喝一杯吗？只要告诉多恩你遇到了公司的人就可以了。,"Case metadata, character profile, dispute, evidence, solution, or evidence-viewer surface text. Party dialogue scripts are not included here."
case_surface_content_src_data_cases_generated_friend-01_evidence_e-4_.viewerData.chat.messages_4_.time,case_surface_content,src/data/cases/generated,friend-01,evidence[e-4].viewerData.chat.messages[4].time,오전 12:53,,午前12時53分,上午 12:53,"Case metadata, character profile, dispute, evidence, solution, or evidence-viewer surface text. Party dialogue scripts are not included here."
case_surface_content_src_data_cases_generated_friend-01_evidence_e-4_.viewerData.chat.messages_5_.sender,case_surface_content,src/data/cases/generated,friend-01,evidence[e-4].viewerData.chat.messages[5].sender,최수민,,チェ・スミン,崔苏民,"Case metadata, character profile, dispute, evidence, solution, or evidence-viewer surface text. Party dialogue scripts are not included here."
case_surface_content_src_data_cases_generated_friend-01_evidence_e-4_.viewerData.chat.messages_5_.text,case_surface_content,src/data/cases/generated,friend-01,evidence[e-4].viewerData.chat.messages[5].text,다은이 예비신랑이잖아요. 저는 이런 식으로 만나지 않습니다.,Da-eun is the groom-to-be. I don't meet people like this.,Daeunは予備の新郎です。私はこのように会いません。,多恩是准新郎。我不会遇到这样的人。,"Case metadata, character profile, dispute, evidence, solution, or evidence-viewer surface text. Party dialogue scripts are not included here."
case_surface_content_src_data_cases_generated_friend-01_evidence_e-4_.viewerData.chat.messages_5_.time,case_surface_content,src/data/cases/generated,friend-01,evidence[e-4].viewerData.chat.messages[5].time,오전 12:54,,午前12時54分,上午 12:54,"Case metadata, character profile, dispute, evidence, solution, or evidence-viewer surface text. Party dialogue scripts are not included here."
case_surface_content_src_data_cases_generated_friend-01_evidence_e-4_.viewerData.chat.messages_6_.sender,case_surface_content,src/data/cases/generated,friend-01,evidence[e-4].viewerData.chat.messages[6].sender,김태윤,,キム・テユン,金泰润,"Case metadata, character profile, dispute, evidence, solution, or evidence-viewer surface text. Party dialogue scripts are not included here."
case_surface_content_src_data_cases_generated_friend-01_evidence_e-4_.viewerData.chat.messages_6_.text,case_surface_content,src/data/cases/generated,friend-01,evidence[e-4].viewerData.chat.messages[6].text,너무 선 긋지 말고. 원래 너 같은 스타일 좋아했거든.,Don't draw too many lines. I used to like your style.,あまり線を引かないでください。もともとあなたのようなスタイルが好きでした。,不要画太多线。我以前很喜欢你的风格。,"Case metadata, character profile, dispute, evidence, solution, or evidence-viewer surface text. Party dialogue scripts are not included here."
case_surface_content_src_data_cases_generated_friend-01_evidence_e-4_.viewerData.chat.messages_6_.time,case_surface_content,src/data/cases/generated,friend-01,evidence[e-4].viewerData.chat.messages[6].time,오전 12:56,,午前12時56分,上午 12:56,"Case metadata, character profile, dispute, evidence, solution, or evidence-viewer surface text. Party dialogue scripts are not included here."
case_surface_content_src_data_cases_generated_friend-01_evidence_e-4_.viewerData.chat.messages_7_.sender,case_surface_content,src/data/cases/generated,friend-01,evidence[e-4].viewerData.chat.messages[7].sender,최수민,,チェ・スミン,崔苏民,"Case metadata, character profile, dispute, evidence, solution, or evidence-viewer surface text. Party dialogue scripts are not included here."
case_surface_content_src_data_cases_generated_friend-01_evidence_e-4_.viewerData.chat.messages_7_.text,case_surface_content,src/data/cases/generated,friend-01,evidence[e-4].viewerData.chat.messages[7].text,그만하세요. 이 대화는 남겨두겠습니다.,Stop it. I'll leave this conversation aside.,やめてください。この会話は残します。,停止吧。我将把这次谈话放在一边。,"Case metadata, character profile, dispute, evidence, solution, or evidence-viewer surface text. Party dialogue scripts are not included here."
case_surface_content_src_data_cases_generated_friend-01_evidence_e-4_.viewerData.chat.messages_7_.time,case_surface_content,src/data/cases/generated,friend-01,evidence[e-4].viewerData.chat.messages[7].time,오전 12:58,,午前12時58分,中午 12:58,"Case metadata, character profile, dispute, evidence, solution, or evidence-viewer surface text. Party dialogue scripts are not included here."
case_surface_content_src_data_cases_generated_friend-01_evidence_e-4_.viewerData.chat.messages_8_.text,case_surface_content,src/data/cases/generated,friend-01,evidence[e-4].viewerData.chat.messages[8].text,김태윤 — 읽음 (답장 없음),Taeyun Kim — Read (no reply),キム・テユン - 読む（返信なし）,Taeyun Kim — 已读（无回复）,"Case metadata, character profile, dispute, evidence, solution, or evidence-viewer surface text. Party dialogue scripts are not included here."
case_surface_content_src_data_cases_generated_friend-01_evidence_e-4_.viewerData.chat.pages_0_.header,case_surface_content,src/data/cases/generated,friend-01,evidence[e-4].viewerData.chat.pages[0].header,김태윤 카톡 — 2026.02.18 (1쪽 일상 대화),,キム・テユン カトク — 2026.02.18 (1 日常会話),金泰妍 KakaoTalk — 2026.02.18（第 1 页，日常对话）,"Case metadata, character profile, dispute, evidence, solution, or evidence-viewer surface text. Party dialogue scripts are not included here."
case_surface_content_src_data_cases_generated_friend-01_evidence_e-4_.viewerData.chat.pages_0_.label,case_surface_content,src/data/cases/generated,friend-01,evidence[e-4].viewerData.chat.pages[0].label,1쪽 일상 대화,Page 1 Daily conversation,1ページ 日常会話,第1页 日常对话,"Case metadata, character profile, dispute, evidence, solution, or evidence-viewer surface text. Party dialogue scripts are not included here."
case_surface_content_src_data_cases_generated_friend-01_evidence_e-4_.viewerData.chat.pages_0_.messages_0_.text,case_surface_content,src/data/cases/generated,friend-01,evidence[e-4].viewerData.chat.pages[0].messages[0].text,2026.02.18 오후 7:12 · 대화 초반,2026.02.18 7:12 PM · Beginning of conversation,2026.02.18 午後7時12分 · 会話序盤,2026.02.18 7:12 PM · 对话开始,"Case metadata, character profile, dispute, evidence, solution, or evidence-viewer surface text. Party dialogue scripts are not included here."
case_surface_content_src_data_cases_generated_friend-01_evidence_e-4_.viewerData.chat.pages_0_.messages_1_.sender,case_surface_content,src/data/cases/generated,friend-01,evidence[e-4].viewerData.chat.pages[0].messages[1].sender,김태윤,,キム・テユン,金泰润,"Case metadata, character profile, dispute, evidence, solution, or evidence-viewer surface text. Party dialogue scripts are not included here."
case_surface_content_src_data_cases_generated_friend-01_evidence_e-4_.viewerData.chat.pages_0_.messages_1_.text,case_surface_content,src/data/cases/generated,friend-01,evidence[e-4].viewerData.chat.pages[0].messages[1].text,"수민 씨, 다은이가 요즘 필라테스 예약이 어렵다던데 맞아요?","Sumin, Da-eun said it’s difficult to make Pilates reservations these days. Is that true?",スミンさん、ダウンは最近ピラティス予約が難しいと思いますか？,苏民、多恩说，现在普拉提很难预约。这是真的吗？,"Case metadata, character profile, dispute, evidence, solution, or evidence-viewer surface text. Party dialogue scripts are not included here."
case_surface_content_src_data_cases_generated_friend-01_evidence_e-4_.viewerData.chat.pages_0_.messages_1_.time,case_surface_content,src/data/cases/generated,friend-01,evidence[e-4].viewerData.chat.pages[0].messages[1].time,오후 7:12,,午後7時12分,晚上 7:12,"Case metadata, character profile, dispute, evidence, solution, or evidence-viewer surface text. Party dialogue scripts are not included here."
case_surface_content_src_data_cases_generated_friend-01_evidence_e-4_.viewerData.chat.pages_0_.messages_2_.sender,case_surface_content,src/data/cases/generated,friend-01,evidence[e-4].viewerData.chat.pages[0].messages[2].sender,최수민,,チェ・スミン,崔苏民,"Case metadata, character profile, dispute, evidence, solution, or evidence-viewer surface text. Party dialogue scripts are not included here."
case_surface_content_src_data_cases_generated_friend-01_evidence_e-4_.viewerData.chat.pages_0_.messages_2_.text,case_surface_content,src/data/cases/generated,friend-01,evidence[e-4].viewerData.chat.pages[0].messages[2].text,"네, 퇴근 시간대는 거의 꽉 차요. 필요하면 센터 번호 알려드릴게요.","Yes, the after-work hours are almost full. I will tell you the center number if necessary.",はい、退勤時間帯はほぼいっぱいです。必要に応じてセンター番号をお知らせします。,是的，下班时间几乎已经排满了。如果需要的话我会告诉你中心号码。,"Case metadata, character profile, dispute, evidence, solution, or evidence-viewer surface text. Party dialogue scripts are not included here."
case_surface_content_src_data_cases_generated_friend-01_evidence_e-4_.viewerData.chat.pages_0_.messages_2_.time,case_surface_content,src/data/cases/generated,friend-01,evidence[e-4].viewerData.chat.pages[0].messages[2].time,오후 7:14,,午後7時14分,晚上 7:14,"Case metadata, character profile, dispute, evidence, solution, or evidence-viewer surface text. Party dialogue scripts are not included here."
case_surface_content_src_data_cases_generated_friend-01_evidence_e-4_.viewerData.chat.pages_0_.messages_3_.sender,case_surface_content,src/data/cases/generated,friend-01,evidence[e-4].viewerData.chat.pages[0].messages[3].sender,김태윤,,キム・テユン,金泰润,"Case metadata, character profile, dispute, evidence, solution, or evidence-viewer surface text. Party dialogue scripts are not included here."
case_surface_content_src_data_cases_generated_friend-01_evidence_e-4_.viewerData.chat.pages_0_.messages_3_.text,case_surface_content,src/data/cases/generated,friend-01,evidence[e-4].viewerData.chat.pages[0].messages[3].text,아 그렇구나. 결혼식 전에 운동 좀 해야 하나 해서요.,"Oh, I see. I was wondering if I should do some exercise before the wedding.",ああそうだね。結婚式の前に練習をしなければいけません。,我懂了。我想知道婚礼前是否应该做一些运动。,"Case metadata, character profile, dispute, evidence, solution, or evidence-viewer surface text. Party dialogue scripts are not included here."
case_surface_content_src_data_cases_generated_friend-01_evidence_e-4_.viewerData.chat.pages_0_.messages_3_.time,case_surface_content,src/data/cases/generated,friend-01,evidence[e-4].viewerData.chat.pages[0].messages[3].time,오후 7:15,,午後7時15分,晚上 7:15,"Case metadata, character profile, dispute, evidence, solution, or evidence-viewer surface text. Party dialogue scripts are not included here."
case_surface_content_src_data_cases_generated_friend-01_evidence_e-4_.viewerData.chat.pages_0_.messages_4_.sender,case_surface_content,src/data/cases/generated,friend-01,evidence[e-4].viewerData.chat.pages[0].messages[4].sender,최수민,,チェ・スミン,崔苏民,"Case metadata, character profile, dispute, evidence, solution, or evidence-viewer surface text. Party dialogue scripts are not included here."
case_surface_content_src_data_cases_generated_friend-01_evidence_e-4_.viewerData.chat.pages_0_.messages_4_.text,case_surface_content,src/data/cases/generated,friend-01,evidence[e-4].viewerData.chat.pages[0].messages[4].text,다은이랑 같이 상담 받아보시면 될 것 같아요.,I think you should get counseling with Da-eun.,ダウンと一緒に相談してもらえればと思います。,我认为你应该向多恩咨询。,"Case metadata, character profile, dispute, evidence, solution, or evidence-viewer surface text. Party dialogue scripts are not included here."
case_surface_content_src_data_cases_generated_friend-01_evidence_e-4_.viewerData.chat.pages_0_.messages_4_.time,case_surface_content,src/data/cases/generated,friend-01,evidence[e-4].viewerData.chat.pages[0].messages[4].time,오후 7:16,,午後7時16分,晚上 7:16,"Case metadata, character profile, dispute, evidence, solution, or evidence-viewer surface text. Party dialogue scripts are not included here."
case_surface_content_src_data_cases_generated_friend-01_evidence_e-4_.viewerData.chat.pages_1_.header,case_surface_content,src/data/cases/generated,friend-01,evidence[e-4].viewerData.chat.pages[1].header,김태윤 카톡 — 2026.02.21 (2쪽 미심쩍은 부탁),,キム・テユン カトク — 2026.02.21 (2ページ 不審なお願い),Taeyun Kim KakaoTalk — 2026.02.21（第 2 页，可疑请求）,"Case metadata, character profile, dispute, evidence, solution, or evidence-viewer surface text. Party dialogue scripts are not included here."
case_surface_content_src_data_cases_generated_friend-01_evidence_e-4_.viewerData.chat.pages_1_.label,case_surface_content,src/data/cases/generated,friend-01,evidence[e-4].viewerData.chat.pages[1].label,2쪽 미심쩍은 부탁,Page 2: A questionable request,2ページ 不審なお願い,第 2 页：一个有问题的请求,"Case metadata, character profile, dispute, evidence, solution, or evidence-viewer surface text. Party dialogue scripts are not included here."
case_surface_content_src_data_cases_generated_friend-01_evidence_e-4_.viewerData.chat.pages_1_.messages_0_.text,case_surface_content,src/data/cases/generated,friend-01,evidence[e-4].viewerData.chat.pages[1].messages[0].text,2026.02.21 오후 8:36 · 부탁처럼 보이나 목적이 불분명한 구간,"2026.02.21 8:36 PM · It looks like a request, but the purpose is unclear.",2026.02.21 午後8時36分 ・お願いのように見え、目的が不明な区間,2026.02.21 8:36 PM · 看起来像是请求，但目的不明。,"Case metadata, character profile, dispute, evidence, solution, or evidence-viewer surface text. Party dialogue scripts are not included here."
case_surface_content_src_data_cases_generated_friend-01_evidence_e-4_.viewerData.chat.pages_1_.messages_1_.sender,case_surface_content,src/data/cases/generated,friend-01,evidence[e-4].viewerData.chat.pages[1].messages[1].sender,김태윤,,キム・テユン,金泰润,"Case metadata, character profile, dispute, evidence, solution, or evidence-viewer surface text. Party dialogue scripts are not included here."
case_surface_content_src_data_cases_generated_friend-01_evidence_e-4_.viewerData.chat.pages_1_.messages_1_.text,case_surface_content,src/data/cases/generated,friend-01,evidence[e-4].viewerData.chat.pages[1].messages[1].text,"수민 씨, 혹시 다은이한테 바로 말하기 애매한 거 하나만 물어봐도 돼요?","Sumin, can I ask Da-eun something that is difficult to say right away?",スミンさん、もしかしたらダウンがすぐに言うと曖昧なの一つだけ聞いてみてもいいですか？,Sumin，我可以问多恩一些很难马上说的话吗？,"Case metadata, character profile, dispute, evidence, solution, or evidence-viewer surface text. Party dialogue scripts are not included here."
case_surface_content_src_data_cases_generated_friend-01_evidence_e-4_.viewerData.chat.pages_1_.messages_1_.time,case_surface_content,src/data/cases/generated,friend-01,evidence[e-4].viewerData.chat.pages[1].messages[1].time,오후 8:36,,午後8時36分,晚上 8:36,"Case metadata, character profile, dispute, evidence, solution, or evidence-viewer surface text. Party dialogue scripts are not included here."
case_surface_content_src_data_cases_generated_friend-01_evidence_e-4_.viewerData.chat.pages_1_.messages_2_.sender,case_surface_content,src/data/cases/generated,friend-01,evidence[e-4].viewerData.chat.pages[1].messages[2].sender,최수민,,チェ・スミン,崔苏民,"Case metadata, character profile, dispute, evidence, solution, or evidence-viewer surface text. Party dialogue scripts are not included here."
case_surface_content_src_data_cases_generated_friend-01_evidence_e-4_.viewerData.chat.pages_1_.messages_2_.text,case_surface_content,src/data/cases/generated,friend-01,evidence[e-4].viewerData.chat.pages[1].messages[2].text,무슨 일인데요? 다은이랑 관련된 거면 다은이한테 직접 물어보시는 게 맞아요.,"What's going on? If it's related to Da-eun, it's right to ask her directly.",どうしたの？ Daeunと関連しているなら、Daeunに直接尋ねてください。,这是怎么回事？如果是和多恩有关的话，直接问她就对了。,"Case metadata, character profile, dispute, evidence, solution, or evidence-viewer surface text. Party dialogue scripts are not included here."
case_surface_content_src_data_cases_generated_friend-01_evidence_e-4_.viewerData.chat.pages_1_.messages_2_.time,case_surface_content,src/data/cases/generated,friend-01,evidence[e-4].viewerData.chat.pages[1].messages[2].time,오후 8:38,,午後8時38分,晚上 8:38,"Case metadata, character profile, dispute, evidence, solution, or evidence-viewer surface text. Party dialogue scripts are not included here."
case_surface_content_src_data_cases_generated_friend-01_evidence_e-4_.viewerData.chat.pages_1_.messages_3_.sender,case_surface_content,src/data/cases/generated,friend-01,evidence[e-4].viewerData.chat.pages[1].messages[3].sender,김태윤,,キム・テユン,金泰润,"Case metadata, character profile, dispute, evidence, solution, or evidence-viewer surface text. Party dialogue scripts are not included here."
case_surface_content_src_data_cases_generated_friend-01_evidence_e-4_.viewerData.chat.pages_1_.messages_3_.text,case_surface_content,src/data/cases/generated,friend-01,evidence[e-4].viewerData.chat.pages[1].messages[3].text,그냥 여자 입장에서 어떻게 보이는지 궁금해서요.,I'm just curious about what it looks like from a woman's perspective.,ただ女性の立場でどう見えるか気になります。,我只是好奇从女人的角度来看它是什么样子。,"Case metadata, character profile, dispute, evidence, solution, or evidence-viewer surface text. Party dialogue scripts are not included here."
case_surface_content_src_data_cases_generated_friend-01_evidence_e-4_.viewerData.chat.pages_1_.messages_3_.time,case_surface_content,src/data/cases/generated,friend-01,evidence[e-4].viewerData.chat.pages[1].messages[3].time,오후 8:39,,午後8時39分,晚上 8:39,"Case metadata, character profile, dispute, evidence, solution, or evidence-viewer surface text. Party dialogue scripts are not included here."
case_surface_content_src_data_cases_generated_friend-01_evidence_e-4_.viewerData.chat.pages_1_.messages_4_.sender,case_surface_content,src/data/cases/generated,friend-01,evidence[e-4].viewerData.chat.pages[1].messages[4].sender,김태윤,,キム・テユン,金泰润,"Case metadata, character profile, dispute, evidence, solution, or evidence-viewer surface text. Party dialogue scripts are not included here."
case_surface_content_src_data_cases_generated_friend-01_evidence_e-4_.viewerData.chat.pages_1_.messages_4_.text,case_surface_content,src/data/cases/generated,friend-01,evidence[e-4].viewerData.chat.pages[1].messages[4].text,다은이 몰래 잠깐 얘기하면 더 편할 것 같긴 한데.,I think it would be more comfortable if we talked briefly with Da-eun secretly.,ダウンがこっそりしばらく話したらもっと楽になりそうだが。,我想如果我们私下和多恩简单聊聊会更舒服。,"Case metadata, character profile, dispute, evidence, solution, or evidence-viewer surface text. Party dialogue scripts are not included here."
case_surface_content_src_data_cases_generated_friend-01_evidence_e-4_.viewerData.chat.pages_1_.messages_4_.time,case_surface_content,src/data/cases/generated,friend-01,evidence[e-4].viewerData.chat.pages[1].messages[4].time,오후 8:41,,午後8時41分,晚上 8:41,"Case metadata, character profile, dispute, evidence, solution, or evidence-viewer surface text. Party dialogue scripts are not included here."
case_surface_content_src_data_cases_generated_friend-01_evidence_e-4_.viewerData.chat.pages_1_.messages_5_.sender,case_surface_content,src/data/cases/generated,friend-01,evidence[e-4].viewerData.chat.pages[1].messages[5].sender,최수민,,チェ・スミン,崔苏民,"Case metadata, character profile, dispute, evidence, solution, or evidence-viewer surface text. Party dialogue scripts are not included here."
case_surface_content_src_data_cases_generated_friend-01_evidence_e-4_.viewerData.chat.pages_1_.messages_5_.text,case_surface_content,src/data/cases/generated,friend-01,evidence[e-4].viewerData.chat.pages[1].messages[5].text,몰래 얘기할 일은 아닌 것 같아요. 문자로 말씀하세요.,I don't think it's something to talk about secretly. Speak via text.,こっそり話すことではないようです。文字で教えてください。,我认为这不是什么值得秘密谈论的事情。通过文字说话。,"Case metadata, character profile, dispute, evidence, solution, or evidence-viewer surface text. Party dialogue scripts are not included here."
case_surface_content_src_data_cases_generated_friend-01_evidence_e-4_.viewerData.chat.pages_1_.messages_5_.time,case_surface_content,src/data/cases/generated,friend-01,evidence[e-4].viewerData.chat.pages[1].messages[5].time,오후 8:43,,午後8時43分,晚上 8:43,"Case metadata, character profile, dispute, evidence, solution, or evidence-viewer surface text. Party dialogue scripts are not included here."
case_surface_content_src_data_cases_generated_friend-01_evidence_e-4_.viewerData.chat.pages_2_.header,case_surface_content,src/data/cases/generated,friend-01,evidence[e-4].viewerData.chat.pages[2].header,김태윤 카톡 — 2026.02.24 (3쪽 늦은 밤 메시지),,キム・テユン カトク — 2026.02.24 (3ページ 遅い夜のメッセージ),金泰妍 KakaoTalk — 2026.02.24（第3页深夜留言）,"Case metadata, character profile, dispute, evidence, solution, or evidence-viewer surface text. Party dialogue scripts are not included here."
case_surface_content_src_data_cases_generated_friend-01_evidence_e-4_.viewerData.chat.pages_2_.label,case_surface_content,src/data/cases/generated,friend-01,evidence[e-4].viewerData.chat.pages[2].label,3쪽 늦은 밤 메시지,Page 3 Late night message,3ページ遅い夜のメッセージ,第3页 深夜留言,"Case metadata, character profile, dispute, evidence, solution, or evidence-viewer surface text. Party dialogue scripts are not included here."
case_surface_content_src_data_cases_generated_friend-01_evidence_e-4_.viewerData.chat.pages_2_.messages_0_.text,case_surface_content,src/data/cases/generated,friend-01,evidence[e-4].viewerData.chat.pages[2].messages[0].text,2026.02.24 오전 12:47 · 늦은 밤 음주 후로 보이는 메시지,2026.02.24 12:47 AM · Message that appears to be after drinking late at night,2026.02.24 午前12時47分 · 晩夜飲酒後に見えるメッセージ,2026.02.24 12:47 AM · 疑似深夜喝酒后的消息,"Case metadata, character profile, dispute, evidence, solution, or evidence-viewer surface text. Party dialogue scripts are not included here."
case_surface_content_src_data_cases_generated_friend-01_evidence_e-4_.viewerData.chat.pages_2_.messages_1_.sender,case_surface_content,src/data/cases/generated,friend-01,evidence[e-4].viewerData.chat.pages[2].messages[1].sender,김태윤,,キム・テユン,金泰润,"Case metadata, character profile, dispute, evidence, solution, or evidence-viewer surface text. Party dialogue scripts are not included here."
case_surface_content_src_data_cases_generated_friend-01_evidence_e-4_.viewerData.chat.pages_2_.messages_1_.text,case_surface_content,src/data/cases/generated,friend-01,evidence[e-4].viewerData.chat.pages[2].messages[1].text,수민 씨 자요? 나 오늘 좀 마셨어요.,"Sumin, are you sleeping? I drank some today.",スミンさん寝てますか？私は今日少し飲みました。,苏敏，你睡了吗？我今天喝了一些。,"Case metadata, character profile, dispute, evidence, solution, or evidence-viewer surface text. Party dialogue scripts are not included here."
case_surface_content_src_data_cases_generated_friend-01_evidence_e-4_.viewerData.chat.pages_2_.messages_1_.time,case_surface_content,src/data/cases/generated,friend-01,evidence[e-4].viewerData.chat.pages[2].messages[1].time,오전 12:47,,午前12時47分,上午 12:47,"Case metadata, character profile, dispute, evidence, solution, or evidence-viewer surface text. Party dialogue scripts are not included here."
case_surface_content_src_data_cases_generated_friend-01_evidence_e-4_.viewerData.chat.pages_2_.messages_2_.sender,case_surface_content,src/data/cases/generated,friend-01,evidence[e-4].viewerData.chat.pages[2].messages[2].sender,김태윤,,キム・テユン,金泰润,"Case metadata, character profile, dispute, evidence, solution, or evidence-viewer surface text. Party dialogue scripts are not included here."
case_surface_content_src_data_cases_generated_friend-01_evidence_e-4_.viewerData.chat.pages_2_.messages_2_.text,case_surface_content,src/data/cases/generated,friend-01,evidence[e-4].viewerData.chat.pages[2].messages[2].text,이상하게 술 마시면 수민 씨 생각이 나네.,"Strangely, when I drink alcohol, I think of Sumin.",不思議に酒を飲むとスミンさんの思いが出るね。,奇怪的是，我一喝酒就会想起Sumin。,"Case metadata, character profile, dispute, evidence, solution, or evidence-viewer surface text. Party dialogue scripts are not included here."
case_surface_content_src_data_cases_generated_friend-01_evidence_e-4_.viewerData.chat.pages_2_.messages_2_.time,case_surface_content,src/data/cases/generated,friend-01,evidence[e-4].viewerData.chat.pages[2].messages[2].time,오전 12:49,,午前12時49分,上午 12:49,"Case metadata, character profile, dispute, evidence, solution, or evidence-viewer surface text. Party dialogue scripts are not included here."
case_surface_content_src_data_cases_generated_friend-01_evidence_e-4_.viewerData.chat.pages_2_.messages_3_.sender,case_surface_content,src/data/cases/generated,friend-01,evidence[e-4].viewerData.chat.pages[2].messages[3].sender,최수민,,チェ・スミン,崔苏民,"Case metadata, character profile, dispute, evidence, solution, or evidence-viewer surface text. Party dialogue scripts are not included here."
case_surface_content_src_data_cases_generated_friend-01_evidence_e-4_.viewerData.chat.pages_2_.messages_3_.text,case_surface_content,src/data/cases/generated,friend-01,evidence[e-4].viewerData.chat.pages[2].messages[3].text,"태윤 씨, 지금 시간도 그렇고 이런 연락은 불편합니다.","Taeyun, given the current time, this type of contact is inconvenient.",テユンさん、今の時間もそういう連絡は不便です。,泰妍，在现在的时间里，这种联系方式很不方便。,"Case metadata, character profile, dispute, evidence, solution, or evidence-viewer surface text. Party dialogue scripts are not included here."
case_surface_content_src_data_cases_generated_friend-01_evidence_e-4_.viewerData.chat.pages_2_.messages_3_.time,case_surface_content,src/data/cases/generated,friend-01,evidence[e-4].viewerData.chat.pages[2].messages[3].time,오전 12:51,,午前12時51分,上午 12:51,"Case metadata, character profile, dispute, evidence, solution, or evidence-viewer surface text. Party dialogue scripts are not included here."
case_surface_content_src_data_cases_generated_friend-01_evidence_e-4_.viewerData.chat.pages_2_.messages_4_.sender,case_surface_content,src/data/cases/generated,friend-01,evidence[e-4].viewerData.chat.pages[2].messages[4].sender,김태윤,,キム・テユン,金泰润,"Case metadata, character profile, dispute, evidence, solution, or evidence-viewer surface text. Party dialogue scripts are not included here."
case_surface_content_src_data_cases_generated_friend-01_evidence_e-4_.viewerData.chat.pages_2_.messages_4_.text,case_surface_content,src/data/cases/generated,friend-01,evidence[e-4].viewerData.chat.pages[2].messages[4].text,딱 한 잔만 더 할래요? 다은이한테는 그냥 회사 사람들 만났다고 하면 되고.,Would you like just one more drink? Just tell Da-eun that you met people from the company.,ちょっと一杯だけもっとやりますか？ダウンイにはただ会社の人々に会ったと言えばいい。,您还想再喝一杯吗？只要告诉多恩你遇到了公司的人就可以了。,"Case metadata, character profile, dispute, evidence, solution, or evidence-viewer surface text. Party dialogue scripts are not included here."
case_surface_content_src_data_cases_generated_friend-01_evidence_e-4_.viewerData.chat.pages_2_.messages_4_.time,case_surface_content,src/data/cases/generated,friend-01,evidence[e-4].viewerData.chat.pages[2].messages[4].time,오전 12:53,,午前12時53分,上午 12:53,"Case metadata, character profile, dispute, evidence, solution, or evidence-viewer surface text. Party dialogue scripts are not included here."
case_surface_content_src_data_cases_generated_friend-01_evidence_e-4_.viewerData.chat.pages_2_.messages_5_.sender,case_surface_content,src/data/cases/generated,friend-01,evidence[e-4].viewerData.chat.pages[2].messages[5].sender,최수민,,チェ・スミン,崔苏民,"Case metadata, character profile, dispute, evidence, solution, or evidence-viewer surface text. Party dialogue scripts are not included here."
case_surface_content_src_data_cases_generated_friend-01_evidence_e-4_.viewerData.chat.pages_2_.messages_5_.text,case_surface_content,src/data/cases/generated,friend-01,evidence[e-4].viewerData.chat.pages[2].messages[5].text,다은이 예비신랑이잖아요. 저는 이런 식으로 만나지 않습니다.,Da-eun is the groom-to-be. I don't meet people like this.,Daeunは予備の新郎です。私はこのように会いません。,多恩是准新郎。我不会遇到这样的人。,"Case metadata, character profile, dispute, evidence, solution, or evidence-viewer surface text. Party dialogue scripts are not included here."
case_surface_content_src_data_cases_generated_friend-01_evidence_e-4_.viewerData.chat.pages_2_.messages_5_.time,case_surface_content,src/data/cases/generated,friend-01,evidence[e-4].viewerData.chat.pages[2].messages[5].time,오전 12:54,,午前12時54分,上午 12:54,"Case metadata, character profile, dispute, evidence, solution, or evidence-viewer surface text. Party dialogue scripts are not included here."
case_surface_content_src_data_cases_generated_friend-01_evidence_e-4_.viewerData.chat.pages_2_.messages_6_.sender,case_surface_content,src/data/cases/generated,friend-01,evidence[e-4].viewerData.chat.pages[2].messages[6].sender,김태윤,,キム・テユン,金泰润,"Case metadata, character profile, dispute, evidence, solution, or evidence-viewer surface text. Party dialogue scripts are not included here."
case_surface_content_src_data_cases_generated_friend-01_evidence_e-4_.viewerData.chat.pages_2_.messages_6_.text,case_surface_content,src/data/cases/generated,friend-01,evidence[e-4].viewerData.chat.pages[2].messages[6].text,너무 선 긋지 말고. 원래 너 같은 스타일 좋아했거든.,Don't draw too many lines. I used to like your style.,あまり線を引かないでください。もともとあなたのようなスタイルが好きでした。,不要画太多线。我以前很喜欢你的风格。,"Case metadata, character profile, dispute, evidence, solution, or evidence-viewer surface text. Party dialogue scripts are not included here."
case_surface_content_src_data_cases_generated_friend-01_evidence_e-4_.viewerData.chat.pages_2_.messages_6_.time,case_surface_content,src/data/cases/generated,friend-01,evidence[e-4].viewerData.chat.pages[2].messages[6].time,오전 12:56,,午前12時56分,上午 12:56,"Case metadata, character profile, dispute, evidence, solution, or evidence-viewer surface text. Party dialogue scripts are not included here."
case_surface_content_src_data_cases_generated_friend-01_evidence_e-4_.viewerData.chat.pages_2_.messages_7_.sender,case_surface_content,src/data/cases/generated,friend-01,evidence[e-4].viewerData.chat.pages[2].messages[7].sender,최수민,,チェ・スミン,崔苏民,"Case metadata, character profile, dispute, evidence, solution, or evidence-viewer surface text. Party dialogue scripts are not included here."
case_surface_content_src_data_cases_generated_friend-01_evidence_e-4_.viewerData.chat.pages_2_.messages_7_.text,case_surface_content,src/data/cases/generated,friend-01,evidence[e-4].viewerData.chat.pages[2].messages[7].text,그만하세요. 이 대화는 남겨두겠습니다.,Stop it. I'll leave this conversation aside.,やめてください。この会話は残します。,停止吧。我将把这次谈话放在一边。,"Case metadata, character profile, dispute, evidence, solution, or evidence-viewer surface text. Party dialogue scripts are not included here."
case_surface_content_src_data_cases_generated_friend-01_evidence_e-4_.viewerData.chat.pages_2_.messages_7_.time,case_surface_content,src/data/cases/generated,friend-01,evidence[e-4].viewerData.chat.pages[2].messages[7].time,오전 12:58,,午前12時58分,中午 12:58,"Case metadata, character profile, dispute, evidence, solution, or evidence-viewer surface text. Party dialogue scripts are not included here."
case_surface_content_src_data_cases_generated_friend-01_evidence_e-4_.viewerData.chat.pages_2_.messages_8_.text,case_surface_content,src/data/cases/generated,friend-01,evidence[e-4].viewerData.chat.pages[2].messages[8].text,김태윤 — 읽음 (답장 없음),Taeyun Kim — Read (no reply),キム・テユン - 読む（返信なし）,Taeyun Kim — 已读（无回复）,"Case metadata, character profile, dispute, evidence, solution, or evidence-viewer surface text. Party dialogue scripts are not included here."
case_surface_content_src_data_cases_generated_friend-01_evidence_e-4_.viewerData.meta.legalLabel,case_surface_content,src/data/cases/generated,friend-01,evidence[e-4].viewerData.meta.legalLabel,적법,,適法,合法性,"Case metadata, character profile, dispute, evidence, solution, or evidence-viewer surface text. Party dialogue scripts are not included here."
case_surface_content_src_data_cases_generated_friend-01_evidence_e-4_.viewerData.meta.name,case_surface_content,src/data/cases/generated,friend-01,evidence[e-4].viewerData.meta.name,예비신랑 메시지,groom-to-be message,予備新郎メッセージ,准新郎留言,"Case metadata, character profile, dispute, evidence, solution, or evidence-viewer surface text. Party dialogue scripts are not included here."
case_surface_content_src_data_cases_generated_friend-01_evidence_e-4_.viewerData.meta.sourceLabel,case_surface_content,src/data/cases/generated,friend-01,evidence[e-4].viewerData.meta.sourceLabel,최수민 측,,チェ・スミン側,崔秀敏身边,"Case metadata, character profile, dispute, evidence, solution, or evidence-viewer surface text. Party dialogue scripts are not included here."
case_surface_content_src_data_cases_generated_friend-01_evidence_e-4_.viewerData.meta.stageLabel,case_surface_content,src/data/cases/generated,friend-01,evidence[e-4].viewerData.meta.stageLabel,3단계 — 늦은 밤 원문 공개,,ステップ3 - 夜遅くに原文を公開,第 3 步 — 深夜原创发布,"Case metadata, character profile, dispute, evidence, solution, or evidence-viewer surface text. Party dialogue scripts are not included here."
case_surface_content_src_data_cases_generated_friend-01_evidence_e-4_.viewerData.meta.trustLabel,case_surface_content,src/data/cases/generated,friend-01,evidence[e-4].viewerData.meta.trustLabel,보통,,通常,通常,"Case metadata, character profile, dispute, evidence, solution, or evidence-viewer surface text. Party dialogue scripts are not included here."
case_surface_content_src_data_cases_generated_friend-01_evidence_e-4_.viewerDataByStage.1.chat.header,case_surface_content,src/data/cases/generated,friend-01,evidence[e-4].viewerDataByStage.1.chat.header,김태윤 카톡 — 2026.02.18 (1쪽 일상 대화),,キム・テユン カトク — 2026.02.18 (1 日常会話),金泰妍 KakaoTalk — 2026.02.18（第 1 页，日常对话）,"Case metadata, character profile, dispute, evidence, solution, or evidence-viewer surface text. Party dialogue scripts are not included here."
case_surface_content_src_data_cases_generated_friend-01_evidence_e-4_.viewerDataByStage.1.chat.messages_0_.text,case_surface_content,src/data/cases/generated,friend-01,evidence[e-4].viewerDataByStage.1.chat.messages[0].text,2026.02.18 오후 7:12 · 대화 초반,2026.02.18 7:12 PM · Beginning of conversation,2026.02.18 午後7時12分 · 会話序盤,2026.02.18 7:12 PM · 对话开始,"Case metadata, character profile, dispute, evidence, solution, or evidence-viewer surface text. Party dialogue scripts are not included here."
case_surface_content_src_data_cases_generated_friend-01_evidence_e-4_.viewerDataByStage.1.chat.messages_1_.sender,case_surface_content,src/data/cases/generated,friend-01,evidence[e-4].viewerDataByStage.1.chat.messages[1].sender,김태윤,,キム・テユン,金泰润,"Case metadata, character profile, dispute, evidence, solution, or evidence-viewer surface text. Party dialogue scripts are not included here."
case_surface_content_src_data_cases_generated_friend-01_evidence_e-4_.viewerDataByStage.1.chat.messages_1_.text,case_surface_content,src/data/cases/generated,friend-01,evidence[e-4].viewerDataByStage.1.chat.messages[1].text,"수민 씨, 다은이가 요즘 필라테스 예약이 어렵다던데 맞아요?","Sumin, Da-eun said it’s difficult to make Pilates reservations these days. Is that true?",スミンさん、ダウンは最近ピラティス予約が難しいと思いますか？,苏民、多恩说，现在普拉提很难预约。这是真的吗？,"Case metadata, character profile, dispute, evidence, solution, or evidence-viewer surface text. Party dialogue scripts are not included here."
case_surface_content_src_data_cases_generated_friend-01_evidence_e-4_.viewerDataByStage.1.chat.messages_1_.time,case_surface_content,src/data/cases/generated,friend-01,evidence[e-4].viewerDataByStage.1.chat.messages[1].time,오후 7:12,,午後7時12分,晚上 7:12,"Case metadata, character profile, dispute, evidence, solution, or evidence-viewer surface text. Party dialogue scripts are not included here."
case_surface_content_src_data_cases_generated_friend-01_evidence_e-4_.viewerDataByStage.1.chat.messages_2_.sender,case_surface_content,src/data/cases/generated,friend-01,evidence[e-4].viewerDataByStage.1.chat.messages[2].sender,최수민,,チェ・スミン,崔苏民,"Case metadata, character profile, dispute, evidence, solution, or evidence-viewer surface text. Party dialogue scripts are not included here."
case_surface_content_src_data_cases_generated_friend-01_evidence_e-4_.viewerDataByStage.1.chat.messages_2_.text,case_surface_content,src/data/cases/generated,friend-01,evidence[e-4].viewerDataByStage.1.chat.messages[2].text,"네, 퇴근 시간대는 거의 꽉 차요. 필요하면 센터 번호 알려드릴게요.","Yes, the after-work hours are almost full. I will tell you the center number if necessary.",はい、退勤時間帯はほぼいっぱいです。必要に応じてセンター番号をお知らせします。,是的，下班时间几乎已经排满了。如果需要的话我会告诉你中心号码。,"Case metadata, character profile, dispute, evidence, solution, or evidence-viewer surface text. Party dialogue scripts are not included here."
case_surface_content_src_data_cases_generated_friend-01_evidence_e-4_.viewerDataByStage.1.chat.messages_2_.time,case_surface_content,src/data/cases/generated,friend-01,evidence[e-4].viewerDataByStage.1.chat.messages[2].time,오후 7:14,,午後7時14分,晚上 7:14,"Case metadata, character profile, dispute, evidence, solution, or evidence-viewer surface text. Party dialogue scripts are not included here."
case_surface_content_src_data_cases_generated_friend-01_evidence_e-4_.viewerDataByStage.1.chat.messages_3_.sender,case_surface_content,src/data/cases/generated,friend-01,evidence[e-4].viewerDataByStage.1.chat.messages[3].sender,김태윤,,キム・テユン,金泰润,"Case metadata, character profile, dispute, evidence, solution, or evidence-viewer surface text. Party dialogue scripts are not included here."
case_surface_content_src_data_cases_generated_friend-01_evidence_e-4_.viewerDataByStage.1.chat.messages_3_.text,case_surface_content,src/data/cases/generated,friend-01,evidence[e-4].viewerDataByStage.1.chat.messages[3].text,아 그렇구나. 결혼식 전에 운동 좀 해야 하나 해서요.,"Oh, I see. I was wondering if I should do some exercise before the wedding.",ああそうだね。結婚式の前に練習をしなければいけません。,我懂了。我想知道婚礼前是否应该做一些运动。,"Case metadata, character profile, dispute, evidence, solution, or evidence-viewer surface text. Party dialogue scripts are not included here."
case_surface_content_src_data_cases_generated_friend-01_evidence_e-4_.viewerDataByStage.1.chat.messages_3_.time,case_surface_content,src/data/cases/generated,friend-01,evidence[e-4].viewerDataByStage.1.chat.messages[3].time,오후 7:15,,午後7時15分,晚上 7:15,"Case metadata, character profile, dispute, evidence, solution, or evidence-viewer surface text. Party dialogue scripts are not included here."
case_surface_content_src_data_cases_generated_friend-01_evidence_e-4_.viewerDataByStage.1.chat.messages_4_.sender,case_surface_content,src/data/cases/generated,friend-01,evidence[e-4].viewerDataByStage.1.chat.messages[4].sender,최수민,,チェ・スミン,崔苏民,"Case metadata, character profile, dispute, evidence, solution, or evidence-viewer surface text. Party dialogue scripts are not included here."
case_surface_content_src_data_cases_generated_friend-01_evidence_e-4_.viewerDataByStage.1.chat.messages_4_.text,case_surface_content,src/data/cases/generated,friend-01,evidence[e-4].viewerDataByStage.1.chat.messages[4].text,다은이랑 같이 상담 받아보시면 될 것 같아요.,I think you should get counseling with Da-eun.,ダウンと一緒に相談してもらえればと思います。,我认为你应该向多恩咨询。,"Case metadata, character profile, dispute, evidence, solution, or evidence-viewer surface text. Party dialogue scripts are not included here."
case_surface_content_src_data_cases_generated_friend-01_evidence_e-4_.viewerDataByStage.1.chat.messages_4_.time,case_surface_content,src/data/cases/generated,friend-01,evidence[e-4].viewerDataByStage.1.chat.messages[4].time,오후 7:16,,午後7時16分,晚上 7:16,"Case metadata, character profile, dispute, evidence, solution, or evidence-viewer surface text. Party dialogue scripts are not included here."
case_surface_content_src_data_cases_generated_friend-01_evidence_e-4_.viewerDataByStage.1.chat.pages_0_.header,case_surface_content,src/data/cases/generated,friend-01,evidence[e-4].viewerDataByStage.1.chat.pages[0].header,김태윤 카톡 — 2026.02.18 (1쪽 일상 대화),,キム・テユン カトク — 2026.02.18 (1 日常会話),金泰妍 KakaoTalk — 2026.02.18（第 1 页，日常对话）,"Case metadata, character profile, dispute, evidence, solution, or evidence-viewer surface text. Party dialogue scripts are not included here."
case_surface_content_src_data_cases_generated_friend-01_evidence_e-4_.viewerDataByStage.1.chat.pages_0_.label,case_surface_content,src/data/cases/generated,friend-01,evidence[e-4].viewerDataByStage.1.chat.pages[0].label,1쪽 일상 대화,Page 1 Daily conversation,1ページ 日常会話,第1页 日常对话,"Case metadata, character profile, dispute, evidence, solution, or evidence-viewer surface text. Party dialogue scripts are not included here."
case_surface_content_src_data_cases_generated_friend-01_evidence_e-4_.viewerDataByStage.1.chat.pages_0_.messages_0_.text,case_surface_content,src/data/cases/generated,friend-01,evidence[e-4].viewerDataByStage.1.chat.pages[0].messages[0].text,2026.02.18 오후 7:12 · 대화 초반,2026.02.18 7:12 PM · Beginning of conversation,2026.02.18 午後7時12分 · 会話序盤,2026.02.18 7:12 PM · 对话开始,"Case metadata, character profile, dispute, evidence, solution, or evidence-viewer surface text. Party dialogue scripts are not included here."
case_surface_content_src_data_cases_generated_friend-01_evidence_e-4_.viewerDataByStage.1.chat.pages_0_.messages_1_.sender,case_surface_content,src/data/cases/generated,friend-01,evidence[e-4].viewerDataByStage.1.chat.pages[0].messages[1].sender,김태윤,,キム・テユン,金泰润,"Case metadata, character profile, dispute, evidence, solution, or evidence-viewer surface text. Party dialogue scripts are not included here."
case_surface_content_src_data_cases_generated_friend-01_evidence_e-4_.viewerDataByStage.1.chat.pages_0_.messages_1_.text,case_surface_content,src/data/cases/generated,friend-01,evidence[e-4].viewerDataByStage.1.chat.pages[0].messages[1].text,"수민 씨, 다은이가 요즘 필라테스 예약이 어렵다던데 맞아요?","Sumin, Da-eun said it’s difficult to make Pilates reservations these days. Is that true?",スミンさん、ダウンは最近ピラティス予約が難しいと思いますか？,苏民、多恩说，现在普拉提很难预约。这是真的吗？,"Case metadata, character profile, dispute, evidence, solution, or evidence-viewer surface text. Party dialogue scripts are not included here."
case_surface_content_src_data_cases_generated_friend-01_evidence_e-4_.viewerDataByStage.1.chat.pages_0_.messages_1_.time,case_surface_content,src/data/cases/generated,friend-01,evidence[e-4].viewerDataByStage.1.chat.pages[0].messages[1].time,오후 7:12,,午後7時12分,晚上 7:12,"Case metadata, character profile, dispute, evidence, solution, or evidence-viewer surface text. Party dialogue scripts are not included here."
case_surface_content_src_data_cases_generated_friend-01_evidence_e-4_.viewerDataByStage.1.chat.pages_0_.messages_2_.sender,case_surface_content,src/data/cases/generated,friend-01,evidence[e-4].viewerDataByStage.1.chat.pages[0].messages[2].sender,최수민,,チェ・スミン,崔苏民,"Case metadata, character profile, dispute, evidence, solution, or evidence-viewer surface text. Party dialogue scripts are not included here."
case_surface_content_src_data_cases_generated_friend-01_evidence_e-4_.viewerDataByStage.1.chat.pages_0_.messages_2_.text,case_surface_content,src/data/cases/generated,friend-01,evidence[e-4].viewerDataByStage.1.chat.pages[0].messages[2].text,"네, 퇴근 시간대는 거의 꽉 차요. 필요하면 센터 번호 알려드릴게요.","Yes, the after-work hours are almost full. I will tell you the center number if necessary.",はい、退勤時間帯はほぼいっぱいです。必要に応じてセンター番号をお知らせします。,是的，下班时间几乎已经排满了。如果需要的话我会告诉你中心号码。,"Case metadata, character profile, dispute, evidence, solution, or evidence-viewer surface text. Party dialogue scripts are not included here."
case_surface_content_src_data_cases_generated_friend-01_evidence_e-4_.viewerDataByStage.1.chat.pages_0_.messages_2_.time,case_surface_content,src/data/cases/generated,friend-01,evidence[e-4].viewerDataByStage.1.chat.pages[0].messages[2].time,오후 7:14,,午後7時14分,晚上 7:14,"Case metadata, character profile, dispute, evidence, solution, or evidence-viewer surface text. Party dialogue scripts are not included here."
case_surface_content_src_data_cases_generated_friend-01_evidence_e-4_.viewerDataByStage.1.chat.pages_0_.messages_3_.sender,case_surface_content,src/data/cases/generated,friend-01,evidence[e-4].viewerDataByStage.1.chat.pages[0].messages[3].sender,김태윤,,キム・テユン,金泰润,"Case metadata, character profile, dispute, evidence, solution, or evidence-viewer surface text. Party dialogue scripts are not included here."
case_surface_content_src_data_cases_generated_friend-01_evidence_e-4_.viewerDataByStage.1.chat.pages_0_.messages_3_.text,case_surface_content,src/data/cases/generated,friend-01,evidence[e-4].viewerDataByStage.1.chat.pages[0].messages[3].text,아 그렇구나. 결혼식 전에 운동 좀 해야 하나 해서요.,"Oh, I see. I was wondering if I should do some exercise before the wedding.",ああそうだね。結婚式の前に練習をしなければいけません。,我懂了。我想知道婚礼前是否应该做一些运动。,"Case metadata, character profile, dispute, evidence, solution, or evidence-viewer surface text. Party dialogue scripts are not included here."
case_surface_content_src_data_cases_generated_friend-01_evidence_e-4_.viewerDataByStage.1.chat.pages_0_.messages_3_.time,case_surface_content,src/data/cases/generated,friend-01,evidence[e-4].viewerDataByStage.1.chat.pages[0].messages[3].time,오후 7:15,,午後7時15分,晚上 7:15,"Case metadata, character profile, dispute, evidence, solution, or evidence-viewer surface text. Party dialogue scripts are not included here."
case_surface_content_src_data_cases_generated_friend-01_evidence_e-4_.viewerDataByStage.1.chat.pages_0_.messages_4_.sender,case_surface_content,src/data/cases/generated,friend-01,evidence[e-4].viewerDataByStage.1.chat.pages[0].messages[4].sender,최수민,,チェ・スミン,崔苏民,"Case metadata, character profile, dispute, evidence, solution, or evidence-viewer surface text. Party dialogue scripts are not included here."
case_surface_content_src_data_cases_generated_friend-01_evidence_e-4_.viewerDataByStage.1.chat.pages_0_.messages_4_.text,case_surface_content,src/data/cases/generated,friend-01,evidence[e-4].viewerDataByStage.1.chat.pages[0].messages[4].text,다은이랑 같이 상담 받아보시면 될 것 같아요.,I think you should get counseling with Da-eun.,ダウンと一緒に相談してもらえればと思います。,我认为你应该向多恩咨询。,"Case metadata, character profile, dispute, evidence, solution, or evidence-viewer surface text. Party dialogue scripts are not included here."
case_surface_content_src_data_cases_generated_friend-01_evidence_e-4_.viewerDataByStage.1.chat.pages_0_.messages_4_.time,case_surface_content,src/data/cases/generated,friend-01,evidence[e-4].viewerDataByStage.1.chat.pages[0].messages[4].time,오후 7:16,,午後7時16分,晚上 7:16,"Case metadata, character profile, dispute, evidence, solution, or evidence-viewer surface text. Party dialogue scripts are not included here."
case_surface_content_src_data_cases_generated_friend-01_evidence_e-4_.viewerDataByStage.1.meta.legalLabel,case_surface_content,src/data/cases/generated,friend-01,evidence[e-4].viewerDataByStage.1.meta.legalLabel,적법,,適法,合法性,"Case metadata, character profile, dispute, evidence, solution, or evidence-viewer surface text. Party dialogue scripts are not included here."
case_surface_content_src_data_cases_generated_friend-01_evidence_e-4_.viewerDataByStage.1.meta.name,case_surface_content,src/data/cases/generated,friend-01,evidence[e-4].viewerDataByStage.1.meta.name,예비신랑 메시지,groom-to-be message,予備新郎メッセージ,准新郎留言,"Case metadata, character profile, dispute, evidence, solution, or evidence-viewer surface text. Party dialogue scripts are not included here."
case_surface_content_src_data_cases_generated_friend-01_evidence_e-4_.viewerDataByStage.1.meta.redactions_0,case_surface_content,src/data/cases/generated,friend-01,evidence[e-4].viewerDataByStage.1.meta.redactions[0],뒤쪽 대화 봉인,,背面会話シール,回话密封,"Case metadata, character profile, dispute, evidence, solution, or evidence-viewer surface text. Party dialogue scripts are not included here."
case_surface_content_src_data_cases_generated_friend-01_evidence_e-4_.viewerDataByStage.1.meta.sourceLabel,case_surface_content,src/data/cases/generated,friend-01,evidence[e-4].viewerDataByStage.1.meta.sourceLabel,최수민 측,,チェ・スミン側,崔秀敏身边,"Case metadata, character profile, dispute, evidence, solution, or evidence-viewer surface text. Party dialogue scripts are not included here."
case_surface_content_src_data_cases_generated_friend-01_evidence_e-4_.viewerDataByStage.1.meta.stageLabel,case_surface_content,src/data/cases/generated,friend-01,evidence[e-4].viewerDataByStage.1.meta.stageLabel,1단계 — 일상 대화 확인,,ステップ1 - 日常会話を確認する,第 1 步 — 检查您的日常对话,"Case metadata, character profile, dispute, evidence, solution, or evidence-viewer surface text. Party dialogue scripts are not included here."
case_surface_content_src_data_cases_generated_friend-01_evidence_e-4_.viewerDataByStage.1.meta.trustLabel,case_surface_content,src/data/cases/generated,friend-01,evidence[e-4].viewerDataByStage.1.meta.trustLabel,보통,,通常,通常,"Case metadata, character profile, dispute, evidence, solution, or evidence-viewer surface text. Party dialogue scripts are not included here."
case_surface_content_src_data_cases_generated_friend-01_evidence_e-4_.viewerDataByStage.2.chat.header,case_surface_content,src/data/cases/generated,friend-01,evidence[e-4].viewerDataByStage.2.chat.header,김태윤 카톡 — 2026.02.21 (2쪽 미심쩍은 부탁),,キム・テユン カトク — 2026.02.21 (2ページ 不審なお願い),Taeyun Kim KakaoTalk — 2026.02.21（第 2 页，可疑请求）,"Case metadata, character profile, dispute, evidence, solution, or evidence-viewer surface text. Party dialogue scripts are not included here."
case_surface_content_src_data_cases_generated_friend-01_evidence_e-4_.viewerDataByStage.2.chat.messages_0_.text,case_surface_content,src/data/cases/generated,friend-01,evidence[e-4].viewerDataByStage.2.chat.messages[0].text,2026.02.21 오후 8:36 · 부탁처럼 보이나 목적이 불분명한 구간,"2026.02.21 8:36 PM · It looks like a request, but the purpose is unclear.",2026.02.21 午後8時36分 ・お願いのように見え、目的が不明な区間,2026.02.21 8:36 PM · 看起来像是请求，但目的不明。,"Case metadata, character profile, dispute, evidence, solution, or evidence-viewer surface text. Party dialogue scripts are not included here."
case_surface_content_src_data_cases_generated_friend-01_evidence_e-4_.viewerDataByStage.2.chat.messages_1_.sender,case_surface_content,src/data/cases/generated,friend-01,evidence[e-4].viewerDataByStage.2.chat.messages[1].sender,김태윤,,キム・テユン,金泰润,"Case metadata, character profile, dispute, evidence, solution, or evidence-viewer surface text. Party dialogue scripts are not included here."
case_surface_content_src_data_cases_generated_friend-01_evidence_e-4_.viewerDataByStage.2.chat.messages_1_.text,case_surface_content,src/data/cases/generated,friend-01,evidence[e-4].viewerDataByStage.2.chat.messages[1].text,"수민 씨, 혹시 다은이한테 바로 말하기 애매한 거 하나만 물어봐도 돼요?","Sumin, can I ask Da-eun something that is difficult to say right away?",スミンさん、もしかしたらダウンがすぐに言うと曖昧なの一つだけ聞いてみてもいいですか？,Sumin，我可以问多恩一些很难马上说的话吗？,"Case metadata, character profile, dispute, evidence, solution, or evidence-viewer surface text. Party dialogue scripts are not included here."
case_surface_content_src_data_cases_generated_friend-01_evidence_e-4_.viewerDataByStage.2.chat.messages_1_.time,case_surface_content,src/data/cases/generated,friend-01,evidence[e-4].viewerDataByStage.2.chat.messages[1].time,오후 8:36,,午後8時36分,晚上 8:36,"Case metadata, character profile, dispute, evidence, solution, or evidence-viewer surface text. Party dialogue scripts are not included here."
case_surface_content_src_data_cases_generated_friend-01_evidence_e-4_.viewerDataByStage.2.chat.messages_2_.sender,case_surface_content,src/data/cases/generated,friend-01,evidence[e-4].viewerDataByStage.2.chat.messages[2].sender,최수민,,チェ・スミン,崔苏民,"Case metadata, character profile, dispute, evidence, solution, or evidence-viewer surface text. Party dialogue scripts are not included here."
case_surface_content_src_data_cases_generated_friend-01_evidence_e-4_.viewerDataByStage.2.chat.messages_2_.text,case_surface_content,src/data/cases/generated,friend-01,evidence[e-4].viewerDataByStage.2.chat.messages[2].text,무슨 일인데요? 다은이랑 관련된 거면 다은이한테 직접 물어보시는 게 맞아요.,"What's going on? If it's related to Da-eun, it's right to ask her directly.",どうしたの？ Daeunと関連しているなら、Daeunに直接尋ねてください。,这是怎么回事？如果是和多恩有关的话，直接问她就对了。,"Case metadata, character profile, dispute, evidence, solution, or evidence-viewer surface text. Party dialogue scripts are not included here."
case_surface_content_src_data_cases_generated_friend-01_evidence_e-4_.viewerDataByStage.2.chat.messages_2_.time,case_surface_content,src/data/cases/generated,friend-01,evidence[e-4].viewerDataByStage.2.chat.messages[2].time,오후 8:38,,午後8時38分,晚上 8:38,"Case metadata, character profile, dispute, evidence, solution, or evidence-viewer surface text. Party dialogue scripts are not included here."
case_surface_content_src_data_cases_generated_friend-01_evidence_e-4_.viewerDataByStage.2.chat.messages_3_.sender,case_surface_content,src/data/cases/generated,friend-01,evidence[e-4].viewerDataByStage.2.chat.messages[3].sender,김태윤,,キム・テユン,金泰润,"Case metadata, character profile, dispute, evidence, solution, or evidence-viewer surface text. Party dialogue scripts are not included here."
case_surface_content_src_data_cases_generated_friend-01_evidence_e-4_.viewerDataByStage.2.chat.messages_3_.text,case_surface_content,src/data/cases/generated,friend-01,evidence[e-4].viewerDataByStage.2.chat.messages[3].text,그냥 여자 입장에서 어떻게 보이는지 궁금해서요.,I'm just curious about what it looks like from a woman's perspective.,ただ女性の立場でどう見えるか気になります。,我只是好奇从女人的角度来看它是什么样子。,"Case metadata, character profile, dispute, evidence, solution, or evidence-viewer surface text. Party dialogue scripts are not included here."
case_surface_content_src_data_cases_generated_friend-01_evidence_e-4_.viewerDataByStage.2.chat.messages_3_.time,case_surface_content,src/data/cases/generated,friend-01,evidence[e-4].viewerDataByStage.2.chat.messages[3].time,오후 8:39,,午後8時39分,晚上 8:39,"Case metadata, character profile, dispute, evidence, solution, or evidence-viewer surface text. Party dialogue scripts are not included here."
case_surface_content_src_data_cases_generated_friend-01_evidence_e-4_.viewerDataByStage.2.chat.messages_4_.sender,case_surface_content,src/data/cases/generated,friend-01,evidence[e-4].viewerDataByStage.2.chat.messages[4].sender,김태윤,,キム・テユン,金泰润,"Case metadata, character profile, dispute, evidence, solution, or evidence-viewer surface text. Party dialogue scripts are not included here."
case_surface_content_src_data_cases_generated_friend-01_evidence_e-4_.viewerDataByStage.2.chat.messages_4_.text,case_surface_content,src/data/cases/generated,friend-01,evidence[e-4].viewerDataByStage.2.chat.messages[4].text,다은이 몰래 잠깐 얘기하면 더 편할 것 같긴 한데.,I think it would be more comfortable if we talked briefly with Da-eun secretly.,ダウンがこっそりしばらく話したらもっと楽になりそうだが。,我想如果我们私下和多恩简单聊聊会更舒服。,"Case metadata, character profile, dispute, evidence, solution, or evidence-viewer surface text. Party dialogue scripts are not included here."
case_surface_content_src_data_cases_generated_friend-01_evidence_e-4_.viewerDataByStage.2.chat.messages_4_.time,case_surface_content,src/data/cases/generated,friend-01,evidence[e-4].viewerDataByStage.2.chat.messages[4].time,오후 8:41,,午後8時41分,晚上 8:41,"Case metadata, character profile, dispute, evidence, solution, or evidence-viewer surface text. Party dialogue scripts are not included here."
case_surface_content_src_data_cases_generated_friend-01_evidence_e-4_.viewerDataByStage.2.chat.messages_5_.sender,case_surface_content,src/data/cases/generated,friend-01,evidence[e-4].viewerDataByStage.2.chat.messages[5].sender,최수민,,チェ・スミン,崔苏民,"Case metadata, character profile, dispute, evidence, solution, or evidence-viewer surface text. Party dialogue scripts are not included here."
case_surface_content_src_data_cases_generated_friend-01_evidence_e-4_.viewerDataByStage.2.chat.messages_5_.text,case_surface_content,src/data/cases/generated,friend-01,evidence[e-4].viewerDataByStage.2.chat.messages[5].text,몰래 얘기할 일은 아닌 것 같아요. 문자로 말씀하세요.,I don't think it's something to talk about secretly. Speak via text.,こっそり話すことではないようです。文字で教えてください。,我认为这不是什么值得秘密谈论的事情。通过文字说话。,"Case metadata, character profile, dispute, evidence, solution, or evidence-viewer surface text. Party dialogue scripts are not included here."
case_surface_content_src_data_cases_generated_friend-01_evidence_e-4_.viewerDataByStage.2.chat.messages_5_.time,case_surface_content,src/data/cases/generated,friend-01,evidence[e-4].viewerDataByStage.2.chat.messages[5].time,오후 8:43,,午後8時43分,晚上 8:43,"Case metadata, character profile, dispute, evidence, solution, or evidence-viewer surface text. Party dialogue scripts are not included here."
case_surface_content_src_data_cases_generated_friend-01_evidence_e-4_.viewerDataByStage.2.chat.pages_0_.header,case_surface_content,src/data/cases/generated,friend-01,evidence[e-4].viewerDataByStage.2.chat.pages[0].header,김태윤 카톡 — 2026.02.18 (1쪽 일상 대화),,キム・テユン カトク — 2026.02.18 (1 日常会話),金泰妍 KakaoTalk — 2026.02.18（第 1 页，日常对话）,"Case metadata, character profile, dispute, evidence, solution, or evidence-viewer surface text. Party dialogue scripts are not included here."
case_surface_content_src_data_cases_generated_friend-01_evidence_e-4_.viewerDataByStage.2.chat.pages_0_.label,case_surface_content,src/data/cases/generated,friend-01,evidence[e-4].viewerDataByStage.2.chat.pages[0].label,1쪽 일상 대화,Page 1 Daily conversation,1ページ 日常会話,第1页 日常对话,"Case metadata, character profile, dispute, evidence, solution, or evidence-viewer surface text. Party dialogue scripts are not included here."
case_surface_content_src_data_cases_generated_friend-01_evidence_e-4_.viewerDataByStage.2.chat.pages_0_.messages_0_.text,case_surface_content,src/data/cases/generated,friend-01,evidence[e-4].viewerDataByStage.2.chat.pages[0].messages[0].text,2026.02.18 오후 7:12 · 대화 초반,2026.02.18 7:12 PM · Beginning of conversation,2026.02.18 午後7時12分 · 会話序盤,2026.02.18 7:12 PM · 对话开始,"Case metadata, character profile, dispute, evidence, solution, or evidence-viewer surface text. Party dialogue scripts are not included here."
case_surface_content_src_data_cases_generated_friend-01_evidence_e-4_.viewerDataByStage.2.chat.pages_0_.messages_1_.sender,case_surface_content,src/data/cases/generated,friend-01,evidence[e-4].viewerDataByStage.2.chat.pages[0].messages[1].sender,김태윤,,キム・テユン,金泰润,"Case metadata, character profile, dispute, evidence, solution, or evidence-viewer surface text. Party dialogue scripts are not included here."
case_surface_content_src_data_cases_generated_friend-01_evidence_e-4_.viewerDataByStage.2.chat.pages_0_.messages_1_.text,case_surface_content,src/data/cases/generated,friend-01,evidence[e-4].viewerDataByStage.2.chat.pages[0].messages[1].text,"수민 씨, 다은이가 요즘 필라테스 예약이 어렵다던데 맞아요?","Sumin, Da-eun said it’s difficult to make Pilates reservations these days. Is that true?",スミンさん、ダウンは最近ピラティス予約が難しいと思いますか？,苏民、多恩说，现在普拉提很难预约。这是真的吗？,"Case metadata, character profile, dispute, evidence, solution, or evidence-viewer surface text. Party dialogue scripts are not included here."
case_surface_content_src_data_cases_generated_friend-01_evidence_e-4_.viewerDataByStage.2.chat.pages_0_.messages_1_.time,case_surface_content,src/data/cases/generated,friend-01,evidence[e-4].viewerDataByStage.2.chat.pages[0].messages[1].time,오후 7:12,,午後7時12分,晚上 7:12,"Case metadata, character profile, dispute, evidence, solution, or evidence-viewer surface text. Party dialogue scripts are not included here."
case_surface_content_src_data_cases_generated_friend-01_evidence_e-4_.viewerDataByStage.2.chat.pages_0_.messages_2_.sender,case_surface_content,src/data/cases/generated,friend-01,evidence[e-4].viewerDataByStage.2.chat.pages[0].messages[2].sender,최수민,,チェ・スミン,崔苏民,"Case metadata, character profile, dispute, evidence, solution, or evidence-viewer surface text. Party dialogue scripts are not included here."
case_surface_content_src_data_cases_generated_friend-01_evidence_e-4_.viewerDataByStage.2.chat.pages_0_.messages_2_.text,case_surface_content,src/data/cases/generated,friend-01,evidence[e-4].viewerDataByStage.2.chat.pages[0].messages[2].text,"네, 퇴근 시간대는 거의 꽉 차요. 필요하면 센터 번호 알려드릴게요.","Yes, the after-work hours are almost full. I will tell you the center number if necessary.",はい、退勤時間帯はほぼいっぱいです。必要に応じてセンター番号をお知らせします。,是的，下班时间几乎已经排满了。如果需要的话我会告诉你中心号码。,"Case metadata, character profile, dispute, evidence, solution, or evidence-viewer surface text. Party dialogue scripts are not included here."
case_surface_content_src_data_cases_generated_friend-01_evidence_e-4_.viewerDataByStage.2.chat.pages_0_.messages_2_.time,case_surface_content,src/data/cases/generated,friend-01,evidence[e-4].viewerDataByStage.2.chat.pages[0].messages[2].time,오후 7:14,,午後7時14分,晚上 7:14,"Case metadata, character profile, dispute, evidence, solution, or evidence-viewer surface text. Party dialogue scripts are not included here."
case_surface_content_src_data_cases_generated_friend-01_evidence_e-4_.viewerDataByStage.2.chat.pages_0_.messages_3_.sender,case_surface_content,src/data/cases/generated,friend-01,evidence[e-4].viewerDataByStage.2.chat.pages[0].messages[3].sender,김태윤,,キム・テユン,金泰润,"Case metadata, character profile, dispute, evidence, solution, or evidence-viewer surface text. Party dialogue scripts are not included here."
case_surface_content_src_data_cases_generated_friend-01_evidence_e-4_.viewerDataByStage.2.chat.pages_0_.messages_3_.text,case_surface_content,src/data/cases/generated,friend-01,evidence[e-4].viewerDataByStage.2.chat.pages[0].messages[3].text,아 그렇구나. 결혼식 전에 운동 좀 해야 하나 해서요.,"Oh, I see. I was wondering if I should do some exercise before the wedding.",ああそうだね。結婚式の前に練習をしなければいけません。,我懂了。我想知道婚礼前是否应该做一些运动。,"Case metadata, character profile, dispute, evidence, solution, or evidence-viewer surface text. Party dialogue scripts are not included here."
case_surface_content_src_data_cases_generated_friend-01_evidence_e-4_.viewerDataByStage.2.chat.pages_0_.messages_3_.time,case_surface_content,src/data/cases/generated,friend-01,evidence[e-4].viewerDataByStage.2.chat.pages[0].messages[3].time,오후 7:15,,午後7時15分,晚上 7:15,"Case metadata, character profile, dispute, evidence, solution, or evidence-viewer surface text. Party dialogue scripts are not included here."
case_surface_content_src_data_cases_generated_friend-01_evidence_e-4_.viewerDataByStage.2.chat.pages_0_.messages_4_.sender,case_surface_content,src/data/cases/generated,friend-01,evidence[e-4].viewerDataByStage.2.chat.pages[0].messages[4].sender,최수민,,チェ・スミン,崔苏民,"Case metadata, character profile, dispute, evidence, solution, or evidence-viewer surface text. Party dialogue scripts are not included here."
case_surface_content_src_data_cases_generated_friend-01_evidence_e-4_.viewerDataByStage.2.chat.pages_0_.messages_4_.text,case_surface_content,src/data/cases/generated,friend-01,evidence[e-4].viewerDataByStage.2.chat.pages[0].messages[4].text,다은이랑 같이 상담 받아보시면 될 것 같아요.,I think you should get counseling with Da-eun.,ダウンと一緒に相談してもらえればと思います。,我认为你应该向多恩咨询。,"Case metadata, character profile, dispute, evidence, solution, or evidence-viewer surface text. Party dialogue scripts are not included here."
case_surface_content_src_data_cases_generated_friend-01_evidence_e-4_.viewerDataByStage.2.chat.pages_0_.messages_4_.time,case_surface_content,src/data/cases/generated,friend-01,evidence[e-4].viewerDataByStage.2.chat.pages[0].messages[4].time,오후 7:16,,午後7時16分,晚上 7:16,"Case metadata, character profile, dispute, evidence, solution, or evidence-viewer surface text. Party dialogue scripts are not included here."
case_surface_content_src_data_cases_generated_friend-01_evidence_e-4_.viewerDataByStage.2.chat.pages_1_.header,case_surface_content,src/data/cases/generated,friend-01,evidence[e-4].viewerDataByStage.2.chat.pages[1].header,김태윤 카톡 — 2026.02.21 (2쪽 미심쩍은 부탁),,キム・テユン カトク — 2026.02.21 (2ページ 不審なお願い),Taeyun Kim KakaoTalk — 2026.02.21（第 2 页，可疑请求）,"Case metadata, character profile, dispute, evidence, solution, or evidence-viewer surface text. Party dialogue scripts are not included here."
case_surface_content_src_data_cases_generated_friend-01_evidence_e-4_.viewerDataByStage.2.chat.pages_1_.label,case_surface_content,src/data/cases/generated,friend-01,evidence[e-4].viewerDataByStage.2.chat.pages[1].label,2쪽 미심쩍은 부탁,Page 2: A questionable request,2ページ 不審なお願い,第 2 页：一个有问题的请求,"Case metadata, character profile, dispute, evidence, solution, or evidence-viewer surface text. Party dialogue scripts are not included here."
case_surface_content_src_data_cases_generated_friend-01_evidence_e-4_.viewerDataByStage.2.chat.pages_1_.messages_0_.text,case_surface_content,src/data/cases/generated,friend-01,evidence[e-4].viewerDataByStage.2.chat.pages[1].messages[0].text,2026.02.21 오후 8:36 · 부탁처럼 보이나 목적이 불분명한 구간,"2026.02.21 8:36 PM · It looks like a request, but the purpose is unclear.",2026.02.21 午後8時36分 ・お願いのように見え、目的が不明な区間,2026.02.21 8:36 PM · 看起来像是请求，但目的不明。,"Case metadata, character profile, dispute, evidence, solution, or evidence-viewer surface text. Party dialogue scripts are not included here."
case_surface_content_src_data_cases_generated_friend-01_evidence_e-4_.viewerDataByStage.2.chat.pages_1_.messages_1_.sender,case_surface_content,src/data/cases/generated,friend-01,evidence[e-4].viewerDataByStage.2.chat.pages[1].messages[1].sender,김태윤,,キム・テユン,金泰润,"Case metadata, character profile, dispute, evidence, solution, or evidence-viewer surface text. Party dialogue scripts are not included here."
case_surface_content_src_data_cases_generated_friend-01_evidence_e-4_.viewerDataByStage.2.chat.pages_1_.messages_1_.text,case_surface_content,src/data/cases/generated,friend-01,evidence[e-4].viewerDataByStage.2.chat.pages[1].messages[1].text,"수민 씨, 혹시 다은이한테 바로 말하기 애매한 거 하나만 물어봐도 돼요?","Sumin, can I ask Da-eun something that is difficult to say right away?",スミンさん、もしかしたらダウンがすぐに言うと曖昧なの一つだけ聞いてみてもいいですか？,Sumin，我可以问多恩一些很难马上说的话吗？,"Case metadata, character profile, dispute, evidence, solution, or evidence-viewer surface text. Party dialogue scripts are not included here."
case_surface_content_src_data_cases_generated_friend-01_evidence_e-4_.viewerDataByStage.2.chat.pages_1_.messages_1_.time,case_surface_content,src/data/cases/generated,friend-01,evidence[e-4].viewerDataByStage.2.chat.pages[1].messages[1].time,오후 8:36,,午後8時36分,晚上 8:36,"Case metadata, character profile, dispute, evidence, solution, or evidence-viewer surface text. Party dialogue scripts are not included here."
case_surface_content_src_data_cases_generated_friend-01_evidence_e-4_.viewerDataByStage.2.chat.pages_1_.messages_2_.sender,case_surface_content,src/data/cases/generated,friend-01,evidence[e-4].viewerDataByStage.2.chat.pages[1].messages[2].sender,최수민,,チェ・スミン,崔苏民,"Case metadata, character profile, dispute, evidence, solution, or evidence-viewer surface text. Party dialogue scripts are not included here."
case_surface_content_src_data_cases_generated_friend-01_evidence_e-4_.viewerDataByStage.2.chat.pages_1_.messages_2_.text,case_surface_content,src/data/cases/generated,friend-01,evidence[e-4].viewerDataByStage.2.chat.pages[1].messages[2].text,무슨 일인데요? 다은이랑 관련된 거면 다은이한테 직접 물어보시는 게 맞아요.,"What's going on? If it's related to Da-eun, it's right to ask her directly.",どうしたの？ Daeunと関連しているなら、Daeunに直接尋ねてください。,这是怎么回事？如果是和多恩有关的话，直接问她就对了。,"Case metadata, character profile, dispute, evidence, solution, or evidence-viewer surface text. Party dialogue scripts are not included here."
case_surface_content_src_data_cases_generated_friend-01_evidence_e-4_.viewerDataByStage.2.chat.pages_1_.messages_2_.time,case_surface_content,src/data/cases/generated,friend-01,evidence[e-4].viewerDataByStage.2.chat.pages[1].messages[2].time,오후 8:38,,午後8時38分,晚上 8:38,"Case metadata, character profile, dispute, evidence, solution, or evidence-viewer surface text. Party dialogue scripts are not included here."
case_surface_content_src_data_cases_generated_friend-01_evidence_e-4_.viewerDataByStage.2.chat.pages_1_.messages_3_.sender,case_surface_content,src/data/cases/generated,friend-01,evidence[e-4].viewerDataByStage.2.chat.pages[1].messages[3].sender,김태윤,,キム・テユン,金泰润,"Case metadata, character profile, dispute, evidence, solution, or evidence-viewer surface text. Party dialogue scripts are not included here."
case_surface_content_src_data_cases_generated_friend-01_evidence_e-4_.viewerDataByStage.2.chat.pages_1_.messages_3_.text,case_surface_content,src/data/cases/generated,friend-01,evidence[e-4].viewerDataByStage.2.chat.pages[1].messages[3].text,그냥 여자 입장에서 어떻게 보이는지 궁금해서요.,I'm just curious about what it looks like from a woman's perspective.,ただ女性の立場でどう見えるか気になります。,我只是好奇从女人的角度来看它是什么样子。,"Case metadata, character profile, dispute, evidence, solution, or evidence-viewer surface text. Party dialogue scripts are not included here."
case_surface_content_src_data_cases_generated_friend-01_evidence_e-4_.viewerDataByStage.2.chat.pages_1_.messages_3_.time,case_surface_content,src/data/cases/generated,friend-01,evidence[e-4].viewerDataByStage.2.chat.pages[1].messages[3].time,오후 8:39,,午後8時39分,晚上 8:39,"Case metadata, character profile, dispute, evidence, solution, or evidence-viewer surface text. Party dialogue scripts are not included here."
case_surface_content_src_data_cases_generated_friend-01_evidence_e-4_.viewerDataByStage.2.chat.pages_1_.messages_4_.sender,case_surface_content,src/data/cases/generated,friend-01,evidence[e-4].viewerDataByStage.2.chat.pages[1].messages[4].sender,김태윤,,キム・テユン,金泰润,"Case metadata, character profile, dispute, evidence, solution, or evidence-viewer surface text. Party dialogue scripts are not included here."
case_surface_content_src_data_cases_generated_friend-01_evidence_e-4_.viewerDataByStage.2.chat.pages_1_.messages_4_.text,case_surface_content,src/data/cases/generated,friend-01,evidence[e-4].viewerDataByStage.2.chat.pages[1].messages[4].text,다은이 몰래 잠깐 얘기하면 더 편할 것 같긴 한데.,I think it would be more comfortable if we talked briefly with Da-eun secretly.,ダウンがこっそりしばらく話したらもっと楽になりそうだが。,我想如果我们私下和多恩简单聊聊会更舒服。,"Case metadata, character profile, dispute, evidence, solution, or evidence-viewer surface text. Party dialogue scripts are not included here."
case_surface_content_src_data_cases_generated_friend-01_evidence_e-4_.viewerDataByStage.2.chat.pages_1_.messages_4_.time,case_surface_content,src/data/cases/generated,friend-01,evidence[e-4].viewerDataByStage.2.chat.pages[1].messages[4].time,오후 8:41,,午後8時41分,晚上 8:41,"Case metadata, character profile, dispute, evidence, solution, or evidence-viewer surface text. Party dialogue scripts are not included here."
case_surface_content_src_data_cases_generated_friend-01_evidence_e-4_.viewerDataByStage.2.chat.pages_1_.messages_5_.sender,case_surface_content,src/data/cases/generated,friend-01,evidence[e-4].viewerDataByStage.2.chat.pages[1].messages[5].sender,최수민,,チェ・スミン,崔苏民,"Case metadata, character profile, dispute, evidence, solution, or evidence-viewer surface text. Party dialogue scripts are not included here."
case_surface_content_src_data_cases_generated_friend-01_evidence_e-4_.viewerDataByStage.2.chat.pages_1_.messages_5_.text,case_surface_content,src/data/cases/generated,friend-01,evidence[e-4].viewerDataByStage.2.chat.pages[1].messages[5].text,몰래 얘기할 일은 아닌 것 같아요. 문자로 말씀하세요.,I don't think it's something to talk about secretly. Speak via text.,こっそり話すことではないようです。文字で教えてください。,我认为这不是什么值得秘密谈论的事情。通过文字说话。,"Case metadata, character profile, dispute, evidence, solution, or evidence-viewer surface text. Party dialogue scripts are not included here."
case_surface_content_src_data_cases_generated_friend-01_evidence_e-4_.viewerDataByStage.2.chat.pages_1_.messages_5_.time,case_surface_content,src/data/cases/generated,friend-01,evidence[e-4].viewerDataByStage.2.chat.pages[1].messages[5].time,오후 8:43,,午後8時43分,晚上 8:43,"Case metadata, character profile, dispute, evidence, solution, or evidence-viewer surface text. Party dialogue scripts are not included here."
case_surface_content_src_data_cases_generated_friend-01_evidence_e-4_.viewerDataByStage.2.meta.legalLabel,case_surface_content,src/data/cases/generated,friend-01,evidence[e-4].viewerDataByStage.2.meta.legalLabel,적법,,適法,合法性,"Case metadata, character profile, dispute, evidence, solution, or evidence-viewer surface text. Party dialogue scripts are not included here."
case_surface_content_src_data_cases_generated_friend-01_evidence_e-4_.viewerDataByStage.2.meta.name,case_surface_content,src/data/cases/generated,friend-01,evidence[e-4].viewerDataByStage.2.meta.name,예비신랑 메시지,groom-to-be message,予備新郎メッセージ,准新郎留言,"Case metadata, character profile, dispute, evidence, solution, or evidence-viewer surface text. Party dialogue scripts are not included here."
case_surface_content_src_data_cases_generated_friend-01_evidence_e-4_.viewerDataByStage.2.meta.redactions_0,case_surface_content,src/data/cases/generated,friend-01,evidence[e-4].viewerDataByStage.2.meta.redactions[0],늦은 밤 원문 봉인,,夜遅くの原文封印,深夜封印原文,"Case metadata, character profile, dispute, evidence, solution, or evidence-viewer surface text. Party dialogue scripts are not included here."
case_surface_content_src_data_cases_generated_friend-01_evidence_e-4_.viewerDataByStage.2.meta.sourceLabel,case_surface_content,src/data/cases/generated,friend-01,evidence[e-4].viewerDataByStage.2.meta.sourceLabel,최수민 측,,チェ・スミン側,崔秀敏身边,"Case metadata, character profile, dispute, evidence, solution, or evidence-viewer surface text. Party dialogue scripts are not included here."
case_surface_content_src_data_cases_generated_friend-01_evidence_e-4_.viewerDataByStage.2.meta.stageLabel,case_surface_content,src/data/cases/generated,friend-01,evidence[e-4].viewerDataByStage.2.meta.stageLabel,2단계 — 미심쩍은 부탁 정황,,ステップ2 — 不審なお願い情況,第 2 步 — 可疑请求情况,"Case metadata, character profile, dispute, evidence, solution, or evidence-viewer surface text. Party dialogue scripts are not included here."
case_surface_content_src_data_cases_generated_friend-01_evidence_e-4_.viewerDataByStage.2.meta.trustLabel,case_surface_content,src/data/cases/generated,friend-01,evidence[e-4].viewerDataByStage.2.meta.trustLabel,보통,,通常,通常,"Case metadata, character profile, dispute, evidence, solution, or evidence-viewer surface text. Party dialogue scripts are not included here."
case_surface_content_src_data_cases_generated_friend-01_evidence_e-4_.viewerDataByStage.3.chat.header,case_surface_content,src/data/cases/generated,friend-01,evidence[e-4].viewerDataByStage.3.chat.header,김태윤 카톡 — 2026.02.24 (3쪽 늦은 밤 메시지),,キム・テユン カトク — 2026.02.24 (3ページ 遅い夜のメッセージ),金泰妍 KakaoTalk — 2026.02.24（第3页深夜留言）,"Case metadata, character profile, dispute, evidence, solution, or evidence-viewer surface text. Party dialogue scripts are not included here."
case_surface_content_src_data_cases_generated_friend-01_evidence_e-4_.viewerDataByStage.3.chat.messages_0_.text,case_surface_content,src/data/cases/generated,friend-01,evidence[e-4].viewerDataByStage.3.chat.messages[0].text,2026.02.24 오전 12:47 · 늦은 밤 음주 후로 보이는 메시지,2026.02.24 12:47 AM · Message that appears to be after drinking late at night,2026.02.24 午前12時47分 · 晩夜飲酒後に見えるメッセージ,2026.02.24 12:47 AM · 疑似深夜喝酒后的消息,"Case metadata, character profile, dispute, evidence, solution, or evidence-viewer surface text. Party dialogue scripts are not included here."
case_surface_content_src_data_cases_generated_friend-01_evidence_e-4_.viewerDataByStage.3.chat.messages_1_.sender,case_surface_content,src/data/cases/generated,friend-01,evidence[e-4].viewerDataByStage.3.chat.messages[1].sender,김태윤,,キム・テユン,金泰润,"Case metadata, character profile, dispute, evidence, solution, or evidence-viewer surface text. Party dialogue scripts are not included here."
case_surface_content_src_data_cases_generated_friend-01_evidence_e-4_.viewerDataByStage.3.chat.messages_1_.text,case_surface_content,src/data/cases/generated,friend-01,evidence[e-4].viewerDataByStage.3.chat.messages[1].text,수민 씨 자요? 나 오늘 좀 마셨어요.,"Sumin, are you sleeping? I drank some today.",スミンさん寝てますか？私は今日少し飲みました。,苏敏，你睡了吗？我今天喝了一些。,"Case metadata, character profile, dispute, evidence, solution, or evidence-viewer surface text. Party dialogue scripts are not included here."
case_surface_content_src_data_cases_generated_friend-01_evidence_e-4_.viewerDataByStage.3.chat.messages_1_.time,case_surface_content,src/data/cases/generated,friend-01,evidence[e-4].viewerDataByStage.3.chat.messages[1].time,오전 12:47,,午前12時47分,上午 12:47,"Case metadata, character profile, dispute, evidence, solution, or evidence-viewer surface text. Party dialogue scripts are not included here."
case_surface_content_src_data_cases_generated_friend-01_evidence_e-4_.viewerDataByStage.3.chat.messages_2_.sender,case_surface_content,src/data/cases/generated,friend-01,evidence[e-4].viewerDataByStage.3.chat.messages[2].sender,김태윤,,キム・テユン,金泰润,"Case metadata, character profile, dispute, evidence, solution, or evidence-viewer surface text. Party dialogue scripts are not included here."
case_surface_content_src_data_cases_generated_friend-01_evidence_e-4_.viewerDataByStage.3.chat.messages_2_.text,case_surface_content,src/data/cases/generated,friend-01,evidence[e-4].viewerDataByStage.3.chat.messages[2].text,이상하게 술 마시면 수민 씨 생각이 나네.,"Strangely, when I drink alcohol, I think of Sumin.",不思議に酒を飲むとスミンさんの思いが出るね。,奇怪的是，我一喝酒就会想起Sumin。,"Case metadata, character profile, dispute, evidence, solution, or evidence-viewer surface text. Party dialogue scripts are not included here."
case_surface_content_src_data_cases_generated_friend-01_evidence_e-4_.viewerDataByStage.3.chat.messages_2_.time,case_surface_content,src/data/cases/generated,friend-01,evidence[e-4].viewerDataByStage.3.chat.messages[2].time,오전 12:49,,午前12時49分,上午 12:49,"Case metadata, character profile, dispute, evidence, solution, or evidence-viewer surface text. Party dialogue scripts are not included here."
case_surface_content_src_data_cases_generated_friend-01_evidence_e-4_.viewerDataByStage.3.chat.messages_3_.sender,case_surface_content,src/data/cases/generated,friend-01,evidence[e-4].viewerDataByStage.3.chat.messages[3].sender,최수민,,チェ・スミン,崔苏民,"Case metadata, character profile, dispute, evidence, solution, or evidence-viewer surface text. Party dialogue scripts are not included here."
case_surface_content_src_data_cases_generated_friend-01_evidence_e-4_.viewerDataByStage.3.chat.messages_3_.text,case_surface_content,src/data/cases/generated,friend-01,evidence[e-4].viewerDataByStage.3.chat.messages[3].text,"태윤 씨, 지금 시간도 그렇고 이런 연락은 불편합니다.","Taeyun, given the current time, this type of contact is inconvenient.",テユンさん、今の時間もそういう連絡は不便です。,泰妍，在现在的时间里，这种联系方式很不方便。,"Case metadata, character profile, dispute, evidence, solution, or evidence-viewer surface text. Party dialogue scripts are not included here."
case_surface_content_src_data_cases_generated_friend-01_evidence_e-4_.viewerDataByStage.3.chat.messages_3_.time,case_surface_content,src/data/cases/generated,friend-01,evidence[e-4].viewerDataByStage.3.chat.messages[3].time,오전 12:51,,午前12時51分,上午 12:51,"Case metadata, character profile, dispute, evidence, solution, or evidence-viewer surface text. Party dialogue scripts are not included here."
case_surface_content_src_data_cases_generated_friend-01_evidence_e-4_.viewerDataByStage.3.chat.messages_4_.sender,case_surface_content,src/data/cases/generated,friend-01,evidence[e-4].viewerDataByStage.3.chat.messages[4].sender,김태윤,,キム・テユン,金泰润,"Case metadata, character profile, dispute, evidence, solution, or evidence-viewer surface text. Party dialogue scripts are not included here."
case_surface_content_src_data_cases_generated_friend-01_evidence_e-4_.viewerDataByStage.3.chat.messages_4_.text,case_surface_content,src/data/cases/generated,friend-01,evidence[e-4].viewerDataByStage.3.chat.messages[4].text,딱 한 잔만 더 할래요? 다은이한테는 그냥 회사 사람들 만났다고 하면 되고.,Would you like just one more drink? Just tell Da-eun that you met people from the company.,ちょっと一杯だけもっとやりますか？ダウンイにはただ会社の人々に会ったと言えばいい。,您还想再喝一杯吗？只要告诉多恩你遇到了公司的人就可以了。,"Case metadata, character profile, dispute, evidence, solution, or evidence-viewer surface text. Party dialogue scripts are not included here."
case_surface_content_src_data_cases_generated_friend-01_evidence_e-4_.viewerDataByStage.3.chat.messages_4_.time,case_surface_content,src/data/cases/generated,friend-01,evidence[e-4].viewerDataByStage.3.chat.messages[4].time,오전 12:53,,午前12時53分,上午 12:53,"Case metadata, character profile, dispute, evidence, solution, or evidence-viewer surface text. Party dialogue scripts are not included here."
case_surface_content_src_data_cases_generated_friend-01_evidence_e-4_.viewerDataByStage.3.chat.messages_5_.sender,case_surface_content,src/data/cases/generated,friend-01,evidence[e-4].viewerDataByStage.3.chat.messages[5].sender,최수민,,チェ・スミン,崔苏民,"Case metadata, character profile, dispute, evidence, solution, or evidence-viewer surface text. Party dialogue scripts are not included here."
case_surface_content_src_data_cases_generated_friend-01_evidence_e-4_.viewerDataByStage.3.chat.messages_5_.text,case_surface_content,src/data/cases/generated,friend-01,evidence[e-4].viewerDataByStage.3.chat.messages[5].text,다은이 예비신랑이잖아요. 저는 이런 식으로 만나지 않습니다.,Da-eun is the groom-to-be. I don't meet people like this.,Daeunは予備の新郎です。私はこのように会いません。,多恩是准新郎。我不会遇到这样的人。,"Case metadata, character profile, dispute, evidence, solution, or evidence-viewer surface text. Party dialogue scripts are not included here."
case_surface_content_src_data_cases_generated_friend-01_evidence_e-4_.viewerDataByStage.3.chat.messages_5_.time,case_surface_content,src/data/cases/generated,friend-01,evidence[e-4].viewerDataByStage.3.chat.messages[5].time,오전 12:54,,午前12時54分,上午 12:54,"Case metadata, character profile, dispute, evidence, solution, or evidence-viewer surface text. Party dialogue scripts are not included here."
case_surface_content_src_data_cases_generated_friend-01_evidence_e-4_.viewerDataByStage.3.chat.messages_6_.sender,case_surface_content,src/data/cases/generated,friend-01,evidence[e-4].viewerDataByStage.3.chat.messages[6].sender,김태윤,,キム・テユン,金泰润,"Case metadata, character profile, dispute, evidence, solution, or evidence-viewer surface text. Party dialogue scripts are not included here."
case_surface_content_src_data_cases_generated_friend-01_evidence_e-4_.viewerDataByStage.3.chat.messages_6_.text,case_surface_content,src/data/cases/generated,friend-01,evidence[e-4].viewerDataByStage.3.chat.messages[6].text,너무 선 긋지 말고. 원래 너 같은 스타일 좋아했거든.,Don't draw too many lines. I used to like your style.,あまり線を引かないでください。もともとあなたのようなスタイルが好きでした。,不要画太多线。我以前很喜欢你的风格。,"Case metadata, character profile, dispute, evidence, solution, or evidence-viewer surface text. Party dialogue scripts are not included here."
case_surface_content_src_data_cases_generated_friend-01_evidence_e-4_.viewerDataByStage.3.chat.messages_6_.time,case_surface_content,src/data/cases/generated,friend-01,evidence[e-4].viewerDataByStage.3.chat.messages[6].time,오전 12:56,,午前12時56分,上午 12:56,"Case metadata, character profile, dispute, evidence, solution, or evidence-viewer surface text. Party dialogue scripts are not included here."
case_surface_content_src_data_cases_generated_friend-01_evidence_e-4_.viewerDataByStage.3.chat.messages_7_.sender,case_surface_content,src/data/cases/generated,friend-01,evidence[e-4].viewerDataByStage.3.chat.messages[7].sender,최수민,,チェ・スミン,崔苏民,"Case metadata, character profile, dispute, evidence, solution, or evidence-viewer surface text. Party dialogue scripts are not included here."
case_surface_content_src_data_cases_generated_friend-01_evidence_e-4_.viewerDataByStage.3.chat.messages_7_.text,case_surface_content,src/data/cases/generated,friend-01,evidence[e-4].viewerDataByStage.3.chat.messages[7].text,그만하세요. 이 대화는 남겨두겠습니다.,Stop it. I'll leave this conversation aside.,やめてください。この会話は残します。,停止吧。我将把这次谈话放在一边。,"Case metadata, character profile, dispute, evidence, solution, or evidence-viewer surface text. Party dialogue scripts are not included here."
case_surface_content_src_data_cases_generated_friend-01_evidence_e-4_.viewerDataByStage.3.chat.messages_7_.time,case_surface_content,src/data/cases/generated,friend-01,evidence[e-4].viewerDataByStage.3.chat.messages[7].time,오전 12:58,,午前12時58分,中午 12:58,"Case metadata, character profile, dispute, evidence, solution, or evidence-viewer surface text. Party dialogue scripts are not included here."
case_surface_content_src_data_cases_generated_friend-01_evidence_e-4_.viewerDataByStage.3.chat.messages_8_.text,case_surface_content,src/data/cases/generated,friend-01,evidence[e-4].viewerDataByStage.3.chat.messages[8].text,김태윤 — 읽음 (답장 없음),Taeyun Kim — Read (no reply),キム・テユン - 読む（返信なし）,Taeyun Kim — 已读（无回复）,"Case metadata, character profile, dispute, evidence, solution, or evidence-viewer surface text. Party dialogue scripts are not included here."
case_surface_content_src_data_cases_generated_friend-01_evidence_e-4_.viewerDataByStage.3.chat.pages_0_.header,case_surface_content,src/data/cases/generated,friend-01,evidence[e-4].viewerDataByStage.3.chat.pages[0].header,김태윤 카톡 — 2026.02.18 (1쪽 일상 대화),,キム・テユン カトク — 2026.02.18 (1 日常会話),金泰妍 KakaoTalk — 2026.02.18（第 1 页，日常对话）,"Case metadata, character profile, dispute, evidence, solution, or evidence-viewer surface text. Party dialogue scripts are not included here."
case_surface_content_src_data_cases_generated_friend-01_evidence_e-4_.viewerDataByStage.3.chat.pages_0_.label,case_surface_content,src/data/cases/generated,friend-01,evidence[e-4].viewerDataByStage.3.chat.pages[0].label,1쪽 일상 대화,Page 1 Daily conversation,1ページ 日常会話,第1页 日常对话,"Case metadata, character profile, dispute, evidence, solution, or evidence-viewer surface text. Party dialogue scripts are not included here."
case_surface_content_src_data_cases_generated_friend-01_evidence_e-4_.viewerDataByStage.3.chat.pages_0_.messages_0_.text,case_surface_content,src/data/cases/generated,friend-01,evidence[e-4].viewerDataByStage.3.chat.pages[0].messages[0].text,2026.02.18 오후 7:12 · 대화 초반,2026.02.18 7:12 PM · Beginning of conversation,2026.02.18 午後7時12分 · 会話序盤,2026.02.18 7:12 PM · 对话开始,"Case metadata, character profile, dispute, evidence, solution, or evidence-viewer surface text. Party dialogue scripts are not included here."
case_surface_content_src_data_cases_generated_friend-01_evidence_e-4_.viewerDataByStage.3.chat.pages_0_.messages_1_.sender,case_surface_content,src/data/cases/generated,friend-01,evidence[e-4].viewerDataByStage.3.chat.pages[0].messages[1].sender,김태윤,,キム・テユン,金泰润,"Case metadata, character profile, dispute, evidence, solution, or evidence-viewer surface text. Party dialogue scripts are not included here."
case_surface_content_src_data_cases_generated_friend-01_evidence_e-4_.viewerDataByStage.3.chat.pages_0_.messages_1_.text,case_surface_content,src/data/cases/generated,friend-01,evidence[e-4].viewerDataByStage.3.chat.pages[0].messages[1].text,"수민 씨, 다은이가 요즘 필라테스 예약이 어렵다던데 맞아요?","Sumin, Da-eun said it’s difficult to make Pilates reservations these days. Is that true?",スミンさん、ダウンは最近ピラティス予約が難しいと思いますか？,苏民、多恩说，现在普拉提很难预约。这是真的吗？,"Case metadata, character profile, dispute, evidence, solution, or evidence-viewer surface text. Party dialogue scripts are not included here."
case_surface_content_src_data_cases_generated_friend-01_evidence_e-4_.viewerDataByStage.3.chat.pages_0_.messages_1_.time,case_surface_content,src/data/cases/generated,friend-01,evidence[e-4].viewerDataByStage.3.chat.pages[0].messages[1].time,오후 7:12,,午後7時12分,晚上 7:12,"Case metadata, character profile, dispute, evidence, solution, or evidence-viewer surface text. Party dialogue scripts are not included here."
case_surface_content_src_data_cases_generated_friend-01_evidence_e-4_.viewerDataByStage.3.chat.pages_0_.messages_2_.sender,case_surface_content,src/data/cases/generated,friend-01,evidence[e-4].viewerDataByStage.3.chat.pages[0].messages[2].sender,최수민,,チェ・スミン,崔苏民,"Case metadata, character profile, dispute, evidence, solution, or evidence-viewer surface text. Party dialogue scripts are not included here."
case_surface_content_src_data_cases_generated_friend-01_evidence_e-4_.viewerDataByStage.3.chat.pages_0_.messages_2_.text,case_surface_content,src/data/cases/generated,friend-01,evidence[e-4].viewerDataByStage.3.chat.pages[0].messages[2].text,"네, 퇴근 시간대는 거의 꽉 차요. 필요하면 센터 번호 알려드릴게요.","Yes, the after-work hours are almost full. I will tell you the center number if necessary.",はい、退勤時間帯はほぼいっぱいです。必要に応じてセンター番号をお知らせします。,是的，下班时间几乎已经排满了。如果需要的话我会告诉你中心号码。,"Case metadata, character profile, dispute, evidence, solution, or evidence-viewer surface text. Party dialogue scripts are not included here."
case_surface_content_src_data_cases_generated_friend-01_evidence_e-4_.viewerDataByStage.3.chat.pages_0_.messages_2_.time,case_surface_content,src/data/cases/generated,friend-01,evidence[e-4].viewerDataByStage.3.chat.pages[0].messages[2].time,오후 7:14,,午後7時14分,晚上 7:14,"Case metadata, character profile, dispute, evidence, solution, or evidence-viewer surface text. Party dialogue scripts are not included here."
case_surface_content_src_data_cases_generated_friend-01_evidence_e-4_.viewerDataByStage.3.chat.pages_0_.messages_3_.sender,case_surface_content,src/data/cases/generated,friend-01,evidence[e-4].viewerDataByStage.3.chat.pages[0].messages[3].sender,김태윤,,キム・テユン,金泰润,"Case metadata, character profile, dispute, evidence, solution, or evidence-viewer surface text. Party dialogue scripts are not included here."
case_surface_content_src_data_cases_generated_friend-01_evidence_e-4_.viewerDataByStage.3.chat.pages_0_.messages_3_.text,case_surface_content,src/data/cases/generated,friend-01,evidence[e-4].viewerDataByStage.3.chat.pages[0].messages[3].text,아 그렇구나. 결혼식 전에 운동 좀 해야 하나 해서요.,"Oh, I see. I was wondering if I should do some exercise before the wedding.",ああそうだね。結婚式の前に練習をしなければいけません。,我懂了。我想知道婚礼前是否应该做一些运动。,"Case metadata, character profile, dispute, evidence, solution, or evidence-viewer surface text. Party dialogue scripts are not included here."
case_surface_content_src_data_cases_generated_friend-01_evidence_e-4_.viewerDataByStage.3.chat.pages_0_.messages_3_.time,case_surface_content,src/data/cases/generated,friend-01,evidence[e-4].viewerDataByStage.3.chat.pages[0].messages[3].time,오후 7:15,,午後7時15分,晚上 7:15,"Case metadata, character profile, dispute, evidence, solution, or evidence-viewer surface text. Party dialogue scripts are not included here."
case_surface_content_src_data_cases_generated_friend-01_evidence_e-4_.viewerDataByStage.3.chat.pages_0_.messages_4_.sender,case_surface_content,src/data/cases/generated,friend-01,evidence[e-4].viewerDataByStage.3.chat.pages[0].messages[4].sender,최수민,,チェ・スミン,崔苏民,"Case metadata, character profile, dispute, evidence, solution, or evidence-viewer surface text. Party dialogue scripts are not included here."
case_surface_content_src_data_cases_generated_friend-01_evidence_e-4_.viewerDataByStage.3.chat.pages_0_.messages_4_.text,case_surface_content,src/data/cases/generated,friend-01,evidence[e-4].viewerDataByStage.3.chat.pages[0].messages[4].text,다은이랑 같이 상담 받아보시면 될 것 같아요.,I think you should get counseling with Da-eun.,ダウンと一緒に相談してもらえればと思います。,我认为你应该向多恩咨询。,"Case metadata, character profile, dispute, evidence, solution, or evidence-viewer surface text. Party dialogue scripts are not included here."
case_surface_content_src_data_cases_generated_friend-01_evidence_e-4_.viewerDataByStage.3.chat.pages_0_.messages_4_.time,case_surface_content,src/data/cases/generated,friend-01,evidence[e-4].viewerDataByStage.3.chat.pages[0].messages[4].time,오후 7:16,,午後7時16分,晚上 7:16,"Case metadata, character profile, dispute, evidence, solution, or evidence-viewer surface text. Party dialogue scripts are not included here."
case_surface_content_src_data_cases_generated_friend-01_evidence_e-4_.viewerDataByStage.3.chat.pages_1_.header,case_surface_content,src/data/cases/generated,friend-01,evidence[e-4].viewerDataByStage.3.chat.pages[1].header,김태윤 카톡 — 2026.02.21 (2쪽 미심쩍은 부탁),,キム・テユン カトク — 2026.02.21 (2ページ 不審なお願い),Taeyun Kim KakaoTalk — 2026.02.21（第 2 页，可疑请求）,"Case metadata, character profile, dispute, evidence, solution, or evidence-viewer surface text. Party dialogue scripts are not included here."
case_surface_content_src_data_cases_generated_friend-01_evidence_e-4_.viewerDataByStage.3.chat.pages_1_.label,case_surface_content,src/data/cases/generated,friend-01,evidence[e-4].viewerDataByStage.3.chat.pages[1].label,2쪽 미심쩍은 부탁,Page 2: A questionable request,2ページ 不審なお願い,第 2 页：一个有问题的请求,"Case metadata, character profile, dispute, evidence, solution, or evidence-viewer surface text. Party dialogue scripts are not included here."
case_surface_content_src_data_cases_generated_friend-01_evidence_e-4_.viewerDataByStage.3.chat.pages_1_.messages_0_.text,case_surface_content,src/data/cases/generated,friend-01,evidence[e-4].viewerDataByStage.3.chat.pages[1].messages[0].text,2026.02.21 오후 8:36 · 부탁처럼 보이나 목적이 불분명한 구간,"2026.02.21 8:36 PM · It looks like a request, but the purpose is unclear.",2026.02.21 午後8時36分 ・お願いのように見え、目的が不明な区間,2026.02.21 8:36 PM · 看起来像是请求，但目的不明。,"Case metadata, character profile, dispute, evidence, solution, or evidence-viewer surface text. Party dialogue scripts are not included here."
case_surface_content_src_data_cases_generated_friend-01_evidence_e-4_.viewerDataByStage.3.chat.pages_1_.messages_1_.sender,case_surface_content,src/data/cases/generated,friend-01,evidence[e-4].viewerDataByStage.3.chat.pages[1].messages[1].sender,김태윤,,キム・テユン,金泰润,"Case metadata, character profile, dispute, evidence, solution, or evidence-viewer surface text. Party dialogue scripts are not included here."
case_surface_content_src_data_cases_generated_friend-01_evidence_e-4_.viewerDataByStage.3.chat.pages_1_.messages_1_.text,case_surface_content,src/data/cases/generated,friend-01,evidence[e-4].viewerDataByStage.3.chat.pages[1].messages[1].text,"수민 씨, 혹시 다은이한테 바로 말하기 애매한 거 하나만 물어봐도 돼요?","Sumin, can I ask Da-eun something that is difficult to say right away?",スミンさん、もしかしたらダウンがすぐに言うと曖昧なの一つだけ聞いてみてもいいですか？,Sumin，我可以问多恩一些很难马上说的话吗？,"Case metadata, character profile, dispute, evidence, solution, or evidence-viewer surface text. Party dialogue scripts are not included here."
case_surface_content_src_data_cases_generated_friend-01_evidence_e-4_.viewerDataByStage.3.chat.pages_1_.messages_1_.time,case_surface_content,src/data/cases/generated,friend-01,evidence[e-4].viewerDataByStage.3.chat.pages[1].messages[1].time,오후 8:36,,午後8時36分,晚上 8:36,"Case metadata, character profile, dispute, evidence, solution, or evidence-viewer surface text. Party dialogue scripts are not included here."
case_surface_content_src_data_cases_generated_friend-01_evidence_e-4_.viewerDataByStage.3.chat.pages_1_.messages_2_.sender,case_surface_content,src/data/cases/generated,friend-01,evidence[e-4].viewerDataByStage.3.chat.pages[1].messages[2].sender,최수민,,チェ・スミン,崔苏民,"Case metadata, character profile, dispute, evidence, solution, or evidence-viewer surface text. Party dialogue scripts are not included here."
case_surface_content_src_data_cases_generated_friend-01_evidence_e-4_.viewerDataByStage.3.chat.pages_1_.messages_2_.text,case_surface_content,src/data/cases/generated,friend-01,evidence[e-4].viewerDataByStage.3.chat.pages[1].messages[2].text,무슨 일인데요? 다은이랑 관련된 거면 다은이한테 직접 물어보시는 게 맞아요.,"What's going on? If it's related to Da-eun, it's right to ask her directly.",どうしたの？ Daeunと関連しているなら、Daeunに直接尋ねてください。,这是怎么回事？如果是和多恩有关的话，直接问她就对了。,"Case metadata, character profile, dispute, evidence, solution, or evidence-viewer surface text. Party dialogue scripts are not included here."
case_surface_content_src_data_cases_generated_friend-01_evidence_e-4_.viewerDataByStage.3.chat.pages_1_.messages_2_.time,case_surface_content,src/data/cases/generated,friend-01,evidence[e-4].viewerDataByStage.3.chat.pages[1].messages[2].time,오후 8:38,,午後8時38分,晚上 8:38,"Case metadata, character profile, dispute, evidence, solution, or evidence-viewer surface text. Party dialogue scripts are not included here."
case_surface_content_src_data_cases_generated_friend-01_evidence_e-4_.viewerDataByStage.3.chat.pages_1_.messages_3_.sender,case_surface_content,src/data/cases/generated,friend-01,evidence[e-4].viewerDataByStage.3.chat.pages[1].messages[3].sender,김태윤,,キム・テユン,金泰润,"Case metadata, character profile, dispute, evidence, solution, or evidence-viewer surface text. Party dialogue scripts are not included here."
case_surface_content_src_data_cases_generated_friend-01_evidence_e-4_.viewerDataByStage.3.chat.pages_1_.messages_3_.text,case_surface_content,src/data/cases/generated,friend-01,evidence[e-4].viewerDataByStage.3.chat.pages[1].messages[3].text,그냥 여자 입장에서 어떻게 보이는지 궁금해서요.,I'm just curious about what it looks like from a woman's perspective.,ただ女性の立場でどう見えるか気になります。,我只是好奇从女人的角度来看它是什么样子。,"Case metadata, character profile, dispute, evidence, solution, or evidence-viewer surface text. Party dialogue scripts are not included here."
case_surface_content_src_data_cases_generated_friend-01_evidence_e-4_.viewerDataByStage.3.chat.pages_1_.messages_3_.time,case_surface_content,src/data/cases/generated,friend-01,evidence[e-4].viewerDataByStage.3.chat.pages[1].messages[3].time,오후 8:39,,午後8時39分,晚上 8:39,"Case metadata, character profile, dispute, evidence, solution, or evidence-viewer surface text. Party dialogue scripts are not included here."
case_surface_content_src_data_cases_generated_friend-01_evidence_e-4_.viewerDataByStage.3.chat.pages_1_.messages_4_.sender,case_surface_content,src/data/cases/generated,friend-01,evidence[e-4].viewerDataByStage.3.chat.pages[1].messages[4].sender,김태윤,,キム・テユン,金泰润,"Case metadata, character profile, dispute, evidence, solution, or evidence-viewer surface text. Party dialogue scripts are not included here."
case_surface_content_src_data_cases_generated_friend-01_evidence_e-4_.viewerDataByStage.3.chat.pages_1_.messages_4_.text,case_surface_content,src/data/cases/generated,friend-01,evidence[e-4].viewerDataByStage.3.chat.pages[1].messages[4].text,다은이 몰래 잠깐 얘기하면 더 편할 것 같긴 한데.,I think it would be more comfortable if we talked briefly with Da-eun secretly.,ダウンがこっそりしばらく話したらもっと楽になりそうだが。,我想如果我们私下和多恩简单聊聊会更舒服。,"Case metadata, character profile, dispute, evidence, solution, or evidence-viewer surface text. Party dialogue scripts are not included here."
case_surface_content_src_data_cases_generated_friend-01_evidence_e-4_.viewerDataByStage.3.chat.pages_1_.messages_4_.time,case_surface_content,src/data/cases/generated,friend-01,evidence[e-4].viewerDataByStage.3.chat.pages[1].messages[4].time,오후 8:41,,午後8時41分,晚上 8:41,"Case metadata, character profile, dispute, evidence, solution, or evidence-viewer surface text. Party dialogue scripts are not included here."
case_surface_content_src_data_cases_generated_friend-01_evidence_e-4_.viewerDataByStage.3.chat.pages_1_.messages_5_.sender,case_surface_content,src/data/cases/generated,friend-01,evidence[e-4].viewerDataByStage.3.chat.pages[1].messages[5].sender,최수민,,チェ・スミン,崔苏民,"Case metadata, character profile, dispute, evidence, solution, or evidence-viewer surface text. Party dialogue scripts are not included here."
case_surface_content_src_data_cases_generated_friend-01_evidence_e-4_.viewerDataByStage.3.chat.pages_1_.messages_5_.text,case_surface_content,src/data/cases/generated,friend-01,evidence[e-4].viewerDataByStage.3.chat.pages[1].messages[5].text,몰래 얘기할 일은 아닌 것 같아요. 문자로 말씀하세요.,I don't think it's something to talk about secretly. Speak via text.,こっそり話すことではないようです。文字で教えてください。,我认为这不是什么值得秘密谈论的事情。通过文字说话。,"Case metadata, character profile, dispute, evidence, solution, or evidence-viewer surface text. Party dialogue scripts are not included here."
case_surface_content_src_data_cases_generated_friend-01_evidence_e-4_.viewerDataByStage.3.chat.pages_1_.messages_5_.time,case_surface_content,src/data/cases/generated,friend-01,evidence[e-4].viewerDataByStage.3.chat.pages[1].messages[5].time,오후 8:43,,午後8時43分,晚上 8:43,"Case metadata, character profile, dispute, evidence, solution, or evidence-viewer surface text. Party dialogue scripts are not included here."
case_surface_content_src_data_cases_generated_friend-01_evidence_e-4_.viewerDataByStage.3.chat.pages_2_.header,case_surface_content,src/data/cases/generated,friend-01,evidence[e-4].viewerDataByStage.3.chat.pages[2].header,김태윤 카톡 — 2026.02.24 (3쪽 늦은 밤 메시지),,キム・テユン カトク — 2026.02.24 (3ページ 遅い夜のメッセージ),金泰妍 KakaoTalk — 2026.02.24（第3页深夜留言）,"Case metadata, character profile, dispute, evidence, solution, or evidence-viewer surface text. Party dialogue scripts are not included here."
case_surface_content_src_data_cases_generated_friend-01_evidence_e-4_.viewerDataByStage.3.chat.pages_2_.label,case_surface_content,src/data/cases/generated,friend-01,evidence[e-4].viewerDataByStage.3.chat.pages[2].label,3쪽 늦은 밤 메시지,Page 3 Late night message,3ページ遅い夜のメッセージ,第3页 深夜留言,"Case metadata, character profile, dispute, evidence, solution, or evidence-viewer surface text. Party dialogue scripts are not included here."
case_surface_content_src_data_cases_generated_friend-01_evidence_e-4_.viewerDataByStage.3.chat.pages_2_.messages_0_.text,case_surface_content,src/data/cases/generated,friend-01,evidence[e-4].viewerDataByStage.3.chat.pages[2].messages[0].text,2026.02.24 오전 12:47 · 늦은 밤 음주 후로 보이는 메시지,2026.02.24 12:47 AM · Message that appears to be after drinking late at night,2026.02.24 午前12時47分 · 晩夜飲酒後に見えるメッセージ,2026.02.24 12:47 AM · 疑似深夜喝酒后的消息,"Case metadata, character profile, dispute, evidence, solution, or evidence-viewer surface text. Party dialogue scripts are not included here."
case_surface_content_src_data_cases_generated_friend-01_evidence_e-4_.viewerDataByStage.3.chat.pages_2_.messages_1_.sender,case_surface_content,src/data/cases/generated,friend-01,evidence[e-4].viewerDataByStage.3.chat.pages[2].messages[1].sender,김태윤,,キム・テユン,金泰润,"Case metadata, character profile, dispute, evidence, solution, or evidence-viewer surface text. Party dialogue scripts are not included here."
case_surface_content_src_data_cases_generated_friend-01_evidence_e-4_.viewerDataByStage.3.chat.pages_2_.messages_1_.text,case_surface_content,src/data/cases/generated,friend-01,evidence[e-4].viewerDataByStage.3.chat.pages[2].messages[1].text,수민 씨 자요? 나 오늘 좀 마셨어요.,"Sumin, are you sleeping? I drank some today.",スミンさん寝てますか？私は今日少し飲みました。,苏敏，你睡了吗？我今天喝了一些。,"Case metadata, character profile, dispute, evidence, solution, or evidence-viewer surface text. Party dialogue scripts are not included here."
case_surface_content_src_data_cases_generated_friend-01_evidence_e-4_.viewerDataByStage.3.chat.pages_2_.messages_1_.time,case_surface_content,src/data/cases/generated,friend-01,evidence[e-4].viewerDataByStage.3.chat.pages[2].messages[1].time,오전 12:47,,午前12時47分,上午 12:47,"Case metadata, character profile, dispute, evidence, solution, or evidence-viewer surface text. Party dialogue scripts are not included here."
case_surface_content_src_data_cases_generated_friend-01_evidence_e-4_.viewerDataByStage.3.chat.pages_2_.messages_2_.sender,case_surface_content,src/data/cases/generated,friend-01,evidence[e-4].viewerDataByStage.3.chat.pages[2].messages[2].sender,김태윤,,キム・テユン,金泰润,"Case metadata, character profile, dispute, evidence, solution, or evidence-viewer surface text. Party dialogue scripts are not included here."
case_surface_content_src_data_cases_generated_friend-01_evidence_e-4_.viewerDataByStage.3.chat.pages_2_.messages_2_.text,case_surface_content,src/data/cases/generated,friend-01,evidence[e-4].viewerDataByStage.3.chat.pages[2].messages[2].text,이상하게 술 마시면 수민 씨 생각이 나네.,"Strangely, when I drink alcohol, I think of Sumin.",不思議に酒を飲むとスミンさんの思いが出るね。,奇怪的是，我一喝酒就会想起Sumin。,"Case metadata, character profile, dispute, evidence, solution, or evidence-viewer surface text. Party dialogue scripts are not included here."
case_surface_content_src_data_cases_generated_friend-01_evidence_e-4_.viewerDataByStage.3.chat.pages_2_.messages_2_.time,case_surface_content,src/data/cases/generated,friend-01,evidence[e-4].viewerDataByStage.3.chat.pages[2].messages[2].time,오전 12:49,,午前12時49分,上午 12:49,"Case metadata, character profile, dispute, evidence, solution, or evidence-viewer surface text. Party dialogue scripts are not included here."
case_surface_content_src_data_cases_generated_friend-01_evidence_e-4_.viewerDataByStage.3.chat.pages_2_.messages_3_.sender,case_surface_content,src/data/cases/generated,friend-01,evidence[e-4].viewerDataByStage.3.chat.pages[2].messages[3].sender,최수민,,チェ・スミン,崔苏民,"Case metadata, character profile, dispute, evidence, solution, or evidence-viewer surface text. Party dialogue scripts are not included here."
case_surface_content_src_data_cases_generated_friend-01_evidence_e-4_.viewerDataByStage.3.chat.pages_2_.messages_3_.text,case_surface_content,src/data/cases/generated,friend-01,evidence[e-4].viewerDataByStage.3.chat.pages[2].messages[3].text,"태윤 씨, 지금 시간도 그렇고 이런 연락은 불편합니다.","Taeyun, given the current time, this type of contact is inconvenient.",テユンさん、今の時間もそういう連絡は不便です。,泰妍，在现在的时间里，这种联系方式很不方便。,"Case metadata, character profile, dispute, evidence, solution, or evidence-viewer surface text. Party dialogue scripts are not included here."
case_surface_content_src_data_cases_generated_friend-01_evidence_e-4_.viewerDataByStage.3.chat.pages_2_.messages_3_.time,case_surface_content,src/data/cases/generated,friend-01,evidence[e-4].viewerDataByStage.3.chat.pages[2].messages[3].time,오전 12:51,,午前12時51分,上午 12:51,"Case metadata, character profile, dispute, evidence, solution, or evidence-viewer surface text. Party dialogue scripts are not included here."
case_surface_content_src_data_cases_generated_friend-01_evidence_e-4_.viewerDataByStage.3.chat.pages_2_.messages_4_.sender,case_surface_content,src/data/cases/generated,friend-01,evidence[e-4].viewerDataByStage.3.chat.pages[2].messages[4].sender,김태윤,,キム・テユン,金泰润,"Case metadata, character profile, dispute, evidence, solution, or evidence-viewer surface text. Party dialogue scripts are not included here."
case_surface_content_src_data_cases_generated_friend-01_evidence_e-4_.viewerDataByStage.3.chat.pages_2_.messages_4_.text,case_surface_content,src/data/cases/generated,friend-01,evidence[e-4].viewerDataByStage.3.chat.pages[2].messages[4].text,딱 한 잔만 더 할래요? 다은이한테는 그냥 회사 사람들 만났다고 하면 되고.,Would you like just one more drink? Just tell Da-eun that you met people from the company.,ちょっと一杯だけもっとやりますか？ダウンイにはただ会社の人々に会ったと言えばいい。,您还想再喝一杯吗？只要告诉多恩你遇到了公司的人就可以了。,"Case metadata, character profile, dispute, evidence, solution, or evidence-viewer surface text. Party dialogue scripts are not included here."
case_surface_content_src_data_cases_generated_friend-01_evidence_e-4_.viewerDataByStage.3.chat.pages_2_.messages_4_.time,case_surface_content,src/data/cases/generated,friend-01,evidence[e-4].viewerDataByStage.3.chat.pages[2].messages[4].time,오전 12:53,,午前12時53分,上午 12:53,"Case metadata, character profile, dispute, evidence, solution, or evidence-viewer surface text. Party dialogue scripts are not included here."
case_surface_content_src_data_cases_generated_friend-01_evidence_e-4_.viewerDataByStage.3.chat.pages_2_.messages_5_.sender,case_surface_content,src/data/cases/generated,friend-01,evidence[e-4].viewerDataByStage.3.chat.pages[2].messages[5].sender,최수민,,チェ・スミン,崔苏民,"Case metadata, character profile, dispute, evidence, solution, or evidence-viewer surface text. Party dialogue scripts are not included here."
case_surface_content_src_data_cases_generated_friend-01_evidence_e-4_.viewerDataByStage.3.chat.pages_2_.messages_5_.text,case_surface_content,src/data/cases/generated,friend-01,evidence[e-4].viewerDataByStage.3.chat.pages[2].messages[5].text,다은이 예비신랑이잖아요. 저는 이런 식으로 만나지 않습니다.,Da-eun is the groom-to-be. I don't meet people like this.,Daeunは予備の新郎です。私はこのように会いません。,多恩是准新郎。我不会遇到这样的人。,"Case metadata, character profile, dispute, evidence, solution, or evidence-viewer surface text. Party dialogue scripts are not included here."
case_surface_content_src_data_cases_generated_friend-01_evidence_e-4_.viewerDataByStage.3.chat.pages_2_.messages_5_.time,case_surface_content,src/data/cases/generated,friend-01,evidence[e-4].viewerDataByStage.3.chat.pages[2].messages[5].time,오전 12:54,,午前12時54分,上午 12:54,"Case metadata, character profile, dispute, evidence, solution, or evidence-viewer surface text. Party dialogue scripts are not included here."
case_surface_content_src_data_cases_generated_friend-01_evidence_e-4_.viewerDataByStage.3.chat.pages_2_.messages_6_.sender,case_surface_content,src/data/cases/generated,friend-01,evidence[e-4].viewerDataByStage.3.chat.pages[2].messages[6].sender,김태윤,,キム・テユン,金泰润,"Case metadata, character profile, dispute, evidence, solution, or evidence-viewer surface text. Party dialogue scripts are not included here."
case_surface_content_src_data_cases_generated_friend-01_evidence_e-4_.viewerDataByStage.3.chat.pages_2_.messages_6_.text,case_surface_content,src/data/cases/generated,friend-01,evidence[e-4].viewerDataByStage.3.chat.pages[2].messages[6].text,너무 선 긋지 말고. 원래 너 같은 스타일 좋아했거든.,Don't draw too many lines. I used to like your style.,あまり線を引かないでください。もともとあなたのようなスタイルが好きでした。,不要画太多线。我以前很喜欢你的风格。,"Case metadata, character profile, dispute, evidence, solution, or evidence-viewer surface text. Party dialogue scripts are not included here."
case_surface_content_src_data_cases_generated_friend-01_evidence_e-4_.viewerDataByStage.3.chat.pages_2_.messages_6_.time,case_surface_content,src/data/cases/generated,friend-01,evidence[e-4].viewerDataByStage.3.chat.pages[2].messages[6].time,오전 12:56,,午前12時56分,上午 12:56,"Case metadata, character profile, dispute, evidence, solution, or evidence-viewer surface text. Party dialogue scripts are not included here."
case_surface_content_src_data_cases_generated_friend-01_evidence_e-4_.viewerDataByStage.3.chat.pages_2_.messages_7_.sender,case_surface_content,src/data/cases/generated,friend-01,evidence[e-4].viewerDataByStage.3.chat.pages[2].messages[7].sender,최수민,,チェ・スミン,崔苏民,"Case metadata, character profile, dispute, evidence, solution, or evidence-viewer surface text. Party dialogue scripts are not included here."
case_surface_content_src_data_cases_generated_friend-01_evidence_e-4_.viewerDataByStage.3.chat.pages_2_.messages_7_.text,case_surface_content,src/data/cases/generated,friend-01,evidence[e-4].viewerDataByStage.3.chat.pages[2].messages[7].text,그만하세요. 이 대화는 남겨두겠습니다.,Stop it. I'll leave this conversation aside.,やめてください。この会話は残します。,停止吧。我将把这次谈话放在一边。,"Case metadata, character profile, dispute, evidence, solution, or evidence-viewer surface text. Party dialogue scripts are not included here."
case_surface_content_src_data_cases_generated_friend-01_evidence_e-4_.viewerDataByStage.3.chat.pages_2_.messages_7_.time,case_surface_content,src/data/cases/generated,friend-01,evidence[e-4].viewerDataByStage.3.chat.pages[2].messages[7].time,오전 12:58,,午前12時58分,中午 12:58,"Case metadata, character profile, dispute, evidence, solution, or evidence-viewer surface text. Party dialogue scripts are not included here."
case_surface_content_src_data_cases_generated_friend-01_evidence_e-4_.viewerDataByStage.3.chat.pages_2_.messages_8_.text,case_surface_content,src/data/cases/generated,friend-01,evidence[e-4].viewerDataByStage.3.chat.pages[2].messages[8].text,김태윤 — 읽음 (답장 없음),Taeyun Kim — Read (no reply),キム・テユン - 読む（返信なし）,Taeyun Kim — 已读（无回复）,"Case metadata, character profile, dispute, evidence, solution, or evidence-viewer surface text. Party dialogue scripts are not included here."
case_surface_content_src_data_cases_generated_friend-01_evidence_e-4_.viewerDataByStage.3.meta.legalLabel,case_surface_content,src/data/cases/generated,friend-01,evidence[e-4].viewerDataByStage.3.meta.legalLabel,적법,,適法,合法性,"Case metadata, character profile, dispute, evidence, solution, or evidence-viewer surface text. Party dialogue scripts are not included here."
case_surface_content_src_data_cases_generated_friend-01_evidence_e-4_.viewerDataByStage.3.meta.name,case_surface_content,src/data/cases/generated,friend-01,evidence[e-4].viewerDataByStage.3.meta.name,예비신랑 메시지,groom-to-be message,予備新郎メッセージ,准新郎留言,"Case metadata, character profile, dispute, evidence, solution, or evidence-viewer surface text. Party dialogue scripts are not included here."
case_surface_content_src_data_cases_generated_friend-01_evidence_e-4_.viewerDataByStage.3.meta.sourceLabel,case_surface_content,src/data/cases/generated,friend-01,evidence[e-4].viewerDataByStage.3.meta.sourceLabel,최수민 측,,チェ・スミン側,崔秀敏身边,"Case metadata, character profile, dispute, evidence, solution, or evidence-viewer surface text. Party dialogue scripts are not included here."
case_surface_content_src_data_cases_generated_friend-01_evidence_e-4_.viewerDataByStage.3.meta.stageLabel,case_surface_content,src/data/cases/generated,friend-01,evidence[e-4].viewerDataByStage.3.meta.stageLabel,3단계 — 늦은 밤 원문 공개,,ステップ3 - 夜遅くに原文を公開,第 3 步 — 深夜原创发布,"Case metadata, character profile, dispute, evidence, solution, or evidence-viewer surface text. Party dialogue scripts are not included here."
case_surface_content_src_data_cases_generated_friend-01_evidence_e-4_.viewerDataByStage.3.meta.trustLabel,case_surface_content,src/data/cases/generated,friend-01,evidence[e-4].viewerDataByStage.3.meta.trustLabel,보통,,通常,通常,"Case metadata, character profile, dispute, evidence, solution, or evidence-viewer surface text. Party dialogue scripts are not included here."
