id,category,source,case_id,key_path,ko,en,ja,zh-CN,notes
hardcoded_source_literal_src_components_pc_evidence_EvidenceSubViewers.tsx_line:44,hardcoded_source_literal,src/components/pc/evidence/EvidenceSubViewers.tsx,,line:44,속도,,,,Visible Korean/CJK source literal outside i18n/data. Review whether it should move into i18n or remain developer-only.
hardcoded_source_literal_src_components_pc_evidence_EvidenceSubViewers.tsx_line:45,hardcoded_source_literal,src/components/pc/evidence/EvidenceSubViewers.tsx,,line:45,조회 기간 미상,,,,Visible Korean/CJK source literal outside i18n/data. Review whether it should move into i18n or remain developer-only.
hardcoded_source_literal_src_components_pc_evidence_EvidenceSubViewers.tsx_line:46,hardcoded_source_literal,src/components/pc/evidence/EvidenceSubViewers.tsx,,line:46,금융거래 내역 조회표,,,,Visible Korean/CJK source literal outside i18n/data. Review whether it should move into i18n or remain developer-only.
hardcoded_source_literal_src_components_pc_evidence_EvidenceSubViewers.tsx_line:47,hardcoded_source_literal,src/components/pc/evidence/EvidenceSubViewers.tsx,,line:47,{period} / 거래 원장 출력본,,,,Visible Korean/CJK source literal outside i18n/data. Review whether it should move into i18n or remain developer-only.
hardcoded_source_literal_src_components_pc_evidence_EvidenceSubViewers.tsx_line:48,hardcoded_source_literal,src/components/pc/evidence/EvidenceSubViewers.tsx,,line:48,거래확인,,,,Visible Korean/CJK source literal outside i18n/data. Review whether it should move into i18n or remain developer-only.
hardcoded_source_literal_src_components_pc_evidence_EvidenceSubViewers.tsx_line:49,hardcoded_source_literal,src/components/pc/evidence/EvidenceSubViewers.tsx,,line:49,중점 거래 {count}건 표시 · 제출용 사본,,,,Visible Korean/CJK source literal outside i18n/data. Review whether it should move into i18n or remain developer-only.
hardcoded_source_literal_src_components_pc_evidence_EvidenceSubViewers.tsx_line:50,hardcoded_source_literal,src/components/pc/evidence/EvidenceSubViewers.tsx,,line:50,조회 계좌,,,,Visible Korean/CJK source literal outside i18n/data. Review whether it should move into i18n or remain developer-only.
hardcoded_source_literal_src_components_pc_evidence_EvidenceSubViewers.tsx_line:51,hardcoded_source_literal,src/components/pc/evidence/EvidenceSubViewers.tsx,,line:51,제출자 보관 계좌,,,,Visible Korean/CJK source literal outside i18n/data. Review whether it should move into i18n or remain developer-only.
hardcoded_source_literal_src_components_pc_evidence_EvidenceSubViewers.tsx_line:52,hardcoded_source_literal,src/components/pc/evidence/EvidenceSubViewers.tsx,,line:52,표시 기준,,,,Visible Korean/CJK source literal outside i18n/data. Review whether it should move into i18n or remain developer-only.
hardcoded_source_literal_src_components_pc_evidence_EvidenceSubViewers.tsx_line:53,hardcoded_source_literal,src/components/pc/evidence/EvidenceSubViewers.tsx,,line:53,입출금·잔액 대조,,,,Visible Korean/CJK source literal outside i18n/data. Review whether it should move into i18n or remain developer-only.
hardcoded_source_literal_src_components_pc_evidence_EvidenceSubViewers.tsx_line:54,hardcoded_source_literal,src/components/pc/evidence/EvidenceSubViewers.tsx,,line:54,금융거래 내역,,,,Visible Korean/CJK source literal outside i18n/data. Review whether it should move into i18n or remain developer-only.
hardcoded_source_literal_src_components_pc_evidence_EvidenceSubViewers.tsx_line:55,hardcoded_source_literal,src/components/pc/evidence/EvidenceSubViewers.tsx,,line:55,거래일,,,,Visible Korean/CJK source literal outside i18n/data. Review whether it should move into i18n or remain developer-only.
hardcoded_source_literal_src_components_pc_evidence_EvidenceSubViewers.tsx_line:56,hardcoded_source_literal,src/components/pc/evidence/EvidenceSubViewers.tsx,,line:56,적요,,,,Visible Korean/CJK source literal outside i18n/data. Review whether it should move into i18n or remain developer-only.
hardcoded_source_literal_src_components_pc_evidence_EvidenceSubViewers.tsx_line:57,hardcoded_source_literal,src/components/pc/evidence/EvidenceSubViewers.tsx,,line:57,거래금액,,,,Visible Korean/CJK source literal outside i18n/data. Review whether it should move into i18n or remain developer-only.
hardcoded_source_literal_src_components_pc_evidence_EvidenceSubViewers.tsx_line:58,hardcoded_source_literal,src/components/pc/evidence/EvidenceSubViewers.tsx,,line:58,잔액,,,,Visible Korean/CJK source literal outside i18n/data. Review whether it should move into i18n or remain developer-only.
hardcoded_source_literal_src_components_pc_evidence_EvidenceSubViewers.tsx_line:59,hardcoded_source_literal,src/components/pc/evidence/EvidenceSubViewers.tsx,,line:59,대화 캡처 페이지,,,,Visible Korean/CJK source literal outside i18n/data. Review whether it should move into i18n or remain developer-only.
hardcoded_source_literal_src_components_pc_evidence_EvidenceSubViewers.tsx_line:60,hardcoded_source_literal,src/components/pc/evidence/EvidenceSubViewers.tsx,,line:60,{index}쪽,,,,Visible Korean/CJK source literal outside i18n/data. Review whether it should move into i18n or remain developer-only.
hardcoded_source_literal_src_components_pc_evidence_EvidenceSubViewers.tsx_line:61,hardcoded_source_literal,src/components/pc/evidence/EvidenceSubViewers.tsx,,line:61,상대방,,,,Visible Korean/CJK source literal outside i18n/data. Review whether it should move into i18n or remain developer-only.
hardcoded_source_literal_src_components_pc_evidence_EvidenceSubViewers.tsx_line:63,hardcoded_source_literal,src/components/pc/evidence/EvidenceSubViewers.tsx,,line:63,채팅 입력 상태,,,,Visible Korean/CJK source literal outside i18n/data. Review whether it should move into i18n or remain developer-only.
hardcoded_source_literal_src_components_pc_evidence_EvidenceSubViewers.tsx_line:64,hardcoded_source_literal,src/components/pc/evidence/EvidenceSubViewers.tsx,,line:64,단체 대화방,,,,Visible Korean/CJK source literal outside i18n/data. Review whether it should move into i18n or remain developer-only.
hardcoded_source_literal_src_components_pc_evidence_EvidenceSubViewers.tsx_line:65,hardcoded_source_literal,src/components/pc/evidence/EvidenceSubViewers.tsx,,line:65,발신자 미상,,,,Visible Korean/CJK source literal outside i18n/data. Review whether it should move into i18n or remain developer-only.
hardcoded_source_literal_src_components_pc_evidence_EvidenceSubViewers.tsx_line:66,hardcoded_source_literal,src/components/pc/evidence/EvidenceSubViewers.tsx,,line:66,확인,,,,Visible Korean/CJK source literal outside i18n/data. Review whether it should move into i18n or remain developer-only.
hardcoded_source_literal_src_components_pc_evidence_EvidenceSubViewers.tsx_line:67,hardcoded_source_literal,src/components/pc/evidence/EvidenceSubViewers.tsx,,line:67,항목,,,,Visible Korean/CJK source literal outside i18n/data. Review whether it should move into i18n or remain developer-only.
hardcoded_source_literal_src_components_pc_evidence_EvidenceSubViewers.tsx_line:68,hardcoded_source_literal,src/components/pc/evidence/EvidenceSubViewers.tsx,,line:68,공증,,,,Visible Korean/CJK source literal outside i18n/data. Review whether it should move into i18n or remain developer-only.
hardcoded_source_literal_src_components_pc_evidence_EvidenceSubViewers.tsx_line:69,hardcoded_source_literal,src/components/pc/evidence/EvidenceSubViewers.tsx,,line:69,전 요양보호사 음성증언,,,,Visible Korean/CJK source literal outside i18n/data. Review whether it should move into i18n or remain developer-only.
hardcoded_source_literal_src_components_pc_evidence_EvidenceSubViewers.tsx_line:70,hardcoded_source_literal,src/components/pc/evidence/EvidenceSubViewers.tsx,,line:70,속기사 녹취 요약 / 음성 원본 대조,,,,Visible Korean/CJK source literal outside i18n/data. Review whether it should move into i18n or remain developer-only.
hardcoded_source_literal_src_components_pc_evidence_EvidenceSubViewers.tsx_line:71,hardcoded_source_literal,src/components/pc/evidence/EvidenceSubViewers.tsx,,line:71,증언 정보,,,,Visible Korean/CJK source literal outside i18n/data. Review whether it should move into i18n or remain developer-only.
hardcoded_source_literal_src_components_pc_evidence_EvidenceSubViewers.tsx_line:72,hardcoded_source_literal,src/components/pc/evidence/EvidenceSubViewers.tsx,,line:72,증언자,,,,Visible Korean/CJK source literal outside i18n/data. Review whether it should move into i18n or remain developer-only.
hardcoded_source_literal_src_components_pc_evidence_EvidenceSubViewers.tsx_line:73,hardcoded_source_literal,src/components/pc/evidence/EvidenceSubViewers.tsx,,line:73,관계,,,,Visible Korean/CJK source literal outside i18n/data. Review whether it should move into i18n or remain developer-only.
hardcoded_source_literal_src_components_pc_evidence_EvidenceSubViewers.tsx_line:74,hardcoded_source_literal,src/components/pc/evidence/EvidenceSubViewers.tsx,,line:74,확실도,,,,Visible Korean/CJK source literal outside i18n/data. Review whether it should move into i18n or remain developer-only.
hardcoded_source_literal_src_components_pc_evidence_EvidenceSubViewers.tsx_line:75,hardcoded_source_literal,src/components/pc/evidence/EvidenceSubViewers.tsx,,line:75,편향도,,,,Visible Korean/CJK source literal outside i18n/data. Review whether it should move into i18n or remain developer-only.
hardcoded_source_literal_src_components_pc_evidence_EvidenceSubViewers.tsx_line:76,hardcoded_source_literal,src/components/pc/evidence/EvidenceSubViewers.tsx,,line:76,A편,,,,Visible Korean/CJK source literal outside i18n/data. Review whether it should move into i18n or remain developer-only.
hardcoded_source_literal_src_components_pc_evidence_EvidenceSubViewers.tsx_line:77,hardcoded_source_literal,src/components/pc/evidence/EvidenceSubViewers.tsx,,line:77,중립,,,,Visible Korean/CJK source literal outside i18n/data. Review whether it should move into i18n or remain developer-only.
hardcoded_source_literal_src_components_pc_evidence_EvidenceSubViewers.tsx_line:78,hardcoded_source_literal,src/components/pc/evidence/EvidenceSubViewers.tsx,,line:78,B편,,,,Visible Korean/CJK source literal outside i18n/data. Review whether it should move into i18n or remain developer-only.
hardcoded_source_literal_src_components_pc_evidence_EvidenceSubViewers.tsx_line:79,hardcoded_source_literal,src/components/pc/evidence/EvidenceSubViewers.tsx,,line:79,속기사 녹취 내용,,,,Visible Korean/CJK source literal outside i18n/data. Review whether it should move into i18n or remain developer-only.
hardcoded_source_literal_src_components_pc_evidence_EvidenceSubViewers.tsx_line:80,hardcoded_source_literal,src/components/pc/evidence/EvidenceSubViewers.tsx,,line:80,직접 목격 진술,,,,Visible Korean/CJK source literal outside i18n/data. Review whether it should move into i18n or remain developer-only.
hardcoded_source_literal_src_components_pc_evidence_EvidenceSubViewers.tsx_line:81,hardcoded_source_literal,src/components/pc/evidence/EvidenceSubViewers.tsx,,line:81,전언 포함,,,,Visible Korean/CJK source literal outside i18n/data. Review whether it should move into i18n or remain developer-only.
hardcoded_source_literal_src_components_pc_evidence_EvidenceSubViewers.tsx_line:82,hardcoded_source_literal,src/components/pc/evidence/EvidenceSubViewers.tsx,,line:82,관련 참조,,,,Visible Korean/CJK source literal outside i18n/data. Review whether it should move into i18n or remain developer-only.
hardcoded_source_literal_src_components_pc_evidence_EvidenceSubViewers.tsx_line:83,hardcoded_source_literal,src/components/pc/evidence/EvidenceSubViewers.tsx,,line:83,← 이전 프레임,,,,Visible Korean/CJK source literal outside i18n/data. Review whether it should move into i18n or remain developer-only.
hardcoded_source_literal_src_components_pc_evidence_EvidenceSubViewers.tsx_line:84,hardcoded_source_literal,src/components/pc/evidence/EvidenceSubViewers.tsx,,line:84,다음 프레임 →,,,,Visible Korean/CJK source literal outside i18n/data. Review whether it should move into i18n or remain developer-only.
hardcoded_source_literal_src_components_pc_evidence_EvidenceSubViewers.tsx_line:85,hardcoded_source_literal,src/components/pc/evidence/EvidenceSubViewers.tsx,,line:85,발신,,,,Visible Korean/CJK source literal outside i18n/data. Review whether it should move into i18n or remain developer-only.
hardcoded_source_literal_src_components_pc_evidence_EvidenceSubViewers.tsx_line:86,hardcoded_source_literal,src/components/pc/evidence/EvidenceSubViewers.tsx,,line:86,수신·방문,,,,Visible Korean/CJK source literal outside i18n/data. Review whether it should move into i18n or remain developer-only.
hardcoded_source_literal_src_components_pc_evidence_EvidenceSubViewers.tsx_line:87,hardcoded_source_literal,src/components/pc/evidence/EvidenceSubViewers.tsx,,line:87,부재중·변경,,,,Visible Korean/CJK source literal outside i18n/data. Review whether it should move into i18n or remain developer-only.
hardcoded_source_literal_src_components_pc_evidence_EvidenceSubViewers.tsx_line:88,hardcoded_source_literal,src/components/pc/evidence/EvidenceSubViewers.tsx,,line:88,통화 기록 대장,,,,Visible Korean/CJK source literal outside i18n/data. Review whether it should move into i18n or remain developer-only.
hardcoded_source_literal_src_components_pc_evidence_EvidenceSubViewers.tsx_line:89,hardcoded_source_literal,src/components/pc/evidence/EvidenceSubViewers.tsx,,line:89,기록 대장,,,,Visible Korean/CJK source literal outside i18n/data. Review whether it should move into i18n or remain developer-only.
hardcoded_source_literal_src_components_pc_evidence_EvidenceSubViewers.tsx_line:90,hardcoded_source_literal,src/components/pc/evidence/EvidenceSubViewers.tsx,,line:90,기록 페이지,,,,Visible Korean/CJK source literal outside i18n/data. Review whether it should move into i18n or remain developer-only.
hardcoded_source_literal_src_components_pc_evidence_EvidenceSubViewers.tsx_line:91,hardcoded_source_literal,src/components/pc/evidence/EvidenceSubViewers.tsx,,line:91,기록 필터,,,,Visible Korean/CJK source literal outside i18n/data. Review whether it should move into i18n or remain developer-only.
hardcoded_source_literal_src_components_pc_evidence_EvidenceSubViewers.tsx_line:92,hardcoded_source_literal,src/components/pc/evidence/EvidenceSubViewers.tsx,,line:92,{total}건 중 {shown}건 표시 / {source} 제출 사본,,,,Visible Korean/CJK source literal outside i18n/data. Review whether it should move into i18n or remain developer-only.
hardcoded_source_literal_src_components_pc_evidence_EvidenceSubViewers.tsx_line:93,hardcoded_source_literal,src/components/pc/evidence/EvidenceSubViewers.tsx,,line:93,통신사,,,,Visible Korean/CJK source literal outside i18n/data. Review whether it should move into i18n or remain developer-only.
hardcoded_source_literal_src_components_pc_evidence_EvidenceSubViewers.tsx_line:94,hardcoded_source_literal,src/components/pc/evidence/EvidenceSubViewers.tsx,,line:94,기관,,,,Visible Korean/CJK source literal outside i18n/data. Review whether it should move into i18n or remain developer-only.
hardcoded_source_literal_src_components_pc_evidence_EvidenceSubViewers.tsx_line:95,hardcoded_source_literal,src/components/pc/evidence/EvidenceSubViewers.tsx,,line:95,통신확인,,,,Visible Korean/CJK source literal outside i18n/data. Review whether it should move into i18n or remain developer-only.
hardcoded_source_literal_src_components_pc_evidence_EvidenceSubViewers.tsx_line:96,hardcoded_source_literal,src/components/pc/evidence/EvidenceSubViewers.tsx,,line:96,기관확인,,,,Visible Korean/CJK source literal outside i18n/data. Review whether it should move into i18n or remain developer-only.
hardcoded_source_literal_src_components_pc_evidence_EvidenceSubViewers.tsx_line:97,hardcoded_source_literal,src/components/pc/evidence/EvidenceSubViewers.tsx,,line:97,통화 기록,,,,Visible Korean/CJK source literal outside i18n/data. Review whether it should move into i18n or remain developer-only.
hardcoded_source_literal_src_components_pc_evidence_EvidenceSubViewers.tsx_line:98,hardcoded_source_literal,src/components/pc/evidence/EvidenceSubViewers.tsx,,line:98,방문 및 처리 기록,,,,Visible Korean/CJK source literal outside i18n/data. Review whether it should move into i18n or remain developer-only.
hardcoded_source_literal_src_components_pc_evidence_EvidenceSubViewers.tsx_line:99,hardcoded_source_literal,src/components/pc/evidence/EvidenceSubViewers.tsx,,line:99,일자·시각,,,,Visible Korean/CJK source literal outside i18n/data. Review whether it should move into i18n or remain developer-only.
hardcoded_source_literal_src_components_pc_evidence_EvidenceSubViewers.tsx_line:996,hardcoded_source_literal,src/components/pc/evidence/EvidenceSubViewers.tsx,,line:996,A편,,,,Visible Korean/CJK source literal outside i18n/data. Review whether it should move into i18n or remain developer-only.
hardcoded_source_literal_src_components_pc_evidence_EvidenceSubViewers.tsx_line:996,hardcoded_source_literal,src/components/pc/evidence/EvidenceSubViewers.tsx,,line:996,중립,,,,Visible Korean/CJK source literal outside i18n/data. Review whether it should move into i18n or remain developer-only.
hardcoded_source_literal_src_components_pc_evidence_EvidenceSubViewers.tsx_line:996,hardcoded_source_literal,src/components/pc/evidence/EvidenceSubViewers.tsx,,line:996,B편,,,,Visible Korean/CJK source literal outside i18n/data. Review whether it should move into i18n or remain developer-only.
hardcoded_source_literal_src_components_pc_feedback_DiscoveryFeedbackWatcher.tsx_line:1035,hardcoded_source_literal,src/components/pc/feedback/DiscoveryFeedbackWatcher.tsx,,line:1035,증인 재심문,,,,Visible Korean/CJK source literal outside i18n/data. Review whether it should move into i18n or remain developer-only.
hardcoded_source_literal_src_components_pc_feedback_DiscoveryFeedbackWatcher.tsx_line:1035,hardcoded_source_literal,src/components/pc/feedback/DiscoveryFeedbackWatcher.tsx,,line:1035,증인 심문,,,,Visible Korean/CJK source literal outside i18n/data. Review whether it should move into i18n or remain developer-only.
hardcoded_source_literal_src_components_pc_feedback_DiscoveryFeedbackWatcher.tsx_line:1039,hardcoded_source_literal,src/components/pc/feedback/DiscoveryFeedbackWatcher.tsx,,line:1039,증인 심문,,,,Visible Korean/CJK source literal outside i18n/data. Review whether it should move into i18n or remain developer-only.
hardcoded_source_literal_src_components_pc_feedback_DiscoveryFeedbackWatcher.tsx_line:1042,hardcoded_source_literal,src/components/pc/feedback/DiscoveryFeedbackWatcher.tsx,,line:1042,앞선 답변을 바탕으로 더 좁혀 물어볼 질문을 선택하세요.,,,,Visible Korean/CJK source literal outside i18n/data. Review whether it should move into i18n or remain developer-only.
hardcoded_source_literal_src_components_pc_feedback_DiscoveryFeedbackWatcher.tsx_line:1043,hardcoded_source_literal,src/components/pc/feedback/DiscoveryFeedbackWatcher.tsx,,line:1043,먼저 표면 정황을 확인할 질문을 선택하세요. 답변이 이어질수록 질문이 구체화됩니다.,,,,Visible Korean/CJK source literal outside i18n/data. Review whether it should move into i18n or remain developer-only.
hardcoded_source_literal_src_components_pc_feedback_DiscoveryFeedbackWatcher.tsx_line:125,hardcoded_source_literal,src/components/pc/feedback/DiscoveryFeedbackWatcher.tsx,,line:125,알겠습니다. 더 돌려 말하지 않겠습니다. 숨긴 이유와 제가 한 행동을 이어서 말씀드리겠습니다.,,,,Visible Korean/CJK source literal outside i18n/data. Review whether it should move into i18n or remain developer-only.
hardcoded_source_literal_src_components_pc_feedback_DiscoveryFeedbackWatcher.tsx_line:126,hardcoded_source_literal,src/components/pc/feedback/DiscoveryFeedbackWatcher.tsx,,line:126,"말씀드리겠습니다. 감정이 앞섰지만, 피하지 않고 사실관계를 이어서 말하겠습니다.",,,,Visible Korean/CJK source literal outside i18n/data. Review whether it should move into i18n or remain developer-only.
hardcoded_source_literal_src_components_pc_feedback_DiscoveryFeedbackWatcher.tsx_line:129,hardcoded_source_literal,src/components/pc/feedback/DiscoveryFeedbackWatcher.tsx,,line:129,네. 흥분해서 앞뒤가 흐려졌습니다. 사실관계부터 다시 정리하겠습니다.,,,,Visible Korean/CJK source literal outside i18n/data. Review whether it should move into i18n or remain developer-only.
hardcoded_source_literal_src_components_pc_feedback_DiscoveryFeedbackWatcher.tsx_line:130,hardcoded_source_literal,src/components/pc/feedback/DiscoveryFeedbackWatcher.tsx,,line:130,네. 잠시 정리하겠습니다. 제가 아는 사실부터 차례대로 말하겠습니다.,,,,Visible Korean/CJK source literal outside i18n/data. Review whether it should move into i18n or remain developer-only.
hardcoded_source_literal_src_components_pc_feedback_DiscoveryFeedbackWatcher.tsx_line:139,hardcoded_source_literal,src/components/pc/feedback/DiscoveryFeedbackWatcher.tsx,,line:139,...그건... 상황이 복잡했습니다. 제가 처음에 말씀드린 것과 다른 부분이 있었습니다.,,,,Visible Korean/CJK source literal outside i18n/data. Review whether it should move into i18n or remain developer-only.
hardcoded_source_literal_src_components_pc_feedback_DiscoveryFeedbackWatcher.tsx_line:140,hardcoded_source_literal,src/components/pc/feedback/DiscoveryFeedbackWatcher.tsx,,line:140,"재판관님, 제 기억이 혼란스러웠던 것 같습니다. 다시 정리하겠습니다.",,,,Visible Korean/CJK source literal outside i18n/data. Review whether it should move into i18n or remain developer-only.
hardcoded_source_literal_src_components_pc_feedback_DiscoveryFeedbackWatcher.tsx_line:141,hardcoded_source_literal,src/components/pc/feedback/DiscoveryFeedbackWatcher.tsx,,line:141,그건... 제가 말한 것과 다르지 않습니다. 맥락이 다른 것입니다.,,,,Visible Korean/CJK source literal outside i18n/data. Review whether it should move into i18n or remain developer-only.
hardcoded_source_literal_src_components_pc_feedback_DiscoveryFeedbackWatcher.tsx_line:15,hardcoded_source_literal,src/components/pc/feedback/DiscoveryFeedbackWatcher.tsx,,line:15,진술 흐름에서 확인할 지점이 생겼습니다. 추가 질문으로 맥락을 확인하세요.,,,,Visible Korean/CJK source literal outside i18n/data. Review whether it should move into i18n or remain developer-only.
hardcoded_source_literal_src_components_pc_feedback_DiscoveryFeedbackWatcher.tsx_line:16,hardcoded_source_literal,src/components/pc/feedback/DiscoveryFeedbackWatcher.tsx,,line:16,"감정이 격해졌습니다. 반응을 더 밀어붙일지, 잠시 정리할지 판단하세요.",,,,Visible Korean/CJK source literal outside i18n/data. Review whether it should move into i18n or remain developer-only.
hardcoded_source_literal_src_components_pc_feedback_DiscoveryFeedbackWatcher.tsx_line:178,hardcoded_source_literal,src/components/pc/feedback/DiscoveryFeedbackWatcher.tsx,,line:178,진실 공방이 열렸다. 양측 주장을 비교해 판결을 내려야 한다.,,,,Visible Korean/CJK source literal outside i18n/data. Review whether it should move into i18n or remain developer-only.
hardcoded_source_literal_src_components_pc_feedback_DiscoveryFeedbackWatcher.tsx_line:200,hardcoded_source_literal,src/components/pc/feedback/DiscoveryFeedbackWatcher.tsx,,line:200,진실 공방,,,,Visible Korean/CJK source literal outside i18n/data. Review whether it should move into i18n or remain developer-only.
hardcoded_source_literal_src_components_pc_feedback_DiscoveryFeedbackWatcher.tsx_line:209,hardcoded_source_literal,src/components/pc/feedback/DiscoveryFeedbackWatcher.tsx,,line:209,A의,,,,Visible Korean/CJK source literal outside i18n/data. Review whether it should move into i18n or remain developer-only.
hardcoded_source_literal_src_components_pc_feedback_DiscoveryFeedbackWatcher.tsx_line:209,hardcoded_source_literal,src/components/pc/feedback/DiscoveryFeedbackWatcher.tsx,,line:209,B의,,,,Visible Korean/CJK source literal outside i18n/data. Review whether it should move into i18n or remain developer-only.
hardcoded_source_literal_src_components_pc_feedback_DiscoveryFeedbackWatcher.tsx_line:24,hardcoded_source_literal,src/components/pc/feedback/DiscoveryFeedbackWatcher.tsx,,line:24,증거로 새 쟁점이 드러났습니다.,,,,Visible Korean/CJK source literal outside i18n/data. Review whether it should move into i18n or remain developer-only.
hardcoded_source_literal_src_components_pc_feedback_DiscoveryFeedbackWatcher.tsx_line:246,hardcoded_source_literal,src/components/pc/feedback/DiscoveryFeedbackWatcher.tsx,,line:246,기존 판단,,,,Visible Korean/CJK source literal outside i18n/data. Review whether it should move into i18n or remain developer-only.
hardcoded_source_literal_src_components_pc_feedback_DiscoveryFeedbackWatcher.tsx_line:25,hardcoded_source_literal,src/components/pc/feedback/DiscoveryFeedbackWatcher.tsx,,line:25,진실 공방에서 새 쟁점이 튀어나왔습니다.,,,,Visible Korean/CJK source literal outside i18n/data. Review whether it should move into i18n or remain developer-only.
hardcoded_source_literal_src_components_pc_feedback_DiscoveryFeedbackWatcher.tsx_line:256,hardcoded_source_literal,src/components/pc/feedback/DiscoveryFeedbackWatcher.tsx,,line:256,기존 판단 · 양측 일부 사실,,,,Visible Korean/CJK source literal outside i18n/data. Review whether it should move into i18n or remain developer-only.
hardcoded_source_literal_src_components_pc_feedback_DiscoveryFeedbackWatcher.tsx_line:257,hardcoded_source_literal,src/components/pc/feedback/DiscoveryFeedbackWatcher.tsx,,line:257,양측 주장에 각자 맞는 부분과 과장이 섞여 있다고 보았습니다.,,,,Visible Korean/CJK source literal outside i18n/data. Review whether it should move into i18n or remain developer-only.
hardcoded_source_literal_src_components_pc_feedback_DiscoveryFeedbackWatcher.tsx_line:259,hardcoded_source_literal,src/components/pc/feedback/DiscoveryFeedbackWatcher.tsx,,line:259,기존 판단 · 보류,,,,Visible Korean/CJK source literal outside i18n/data. Review whether it should move into i18n or remain developer-only.
hardcoded_source_literal_src_components_pc_feedback_DiscoveryFeedbackWatcher.tsx_line:26,hardcoded_source_literal,src/components/pc/feedback/DiscoveryFeedbackWatcher.tsx,,line:26,증인 진술이 다른 갈래를 열었습니다.,,,,Visible Korean/CJK source literal outside i18n/data. Review whether it should move into i18n or remain developer-only.
hardcoded_source_literal_src_components_pc_feedback_DiscoveryFeedbackWatcher.tsx_line:260,hardcoded_source_literal,src/components/pc/feedback/DiscoveryFeedbackWatcher.tsx,,line:260,추가 자료가 더 필요하다고 보았습니다.,,,,Visible Korean/CJK source literal outside i18n/data. Review whether it should move into i18n or remain developer-only.
hardcoded_source_literal_src_components_pc_feedback_DiscoveryFeedbackWatcher.tsx_line:267,hardcoded_source_literal,src/components/pc/feedback/DiscoveryFeedbackWatcher.tsx,,line:267,기존 판단과 새 정보가 충돌하고 있다.,,,,Visible Korean/CJK source literal outside i18n/data. Review whether it should move into i18n or remain developer-only.
hardcoded_source_literal_src_components_pc_feedback_DiscoveryFeedbackWatcher.tsx_line:27,hardcoded_source_literal,src/components/pc/feedback/DiscoveryFeedbackWatcher.tsx,,line:27,거짓 붕괴로 숨은 쟁점이 드러났습니다.,,,,Visible Korean/CJK source literal outside i18n/data. Review whether it should move into i18n or remain developer-only.
hardcoded_source_literal_src_components_pc_feedback_DiscoveryFeedbackWatcher.tsx_line:28,hardcoded_source_literal,src/components/pc/feedback/DiscoveryFeedbackWatcher.tsx,,line:28,감정 반응에서 확인할 단서가 생겼습니다.,,,,Visible Korean/CJK source literal outside i18n/data. Review whether it should move into i18n or remain developer-only.
hardcoded_source_literal_src_components_pc_feedback_DiscoveryFeedbackWatcher.tsx_line:284,hardcoded_source_literal,src/components/pc/feedback/DiscoveryFeedbackWatcher.tsx,,line:284,판단 충돌,,,,Visible Korean/CJK source literal outside i18n/data. Review whether it should move into i18n or remain developer-only.
hardcoded_source_literal_src_components_pc_feedback_DiscoveryFeedbackWatcher.tsx_line:288,hardcoded_source_literal,src/components/pc/feedback/DiscoveryFeedbackWatcher.tsx,,line:288,새 충돌 정보,,,,Visible Korean/CJK source literal outside i18n/data. Review whether it should move into i18n or remain developer-only.
hardcoded_source_literal_src_components_pc_feedback_DiscoveryFeedbackWatcher.tsx_line:29,hardcoded_source_literal,src/components/pc/feedback/DiscoveryFeedbackWatcher.tsx,,line:29,끼어든 발언이 새 쟁점을 열었습니다.,,,,Visible Korean/CJK source literal outside i18n/data. Review whether it should move into i18n or remain developer-only.
hardcoded_source_literal_src_components_pc_feedback_DiscoveryFeedbackWatcher.tsx_line:293,hardcoded_source_literal,src/components/pc/feedback/DiscoveryFeedbackWatcher.tsx,,line:293,현재 판단 유지,,,,Visible Korean/CJK source literal outside i18n/data. Review whether it should move into i18n or remain developer-only.
hardcoded_source_literal_src_components_pc_feedback_DiscoveryFeedbackWatcher.tsx_line:301,hardcoded_source_literal,src/components/pc/feedback/DiscoveryFeedbackWatcher.tsx,,line:301,새 정보 기준으로 수정,,,,Visible Korean/CJK source literal outside i18n/data. Review whether it should move into i18n or remain developer-only.
hardcoded_source_literal_src_components_pc_feedback_DiscoveryFeedbackWatcher.tsx_line:328,hardcoded_source_literal,src/components/pc/feedback/DiscoveryFeedbackWatcher.tsx,,line:328,새 단서가 갈래를 바꿨습니다.,,,,Visible Korean/CJK source literal outside i18n/data. Review whether it should move into i18n or remain developer-only.
hardcoded_source_literal_src_components_pc_feedback_DiscoveryFeedbackWatcher.tsx_line:33,hardcoded_source_literal,src/components/pc/feedback/DiscoveryFeedbackWatcher.tsx,,line:33,A의 주장이 더 설득력 있습니다,,,,Visible Korean/CJK source literal outside i18n/data. Review whether it should move into i18n or remain developer-only.
hardcoded_source_literal_src_components_pc_feedback_DiscoveryFeedbackWatcher.tsx_line:334,hardcoded_source_literal,src/components/pc/feedback/DiscoveryFeedbackWatcher.tsx,,line:334,새 쟁점 발견,,,,Visible Korean/CJK source literal outside i18n/data. Review whether it should move into i18n or remain developer-only.
hardcoded_source_literal_src_components_pc_feedback_DiscoveryFeedbackWatcher.tsx_line:336,hardcoded_source_literal,src/components/pc/feedback/DiscoveryFeedbackWatcher.tsx,,line:336,확인해야 할 범위가 넓어졌습니다,,,,Visible Korean/CJK source literal outside i18n/data. Review whether it should move into i18n or remain developer-only.
hardcoded_source_literal_src_components_pc_feedback_DiscoveryFeedbackWatcher.tsx_line:337,hardcoded_source_literal,src/components/pc/feedback/DiscoveryFeedbackWatcher.tsx,,line:337,아직 결론이 아닙니다. 관련 기록과 진술을 더 확인해 쟁점으로 다룰지 판단하십시오.,,,,Visible Korean/CJK source literal outside i18n/data. Review whether it should move into i18n or remain developer-only.
hardcoded_source_literal_src_components_pc_feedback_DiscoveryFeedbackWatcher.tsx_line:338,hardcoded_source_literal,src/components/pc/feedback/DiscoveryFeedbackWatcher.tsx,,line:338,쟁점 보드 갱신,,,,Visible Korean/CJK source literal outside i18n/data. Review whether it should move into i18n or remain developer-only.
hardcoded_source_literal_src_components_pc_feedback_DiscoveryFeedbackWatcher.tsx_line:34,hardcoded_source_literal,src/components/pc/feedback/DiscoveryFeedbackWatcher.tsx,,line:34,B의 주장이 더 설득력 있습니다,,,,Visible Korean/CJK source literal outside i18n/data. Review whether it should move into i18n or remain developer-only.
hardcoded_source_literal_src_components_pc_feedback_DiscoveryFeedbackWatcher.tsx_line:35,hardcoded_source_literal,src/components/pc/feedback/DiscoveryFeedbackWatcher.tsx,,line:35,양쪽 모두 일부만 사실입니다,,,,Visible Korean/CJK source literal outside i18n/data. Review whether it should move into i18n or remain developer-only.
hardcoded_source_literal_src_components_pc_feedback_DiscoveryFeedbackWatcher.tsx_line:36,hardcoded_source_literal,src/components/pc/feedback/DiscoveryFeedbackWatcher.tsx,,line:36,지금은 보류 (나중에 다시 판단),,,,Visible Korean/CJK source literal outside i18n/data. Review whether it should move into i18n or remain developer-only.
hardcoded_source_literal_src_components_pc_feedback_DiscoveryFeedbackWatcher.tsx_line:371,hardcoded_source_literal,src/components/pc/feedback/DiscoveryFeedbackWatcher.tsx,,line:371,새 쟁점 발견,,,,Visible Korean/CJK source literal outside i18n/data. Review whether it should move into i18n or remain developer-only.
hardcoded_source_literal_src_components_pc_feedback_DiscoveryFeedbackWatcher.tsx_line:377,hardcoded_source_literal,src/components/pc/feedback/DiscoveryFeedbackWatcher.tsx,,line:377,쟁점 보드 + 재판관 수첩,,,,Visible Korean/CJK source literal outside i18n/data. Review whether it should move into i18n or remain developer-only.
hardcoded_source_literal_src_components_pc_feedback_DiscoveryFeedbackWatcher.tsx_line:381,hardcoded_source_literal,src/components/pc/feedback/DiscoveryFeedbackWatcher.tsx,,line:381,확인했습니다,,,,Visible Korean/CJK source literal outside i18n/data. Review whether it should move into i18n or remain developer-only.
hardcoded_source_literal_src_components_pc_feedback_DiscoveryFeedbackWatcher.tsx_line:40,hardcoded_source_literal,src/components/pc/feedback/DiscoveryFeedbackWatcher.tsx,,line:40,높음,,,,Visible Korean/CJK source literal outside i18n/data. Review whether it should move into i18n or remain developer-only.
hardcoded_source_literal_src_components_pc_feedback_DiscoveryFeedbackWatcher.tsx_line:41,hardcoded_source_literal,src/components/pc/feedback/DiscoveryFeedbackWatcher.tsx,,line:41,보통,,,,Visible Korean/CJK source literal outside i18n/data. Review whether it should move into i18n or remain developer-only.
hardcoded_source_literal_src_components_pc_feedback_DiscoveryFeedbackWatcher.tsx_line:42,hardcoded_source_literal,src/components/pc/feedback/DiscoveryFeedbackWatcher.tsx,,line:42,낮음,,,,Visible Korean/CJK source literal outside i18n/data. Review whether it should move into i18n or remain developer-only.
hardcoded_source_literal_src_components_pc_feedback_DiscoveryFeedbackWatcher.tsx_line:433,hardcoded_source_literal,src/components/pc/feedback/DiscoveryFeedbackWatcher.tsx,,line:433,"…사실, 그것만이 아니었습니다.",,,,Visible Korean/CJK source literal outside i18n/data. Review whether it should move into i18n or remain developer-only.
hardcoded_source_literal_src_components_pc_feedback_DiscoveryFeedbackWatcher.tsx_line:458,hardcoded_source_literal,src/components/pc/feedback/DiscoveryFeedbackWatcher.tsx,,line:458,시선이 흔들리며 잠시 멈춘다.,,,,Visible Korean/CJK source literal outside i18n/data. Review whether it should move into i18n or remain developer-only.
hardcoded_source_literal_src_components_pc_feedback_DiscoveryFeedbackWatcher.tsx_line:46,hardcoded_source_literal,src/components/pc/feedback/DiscoveryFeedbackWatcher.tsx,,line:46,높음,,,,Visible Korean/CJK source literal outside i18n/data. Review whether it should move into i18n or remain developer-only.
hardcoded_source_literal_src_components_pc_feedback_DiscoveryFeedbackWatcher.tsx_line:47,hardcoded_source_literal,src/components/pc/feedback/DiscoveryFeedbackWatcher.tsx,,line:47,보통,,,,Visible Korean/CJK source literal outside i18n/data. Review whether it should move into i18n or remain developer-only.
hardcoded_source_literal_src_components_pc_feedback_DiscoveryFeedbackWatcher.tsx_line:48,hardcoded_source_literal,src/components/pc/feedback/DiscoveryFeedbackWatcher.tsx,,line:48,보통,,,,Visible Korean/CJK source literal outside i18n/data. Review whether it should move into i18n or remain developer-only.
hardcoded_source_literal_src_components_pc_feedback_DiscoveryFeedbackWatcher.tsx_line:49,hardcoded_source_literal,src/components/pc/feedback/DiscoveryFeedbackWatcher.tsx,,line:49,낮음,,,,Visible Korean/CJK source literal outside i18n/data. Review whether it should move into i18n or remain developer-only.
hardcoded_source_literal_src_components_pc_feedback_DiscoveryFeedbackWatcher.tsx_line:50,hardcoded_source_literal,src/components/pc/feedback/DiscoveryFeedbackWatcher.tsx,,line:50,낮음,,,,Visible Korean/CJK source literal outside i18n/data. Review whether it should move into i18n or remain developer-only.
hardcoded_source_literal_src_components_pc_feedback_DiscoveryFeedbackWatcher.tsx_line:504,hardcoded_source_literal,src/components/pc/feedback/DiscoveryFeedbackWatcher.tsx,,line:504,감정 실수 포착,,,,Visible Korean/CJK source literal outside i18n/data. Review whether it should move into i18n or remain developer-only.
hardcoded_source_literal_src_components_pc_feedback_DiscoveryFeedbackWatcher.tsx_line:511,hardcoded_source_literal,src/components/pc/feedback/DiscoveryFeedbackWatcher.tsx,,line:511,지금은 넘긴다,,,,Visible Korean/CJK source literal outside i18n/data. Review whether it should move into i18n or remain developer-only.
hardcoded_source_literal_src_components_pc_feedback_DiscoveryFeedbackWatcher.tsx_line:519,hardcoded_source_literal,src/components/pc/feedback/DiscoveryFeedbackWatcher.tsx,,line:519,관찰에 기록,,,,Visible Korean/CJK source literal outside i18n/data. Review whether it should move into i18n or remain developer-only.
hardcoded_source_literal_src_components_pc_feedback_DiscoveryFeedbackWatcher.tsx_line:601,hardcoded_source_literal,src/components/pc/feedback/DiscoveryFeedbackWatcher.tsx,,line:601,진술이 엇갈리기 시작했다. 지금 압박하면 효과적이다.,,,,Visible Korean/CJK source literal outside i18n/data. Review whether it should move into i18n or remain developer-only.
hardcoded_source_literal_src_components_pc_feedback_DiscoveryFeedbackWatcher.tsx_line:61,hardcoded_source_literal,src/components/pc/feedback/DiscoveryFeedbackWatcher.tsx,,line:61,새 쟁점,,,,Visible Korean/CJK source literal outside i18n/data. Review whether it should move into i18n or remain developer-only.
hardcoded_source_literal_src_components_pc_feedback_DiscoveryFeedbackWatcher.tsx_line:64,hardcoded_source_literal,src/components/pc/feedback/DiscoveryFeedbackWatcher.tsx,,line:64,목돈 출금 흔적과 설명되지 않은 사용처를 확인해야 합니다.,,,,Visible Korean/CJK source literal outside i18n/data. Review whether it should move into i18n or remain developer-only.
hardcoded_source_literal_src_components_pc_feedback_DiscoveryFeedbackWatcher.tsx_line:649,hardcoded_source_literal,src/components/pc/feedback/DiscoveryFeedbackWatcher.tsx,,line:649,이전 진술,,,,Visible Korean/CJK source literal outside i18n/data. Review whether it should move into i18n or remain developer-only.
hardcoded_source_literal_src_components_pc_feedback_DiscoveryFeedbackWatcher.tsx_line:650,hardcoded_source_literal,src/components/pc/feedback/DiscoveryFeedbackWatcher.tsx,,line:650,지금 진술,,,,Visible Korean/CJK source literal outside i18n/data. Review whether it should move into i18n or remain developer-only.
hardcoded_source_literal_src_components_pc_feedback_DiscoveryFeedbackWatcher.tsx_line:660,hardcoded_source_literal,src/components/pc/feedback/DiscoveryFeedbackWatcher.tsx,,line:660,이전 진술,,,,Visible Korean/CJK source literal outside i18n/data. Review whether it should move into i18n or remain developer-only.
hardcoded_source_literal_src_components_pc_feedback_DiscoveryFeedbackWatcher.tsx_line:661,hardcoded_source_literal,src/components/pc/feedback/DiscoveryFeedbackWatcher.tsx,,line:661,지금 진술,,,,Visible Korean/CJK source literal outside i18n/data. Review whether it should move into i18n or remain developer-only.
hardcoded_source_literal_src_components_pc_feedback_DiscoveryFeedbackWatcher.tsx_line:672,hardcoded_source_literal,src/components/pc/feedback/DiscoveryFeedbackWatcher.tsx,,line:672,이전 진술과 지금 진술이 어긋난다. 모순을 찌를 기회다.,,,,Visible Korean/CJK source literal outside i18n/data. Review whether it should move into i18n or remain developer-only.
hardcoded_source_literal_src_components_pc_feedback_DiscoveryFeedbackWatcher.tsx_line:686,hardcoded_source_literal,src/components/pc/feedback/DiscoveryFeedbackWatcher.tsx,,line:686,모순 발견,,,,Visible Korean/CJK source literal outside i18n/data. Review whether it should move into i18n or remain developer-only.
hardcoded_source_literal_src_components_pc_feedback_DiscoveryFeedbackWatcher.tsx_line:690,hardcoded_source_literal,src/components/pc/feedback/DiscoveryFeedbackWatcher.tsx,,line:690,왜 어긋나는지,,,,Visible Korean/CJK source literal outside i18n/data. Review whether it should move into i18n or remain developer-only.
hardcoded_source_literal_src_components_pc_feedback_DiscoveryFeedbackWatcher.tsx_line:696,hardcoded_source_literal,src/components/pc/feedback/DiscoveryFeedbackWatcher.tsx,,line:696,지금은 넘긴다,,,,Visible Korean/CJK source literal outside i18n/data. Review whether it should move into i18n or remain developer-only.
hardcoded_source_literal_src_components_pc_feedback_DiscoveryFeedbackWatcher.tsx_line:705,hardcoded_source_literal,src/components/pc/feedback/DiscoveryFeedbackWatcher.tsx,,line:705,모순을 찌른다,,,,Visible Korean/CJK source literal outside i18n/data. Review whether it should move into i18n or remain developer-only.
hardcoded_source_literal_src_components_pc_feedback_DiscoveryFeedbackWatcher.tsx_line:722,hardcoded_source_literal,src/components/pc/feedback/DiscoveryFeedbackWatcher.tsx,,line:722,"재판관님, 잠깐만요. 저도 할 말이 있습니다.",,,,Visible Korean/CJK source literal outside i18n/data. Review whether it should move into i18n or remain developer-only.
hardcoded_source_literal_src_components_pc_feedback_DiscoveryFeedbackWatcher.tsx_line:723,hardcoded_source_literal,src/components/pc/feedback/DiscoveryFeedbackWatcher.tsx,,line:723,"재판관님, 지금 하신 말씀은 사실과 다릅니다.",,,,Visible Korean/CJK source literal outside i18n/data. Review whether it should move into i18n or remain developer-only.
hardcoded_source_literal_src_components_pc_feedback_DiscoveryFeedbackWatcher.tsx_line:727,hardcoded_source_literal,src/components/pc/feedback/DiscoveryFeedbackWatcher.tsx,,line:727,발언을 허용합니다.,,,,Visible Korean/CJK source literal outside i18n/data. Review whether it should move into i18n or remain developer-only.
hardcoded_source_literal_src_components_pc_feedback_DiscoveryFeedbackWatcher.tsx_line:759,hardcoded_source_literal,src/components/pc/feedback/DiscoveryFeedbackWatcher.tsx,,line:759,끼어들기,,,,Visible Korean/CJK source literal outside i18n/data. Review whether it should move into i18n or remain developer-only.
hardcoded_source_literal_src_components_pc_feedback_DiscoveryFeedbackWatcher.tsx_line:765,hardcoded_source_literal,src/components/pc/feedback/DiscoveryFeedbackWatcher.tsx,,line:765,제지한다,,,,Visible Korean/CJK source literal outside i18n/data. Review whether it should move into i18n or remain developer-only.
hardcoded_source_literal_src_components_pc_feedback_DiscoveryFeedbackWatcher.tsx_line:773,hardcoded_source_literal,src/components/pc/feedback/DiscoveryFeedbackWatcher.tsx,,line:773,허용한다,,,,Visible Korean/CJK source literal outside i18n/data. Review whether it should move into i18n or remain developer-only.
hardcoded_source_literal_src_components_pc_feedback_DiscoveryFeedbackWatcher.tsx_line:78,hardcoded_source_literal,src/components/pc/feedback/DiscoveryFeedbackWatcher.tsx,,line:78,양측 진술과 새로 나온 단서를 대조해 사실관계를 확정합니다.,,,,Visible Korean/CJK source literal outside i18n/data. Review whether it should move into i18n or remain developer-only.
hardcoded_source_literal_src_components_pc_feedback_DiscoveryFeedbackWatcher.tsx_line:799,hardcoded_source_literal,src/components/pc/feedback/DiscoveryFeedbackWatcher.tsx,,line:799,계속 말해보세요. 지금의 흐름을 더 확인하겠습니다.,,,,Visible Korean/CJK source literal outside i18n/data. Review whether it should move into i18n or remain developer-only.
hardcoded_source_literal_src_components_pc_feedback_DiscoveryFeedbackWatcher.tsx_line:80,hardcoded_source_literal,src/components/pc/feedback/DiscoveryFeedbackWatcher.tsx,,line:80,절차상 책임이나 위법성도 별도 판단해야 합니다.,,,,Visible Korean/CJK source literal outside i18n/data. Review whether it should move into i18n or remain developer-only.
hardcoded_source_literal_src_components_pc_feedback_DiscoveryFeedbackWatcher.tsx_line:81,hardcoded_source_literal,src/components/pc/feedback/DiscoveryFeedbackWatcher.tsx,,line:81,현재 단계에서는 결론이 아니라 검토 범위만 추가됩니다.,,,,Visible Korean/CJK source literal outside i18n/data. Review whether it should move into i18n or remain developer-only.
hardcoded_source_literal_src_components_pc_feedback_DiscoveryFeedbackWatcher.tsx_line:816,hardcoded_source_literal,src/components/pc/feedback/DiscoveryFeedbackWatcher.tsx,,line:816,격앙 상태가 이어지고 있다. 사실 추궁과 동기 탐색이 더 강하게 작용할 수 있다.,,,,Visible Korean/CJK source literal outside i18n/data. Review whether it should move into i18n or remain developer-only.
hardcoded_source_literal_src_components_pc_feedback_DiscoveryFeedbackWatcher.tsx_line:827,hardcoded_source_literal,src/components/pc/feedback/DiscoveryFeedbackWatcher.tsx,,line:827,"잠시 진정하고, 사실만 다시 정리해 주세요.",,,,Visible Korean/CJK source literal outside i18n/data. Review whether it should move into i18n or remain developer-only.
hardcoded_source_literal_src_components_pc_feedback_DiscoveryFeedbackWatcher.tsx_line:845,hardcoded_source_literal,src/components/pc/feedback/DiscoveryFeedbackWatcher.tsx,,line:845,감정이 가라앉고 있다. 공감 접근으로 다시 사실관계를 정리하기 좋은 흐름이다.,,,,Visible Korean/CJK source literal outside i18n/data. Review whether it should move into i18n or remain developer-only.
hardcoded_source_literal_src_components_pc_feedback_DiscoveryFeedbackWatcher.tsx_line:85,hardcoded_source_literal,src/components/pc/feedback/DiscoveryFeedbackWatcher.tsx,,line:85,검토 축,,,,Visible Korean/CJK source literal outside i18n/data. Review whether it should move into i18n or remain developer-only.
hardcoded_source_literal_src_components_pc_feedback_DiscoveryFeedbackWatcher.tsx_line:865,hardcoded_source_literal,src/components/pc/feedback/DiscoveryFeedbackWatcher.tsx,,line:865,감정 폭발,,,,Visible Korean/CJK source literal outside i18n/data. Review whether it should move into i18n or remain developer-only.
hardcoded_source_literal_src_components_pc_feedback_DiscoveryFeedbackWatcher.tsx_line:873,hardcoded_source_literal,src/components/pc/feedback/DiscoveryFeedbackWatcher.tsx,,line:873,진정시킨다,,,,Visible Korean/CJK source literal outside i18n/data. Review whether it should move into i18n or remain developer-only.
hardcoded_source_literal_src_components_pc_feedback_DiscoveryFeedbackWatcher.tsx_line:880,hardcoded_source_literal,src/components/pc/feedback/DiscoveryFeedbackWatcher.tsx,,line:880,밀어붙인다,,,,Visible Korean/CJK source literal outside i18n/data. Review whether it should move into i18n or remain developer-only.
hardcoded_source_literal_src_components_pc_feedback_DiscoveryFeedbackWatcher.tsx_line:89,hardcoded_source_literal,src/components/pc/feedback/DiscoveryFeedbackWatcher.tsx,,line:89,확인 방향,,,,Visible Korean/CJK source literal outside i18n/data. Review whether it should move into i18n or remain developer-only.
hardcoded_source_literal_src_components_pc_feedback_DiscoveryFeedbackWatcher.tsx_line:916,hardcoded_source_literal,src/components/pc/feedback/DiscoveryFeedbackWatcher.tsx,,line:916,증거 제시가 충분히 먹히지 않았다. 완충 스킬을 쓸 수 있다.,,,,Visible Korean/CJK source literal outside i18n/data. Review whether it should move into i18n or remain developer-only.
hardcoded_source_literal_src_components_pc_feedback_DiscoveryFeedbackWatcher.tsx_line:922,hardcoded_source_literal,src/components/pc/feedback/DiscoveryFeedbackWatcher.tsx,,line:922,판결 완충,,,,Visible Korean/CJK source literal outside i18n/data. Review whether it should move into i18n or remain developer-only.
hardcoded_source_literal_src_components_pc_feedback_DiscoveryFeedbackWatcher.tsx_line:924,hardcoded_source_literal,src/components/pc/feedback/DiscoveryFeedbackWatcher.tsx,,line:924,증거 제시가 충분히 먹히지 않았습니다. 완충 스킬로 한 번 수습할 수 있습니다.,,,,Visible Korean/CJK source literal outside i18n/data. Review whether it should move into i18n or remain developer-only.
hardcoded_source_literal_src_components_pc_feedback_DiscoveryFeedbackWatcher.tsx_line:928,hardcoded_source_literal,src/components/pc/feedback/DiscoveryFeedbackWatcher.tsx,,line:928,제시를 철회한다,,,,Visible Korean/CJK source literal outside i18n/data. Review whether it should move into i18n or remain developer-only.
hardcoded_source_literal_src_components_pc_feedback_DiscoveryFeedbackWatcher.tsx_line:93,hardcoded_source_literal,src/components/pc/feedback/DiscoveryFeedbackWatcher.tsx,,line:93,절차 책임,,,,Visible Korean/CJK source literal outside i18n/data. Review whether it should move into i18n or remain developer-only.
hardcoded_source_literal_src_components_pc_feedback_DiscoveryFeedbackWatcher.tsx_line:93,hardcoded_source_literal,src/components/pc/feedback/DiscoveryFeedbackWatcher.tsx,,line:93,판단 상태,,,,Visible Korean/CJK source literal outside i18n/data. Review whether it should move into i18n or remain developer-only.
hardcoded_source_literal_src_components_pc_feedback_DiscoveryFeedbackWatcher.tsx_line:945,hardcoded_source_literal,src/components/pc/feedback/DiscoveryFeedbackWatcher.tsx,,line:945,관점을 바꿔 제시한다,,,,Visible Korean/CJK source literal outside i18n/data. Review whether it should move into i18n or remain developer-only.
hardcoded_source_literal_src_components_pc_feedback_DiscoveryFeedbackWatcher.tsx_line:974,hardcoded_source_literal,src/components/pc/feedback/DiscoveryFeedbackWatcher.tsx,,line:974,같은 쟁점을 너무 오래 밀었다. 질문 각도를 초기화할 수 있다.,,,,Visible Korean/CJK source literal outside i18n/data. Review whether it should move into i18n or remain developer-only.
hardcoded_source_literal_src_components_pc_feedback_DiscoveryFeedbackWatcher.tsx_line:981,hardcoded_source_literal,src/components/pc/feedback/DiscoveryFeedbackWatcher.tsx,,line:981,집요함 추가,,,,Visible Korean/CJK source literal outside i18n/data. Review whether it should move into i18n or remain developer-only.
hardcoded_source_literal_src_components_pc_feedback_DiscoveryFeedbackWatcher.tsx_line:983,hardcoded_source_literal,src/components/pc/feedback/DiscoveryFeedbackWatcher.tsx,,line:983,같은 쟁점을 너무 오래 밀었습니다. 스킬을 써서 질문 각도를 초기화할 수 있습니다.,,,,Visible Korean/CJK source literal outside i18n/data. Review whether it should move into i18n or remain developer-only.
hardcoded_source_literal_src_components_pc_feedback_DiscoveryFeedbackWatcher.tsx_line:987,hardcoded_source_literal,src/components/pc/feedback/DiscoveryFeedbackWatcher.tsx,,line:987,지금은 넘긴다,,,,Visible Korean/CJK source literal outside i18n/data. Review whether it should move into i18n or remain developer-only.
hardcoded_source_literal_src_components_pc_feedback_DiscoveryFeedbackWatcher.tsx_line:995,hardcoded_source_literal,src/components/pc/feedback/DiscoveryFeedbackWatcher.tsx,,line:995,질문 각도 초기화,,,,Visible Korean/CJK source literal outside i18n/data. Review whether it should move into i18n or remain developer-only.
hardcoded_source_literal_src_components_pc_feedback_EventFeedbackCard.tsx_line:210,hardcoded_source_literal,src/components/pc/feedback/EventFeedbackCard.tsx,,line:210,동요,,,,Visible Korean/CJK source literal outside i18n/data. Review whether it should move into i18n or remain developer-only.
hardcoded_source_literal_src_components_pc_feedback_EventFeedbackCard.tsx_line:211,hardcoded_source_literal,src/components/pc/feedback/EventFeedbackCard.tsx,,line:211,방어,,,,Visible Korean/CJK source literal outside i18n/data. Review whether it should move into i18n or remain developer-only.
hardcoded_source_literal_src_components_pc_feedback_EventFeedbackCard.tsx_line:212,hardcoded_source_literal,src/components/pc/feedback/EventFeedbackCard.tsx,,line:212,체념,,,,Visible Korean/CJK source literal outside i18n/data. Review whether it should move into i18n or remain developer-only.
hardcoded_source_literal_src_components_pc_feedback_EventFeedbackCard.tsx_line:213,hardcoded_source_literal,src/components/pc/feedback/EventFeedbackCard.tsx,,line:213,완화,,,,Visible Korean/CJK source literal outside i18n/data. Review whether it should move into i18n or remain developer-only.
hardcoded_source_literal_src_components_pc_feedback_EventFeedbackCard.tsx_line:214,hardcoded_source_literal,src/components/pc/feedback/EventFeedbackCard.tsx,,line:214,중립,,,,Visible Korean/CJK source literal outside i18n/data. Review whether it should move into i18n or remain developer-only.
hardcoded_source_literal_src_components_pc_feedback_EventFeedbackCard.tsx_line:215,hardcoded_source_literal,src/components/pc/feedback/EventFeedbackCard.tsx,,line:215,방어,,,,Visible Korean/CJK source literal outside i18n/data. Review whether it should move into i18n or remain developer-only.
hardcoded_source_literal_src_components_pc_feedback_EventFeedbackCard.tsx_line:224,hardcoded_source_literal,src/components/pc/feedback/EventFeedbackCard.tsx,,line:224,기록,,,,Visible Korean/CJK source literal outside i18n/data. Review whether it should move into i18n or remain developer-only.
hardcoded_source_literal_src_components_pc_feedback_EventFeedbackCard.tsx_line:237,hardcoded_source_literal,src/components/pc/feedback/EventFeedbackCard.tsx,,line:237,당사자,,,,Visible Korean/CJK source literal outside i18n/data. Review whether it should move into i18n or remain developer-only.
hardcoded_source_literal_src_components_pc_feedback_EventFeedbackCard.tsx_line:239,hardcoded_source_literal,src/components/pc/feedback/EventFeedbackCard.tsx,,line:239,방금 진술,,,,Visible Korean/CJK source literal outside i18n/data. Review whether it should move into i18n or remain developer-only.
hardcoded_source_literal_src_components_pc_feedback_EventFeedbackCard.tsx_line:268,hardcoded_source_literal,src/components/pc/feedback/EventFeedbackCard.tsx,,line:268,검토,,,,Visible Korean/CJK source literal outside i18n/data. Review whether it should move into i18n or remain developer-only.
hardcoded_source_literal_src_components_pc_feedback_EventFeedbackCard.tsx_line:272,hardcoded_source_literal,src/components/pc/feedback/EventFeedbackCard.tsx,,line:272,증거,,,,Visible Korean/CJK source literal outside i18n/data. Review whether it should move into i18n or remain developer-only.
hardcoded_source_literal_src_components_pc_feedback_EventFeedbackCard.tsx_line:304,hardcoded_source_literal,src/components/pc/feedback/EventFeedbackCard.tsx,,line:304,당사자,,,,Visible Korean/CJK source literal outside i18n/data. Review whether it should move into i18n or remain developer-only.
hardcoded_source_literal_src_components_pc_feedback_EventFeedbackCard.tsx_line:310,hardcoded_source_literal,src/components/pc/feedback/EventFeedbackCard.tsx,,line:310,관찰,,,,Visible Korean/CJK source literal outside i18n/data. Review whether it should move into i18n or remain developer-only.
hardcoded_source_literal_src_components_pc_feedback_EventFeedbackCard.tsx_line:310,hardcoded_source_literal,src/components/pc/feedback/EventFeedbackCard.tsx,,line:310,수첩,,,,Visible Korean/CJK source literal outside i18n/data. Review whether it should move into i18n or remain developer-only.
hardcoded_source_literal_src_components_pc_feedback_EventFeedbackCard.tsx_line:316,hardcoded_source_literal,src/components/pc/feedback/EventFeedbackCard.tsx,,line:316,재판관,,,,Visible Korean/CJK source literal outside i18n/data. Review whether it should move into i18n or remain developer-only.
hardcoded_source_literal_src_components_pc_feedback_EventFeedbackCard.tsx_line:323,hardcoded_source_literal,src/components/pc/feedback/EventFeedbackCard.tsx,,line:323,재판관의 수첩,,,,Visible Korean/CJK source literal outside i18n/data. Review whether it should move into i18n or remain developer-only.
hardcoded_source_literal_src_components_pc_feedback_EventFeedbackCard.tsx_line:517,hardcoded_source_literal,src/components/pc/feedback/EventFeedbackCard.tsx,,line:517,닫기,,,,Visible Korean/CJK source literal outside i18n/data. Review whether it should move into i18n or remain developer-only.
hardcoded_source_literal_src_components_pc_feedback_EventFeedbackCard.tsx_line:526,hardcoded_source_literal,src/components/pc/feedback/EventFeedbackCard.tsx,,line:526,일시 보류,,,,Visible Korean/CJK source literal outside i18n/data. Review whether it should move into i18n or remain developer-only.
hardcoded_source_literal_src_components_pc_feedback_EventFeedbackCard.tsx_line:650,hardcoded_source_literal,src/components/pc/feedback/EventFeedbackCard.tsx,,line:650,닫기,,,,Visible Korean/CJK source literal outside i18n/data. Review whether it should move into i18n or remain developer-only.
hardcoded_source_literal_src_components_pc_feedback_EventFeedbackCard.tsx_line:650,hardcoded_source_literal,src/components/pc/feedback/EventFeedbackCard.tsx,,line:650,확인,,,,Visible Korean/CJK source literal outside i18n/data. Review whether it should move into i18n or remain developer-only.
hardcoded_source_literal_src_components_pc_home_PCHomeScreen.tsx_line:1068,hardcoded_source_literal,src/components/pc/home/PCHomeScreen.tsx,,line:1068,判決要約,,,,Visible Korean/CJK source literal outside i18n/data. Review whether it should move into i18n or remain developer-only.
hardcoded_source_literal_src_components_pc_home_PCHomeScreen.tsx_line:1068,hardcoded_source_literal,src/components/pc/home/PCHomeScreen.tsx,,line:1068,判决摘要,,,,Visible Korean/CJK source literal outside i18n/data. Review whether it should move into i18n or remain developer-only.
hardcoded_source_literal_src_components_pc_home_PCHomeScreen.tsx_line:1068,hardcoded_source_literal,src/components/pc/home/PCHomeScreen.tsx,,line:1068,판결문 요약,,,,Visible Korean/CJK source literal outside i18n/data. Review whether it should move into i18n or remain developer-only.
hardcoded_source_literal_src_components_pc_home_PCHomeScreen.tsx_line:1075,hardcoded_source_literal,src/components/pc/home/PCHomeScreen.tsx,,line:1075,判決要約,,,,Visible Korean/CJK source literal outside i18n/data. Review whether it should move into i18n or remain developer-only.
hardcoded_source_literal_src_components_pc_home_PCHomeScreen.tsx_line:1075,hardcoded_source_literal,src/components/pc/home/PCHomeScreen.tsx,,line:1075,判决摘要,,,,Visible Korean/CJK source literal outside i18n/data. Review whether it should move into i18n or remain developer-only.
hardcoded_source_literal_src_components_pc_home_PCHomeScreen.tsx_line:1075,hardcoded_source_literal,src/components/pc/home/PCHomeScreen.tsx,,line:1075,판결문 요약,,,,Visible Korean/CJK source literal outside i18n/data. Review whether it should move into i18n or remain developer-only.
hardcoded_source_literal_src_components_pc_home_PCHomeScreen.tsx_line:1097,hardcoded_source_literal,src/components/pc/home/PCHomeScreen.tsx,,line:1097,以前のプレイ記録には後日談が保存されていません。今後完了したプレイでは後日談も保存されます。,,,,Visible Korean/CJK source literal outside i18n/data. Review whether it should move into i18n or remain developer-only.
hardcoded_source_literal_src_components_pc_home_PCHomeScreen.tsx_line:1098,hardcoded_source_literal,src/components/pc/home/PCHomeScreen.tsx,,line:1098,该历史游玩记录没有保存后日谈。之后完成的游玩会一并保存后日谈。,,,,Visible Korean/CJK source literal outside i18n/data. Review whether it should move into i18n or remain developer-only.
hardcoded_source_literal_src_components_pc_home_PCHomeScreen.tsx_line:1099,hardcoded_source_literal,src/components/pc/home/PCHomeScreen.tsx,,line:1099,이전 플레이 기록에는 후일담이 저장되어 있지 않습니다. 앞으로 완료되는 플레이는 후일담까지 함께 저장됩니다.,,,,Visible Korean/CJK source literal outside i18n/data. Review whether it should move into i18n or remain developer-only.
hardcoded_source_literal_src_components_pc_home_PCHomeScreen.tsx_line:1117,hardcoded_source_literal,src/components/pc/home/PCHomeScreen.tsx,,line:1117,獲得カード,,,,Visible Korean/CJK source literal outside i18n/data. Review whether it should move into i18n or remain developer-only.
hardcoded_source_literal_src_components_pc_home_PCHomeScreen.tsx_line:1117,hardcoded_source_literal,src/components/pc/home/PCHomeScreen.tsx,,line:1117,获得卡片,,,,Visible Korean/CJK source literal outside i18n/data. Review whether it should move into i18n or remain developer-only.
hardcoded_source_literal_src_components_pc_home_PCHomeScreen.tsx_line:1117,hardcoded_source_literal,src/components/pc/home/PCHomeScreen.tsx,,line:1117,획득 카드,,,,Visible Korean/CJK source literal outside i18n/data. Review whether it should move into i18n or remain developer-only.
hardcoded_source_literal_src_components_pc_home_PCHomeScreen.tsx_line:1133,hardcoded_source_literal,src/components/pc/home/PCHomeScreen.tsx,,line:1133,保存された称号記録がありません。,,,,Visible Korean/CJK source literal outside i18n/data. Review whether it should move into i18n or remain developer-only.
hardcoded_source_literal_src_components_pc_home_PCHomeScreen.tsx_line:1134,hardcoded_source_literal,src/components/pc/home/PCHomeScreen.tsx,,line:1134,没有保存的称号记录。,,,,Visible Korean/CJK source literal outside i18n/data. Review whether it should move into i18n or remain developer-only.
hardcoded_source_literal_src_components_pc_home_PCHomeScreen.tsx_line:1135,hardcoded_source_literal,src/components/pc/home/PCHomeScreen.tsx,,line:1135,저장된 칭호 기록이 없습니다.,,,,Visible Korean/CJK source literal outside i18n/data. Review whether it should move into i18n or remain developer-only.
hardcoded_source_literal_src_components_pc_home_PCHomeScreen.tsx_line:1140,hardcoded_source_literal,src/components/pc/home/PCHomeScreen.tsx,,line:1140,報酬フラグメント,,,,Visible Korean/CJK source literal outside i18n/data. Review whether it should move into i18n or remain developer-only.
hardcoded_source_literal_src_components_pc_home_PCHomeScreen.tsx_line:1140,hardcoded_source_literal,src/components/pc/home/PCHomeScreen.tsx,,line:1140,奖励碎片,,,,Visible Korean/CJK source literal outside i18n/data. Review whether it should move into i18n or remain developer-only.
hardcoded_source_literal_src_components_pc_home_PCHomeScreen.tsx_line:1140,hardcoded_source_literal,src/components/pc/home/PCHomeScreen.tsx,,line:1140,보상 조각,,,,Visible Korean/CJK source literal outside i18n/data. Review whether it should move into i18n or remain developer-only.
hardcoded_source_literal_src_components_pc_home_PCHomeScreen.tsx_line:1186,hardcoded_source_literal,src/components/pc/home/PCHomeScreen.tsx,,line:1186,保存された報酬記録がありません。,,,,Visible Korean/CJK source literal outside i18n/data. Review whether it should move into i18n or remain developer-only.
hardcoded_source_literal_src_components_pc_home_PCHomeScreen.tsx_line:1187,hardcoded_source_literal,src/components/pc/home/PCHomeScreen.tsx,,line:1187,没有保存的奖励记录。,,,,Visible Korean/CJK source literal outside i18n/data. Review whether it should move into i18n or remain developer-only.
hardcoded_source_literal_src_components_pc_home_PCHomeScreen.tsx_line:1188,hardcoded_source_literal,src/components/pc/home/PCHomeScreen.tsx,,line:1188,저장된 보상 기록이 없습니다.,,,,Visible Korean/CJK source literal outside i18n/data. Review whether it should move into i18n or remain developer-only.
hardcoded_source_literal_src_components_pc_home_PCHomeScreen.tsx_line:748,hardcoded_source_literal,src/components/pc/home/PCHomeScreen.tsx,,line:748,사실,,,,Visible Korean/CJK source literal outside i18n/data. Review whether it should move into i18n or remain developer-only.
hardcoded_source_literal_src_components_pc_home_PCHomeScreen.tsx_line:748,hardcoded_source_literal,src/components/pc/home/PCHomeScreen.tsx,,line:748,거짓,,,,Visible Korean/CJK source literal outside i18n/data. Review whether it should move into i18n or remain developer-only.
hardcoded_source_literal_src_components_pc_home_PCHomeScreen.tsx_line:748,hardcoded_source_literal,src/components/pc/home/PCHomeScreen.tsx,,line:748,보류,,,,Visible Korean/CJK source literal outside i18n/data. Review whether it should move into i18n or remain developer-only.
hardcoded_source_literal_src_components_pc_home_PCHomeScreen.tsx_line:748,hardcoded_source_literal,src/components/pc/home/PCHomeScreen.tsx,,line:748,미기록,,,,Visible Korean/CJK source literal outside i18n/data. Review whether it should move into i18n or remain developer-only.
hardcoded_source_literal_src_components_pc_home_PCHomeScreen.tsx_line:750,hardcoded_source_literal,src/components/pc/home/PCHomeScreen.tsx,,line:750,事実,,,,Visible Korean/CJK source literal outside i18n/data. Review whether it should move into i18n or remain developer-only.
hardcoded_source_literal_src_components_pc_home_PCHomeScreen.tsx_line:750,hardcoded_source_literal,src/components/pc/home/PCHomeScreen.tsx,,line:750,虚偽,,,,Visible Korean/CJK source literal outside i18n/data. Review whether it should move into i18n or remain developer-only.
hardcoded_source_literal_src_components_pc_home_PCHomeScreen.tsx_line:750,hardcoded_source_literal,src/components/pc/home/PCHomeScreen.tsx,,line:750,保留,,,,Visible Korean/CJK source literal outside i18n/data. Review whether it should move into i18n or remain developer-only.
hardcoded_source_literal_src_components_pc_home_PCHomeScreen.tsx_line:750,hardcoded_source_literal,src/components/pc/home/PCHomeScreen.tsx,,line:750,未記録,,,,Visible Korean/CJK source literal outside i18n/data. Review whether it should move into i18n or remain developer-only.
hardcoded_source_literal_src_components_pc_home_PCHomeScreen.tsx_line:751,hardcoded_source_literal,src/components/pc/home/PCHomeScreen.tsx,,line:751,事实,,,,Visible Korean/CJK source literal outside i18n/data. Review whether it should move into i18n or remain developer-only.
hardcoded_source_literal_src_components_pc_home_PCHomeScreen.tsx_line:751,hardcoded_source_literal,src/components/pc/home/PCHomeScreen.tsx,,line:751,虚假,,,,Visible Korean/CJK source literal outside i18n/data. Review whether it should move into i18n or remain developer-only.
hardcoded_source_literal_src_components_pc_home_PCHomeScreen.tsx_line:751,hardcoded_source_literal,src/components/pc/home/PCHomeScreen.tsx,,line:751,暂缓,,,,Visible Korean/CJK source literal outside i18n/data. Review whether it should move into i18n or remain developer-only.
hardcoded_source_literal_src_components_pc_home_PCHomeScreen.tsx_line:751,hardcoded_source_literal,src/components/pc/home/PCHomeScreen.tsx,,line:751,未记录,,,,Visible Korean/CJK source literal outside i18n/data. Review whether it should move into i18n or remain developer-only.
hardcoded_source_literal_src_components_pc_home_PCHomeScreen.tsx_line:801,hardcoded_source_literal,src/components/pc/home/PCHomeScreen.tsx,,line:801,二人は結論を大きく語るよりも、確認すべき記録と残った言葉を先に書き分けました。,,,,Visible Korean/CJK source literal outside i18n/data. Review whether it should move into i18n or remain developer-only.
hardcoded_source_literal_src_components_pc_home_PCHomeScreen.tsx_line:803,hardcoded_source_literal,src/components/pc/home/PCHomeScreen.tsx,,line:803,遅い警告も、説明されなければ傷として残る。,,,,Visible Korean/CJK source literal outside i18n/data. Review whether it should move into i18n or remain developer-only.
hardcoded_source_literal_src_components_pc_home_PCHomeScreen.tsx_line:805,hardcoded_source_literal,src/components/pc/home/PCHomeScreen.tsx,,line:805,家族の心も、事実の前で読み直されなければならない。,,,,Visible Korean/CJK source literal outside i18n/data. Review whether it should move into i18n or remain developer-only.
hardcoded_source_literal_src_components_pc_home_PCHomeScreen.tsx_line:807,hardcoded_source_literal,src/components/pc/home/PCHomeScreen.tsx,,line:807,沈黙は時に、善意より長く疑いを残す。,,,,Visible Korean/CJK source literal outside i18n/data. Review whether it should move into i18n or remain developer-only.
hardcoded_source_literal_src_components_pc_home_PCHomeScreen.tsx_line:808,hardcoded_source_literal,src/components/pc/home/PCHomeScreen.tsx,,line:808,確かめない心は、関係の外から戻ってくる。,,,,Visible Korean/CJK source literal outside i18n/data. Review whether it should move into i18n or remain developer-only.
hardcoded_source_literal_src_components_pc_home_PCHomeScreen.tsx_line:812,hardcoded_source_literal,src/components/pc/home/PCHomeScreen.tsx,,line:812,時間が経つにつれ、事件は勝敗よりも残った距離の問題へ変わりました。二人は簡単に以前のようには戻れませんでしたが、同じ傷がどこから始まったのかは少しはっきり分かるようになりました。その理解は和解と呼ぶには小さくても、次の言葉を壊さないための最低限の変化でした。,,,,Visible Korean/CJK source literal outside i18n/data. Review whether it should move into i18n or remain developer-only.
hardcoded_source_literal_src_components_pc_home_PCHomeScreen.tsx_line:819,hardcoded_source_literal,src/components/pc/home/PCHomeScreen.tsx,,line:819,两人没有急着大声宣告结论，而是先把需要重新确认的记录和没说完的话分别写下。,,,,Visible Korean/CJK source literal outside i18n/data. Review whether it should move into i18n or remain developer-only.
hardcoded_source_literal_src_components_pc_home_PCHomeScreen.tsx_line:821,hardcoded_source_literal,src/components/pc/home/PCHomeScreen.tsx,,line:821,迟来的提醒若不被说明，也会留下伤口。,,,,Visible Korean/CJK source literal outside i18n/data. Review whether it should move into i18n or remain developer-only.
hardcoded_source_literal_src_components_pc_home_PCHomeScreen.tsx_line:823,hardcoded_source_literal,src/components/pc/home/PCHomeScreen.tsx,,line:823,家人的心意，也要在事实面前重新读过。,,,,Visible Korean/CJK source literal outside i18n/data. Review whether it should move into i18n or remain developer-only.
hardcoded_source_literal_src_components_pc_home_PCHomeScreen.tsx_line:825,hardcoded_source_literal,src/components/pc/home/PCHomeScreen.tsx,,line:825,沉默有时比善意更久地留下怀疑。,,,,Visible Korean/CJK source literal outside i18n/data. Review whether it should move into i18n or remain developer-only.
hardcoded_source_literal_src_components_pc_home_PCHomeScreen.tsx_line:826,hardcoded_source_literal,src/components/pc/home/PCHomeScreen.tsx,,line:826,未经确认的心意，会从关系之外再次回来。,,,,Visible Korean/CJK source literal outside i18n/data. Review whether it should move into i18n or remain developer-only.
hardcoded_source_literal_src_components_pc_home_PCHomeScreen.tsx_line:830,hardcoded_source_literal,src/components/pc/home/PCHomeScreen.tsx,,line:830,随着时间过去，案件从胜负变成了剩余距离的问题。两人很难轻易回到过去，但他们更清楚同一道伤是从哪里开始的。那份理解还小得不能称作和解，却至少成了不让下一句话立刻崩坏的变化。,,,,Visible Korean/CJK source literal outside i18n/data. Review whether it should move into i18n or remain developer-only.
hardcoded_source_literal_src_components_pc_home_PCHomeScreen.tsx_line:837,hardcoded_source_literal,src/components/pc/home/PCHomeScreen.tsx,,line:837,"두 사람은 당장 결론을 크게 말하기보다, 다시 확인해야 할 기록과 남은 말을 먼저 나누어 적었다.",,,,Visible Korean/CJK source literal outside i18n/data. Review whether it should move into i18n or remain developer-only.
hardcoded_source_literal_src_components_pc_home_PCHomeScreen.tsx_line:839,hardcoded_source_literal,src/components/pc/home/PCHomeScreen.tsx,,line:839,늦은 경고도 설명되지 않으면 상처로 남는다.,,,,Visible Korean/CJK source literal outside i18n/data. Review whether it should move into i18n or remain developer-only.
hardcoded_source_literal_src_components_pc_home_PCHomeScreen.tsx_line:841,hardcoded_source_literal,src/components/pc/home/PCHomeScreen.tsx,,line:841,가족의 마음도 사실 앞에서 다시 읽혀야 한다.,,,,Visible Korean/CJK source literal outside i18n/data. Review whether it should move into i18n or remain developer-only.
hardcoded_source_literal_src_components_pc_home_PCHomeScreen.tsx_line:843,hardcoded_source_literal,src/components/pc/home/PCHomeScreen.tsx,,line:843,침묵은 때로 선의보다 오래 의심을 남긴다.,,,,Visible Korean/CJK source literal outside i18n/data. Review whether it should move into i18n or remain developer-only.
hardcoded_source_literal_src_components_pc_home_PCHomeScreen.tsx_line:844,hardcoded_source_literal,src/components/pc/home/PCHomeScreen.tsx,,line:844,확인하지 않은 마음은 관계 밖에서 다시 돌아온다.,,,,Visible Korean/CJK source literal outside i18n/data. Review whether it should move into i18n or remain developer-only.
hardcoded_source_literal_src_components_pc_home_PCHomeScreen.tsx_line:849,hardcoded_source_literal,src/components/pc/home/PCHomeScreen.tsx,,line:849,"시간이 지나면서 사건은 승패보다 남은 거리의 문제로 바뀌었다. 두 사람은 쉽게 예전처럼 돌아가지는 못했지만, 같은 상처가 어디서 시작됐는지는 조금 더 선명하게 알게 되었다. 그 이해는 화해라고 부르기에는 작았지만, 다음 말을 망치지 않기 위한 최소한의 변화였다.",,,,Visible Korean/CJK source literal outside i18n/data. Review whether it should move into i18n or remain developer-only.
hardcoded_source_literal_src_components_pc_home_pcHomeShared.ts_line:10,hardcoded_source_literal,src/components/pc/home/pcHomeShared.ts,,line:10,무작위,,,,Visible Korean/CJK source literal outside i18n/data. Review whether it should move into i18n or remain developer-only.
hardcoded_source_literal_src_components_pc_home_pcHomeShared.ts_line:100,hardcoded_source_literal,src/components/pc/home/pcHomeShared.ts,,line:100,믿고 맡긴 만큼 더 무거워지는 책임,,,,Visible Korean/CJK source literal outside i18n/data. Review whether it should move into i18n or remain developer-only.
hardcoded_source_literal_src_components_pc_home_pcHomeShared.ts_line:101,hardcoded_source_literal,src/components/pc/home/pcHomeShared.ts,,line:101,"전문성, 보호 의무, 해명의 온도가 정면으로 충돌합니다.",,,,Visible Korean/CJK source literal outside i18n/data. Review whether it should move into i18n or remain developer-only.
hardcoded_source_literal_src_components_pc_home_pcHomeShared.ts_line:106,hardcoded_source_literal,src/components/pc/home/pcHomeShared.ts,,line:106,공공·제도,,,,Visible Korean/CJK source literal outside i18n/data. Review whether it should move into i18n or remain developer-only.
hardcoded_source_literal_src_components_pc_home_pcHomeShared.ts_line:108,hardcoded_source_literal,src/components/pc/home/pcHomeShared.ts,,line:108,제도가 흔들리면 모두가 불안해진다,,,,Visible Korean/CJK source literal outside i18n/data. Review whether it should move into i18n or remain developer-only.
hardcoded_source_literal_src_components_pc_home_pcHomeShared.ts_line:109,hardcoded_source_literal,src/components/pc/home/pcHomeShared.ts,,line:109,공적 절차와 개인의 사정이 같은 장면 안에서 맞붙습니다.,,,,Visible Korean/CJK source literal outside i18n/data. Review whether it should move into i18n or remain developer-only.
hardcoded_source_literal_src_components_pc_home_pcHomeShared.ts_line:11,hardcoded_source_literal,src/components/pc/home/pcHomeShared.ts,,line:11,부부,,,,Visible Korean/CJK source literal outside i18n/data. Review whether it should move into i18n or remain developer-only.
hardcoded_source_literal_src_components_pc_home_pcHomeShared.ts_line:114,hardcoded_source_literal,src/components/pc/home/pcHomeShared.ts,,line:114,연인,,,,Visible Korean/CJK source literal outside i18n/data. Review whether it should move into i18n or remain developer-only.
hardcoded_source_literal_src_components_pc_home_pcHomeShared.ts_line:116,hardcoded_source_literal,src/components/pc/home/pcHomeShared.ts,,line:116,"사랑과 의심 사이, 감정이 증거가 되는 순간",,,,Visible Korean/CJK source literal outside i18n/data. Review whether it should move into i18n or remain developer-only.
hardcoded_source_literal_src_components_pc_home_pcHomeShared.ts_line:117,hardcoded_source_literal,src/components/pc/home/pcHomeShared.ts,,line:117,"약속과 배신, 질투와 진심이 가장 가까운 사이를 시험합니다.",,,,Visible Korean/CJK source literal outside i18n/data. Review whether it should move into i18n or remain developer-only.
hardcoded_source_literal_src_components_pc_home_pcHomeShared.ts_line:12,hardcoded_source_literal,src/components/pc/home/pcHomeShared.ts,,line:12,가족,,,,Visible Korean/CJK source literal outside i18n/data. Review whether it should move into i18n or remain developer-only.
hardcoded_source_literal_src_components_pc_home_pcHomeShared.ts_line:13,hardcoded_source_literal,src/components/pc/home/pcHomeShared.ts,,line:13,친구,,,,Visible Korean/CJK source literal outside i18n/data. Review whether it should move into i18n or remain developer-only.
hardcoded_source_literal_src_components_pc_home_pcHomeShared.ts_line:14,hardcoded_source_literal,src/components/pc/home/pcHomeShared.ts,,line:14,이웃,,,,Visible Korean/CJK source literal outside i18n/data. Review whether it should move into i18n or remain developer-only.
hardcoded_source_literal_src_components_pc_home_pcHomeShared.ts_line:15,hardcoded_source_literal,src/components/pc/home/pcHomeShared.ts,,line:15,동업,,,,Visible Korean/CJK source literal outside i18n/data. Review whether it should move into i18n or remain developer-only.
hardcoded_source_literal_src_components_pc_home_pcHomeShared.ts_line:16,hardcoded_source_literal,src/components/pc/home/pcHomeShared.ts,,line:16,세입자,,,,Visible Korean/CJK source literal outside i18n/data. Review whether it should move into i18n or remain developer-only.
hardcoded_source_literal_src_components_pc_home_pcHomeShared.ts_line:17,hardcoded_source_literal,src/components/pc/home/pcHomeShared.ts,,line:17,직장,,,,Visible Korean/CJK source literal outside i18n/data. Review whether it should move into i18n or remain developer-only.
hardcoded_source_literal_src_components_pc_home_pcHomeShared.ts_line:18,hardcoded_source_literal,src/components/pc/home/pcHomeShared.ts,,line:18,헤드라인,,,,Visible Korean/CJK source literal outside i18n/data. Review whether it should move into i18n or remain developer-only.
hardcoded_source_literal_src_components_pc_home_pcHomeShared.ts_line:26,hardcoded_source_literal,src/components/pc/home/pcHomeShared.ts,,line:26,부부,,,,Visible Korean/CJK source literal outside i18n/data. Review whether it should move into i18n or remain developer-only.
hardcoded_source_literal_src_components_pc_home_pcHomeShared.ts_line:28,hardcoded_source_literal,src/components/pc/home/pcHomeShared.ts,,line:28,가장 가깝고도 먼 사이,,,,Visible Korean/CJK source literal outside i18n/data. Review whether it should move into i18n or remain developer-only.
hardcoded_source_literal_src_components_pc_home_pcHomeShared.ts_line:29,hardcoded_source_literal,src/components/pc/home/pcHomeShared.ts,,line:29,"사랑, 생활비, 침묵이 한 식탁에서 부딪힙니다.",,,,Visible Korean/CJK source literal outside i18n/data. Review whether it should move into i18n or remain developer-only.
hardcoded_source_literal_src_components_pc_home_pcHomeShared.ts_line:34,hardcoded_source_literal,src/components/pc/home/pcHomeShared.ts,,line:34,가족,,,,Visible Korean/CJK source literal outside i18n/data. Review whether it should move into i18n or remain developer-only.
hardcoded_source_literal_src_components_pc_home_pcHomeShared.ts_line:36,hardcoded_source_literal,src/components/pc/home/pcHomeShared.ts,,line:36,가까워서 더 쉽게 상처가 남는 관계,,,,Visible Korean/CJK source literal outside i18n/data. Review whether it should move into i18n or remain developer-only.
hardcoded_source_literal_src_components_pc_home_pcHomeShared.ts_line:37,hardcoded_source_literal,src/components/pc/home/pcHomeShared.ts,,line:37,"돌봄과 기대, 의무와 애틋함이 서로를 시험합니다.",,,,Visible Korean/CJK source literal outside i18n/data. Review whether it should move into i18n or remain developer-only.
hardcoded_source_literal_src_components_pc_home_pcHomeShared.ts_line:42,hardcoded_source_literal,src/components/pc/home/pcHomeShared.ts,,line:42,친구,,,,Visible Korean/CJK source literal outside i18n/data. Review whether it should move into i18n or remain developer-only.
hardcoded_source_literal_src_components_pc_home_pcHomeShared.ts_line:44,hardcoded_source_literal,src/components/pc/home/pcHomeShared.ts,,line:44,편함과 선 넘음의 한 끗 차이,,,,Visible Korean/CJK source literal outside i18n/data. Review whether it should move into i18n or remain developer-only.
hardcoded_source_literal_src_components_pc_home_pcHomeShared.ts_line:45,hardcoded_source_literal,src/components/pc/home/pcHomeShared.ts,,line:45,"우정과 거래가 겹치는 순간, 감정의 온도가 달라집니다.",,,,Visible Korean/CJK source literal outside i18n/data. Review whether it should move into i18n or remain developer-only.
hardcoded_source_literal_src_components_pc_home_pcHomeShared.ts_line:50,hardcoded_source_literal,src/components/pc/home/pcHomeShared.ts,,line:50,이웃,,,,Visible Korean/CJK source literal outside i18n/data. Review whether it should move into i18n or remain developer-only.
hardcoded_source_literal_src_components_pc_home_pcHomeShared.ts_line:52,hardcoded_source_literal,src/components/pc/home/pcHomeShared.ts,,line:52,문 하나 사이의 생활 전쟁,,,,Visible Korean/CJK source literal outside i18n/data. Review whether it should move into i18n or remain developer-only.
hardcoded_source_literal_src_components_pc_home_pcHomeShared.ts_line:53,hardcoded_source_literal,src/components/pc/home/pcHomeShared.ts,,line:53,"소음과 시선, 경계와 배려가 일상 전체를 흔듭니다.",,,,Visible Korean/CJK source literal outside i18n/data. Review whether it should move into i18n or remain developer-only.
hardcoded_source_literal_src_components_pc_home_pcHomeShared.ts_line:58,hardcoded_source_literal,src/components/pc/home/pcHomeShared.ts,,line:58,동업,,,,Visible Korean/CJK source literal outside i18n/data. Review whether it should move into i18n or remain developer-only.
hardcoded_source_literal_src_components_pc_home_pcHomeShared.ts_line:60,hardcoded_source_literal,src/components/pc/home/pcHomeShared.ts,,line:60,돈과 믿음이 어긋나는 순간,,,,Visible Korean/CJK source literal outside i18n/data. Review whether it should move into i18n or remain developer-only.
hardcoded_source_literal_src_components_pc_home_pcHomeShared.ts_line:61,hardcoded_source_literal,src/components/pc/home/pcHomeShared.ts,,line:61,"정산과 분담, 약속과 책임이 서로 다른 계산을 드러냅니다.",,,,Visible Korean/CJK source literal outside i18n/data. Review whether it should move into i18n or remain developer-only.
hardcoded_source_literal_src_components_pc_home_pcHomeShared.ts_line:66,hardcoded_source_literal,src/components/pc/home/pcHomeShared.ts,,line:66,세입자,,,,Visible Korean/CJK source literal outside i18n/data. Review whether it should move into i18n or remain developer-only.
hardcoded_source_literal_src_components_pc_home_pcHomeShared.ts_line:68,hardcoded_source_literal,src/components/pc/home/pcHomeShared.ts,,line:68,계약서 밖에서 터지는 현실,,,,Visible Korean/CJK source literal outside i18n/data. Review whether it should move into i18n or remain developer-only.
hardcoded_source_literal_src_components_pc_home_pcHomeShared.ts_line:69,hardcoded_source_literal,src/components/pc/home/pcHomeShared.ts,,line:69,"보증금, 하자, 책임 회피가 좁은 공간 안에서 충돌합니다.",,,,Visible Korean/CJK source literal outside i18n/data. Review whether it should move into i18n or remain developer-only.
hardcoded_source_literal_src_components_pc_home_pcHomeShared.ts_line:74,hardcoded_source_literal,src/components/pc/home/pcHomeShared.ts,,line:74,직장,,,,Visible Korean/CJK source literal outside i18n/data. Review whether it should move into i18n or remain developer-only.
hardcoded_source_literal_src_components_pc_home_pcHomeShared.ts_line:76,hardcoded_source_literal,src/components/pc/home/pcHomeShared.ts,,line:76,기록과 관계가 동시에 흔들리는 자리,,,,Visible Korean/CJK source literal outside i18n/data. Review whether it should move into i18n or remain developer-only.
hardcoded_source_literal_src_components_pc_home_pcHomeShared.ts_line:77,hardcoded_source_literal,src/components/pc/home/pcHomeShared.ts,,line:77,"메일과 규정, 평가와 소문이 일의 얼굴을 바꿔 놓습니다.",,,,Visible Korean/CJK source literal outside i18n/data. Review whether it should move into i18n or remain developer-only.
hardcoded_source_literal_src_components_pc_home_pcHomeShared.ts_line:82,hardcoded_source_literal,src/components/pc/home/pcHomeShared.ts,,line:82,헤드라인,,,,Visible Korean/CJK source literal outside i18n/data. Review whether it should move into i18n or remain developer-only.
hardcoded_source_literal_src_components_pc_home_pcHomeShared.ts_line:84,hardcoded_source_literal,src/components/pc/home/pcHomeShared.ts,,line:84,세상이 보는 사건은 무게가 다르다,,,,Visible Korean/CJK source literal outside i18n/data. Review whether it should move into i18n or remain developer-only.
hardcoded_source_literal_src_components_pc_home_pcHomeShared.ts_line:85,hardcoded_source_literal,src/components/pc/home/pcHomeShared.ts,,line:85,공개성과 파장이 커질수록 판단은 더 무거워집니다.,,,,Visible Korean/CJK source literal outside i18n/data. Review whether it should move into i18n or remain developer-only.
hardcoded_source_literal_src_components_pc_home_pcHomeShared.ts_line:90,hardcoded_source_literal,src/components/pc/home/pcHomeShared.ts,,line:90,온라인,,,,Visible Korean/CJK source literal outside i18n/data. Review whether it should move into i18n or remain developer-only.
hardcoded_source_literal_src_components_pc_home_pcHomeShared.ts_line:92,hardcoded_source_literal,src/components/pc/home/pcHomeShared.ts,,line:92,화면 밖 진실은 더 늦게 드러난다,,,,Visible Korean/CJK source literal outside i18n/data. Review whether it should move into i18n or remain developer-only.
hardcoded_source_literal_src_components_pc_home_pcHomeShared.ts_line:93,hardcoded_source_literal,src/components/pc/home/pcHomeShared.ts,,line:93,"댓글과 게시물, 캡처와 여론이 사건의 흐름을 바꿉니다.",,,,Visible Korean/CJK source literal outside i18n/data. Review whether it should move into i18n or remain developer-only.
hardcoded_source_literal_src_components_pc_home_pcHomeShared.ts_line:98,hardcoded_source_literal,src/components/pc/home/pcHomeShared.ts,,line:98,의료·교육,,,,Visible Korean/CJK source literal outside i18n/data. Review whether it should move into i18n or remain developer-only.
hardcoded_source_literal_src_components_pc_home_PCLobbyOverlay.tsx_line:33,hardcoded_source_literal,src/components/pc/home/PCLobbyOverlay.tsx,,line:33,닫기,,,,Visible Korean/CJK source literal outside i18n/data. Review whether it should move into i18n or remain developer-only.
hardcoded_source_literal_src_components_pc_hotbar_PCDeferredVerdictIcon.tsx_line:33,hardcoded_source_literal,src/components/pc/hotbar/PCDeferredVerdictIcon.tsx,,line:33,보류된 판결,,,,Visible Korean/CJK source literal outside i18n/data. Review whether it should move into i18n or remain developer-only.
hardcoded_source_literal_src_components_pc_hotbar_PCDeferredVerdictIcon.tsx_line:34,hardcoded_source_literal,src/components/pc/hotbar/PCDeferredVerdictIcon.tsx,,line:34,판결 재개,,,,Visible Korean/CJK source literal outside i18n/data. Review whether it should move into i18n or remain developer-only.
hardcoded_source_literal_src_components_pc_icons_pcIconUtils.ts_line:22,hardcoded_source_literal,src/components/pc/icons/pcIconUtils.ts,,line:22,아내,,,,Visible Korean/CJK source literal outside i18n/data. Review whether it should move into i18n or remain developer-only.
hardcoded_source_literal_src_components_pc_icons_pcIconUtils.ts_line:22,hardcoded_source_literal,src/components/pc/icons/pcIconUtils.ts,,line:22,언니,,,,Visible Korean/CJK source literal outside i18n/data. Review whether it should move into i18n or remain developer-only.
hardcoded_source_literal_src_components_pc_icons_pcIconUtils.ts_line:22,hardcoded_source_literal,src/components/pc/icons/pcIconUtils.ts,,line:22,누나,,,,Visible Korean/CJK source literal outside i18n/data. Review whether it should move into i18n or remain developer-only.
hardcoded_source_literal_src_components_pc_icons_pcIconUtils.ts_line:23,hardcoded_source_literal,src/components/pc/icons/pcIconUtils.ts,,line:23,남편,,,,Visible Korean/CJK source literal outside i18n/data. Review whether it should move into i18n or remain developer-only.
hardcoded_source_literal_src_components_pc_icons_pcIconUtils.ts_line:23,hardcoded_source_literal,src/components/pc/icons/pcIconUtils.ts,,line:23,오빠,,,,Visible Korean/CJK source literal outside i18n/data. Review whether it should move into i18n or remain developer-only.
hardcoded_source_literal_src_components_pc_icons_pcIconUtils.ts_line:34,hardcoded_source_literal,src/components/pc/icons/pcIconUtils.ts,,line:34,민아,,,,Visible Korean/CJK source literal outside i18n/data. Review whether it should move into i18n or remain developer-only.
hardcoded_source_literal_src_components_pc_icons_pcIconUtils.ts_line:35,hardcoded_source_literal,src/components/pc/icons/pcIconUtils.ts,,line:35,유진,,,,Visible Korean/CJK source literal outside i18n/data. Review whether it should move into i18n or remain developer-only.
hardcoded_source_literal_src_components_pc_icons_pcIconUtils.ts_line:36,hardcoded_source_literal,src/components/pc/icons/pcIconUtils.ts,,line:36,서연,,,,Visible Korean/CJK source literal outside i18n/data. Review whether it should move into i18n or remain developer-only.
hardcoded_source_literal_src_components_pc_icons_pcIconUtils.ts_line:37,hardcoded_source_literal,src/components/pc/icons/pcIconUtils.ts,,line:37,다혜,,,,Visible Korean/CJK source literal outside i18n/data. Review whether it should move into i18n or remain developer-only.
hardcoded_source_literal_src_components_pc_icons_pcIconUtils.ts_line:38,hardcoded_source_literal,src/components/pc/icons/pcIconUtils.ts,,line:38,수아,,,,Visible Korean/CJK source literal outside i18n/data. Review whether it should move into i18n or remain developer-only.
hardcoded_source_literal_src_components_pc_icons_pcIconUtils.ts_line:48,hardcoded_source_literal,src/components/pc/icons/pcIconUtils.ts,,line:48,진우,,,,Visible Korean/CJK source literal outside i18n/data. Review whether it should move into i18n or remain developer-only.
hardcoded_source_literal_src_components_pc_icons_pcIconUtils.ts_line:49,hardcoded_source_literal,src/components/pc/icons/pcIconUtils.ts,,line:49,민준,,,,Visible Korean/CJK source literal outside i18n/data. Review whether it should move into i18n or remain developer-only.
hardcoded_source_literal_src_components_pc_icons_pcIconUtils.ts_line:50,hardcoded_source_literal,src/components/pc/icons/pcIconUtils.ts,,line:50,인호,,,,Visible Korean/CJK source literal outside i18n/data. Review whether it should move into i18n or remain developer-only.
hardcoded_source_literal_src_components_pc_icons_pcIconUtils.ts_line:51,hardcoded_source_literal,src/components/pc/icons/pcIconUtils.ts,,line:51,기현,,,,Visible Korean/CJK source literal outside i18n/data. Review whether it should move into i18n or remain developer-only.
hardcoded_source_literal_src_components_pc_icons_pcIconUtils.ts_line:52,hardcoded_source_literal,src/components/pc/icons/pcIconUtils.ts,,line:52,우람,,,,Visible Korean/CJK source literal outside i18n/data. Review whether it should move into i18n or remain developer-only.
hardcoded_source_literal_src_components_pc_icons_pcIconUtils.ts_line:53,hardcoded_source_literal,src/components/pc/icons/pcIconUtils.ts,,line:53,태준,,,,Visible Korean/CJK source literal outside i18n/data. Review whether it should move into i18n or remain developer-only.
hardcoded_source_literal_src_components_pc_layout_PCDialogueLog.tsx_line:25,hardcoded_source_literal,src/components/pc/layout/PCDialogueLog.tsx,,line:25,정리,,,,Visible Korean/CJK source literal outside i18n/data. Review whether it should move into i18n or remain developer-only.
hardcoded_source_literal_src_components_pc_layout_PCDialogueLog.tsx_line:25,hardcoded_source_literal,src/components/pc/layout/PCDialogueLog.tsx,,line:25,설명,,,,Visible Korean/CJK source literal outside i18n/data. Review whether it should move into i18n or remain developer-only.
hardcoded_source_literal_src_components_pc_layout_PCDialogueLog.tsx_line:25,hardcoded_source_literal,src/components/pc/layout/PCDialogueLog.tsx,,line:25,힌트,,,,Visible Korean/CJK source literal outside i18n/data. Review whether it should move into i18n or remain developer-only.
hardcoded_source_literal_src_components_pc_layout_PCDialogueLog.tsx_line:25,hardcoded_source_literal,src/components/pc/layout/PCDialogueLog.tsx,,line:25,구분,,,,Visible Korean/CJK source literal outside i18n/data. Review whether it should move into i18n or remain developer-only.
hardcoded_source_literal_src_components_pc_layout_PCDialogueLog.tsx_line:25,hardcoded_source_literal,src/components/pc/layout/PCDialogueLog.tsx,,line:25,주의,,,,Visible Korean/CJK source literal outside i18n/data. Review whether it should move into i18n or remain developer-only.
hardcoded_source_literal_src_components_pc_layout_PCDialogueLog.tsx_line:25,hardcoded_source_literal,src/components/pc/layout/PCDialogueLog.tsx,,line:25,필요,,,,Visible Korean/CJK source literal outside i18n/data. Review whether it should move into i18n or remain developer-only.
hardcoded_source_literal_src_components_pc_layout_PCDialogueLog.tsx_line:278,hardcoded_source_literal,src/components/pc/layout/PCDialogueLog.tsx,,line:278,모호,,,,Visible Korean/CJK source literal outside i18n/data. Review whether it should move into i18n or remain developer-only.
hardcoded_source_literal_src_components_pc_layout_PCDialogueLog.tsx_line:279,hardcoded_source_literal,src/components/pc/layout/PCDialogueLog.tsx,,line:279,부분,,,,Visible Korean/CJK source literal outside i18n/data. Review whether it should move into i18n or remain developer-only.
hardcoded_source_literal_src_components_pc_layout_PCDialogueLog.tsx_line:280,hardcoded_source_literal,src/components/pc/layout/PCDialogueLog.tsx,,line:280,핵심,,,,Visible Korean/CJK source literal outside i18n/data. Review whether it should move into i18n or remain developer-only.
hardcoded_source_literal_src_components_pc_layout_PCGameplayOverlay.tsx_line:153,hardcoded_source_literal,src/components/pc/layout/PCGameplayOverlay.tsx,,line:153,"""그 말, 아까와 다릅니다"" — 사실 추궁",,,,Visible Korean/CJK source literal outside i18n/data. Review whether it should move into i18n or remain developer-only.
hardcoded_source_literal_src_components_pc_layout_PCGameplayOverlay.tsx_line:154,hardcoded_source_literal,src/components/pc/layout/PCGameplayOverlay.tsx,,line:154,"""왜 숨기셨습니까?"" — 동기 탐색",,,,Visible Korean/CJK source literal outside i18n/data. Review whether it should move into i18n or remain developer-only.
hardcoded_source_literal_src_components_pc_layout_PCGameplayOverlay.tsx_line:155,hardcoded_source_literal,src/components/pc/layout/PCGameplayOverlay.tsx,,line:155,"""이 증거를 보십시오"" — 증거 제시",,,,Visible Korean/CJK source literal outside i18n/data. Review whether it should move into i18n or remain developer-only.
hardcoded_source_literal_src_components_pc_layout_PCGameplayOverlay.tsx_line:159,hardcoded_source_literal,src/components/pc/layout/PCGameplayOverlay.tsx,,line:159,"""더 숨길 게 있습니까?"" — 정면 추궁",,,,Visible Korean/CJK source literal outside i18n/data. Review whether it should move into i18n or remain developer-only.
hardcoded_source_literal_src_components_pc_layout_PCGameplayOverlay.tsx_line:16,hardcoded_source_literal,src/components/pc/layout/PCGameplayOverlay.tsx,,line:16,방어가 흔들린다,,,,Visible Korean/CJK source literal outside i18n/data. Review whether it should move into i18n or remain developer-only.
hardcoded_source_literal_src_components_pc_layout_PCGameplayOverlay.tsx_line:160,hardcoded_source_literal,src/components/pc/layout/PCGameplayOverlay.tsx,,line:160,"""사정이 있었겠지요"" — 공감 접근",,,,Visible Korean/CJK source literal outside i18n/data. Review whether it should move into i18n or remain developer-only.
hardcoded_source_literal_src_components_pc_layout_PCGameplayOverlay.tsx_line:161,hardcoded_source_literal,src/components/pc/layout/PCGameplayOverlay.tsx,,line:161,다른 쟁점으로 화제 전환,,,,Visible Korean/CJK source literal outside i18n/data. Review whether it should move into i18n or remain developer-only.
hardcoded_source_literal_src_components_pc_layout_PCGameplayOverlay.tsx_line:164,hardcoded_source_literal,src/components/pc/layout/PCGameplayOverlay.tsx,,line:164,"""마지막으로 묻겠습니다"" — 결정적 질문",,,,Visible Korean/CJK source literal outside i18n/data. Review whether it should move into i18n or remain developer-only.
hardcoded_source_literal_src_components_pc_layout_PCGameplayOverlay.tsx_line:165,hardcoded_source_literal,src/components/pc/layout/PCGameplayOverlay.tsx,,line:165,"""이것으로 끝내겠습니다"" — 증거 제시",,,,Visible Korean/CJK source literal outside i18n/data. Review whether it should move into i18n or remain developer-only.
hardcoded_source_literal_src_components_pc_layout_PCGameplayOverlay.tsx_line:166,hardcoded_source_literal,src/components/pc/layout/PCGameplayOverlay.tsx,,line:166,"""솔직히 말씀하시지요"" — 자백 유도",,,,Visible Korean/CJK source literal outside i18n/data. Review whether it should move into i18n or remain developer-only.
hardcoded_source_literal_src_components_pc_layout_PCGameplayOverlay.tsx_line:18,hardcoded_source_literal,src/components/pc/layout/PCGameplayOverlay.tsx,,line:18,말이 달라지기 시작했습니다. 지금 파고들면 숨기고 있던 것이 나올 수 있습니다.,,,,Visible Korean/CJK source literal outside i18n/data. Review whether it should move into i18n or remain developer-only.
hardcoded_source_literal_src_components_pc_layout_PCGameplayOverlay.tsx_line:21,hardcoded_source_literal,src/components/pc/layout/PCGameplayOverlay.tsx,,line:21,도망칠 곳이 줄어든다,,,,Visible Korean/CJK source literal outside i18n/data. Review whether it should move into i18n or remain developer-only.
hardcoded_source_literal_src_components_pc_layout_PCGameplayOverlay.tsx_line:23,hardcoded_source_literal,src/components/pc/layout/PCGameplayOverlay.tsx,,line:23,변명이 통하지 않는다는 걸 본인도 느끼고 있습니다. 어떻게 압박하시겠습니까?,,,,Visible Korean/CJK source literal outside i18n/data. Review whether it should move into i18n or remain developer-only.
hardcoded_source_literal_src_components_pc_layout_PCGameplayOverlay.tsx_line:26,hardcoded_source_literal,src/components/pc/layout/PCGameplayOverlay.tsx,,line:26,입을 열 준비가 됐다,,,,Visible Korean/CJK source literal outside i18n/data. Review whether it should move into i18n or remain developer-only.
hardcoded_source_literal_src_components_pc_layout_PCGameplayOverlay.tsx_line:28,hardcoded_source_literal,src/components/pc/layout/PCGameplayOverlay.tsx,,line:28,더 숨기는 것보다 말하는 게 나을 수 있다고 느끼기 시작했습니다.,,,,Visible Korean/CJK source literal outside i18n/data. Review whether it should move into i18n or remain developer-only.
hardcoded_source_literal_src_components_pc_layout_PCGameplayOverlay.tsx_line:48,hardcoded_source_literal,src/components/pc/layout/PCGameplayOverlay.tsx,,line:48,직접 진술 붕괴,,,,Visible Korean/CJK source literal outside i18n/data. Review whether it should move into i18n or remain developer-only.
hardcoded_source_literal_src_components_pc_layout_PCGameplayOverlay.tsx_line:49,hardcoded_source_literal,src/components/pc/layout/PCGameplayOverlay.tsx,,line:49,상대 진술이 크게 흔들렸습니다. 지금이 다음 질문이나 이의 제기를 붙일 타이밍입니다.,,,,Visible Korean/CJK source literal outside i18n/data. Review whether it should move into i18n or remain developer-only.
hardcoded_source_literal_src_components_pc_layout_PCGameplayOverlay.tsx_line:55,hardcoded_source_literal,src/components/pc/layout/PCGameplayOverlay.tsx,,line:55,균열 포착,,,,Visible Korean/CJK source literal outside i18n/data. Review whether it should move into i18n or remain developer-only.
hardcoded_source_literal_src_components_pc_layout_PCGameplayOverlay.tsx_line:56,hardcoded_source_literal,src/components/pc/layout/PCGameplayOverlay.tsx,,line:56,증거가 진술 사이의 틈을 만들었습니다. 관련 쟁점으로 이어서 압박해 보세요.,,,,Visible Korean/CJK source literal outside i18n/data. Review whether it should move into i18n or remain developer-only.
hardcoded_source_literal_src_components_pc_layout_PCGameplayOverlay.tsx_line:61,hardcoded_source_literal,src/components/pc/layout/PCGameplayOverlay.tsx,,line:61,보류,,,,Visible Korean/CJK source literal outside i18n/data. Review whether it should move into i18n or remain developer-only.
hardcoded_source_literal_src_components_pc_layout_PCGameplayOverlay.tsx_line:62,hardcoded_source_literal,src/components/pc/layout/PCGameplayOverlay.tsx,,line:62,직접 붕괴까지는 아니지만 기록 가치가 생겼습니다. 다른 증거나 발언과 연결해 다시 시도해 보세요.,,,,Visible Korean/CJK source literal outside i18n/data. Review whether it should move into i18n or remain developer-only.
hardcoded_source_literal_src_components_pc_minigame_MemoryMatchGame.tsx_line:427,hardcoded_source_literal,src/components/pc/minigame/MemoryMatchGame.tsx,,line:427,같은 증거 카드를 두 장씩 찾으세요.,,,,Visible Korean/CJK source literal outside i18n/data. Review whether it should move into i18n or remain developer-only.
hardcoded_source_literal_src_components_pc_minigame_MemoryMatchGame.tsx_line:481,hardcoded_source_literal,src/components/pc/minigame/MemoryMatchGame.tsx,,line:481,증거 확보 완료,,,,Visible Korean/CJK source literal outside i18n/data. Review whether it should move into i18n or remain developer-only.
hardcoded_source_literal_src_components_pc_minigame_MemoryMatchGame.tsx_line:482,hardcoded_source_literal,src/components/pc/minigame/MemoryMatchGame.tsx,,line:482,조사 토큰을 지급하고 다음 흐름으로 돌아갑니다.,,,,Visible Korean/CJK source literal outside i18n/data. Review whether it should move into i18n or remain developer-only.
hardcoded_source_literal_src_components_pc_minigame_MemoryMatchGame.tsx_line:491,hardcoded_source_literal,src/components/pc/minigame/MemoryMatchGame.tsx,,line:491,시간이 초과되었습니다,,,,Visible Korean/CJK source literal outside i18n/data. Review whether it should move into i18n or remain developer-only.
hardcoded_source_literal_src_components_pc_minigame_MemoryMatchGame.tsx_line:492,hardcoded_source_literal,src/components/pc/minigame/MemoryMatchGame.tsx,,line:492,같은 회차를 다시 시도하거나 이번 보상은 건너뛸 수 있습니다.,,,,Visible Korean/CJK source literal outside i18n/data. Review whether it should move into i18n or remain developer-only.
hardcoded_source_literal_src_components_pc_minigame_MemoryMatchGame.tsx_line:496,hardcoded_source_literal,src/components/pc/minigame/MemoryMatchGame.tsx,,line:496,재도전,,,,Visible Korean/CJK source literal outside i18n/data. Review whether it should move into i18n or remain developer-only.
hardcoded_source_literal_src_components_pc_minigame_MemoryMatchGame.tsx_line:499,hardcoded_source_literal,src/components/pc/minigame/MemoryMatchGame.tsx,,line:499,스킵,,,,Visible Korean/CJK source literal outside i18n/data. Review whether it should move into i18n or remain developer-only.
hardcoded_source_literal_src_components_pc_minigame_MemoryMatchGame.tsx_line:50,hardcoded_source_literal,src/components/pc/minigame/MemoryMatchGame.tsx,,line:50,영수증,,,,Visible Korean/CJK source literal outside i18n/data. Review whether it should move into i18n or remain developer-only.
hardcoded_source_literal_src_components_pc_minigame_MemoryMatchGame.tsx_line:52,hardcoded_source_literal,src/components/pc/minigame/MemoryMatchGame.tsx,,line:52,통화,,,,Visible Korean/CJK source literal outside i18n/data. Review whether it should move into i18n or remain developer-only.
hardcoded_source_literal_src_components_pc_minigame_MemoryMatchGame.tsx_line:53,hardcoded_source_literal,src/components/pc/minigame/MemoryMatchGame.tsx,,line:53,문자,,,,Visible Korean/CJK source literal outside i18n/data. Review whether it should move into i18n or remain developer-only.
hardcoded_source_literal_src_components_pc_minigame_MemoryMatchGame.tsx_line:54,hardcoded_source_literal,src/components/pc/minigame/MemoryMatchGame.tsx,,line:54,계좌,,,,Visible Korean/CJK source literal outside i18n/data. Review whether it should move into i18n or remain developer-only.
hardcoded_source_literal_src_components_pc_minigame_MemoryMatchGame.tsx_line:55,hardcoded_source_literal,src/components/pc/minigame/MemoryMatchGame.tsx,,line:55,카톡,,,,Visible Korean/CJK source literal outside i18n/data. Review whether it should move into i18n or remain developer-only.
hardcoded_source_literal_src_components_pc_minigame_MemoryMatchGame.tsx_line:56,hardcoded_source_literal,src/components/pc/minigame/MemoryMatchGame.tsx,,line:56,서류,,,,Visible Korean/CJK source literal outside i18n/data. Review whether it should move into i18n or remain developer-only.
hardcoded_source_literal_src_components_pc_minigame_MemoryMatchGame.tsx_line:57,hardcoded_source_literal,src/components/pc/minigame/MemoryMatchGame.tsx,,line:57,돋보기,,,,Visible Korean/CJK source literal outside i18n/data. Review whether it should move into i18n or remain developer-only.
hardcoded_source_literal_src_components_pc_minigame_MemoryMatchGame.tsx_line:58,hardcoded_source_literal,src/components/pc/minigame/MemoryMatchGame.tsx,,line:58,지문,,,,Visible Korean/CJK source literal outside i18n/data. Review whether it should move into i18n or remain developer-only.
hardcoded_source_literal_src_components_pc_minigame_MemoryMatchGame.tsx_line:59,hardcoded_source_literal,src/components/pc/minigame/MemoryMatchGame.tsx,,line:59,자물쇠,,,,Visible Korean/CJK source literal outside i18n/data. Review whether it should move into i18n or remain developer-only.
hardcoded_source_literal_src_components_pc_minigame_MemoryMatchGame.tsx_line:60,hardcoded_source_literal,src/components/pc/minigame/MemoryMatchGame.tsx,,line:60,망치,,,,Visible Korean/CJK source literal outside i18n/data. Review whether it should move into i18n or remain developer-only.
hardcoded_source_literal_src_components_pc_minigame_MemoryMatchGame.tsx_line:61,hardcoded_source_literal,src/components/pc/minigame/MemoryMatchGame.tsx,,line:61,저울,,,,Visible Korean/CJK source literal outside i18n/data. Review whether it should move into i18n or remain developer-only.
hardcoded_source_literal_src_components_pc_minigame_MiniGameFrame.tsx_line:15,hardcoded_source_literal,src/components/pc/minigame/MiniGameFrame.tsx,,line:15,조사 토큰,,,,Visible Korean/CJK source literal outside i18n/data. Review whether it should move into i18n or remain developer-only.
hardcoded_source_literal_src_components_pc_minigame_MiniGameFrame.tsx_line:16,hardcoded_source_literal,src/components/pc/minigame/MiniGameFrame.tsx,,line:16,스킬 포인트,,,,Visible Korean/CJK source literal outside i18n/data. Review whether it should move into i18n or remain developer-only.
hardcoded_source_literal_src_components_pc_minigame_MiniGameFrame.tsx_line:17,hardcoded_source_literal,src/components/pc/minigame/MiniGameFrame.tsx,,line:17,법정 장악,,,,Visible Korean/CJK source literal outside i18n/data. Review whether it should move into i18n or remain developer-only.
hardcoded_source_literal_src_components_pc_minigame_MiniGameFrame.tsx_line:82,hardcoded_source_literal,src/components/pc/minigame/MiniGameFrame.tsx,,line:82,성공 시:,,,,Visible Korean/CJK source literal outside i18n/data. Review whether it should move into i18n or remain developer-only.
hardcoded_source_literal_src_components_pc_minigame_MiniGameFrame.tsx_line:84,hardcoded_source_literal,src/components/pc/minigame/MiniGameFrame.tsx,,line:84,스킵,,,,Visible Korean/CJK source literal outside i18n/data. Review whether it should move into i18n or remain developer-only.
hardcoded_source_literal_src_components_pc_minigame_MiniGameFrame.tsx_line:84,hardcoded_source_literal,src/components/pc/minigame/MiniGameFrame.tsx,,line:84,미니게임 스킵,,,,Visible Korean/CJK source literal outside i18n/data. Review whether it should move into i18n or remain developer-only.
hardcoded_source_literal_src_components_pc_minigame_SkillRunnerGame.tsx_line:1043,hardcoded_source_literal,src/components/pc/minigame/SkillRunnerGame.tsx,,line:1043,일시정지,,,,Visible Korean/CJK source literal outside i18n/data. Review whether it should move into i18n or remain developer-only.
hardcoded_source_literal_src_components_pc_minigame_SkillRunnerGame.tsx_line:1064,hardcoded_source_literal,src/components/pc/minigame/SkillRunnerGame.tsx,,line:1064,포커스가 이동해 잠시 멈췄습니다.,,,,Visible Korean/CJK source literal outside i18n/data. Review whether it should move into i18n or remain developer-only.
hardcoded_source_literal_src_components_pc_minigame_SkillRunnerGame.tsx_line:1101,hardcoded_source_literal,src/components/pc/minigame/SkillRunnerGame.tsx,,line:1101,스킬 러너 게임 화면,,,,Visible Korean/CJK source literal outside i18n/data. Review whether it should move into i18n or remain developer-only.
hardcoded_source_literal_src_components_pc_minigame_SkillRunnerGame.tsx_line:1133,hardcoded_source_literal,src/components/pc/minigame/SkillRunnerGame.tsx,,line:1133,스킬 포인트 확보,,,,Visible Korean/CJK source literal outside i18n/data. Review whether it should move into i18n or remain developer-only.
hardcoded_source_literal_src_components_pc_minigame_SkillRunnerGame.tsx_line:1133,hardcoded_source_literal,src/components/pc/minigame/SkillRunnerGame.tsx,,line:1133,다시 도전할 수 있습니다,,,,Visible Korean/CJK source literal outside i18n/data. Review whether it should move into i18n or remain developer-only.
hardcoded_source_literal_src_components_pc_minigame_SkillRunnerGame.tsx_line:1133,hardcoded_source_literal,src/components/pc/minigame/SkillRunnerGame.tsx,,line:1133,게임 일시정지,,,,Visible Korean/CJK source literal outside i18n/data. Review whether it should move into i18n or remain developer-only.
hardcoded_source_literal_src_components_pc_minigame_SkillRunnerGame.tsx_line:1135,hardcoded_source_literal,src/components/pc/minigame/SkillRunnerGame.tsx,,line:1135,Space로 다시 시작할 수 있습니다.,,,,Visible Korean/CJK source literal outside i18n/data. Review whether it should move into i18n or remain developer-only.
hardcoded_source_literal_src_components_pc_minigame_SkillRunnerGame.tsx_line:1140,hardcoded_source_literal,src/components/pc/minigame/SkillRunnerGame.tsx,,line:1140,보상 획득,,,,Visible Korean/CJK source literal outside i18n/data. Review whether it should move into i18n or remain developer-only.
hardcoded_source_literal_src_components_pc_minigame_SkillRunnerGame.tsx_line:1147,hardcoded_source_literal,src/components/pc/minigame/SkillRunnerGame.tsx,,line:1147,다시 도전,,,,Visible Korean/CJK source literal outside i18n/data. Review whether it should move into i18n or remain developer-only.
hardcoded_source_literal_src_components_pc_minigame_SkillRunnerGame.tsx_line:1150,hardcoded_source_literal,src/components/pc/minigame/SkillRunnerGame.tsx,,line:1150,스킵,,,,Visible Korean/CJK source literal outside i18n/data. Review whether it should move into i18n or remain developer-only.
hardcoded_source_literal_src_components_pc_minigame_SkillRunnerGame.tsx_line:1158,hardcoded_source_literal,src/components/pc/minigame/SkillRunnerGame.tsx,,line:1158,계속,,,,Visible Korean/CJK source literal outside i18n/data. Review whether it should move into i18n or remain developer-only.
hardcoded_source_literal_src_components_pc_minigame_SkillRunnerGame.tsx_line:1161,hardcoded_source_literal,src/components/pc/minigame/SkillRunnerGame.tsx,,line:1161,종료,,,,Visible Korean/CJK source literal outside i18n/data. Review whether it should move into i18n or remain developer-only.
hardcoded_source_literal_src_components_pc_minigame_SkillRunnerGame.tsx_line:1172,hardcoded_source_literal,src/components/pc/minigame/SkillRunnerGame.tsx,,line:1172,"Space/↑/W를 짧게 누르면 낮게, 길게 누르면 더 높이 점프합니다.",,,,Visible Korean/CJK source literal outside i18n/data. Review whether it should move into i18n or remain developer-only.
hardcoded_source_literal_src_components_pc_minigame_SkillRunnerGame.tsx_line:461,hardcoded_source_literal,src/components/pc/minigame/SkillRunnerGame.tsx,,line:461,구멍에 빠졌습니다,,,,Visible Korean/CJK source literal outside i18n/data. Review whether it should move into i18n or remain developer-only.
hardcoded_source_literal_src_components_pc_minigame_SkillRunnerGame.tsx_line:517,hardcoded_source_literal,src/components/pc/minigame/SkillRunnerGame.tsx,,line:517,장애물에 연속으로 걸려 스킬 조각을 놓쳤습니다.,,,,Visible Korean/CJK source literal outside i18n/data. Review whether it should move into i18n or remain developer-only.
hardcoded_source_literal_src_components_pc_minigame_SkillRunnerGame.tsx_line:525,hardcoded_source_literal,src/components/pc/minigame/SkillRunnerGame.tsx,,line:525,낭떠러지로 떨어져 재판이 중단되었습니다.,,,,Visible Korean/CJK source literal outside i18n/data. Review whether it should move into i18n or remain developer-only.
hardcoded_source_literal_src_components_pc_minigame_WhackAMoleGame.tsx_line:378,hardcoded_source_literal,src/components/pc/minigame/WhackAMoleGame.tsx,,line:378,시간 종료,,,,Visible Korean/CJK source literal outside i18n/data. Review whether it should move into i18n or remain developer-only.
hardcoded_source_literal_src_components_pc_minigame_WhackAMoleGame.tsx_line:493,hardcoded_source_literal,src/components/pc/minigame/WhackAMoleGame.tsx,,line:493,범인 +1,,,,Visible Korean/CJK source literal outside i18n/data. Review whether it should move into i18n or remain developer-only.
hardcoded_source_literal_src_components_pc_minigame_WhackAMoleGame.tsx_line:494,hardcoded_source_literal,src/components/pc/minigame/WhackAMoleGame.tsx,,line:494,보스 +3,,,,Visible Korean/CJK source literal outside i18n/data. Review whether it should move into i18n or remain developer-only.
hardcoded_source_literal_src_components_pc_minigame_WhackAMoleGame.tsx_line:495,hardcoded_source_literal,src/components/pc/minigame/WhackAMoleGame.tsx,,line:495,시민 -2,,,,Visible Korean/CJK source literal outside i18n/data. Review whether it should move into i18n or remain developer-only.
hardcoded_source_literal_src_components_pc_minigame_WhackAMoleGame.tsx_line:568,hardcoded_source_literal,src/components/pc/minigame/WhackAMoleGame.tsx,,line:568,클리어!,,,,Visible Korean/CJK source literal outside i18n/data. Review whether it should move into i18n or remain developer-only.
hardcoded_source_literal_src_components_pc_minigame_WhackAMoleGame.tsx_line:570,hardcoded_source_literal,src/components/pc/minigame/WhackAMoleGame.tsx,,line:570,법정 장악을 확보했습니다.,,,,Visible Korean/CJK source literal outside i18n/data. Review whether it should move into i18n or remain developer-only.
hardcoded_source_literal_src_components_pc_minigame_WhackAMoleGame.tsx_line:579,hardcoded_source_literal,src/components/pc/minigame/WhackAMoleGame.tsx,,line:579,시간 종료,,,,Visible Korean/CJK source literal outside i18n/data. Review whether it should move into i18n or remain developer-only.
hardcoded_source_literal_src_components_pc_minigame_WhackAMoleGame.tsx_line:581,hardcoded_source_literal,src/components/pc/minigame/WhackAMoleGame.tsx,,line:581,현재 점수는,,,,Visible Korean/CJK source literal outside i18n/data. Review whether it should move into i18n or remain developer-only.
hardcoded_source_literal_src_components_pc_minigame_WhackAMoleGame.tsx_line:581,hardcoded_source_literal,src/components/pc/minigame/WhackAMoleGame.tsx,,line:581,점입니다. 목표까지,,,,Visible Korean/CJK source literal outside i18n/data. Review whether it should move into i18n or remain developer-only.
hardcoded_source_literal_src_components_pc_minigame_WhackAMoleGame.tsx_line:581,hardcoded_source_literal,src/components/pc/minigame/WhackAMoleGame.tsx,,line:581,점 남았습니다.,,,,Visible Korean/CJK source literal outside i18n/data. Review whether it should move into i18n or remain developer-only.
hardcoded_source_literal_src_components_pc_minigame_WhackAMoleGame.tsx_line:585,hardcoded_source_literal,src/components/pc/minigame/WhackAMoleGame.tsx,,line:585,다시 도전,,,,Visible Korean/CJK source literal outside i18n/data. Review whether it should move into i18n or remain developer-only.
hardcoded_source_literal_src_components_pc_minigame_WhackAMoleGame.tsx_line:588,hardcoded_source_literal,src/components/pc/minigame/WhackAMoleGame.tsx,,line:588,스킵,,,,Visible Korean/CJK source literal outside i18n/data. Review whether it should move into i18n or remain developer-only.
hardcoded_source_literal_src_components_pc_minigame_WhackAMoleGame.tsx_line:71,hardcoded_source_literal,src/components/pc/minigame/WhackAMoleGame.tsx,,line:71,범인 제압 +1,,,,Visible Korean/CJK source literal outside i18n/data. Review whether it should move into i18n or remain developer-only.
hardcoded_source_literal_src_components_pc_minigame_WhackAMoleGame.tsx_line:72,hardcoded_source_literal,src/components/pc/minigame/WhackAMoleGame.tsx,,line:72,시민 오인 타격 -2,,,,Visible Korean/CJK source literal outside i18n/data. Review whether it should move into i18n or remain developer-only.
hardcoded_source_literal_src_components_pc_minigame_WhackAMoleGame.tsx_line:73,hardcoded_source_literal,src/components/pc/minigame/WhackAMoleGame.tsx,,line:73,보스 범인 제압 +3,,,,Visible Korean/CJK source literal outside i18n/data. Review whether it should move into i18n or remain developer-only.
hardcoded_source_literal_src_components_pc_observation_JudgeObservationSection.tsx_line:25,hardcoded_source_literal,src/components/pc/observation/JudgeObservationSection.tsx,,line:25,단서 접근,,,,Visible Korean/CJK source literal outside i18n/data. Review whether it should move into i18n or remain developer-only.
hardcoded_source_literal_src_components_pc_observation_JudgeObservationSection.tsx_line:25,hardcoded_source_literal,src/components/pc/observation/JudgeObservationSection.tsx,,line:25,모순 단서,,,,Visible Korean/CJK source literal outside i18n/data. Review whether it should move into i18n or remain developer-only.
hardcoded_source_literal_src_components_pc_observation_JudgeObservationSection.tsx_line:25,hardcoded_source_literal,src/components/pc/observation/JudgeObservationSection.tsx,,line:25,방어 완화,,,,Visible Korean/CJK source literal outside i18n/data. Review whether it should move into i18n or remain developer-only.
hardcoded_source_literal_src_components_pc_observation_JudgeObservationSection.tsx_line:27,hardcoded_source_literal,src/components/pc/observation/JudgeObservationSection.tsx,,line:27,새 증인 추가,,,,Visible Korean/CJK source literal outside i18n/data. Review whether it should move into i18n or remain developer-only.
hardcoded_source_literal_src_components_pc_observation_JudgeObservationSection.tsx_line:28,hardcoded_source_literal,src/components/pc/observation/JudgeObservationSection.tsx,,line:28,쟁점 추가,,,,Visible Korean/CJK source literal outside i18n/data. Review whether it should move into i18n or remain developer-only.
hardcoded_source_literal_src_components_pc_observation_JudgeObservationSection.tsx_line:29,hardcoded_source_literal,src/components/pc/observation/JudgeObservationSection.tsx,,line:29,결정적 질문 해금,,,,Visible Korean/CJK source literal outside i18n/data. Review whether it should move into i18n or remain developer-only.
hardcoded_source_literal_src_components_pc_observation_JudgeObservationSection.tsx_line:30,hardcoded_source_literal,src/components/pc/observation/JudgeObservationSection.tsx,,line:30,질문 경로 추가,,,,Visible Korean/CJK source literal outside i18n/data. Review whether it should move into i18n or remain developer-only.
hardcoded_source_literal_src_components_pc_observation_JudgeObservationSection.tsx_line:31,hardcoded_source_literal,src/components/pc/observation/JudgeObservationSection.tsx,,line:31,판결 힌트 추가,,,,Visible Korean/CJK source literal outside i18n/data. Review whether it should move into i18n or remain developer-only.
hardcoded_source_literal_src_components_pc_observation_JudgeObservationSection.tsx_line:32,hardcoded_source_literal,src/components/pc/observation/JudgeObservationSection.tsx,,line:32,단서 기록 추가,,,,Visible Korean/CJK source literal outside i18n/data. Review whether it should move into i18n or remain developer-only.
hardcoded_source_literal_src_components_pc_observation_JudgeObservationSection.tsx_line:33,hardcoded_source_literal,src/components/pc/observation/JudgeObservationSection.tsx,,line:33,진술 기록 추가,,,,Visible Korean/CJK source literal outside i18n/data. Review whether it should move into i18n or remain developer-only.
hardcoded_source_literal_src_components_pc_panels_PCLeftPanel.tsx_line:357,hardcoded_source_literal,src/components/pc/panels/PCLeftPanel.tsx,,line:357,증거 제시는 증거 정리 단계부터 가능합니다.,,,,Visible Korean/CJK source literal outside i18n/data. Review whether it should move into i18n or remain developer-only.
hardcoded_source_literal_src_components_pc_panels_PCLeftPanel.tsx_line:359,hardcoded_source_literal,src/components/pc/panels/PCLeftPanel.tsx,,line:359,증거를 1단계 이상 조사한 뒤 제시할 수 있습니다.,,,,Visible Korean/CJK source literal outside i18n/data. Review whether it should move into i18n or remain developer-only.
hardcoded_source_literal_src_components_pc_panels_PCRightPanel.tsx_line:1381,hardcoded_source_literal,src/components/pc/panels/PCRightPanel.tsx,,line:1381,비어 있음,,,,Visible Korean/CJK source literal outside i18n/data. Review whether it should move into i18n or remain developer-only.
hardcoded_source_literal_src_components_pc_pcUiLabels.ts_line:13,hardcoded_source_literal,src/components/pc/pcUiLabels.ts,,line:13,직접 충돌을 피하고 다른 맥락으로 비켜 가려는 성향입니다. 사실 확인 질문에 상대적으로 민감합니다.,,,,Visible Korean/CJK source literal outside i18n/data. Review whether it should move into i18n or remain developer-only.
hardcoded_source_literal_src_components_pc_pcUiLabels.ts_line:14,hardcoded_source_literal,src/components/pc/pcUiLabels.ts,,line:14,갈등 자체를 피하려하고 불편한 자리가 생기면 말을 줄이거나 결론부터 내리려는 경향이 있습니다.,,,,Visible Korean/CJK source literal outside i18n/data. Review whether it should move into i18n or remain developer-only.
hardcoded_source_literal_src_components_pc_pcUiLabels.ts_line:15,hardcoded_source_literal,src/components/pc/pcUiLabels.ts,,line:15,지적을 받으면 공격적으로 반응하며 주도권을 빼앗기지 않으려는 성향입니다.,,,,Visible Korean/CJK source literal outside i18n/data. Review whether it should move into i18n or remain developer-only.
hardcoded_source_literal_src_components_pc_pcUiLabels.ts_line:16,hardcoded_source_literal,src/components/pc/pcUiLabels.ts,,line:16,억울함과 상처를 앞세워 자신의 책임을 희석하려는 경향이 있습니다.,,,,Visible Korean/CJK source literal outside i18n/data. Review whether it should move into i18n or remain developer-only.
hardcoded_source_literal_src_components_pc_pcUiLabels.ts_line:17,hardcoded_source_literal,src/components/pc/pcUiLabels.ts,,line:17,"감정보다 숫자, 순서, 기록을 앞세워 논리적으로 방어하려는 타입입니다.",,,,Visible Korean/CJK source literal outside i18n/data. Review whether it should move into i18n or remain developer-only.
hardcoded_source_literal_src_components_pc_pcUiLabels.ts_line:18,hardcoded_source_literal,src/components/pc/pcUiLabels.ts,,line:18,"감정보다 숫자, 순서, 기록을 앞세워 논리적으로 방어하려는 타입입니다.",,,,Visible Korean/CJK source literal outside i18n/data. Review whether it should move into i18n or remain developer-only.
hardcoded_source_literal_src_components_pc_pcUiLabels.ts_line:19,hardcoded_source_literal,src/components/pc/pcUiLabels.ts,,line:19,감정을 최소화하고 사실만 건조하게 말해 긴장감을 지우려는 경향이 있습니다.,,,,Visible Korean/CJK source literal outside i18n/data. Review whether it should move into i18n or remain developer-only.
hardcoded_source_literal_src_components_pc_pcUiLabels.ts_line:2,hardcoded_source_literal,src/components/pc/pcUiLabels.ts,,line:2,회피형,,,,Visible Korean/CJK source literal outside i18n/data. Review whether it should move into i18n or remain developer-only.
hardcoded_source_literal_src_components_pc_pcUiLabels.ts_line:20,hardcoded_source_literal,src/components/pc/pcUiLabels.ts,,line:20,전체 흐름을 일찍 닫고 결론부터 요약하려는 경향이 있습니다.,,,,Visible Korean/CJK source literal outside i18n/data. Review whether it should move into i18n or remain developer-only.
hardcoded_source_literal_src_components_pc_pcUiLabels.ts_line:24,hardcoded_source_literal,src/components/pc/pcUiLabels.ts,,line:24,과정밀 진술,,,,Visible Korean/CJK source literal outside i18n/data. Review whether it should move into i18n or remain developer-only.
hardcoded_source_literal_src_components_pc_pcUiLabels.ts_line:25,hardcoded_source_literal,src/components/pc/pcUiLabels.ts,,line:25,농담 방패,,,,Visible Korean/CJK source literal outside i18n/data. Review whether it should move into i18n or remain developer-only.
hardcoded_source_literal_src_components_pc_pcUiLabels.ts_line:26,hardcoded_source_literal,src/components/pc/pcUiLabels.ts,,line:26,농담 방패,,,,Visible Korean/CJK source literal outside i18n/data. Review whether it should move into i18n or remain developer-only.
hardcoded_source_literal_src_components_pc_pcUiLabels.ts_line:27,hardcoded_source_literal,src/components/pc/pcUiLabels.ts,,line:27,역질문,,,,Visible Korean/CJK source literal outside i18n/data. Review whether it should move into i18n or remain developer-only.
hardcoded_source_literal_src_components_pc_pcUiLabels.ts_line:28,hardcoded_source_literal,src/components/pc/pcUiLabels.ts,,line:28,동선 늘리기,,,,Visible Korean/CJK source literal outside i18n/data. Review whether it should move into i18n or remain developer-only.
hardcoded_source_literal_src_components_pc_pcUiLabels.ts_line:29,hardcoded_source_literal,src/components/pc/pcUiLabels.ts,,line:29,증거 과장,,,,Visible Korean/CJK source literal outside i18n/data. Review whether it should move into i18n or remain developer-only.
hardcoded_source_literal_src_components_pc_pcUiLabels.ts_line:3,hardcoded_source_literal,src/components/pc/pcUiLabels.ts,,line:3,갈등 회피,,,,Visible Korean/CJK source literal outside i18n/data. Review whether it should move into i18n or remain developer-only.
hardcoded_source_literal_src_components_pc_pcUiLabels.ts_line:30,hardcoded_source_literal,src/components/pc/pcUiLabels.ts,,line:30,동기 비약,,,,Visible Korean/CJK source literal outside i18n/data. Review whether it should move into i18n or remain developer-only.
hardcoded_source_literal_src_components_pc_pcUiLabels.ts_line:31,hardcoded_source_literal,src/components/pc/pcUiLabels.ts,,line:31,선택 인용,,,,Visible Korean/CJK source literal outside i18n/data. Review whether it should move into i18n or remain developer-only.
hardcoded_source_literal_src_components_pc_pcUiLabels.ts_line:32,hardcoded_source_literal,src/components/pc/pcUiLabels.ts,,line:32,영수증 나열,,,,Visible Korean/CJK source literal outside i18n/data. Review whether it should move into i18n or remain developer-only.
hardcoded_source_literal_src_components_pc_pcUiLabels.ts_line:36,hardcoded_source_literal,src/components/pc/pcUiLabels.ts,,line:36,시간과 숫자를 지나치게 정확히 말하며 사실감을 만들려는 버릇입니다.,,,,Visible Korean/CJK source literal outside i18n/data. Review whether it should move into i18n or remain developer-only.
hardcoded_source_literal_src_components_pc_pcUiLabels.ts_line:37,hardcoded_source_literal,src/components/pc/pcUiLabels.ts,,line:37,불편한 지적을 농담으로 흉려 긴장을 피하려는 버릇입니다.,,,,Visible Korean/CJK source literal outside i18n/data. Review whether it should move into i18n or remain developer-only.
hardcoded_source_literal_src_components_pc_pcUiLabels.ts_line:38,hardcoded_source_literal,src/components/pc/pcUiLabels.ts,,line:38,불편한 지적을 농담으로 흉려 긴장을 피하려는 버릇입니다.,,,,Visible Korean/CJK source literal outside i18n/data. Review whether it should move into i18n or remain developer-only.
hardcoded_source_literal_src_components_pc_pcUiLabels.ts_line:39,hardcoded_source_literal,src/components/pc/pcUiLabels.ts,,line:39,질문을 받자마자 역질문으로 반사하거나 주제를 틀려는 습관입니다.,,,,Visible Korean/CJK source literal outside i18n/data. Review whether it should move into i18n or remain developer-only.
hardcoded_source_literal_src_components_pc_pcUiLabels.ts_line:4,hardcoded_source_literal,src/components/pc/pcUiLabels.ts,,line:4,공격형,,,,Visible Korean/CJK source literal outside i18n/data. Review whether it should move into i18n or remain developer-only.
hardcoded_source_literal_src_components_pc_pcUiLabels.ts_line:40,hardcoded_source_literal,src/components/pc/pcUiLabels.ts,,line:40,불리한 순서를 동선과 기사로 길게 늘어 말하며 핵심을 흐리는 습관입니다.,,,,Visible Korean/CJK source literal outside i18n/data. Review whether it should move into i18n or remain developer-only.
hardcoded_source_literal_src_components_pc_pcUiLabels.ts_line:41,hardcoded_source_literal,src/components/pc/pcUiLabels.ts,,line:41,증거 하나를 과장해 전체 결론으로 바꾸려는 습관입니다.,,,,Visible Korean/CJK source literal outside i18n/data. Review whether it should move into i18n or remain developer-only.
hardcoded_source_literal_src_components_pc_pcUiLabels.ts_line:42,hardcoded_source_literal,src/components/pc/pcUiLabels.ts,,line:42,행동과 결과만 보고 의도까지 단정하려는 습관입니다.,,,,Visible Korean/CJK source literal outside i18n/data. Review whether it should move into i18n or remain developer-only.
hardcoded_source_literal_src_components_pc_pcUiLabels.ts_line:43,hardcoded_source_literal,src/components/pc/pcUiLabels.ts,,line:43,상대 발언 중 유리한 부분만 떼어 반복 인용하는 습관입니다.,,,,Visible Korean/CJK source literal outside i18n/data. Review whether it should move into i18n or remain developer-only.
hardcoded_source_literal_src_components_pc_pcUiLabels.ts_line:44,hardcoded_source_literal,src/components/pc/pcUiLabels.ts,,line:44,영수증이나 숫자를 떼어 나열하며 맥락보다 정보량으로 압도하려는 습관입니다.,,,,Visible Korean/CJK source literal outside i18n/data. Review whether it should move into i18n or remain developer-only.
hardcoded_source_literal_src_components_pc_pcUiLabels.ts_line:48,hardcoded_source_literal,src/components/pc/pcUiLabels.ts,,line:48,성향,,,,Visible Korean/CJK source literal outside i18n/data. Review whether it should move into i18n or remain developer-only.
hardcoded_source_literal_src_components_pc_pcUiLabels.ts_line:5,hardcoded_source_literal,src/components/pc/pcUiLabels.ts,,line:5,피해자 서사,,,,Visible Korean/CJK source literal outside i18n/data. Review whether it should move into i18n or remain developer-only.
hardcoded_source_literal_src_components_pc_pcUiLabels.ts_line:53,hardcoded_source_literal,src/components/pc/pcUiLabels.ts,,line:53,현재 대상의 반응 방식과 흔들림 포인트를 요약한 성향 정보입니다.,,,,Visible Korean/CJK source literal outside i18n/data. Review whether it should move into i18n or remain developer-only.
hardcoded_source_literal_src_components_pc_pcUiLabels.ts_line:57,hardcoded_source_literal,src/components/pc/pcUiLabels.ts,,line:57,말버릇,,,,Visible Korean/CJK source literal outside i18n/data. Review whether it should move into i18n or remain developer-only.
hardcoded_source_literal_src_components_pc_pcUiLabels.ts_line:6,hardcoded_source_literal,src/components/pc/pcUiLabels.ts,,line:6,냉정 논리,,,,Visible Korean/CJK source literal outside i18n/data. Review whether it should move into i18n or remain developer-only.
hardcoded_source_literal_src_components_pc_pcUiLabels.ts_line:62,hardcoded_source_literal,src/components/pc/pcUiLabels.ts,,line:62,대화 중 반복적으로 드러나는 말버릇 정보입니다.,,,,Visible Korean/CJK source literal outside i18n/data. Review whether it should move into i18n or remain developer-only.
hardcoded_source_literal_src_components_pc_pcUiLabels.ts_line:7,hardcoded_source_literal,src/components/pc/pcUiLabels.ts,,line:7,냉정 논리,,,,Visible Korean/CJK source literal outside i18n/data. Review whether it should move into i18n or remain developer-only.
hardcoded_source_literal_src_components_pc_pcUiLabels.ts_line:8,hardcoded_source_literal,src/components/pc/pcUiLabels.ts,,line:8,감정 무력화,,,,Visible Korean/CJK source literal outside i18n/data. Review whether it should move into i18n or remain developer-only.
hardcoded_source_literal_src_components_pc_pcUiLabels.ts_line:9,hardcoded_source_literal,src/components/pc/pcUiLabels.ts,,line:9,성급한 정리,,,,Visible Korean/CJK source literal outside i18n/data. Review whether it should move into i18n or remain developer-only.
hardcoded_source_literal_src_components_pc_profile_PCJudgeProgressionPanel.tsx_line:142,hardcoded_source_literal,src/components/pc/profile/PCJudgeProgressionPanel.tsx,,line:142,재판관 관리 메뉴,,,,Visible Korean/CJK source literal outside i18n/data. Review whether it should move into i18n or remain developer-only.
hardcoded_source_literal_src_components_pc_profile_PCJudgeProgressionPanel.tsx_line:245,hardcoded_source_literal,src/components/pc/profile/PCJudgeProgressionPanel.tsx,,line:245,장착 중인 칭호,,,,Visible Korean/CJK source literal outside i18n/data. Review whether it should move into i18n or remain developer-only.
hardcoded_source_literal_src_components_pc_profile_PCJudgeProgressionPanel.tsx_line:248,hardcoded_source_literal,src/components/pc/profile/PCJudgeProgressionPanel.tsx,,line:248,장착 중인 칭호,,,,Visible Korean/CJK source literal outside i18n/data. Review whether it should move into i18n or remain developer-only.
hardcoded_source_literal_src_components_pc_profile_PCJudgeProgressionPanel.tsx_line:252,hardcoded_source_literal,src/components/pc/profile/PCJudgeProgressionPanel.tsx,,line:252,슬롯 1,,,,Visible Korean/CJK source literal outside i18n/data. Review whether it should move into i18n or remain developer-only.
hardcoded_source_literal_src_components_pc_profile_PCJudgeProgressionPanel.tsx_line:258,hardcoded_source_literal,src/components/pc/profile/PCJudgeProgressionPanel.tsx,,line:258,슬롯 2,,,,Visible Korean/CJK source literal outside i18n/data. Review whether it should move into i18n or remain developer-only.
hardcoded_source_literal_src_components_pc_profile_PCJudgeProgressionPanel.tsx_line:274,hardcoded_source_literal,src/components/pc/profile/PCJudgeProgressionPanel.tsx,,line:274,현재 슬롯에 장착 중,,,,Visible Korean/CJK source literal outside i18n/data. Review whether it should move into i18n or remain developer-only.
hardcoded_source_literal_src_components_pc_profile_PCJudgeProgressionPanel.tsx_line:275,hardcoded_source_literal,src/components/pc/profile/PCJudgeProgressionPanel.tsx,,line:275,장착 하기,,,,Visible Korean/CJK source literal outside i18n/data. Review whether it should move into i18n or remain developer-only.
hardcoded_source_literal_src_components_pc_profile_PCJudgeProgressionPanel.tsx_line:361,hardcoded_source_literal,src/components/pc/profile/PCJudgeProgressionPanel.tsx,,line:361,강화 항목 선택,,,,Visible Korean/CJK source literal outside i18n/data. Review whether it should move into i18n or remain developer-only.
hardcoded_source_literal_src_components_pc_profile_PCJudgeProgressionPanel.tsx_line:393,hardcoded_source_literal,src/components/pc/profile/PCJudgeProgressionPanel.tsx,,line:393,최고 레벨에 도달하여,,,,Visible Korean/CJK source literal outside i18n/data. Review whether it should move into i18n or remain developer-only.
hardcoded_source_literal_src_components_pc_profile_PCJudgeProgressionPanel.tsx_line:394,hardcoded_source_literal,src/components/pc/profile/PCJudgeProgressionPanel.tsx,,line:394,더 이상 레벨업이 불가합니다.,,,,Visible Korean/CJK source literal outside i18n/data. Review whether it should move into i18n or remain developer-only.
hardcoded_source_literal_src_components_pc_profile_PCJudgeProgressionPanel.tsx_line:400,hardcoded_source_literal,src/components/pc/profile/PCJudgeProgressionPanel.tsx,,line:400,취소,,,,Visible Korean/CJK source literal outside i18n/data. Review whether it should move into i18n or remain developer-only.
hardcoded_source_literal_src_components_pc_profile_PCJudgeProgressionPanel.tsx_line:401,hardcoded_source_literal,src/components/pc/profile/PCJudgeProgressionPanel.tsx,,line:401,강화,,,,Visible Korean/CJK source literal outside i18n/data. Review whether it should move into i18n or remain developer-only.
hardcoded_source_literal_src_components_pc_profile_PCJudgeProgressionPanel.tsx_line:405,hardcoded_source_literal,src/components/pc/profile/PCJudgeProgressionPanel.tsx,,line:405,각 재료 슬롯을 필요한 수량까지 채우면 강화 버튼이 활성화됩니다. 강화가 완료되면 해당 항목 레벨과 칭호 총 레벨이 함께 올라갑니다.,,,,Visible Korean/CJK source literal outside i18n/data. Review whether it should move into i18n or remain developer-only.
hardcoded_source_literal_src_components_pc_profile_PCJudgeProgressionPanel.tsx_line:416,hardcoded_source_literal,src/components/pc/profile/PCJudgeProgressionPanel.tsx,,line:416,+1 강화 시 효과,,,,Visible Korean/CJK source literal outside i18n/data. Review whether it should move into i18n or remain developer-only.
hardcoded_source_literal_src_components_pc_profile_PCJudgeProgressionPanel.tsx_line:417,hardcoded_source_literal,src/components/pc/profile/PCJudgeProgressionPanel.tsx,,line:417,최대 단계에 가까워졌습니다.,,,,Visible Korean/CJK source literal outside i18n/data. Review whether it should move into i18n or remain developer-only.
hardcoded_source_literal_src_components_pc_profile_PCJudgeProgressionPanel.tsx_line:450,hardcoded_source_literal,src/components/pc/profile/PCJudgeProgressionPanel.tsx,,line:450,Lv.1부터 장착 효과가 열립니다.,,,,Visible Korean/CJK source literal outside i18n/data. Review whether it should move into i18n or remain developer-only.
hardcoded_source_literal_src_components_pc_profile_PCJudgeProgressionPanel.tsx_line:453,hardcoded_source_literal,src/components/pc/profile/PCJudgeProgressionPanel.tsx,,line:453,보유 칭호,,,,Visible Korean/CJK source literal outside i18n/data. Review whether it should move into i18n or remain developer-only.
hardcoded_source_literal_src_components_pc_profile_PCJudgeProgressionPanel.tsx_line:455,hardcoded_source_literal,src/components/pc/profile/PCJudgeProgressionPanel.tsx,,line:455,칭호 선택,,,,Visible Korean/CJK source literal outside i18n/data. Review whether it should move into i18n or remain developer-only.
hardcoded_source_literal_src_components_pc_profile_PCJudgeProgressionPanel.tsx_line:475,hardcoded_source_literal,src/components/pc/profile/PCJudgeProgressionPanel.tsx,,line:475,현재 효과,,,,Visible Korean/CJK source literal outside i18n/data. Review whether it should move into i18n or remain developer-only.
hardcoded_source_literal_src_components_pc_profile_PCJudgeProgressionPanel.tsx_line:476,hardcoded_source_literal,src/components/pc/profile/PCJudgeProgressionPanel.tsx,,line:476,상세보기,,,,Visible Korean/CJK source literal outside i18n/data. Review whether it should move into i18n or remain developer-only.
hardcoded_source_literal_src_components_pc_profile_PCJudgeProgressionPanel.tsx_line:485,hardcoded_source_literal,src/components/pc/profile/PCJudgeProgressionPanel.tsx,,line:485,+1 강화 시 효과,,,,Visible Korean/CJK source literal outside i18n/data. Review whether it should move into i18n or remain developer-only.
hardcoded_source_literal_src_components_pc_profile_PCJudgeProgressionPanel.tsx_line:49,hardcoded_source_literal,src/components/pc/profile/PCJudgeProgressionPanel.tsx,,line:49,조사 토큰,,,,Visible Korean/CJK source literal outside i18n/data. Review whether it should move into i18n or remain developer-only.
hardcoded_source_literal_src_components_pc_profile_PCJudgeProgressionPanel.tsx_line:50,hardcoded_source_literal,src/components/pc/profile/PCJudgeProgressionPanel.tsx,,line:50,스킬 포인트,,,,Visible Korean/CJK source literal outside i18n/data. Review whether it should move into i18n or remain developer-only.
hardcoded_source_literal_src_components_pc_profile_PCJudgeProgressionPanel.tsx_line:506,hardcoded_source_literal,src/components/pc/profile/PCJudgeProgressionPanel.tsx,,line:506,칭호 상세보기,,,,Visible Korean/CJK source literal outside i18n/data. Review whether it should move into i18n or remain developer-only.
hardcoded_source_literal_src_components_pc_profile_PCJudgeProgressionPanel.tsx_line:507,hardcoded_source_literal,src/components/pc/profile/PCJudgeProgressionPanel.tsx,,line:507,닫기,,,,Visible Korean/CJK source literal outside i18n/data. Review whether it should move into i18n or remain developer-only.
hardcoded_source_literal_src_components_pc_profile_PCJudgeProgressionPanel.tsx_line:51,hardcoded_source_literal,src/components/pc/profile/PCJudgeProgressionPanel.tsx,,line:51,법정 장악,,,,Visible Korean/CJK source literal outside i18n/data. Review whether it should move into i18n or remain developer-only.
hardcoded_source_literal_src_components_pc_profile_PCJudgeProgressionPanel.tsx_line:519,hardcoded_source_literal,src/components/pc/profile/PCJudgeProgressionPanel.tsx,,line:519,레벨별 효과,,,,Visible Korean/CJK source literal outside i18n/data. Review whether it should move into i18n or remain developer-only.
hardcoded_source_literal_src_components_pc_profile_PCJudgeProgressionPanel.tsx_line:548,hardcoded_source_literal,src/components/pc/profile/PCJudgeProgressionPanel.tsx,,line:548,장착 슬롯 선택,,,,Visible Korean/CJK source literal outside i18n/data. Review whether it should move into i18n or remain developer-only.
hardcoded_source_literal_src_components_pc_profile_PCJudgeProgressionPanel.tsx_line:549,hardcoded_source_literal,src/components/pc/profile/PCJudgeProgressionPanel.tsx,,line:549,닫기,,,,Visible Korean/CJK source literal outside i18n/data. Review whether it should move into i18n or remain developer-only.
hardcoded_source_literal_src_components_pc_profile_PCJudgeProgressionPanel.tsx_line:55,hardcoded_source_literal,src/components/pc/profile/PCJudgeProgressionPanel.tsx,,line:55,장착,,,,Visible Korean/CJK source literal outside i18n/data. Review whether it should move into i18n or remain developer-only.
hardcoded_source_literal_src_components_pc_profile_PCJudgeProgressionPanel.tsx_line:55,hardcoded_source_literal,src/components/pc/profile/PCJudgeProgressionPanel.tsx,,line:55,보유 칭호를 슬롯에 배치합니다.,,,,Visible Korean/CJK source literal outside i18n/data. Review whether it should move into i18n or remain developer-only.
hardcoded_source_literal_src_components_pc_profile_PCJudgeProgressionPanel.tsx_line:552,hardcoded_source_literal,src/components/pc/profile/PCJudgeProgressionPanel.tsx,,line:552,장착 슬롯 선택,,,,Visible Korean/CJK source literal outside i18n/data. Review whether it should move into i18n or remain developer-only.
hardcoded_source_literal_src_components_pc_profile_PCJudgeProgressionPanel.tsx_line:554,hardcoded_source_literal,src/components/pc/profile/PCJudgeProgressionPanel.tsx,,line:554,두 슬롯이 모두 사용 중입니다.,,,,Visible Korean/CJK source literal outside i18n/data. Review whether it should move into i18n or remain developer-only.
hardcoded_source_literal_src_components_pc_profile_PCJudgeProgressionPanel.tsx_line:554,hardcoded_source_literal,src/components/pc/profile/PCJudgeProgressionPanel.tsx,,line:554,을 어느 슬롯에 장착할지 선택하세요.,,,,Visible Korean/CJK source literal outside i18n/data. Review whether it should move into i18n or remain developer-only.
hardcoded_source_literal_src_components_pc_profile_PCJudgeProgressionPanel.tsx_line:56,hardcoded_source_literal,src/components/pc/profile/PCJudgeProgressionPanel.tsx,,line:56,강화,,,,Visible Korean/CJK source literal outside i18n/data. Review whether it should move into i18n or remain developer-only.
hardcoded_source_literal_src_components_pc_profile_PCJudgeProgressionPanel.tsx_line:56,hardcoded_source_literal,src/components/pc/profile/PCJudgeProgressionPanel.tsx,,line:56,판결 조각을 넣어 칭호 레벨을 올립니다.,,,,Visible Korean/CJK source literal outside i18n/data. Review whether it should move into i18n or remain developer-only.
hardcoded_source_literal_src_components_pc_profile_PCJudgeProgressionPanel.tsx_line:561,hardcoded_source_literal,src/components/pc/profile/PCJudgeProgressionPanel.tsx,,line:561,슬롯,,,,Visible Korean/CJK source literal outside i18n/data. Review whether it should move into i18n or remain developer-only.
hardcoded_source_literal_src_components_pc_profile_PCJudgeProgressionPanel.tsx_line:562,hardcoded_source_literal,src/components/pc/profile/PCJudgeProgressionPanel.tsx,,line:562,비어 있음,,,,Visible Korean/CJK source literal outside i18n/data. Review whether it should move into i18n or remain developer-only.
hardcoded_source_literal_src_components_pc_profile_PCJudgeProgressionPanel.tsx_line:563,hardcoded_source_literal,src/components/pc/profile/PCJudgeProgressionPanel.tsx,,line:563,선택한 칭호를 장착합니다.,,,,Visible Korean/CJK source literal outside i18n/data. Review whether it should move into i18n or remain developer-only.
hardcoded_source_literal_src_components_pc_profile_PCJudgeProgressionPanel.tsx_line:57,hardcoded_source_literal,src/components/pc/profile/PCJudgeProgressionPanel.tsx,,line:57,판결 조각,,,,Visible Korean/CJK source literal outside i18n/data. Review whether it should move into i18n or remain developer-only.
hardcoded_source_literal_src_components_pc_profile_PCJudgeProgressionPanel.tsx_line:57,hardcoded_source_literal,src/components/pc/profile/PCJudgeProgressionPanel.tsx,,line:57,보유 조각을 확인하고 교환합니다.,,,,Visible Korean/CJK source literal outside i18n/data. Review whether it should move into i18n or remain developer-only.
hardcoded_source_literal_src_components_pc_profile_PCJudgeProgressionPanel.tsx_line:596,hardcoded_source_literal,src/components/pc/profile/PCJudgeProgressionPanel.tsx,,line:596,보유,,,,Visible Korean/CJK source literal outside i18n/data. Review whether it should move into i18n or remain developer-only.
hardcoded_source_literal_src_components_pc_profile_PCJudgeProgressionPanel.tsx_line:632,hardcoded_source_literal,src/components/pc/profile/PCJudgeProgressionPanel.tsx,,line:632,보유,,,,Visible Korean/CJK source literal outside i18n/data. Review whether it should move into i18n or remain developer-only.
hardcoded_source_literal_src_components_pc_profile_PCJudgeProgressionPanel.tsx_line:637,hardcoded_source_literal,src/components/pc/profile/PCJudgeProgressionPanel.tsx,,line:637,사용처,,,,Visible Korean/CJK source literal outside i18n/data. Review whether it should move into i18n or remain developer-only.
hardcoded_source_literal_src_components_pc_profile_PCJudgeProgressionPanel.tsx_line:643,hardcoded_source_literal,src/components/pc/profile/PCJudgeProgressionPanel.tsx,,line:643,조각 교환,,,,Visible Korean/CJK source literal outside i18n/data. Review whether it should move into i18n or remain developer-only.
hardcoded_source_literal_src_components_pc_profile_PCJudgeProgressionPanel.tsx_line:644,hardcoded_source_literal,src/components/pc/profile/PCJudgeProgressionPanel.tsx,,line:644,같은 조각,,,,Visible Korean/CJK source literal outside i18n/data. Review whether it should move into i18n or remain developer-only.
hardcoded_source_literal_src_components_pc_profile_PCJudgeProgressionPanel.tsx_line:644,hardcoded_source_literal,src/components/pc/profile/PCJudgeProgressionPanel.tsx,,line:644,개를 다른 판결 조각 1개로 교환할 수 있습니다.,,,,Visible Korean/CJK source literal outside i18n/data. Review whether it should move into i18n or remain developer-only.
hardcoded_source_literal_src_components_pc_profile_PCJudgeProgressionPanel.tsx_line:648,hardcoded_source_literal,src/components/pc/profile/PCJudgeProgressionPanel.tsx,,line:648,조각 교환,,,,Visible Korean/CJK source literal outside i18n/data. Review whether it should move into i18n or remain developer-only.
hardcoded_source_literal_src_components_pc_profile_PCJudgeProgressionPanel.tsx_line:652,hardcoded_source_literal,src/components/pc/profile/PCJudgeProgressionPanel.tsx,,line:652,판결 조각 보유 현황,,,,Visible Korean/CJK source literal outside i18n/data. Review whether it should move into i18n or remain developer-only.
hardcoded_source_literal_src_components_pc_profile_PCJudgeProgressionPanel.tsx_line:700,hardcoded_source_literal,src/components/pc/profile/PCJudgeProgressionPanel.tsx,,line:700,닫기,,,,Visible Korean/CJK source literal outside i18n/data. Review whether it should move into i18n or remain developer-only.
hardcoded_source_literal_src_components_pc_profile_PCJudgeProgressionPanel.tsx_line:703,hardcoded_source_literal,src/components/pc/profile/PCJudgeProgressionPanel.tsx,,line:703,조각 교환,,,,Visible Korean/CJK source literal outside i18n/data. Review whether it should move into i18n or remain developer-only.
hardcoded_source_literal_src_components_pc_profile_PCJudgeProgressionPanel.tsx_line:707,hardcoded_source_literal,src/components/pc/profile/PCJudgeProgressionPanel.tsx,,line:707,교환 재료,,,,Visible Korean/CJK source literal outside i18n/data. Review whether it should move into i18n or remain developer-only.
hardcoded_source_literal_src_components_pc_profile_PCJudgeProgressionPanel.tsx_line:711,hardcoded_source_literal,src/components/pc/profile/PCJudgeProgressionPanel.tsx,,line:711,· 보유,,,,Visible Korean/CJK source literal outside i18n/data. Review whether it should move into i18n or remain developer-only.
hardcoded_source_literal_src_components_pc_profile_PCJudgeProgressionPanel.tsx_line:717,hardcoded_source_literal,src/components/pc/profile/PCJudgeProgressionPanel.tsx,,line:717,교환 대상,,,,Visible Korean/CJK source literal outside i18n/data. Review whether it should move into i18n or remain developer-only.
hardcoded_source_literal_src_components_pc_profile_PCJudgeProgressionPanel.tsx_line:729,hardcoded_source_literal,src/components/pc/profile/PCJudgeProgressionPanel.tsx,,line:729,개 사용,,,,Visible Korean/CJK source literal outside i18n/data. Review whether it should move into i18n or remain developer-only.
hardcoded_source_literal_src_components_pc_profile_PCJudgeProgressionPanel.tsx_line:735,hardcoded_source_literal,src/components/pc/profile/PCJudgeProgressionPanel.tsx,,line:735,1개 획득,,,,Visible Korean/CJK source literal outside i18n/data. Review whether it should move into i18n or remain developer-only.
hardcoded_source_literal_src_components_pc_profile_PCJudgeProgressionPanel.tsx_line:738,hardcoded_source_literal,src/components/pc/profile/PCJudgeProgressionPanel.tsx,,line:738,현재 보유:,,,,Visible Korean/CJK source literal outside i18n/data. Review whether it should move into i18n or remain developer-only.
hardcoded_source_literal_src_components_pc_profile_PCJudgeProgressionPanel.tsx_line:738,hardcoded_source_literal,src/components/pc/profile/PCJudgeProgressionPanel.tsx,,line:738,개 · 교환 비율,,,,Visible Korean/CJK source literal outside i18n/data. Review whether it should move into i18n or remain developer-only.
hardcoded_source_literal_src_components_pc_profile_PCJudgeProgressionPanel.tsx_line:740,hardcoded_source_literal,src/components/pc/profile/PCJudgeProgressionPanel.tsx,,line:740,취소,,,,Visible Korean/CJK source literal outside i18n/data. Review whether it should move into i18n or remain developer-only.
hardcoded_source_literal_src_components_pc_profile_PCJudgeProgressionPanel.tsx_line:742,hardcoded_source_literal,src/components/pc/profile/PCJudgeProgressionPanel.tsx,,line:742,교환 실행,,,,Visible Korean/CJK source literal outside i18n/data. Review whether it should move into i18n or remain developer-only.
hardcoded_source_literal_src_components_pc_profile_PCJudgeProgressionPanel.tsx_line:767,hardcoded_source_literal,src/components/pc/profile/PCJudgeProgressionPanel.tsx,,line:767,칭호를 장착하세요,,,,Visible Korean/CJK source literal outside i18n/data. Review whether it should move into i18n or remain developer-only.
hardcoded_source_literal_src_components_pc_profile_PCJudgeProgressionPanel.tsx_line:773,hardcoded_source_literal,src/components/pc/profile/PCJudgeProgressionPanel.tsx,,line:773,비어 있음,,,,Visible Korean/CJK source literal outside i18n/data. Review whether it should move into i18n or remain developer-only.
hardcoded_source_literal_src_components_pc_profile_PCJudgeProgressionPanel.tsx_line:776,hardcoded_source_literal,src/components/pc/profile/PCJudgeProgressionPanel.tsx,,line:776,해제,,,,Visible Korean/CJK source literal outside i18n/data. Review whether it should move into i18n or remain developer-only.
hardcoded_source_literal_src_components_pc_profile_PCPerkEquipPanel.tsx_line:111,hardcoded_source_literal,src/components/pc/profile/PCPerkEquipPanel.tsx,,line:111,비어 있음,,,,Visible Korean/CJK source literal outside i18n/data. Review whether it should move into i18n or remain developer-only.
hardcoded_source_literal_src_components_pc_profile_PCPerkEquipPanel.tsx_line:129,hardcoded_source_literal,src/components/pc/profile/PCPerkEquipPanel.tsx,,line:129,해금,,,,Visible Korean/CJK source literal outside i18n/data. Review whether it should move into i18n or remain developer-only.
hardcoded_source_literal_src_components_pc_profile_PCPerkEquipPanel.tsx_line:155,hardcoded_source_literal,src/components/pc/profile/PCPerkEquipPanel.tsx,,line:155,장착 중,,,,Visible Korean/CJK source literal outside i18n/data. Review whether it should move into i18n or remain developer-only.
hardcoded_source_literal_src_components_pc_profile_PCPerkEquipPanel.tsx_line:171,hardcoded_source_literal,src/components/pc/profile/PCPerkEquipPanel.tsx,,line:171,잠김,,,,Visible Korean/CJK source literal outside i18n/data. Review whether it should move into i18n or remain developer-only.
hardcoded_source_literal_src_components_pc_profile_PCPerkEquipPanel.tsx_line:171,hardcoded_source_literal,src/components/pc/profile/PCPerkEquipPanel.tsx,,line:171,해제,,,,Visible Korean/CJK source literal outside i18n/data. Review whether it should move into i18n or remain developer-only.
hardcoded_source_literal_src_components_pc_profile_PCPerkEquipPanel.tsx_line:171,hardcoded_source_literal,src/components/pc/profile/PCPerkEquipPanel.tsx,,line:171,장착,,,,Visible Korean/CJK source literal outside i18n/data. Review whether it should move into i18n or remain developer-only.
hardcoded_source_literal_src_components_pc_profile_PCPerkEquipPanel.tsx_line:30,hardcoded_source_literal,src/components/pc/profile/PCPerkEquipPanel.tsx,,line:30,Major 퍼크,,,,Visible Korean/CJK source literal outside i18n/data. Review whether it should move into i18n or remain developer-only.
hardcoded_source_literal_src_components_pc_profile_PCPerkEquipPanel.tsx_line:32,hardcoded_source_literal,src/components/pc/profile/PCPerkEquipPanel.tsx,,line:32,Lv3 성향을 달성하면 장착할 수 있습니다.,,,,Visible Korean/CJK source literal outside i18n/data. Review whether it should move into i18n or remain developer-only.
hardcoded_source_literal_src_components_pc_profile_PCPerkEquipPanel.tsx_line:36,hardcoded_source_literal,src/components/pc/profile/PCPerkEquipPanel.tsx,,line:36,Minor 퍼크,,,,Visible Korean/CJK source literal outside i18n/data. Review whether it should move into i18n or remain developer-only.
hardcoded_source_literal_src_components_pc_profile_PCPerkEquipPanel.tsx_line:38,hardcoded_source_literal,src/components/pc/profile/PCPerkEquipPanel.tsx,,line:38,Lv1 성향을 달성하면 장착할 수 있습니다.,,,,Visible Korean/CJK source literal outside i18n/data. Review whether it should move into i18n or remain developer-only.
hardcoded_source_literal_src_components_pc_profile_PCPerkEquipPanel.tsx_line:95,hardcoded_source_literal,src/components/pc/profile/PCPerkEquipPanel.tsx,,line:95,퍼크 장착,,,,Visible Korean/CJK source literal outside i18n/data. Review whether it should move into i18n or remain developer-only.
hardcoded_source_literal_src_components_pc_profile_PCTraitEnhancePanel.tsx_line:102,hardcoded_source_literal,src/components/pc/profile/PCTraitEnhancePanel.tsx,,line:102,강화 가능,,,,Visible Korean/CJK source literal outside i18n/data. Review whether it should move into i18n or remain developer-only.
hardcoded_source_literal_src_components_pc_profile_PCTraitEnhancePanel.tsx_line:136,hardcoded_source_literal,src/components/pc/profile/PCTraitEnhancePanel.tsx,,line:136,강화 재료를 모아 다음 레벨을 해금합니다.,,,,Visible Korean/CJK source literal outside i18n/data. Review whether it should move into i18n or remain developer-only.
hardcoded_source_literal_src_components_pc_profile_PCTraitEnhancePanel.tsx_line:136,hardcoded_source_literal,src/components/pc/profile/PCTraitEnhancePanel.tsx,,line:136,Major 퍼크,,,,Visible Korean/CJK source literal outside i18n/data. Review whether it should move into i18n or remain developer-only.
hardcoded_source_literal_src_components_pc_profile_PCTraitEnhancePanel.tsx_line:153,hardcoded_source_literal,src/components/pc/profile/PCTraitEnhancePanel.tsx,,line:153,축 전용 성장 경로,,,,Visible Korean/CJK source literal outside i18n/data. Review whether it should move into i18n or remain developer-only.
hardcoded_source_literal_src_components_pc_profile_PCTraitEnhancePanel.tsx_line:154,hardcoded_source_literal,src/components/pc/profile/PCTraitEnhancePanel.tsx,,line:154,Major 퍼크,,,,Visible Korean/CJK source literal outside i18n/data. Review whether it should move into i18n or remain developer-only.
hardcoded_source_literal_src_components_pc_profile_PCTraitEnhancePanel.tsx_line:195,hardcoded_source_literal,src/components/pc/profile/PCTraitEnhancePanel.tsx,,line:195,Major 퍼크,,,,Visible Korean/CJK source literal outside i18n/data. Review whether it should move into i18n or remain developer-only.
hardcoded_source_literal_src_components_pc_profile_PCTraitEnhancePanel.tsx_line:196,hardcoded_source_literal,src/components/pc/profile/PCTraitEnhancePanel.tsx,,line:196,최대 레벨에 도달했습니다.,,,,Visible Korean/CJK source literal outside i18n/data. Review whether it should move into i18n or remain developer-only.
hardcoded_source_literal_src_components_pc_profile_PCTraitEnhancePanel.tsx_line:207,hardcoded_source_literal,src/components/pc/profile/PCTraitEnhancePanel.tsx,,line:207,강화,,,,Visible Korean/CJK source literal outside i18n/data. Review whether it should move into i18n or remain developer-only.
hardcoded_source_literal_src_components_pc_profile_PCTraitEnhancePanel.tsx_line:218,hardcoded_source_literal,src/components/pc/profile/PCTraitEnhancePanel.tsx,,line:218,조각 변환,,,,Visible Korean/CJK source literal outside i18n/data. Review whether it should move into i18n or remain developer-only.
hardcoded_source_literal_src_components_pc_profile_PCTraitEnhancePanel.tsx_line:220,hardcoded_source_literal,src/components/pc/profile/PCTraitEnhancePanel.tsx,,line:220,중립 조각,,,,Visible Korean/CJK source literal outside i18n/data. Review whether it should move into i18n or remain developer-only.
hardcoded_source_literal_src_components_pc_profile_PCTraitEnhancePanel.tsx_line:220,hardcoded_source_literal,src/components/pc/profile/PCTraitEnhancePanel.tsx,,line:220,개 → 방향 조각 1개,,,,Visible Korean/CJK source literal outside i18n/data. Review whether it should move into i18n or remain developer-only.
hardcoded_source_literal_src_components_pc_profile_PCTraitEnhancePanel.tsx_line:230,hardcoded_source_literal,src/components/pc/profile/PCTraitEnhancePanel.tsx,,line:230,중립 재고,,,,Visible Korean/CJK source literal outside i18n/data. Review whether it should move into i18n or remain developer-only.
hardcoded_source_literal_src_components_pc_profile_PCTraitEnhancePanel.tsx_line:249,hardcoded_source_literal,src/components/pc/profile/PCTraitEnhancePanel.tsx,,line:249,중립 조각 ×,,,,Visible Korean/CJK source literal outside i18n/data. Review whether it should move into i18n or remain developer-only.
hardcoded_source_literal_src_components_pc_profile_PCTraitEnhancePanel.tsx_line:249,hardcoded_source_literal,src/components/pc/profile/PCTraitEnhancePanel.tsx,,line:249,조각 ×1,,,,Visible Korean/CJK source literal outside i18n/data. Review whether it should move into i18n or remain developer-only.
hardcoded_source_literal_src_components_pc_profile_PCTraitEnhancePanel.tsx_line:31,hardcoded_source_literal,src/components/pc/profile/PCTraitEnhancePanel.tsx,,line:31,탐구 축,,,,Visible Korean/CJK source literal outside i18n/data. Review whether it should move into i18n or remain developer-only.
hardcoded_source_literal_src_components_pc_profile_PCTraitEnhancePanel.tsx_line:32,hardcoded_source_literal,src/components/pc/profile/PCTraitEnhancePanel.tsx,,line:32,판결 균형,,,,Visible Korean/CJK source literal outside i18n/data. Review whether it should move into i18n or remain developer-only.
hardcoded_source_literal_src_components_pc_profile_PCTraitEnhancePanel.tsx_line:33,hardcoded_source_literal,src/components/pc/profile/PCTraitEnhancePanel.tsx,,line:33,해결 축,,,,Visible Korean/CJK source literal outside i18n/data. Review whether it should move into i18n or remain developer-only.
hardcoded_source_literal_src_components_pc_profile_PCTraitEnhancePanel.tsx_line:99,hardcoded_source_literal,src/components/pc/profile/PCTraitEnhancePanel.tsx,,line:99,6성향 강화,,,,Visible Korean/CJK source literal outside i18n/data. Review whether it should move into i18n or remain developer-only.
hardcoded_source_literal_src_components_pc_progression_PCJudgeProgressionShared.tsx_line:20,hardcoded_source_literal,src/components/pc/progression/PCJudgeProgressionShared.tsx,,line:20,추론의 조각,,,,Visible Korean/CJK source literal outside i18n/data. Review whether it should move into i18n or remain developer-only.
hardcoded_source_literal_src_components_pc_progression_PCJudgeProgressionShared.tsx_line:20,hardcoded_source_literal,src/components/pc/progression/PCJudgeProgressionShared.tsx,,line:20,논리,,,,Visible Korean/CJK source literal outside i18n/data. Review whether it should move into i18n or remain developer-only.
hardcoded_source_literal_src_components_pc_progression_PCJudgeProgressionShared.tsx_line:21,hardcoded_source_literal,src/components/pc/progression/PCJudgeProgressionShared.tsx,,line:21,탐구의 조각,,,,Visible Korean/CJK source literal outside i18n/data. Review whether it should move into i18n or remain developer-only.
hardcoded_source_literal_src_components_pc_progression_PCJudgeProgressionShared.tsx_line:21,hardcoded_source_literal,src/components/pc/progression/PCJudgeProgressionShared.tsx,,line:21,탐구,,,,Visible Korean/CJK source literal outside i18n/data. Review whether it should move into i18n or remain developer-only.
hardcoded_source_literal_src_components_pc_progression_PCJudgeProgressionShared.tsx_line:22,hardcoded_source_literal,src/components/pc/progression/PCJudgeProgressionShared.tsx,,line:22,공감의 조각,,,,Visible Korean/CJK source literal outside i18n/data. Review whether it should move into i18n or remain developer-only.
hardcoded_source_literal_src_components_pc_progression_PCJudgeProgressionShared.tsx_line:22,hardcoded_source_literal,src/components/pc/progression/PCJudgeProgressionShared.tsx,,line:22,공감,,,,Visible Korean/CJK source literal outside i18n/data. Review whether it should move into i18n or remain developer-only.
hardcoded_source_literal_src_components_pc_progression_PCJudgeProgressionShared.tsx_line:23,hardcoded_source_literal,src/components/pc/progression/PCJudgeProgressionShared.tsx,,line:23,엄정의 조각,,,,Visible Korean/CJK source literal outside i18n/data. Review whether it should move into i18n or remain developer-only.
hardcoded_source_literal_src_components_pc_progression_PCJudgeProgressionShared.tsx_line:23,hardcoded_source_literal,src/components/pc/progression/PCJudgeProgressionShared.tsx,,line:23,엄정,,,,Visible Korean/CJK source literal outside i18n/data. Review whether it should move into i18n or remain developer-only.
hardcoded_source_literal_src_components_pc_progression_PCJudgeProgressionShared.tsx_line:24,hardcoded_source_literal,src/components/pc/progression/PCJudgeProgressionShared.tsx,,line:24,숙의의 조각,,,,Visible Korean/CJK source literal outside i18n/data. Review whether it should move into i18n or remain developer-only.
hardcoded_source_literal_src_components_pc_progression_PCJudgeProgressionShared.tsx_line:24,hardcoded_source_literal,src/components/pc/progression/PCJudgeProgressionShared.tsx,,line:24,숙의,,,,Visible Korean/CJK source literal outside i18n/data. Review whether it should move into i18n or remain developer-only.
hardcoded_source_literal_src_components_pc_progression_PCJudgeProgressionShared.tsx_line:25,hardcoded_source_literal,src/components/pc/progression/PCJudgeProgressionShared.tsx,,line:25,관용의 조각,,,,Visible Korean/CJK source literal outside i18n/data. Review whether it should move into i18n or remain developer-only.
hardcoded_source_literal_src_components_pc_progression_PCJudgeProgressionShared.tsx_line:25,hardcoded_source_literal,src/components/pc/progression/PCJudgeProgressionShared.tsx,,line:25,관용,,,,Visible Korean/CJK source literal outside i18n/data. Review whether it should move into i18n or remain developer-only.
hardcoded_source_literal_src_components_pc_progression_PCJudgeProgressionShared.tsx_line:26,hardcoded_source_literal,src/components/pc/progression/PCJudgeProgressionShared.tsx,,line:26,법리의 조각,,,,Visible Korean/CJK source literal outside i18n/data. Review whether it should move into i18n or remain developer-only.
hardcoded_source_literal_src_components_pc_progression_PCJudgeProgressionShared.tsx_line:26,hardcoded_source_literal,src/components/pc/progression/PCJudgeProgressionShared.tsx,,line:26,법리,,,,Visible Korean/CJK source literal outside i18n/data. Review whether it should move into i18n or remain developer-only.
hardcoded_source_literal_src_components_pc_progression_PCJudgeProgressionShared.tsx_line:27,hardcoded_source_literal,src/components/pc/progression/PCJudgeProgressionShared.tsx,,line:27,균형의 조각,,,,Visible Korean/CJK source literal outside i18n/data. Review whether it should move into i18n or remain developer-only.
hardcoded_source_literal_src_components_pc_progression_PCJudgeProgressionShared.tsx_line:27,hardcoded_source_literal,src/components/pc/progression/PCJudgeProgressionShared.tsx,,line:27,균형,,,,Visible Korean/CJK source literal outside i18n/data. Review whether it should move into i18n or remain developer-only.
hardcoded_source_literal_src_components_pc_progression_PCJudgeProgressionShared.tsx_line:28,hardcoded_source_literal,src/components/pc/progression/PCJudgeProgressionShared.tsx,,line:28,화해의 조각,,,,Visible Korean/CJK source literal outside i18n/data. Review whether it should move into i18n or remain developer-only.
hardcoded_source_literal_src_components_pc_progression_PCJudgeProgressionShared.tsx_line:28,hardcoded_source_literal,src/components/pc/progression/PCJudgeProgressionShared.tsx,,line:28,화해,,,,Visible Korean/CJK source literal outside i18n/data. Review whether it should move into i18n or remain developer-only.
hardcoded_source_literal_src_components_pc_progression_PCJudgeProgressionShared.tsx_line:39,hardcoded_source_literal,src/components/pc/progression/PCJudgeProgressionShared.tsx,,line:39,논리,,,,Visible Korean/CJK source literal outside i18n/data. Review whether it should move into i18n or remain developer-only.
hardcoded_source_literal_src_components_pc_progression_PCJudgeProgressionShared.tsx_line:40,hardcoded_source_literal,src/components/pc/progression/PCJudgeProgressionShared.tsx,,line:40,탐구,,,,Visible Korean/CJK source literal outside i18n/data. Review whether it should move into i18n or remain developer-only.
hardcoded_source_literal_src_components_pc_progression_PCJudgeProgressionShared.tsx_line:46,hardcoded_source_literal,src/components/pc/progression/PCJudgeProgressionShared.tsx,,line:46,직감,,,,Visible Korean/CJK source literal outside i18n/data. Review whether it should move into i18n or remain developer-only.
hardcoded_source_literal_src_components_pc_progression_PCJudgeProgressionShared.tsx_line:47,hardcoded_source_literal,src/components/pc/progression/PCJudgeProgressionShared.tsx,,line:47,탐구,,,,Visible Korean/CJK source literal outside i18n/data. Review whether it should move into i18n or remain developer-only.
hardcoded_source_literal_src_components_pc_progression_PCJudgeProgressionShared.tsx_line:53,hardcoded_source_literal,src/components/pc/progression/PCJudgeProgressionShared.tsx,,line:53,엄정,,,,Visible Korean/CJK source literal outside i18n/data. Review whether it should move into i18n or remain developer-only.
