id,category,source,case_id,key_path,ko,en,ja,zh-CN,notes
ui_i18n_message_src_i18n_messages_common.ts_app.title,ui_i18n_message,src/i18n/messages/common.ts,,app.title,솔로몬의 딜레마: 진실의 무게,Justitia : Weight of Truth,ソロモンのジレンマ : 真実の重さ,包青天的抉择 : 真相之重,"UI, system, panel, tooltip, or control label from i18n message bundle."
ui_i18n_message_src_i18n_messages_common.ts_brand.fullTitle,ui_i18n_message,src/i18n/messages/common.ts,,brand.fullTitle,솔로몬의 딜레마: 진실의 무게,Justitia : Weight of Truth,ソロモンのジレンマ : 真実の重さ,包青天的抉择 : 真相之重,"UI, system, panel, tooltip, or control label from i18n message bundle."
ui_i18n_message_src_i18n_messages_common.ts_brand.internalProjectName,ui_i18n_message,src/i18n/messages/common.ts,,brand.internalProjectName,Project_Solomon,Project_Solomon,Project_Solomon,Project_Solomon,"UI, system, panel, tooltip, or control label from i18n message bundle."
ui_i18n_message_src_i18n_messages_common.ts_brand.subtitle,ui_i18n_message,src/i18n/messages/common.ts,,brand.subtitle,진실의 무게,Weight of Truth,真実の重さ,真相之重,"UI, system, panel, tooltip, or control label from i18n message bundle."
ui_i18n_message_src_i18n_messages_common.ts_brand.title,ui_i18n_message,src/i18n/messages/common.ts,,brand.title,솔로몬의 딜레마,Justitia,ソロモンのジレンマ,包青天的抉择,"UI, system, panel, tooltip, or control label from i18n message bundle."
ui_i18n_message_src_i18n_messages_common.ts_language.selectorLabel,ui_i18n_message,src/i18n/messages/common.ts,,language.selectorLabel,언어,Language,言語,语言,"UI, system, panel, tooltip, or control label from i18n message bundle."
ui_i18n_message_src_i18n_messages_common.ts_language.selectorTitle,ui_i18n_message,src/i18n/messages/common.ts,,language.selectorTitle,표시 언어 선택,Select display language,表示言語を選択,选择显示语言,"UI, system, panel, tooltip, or control label from i18n message bundle."
ui_i18n_message_src_i18n_messages_common.ts_session.preparing.description,ui_i18n_message,src/i18n/messages/common.ts,,session.preparing.description,사건 데이터와 재판 환경을 불러오고 있습니다.,Loading case data and the courtroom environment.,事件データと法廷環境を読み込んでいます。,正在加载案件数据和审判环境。,"UI, system, panel, tooltip, or control label from i18n message bundle."
ui_i18n_message_src_i18n_messages_common.ts_session.preparing.title,ui_i18n_message,src/i18n/messages/common.ts,,session.preparing.title,세션 준비 중,Preparing session,セッション準備中,正在准备会话,"UI, system, panel, tooltip, or control label from i18n message bundle."
ui_i18n_message_src_i18n_messages_common.ts_splash.subtitle,ui_i18n_message,src/i18n/messages/common.ts,,splash.subtitle,법정 시뮬레이션 게임,COURT SIMULATION GAME,法廷シミュレーションゲーム,法庭模拟游戏,"UI, system, panel, tooltip, or control label from i18n message bundle."
ui_i18n_message_src_i18n_messages_common.ts_steam.authFailedFallback,ui_i18n_message,src/i18n/messages/common.ts,,steam.authFailedFallback,Steam 인증에 실패했습니다.,Steam authentication failed.,Steam認証に失敗しました。,Steam 认证失败。,"UI, system, panel, tooltip, or control label from i18n message bundle."
ui_i18n_message_src_i18n_messages_common.ts_steam.authRequired.description,ui_i18n_message,src/i18n/messages/common.ts,,steam.authRequired.description,Steam 클라이언트와 서버 인증 상태를 확인한 뒤 다시 시도하세요.,"Check the Steam client and server authentication state, then try again.",Steamクライアントとサーバー認証の状態を確認してから、もう一度お試しください。,请检查 Steam 客户端和服务器认证状态，然后重试。,"UI, system, panel, tooltip, or control label from i18n message bundle."
ui_i18n_message_src_i18n_messages_common.ts_steam.authRequired.retry,ui_i18n_message,src/i18n/messages/common.ts,,steam.authRequired.retry,다시 시도,Retry,再試行,重试,"UI, system, panel, tooltip, or control label from i18n message bundle."
ui_i18n_message_src_i18n_messages_common.ts_steam.authRequired.title,ui_i18n_message,src/i18n/messages/common.ts,,steam.authRequired.title,Steam 인증이 필요합니다,Steam authentication required,Steam認証が必要です,需要 Steam 认证,"UI, system, panel, tooltip, or control label from i18n message bundle."
ui_i18n_message_src_i18n_messages_court.ts_pc.combo.potential,ui_i18n_message,src/i18n/messages/court.ts,,pc.combo.potential,실마리 필요 {count}개 - 아직 찾지 못한 단서가 있는 듯,{count} leads still missing — keep investigating,手がかり要 {count}件 ─ まだ見つかっていない手がかりがあるようです,需要线索 {count} 个 — 似乎还有未发现的线索,"UI, system, panel, tooltip, or control label from i18n message bundle."
ui_i18n_message_src_i18n_messages_court.ts_pc.combo.ready,ui_i18n_message,src/i18n/messages/court.ts,,pc.combo.ready,조합 가능 {count}개 - 지금 바로 연결 가능,{count} ready to combine — connect now,組み合わせ可能 {count}件 ─ 今すぐ連結できます,可组合 {count} 个 — 现在可连接,"UI, system, panel, tooltip, or control label from i18n message bundle."
ui_i18n_message_src_i18n_messages_court.ts_pc.combo.readyDetailLabel,ui_i18n_message,src/i18n/messages/court.ts,,pc.combo.readyDetailLabel,조합 가능 항목 상세,Combinable Item Details,組み合わせ可能項目の詳細,可组合项目详情,"UI, system, panel, tooltip, or control label from i18n message bundle."
ui_i18n_message_src_i18n_messages_court.ts_pc.combo.readyItemsNotice,ui_i18n_message,src/i18n/messages/court.ts,,pc.combo.readyItemsNotice,조합 가능한 항목이 {count}개 있습니다,{count} combinable items available,組み合わせ可能な項目が{count}件あります,有 {count} 个可组合项目,"UI, system, panel, tooltip, or control label from i18n message bundle."
ui_i18n_message_src_i18n_messages_court.ts_pc.combo.readyMaterialsNotice,ui_i18n_message,src/i18n/messages/court.ts,,pc.combo.readyMaterialsNotice,조합 가능한 재료가 {count}개 준비되었습니다,{count} combinable materials ready,組み合わせ可能な材料が{count}件揃いました,已准备 {count} 个可组合材料,"UI, system, panel, tooltip, or control label from i18n message bundle."
ui_i18n_message_src_i18n_messages_court.ts_pc.combo.readyPairToast,ui_i18n_message,src/i18n/messages/court.ts,,pc.combo.readyPairToast,조합 가능한 쌍이 준비되었습니다,A combinable pair is ready,組み合わせ可能なペアが準備できました,可组合的一组已准备好,"UI, system, panel, tooltip, or control label from i18n message bundle."
ui_i18n_message_src_i18n_messages_court.ts_pc.notes.unseen,ui_i18n_message,src/i18n/messages/court.ts,,pc.notes.unseen,(미확인 항목 {count}개),({count} unverified),（未確認項目 {count}件）,（未确认项目 {count} 个）,"UI, system, panel, tooltip, or control label from i18n message bundle."
ui_i18n_message_src_i18n_messages_court.ts_pc.recordSummary.moreConvincing,ui_i18n_message,src/i18n/messages/court.ts,,pc.recordSummary.moreConvincing,{party} 쪽 주장이 더 설득력 있다고 판단했습니다.,{party}’s claim is more convincing.,{party}側の主張のほうが説得力があると判断しました。,判定 {party} 一方的主张更有说服力。,"UI, system, panel, tooltip, or control label from i18n message bundle."
ui_i18n_message_src_i18n_messages_court.ts_pc.verdictAdvance.conditionsMissing,ui_i18n_message,src/i18n/messages/court.ts,,pc.verdictAdvance.conditionsMissing,아직 판결 조건을 충족하지 못했습니다. 쟁점별 진실과 증거를 더 확인하세요.,"Verdict conditions are not met yet. Verify each dispute, truth, and evidence first.",まだ判決条件を満たしていません。争点ごとの真相と証拠をさらに確認してください。,尚未满足裁决条件。请先确认各争议点的真相与证据。,"UI, system, panel, tooltip, or control label from i18n message bundle."
ui_i18n_message_src_i18n_messages_court.ts_pc.verdictAdvance.hidden.body,ui_i18n_message,src/i18n/messages/court.ts,,pc.verdictAdvance.hidden.body,현재 드러난 쟁점은 {visible}개입니다.\n아직 밝혀지지 않은 쟁점이 {hidden}개 남아 있습니다.\n\n그래도 바로 판결을 진행하시겠습니까?,{visible} disputes are currently revealed.\n{hidden} disputes remain hidden.\n\nProceed to the verdict anyway?,現在明らかな争点は{visible}件です。\nまだ明らかになっていない争点が{hidden}件残っています。\n\nそれでも判決へ進みますか？,当前已揭示 {visible} 个争议点。\n仍有 {hidden} 个争议点尚未揭示。\n\n仍要直接进入裁决吗？,"UI, system, panel, tooltip, or control label from i18n message bundle."
ui_i18n_message_src_i18n_messages_court.ts_pc.verdictAdvance.hidden.collapse,ui_i18n_message,src/i18n/messages/court.ts,,pc.verdictAdvance.hidden.collapse,판결 버튼만 숨기기,Hide Verdict Button,判決ボタンだけ隠す,仅隐藏裁决按钮,"UI, system, panel, tooltip, or control label from i18n message bundle."
ui_i18n_message_src_i18n_messages_court.ts_pc.verdictAdvance.hidden.confirm,ui_i18n_message,src/i18n/messages/court.ts,,pc.verdictAdvance.hidden.confirm,그래도 판결 진행,Proceed Anyway,それでも判決へ進む,仍然进入裁决,"UI, system, panel, tooltip, or control label from i18n message bundle."
ui_i18n_message_src_i18n_messages_court.ts_pc.verdictAdvance.hidden.hiddenTag,ui_i18n_message,src/i18n/messages/court.ts,,pc.verdictAdvance.hidden.hiddenTag,숨은 쟁점 {count},Hidden {count},隠れた争点 {count},隐藏争议 {count},"UI, system, panel, tooltip, or control label from i18n message bundle."
ui_i18n_message_src_i18n_messages_court.ts_pc.verdictAdvance.hidden.keepInvestigating,ui_i18n_message,src/i18n/messages/court.ts,,pc.verdictAdvance.hidden.keepInvestigating,더 조사하기,Keep Investigating,さらに調査する,继续调查,"UI, system, panel, tooltip, or control label from i18n message bundle."
ui_i18n_message_src_i18n_messages_court.ts_pc.verdictAdvance.hidden.subtitle,ui_i18n_message,src/i18n/messages/court.ts,,pc.verdictAdvance.hidden.subtitle,판결 전 확인,Before the verdict,判決前の確認,裁决前确认,"UI, system, panel, tooltip, or control label from i18n message bundle."
ui_i18n_message_src_i18n_messages_court.ts_pc.verdictAdvance.hidden.title,ui_i18n_message,src/i18n/messages/court.ts,,pc.verdictAdvance.hidden.title,아직 밝혀지지 않은 쟁점이 있습니다,Unrevealed disputes remain,まだ明らかになっていない争点があります,仍有尚未揭示的争议点,"UI, system, panel, tooltip, or control label from i18n message bundle."
ui_i18n_message_src_i18n_messages_court.ts_pc.verdictAdvance.hidden.visibleTag,ui_i18n_message,src/i18n/messages/court.ts,,pc.verdictAdvance.hidden.visibleTag,공개 쟁점 {count},Revealed {count},公開争点 {count},已公开争议 {count},"UI, system, panel, tooltip, or control label from i18n message bundle."
ui_i18n_message_src_i18n_messages_court.ts_pc.verdictAdvance.minimumVisible,ui_i18n_message,src/i18n/messages/court.ts,,pc.verdictAdvance.minimumVisible,판결은 쟁점이 {required}개 이상 드러난 뒤 진행할 수 있습니다. 현재 드러난 쟁점은 {visible}개입니다.,A verdict needs at least {required} revealed disputes. Currently revealed: {visible}.,判決は争点が{required}件以上明らかになってから進行できます。現在明らかな争点は{visible}件です。,需要至少揭示 {required} 个争议点后才能进入裁决。当前已揭示 {visible} 个。,"UI, system, panel, tooltip, or control label from i18n message bundle."
ui_i18n_message_src_i18n_messages_home.ts_home.gameTitle,ui_i18n_message,src/i18n/messages/home.ts,,home.gameTitle,솔로몬의 딜레마: 진실의 무게,Justitia : Weight of Truth,ソロモンのジレンマ : 真実の重さ,包青天的抉择 : 真相之重,"UI, system, panel, tooltip, or control label from i18n message bundle."
ui_i18n_message_src_i18n_messages_home.ts_home.tagline,ui_i18n_message,src/i18n/messages/home.ts,,home.tagline,"""법이 닿지 못한 진실, 당신의 판단에 맡깁니다.""","""A truth beyond the law's reach—yours to weigh.""","""法の及ばぬ真実、あなたの判断に委ねます。""","""法所不及之真相，由您裁断。""","UI, system, panel, tooltip, or control label from i18n message bundle."
ui_i18n_message_src_i18n_messages_home.ts_pc.home.back,ui_i18n_message,src/i18n/messages/home.ts,,pc.home.back,뒤로,Back,戻る,返回,"UI, system, panel, tooltip, or control label from i18n message bundle."
ui_i18n_message_src_i18n_messages_home.ts_pc.home.caseBrief.backToList,ui_i18n_message,src/i18n/messages/home.ts,,pc.home.caseBrief.backToList,사건 목록,Case List,事件一覧,案件列表,"UI, system, panel, tooltip, or control label from i18n message bundle."
ui_i18n_message_src_i18n_messages_home.ts_pc.home.caseBrowser.ageOccupation,ui_i18n_message,src/i18n/messages/home.ts,,pc.home.caseBrowser.ageOccupation,{age}세 · {occupation},{age} · {occupation},{age}歳・{occupation},{age}岁 · {occupation},"UI, system, panel, tooltip, or control label from i18n message bundle."
ui_i18n_message_src_i18n_messages_home.ts_pc.home.caseBrowser.bestRecord,ui_i18n_message,src/i18n/messages/home.ts,,pc.home.caseBrowser.bestRecord,최고 기록,Best Record,最高記録,最佳记录,"UI, system, panel, tooltip, or control label from i18n message bundle."
ui_i18n_message_src_i18n_messages_home.ts_pc.home.caseBrowser.completedOnly,ui_i18n_message,src/i18n/messages/home.ts,,pc.home.caseBrowser.completedOnly,완료 기록만,Completed only,完了記録のみ,仅完成记录,"UI, system, panel, tooltip, or control label from i18n message bundle."
ui_i18n_message_src_i18n_messages_home.ts_pc.home.caseBrowser.count,ui_i18n_message,src/i18n/messages/home.ts,,pc.home.caseBrowser.count,{count}건,{count} cases,{count}件,{count}件,"UI, system, panel, tooltip, or control label from i18n message bundle."
ui_i18n_message_src_i18n_messages_home.ts_pc.home.caseBrowser.emptyDescription,ui_i18n_message,src/i18n/messages/home.ts,,pc.home.caseBrowser.emptyDescription,다른 세션을 고르거나 필터를 조정한 뒤 다시 확인해 주세요.,Choose another session or adjust the filter and check again.,別のセッションを選ぶか、フィルターを調整して確認してください。,请选择其他会话或调整筛选后再确认。,"UI, system, panel, tooltip, or control label from i18n message bundle."
ui_i18n_message_src_i18n_messages_home.ts_pc.home.caseBrowser.emptyTitle,ui_i18n_message,src/i18n/messages/home.ts,,pc.home.caseBrowser.emptyTitle,현재 조건에 맞는 사건이 없습니다.,No cases match the current conditions.,現在の条件に合う事件はありません。,没有符合当前条件的案件。,"UI, system, panel, tooltip, or control label from i18n message bundle."
ui_i18n_message_src_i18n_messages_home.ts_pc.home.caseBrowser.enterCase,ui_i18n_message,src/i18n/messages/home.ts,,pc.home.caseBrowser.enterCase,사건 입장하기,Enter Case,事件へ入る,进入案件,"UI, system, panel, tooltip, or control label from i18n message bundle."
ui_i18n_message_src_i18n_messages_home.ts_pc.home.caseBrowser.eyebrow,ui_i18n_message,src/i18n/messages/home.ts,,pc.home.caseBrowser.eyebrow,사건 선택,Case Browser,事件選択,案件选择,"UI, system, panel, tooltip, or control label from i18n message bundle."
ui_i18n_message_src_i18n_messages_home.ts_pc.home.caseBrowser.hiddenDisputesHint,ui_i18n_message,src/i18n/messages/home.ts,,pc.home.caseBrowser.hiddenDisputesHint,심문 과정에서 추가 쟁점이 드러날 수 있습니다,Additional disputes may surface during interrogation.,尋問の過程で追加の争点が明らかになる場合があります,审问过程中可能会出现追加争议,"UI, system, panel, tooltip, or control label from i18n message bundle."
ui_i18n_message_src_i18n_messages_home.ts_pc.home.caseBrowser.initialEvidence,ui_i18n_message,src/i18n/messages/home.ts,,pc.home.caseBrowser.initialEvidence,초기 증거,Initial Evidence,初期証拠,初始证据,"UI, system, panel, tooltip, or control label from i18n message bundle."
ui_i18n_message_src_i18n_messages_home.ts_pc.home.caseBrowser.initialEvidenceEmpty,ui_i18n_message,src/i18n/messages/home.ts,,pc.home.caseBrowser.initialEvidenceEmpty,초기 증거가 아직 지정되지 않았습니다,No initial evidence has been assigned yet.,初期証拠はまだ指定されていません,尚未指定初始证据,"UI, system, panel, tooltip, or control label from i18n message bundle."
ui_i18n_message_src_i18n_messages_home.ts_pc.home.caseBrowser.initialEvidenceShortEmpty,ui_i18n_message,src/i18n/messages/home.ts,,pc.home.caseBrowser.initialEvidenceShortEmpty,초기 증거 미지정,No initial evidence,初期証拠なし,无初始证据,"UI, system, panel, tooltip, or control label from i18n message bundle."
ui_i18n_message_src_i18n_messages_home.ts_pc.home.caseBrowser.mainDisputes,ui_i18n_message,src/i18n/messages/home.ts,,pc.home.caseBrowser.mainDisputes,주요 쟁점,Main Disputes,主な争点,主要争议,"UI, system, panel, tooltip, or control label from i18n message bundle."
ui_i18n_message_src_i18n_messages_home.ts_pc.home.caseBrowser.score,ui_i18n_message,src/i18n/messages/home.ts,,pc.home.caseBrowser.score,{score}점,{score} pts,{score}点,{score}分,"UI, system, panel, tooltip, or control label from i18n message bundle."
ui_i18n_message_src_i18n_messages_home.ts_pc.home.caseBrowser.selectPrompt,ui_i18n_message,src/i18n/messages/home.ts,,pc.home.caseBrowser.selectPrompt,좌측에서 사건을 선택하세요.,Select a case on the left.,左側から事件を選択してください。,请在左侧选择案件。,"UI, system, panel, tooltip, or control label from i18n message bundle."
ui_i18n_message_src_i18n_messages_home.ts_pc.home.caseBrowser.undecided,ui_i18n_message,src/i18n/messages/home.ts,,pc.home.caseBrowser.undecided,미정,undecided,未定,未定,"UI, system, panel, tooltip, or control label from i18n message bundle."
ui_i18n_message_src_i18n_messages_home.ts_pc.home.countdown.minutesSeconds,ui_i18n_message,src/i18n/messages/home.ts,,pc.home.countdown.minutesSeconds,{minutes}분 {seconds}초,{minutes}m {seconds}s,{minutes}分{seconds}秒,{minutes}分{seconds}秒,"UI, system, panel, tooltip, or control label from i18n message bundle."
ui_i18n_message_src_i18n_messages_home.ts_pc.home.countdown.ready,ui_i18n_message,src/i18n/messages/home.ts,,pc.home.countdown.ready,곧 충전,Ready soon,まもなく回復,即将补充,"UI, system, panel, tooltip, or control label from i18n message bundle."
ui_i18n_message_src_i18n_messages_home.ts_pc.home.countdown.seconds,ui_i18n_message,src/i18n/messages/home.ts,,pc.home.countdown.seconds,{seconds}초,{seconds}s,{seconds}秒,{seconds}秒,"UI, system, panel, tooltip, or control label from i18n message bundle."
ui_i18n_message_src_i18n_messages_home.ts_pc.home.difficulty.easy,ui_i18n_message,src/i18n/messages/home.ts,,pc.home.difficulty.easy,쉬움,Easy,やさしい,简单,"UI, system, panel, tooltip, or control label from i18n message bundle."
ui_i18n_message_src_i18n_messages_home.ts_pc.home.difficulty.hard,ui_i18n_message,src/i18n/messages/home.ts,,pc.home.difficulty.hard,어려움,Hard,難しい,困难,"UI, system, panel, tooltip, or control label from i18n message bundle."
ui_i18n_message_src_i18n_messages_home.ts_pc.home.difficulty.medium,ui_i18n_message,src/i18n/messages/home.ts,,pc.home.difficulty.medium,보통,Normal,普通,普通,"UI, system, panel, tooltip, or control label from i18n message bundle."
ui_i18n_message_src_i18n_messages_home.ts_pc.home.general.description,ui_i18n_message,src/i18n/messages/home.ts,,pc.home.general.description,세션을 고르면 해당 사건 리스트로 바로 이동합니다.,Choose a session to open its case list.,セッションを選ぶと、その事件一覧へ移動します。,选择会话后，会直接打开对应案件列表。,"UI, system, panel, tooltip, or control label from i18n message bundle."
ui_i18n_message_src_i18n_messages_home.ts_pc.home.history.average,ui_i18n_message,src/i18n/messages/home.ts,,pc.home.history.average,평균,Average,平均,平均,"UI, system, panel, tooltip, or control label from i18n message bundle."
ui_i18n_message_src_i18n_messages_home.ts_pc.home.history.averageBest,ui_i18n_message,src/i18n/messages/home.ts,,pc.home.history.averageBest,평균 {average} / 최고 {best},Avg {average} / Best {best},平均 {average} / 最高 {best},平均 {average} / 最高 {best},"UI, system, panel, tooltip, or control label from i18n message bundle."
ui_i18n_message_src_i18n_messages_home.ts_pc.home.history.best,ui_i18n_message,src/i18n/messages/home.ts,,pc.home.history.best,최고,Best,最高,最高,"UI, system, panel, tooltip, or control label from i18n message bundle."
ui_i18n_message_src_i18n_messages_home.ts_pc.home.history.caseSelect,ui_i18n_message,src/i18n/messages/home.ts,,pc.home.history.caseSelect,사건 선택,Case Select,事件選択,案件选择,"UI, system, panel, tooltip, or control label from i18n message bundle."
ui_i18n_message_src_i18n_messages_home.ts_pc.home.history.details,ui_i18n_message,src/i18n/messages/home.ts,,pc.home.history.details,상세 보기,Details,詳細を見る,查看详情,"UI, system, panel, tooltip, or control label from i18n message bundle."
ui_i18n_message_src_i18n_messages_home.ts_pc.home.history.modeLabel,ui_i18n_message,src/i18n/messages/home.ts,,pc.home.history.modeLabel,판결 기록 모드,Verdict History Mode,判決記録モード,裁决记录模式,"UI, system, panel, tooltip, or control label from i18n message bundle."
ui_i18n_message_src_i18n_messages_home.ts_pc.home.history.noCasesDescription,ui_i18n_message,src/i18n/messages/home.ts,,pc.home.history.noCasesDescription,아직 이 모드에 연결된 사건이 없습니다.,No cases are connected to this mode yet.,このモードに接続された事件はまだありません。,此模式还没有连接的案件。,"UI, system, panel, tooltip, or control label from i18n message bundle."
ui_i18n_message_src_i18n_messages_home.ts_pc.home.history.noCasesTitle,ui_i18n_message,src/i18n/messages/home.ts,,pc.home.history.noCasesTitle,표시할 사건이 없습니다.,No cases to display.,表示する事件がありません。,没有可显示的案件。,"UI, system, panel, tooltip, or control label from i18n message bundle."
ui_i18n_message_src_i18n_messages_home.ts_pc.home.history.noPlayDescription,ui_i18n_message,src/i18n/messages/home.ts,,pc.home.history.noPlayDescription,해당 사건을 클리어하면 날짜와 점수별 기록이 이곳에 저장됩니다.,Clear this case to save dated score records here.,この事件をクリアすると、日時と点数別の記録がここに保存されます。,通关该案件后，日期和分数记录会保存在这里。,"UI, system, panel, tooltip, or control label from i18n message bundle."
ui_i18n_message_src_i18n_messages_home.ts_pc.home.history.noPlayTitle,ui_i18n_message,src/i18n/messages/home.ts,,pc.home.history.noPlayTitle,선택한 사건의 플레이 기록이 없습니다.,No play records for the selected case.,選択した事件のプレイ記録がありません。,所选案件没有游玩记录。,"UI, system, panel, tooltip, or control label from i18n message bundle."
ui_i18n_message_src_i18n_messages_home.ts_pc.home.history.noRecord,ui_i18n_message,src/i18n/messages/home.ts,,pc.home.history.noRecord,기록 없음,No record,記録なし,无记录,"UI, system, panel, tooltip, or control label from i18n message bundle."
ui_i18n_message_src_i18n_messages_home.ts_pc.home.history.playCount,ui_i18n_message,src/i18n/messages/home.ts,,pc.home.history.playCount,플레이,Plays,プレイ,游玩,"UI, system, panel, tooltip, or control label from i18n message bundle."
ui_i18n_message_src_i18n_messages_home.ts_pc.home.history.playHistory,ui_i18n_message,src/i18n/messages/home.ts,,pc.home.history.playHistory,플레이 이력,Play History,プレイ履歴,游玩记录,"UI, system, panel, tooltip, or control label from i18n message bundle."
ui_i18n_message_src_i18n_messages_home.ts_pc.home.history.playTimeScore,ui_i18n_message,src/i18n/messages/home.ts,,pc.home.history.playTimeScore,플레이 시점 / 점수,Played At / Score,プレイ日時 / 点数,游玩时间 / 分数,"UI, system, panel, tooltip, or control label from i18n message bundle."
ui_i18n_message_src_i18n_messages_home.ts_pc.home.history.rating.excellent,ui_i18n_message,src/i18n/messages/home.ts,,pc.home.history.rating.excellent,우수,Excellent,優秀,优秀,"UI, system, panel, tooltip, or control label from i18n message bundle."
ui_i18n_message_src_i18n_messages_home.ts_pc.home.history.rating.fair,ui_i18n_message,src/i18n/messages/home.ts,,pc.home.history.rating.fair,보통,Fair,普通,普通,"UI, system, panel, tooltip, or control label from i18n message bundle."
ui_i18n_message_src_i18n_messages_home.ts_pc.home.history.rating.good,ui_i18n_message,src/i18n/messages/home.ts,,pc.home.history.rating.good,양호,Good,良好,良好,"UI, system, panel, tooltip, or control label from i18n message bundle."
ui_i18n_message_src_i18n_messages_home.ts_pc.home.history.rating.legend,ui_i18n_message,src/i18n/messages/home.ts,,pc.home.history.rating.legend,전설,Legend,伝説,传说,"UI, system, panel, tooltip, or control label from i18n message bundle."
ui_i18n_message_src_i18n_messages_home.ts_pc.home.history.rating.poor,ui_i18n_message,src/i18n/messages/home.ts,,pc.home.history.rating.poor,미흡,Poor,不足,不足,"UI, system, panel, tooltip, or control label from i18n message bundle."
ui_i18n_message_src_i18n_messages_home.ts_pc.home.history.tab.bonus,ui_i18n_message,src/i18n/messages/home.ts,,pc.home.history.tab.bonus,04 보너스,04 Bonus,04 ボーナス,04 奖励,"UI, system, panel, tooltip, or control label from i18n message bundle."
ui_i18n_message_src_i18n_messages_home.ts_pc.home.history.tab.epilogue,ui_i18n_message,src/i18n/messages/home.ts,,pc.home.history.tab.epilogue,03 후일담,03 Epilogue,03 後日談,03 后日谈,"UI, system, panel, tooltip, or control label from i18n message bundle."
ui_i18n_message_src_i18n_messages_home.ts_pc.home.history.tab.result,ui_i18n_message,src/i18n/messages/home.ts,,pc.home.history.tab.result,01 결과 확인,01 Results,01 結果確認,01 结果确认,"UI, system, panel, tooltip, or control label from i18n message bundle."
ui_i18n_message_src_i18n_messages_home.ts_pc.home.history.tab.verdict_pronounce,ui_i18n_message,src/i18n/messages/home.ts,,pc.home.history.tab.verdict_pronounce,02 판결 선고,02 Verdict,02 判決宣告,02 宣告裁决,"UI, system, panel, tooltip, or control label from i18n message bundle."
ui_i18n_message_src_i18n_messages_home.ts_pc.home.history.verdictBrief,ui_i18n_message,src/i18n/messages/home.ts,,pc.home.history.verdictBrief,판결 결과 요약,Verdict Summary,判決結果概要,裁决结果摘要,"UI, system, panel, tooltip, or control label from i18n message bundle."
ui_i18n_message_src_i18n_messages_home.ts_pc.home.intro.enterLobby,ui_i18n_message,src/i18n/messages/home.ts,,pc.home.intro.enterLobby,로비 입장,Enter Lobby,ロビーへ,进入大厅,"UI, system, panel, tooltip, or control label from i18n message bundle."
ui_i18n_message_src_i18n_messages_home.ts_pc.home.intro.next,ui_i18n_message,src/i18n/messages/home.ts,,pc.home.intro.next,다음,Next,次へ,下一步,"UI, system, panel, tooltip, or control label from i18n message bundle."
ui_i18n_message_src_i18n_messages_home.ts_pc.home.intro.previous,ui_i18n_message,src/i18n/messages/home.ts,,pc.home.intro.previous,이전,Previous,前へ,上一步,"UI, system, panel, tooltip, or control label from i18n message bundle."
ui_i18n_message_src_i18n_messages_home.ts_pc.home.intro.skip,ui_i18n_message,src/i18n/messages/home.ts,,pc.home.intro.skip,건너뛰기,Skip,スキップ,跳过,"UI, system, panel, tooltip, or control label from i18n message bundle."
ui_i18n_message_src_i18n_messages_home.ts_pc.home.intro.slide.conflict.body,ui_i18n_message,src/i18n/messages/home.ts,,pc.home.intro.slide.conflict.body,"감정과 기록, 침묵과 변명, 계산과 오해가 서로 다른 얼굴을 드러냅니다.","Feeling, records, silence, excuses, calculation, and misunderstanding all wear different faces.",感情と記録、沈黙と言い訳、計算と誤解が、それぞれ別の顔を見せます。,情感与记录、沉默与辩解、计算与误会，会展现出不同面孔。,"UI, system, panel, tooltip, or control label from i18n message bundle."
ui_i18n_message_src_i18n_messages_home.ts_pc.home.intro.slide.conflict.title,ui_i18n_message,src/i18n/messages/home.ts,,pc.home.intro.slide.conflict.title,옳고 그름 보다 어긋난 진실에 집중하세요.,"Focus on the truths that don't match, not on right or wrong.",正しさよりも、食い違う真実に目を向けましょう。,请关注错位的真相，而不只是对错。,"UI, system, panel, tooltip, or control label from i18n message bundle."
ui_i18n_message_src_i18n_messages_home.ts_pc.home.intro.slide.digitalCourt.body,ui_i18n_message,src/i18n/messages/home.ts,,pc.home.intro.slide.digitalCourt.body,"질문, 증거, 판단을 연결하며 서로 다른 진실을 가려내는 모의 재판 게임입니다.","A mock-trial deduction game where questions, evidence, and judgment converge on the truth.",問い、証拠、判断をつなぎ、食い違う真実を見極める模擬裁判ゲームです。,这是一款将讯问、证据与判断连接起来，辨明不同真相的模拟法庭游戏。,"UI, system, panel, tooltip, or control label from i18n message bundle."
ui_i18n_message_src_i18n_messages_home.ts_pc.home.intro.slide.digitalCourt.title,ui_i18n_message,src/i18n/messages/home.ts,,pc.home.intro.slide.digitalCourt.title,현대판 솔로몬이 되어 갈등을 해결해주세요.,Step onto the bench and untangle every dispute yourself.,現代のソロモンとなり、争いを解きほぐしましょう。,走上审判席，亲手解开每一场冲突。,"UI, system, panel, tooltip, or control label from i18n message bundle."
ui_i18n_message_src_i18n_messages_home.ts_pc.home.intro.slide.interrogation.body,ui_i18n_message,src/i18n/messages/home.ts,,pc.home.intro.slide.interrogation.body,"중요한 것은 정보의 양이 아니라, 파편화 된 단서의 연결입니다.",What matters is not the volume of information but how the fragments connect.,重要なのは情報の量ではなく、断片化した手がかりのつながりです。,重要的不是信息数量，而是碎片线索之间的连接。,"UI, system, panel, tooltip, or control label from i18n message bundle."
ui_i18n_message_src_i18n_messages_home.ts_pc.home.intro.slide.interrogation.title,ui_i18n_message,src/i18n/messages/home.ts,,pc.home.intro.slide.interrogation.title,"질문하고, 증거를 제시하고, 흐름에 집중해주세요.","Ask, present evidence, and stay with the flow of the trial.",問い、証拠を示し、流れを見極めましょう。,发问、出示证据，并把握审理的走向。,"UI, system, panel, tooltip, or control label from i18n message bundle."
ui_i18n_message_src_i18n_messages_home.ts_pc.home.intro.slide.ready.body,ui_i18n_message,src/i18n/messages/home.ts,,pc.home.intro.slide.ready.body,원하는 사건을 선택하여 지금 바로 재판을 시작할 수 있습니다.,Pick a case to begin the trial.,事件を選べば、すぐに裁判を始められます。,选择想要的案件，即可立即开始审判。,"UI, system, panel, tooltip, or control label from i18n message bundle."
ui_i18n_message_src_i18n_messages_home.ts_pc.home.intro.slide.ready.title,ui_i18n_message,src/i18n/messages/home.ts,,pc.home.intro.slide.ready.title,첫 사건이 당신을 기다리고 있습니다!,Your first case is waiting.,最初の事件があなたを待っています。,第一个案件正在等待你。,"UI, system, panel, tooltip, or control label from i18n message bundle."
ui_i18n_message_src_i18n_messages_home.ts_pc.home.judgeTitle.balanced_sage.name,ui_i18n_message,src/i18n/messages/home.ts,,pc.home.judgeTitle.balanced_sage.name,균형의 현자,Balanced Sage,均衡の賢者,平衡贤者,"UI, system, panel, tooltip, or control label from i18n message bundle."
ui_i18n_message_src_i18n_messages_home.ts_pc.home.judgeTitle.balanced_sage.subtitle,ui_i18n_message,src/i18n/messages/home.ts,,pc.home.judgeTitle.balanced_sage.subtitle,공정의 수호자,Guardian of Fairness,公正の守護者,公正守护者,"UI, system, panel, tooltip, or control label from i18n message bundle."
ui_i18n_message_src_i18n_messages_home.ts_pc.home.judgeTitle.careful_mediator.name,ui_i18n_message,src/i18n/messages/home.ts,,pc.home.judgeTitle.careful_mediator.name,신중한 중재자,Careful Mediator,慎重な調停者,谨慎调解者,"UI, system, panel, tooltip, or control label from i18n message bundle."
ui_i18n_message_src_i18n_messages_home.ts_pc.home.judgeTitle.careful_mediator.subtitle,ui_i18n_message,src/i18n/messages/home.ts,,pc.home.judgeTitle.careful_mediator.subtitle,신뢰의 설계자,Designer of Trust,信頼の設計者,信任设计者,"UI, system, panel, tooltip, or control label from i18n message bundle."
ui_i18n_message_src_i18n_messages_home.ts_pc.home.judgeTitle.cold_judge.name,ui_i18n_message,src/i18n/messages/home.ts,,pc.home.judgeTitle.cold_judge.name,냉철한 심판자,Cold Arbiter,冷徹な審判者,冷静审判者,"UI, system, panel, tooltip, or control label from i18n message bundle."
ui_i18n_message_src_i18n_messages_home.ts_pc.home.judgeTitle.cold_judge.subtitle,ui_i18n_message,src/i18n/messages/home.ts,,pc.home.judgeTitle.cold_judge.subtitle,법도의 추적자,Tracker of Law,法理の追跡者,法度追踪者,"UI, system, panel, tooltip, or control label from i18n message bundle."
ui_i18n_message_src_i18n_messages_home.ts_pc.home.judgeTitle.gentle_guardian.name,ui_i18n_message,src/i18n/messages/home.ts,,pc.home.judgeTitle.gentle_guardian.name,온화한 수호자,Gentle Guardian,穏やかな守護者,温和守护者,"UI, system, panel, tooltip, or control label from i18n message bundle."
ui_i18n_message_src_i18n_messages_home.ts_pc.home.judgeTitle.gentle_guardian.subtitle,ui_i18n_message,src/i18n/messages/home.ts,,pc.home.judgeTitle.gentle_guardian.subtitle,원칙의 품격,Dignity of Principle,原則の品格,原则的品格,"UI, system, panel, tooltip, or control label from i18n message bundle."
ui_i18n_message_src_i18n_messages_home.ts_pc.home.judgeTitle.instinct_judge.name,ui_i18n_message,src/i18n/messages/home.ts,,pc.home.judgeTitle.instinct_judge.name,직감의 심판관,Instinctive Judge,直感の裁判官,直觉裁判官,"UI, system, panel, tooltip, or control label from i18n message bundle."
ui_i18n_message_src_i18n_messages_home.ts_pc.home.judgeTitle.instinct_judge.subtitle,ui_i18n_message,src/i18n/messages/home.ts,,pc.home.judgeTitle.instinct_judge.subtitle,본능의 추적자,Tracker of Instinct,本能の追跡者,本能追踪者,"UI, system, panel, tooltip, or control label from i18n message bundle."
ui_i18n_message_src_i18n_messages_home.ts_pc.home.judgeTitle.neutral_observer.name,ui_i18n_message,src/i18n/messages/home.ts,,pc.home.judgeTitle.neutral_observer.name,중립의 관찰자,Neutral Observer,中立の観察者,中立观察者,"UI, system, panel, tooltip, or control label from i18n message bundle."
ui_i18n_message_src_i18n_messages_home.ts_pc.home.judgeTitle.neutral_observer.subtitle,ui_i18n_message,src/i18n/messages/home.ts,,pc.home.judgeTitle.neutral_observer.subtitle,균형의 눈,Eye of Balance,均衡の目,平衡之眼,"UI, system, panel, tooltip, or control label from i18n message bundle."
ui_i18n_message_src_i18n_messages_home.ts_pc.home.judgeTitle.passion_arbiter.name,ui_i18n_message,src/i18n/messages/home.ts,,pc.home.judgeTitle.passion_arbiter.name,열정의 조정관,Passionate Arbiter,情熱の仲裁者,热情仲裁者,"UI, system, panel, tooltip, or control label from i18n message bundle."
ui_i18n_message_src_i18n_messages_home.ts_pc.home.judgeTitle.passion_arbiter.subtitle,ui_i18n_message,src/i18n/messages/home.ts,,pc.home.judgeTitle.passion_arbiter.subtitle,정의의 불꽃,Flame of Justice,正義の炎,正义之火,"UI, system, panel, tooltip, or control label from i18n message bundle."
ui_i18n_message_src_i18n_messages_home.ts_pc.home.judgeTitle.practical_analyst.name,ui_i18n_message,src/i18n/messages/home.ts,,pc.home.judgeTitle.practical_analyst.name,실용적 분석가,Practical Analyst,実用的分析官,实用分析家,"UI, system, panel, tooltip, or control label from i18n message bundle."
ui_i18n_message_src_i18n_messages_home.ts_pc.home.judgeTitle.practical_analyst.subtitle,ui_i18n_message,src/i18n/messages/home.ts,,pc.home.judgeTitle.practical_analyst.subtitle,해결의 설계자,Architect of Resolution,解決の設計者,解决方案设计者,"UI, system, panel, tooltip, or control label from i18n message bundle."
ui_i18n_message_src_i18n_messages_home.ts_pc.home.judgeTitle.warm_mediator.name,ui_i18n_message,src/i18n/messages/home.ts,,pc.home.judgeTitle.warm_mediator.name,따뜻한 중재자,Warm Mediator,温かな調停者,温暖调解者,"UI, system, panel, tooltip, or control label from i18n message bundle."
ui_i18n_message_src_i18n_messages_home.ts_pc.home.judgeTitle.warm_mediator.subtitle,ui_i18n_message,src/i18n/messages/home.ts,,pc.home.judgeTitle.warm_mediator.subtitle,화해의 길잡이,Guide to Reconciliation,和解の案内人,和解向导,"UI, system, panel, tooltip, or control label from i18n message bundle."
ui_i18n_message_src_i18n_messages_home.ts_pc.home.leaderboard,ui_i18n_message,src/i18n/messages/home.ts,,pc.home.leaderboard,리더보드,Leaderboard,リーダーボード,排行榜,"UI, system, panel, tooltip, or control label from i18n message bundle."
ui_i18n_message_src_i18n_messages_home.ts_pc.home.leaderboard.description,ui_i18n_message,src/i18n/messages/home.ts,,pc.home.leaderboard.description,현재 시즌 기준 점수와 명예의 전당 기록입니다.,Current season scores and hall of fame records.,現在シーズンのスコアと殿堂記録です。,当前赛季分数和名人堂记录。,"UI, system, panel, tooltip, or control label from i18n message bundle."
ui_i18n_message_src_i18n_messages_home.ts_pc.home.leaderboard.hallOfFame,ui_i18n_message,src/i18n/messages/home.ts,,pc.home.leaderboard.hallOfFame,명예의 전당,Hall of Fame,殿堂入り,名人堂,"UI, system, panel, tooltip, or control label from i18n message bundle."
ui_i18n_message_src_i18n_messages_home.ts_pc.home.leaderboard.noHallDescription,ui_i18n_message,src/i18n/messages/home.ts,,pc.home.leaderboard.noHallDescription,최고 기록이 쌓이면 시즌 명예의 전당이 채워집니다.,Top records will fill the season hall of fame.,最高記録が蓄積されると殿堂が埋まります。,最高记录积累后会填充赛季名人堂。,"UI, system, panel, tooltip, or control label from i18n message bundle."
ui_i18n_message_src_i18n_messages_home.ts_pc.home.leaderboard.noHallTitle,ui_i18n_message,src/i18n/messages/home.ts,,pc.home.leaderboard.noHallTitle,아직 전당 기록이 없습니다.,No hall of fame records yet.,まだ殿堂記録がありません。,还没有名人堂记录。,"UI, system, panel, tooltip, or control label from i18n message bundle."
ui_i18n_message_src_i18n_messages_home.ts_pc.home.leaderboard.noSeasonDescription,ui_i18n_message,src/i18n/messages/home.ts,,pc.home.leaderboard.noSeasonDescription,플레이 기록이 쌓이면 이곳에 자동 반영됩니다.,Play records will appear here automatically.,プレイ記録が蓄積されると自動で反映されます。,游玩记录积累后会自动显示在这里。,"UI, system, panel, tooltip, or control label from i18n message bundle."
ui_i18n_message_src_i18n_messages_home.ts_pc.home.leaderboard.noSeasonTitle,ui_i18n_message,src/i18n/messages/home.ts,,pc.home.leaderboard.noSeasonTitle,아직 시즌 기록이 없습니다.,No season records yet.,まだシーズン記録がありません。,还没有赛季记录。,"UI, system, panel, tooltip, or control label from i18n message bundle."
ui_i18n_message_src_i18n_messages_home.ts_pc.home.leaderboard.seasonRanking,ui_i18n_message,src/i18n/messages/home.ts,,pc.home.leaderboard.seasonRanking,시즌 랭킹,Season Ranking,シーズン順位,赛季排名,"UI, system, panel, tooltip, or control label from i18n message bundle."
ui_i18n_message_src_i18n_messages_home.ts_pc.home.modal.guide.body,ui_i18n_message,src/i18n/messages/home.ts,,pc.home.modal.guide.body,모드를 고르고 세션을 선택한 뒤 사건을 클릭하면 브리핑을 거쳐 바로 재판이 시작됩니다.,"Choose a mode, select a session, then pick a case to move through the brief and into trial.",モードとセッションを選び、事件を選択するとブリーフィングを経て裁判が始まります。,选择模式和会话后点击案件，即可经过简报进入审判。,"UI, system, panel, tooltip, or control label from i18n message bundle."
ui_i18n_message_src_i18n_messages_home.ts_pc.home.modal.guide.subtitle,ui_i18n_message,src/i18n/messages/home.ts,,pc.home.modal.guide.subtitle,PC 로비 가이드,PC Lobby Guide,PCロビーガイド,PC大厅指南,"UI, system, panel, tooltip, or control label from i18n message bundle."
ui_i18n_message_src_i18n_messages_home.ts_pc.home.modal.guide.title,ui_i18n_message,src/i18n/messages/home.ts,,pc.home.modal.guide.title,도움말,Help,ヘルプ,帮助,"UI, system, panel, tooltip, or control label from i18n message bundle."
ui_i18n_message_src_i18n_messages_home.ts_pc.home.modal.live.ai,ui_i18n_message,src/i18n/messages/home.ts,,pc.home.modal.live.ai,AI 연결: {status},AI: {status},AI接続：{status},AI连接：{status},"UI, system, panel, tooltip, or control label from i18n message bundle."
ui_i18n_message_src_i18n_messages_home.ts_pc.home.modal.live.checkAgain,ui_i18n_message,src/i18n/messages/home.ts,,pc.home.modal.live.checkAgain,다시 확인,Check again,再確認,重新检查,"UI, system, panel, tooltip, or control label from i18n message bundle."
ui_i18n_message_src_i18n_messages_home.ts_pc.home.modal.live.invest,ui_i18n_message,src/i18n/messages/home.ts,,pc.home.modal.live.invest,조사 토큰: {count},Investigation Tokens: {count},調査トークン：{count},调查代币：{count},"UI, system, panel, tooltip, or control label from i18n message bundle."
ui_i18n_message_src_i18n_messages_home.ts_pc.home.modal.live.recharge,ui_i18n_message,src/i18n/messages/home.ts,,pc.home.modal.live.recharge,다음 충전: {time},Next recharge: {time},次の回復：{time},下次补充：{time},"UI, system, panel, tooltip, or control label from i18n message bundle."
ui_i18n_message_src_i18n_messages_home.ts_pc.home.modal.live.rechargeLabel,ui_i18n_message,src/i18n/messages/home.ts,,pc.home.modal.live.rechargeLabel,다음 충전,Recharge,次の回復,下次补充,"UI, system, panel, tooltip, or control label from i18n message bundle."
ui_i18n_message_src_i18n_messages_home.ts_pc.home.modal.live.skill,ui_i18n_message,src/i18n/messages/home.ts,,pc.home.modal.live.skill,스킬 포인트: {count},Skill Points: {count},スキルポイント：{count},技能点：{count},"UI, system, panel, tooltip, or control label from i18n message bundle."
ui_i18n_message_src_i18n_messages_home.ts_pc.home.modal.live.title,ui_i18n_message,src/i18n/messages/home.ts,,pc.home.modal.live.title,라이브 상태,Live Status,ライブ状態,实时状态,"UI, system, panel, tooltip, or control label from i18n message bundle."
ui_i18n_message_src_i18n_messages_home.ts_pc.home.mode.assignedCases,ui_i18n_message,src/i18n/messages/home.ts,,pc.home.mode.assignedCases,{count}건 배정,{count} assigned,{count}件割り当て,已分配{count}件,"UI, system, panel, tooltip, or control label from i18n message bundle."
ui_i18n_message_src_i18n_messages_home.ts_pc.home.mode.assignmentPending,ui_i18n_message,src/i18n/messages/home.ts,,pc.home.mode.assignmentPending,배정 준비 중,Assignment pending,割り当て準備中,等待分配,"UI, system, panel, tooltip, or control label from i18n message bundle."
ui_i18n_message_src_i18n_messages_home.ts_pc.home.mode.daysLeft,ui_i18n_message,src/i18n/messages/home.ts,,pc.home.mode.daysLeft,{days}일 남음,{days} days left,残り{days}日,剩余{days}天,"UI, system, panel, tooltip, or control label from i18n message bundle."
ui_i18n_message_src_i18n_messages_home.ts_pc.home.mode.general.label,ui_i18n_message,src/i18n/messages/home.ts,,pc.home.mode.general.label,일반 모드,General Mode,通常モード,普通模式,"UI, system, panel, tooltip, or control label from i18n message bundle."
ui_i18n_message_src_i18n_messages_home.ts_pc.home.mode.progress,ui_i18n_message,src/i18n/messages/home.ts,,pc.home.mode.progress,진척 {completed}/{total},Progress {completed}/{total},進捗 {completed}/{total},进度 {completed}/{total},"UI, system, panel, tooltip, or control label from i18n message bundle."
ui_i18n_message_src_i18n_messages_home.ts_pc.home.mode.season.label,ui_i18n_message,src/i18n/messages/home.ts,,pc.home.mode.season.label,시즌 모드,Season Mode,シーズンモード,赛季模式,"UI, system, panel, tooltip, or control label from i18n message bundle."
ui_i18n_message_src_i18n_messages_home.ts_pc.home.mode.sessions,ui_i18n_message,src/i18n/messages/home.ts,,pc.home.mode.sessions,세션 {count}개,{count} sessions,セッション {count}件,{count}个会话,"UI, system, panel, tooltip, or control label from i18n message bundle."
ui_i18n_message_src_i18n_messages_home.ts_pc.home.moreCases,ui_i18n_message,src/i18n/messages/home.ts,,pc.home.moreCases,외 {count}건,+{count} more,ほか {count}件,另 {count} 件,"UI, system, panel, tooltip, or control label from i18n message bundle."
ui_i18n_message_src_i18n_messages_home.ts_pc.home.no,ui_i18n_message,src/i18n/messages/home.ts,,pc.home.no,아니요,No,いいえ,否,"UI, system, panel, tooltip, or control label from i18n message bundle."
ui_i18n_message_src_i18n_messages_home.ts_pc.home.profile.averageScore,ui_i18n_message,src/i18n/messages/home.ts,,pc.home.profile.averageScore,평균 점수,Average Score,平均点,平均分,"UI, system, panel, tooltip, or control label from i18n message bundle."
ui_i18n_message_src_i18n_messages_home.ts_pc.home.profile.axis.inquiry,ui_i18n_message,src/i18n/messages/home.ts,,pc.home.profile.axis.inquiry,탐구(균형),Inquiry Balance,探求バランス,探究平衡,"UI, system, panel, tooltip, or control label from i18n message bundle."
ui_i18n_message_src_i18n_messages_home.ts_pc.home.profile.axis.intuition,ui_i18n_message,src/i18n/messages/home.ts,,pc.home.profile.axis.intuition,직관,Intuition,直感,直觉,"UI, system, panel, tooltip, or control label from i18n message bundle."
ui_i18n_message_src_i18n_messages_home.ts_pc.home.profile.axis.judgment,ui_i18n_message,src/i18n/messages/home.ts,,pc.home.profile.axis.judgment,판결(균형),Verdict Balance,判決バランス,裁决平衡,"UI, system, panel, tooltip, or control label from i18n message bundle."
ui_i18n_message_src_i18n_messages_home.ts_pc.home.profile.axis.lenient,ui_i18n_message,src/i18n/messages/home.ts,,pc.home.profile.axis.lenient,관용,Lenient,寛容,宽容,"UI, system, panel, tooltip, or control label from i18n message bundle."
ui_i18n_message_src_i18n_messages_home.ts_pc.home.profile.axis.logic,ui_i18n_message,src/i18n/messages/home.ts,,pc.home.profile.axis.logic,논리,Logic,論理,逻辑,"UI, system, panel, tooltip, or control label from i18n message bundle."
ui_i18n_message_src_i18n_messages_home.ts_pc.home.profile.axis.principle,ui_i18n_message,src/i18n/messages/home.ts,,pc.home.profile.axis.principle,원칙,Principle,原則,原则,"UI, system, panel, tooltip, or control label from i18n message bundle."
ui_i18n_message_src_i18n_messages_home.ts_pc.home.profile.axis.reconcile,ui_i18n_message,src/i18n/messages/home.ts,,pc.home.profile.axis.reconcile,봉합,Reconcile,修復,修复,"UI, system, panel, tooltip, or control label from i18n message bundle."
ui_i18n_message_src_i18n_messages_home.ts_pc.home.profile.axis.resolution,ui_i18n_message,src/i18n/messages/home.ts,,pc.home.profile.axis.resolution,해결(균형),Resolution Balance,解決バランス,解决平衡,"UI, system, panel, tooltip, or control label from i18n message bundle."
ui_i18n_message_src_i18n_messages_home.ts_pc.home.profile.axis.strict,ui_i18n_message,src/i18n/messages/home.ts,,pc.home.profile.axis.strict,엄격,Strict,厳格,严格,"UI, system, panel, tooltip, or control label from i18n message bundle."
ui_i18n_message_src_i18n_messages_home.ts_pc.home.profile.bestScore,ui_i18n_message,src/i18n/messages/home.ts,,pc.home.profile.bestScore,최고 점수,Best Score,最高点,最高分,"UI, system, panel, tooltip, or control label from i18n message bundle."
ui_i18n_message_src_i18n_messages_home.ts_pc.home.profile.description,ui_i18n_message,src/i18n/messages/home.ts,,pc.home.profile.description,"현재 재판관의 성향과 칭호, 판결 기록을 확인합니다.","Review the current judge's traits, title, and verdict history.",現在の裁判官の傾向、称号、判決記録を確認します。,确认当前裁判官的倾向、称号和裁决记录。,"UI, system, panel, tooltip, or control label from i18n message bundle."
ui_i18n_message_src_i18n_messages_home.ts_pc.home.profile.details,ui_i18n_message,src/i18n/messages/home.ts,,pc.home.profile.details,상세 보기,Details,詳細を見る,查看详情,"UI, system, panel, tooltip, or control label from i18n message bundle."
ui_i18n_message_src_i18n_messages_home.ts_pc.home.profile.info,ui_i18n_message,src/i18n/messages/home.ts,,pc.home.profile.info,재판관 정보,Judge Profile,裁判官情報,裁判官信息,"UI, system, panel, tooltip, or control label from i18n message bundle."
ui_i18n_message_src_i18n_messages_home.ts_pc.home.profile.processedCases,ui_i18n_message,src/i18n/messages/home.ts,,pc.home.profile.processedCases,처리 사건,Cases Handled,処理事件,处理案件,"UI, system, panel, tooltip, or control label from i18n message bundle."
ui_i18n_message_src_i18n_messages_home.ts_pc.home.profile.reputation,ui_i18n_message,src/i18n/messages/home.ts,,pc.home.profile.reputation,명성 진행,Reputation Progress,名声進行,声望进度,"UI, system, panel, tooltip, or control label from i18n message bundle."
ui_i18n_message_src_i18n_messages_home.ts_pc.home.profile.season,ui_i18n_message,src/i18n/messages/home.ts,,pc.home.profile.season,시즌,Season,シーズン,赛季,"UI, system, panel, tooltip, or control label from i18n message bundle."
ui_i18n_message_src_i18n_messages_home.ts_pc.home.profile.tab.history,ui_i18n_message,src/i18n/messages/home.ts,,pc.home.profile.tab.history,판결 기록,Verdict History,判決記録,裁决记录,"UI, system, panel, tooltip, or control label from i18n message bundle."
ui_i18n_message_src_i18n_messages_home.ts_pc.home.profile.tab.info,ui_i18n_message,src/i18n/messages/home.ts,,pc.home.profile.tab.info,정보 확인,Profile,情報確認,信息确认,"UI, system, panel, tooltip, or control label from i18n message bundle."
ui_i18n_message_src_i18n_messages_home.ts_pc.home.profile.tab.progression,ui_i18n_message,src/i18n/messages/home.ts,,pc.home.profile.tab.progression,재판관 관리,Judge Management,裁判官管理,裁判官管理,"UI, system, panel, tooltip, or control label from i18n message bundle."
ui_i18n_message_src_i18n_messages_home.ts_pc.home.relationship.family,ui_i18n_message,src/i18n/messages/home.ts,,pc.home.relationship.family,가족,Family,家族,家人,"UI, system, panel, tooltip, or control label from i18n message bundle."
ui_i18n_message_src_i18n_messages_home.ts_pc.home.relationship.friend,ui_i18n_message,src/i18n/messages/home.ts,,pc.home.relationship.friend,친구,Friend,友人,朋友,"UI, system, panel, tooltip, or control label from i18n message bundle."
ui_i18n_message_src_i18n_messages_home.ts_pc.home.relationship.headline,ui_i18n_message,src/i18n/messages/home.ts,,pc.home.relationship.headline,헤드라인,Headline,ヘッドライン,头条,"UI, system, panel, tooltip, or control label from i18n message bundle."
ui_i18n_message_src_i18n_messages_home.ts_pc.home.relationship.lover,ui_i18n_message,src/i18n/messages/home.ts,,pc.home.relationship.lover,연인,Lover,恋人,恋人,"UI, system, panel, tooltip, or control label from i18n message bundle."
ui_i18n_message_src_i18n_messages_home.ts_pc.home.relationship.medicalEducation,ui_i18n_message,src/i18n/messages/home.ts,,pc.home.relationship.medicalEducation,의료·교육,Medical/Education,医療・教育,医疗·教育,"UI, system, panel, tooltip, or control label from i18n message bundle."
ui_i18n_message_src_i18n_messages_home.ts_pc.home.relationship.neighbor,ui_i18n_message,src/i18n/messages/home.ts,,pc.home.relationship.neighbor,이웃,Neighbor,隣人,邻居,"UI, system, panel, tooltip, or control label from i18n message bundle."
ui_i18n_message_src_i18n_messages_home.ts_pc.home.relationship.online,ui_i18n_message,src/i18n/messages/home.ts,,pc.home.relationship.online,온라인,Online,オンライン,线上,"UI, system, panel, tooltip, or control label from i18n message bundle."
ui_i18n_message_src_i18n_messages_home.ts_pc.home.relationship.partnership,ui_i18n_message,src/i18n/messages/home.ts,,pc.home.relationship.partnership,동업,Partnership,共同事業,合伙,"UI, system, panel, tooltip, or control label from i18n message bundle."
ui_i18n_message_src_i18n_messages_home.ts_pc.home.relationship.publicSystem,ui_i18n_message,src/i18n/messages/home.ts,,pc.home.relationship.publicSystem,공공·제도,Public/System,公共・制度,公共·制度,"UI, system, panel, tooltip, or control label from i18n message bundle."
ui_i18n_message_src_i18n_messages_home.ts_pc.home.relationship.random,ui_i18n_message,src/i18n/messages/home.ts,,pc.home.relationship.random,무작위,Random,ランダム,随机,"UI, system, panel, tooltip, or control label from i18n message bundle."
ui_i18n_message_src_i18n_messages_home.ts_pc.home.relationship.spouse,ui_i18n_message,src/i18n/messages/home.ts,,pc.home.relationship.spouse,부부,Spouse,夫婦,夫妻,"UI, system, panel, tooltip, or control label from i18n message bundle."
ui_i18n_message_src_i18n_messages_home.ts_pc.home.relationship.tenant,ui_i18n_message,src/i18n/messages/home.ts,,pc.home.relationship.tenant,세입자,Tenant,入居者,租户,"UI, system, panel, tooltip, or control label from i18n message bundle."
ui_i18n_message_src_i18n_messages_home.ts_pc.home.relationship.tenantLandlord,ui_i18n_message,src/i18n/messages/home.ts,,pc.home.relationship.tenantLandlord,세입자-집주인,Tenant-Landlord,入居者・家主,租户-房东,"UI, system, panel, tooltip, or control label from i18n message bundle."
ui_i18n_message_src_i18n_messages_home.ts_pc.home.relationship.workplace,ui_i18n_message,src/i18n/messages/home.ts,,pc.home.relationship.workplace,직장,Workplace,職場,职场,"UI, system, panel, tooltip, or control label from i18n message bundle."
ui_i18n_message_src_i18n_messages_home.ts_pc.home.season.description,ui_i18n_message,src/i18n/messages/home.ts,,pc.home.season.description,{season}에 배정된 사건들입니다. 시즌 전용 사건은 추후 선별 배정됩니다.,Cases assigned to {season}. Season-only cases will be curated later.,{season}に割り当てられた事件です。シーズン専用事件は後日選定されます。,这是分配给{season}的案件。赛季专属案件稍后筛选分配。,"UI, system, panel, tooltip, or control label from i18n message bundle."
ui_i18n_message_src_i18n_messages_home.ts_pc.home.season.emptyDescription,ui_i18n_message,src/i18n/messages/home.ts,,pc.home.season.emptyDescription,시즌 배정이 열리면 이곳에 자동으로 반영됩니다.,Season assignments will appear here automatically when they open.,シーズン割り当てが開くと、ここに自動で反映されます。,赛季分配开启后会自动显示在这里。,"UI, system, panel, tooltip, or control label from i18n message bundle."
ui_i18n_message_src_i18n_messages_home.ts_pc.home.season.emptyTitle,ui_i18n_message,src/i18n/messages/home.ts,,pc.home.season.emptyTitle,현재 시즌 사건이 아직 배정되지 않았습니다.,No season cases are assigned yet.,現在、このシーズンの事件はまだ割り当てられていません。,当前赛季还没有分配案件。,"UI, system, panel, tooltip, or control label from i18n message bundle."
ui_i18n_message_src_i18n_messages_home.ts_pc.home.season.name,ui_i18n_message,src/i18n/messages/home.ts,,pc.home.season.name,시즌 {number},Season {number},シーズン {number},赛季 {number},"UI, system, panel, tooltip, or control label from i18n message bundle."
ui_i18n_message_src_i18n_messages_home.ts_pc.home.session.averageScore,ui_i18n_message,src/i18n/messages/home.ts,,pc.home.session.averageScore,평균 {score}점,Average {score},平均 {score}点,平均 {score}分,"UI, system, panel, tooltip, or control label from i18n message bundle."
ui_i18n_message_src_i18n_messages_home.ts_pc.home.session.caseCountTitle,ui_i18n_message,src/i18n/messages/home.ts,,pc.home.session.caseCountTitle,{label} · {count}건,{label} · {count} cases,{label}・{count}件,{label} · {count}件,"UI, system, panel, tooltip, or control label from i18n message bundle."
ui_i18n_message_src_i18n_messages_home.ts_pc.home.session.caseListDescription,ui_i18n_message,src/i18n/messages/home.ts,,pc.home.session.caseListDescription,{tagline}. 선택한 사건은 브리핑을 거쳐 바로 재판으로 이어집니다.,{tagline}. The selected case proceeds through a brief and into trial.,{tagline}。選んだ事件はブリーフィングを経て裁判へ進みます。,{tagline}。所选案件会经过简报后进入审判。,"UI, system, panel, tooltip, or control label from i18n message bundle."
ui_i18n_message_src_i18n_messages_home.ts_pc.home.session.family.description,ui_i18n_message,src/i18n/messages/home.ts,,pc.home.session.family.description,"돌봄과 기대, 의무와 애틋함이 서로를 시험합니다.","Care, expectation, duty, and affection test each other.",世話、期待、義務、情が互いを試します。,照顾、期待、义务与眷恋彼此试探。,"UI, system, panel, tooltip, or control label from i18n message bundle."
ui_i18n_message_src_i18n_messages_home.ts_pc.home.session.family.label,ui_i18n_message,src/i18n/messages/home.ts,,pc.home.session.family.label,가족,Family,家族,家人,"UI, system, panel, tooltip, or control label from i18n message bundle."
ui_i18n_message_src_i18n_messages_home.ts_pc.home.session.family.tagline,ui_i18n_message,src/i18n/messages/home.ts,,pc.home.session.family.tagline,가까워서 더 쉽게 상처가 남는 관계,Close enough for wounds to linger,近いからこそ傷が残りやすい関係,越亲近，伤口越容易留下,"UI, system, panel, tooltip, or control label from i18n message bundle."
ui_i18n_message_src_i18n_messages_home.ts_pc.home.session.friend.description,ui_i18n_message,src/i18n/messages/home.ts,,pc.home.session.friend.description,"우정과 거래가 겹치는 순간, 감정의 온도가 달라집니다.","When friendship and transactions overlap, emotions change temperature.",友情と取引が重なる瞬間、感情の温度が変わります。,友情与交易重叠时，情绪的温度会改变。,"UI, system, panel, tooltip, or control label from i18n message bundle."
ui_i18n_message_src_i18n_messages_home.ts_pc.home.session.friend.label,ui_i18n_message,src/i18n/messages/home.ts,,pc.home.session.friend.label,친구,Friend,友人,朋友,"UI, system, panel, tooltip, or control label from i18n message bundle."
ui_i18n_message_src_i18n_messages_home.ts_pc.home.session.friend.tagline,ui_i18n_message,src/i18n/messages/home.ts,,pc.home.session.friend.tagline,편함과 선 넘음의 한 끗 차이,One step between comfort and crossing a line,気安さと越境の紙一重,亲近与越界只差一步,"UI, system, panel, tooltip, or control label from i18n message bundle."
ui_i18n_message_src_i18n_messages_home.ts_pc.home.session.headline.description,ui_i18n_message,src/i18n/messages/home.ts,,pc.home.session.headline.description,공개성과 파장이 커질수록 판단은 더 무거워집니다.,"The broader the exposure and impact, the heavier the judgment.",公開性と波及が大きいほど、判断はより重くなります。,公开性和影响越大，判断就越沉重。,"UI, system, panel, tooltip, or control label from i18n message bundle."
ui_i18n_message_src_i18n_messages_home.ts_pc.home.session.headline.label,ui_i18n_message,src/i18n/messages/home.ts,,pc.home.session.headline.label,헤드라인,Headline,ヘッドライン,头条,"UI, system, panel, tooltip, or control label from i18n message bundle."
ui_i18n_message_src_i18n_messages_home.ts_pc.home.session.headline.tagline,ui_i18n_message,src/i18n/messages/home.ts,,pc.home.session.headline.tagline,세상이 보는 사건은 무게가 다르다,Public cases carry different weight,世間が見る事件は重みが違う,被世人注视的案件重量不同,"UI, system, panel, tooltip, or control label from i18n message bundle."
ui_i18n_message_src_i18n_messages_home.ts_pc.home.session.lover.description,ui_i18n_message,src/i18n/messages/home.ts,,pc.home.session.lover.description,"약속과 배신, 질투와 진심이 가장 가까운 사이를 시험합니다.","Promises, betrayal, jealousy, and sincerity test the closest bond.",約束、裏切り、嫉妬、本心が最も近い関係を試します。,承诺、背叛、嫉妒与真心考验最亲近的关系。,"UI, system, panel, tooltip, or control label from i18n message bundle."
ui_i18n_message_src_i18n_messages_home.ts_pc.home.session.lover.label,ui_i18n_message,src/i18n/messages/home.ts,,pc.home.session.lover.label,연인,Lover,恋人,恋人,"UI, system, panel, tooltip, or control label from i18n message bundle."
ui_i18n_message_src_i18n_messages_home.ts_pc.home.session.lover.tagline,ui_i18n_message,src/i18n/messages/home.ts,,pc.home.session.lover.tagline,"사랑과 의심 사이, 감정이 증거가 되는 순간","Between love and suspicion, emotion becomes evidence",愛と疑いの間で、感情が証拠になる瞬間,在爱与怀疑之间，情绪成为证据,"UI, system, panel, tooltip, or control label from i18n message bundle."
ui_i18n_message_src_i18n_messages_home.ts_pc.home.session.medical_education.description,ui_i18n_message,src/i18n/messages/home.ts,,pc.home.session.medical_education.description,"전문성, 보호 의무, 해명의 온도가 정면으로 충돌합니다.","Expertise, duty of care, and the tone of explanation collide head-on.",専門性、保護義務、説明の温度が正面から衝突します。,专业性、保护义务和说明的温度正面碰撞。,"UI, system, panel, tooltip, or control label from i18n message bundle."
ui_i18n_message_src_i18n_messages_home.ts_pc.home.session.medical_education.label,ui_i18n_message,src/i18n/messages/home.ts,,pc.home.session.medical_education.label,의료·교육,Medical/Education,医療・教育,医疗·教育,"UI, system, panel, tooltip, or control label from i18n message bundle."
ui_i18n_message_src_i18n_messages_home.ts_pc.home.session.medical_education.tagline,ui_i18n_message,src/i18n/messages/home.ts,,pc.home.session.medical_education.tagline,믿고 맡긴 만큼 더 무거워지는 책임,Responsibility grows with entrusted trust,信じて任せた分だけ重くなる責任,越是托付信任，责任越沉重,"UI, system, panel, tooltip, or control label from i18n message bundle."
ui_i18n_message_src_i18n_messages_home.ts_pc.home.session.neighbor.description,ui_i18n_message,src/i18n/messages/home.ts,,pc.home.session.neighbor.description,"소음과 시선, 경계와 배려가 일상 전체를 흔듭니다.","Noise, glances, boundaries, and consideration shake everyday life.",騒音、視線、境界、配慮が日常を揺らします。,噪音、视线、界限与体谅撼动整个日常。,"UI, system, panel, tooltip, or control label from i18n message bundle."
ui_i18n_message_src_i18n_messages_home.ts_pc.home.session.neighbor.label,ui_i18n_message,src/i18n/messages/home.ts,,pc.home.session.neighbor.label,이웃,Neighbor,隣人,邻居,"UI, system, panel, tooltip, or control label from i18n message bundle."
ui_i18n_message_src_i18n_messages_home.ts_pc.home.session.neighbor.tagline,ui_i18n_message,src/i18n/messages/home.ts,,pc.home.session.neighbor.tagline,문 하나 사이의 생활 전쟁,A daily war across one door,扉一枚を隔てた生活の争い,一扇门之间的生活战争,"UI, system, panel, tooltip, or control label from i18n message bundle."
ui_i18n_message_src_i18n_messages_home.ts_pc.home.session.online.description,ui_i18n_message,src/i18n/messages/home.ts,,pc.home.session.online.description,"댓글과 게시물, 캡처와 여론이 사건의 흐름을 바꿉니다.","Comments, posts, screenshots, and public opinion change the course of a case.",コメント、投稿、スクリーンショット、世論が事件の流れを変えます。,评论、帖子、截图与舆论改变案件走向。,"UI, system, panel, tooltip, or control label from i18n message bundle."
ui_i18n_message_src_i18n_messages_home.ts_pc.home.session.online.label,ui_i18n_message,src/i18n/messages/home.ts,,pc.home.session.online.label,온라인,Online,オンライン,线上,"UI, system, panel, tooltip, or control label from i18n message bundle."
ui_i18n_message_src_i18n_messages_home.ts_pc.home.session.online.tagline,ui_i18n_message,src/i18n/messages/home.ts,,pc.home.session.online.tagline,화면 밖 진실은 더 늦게 드러난다,Truth outside the screen arrives later,画面の外の真実は遅れて現れる,屏幕外的真相总是更晚出现,"UI, system, panel, tooltip, or control label from i18n message bundle."
ui_i18n_message_src_i18n_messages_home.ts_pc.home.session.partnership.description,ui_i18n_message,src/i18n/messages/home.ts,,pc.home.session.partnership.description,"정산과 분담, 약속과 책임이 서로 다른 계산을 드러냅니다.","Settlements, roles, promises, and liability reveal different calculations.",精算、分担、約束、責任が異なる計算を見せます。,结算、分工、承诺与责任显露出不同算法。,"UI, system, panel, tooltip, or control label from i18n message bundle."
ui_i18n_message_src_i18n_messages_home.ts_pc.home.session.partnership.label,ui_i18n_message,src/i18n/messages/home.ts,,pc.home.session.partnership.label,동업,Partnership,共同事業,合伙,"UI, system, panel, tooltip, or control label from i18n message bundle."
ui_i18n_message_src_i18n_messages_home.ts_pc.home.session.partnership.tagline,ui_i18n_message,src/i18n/messages/home.ts,,pc.home.session.partnership.tagline,돈과 믿음이 어긋나는 순간,When money and trust diverge,お金と信頼がずれる瞬間,金钱与信任错位的瞬间,"UI, system, panel, tooltip, or control label from i18n message bundle."
ui_i18n_message_src_i18n_messages_home.ts_pc.home.session.public_system.description,ui_i18n_message,src/i18n/messages/home.ts,,pc.home.session.public_system.description,공적 절차와 개인의 사정이 같은 장면 안에서 맞붙습니다.,Public procedure and personal circumstances meet in the same scene.,公的手続きと個人の事情が同じ場面でぶつかります。,公共程序与个人处境在同一场景中相撞。,"UI, system, panel, tooltip, or control label from i18n message bundle."
ui_i18n_message_src_i18n_messages_home.ts_pc.home.session.public_system.label,ui_i18n_message,src/i18n/messages/home.ts,,pc.home.session.public_system.label,공공·제도,Public/System,公共・制度,公共·制度,"UI, system, panel, tooltip, or control label from i18n message bundle."
ui_i18n_message_src_i18n_messages_home.ts_pc.home.session.public_system.tagline,ui_i18n_message,src/i18n/messages/home.ts,,pc.home.session.public_system.tagline,제도가 흔들리면 모두가 불안해진다,"When systems shake, everyone feels unsafe",制度が揺らげば、誰もが不安になる,制度动摇时，每个人都会不安,"UI, system, panel, tooltip, or control label from i18n message bundle."
ui_i18n_message_src_i18n_messages_home.ts_pc.home.session.ready,ui_i18n_message,src/i18n/messages/home.ts,,pc.home.session.ready,준비 중,Preparing,準備中,准备中,"UI, system, panel, tooltip, or control label from i18n message bundle."
ui_i18n_message_src_i18n_messages_home.ts_pc.home.session.spouse.description,ui_i18n_message,src/i18n/messages/home.ts,,pc.home.session.spouse.description,"사랑, 생활비, 침묵이 한 식탁에서 부딪힙니다.","Love, living costs, and silence collide at one table.",愛、生活費、沈黙が同じ食卓でぶつかります。,爱情、生活费与沉默在同一张桌上碰撞。,"UI, system, panel, tooltip, or control label from i18n message bundle."
ui_i18n_message_src_i18n_messages_home.ts_pc.home.session.spouse.label,ui_i18n_message,src/i18n/messages/home.ts,,pc.home.session.spouse.label,부부,Spouse,夫婦,夫妻,"UI, system, panel, tooltip, or control label from i18n message bundle."
ui_i18n_message_src_i18n_messages_home.ts_pc.home.session.spouse.tagline,ui_i18n_message,src/i18n/messages/home.ts,,pc.home.session.spouse.tagline,가장 가깝고도 먼 사이,"Closest, yet farthest apart",一番近くて遠い関係,最近却也最远的关系,"UI, system, panel, tooltip, or control label from i18n message bundle."
ui_i18n_message_src_i18n_messages_home.ts_pc.home.session.tenant.description,ui_i18n_message,src/i18n/messages/home.ts,,pc.home.session.tenant.description,"보증금, 하자, 책임 회피가 좁은 공간 안에서 충돌합니다.","Deposits, defects, and avoided responsibility clash in a narrow space.",敷金、不具合、責任回避が狭い空間で衝突します。,押金、瑕疵与推责在狭小空间中冲突。,"UI, system, panel, tooltip, or control label from i18n message bundle."
ui_i18n_message_src_i18n_messages_home.ts_pc.home.session.tenant.label,ui_i18n_message,src/i18n/messages/home.ts,,pc.home.session.tenant.label,세입자,Tenant,入居者,租户,"UI, system, panel, tooltip, or control label from i18n message bundle."
ui_i18n_message_src_i18n_messages_home.ts_pc.home.session.tenant.tagline,ui_i18n_message,src/i18n/messages/home.ts,,pc.home.session.tenant.tagline,계약서 밖에서 터지는 현실,Reality outside the contract,契約書の外で起こる現実,合同之外爆发的现实,"UI, system, panel, tooltip, or control label from i18n message bundle."
ui_i18n_message_src_i18n_messages_home.ts_pc.home.session.workplace.description,ui_i18n_message,src/i18n/messages/home.ts,,pc.home.session.workplace.description,"메일과 규정, 평가와 소문이 일의 얼굴을 바꿔 놓습니다.","Email, rules, reviews, and rumors change the face of work.",メール、規定、評価、噂が仕事の姿を変えます。,邮件、规定、评价与传言改变工作的面貌。,"UI, system, panel, tooltip, or control label from i18n message bundle."
ui_i18n_message_src_i18n_messages_home.ts_pc.home.session.workplace.label,ui_i18n_message,src/i18n/messages/home.ts,,pc.home.session.workplace.label,직장,Workplace,職場,职场,"UI, system, panel, tooltip, or control label from i18n message bundle."
ui_i18n_message_src_i18n_messages_home.ts_pc.home.session.workplace.tagline,ui_i18n_message,src/i18n/messages/home.ts,,pc.home.session.workplace.tagline,기록과 관계가 동시에 흔들리는 자리,Where records and relationships both shake,記録と関係が同時に揺れる場所,记录和关系同时动摇的位置,"UI, system, panel, tooltip, or control label from i18n message bundle."
ui_i18n_message_src_i18n_messages_home.ts_pc.home.sort.authority,ui_i18n_message,src/i18n/messages/home.ts,,pc.home.sort.authority,판결,Verdict,判決,裁决,"UI, system, panel, tooltip, or control label from i18n message bundle."
ui_i18n_message_src_i18n_messages_home.ts_pc.home.sort.insight,ui_i18n_message,src/i18n/messages/home.ts,,pc.home.sort.insight,탐구,Insight,探求,洞察,"UI, system, panel, tooltip, or control label from i18n message bundle."
ui_i18n_message_src_i18n_messages_home.ts_pc.home.sort.total,ui_i18n_message,src/i18n/messages/home.ts,,pc.home.sort.total,총점,Total,総合,总分,"UI, system, panel, tooltip, or control label from i18n message bundle."
ui_i18n_message_src_i18n_messages_home.ts_pc.home.sort.wisdom,ui_i18n_message,src/i18n/messages/home.ts,,pc.home.sort.wisdom,해결,Resolution,解決,解决,"UI, system, panel, tooltip, or control label from i18n message bundle."
ui_i18n_message_src_i18n_messages_home.ts_pc.home.status.aiConnected,ui_i18n_message,src/i18n/messages/home.ts,,pc.home.status.aiConnected,AI 연결됨,AI connected,AI接続済み,AI已连接,"UI, system, panel, tooltip, or control label from i18n message bundle."
ui_i18n_message_src_i18n_messages_home.ts_pc.home.status.checking,ui_i18n_message,src/i18n/messages/home.ts,,pc.home.status.checking,확인 중,Checking,確認中,检查中,"UI, system, panel, tooltip, or control label from i18n message bundle."
ui_i18n_message_src_i18n_messages_home.ts_pc.home.status.connected,ui_i18n_message,src/i18n/messages/home.ts,,pc.home.status.connected,정상,Connected,接続済み,已连接,"UI, system, panel, tooltip, or control label from i18n message bundle."
ui_i18n_message_src_i18n_messages_home.ts_pc.home.status.disconnected,ui_i18n_message,src/i18n/messages/home.ts,,pc.home.status.disconnected,미연결,Disconnected,未接続,未连接,"UI, system, panel, tooltip, or control label from i18n message bundle."
ui_i18n_message_src_i18n_messages_home.ts_pc.home.status.offline,ui_i18n_message,src/i18n/messages/home.ts,,pc.home.status.offline,오프라인 모드,Offline mode,オフラインモード,离线模式,"UI, system, panel, tooltip, or control label from i18n message bundle."
ui_i18n_message_src_i18n_messages_home.ts_pc.home.unit.cases,ui_i18n_message,src/i18n/messages/home.ts,,pc.home.unit.cases,{count}건,{count} cases,{count}件,{count}件,"UI, system, panel, tooltip, or control label from i18n message bundle."
ui_i18n_message_src_i18n_messages_home.ts_pc.home.unit.points,ui_i18n_message,src/i18n/messages/home.ts,,pc.home.unit.points,{count}점,{count} pts,{count}点,{count}分,"UI, system, panel, tooltip, or control label from i18n message bundle."
ui_i18n_message_src_i18n_messages_home.ts_pc.home.unit.times,ui_i18n_message,src/i18n/messages/home.ts,,pc.home.unit.times,{count}회,{count} times,{count}回,{count}次,"UI, system, panel, tooltip, or control label from i18n message bundle."
ui_i18n_message_src_i18n_messages_home.ts_pc.home.yes,ui_i18n_message,src/i18n/messages/home.ts,,pc.home.yes,예,Yes,はい,是,"UI, system, panel, tooltip, or control label from i18n message bundle."
ui_i18n_message_src_i18n_messages_home.ts_pc.resolutionConfirm.rollback,ui_i18n_message,src/i18n/messages/home.ts,,pc.resolutionConfirm.rollback,{seconds}초 후 이전 해상도로 돌아갑니다.,Reverting to the previous resolution in {seconds}s.,{seconds}秒後に元の解像度へ戻ります。,{seconds}秒后将恢复到之前的分辨率。,"UI, system, panel, tooltip, or control label from i18n message bundle."
ui_i18n_message_src_i18n_messages_home.ts_pc.resolutionConfirm.title,ui_i18n_message,src/i18n/messages/home.ts,,pc.resolutionConfirm.title,지금 해상도를 유지하시겠습니까?,Keep this resolution?,この解像度を維持しますか？,是否保留当前分辨率？,"UI, system, panel, tooltip, or control label from i18n message bundle."
ui_i18n_message_src_i18n_messages_hotbar.ts_pc.hotbar.advance.can,ui_i18n_message,src/i18n/messages/hotbar.ts,,pc.hotbar.advance.can,{label}할 수 있습니다,{label} is available,{label}できます,可{label},"UI, system, panel, tooltip, or control label from i18n message bundle."
ui_i18n_message_src_i18n_messages_hotbar.ts_pc.hotbar.advance.evidence,ui_i18n_message,src/i18n/messages/hotbar.ts,,pc.hotbar.advance.evidence,최종 심문 단계로,Proceed to Final Interrogation,最終尋問段階へ,进入最终讯问阶段,"UI, system, panel, tooltip, or control label from i18n message bundle."
ui_i18n_message_src_i18n_messages_hotbar.ts_pc.hotbar.advance.interrogation,ui_i18n_message,src/i18n/messages/hotbar.ts,,pc.hotbar.advance.interrogation,판결 단계로 진행,Proceed to Verdict,判決段階へ進む,进入裁决阶段,"UI, system, panel, tooltip, or control label from i18n message bundle."
ui_i18n_message_src_i18n_messages_hotbar.ts_pc.hotbar.advance.next,ui_i18n_message,src/i18n/messages/hotbar.ts,,pc.hotbar.advance.next,다음 단계로 진행,Proceed to Next Phase,次の段階へ進む,进入下一阶段,"UI, system, panel, tooltip, or control label from i18n message bundle."
ui_i18n_message_src_i18n_messages_hotbar.ts_pc.hotbar.close,ui_i18n_message,src/i18n/messages/hotbar.ts,,pc.hotbar.close,닫기,Close,閉じる,关闭,"UI, system, panel, tooltip, or control label from i18n message bundle."
ui_i18n_message_src_i18n_messages_hotbar.ts_pc.hotbar.emotion.angry,ui_i18n_message,src/i18n/messages/hotbar.ts,,pc.hotbar.emotion.angry,격앙,Agitated,激昂,激动,"UI, system, panel, tooltip, or control label from i18n message bundle."
ui_i18n_message_src_i18n_messages_hotbar.ts_pc.hotbar.emotion.confident,ui_i18n_message,src/i18n/messages/hotbar.ts,,pc.hotbar.emotion.confident,자신감,Confident,自信,自信,"UI, system, panel, tooltip, or control label from i18n message bundle."
ui_i18n_message_src_i18n_messages_hotbar.ts_pc.hotbar.emotion.defensive,ui_i18n_message,src/i18n/messages/hotbar.ts,,pc.hotbar.emotion.defensive,경계,Defensive,警戒,防备,"UI, system, panel, tooltip, or control label from i18n message bundle."
ui_i18n_message_src_i18n_messages_hotbar.ts_pc.hotbar.emotion.resigned,ui_i18n_message,src/i18n/messages/hotbar.ts,,pc.hotbar.emotion.resigned,체념,Resigned,諦観,认命,"UI, system, panel, tooltip, or control label from i18n message bundle."
ui_i18n_message_src_i18n_messages_hotbar.ts_pc.hotbar.emotion.shaken,ui_i18n_message,src/i18n/messages/hotbar.ts,,pc.hotbar.emotion.shaken,동요,Shaken,動揺,动摇,"UI, system, panel, tooltip, or control label from i18n message bundle."
ui_i18n_message_src_i18n_messages_hotbar.ts_pc.hotbar.emotionValue,ui_i18n_message,src/i18n/messages/hotbar.ts,,pc.hotbar.emotionValue,감정 수치 {value},Emotion {value},感情値 {value},情绪值 {value},"UI, system, panel, tooltip, or control label from i18n message bundle."
ui_i18n_message_src_i18n_messages_hotbar.ts_pc.hotbar.evidence.choose,ui_i18n_message,src/i18n/messages/hotbar.ts,,pc.hotbar.evidence.choose,제시할 증거를 선택하세요,Choose evidence to present,提示する証拠を選択してください,请选择要出示的证据,"UI, system, panel, tooltip, or control label from i18n message bundle."
ui_i18n_message_src_i18n_messages_hotbar.ts_pc.hotbar.evidence.file,ui_i18n_message,src/i18n/messages/hotbar.ts,,pc.hotbar.evidence.file,증거 파일,Evidence File,証拠ファイル,证据文件,"UI, system, panel, tooltip, or control label from i18n message bundle."
ui_i18n_message_src_i18n_messages_hotbar.ts_pc.hotbar.evidence.foundContent,ui_i18n_message,src/i18n/messages/hotbar.ts,,pc.hotbar.evidence.foundContent,발견한 내용:,Found content:,発見した内容:,已发现内容:,"UI, system, panel, tooltip, or control label from i18n message bundle."
ui_i18n_message_src_i18n_messages_hotbar.ts_pc.hotbar.evidence.hiddenCount,ui_i18n_message,src/i18n/messages/hotbar.ts,,pc.hotbar.evidence.hiddenCount,(미확인 항목 {count}개),({count} unverified),（未確認項目 {count}件）,（未确认项目 {count} 个）,"UI, system, panel, tooltip, or control label from i18n message bundle."
ui_i18n_message_src_i18n_messages_hotbar.ts_pc.hotbar.evidence.none,ui_i18n_message,src/i18n/messages/hotbar.ts,,pc.hotbar.evidence.none,해금된 증거가 없습니다,No evidence is unlocked.,解除された証拠がありません,没有已解锁的证据,"UI, system, panel, tooltip, or control label from i18n message bundle."
ui_i18n_message_src_i18n_messages_hotbar.ts_pc.hotbar.evidence.open,ui_i18n_message,src/i18n/messages/hotbar.ts,,pc.hotbar.evidence.open,증거 열람,Open Evidence,証拠を開く,查看证据,"UI, system, panel, tooltip, or control label from i18n message bundle."
ui_i18n_message_src_i18n_messages_hotbar.ts_pc.hotbar.evidenceType.audio,ui_i18n_message,src/i18n/messages/hotbar.ts,,pc.hotbar.evidenceType.audio,오디오,Audio,音声,音频,"UI, system, panel, tooltip, or control label from i18n message bundle."
ui_i18n_message_src_i18n_messages_hotbar.ts_pc.hotbar.evidenceType.bank,ui_i18n_message,src/i18n/messages/hotbar.ts,,pc.hotbar.evidenceType.bank,금융,Finance,金融,金融,"UI, system, panel, tooltip, or control label from i18n message bundle."
ui_i18n_message_src_i18n_messages_hotbar.ts_pc.hotbar.evidenceType.cctv,ui_i18n_message,src/i18n/messages/hotbar.ts,,pc.hotbar.evidenceType.cctv,영상,Video,映像,影像,"UI, system, panel, tooltip, or control label from i18n message bundle."
ui_i18n_message_src_i18n_messages_hotbar.ts_pc.hotbar.evidenceType.chat,ui_i18n_message,src/i18n/messages/hotbar.ts,,pc.hotbar.evidenceType.chat,메신저,Chat,メッセージ,聊天,"UI, system, panel, tooltip, or control label from i18n message bundle."
ui_i18n_message_src_i18n_messages_hotbar.ts_pc.hotbar.evidenceType.contract,ui_i18n_message,src/i18n/messages/hotbar.ts,,pc.hotbar.evidenceType.contract,계약,Contract,契約,合同,"UI, system, panel, tooltip, or control label from i18n message bundle."
ui_i18n_message_src_i18n_messages_hotbar.ts_pc.hotbar.evidenceType.device,ui_i18n_message,src/i18n/messages/hotbar.ts,,pc.hotbar.evidenceType.device,기기,Device,端末,设备,"UI, system, panel, tooltip, or control label from i18n message bundle."
ui_i18n_message_src_i18n_messages_hotbar.ts_pc.hotbar.evidenceType.document,ui_i18n_message,src/i18n/messages/hotbar.ts,,pc.hotbar.evidenceType.document,문서,Document,文書,文档,"UI, system, panel, tooltip, or control label from i18n message bundle."
ui_i18n_message_src_i18n_messages_hotbar.ts_pc.hotbar.evidenceType.email,ui_i18n_message,src/i18n/messages/hotbar.ts,,pc.hotbar.evidenceType.email,메일,Email,メール,邮件,"UI, system, panel, tooltip, or control label from i18n message bundle."
ui_i18n_message_src_i18n_messages_hotbar.ts_pc.hotbar.evidenceType.financialRecord,ui_i18n_message,src/i18n/messages/hotbar.ts,,pc.hotbar.evidenceType.financialRecord,금융,Finance,金融,金融,"UI, system, panel, tooltip, or control label from i18n message bundle."
ui_i18n_message_src_i18n_messages_hotbar.ts_pc.hotbar.evidenceType.forensicReport,ui_i18n_message,src/i18n/messages/hotbar.ts,,pc.hotbar.evidenceType.forensicReport,감정,Forensic Report,鑑定,鉴定,"UI, system, panel, tooltip, or control label from i18n message bundle."
ui_i18n_message_src_i18n_messages_hotbar.ts_pc.hotbar.evidenceType.institutionalNote,ui_i18n_message,src/i18n/messages/hotbar.ts,,pc.hotbar.evidenceType.institutionalNote,기관 문서,Institutional Note,機関文書,机构文档,"UI, system, panel, tooltip, or control label from i18n message bundle."
ui_i18n_message_src_i18n_messages_hotbar.ts_pc.hotbar.evidenceType.log,ui_i18n_message,src/i18n/messages/hotbar.ts,,pc.hotbar.evidenceType.log,기록,Log,記録,记录,"UI, system, panel, tooltip, or control label from i18n message bundle."
ui_i18n_message_src_i18n_messages_hotbar.ts_pc.hotbar.evidenceType.photo,ui_i18n_message,src/i18n/messages/hotbar.ts,,pc.hotbar.evidenceType.photo,사진,Photo,写真,照片,"UI, system, panel, tooltip, or control label from i18n message bundle."
ui_i18n_message_src_i18n_messages_hotbar.ts_pc.hotbar.evidenceType.receipt,ui_i18n_message,src/i18n/messages/hotbar.ts,,pc.hotbar.evidenceType.receipt,영수증,Receipt,領収書,收据,"UI, system, panel, tooltip, or control label from i18n message bundle."
ui_i18n_message_src_i18n_messages_hotbar.ts_pc.hotbar.evidenceType.sns,ui_i18n_message,src/i18n/messages/hotbar.ts,,pc.hotbar.evidenceType.sns,SNS,SNS,SNS,SNS,"UI, system, panel, tooltip, or control label from i18n message bundle."
ui_i18n_message_src_i18n_messages_hotbar.ts_pc.hotbar.evidenceType.testimony,ui_i18n_message,src/i18n/messages/hotbar.ts,,pc.hotbar.evidenceType.testimony,증언,Testimony,証言,证言,"UI, system, panel, tooltip, or control label from i18n message bundle."
ui_i18n_message_src_i18n_messages_hotbar.ts_pc.hotbar.evidenceType.video,ui_i18n_message,src/i18n/messages/hotbar.ts,,pc.hotbar.evidenceType.video,영상,Video,映像,影像,"UI, system, panel, tooltip, or control label from i18n message bundle."
ui_i18n_message_src_i18n_messages_hotbar.ts_pc.hotbar.loading,ui_i18n_message,src/i18n/messages/hotbar.ts,,pc.hotbar.loading,응답 대기 중,Waiting for response,応答待機中,等待回应中,"UI, system, panel, tooltip, or control label from i18n message bundle."
ui_i18n_message_src_i18n_messages_hotbar.ts_pc.hotbar.question.chooseDispute,ui_i18n_message,src/i18n/messages/hotbar.ts,,pc.hotbar.question.chooseDispute,쟁점을 선택하세요,Choose a dispute,争点を選択してください,请选择争议点,"UI, system, panel, tooltip, or control label from i18n message bundle."
ui_i18n_message_src_i18n_messages_hotbar.ts_pc.hotbar.question.chooseQuestion,ui_i18n_message,src/i18n/messages/hotbar.ts,,pc.hotbar.question.chooseQuestion,질문을 선택하세요,Choose a question,質問を選択してください,请选择问题,"UI, system, panel, tooltip, or control label from i18n message bundle."
ui_i18n_message_src_i18n_messages_hotbar.ts_pc.hotbar.question.defaultQuestion,ui_i18n_message,src/i18n/messages/hotbar.ts,,pc.hotbar.question.defaultQuestion,기본 질문으로 진행,Use default question,基本質問で進める,使用默认问题继续,"UI, system, panel, tooltip, or control label from i18n message bundle."
ui_i18n_message_src_i18n_messages_hotbar.ts_pc.hotbar.question.enterFreeQuestion,ui_i18n_message,src/i18n/messages/hotbar.ts,,pc.hotbar.question.enterFreeQuestion,질문을 직접 입력하세요,Enter your question,質問を直接入力してください,请直接输入问题,"UI, system, panel, tooltip, or control label from i18n message bundle."
ui_i18n_message_src_i18n_messages_hotbar.ts_pc.hotbar.question.reselectDispute,ui_i18n_message,src/i18n/messages/hotbar.ts,,pc.hotbar.question.reselectDispute,쟁점 다시 선택,Choose another dispute,争点を選び直す,重新选择争议点,"UI, system, panel, tooltip, or control label from i18n message bundle."
ui_i18n_message_src_i18n_messages_hotbar.ts_pc.hotbar.shortcutTitle,ui_i18n_message,src/i18n/messages/hotbar.ts,,pc.hotbar.shortcutTitle,{label} ({key}),{label} ({key}),{label}（{key}）,{label}（{key}）,"UI, system, panel, tooltip, or control label from i18n message bundle."
ui_i18n_message_src_i18n_messages_hotbar.ts_pc.hotbar.slot.empathy.compact,ui_i18n_message,src/i18n/messages/hotbar.ts,,pc.hotbar.slot.empathy.compact,공감 접근,Empathy,共感接近,共情接近,"UI, system, panel, tooltip, or control label from i18n message bundle."
ui_i18n_message_src_i18n_messages_hotbar.ts_pc.hotbar.slot.empathy.label,ui_i18n_message,src/i18n/messages/hotbar.ts,,pc.hotbar.slot.empathy.label,공감 접근,Empathy Approach,共感接近,共情接近,"UI, system, panel, tooltip, or control label from i18n message bundle."
ui_i18n_message_src_i18n_messages_hotbar.ts_pc.hotbar.slot.empathy.title,ui_i18n_message,src/i18n/messages/hotbar.ts,,pc.hotbar.slot.empathy.title,공감 접근 - 자백 유도하기,Empathy Approach - Encourage confession,共感アプローチ - 告白を促す,共情接近 - 引导承认,"UI, system, panel, tooltip, or control label from i18n message bundle."
ui_i18n_message_src_i18n_messages_hotbar.ts_pc.hotbar.slot.evidence.compact,ui_i18n_message,src/i18n/messages/hotbar.ts,,pc.hotbar.slot.evidence.compact,증거 제시,Evidence,証拠提示,出示证据,"UI, system, panel, tooltip, or control label from i18n message bundle."
ui_i18n_message_src_i18n_messages_hotbar.ts_pc.hotbar.slot.evidence.label,ui_i18n_message,src/i18n/messages/hotbar.ts,,pc.hotbar.slot.evidence.label,증거 제시,Present Evidence,証拠提示,出示证据,"UI, system, panel, tooltip, or control label from i18n message bundle."
ui_i18n_message_src_i18n_messages_hotbar.ts_pc.hotbar.slot.evidence.title,ui_i18n_message,src/i18n/messages/hotbar.ts,,pc.hotbar.slot.evidence.title,증거 제시,Present Evidence,証拠提示,出示证据,"UI, system, panel, tooltip, or control label from i18n message bundle."
ui_i18n_message_src_i18n_messages_hotbar.ts_pc.hotbar.slot.fact.compact,ui_i18n_message,src/i18n/messages/hotbar.ts,,pc.hotbar.slot.fact.compact,사실 추궁,Fact,事実追及,事实追问,"UI, system, panel, tooltip, or control label from i18n message bundle."
ui_i18n_message_src_i18n_messages_hotbar.ts_pc.hotbar.slot.fact.label,ui_i18n_message,src/i18n/messages/hotbar.ts,,pc.hotbar.slot.fact.label,사실 추궁,Fact Pursuit,事実追及,事实追问,"UI, system, panel, tooltip, or control label from i18n message bundle."
ui_i18n_message_src_i18n_messages_hotbar.ts_pc.hotbar.slot.fact.title,ui_i18n_message,src/i18n/messages/hotbar.ts,,pc.hotbar.slot.fact.title,사실 추궁 - 모순에 집중하기,Fact Pursuit - Focus on contradictions,事実追及 - 矛盾に集中する,事实追问 - 聚焦矛盾,"UI, system, panel, tooltip, or control label from i18n message bundle."
ui_i18n_message_src_i18n_messages_hotbar.ts_pc.hotbar.slot.free.compact,ui_i18n_message,src/i18n/messages/hotbar.ts,,pc.hotbar.slot.free.compact,자유 질문,Free,自由質問,自由提问,"UI, system, panel, tooltip, or control label from i18n message bundle."
ui_i18n_message_src_i18n_messages_hotbar.ts_pc.hotbar.slot.free.label,ui_i18n_message,src/i18n/messages/hotbar.ts,,pc.hotbar.slot.free.label,자유 질문,Free Question,自由質問,自由提问,"UI, system, panel, tooltip, or control label from i18n message bundle."
ui_i18n_message_src_i18n_messages_hotbar.ts_pc.hotbar.slot.free.title,ui_i18n_message,src/i18n/messages/hotbar.ts,,pc.hotbar.slot.free.title,자유 질문 - 복합적 접근 시도,Free Question - Try a combined approach,自由質問 - 複合的な接近を試す,自由提问 - 尝试复合接近,"UI, system, panel, tooltip, or control label from i18n message bundle."
ui_i18n_message_src_i18n_messages_hotbar.ts_pc.hotbar.slot.motive.compact,ui_i18n_message,src/i18n/messages/hotbar.ts,,pc.hotbar.slot.motive.compact,동기 탐색,Motive,動機探索,动机探查,"UI, system, panel, tooltip, or control label from i18n message bundle."
ui_i18n_message_src_i18n_messages_hotbar.ts_pc.hotbar.slot.motive.label,ui_i18n_message,src/i18n/messages/hotbar.ts,,pc.hotbar.slot.motive.label,동기 탐색,Motive Search,動機探索,动机探查,"UI, system, panel, tooltip, or control label from i18n message bundle."
ui_i18n_message_src_i18n_messages_hotbar.ts_pc.hotbar.slot.motive.title,ui_i18n_message,src/i18n/messages/hotbar.ts,,pc.hotbar.slot.motive.title,동기 탐색 - 숨겨진 쟁점 찾기,Motive Search - Find hidden disputes,動機探索 - 隠れた争点を探す,动机探查 - 寻找隐藏争议,"UI, system, panel, tooltip, or control label from i18n message bundle."
ui_i18n_message_src_i18n_messages_hotbar.ts_pc.hotbar.slot.witness.compact,ui_i18n_message,src/i18n/messages/hotbar.ts,,pc.hotbar.slot.witness.compact,증인 소환,Witness,証人召喚,传唤证人,"UI, system, panel, tooltip, or control label from i18n message bundle."
ui_i18n_message_src_i18n_messages_hotbar.ts_pc.hotbar.slot.witness.label,ui_i18n_message,src/i18n/messages/hotbar.ts,,pc.hotbar.slot.witness.label,증인 소환,Call Witness,証人召喚,传唤证人,"UI, system, panel, tooltip, or control label from i18n message bundle."
ui_i18n_message_src_i18n_messages_hotbar.ts_pc.hotbar.slot.witness.subtitle,ui_i18n_message,src/i18n/messages/hotbar.ts,,pc.hotbar.slot.witness.subtitle,적절한 시점에 소환해야 핵심 증언을 들을 수 있습니다,Call a witness at the right moment to hear key testimony.,適切な時点で召喚すると核心証言を聞けます,在合适时机传唤，才能听到关键证言,"UI, system, panel, tooltip, or control label from i18n message bundle."
ui_i18n_message_src_i18n_messages_hotbar.ts_pc.hotbar.slot.witness.title,ui_i18n_message,src/i18n/messages/hotbar.ts,,pc.hotbar.slot.witness.title,증인 소환,Call Witness,証人召喚,传唤证人,"UI, system, panel, tooltip, or control label from i18n message bundle."
ui_i18n_message_src_i18n_messages_hotbar.ts_pc.hotbar.special.confidential.action,ui_i18n_message,src/i18n/messages/hotbar.ts,,pc.hotbar.special.confidential.action,비용 1: 비공개 보호 실행,Cost 1: Run Protection,コスト1: 非公開保護を実行,消耗1: 执行非公开保护,"UI, system, panel, tooltip, or control label from i18n message bundle."
ui_i18n_message_src_i18n_messages_hotbar.ts_pc.hotbar.special.confidential.body,ui_i18n_message,src/i18n/messages/hotbar.ts,,pc.hotbar.special.confidential.body,비공개를 약속해 방어 반응을 낮춥니다.,Promise confidentiality to lower defensive reactions.,非公開を約束して防御反応を下げます。,承诺非公开，以降低防备反应。,"UI, system, panel, tooltip, or control label from i18n message bundle."
ui_i18n_message_src_i18n_messages_hotbar.ts_pc.hotbar.special.confidential.compact,ui_i18n_message,src/i18n/messages/hotbar.ts,,pc.hotbar.special.confidential.compact,비공개 보호,Protect,非公開保護,非公开保护,"UI, system, panel, tooltip, or control label from i18n message bundle."
ui_i18n_message_src_i18n_messages_hotbar.ts_pc.hotbar.special.confidential.label,ui_i18n_message,src/i18n/messages/hotbar.ts,,pc.hotbar.special.confidential.label,비공개 보호,Confidential Protection,非公開保護,非公开保护,"UI, system, panel, tooltip, or control label from i18n message bundle."
ui_i18n_message_src_i18n_messages_hotbar.ts_pc.hotbar.special.immediate.action,ui_i18n_message,src/i18n/messages/hotbar.ts,,pc.hotbar.special.immediate.action,비용 1: 즉답 요구 실행,Cost 1: Demand Answer,コスト1: 即答要求を実行,消耗1: 执行即答要求,"UI, system, panel, tooltip, or control label from i18n message bundle."
ui_i18n_message_src_i18n_messages_hotbar.ts_pc.hotbar.special.immediate.body,ui_i18n_message,src/i18n/messages/hotbar.ts,,pc.hotbar.special.immediate.body,선택한 쟁점에 대해 즉답을 요구합니다.,Demand an immediate answer for the selected dispute.,選択した争点について即答を求めます。,要求对所选争议点立即作答。,"UI, system, panel, tooltip, or control label from i18n message bundle."
ui_i18n_message_src_i18n_messages_hotbar.ts_pc.hotbar.special.immediate.compact,ui_i18n_message,src/i18n/messages/hotbar.ts,,pc.hotbar.special.immediate.compact,즉답 요구,Demand,即答要求,要求即答,"UI, system, panel, tooltip, or control label from i18n message bundle."
ui_i18n_message_src_i18n_messages_hotbar.ts_pc.hotbar.special.immediate.label,ui_i18n_message,src/i18n/messages/hotbar.ts,,pc.hotbar.special.immediate.label,즉답 요구,Demand Answer,即答要求,要求即答,"UI, system, panel, tooltip, or control label from i18n message bundle."
ui_i18n_message_src_i18n_messages_hotbar.ts_pc.hotbar.special.separation.action,ui_i18n_message,src/i18n/messages/hotbar.ts,,pc.hotbar.special.separation.action,비용 1: 분리 심문 실행,Cost 1: Run Separation,コスト1: 分離尋問を実行,消耗1: 执行分离讯问,"UI, system, panel, tooltip, or control label from i18n message bundle."
ui_i18n_message_src_i18n_messages_hotbar.ts_pc.hotbar.special.separation.body,ui_i18n_message,src/i18n/messages/hotbar.ts,,pc.hotbar.special.separation.body,당사자를 분리해 개별 심문합니다.,Separate the parties and question them individually.,当事者を分離して個別に尋問します。,将当事人分开，分别进行讯问。,"UI, system, panel, tooltip, or control label from i18n message bundle."
ui_i18n_message_src_i18n_messages_hotbar.ts_pc.hotbar.special.separation.compact,ui_i18n_message,src/i18n/messages/hotbar.ts,,pc.hotbar.special.separation.compact,분리 심문,Separate,分離尋問,分离讯问,"UI, system, panel, tooltip, or control label from i18n message bundle."
ui_i18n_message_src_i18n_messages_hotbar.ts_pc.hotbar.special.separation.label,ui_i18n_message,src/i18n/messages/hotbar.ts,,pc.hotbar.special.separation.label,분리 심문,Separate Interrogation,分離尋問,分离讯问,"UI, system, panel, tooltip, or control label from i18n message bundle."
ui_i18n_message_src_i18n_messages_hotbar.ts_pc.hotbar.special.subtitle,ui_i18n_message,src/i18n/messages/hotbar.ts,,pc.hotbar.special.subtitle,특수 행동,Special Action,特殊行動,特殊行动,"UI, system, panel, tooltip, or control label from i18n message bundle."
ui_i18n_message_src_i18n_messages_layout.ts_pc.actions.advance.evidence,ui_i18n_message,src/i18n/messages/layout.ts,,pc.actions.advance.evidence,증거 정리 단계로,Move to Evidence Review,証拠整理段階へ,进入证据整理阶段,"UI, system, panel, tooltip, or control label from i18n message bundle."
ui_i18n_message_src_i18n_messages_layout.ts_pc.actions.advance.finalInterrogation,ui_i18n_message,src/i18n/messages/layout.ts,,pc.actions.advance.finalInterrogation,최종 심문 단계로,Move to Final Interrogation,最終尋問段階へ,进入最终审问阶段,"UI, system, panel, tooltip, or control label from i18n message bundle."
ui_i18n_message_src_i18n_messages_layout.ts_pc.actions.advance.next,ui_i18n_message,src/i18n/messages/layout.ts,,pc.actions.advance.next,다음 단계,Next Phase,次の段階,下一阶段,"UI, system, panel, tooltip, or control label from i18n message bundle."
ui_i18n_message_src_i18n_messages_layout.ts_pc.actions.advance.verdict,ui_i18n_message,src/i18n/messages/layout.ts,,pc.actions.advance.verdict,판결 검토로,Review Verdict,裁きの検討へ,进入裁决审查,"UI, system, panel, tooltip, or control label from i18n message bundle."
ui_i18n_message_src_i18n_messages_layout.ts_pc.actions.consoleEyebrow,ui_i18n_message,src/i18n/messages/layout.ts,,pc.actions.consoleEyebrow,TACTICAL CONSOLE,TACTICAL CONSOLE,TACTICAL CONSOLE,TACTICAL CONSOLE,"UI, system, panel, tooltip, or control label from i18n message bundle."
ui_i18n_message_src_i18n_messages_layout.ts_pc.actions.dialogue.evidencePrompt,ui_i18n_message,src/i18n/messages/layout.ts,,pc.actions.dialogue.evidencePrompt,"[증거 ""{evidence}""] {question}","[Evidence ""{evidence}""] {question}",[証拠「{evidence}」] {question},[证据“{evidence}”] {question},"UI, system, panel, tooltip, or control label from i18n message bundle."
ui_i18n_message_src_i18n_messages_layout.ts_pc.actions.dialogue.immediateDemand,ui_i18n_message,src/i18n/messages/layout.ts,,pc.actions.dialogue.immediateDemand,지금 쟁점에 대한 즉답을 요구합니다.,I demand an immediate answer on this dispute.,この争点について即答を求めます。,我要求就当前争议立即回答。,"UI, system, panel, tooltip, or control label from i18n message bundle."
ui_i18n_message_src_i18n_messages_layout.ts_pc.actions.dialogue.objection,ui_i18n_message,src/i18n/messages/layout.ts,,pc.actions.dialogue.objection,이의 있습니다.,Objection!,異議あり。,我提出异议。,"UI, system, panel, tooltip, or control label from i18n message bundle."
ui_i18n_message_src_i18n_messages_layout.ts_pc.actions.dialogue.presentEvidence,ui_i18n_message,src/i18n/messages/layout.ts,,pc.actions.dialogue.presentEvidence,"{target} 씨, {evidence}({reliability})를 제시합니다. ""{disputes}"" 쟁점과 관련해 {question}","{target}, I present {evidence} ({reliability}) in relation to the ""{disputes}"" dispute: {question}",{target}さん、{evidence}（{reliability}）を提示します。「{disputes}」争点に関連して、{question},{target}，我出示{evidence}（{reliability}）。关于“{disputes}”争议，{question},"UI, system, panel, tooltip, or control label from i18n message bundle."
ui_i18n_message_src_i18n_messages_layout.ts_pc.actions.dialogue.reactionShaken,ui_i18n_message,src/i18n/messages/layout.ts,,pc.actions.dialogue.reactionShaken,{name}의 반응이 흔들립니다.,{name}'s reaction wavers.,{name}の反応が揺らぎます。,{name}的反应发生动摇。,"UI, system, panel, tooltip, or control label from i18n message bundle."
ui_i18n_message_src_i18n_messages_layout.ts_pc.actions.evidence.presentNow,ui_i18n_message,src/i18n/messages/layout.ts,,pc.actions.evidence.presentNow,지금 바로 제시,Present Now,今すぐ提示,立即出示,"UI, system, panel, tooltip, or control label from i18n message bundle."
ui_i18n_message_src_i18n_messages_layout.ts_pc.actions.evidence.quickHelp,ui_i18n_message,src/i18n/messages/layout.ts,,pc.actions.evidence.quickHelp,"하단에서 고른 증거를 바로 제시하거나, 아래 패널에서 조사와 대면질문까지 이어갈 수 있습니다.","Present the selected evidence now, or continue into investigation and confrontation below.",下で選んだ証拠をすぐ提示するか、下部パネルで調査と対面質問へ進めます。,可以立即出示下方选择的证据，也可以在下面面板继续调查和对质。,"UI, system, panel, tooltip, or control label from i18n message bundle."
ui_i18n_message_src_i18n_messages_layout.ts_pc.actions.evidence.reliability.hard,ui_i18n_message,src/i18n/messages/layout.ts,,pc.actions.evidence.reliability.hard,강한 증거,Hard Evidence,強い証拠,强证据,"UI, system, panel, tooltip, or control label from i18n message bundle."
ui_i18n_message_src_i18n_messages_layout.ts_pc.actions.evidence.reliability.soft,ui_i18n_message,src/i18n/messages/layout.ts,,pc.actions.evidence.reliability.soft,보조 증거,Supporting Evidence,補助証拠,辅助证据,"UI, system, panel, tooltip, or control label from i18n message bundle."
ui_i18n_message_src_i18n_messages_layout.ts_pc.actions.quick.empathy,ui_i18n_message,src/i18n/messages/layout.ts,,pc.actions.quick.empathy,공감 접근 - 자백 유도하기,Empathy Approach - draw out an admission,共感アプローチ - 告白を引き出す,共情接近 - 引出承认,"UI, system, panel, tooltip, or control label from i18n message bundle."
ui_i18n_message_src_i18n_messages_layout.ts_pc.actions.quick.evidence,ui_i18n_message,src/i18n/messages/layout.ts,,pc.actions.quick.evidence,증거 제시,Present Evidence,証拠提示,出示证据,"UI, system, panel, tooltip, or control label from i18n message bundle."
ui_i18n_message_src_i18n_messages_layout.ts_pc.actions.quick.fact,ui_i18n_message,src/i18n/messages/layout.ts,,pc.actions.quick.fact,사실 추궁 - 모순에 집중하기,Fact Pursuit - focus on contradictions,事実追及 - 矛盾に集中する,事实追问 - 聚焦矛盾,"UI, system, panel, tooltip, or control label from i18n message bundle."
ui_i18n_message_src_i18n_messages_layout.ts_pc.actions.quick.help,ui_i18n_message,src/i18n/messages/layout.ts,,pc.actions.quick.help,핫바 버튼을 클릭하면 쟁점과 질문을 선택할 수 있습니다.,Click a hotbar slot to choose a dispute and question.,ホットバーのボタンを押すと、争点と質問を選べます。,点击快捷栏按钮即可选择争议和问题。,"UI, system, panel, tooltip, or control label from i18n message bundle."
ui_i18n_message_src_i18n_messages_layout.ts_pc.actions.quick.motive,ui_i18n_message,src/i18n/messages/layout.ts,,pc.actions.quick.motive,동기 탐색 - 숨겨진 쟁점 찾기,Motive Search - find hidden disputes,動機探索 - 隠れた争点を探す,动机探查 - 寻找隐藏争议,"UI, system, panel, tooltip, or control label from i18n message bundle."
ui_i18n_message_src_i18n_messages_layout.ts_pc.actions.special.confidential.desc,ui_i18n_message,src/i18n/messages/layout.ts,,pc.actions.special.confidential.desc,비공개 보호를 약속해 방어 반응을 낮춥니다.,Promise confidential protection to lower defensive reactions.,非公開保護を約束し、防御反応を下げます。,承诺非公开保护，降低防御反应。,"UI, system, panel, tooltip, or control label from i18n message bundle."
ui_i18n_message_src_i18n_messages_layout.ts_pc.actions.special.confidential.meta.locked,ui_i18n_message,src/i18n/messages/layout.ts,,pc.actions.special.confidential.meta.locked,최종 심문 단계 이후 해금,Unlocks after Final Interrogation,最終尋問段階後に解放,最终审问阶段后解锁,"UI, system, panel, tooltip, or control label from i18n message bundle."
ui_i18n_message_src_i18n_messages_layout.ts_pc.actions.special.confidential.meta.ready,ui_i18n_message,src/i18n/messages/layout.ts,,pc.actions.special.confidential.meta.ready,신뢰/공포 수치 조정,Adjust trust/fear values,信頼/恐怖値を調整,调整信任/恐惧数值,"UI, system, panel, tooltip, or control label from i18n message bundle."
ui_i18n_message_src_i18n_messages_layout.ts_pc.actions.special.immediate.desc,ui_i18n_message,src/i18n/messages/layout.ts,,pc.actions.special.immediate.desc,선택한 쟁점을 강제로 끝까지 몰아붙입니다.,Force the selected dispute toward a final answer.,選択した争点を強制的に最後まで追い込みます。,强制把选定争议推进到最终回答。,"UI, system, panel, tooltip, or control label from i18n message bundle."
ui_i18n_message_src_i18n_messages_layout.ts_pc.actions.special.immediate.label,ui_i18n_message,src/i18n/messages/layout.ts,,pc.actions.special.immediate.label,즉답 요구,Demand Answer,即答要求,要求即答,"UI, system, panel, tooltip, or control label from i18n message bundle."
ui_i18n_message_src_i18n_messages_layout.ts_pc.actions.special.immediate.meta.locked,ui_i18n_message,src/i18n/messages/layout.ts,,pc.actions.special.immediate.meta.locked,증거 정리 단계 이후 해금,Unlocks after evidence review,証拠整理段階後に解放,证据整理阶段后解锁,"UI, system, panel, tooltip, or control label from i18n message bundle."
ui_i18n_message_src_i18n_messages_layout.ts_pc.actions.special.immediate.meta.ready,ui_i18n_message,src/i18n/messages/layout.ts,,pc.actions.special.immediate.meta.ready,쟁점 선택 필요,Select a dispute,争点選択が必要,需要选择争议,"UI, system, panel, tooltip, or control label from i18n message bundle."
ui_i18n_message_src_i18n_messages_layout.ts_pc.actions.special.objection.desc,ui_i18n_message,src/i18n/messages/layout.ts,,pc.actions.special.objection.desc,상대의 주장 전체를 강하게 흔들어 균열을 만듭니다.,Shake the opposing claim as a whole and create a break.,相手の主張全体を強く揺さぶり、ほころびを作ります。,强烈动摇对方整体主张，制造破绽。,"UI, system, panel, tooltip, or control label from i18n message bundle."
ui_i18n_message_src_i18n_messages_layout.ts_pc.actions.special.objection.label,ui_i18n_message,src/i18n/messages/layout.ts,,pc.actions.special.objection.label,이의 제기,Objection,異議,异议,"UI, system, panel, tooltip, or control label from i18n message bundle."
ui_i18n_message_src_i18n_messages_layout.ts_pc.actions.special.objection.meta,ui_i18n_message,src/i18n/messages/layout.ts,,pc.actions.special.objection.meta,스킬 포인트 {points},Skill Points {points},スキルポイント {points},技能点 {points},"UI, system, panel, tooltip, or control label from i18n message bundle."
ui_i18n_message_src_i18n_messages_layout.ts_pc.actions.special.separation.desc,ui_i18n_message,src/i18n/messages/layout.ts,,pc.actions.special.separation.desc,일시적으로 당사자를 분리해 압박 환경을 바꿉니다.,Temporarily separate the parties and change the pressure environment.,一時的に当事者を分離し、圧迫環境を変えます。,暂时分离当事人，改变施压环境。,"UI, system, panel, tooltip, or control label from i18n message bundle."
ui_i18n_message_src_i18n_messages_layout.ts_pc.actions.special.separation.meta,ui_i18n_message,src/i18n/messages/layout.ts,,pc.actions.special.separation.meta,조사 토큰 1 필요,Requires 1 Investigation Token,調査トークン1が必要,需要1个调查代币,"UI, system, panel, tooltip, or control label from i18n message bundle."
ui_i18n_message_src_i18n_messages_layout.ts_pc.actions.toast.insufficientControl,ui_i18n_message,src/i18n/messages/layout.ts,,pc.actions.toast.insufficientControl,법정 장악이 부족합니다.,Not enough Court Control.,法廷掌握が不足しています。,法庭掌控不足。,"UI, system, panel, tooltip, or control label from i18n message bundle."
ui_i18n_message_src_i18n_messages_layout.ts_pc.actions.view.evidence.label,ui_i18n_message,src/i18n/messages/layout.ts,,pc.actions.view.evidence.label,증거 컨트롤,Evidence Control,証拠コントロール,证据控制,"UI, system, panel, tooltip, or control label from i18n message bundle."
ui_i18n_message_src_i18n_messages_layout.ts_pc.actions.view.evidence.subtitle,ui_i18n_message,src/i18n/messages/layout.ts,,pc.actions.view.evidence.subtitle,"증거 제시, 조사, 감정, 증인 호출을 한곳에서 처리합니다.","Handle evidence presentation, investigation, appraisal, and witness calls in one place.",証拠提示、調査、鑑定、証人呼び出しを一か所で処理します。,在一处处理出示证据、调查、鉴定和证人呼叫。,"UI, system, panel, tooltip, or control label from i18n message bundle."
ui_i18n_message_src_i18n_messages_layout.ts_pc.actions.view.question.label,ui_i18n_message,src/i18n/messages/layout.ts,,pc.actions.view.question.label,심문 컨트롤,Question Control,尋問コントロール,审问控制,"UI, system, panel, tooltip, or control label from i18n message bundle."
ui_i18n_message_src_i18n_messages_layout.ts_pc.actions.view.question.subtitle,ui_i18n_message,src/i18n/messages/layout.ts,,pc.actions.view.question.subtitle,"현재 쟁점 기준 질문, 자유질문, 보조 선택을 제어합니다.","Control dispute-based questions, free questions, and support choices.",現在の争点に基づく質問、自由質問、補助選択を操作します。,控制基于当前争议的提问、自由提问和辅助选项。,"UI, system, panel, tooltip, or control label from i18n message bundle."
ui_i18n_message_src_i18n_messages_layout.ts_pc.actions.view.special.label,ui_i18n_message,src/i18n/messages/layout.ts,,pc.actions.view.special.label,특수 행동,Special Actions,特殊行動,特殊行动,"UI, system, panel, tooltip, or control label from i18n message bundle."
ui_i18n_message_src_i18n_messages_layout.ts_pc.actions.view.special.subtitle,ui_i18n_message,src/i18n/messages/layout.ts,,pc.actions.view.special.subtitle,"즉답 요구, 이의 제기, 보호 행동과 단계 진행을 관리합니다.","Manage demand answer, objection, protection actions, and phase advance.",即答要求、異議、保護行動、段階進行を管理します。,管理要求即答、异议、保护行动和阶段推进。,"UI, system, panel, tooltip, or control label from i18n message bundle."
ui_i18n_message_src_i18n_messages_layout.ts_pc.archetype.action.empathy,ui_i18n_message,src/i18n/messages/layout.ts,,pc.archetype.action.empathy,공감 접근,Empathy Approach,共感アプローチ,共情接近,"UI, system, panel, tooltip, or control label from i18n message bundle."
ui_i18n_message_src_i18n_messages_layout.ts_pc.archetype.action.fact,ui_i18n_message,src/i18n/messages/layout.ts,,pc.archetype.action.fact,사실 추궁,Fact Pursuit,事実追及,事实追问,"UI, system, panel, tooltip, or control label from i18n message bundle."
ui_i18n_message_src_i18n_messages_layout.ts_pc.archetype.action.motive,ui_i18n_message,src/i18n/messages/layout.ts,,pc.archetype.action.motive,동기 탐색,Motive Search,動機探索,动机探查,"UI, system, panel, tooltip, or control label from i18n message bundle."
ui_i18n_message_src_i18n_messages_layout.ts_pc.archetype.affectFlattening.hint,ui_i18n_message,src/i18n/messages/layout.ts,,pc.archetype.affectFlattening.hint,감정 표현이 희미합니다. 공감 접근이나 동기 탐색으로 이면을 들어내세요.,Their emotional expression is faint. Use Empathy Approach or Motive Search to reveal what is underneath.,感情表現が薄いです。共感アプローチや動機探索で内面を引き出してください。,情绪表达很淡。用共情接近或动机探查引出内心。,"UI, system, panel, tooltip, or control label from i18n message bundle."
ui_i18n_message_src_i18n_messages_layout.ts_pc.archetype.affectFlattening.label,ui_i18n_message,src/i18n/messages/layout.ts,,pc.archetype.affectFlattening.label,감정 둔화,Flattened Affect,感情鈍化,情感钝化,"UI, system, panel, tooltip, or control label from i18n message bundle."
ui_i18n_message_src_i18n_messages_layout.ts_pc.archetype.avoidant.hint,ui_i18n_message,src/i18n/messages/layout.ts,,pc.archetype.avoidant.hint,답변을 흐리고 절차로 비껴갑니다. 사실 추궁으로 구체성을 끌어내세요.,They blur answers and sidestep into procedure. Use Fact Pursuit to draw out specifics.,答えをぼかし、手続きへ逃げます。事実追及で具体性を引き出してください。,会模糊回答并转向程序。用事实追问把具体内容拉出来。,"UI, system, panel, tooltip, or control label from i18n message bundle."
ui_i18n_message_src_i18n_messages_layout.ts_pc.archetype.avoidant.label,ui_i18n_message,src/i18n/messages/layout.ts,,pc.archetype.avoidant.label,회피형,Avoidant,回避型,回避型,"UI, system, panel, tooltip, or control label from i18n message bundle."
ui_i18n_message_src_i18n_messages_layout.ts_pc.archetype.close,ui_i18n_message,src/i18n/messages/layout.ts,,pc.archetype.close,닫기,Close,閉じる,关闭,"UI, system, panel, tooltip, or control label from i18n message bundle."
ui_i18n_message_src_i18n_messages_layout.ts_pc.archetype.coldLogic.hint,ui_i18n_message,src/i18n/messages/layout.ts,,pc.archetype.coldLogic.hint,감정 없이 사실만 말합니다. 공감 접근으로 균열을 만들어 보세요.,They only state facts without emotion. Use Empathy Approach to create a crack.,感情を出さず事実だけを述べます。共感アプローチでほころびを作ってください。,几乎不带情绪，只说事实。用共情接近制造破绽。,"UI, system, panel, tooltip, or control label from i18n message bundle."
ui_i18n_message_src_i18n_messages_layout.ts_pc.archetype.coldLogic.label,ui_i18n_message,src/i18n/messages/layout.ts,,pc.archetype.coldLogic.label,냉정 논리,Cold Logic,冷静論理,冷静逻辑,"UI, system, panel, tooltip, or control label from i18n message bundle."
ui_i18n_message_src_i18n_messages_layout.ts_pc.archetype.confrontational.hint,ui_i18n_message,src/i18n/messages/layout.ts,,pc.archetype.confrontational.hint,방어적으로 반격합니다. 공감 접근으로 긴장을 먼저 낮춰주세요.,They counter defensively. Use Empathy Approach to lower tension first.,防御的に反撃します。共感アプローチでまず緊張を下げてください。,会防御性反击。先用共情接近降低紧张。,"UI, system, panel, tooltip, or control label from i18n message bundle."
ui_i18n_message_src_i18n_messages_layout.ts_pc.archetype.confrontational.label,ui_i18n_message,src/i18n/messages/layout.ts,,pc.archetype.confrontational.label,대립형,Confrontational,対立型,对立型,"UI, system, panel, tooltip, or control label from i18n message bundle."
ui_i18n_message_src_i18n_messages_layout.ts_pc.archetype.prematureSummary.hint,ui_i18n_message,src/i18n/messages/layout.ts,,pc.archetype.prematureSummary.hint,결론부터 요약합니다. 사실 추궁으로 흐름을 붙들어 두세요.,They summarize from the conclusion first. Use Fact Pursuit to hold onto the sequence.,結論から要約します。事実追及で流れをつかんでください。,会先从结论开始概括。用事实追问抓住经过。,"UI, system, panel, tooltip, or control label from i18n message bundle."
ui_i18n_message_src_i18n_messages_layout.ts_pc.archetype.prematureSummary.label,ui_i18n_message,src/i18n/messages/layout.ts,,pc.archetype.prematureSummary.label,성급한 정리,Premature Summary,早急な整理,过早总结,"UI, system, panel, tooltip, or control label from i18n message bundle."
ui_i18n_message_src_i18n_messages_layout.ts_pc.archetype.tipLabel,ui_i18n_message,src/i18n/messages/layout.ts,,pc.archetype.tipLabel,공략 힌트,Strategy Hint,攻略ヒント,攻略提示,"UI, system, panel, tooltip, or control label from i18n message bundle."
ui_i18n_message_src_i18n_messages_layout.ts_pc.archetype.victimCosplay.hint,ui_i18n_message,src/i18n/messages/layout.ts,,pc.archetype.victimCosplay.hint,모든 답변을 자신의 피해로 연결합니다. 동기 탐색으로 이면을 물어보세요.,They connect every answer to their own harm. Use Motive Search to probe what sits underneath.,すべての答えを自分の被害につなげます。動機探索で裏側を尋ねてください。,把所有回答都连接到自己的受害。用动机探查询问背后的原因。,"UI, system, panel, tooltip, or control label from i18n message bundle."
ui_i18n_message_src_i18n_messages_layout.ts_pc.archetype.victimCosplay.label,ui_i18n_message,src/i18n/messages/layout.ts,,pc.archetype.victimCosplay.label,피해자 서사,Victim Framing,被害者語り,受害者叙事,"UI, system, panel, tooltip, or control label from i18n message bundle."
ui_i18n_message_src_i18n_messages_layout.ts_pc.common.change,ui_i18n_message,src/i18n/messages/layout.ts,,pc.common.change,변경,Change,変更,变更,"UI, system, panel, tooltip, or control label from i18n message bundle."
ui_i18n_message_src_i18n_messages_layout.ts_pc.common.close,ui_i18n_message,src/i18n/messages/layout.ts,,pc.common.close,닫기,Close,閉じる,关闭,"UI, system, panel, tooltip, or control label from i18n message bundle."
ui_i18n_message_src_i18n_messages_layout.ts_pc.common.current,ui_i18n_message,src/i18n/messages/layout.ts,,pc.common.current,현재,Current,現在,当前,"UI, system, panel, tooltip, or control label from i18n message bundle."
ui_i18n_message_src_i18n_messages_layout.ts_pc.common.currentDispute,ui_i18n_message,src/i18n/messages/layout.ts,,pc.common.currentDispute,현재 쟁점,Current Dispute,現在の争点,当前争议,"UI, system, panel, tooltip, or control label from i18n message bundle."
ui_i18n_message_src_i18n_messages_layout.ts_pc.common.judge,ui_i18n_message,src/i18n/messages/layout.ts,,pc.common.judge,재판관,Judge,裁判官,裁判官,"UI, system, panel, tooltip, or control label from i18n message bundle."
ui_i18n_message_src_i18n_messages_layout.ts_pc.common.justNow,ui_i18n_message,src/i18n/messages/layout.ts,,pc.common.justNow,방금,Just now,たった今,刚刚,"UI, system, panel, tooltip, or control label from i18n message bundle."
ui_i18n_message_src_i18n_messages_layout.ts_pc.common.locked,ui_i18n_message,src/i18n/messages/layout.ts,,pc.common.locked,잠김,Locked,ロック,锁定,"UI, system, panel, tooltip, or control label from i18n message bundle."
ui_i18n_message_src_i18n_messages_layout.ts_pc.common.none,ui_i18n_message,src/i18n/messages/layout.ts,,pc.common.none,없음,None,なし,无,"UI, system, panel, tooltip, or control label from i18n message bundle."
ui_i18n_message_src_i18n_messages_layout.ts_pc.common.relatedDispute,ui_i18n_message,src/i18n/messages/layout.ts,,pc.common.relatedDispute,관련 쟁점,Related Dispute,関連争点,相关争议,"UI, system, panel, tooltip, or control label from i18n message bundle."
ui_i18n_message_src_i18n_messages_layout.ts_pc.common.selectedEvidence,ui_i18n_message,src/i18n/messages/layout.ts,,pc.common.selectedEvidence,선택한 증거,Selected Evidence,選択中の証拠,已选证据,"UI, system, panel, tooltip, or control label from i18n message bundle."
ui_i18n_message_src_i18n_messages_layout.ts_pc.common.system,ui_i18n_message,src/i18n/messages/layout.ts,,pc.common.system,시스템,System,システム,系统,"UI, system, panel, tooltip, or control label from i18n message bundle."
ui_i18n_message_src_i18n_messages_layout.ts_pc.common.target,ui_i18n_message,src/i18n/messages/layout.ts,,pc.common.target,대상,Target,対象,对象,"UI, system, panel, tooltip, or control label from i18n message bundle."
ui_i18n_message_src_i18n_messages_layout.ts_pc.common.turnAgo,ui_i18n_message,src/i18n/messages/layout.ts,,pc.common.turnAgo,{count}턴 전,{count} turn(s) ago,{count}ターン前,{count}回合前,"UI, system, panel, tooltip, or control label from i18n message bundle."
ui_i18n_message_src_i18n_messages_layout.ts_pc.common.witness,ui_i18n_message,src/i18n/messages/layout.ts,,pc.common.witness,증인,Witness,証人,证人,"UI, system, panel, tooltip, or control label from i18n message bundle."
ui_i18n_message_src_i18n_messages_layout.ts_pc.court.back,ui_i18n_message,src/i18n/messages/layout.ts,,pc.court.back,나가기,Exit,退出,退出,"UI, system, panel, tooltip, or control label from i18n message bundle."
ui_i18n_message_src_i18n_messages_layout.ts_pc.court.combination.analyzingDone,ui_i18n_message,src/i18n/messages/layout.ts,,pc.court.combination.analyzingDone,분석 완료,Analysis Complete,分析完了,分析完成,"UI, system, panel, tooltip, or control label from i18n message bundle."
ui_i18n_message_src_i18n_messages_layout.ts_pc.court.combination.success,ui_i18n_message,src/i18n/messages/layout.ts,,pc.court.combination.success,조합 성공,Combination Success,組み合わせ成功,组合成功,"UI, system, panel, tooltip, or control label from i18n message bundle."
ui_i18n_message_src_i18n_messages_layout.ts_pc.court.combination.summary.context,ui_i18n_message,src/i18n/messages/layout.ts,,pc.court.combination.summary.context,사건 맥락이 더 구체화됐습니다.,The case context is now more specific.,事件の文脈がより具体化しました。,案件背景变得更具体。,"UI, system, panel, tooltip, or control label from i18n message bundle."
ui_i18n_message_src_i18n_messages_layout.ts_pc.court.combination.summary.default,ui_i18n_message,src/i18n/messages/layout.ts,,pc.court.combination.summary.default,기존 정보가 더 강한 형태로 정리됐습니다.,Existing information has been organized into a stronger form.,既存情報がより強い形に整理されました。,既有信息被整理成更有力的形态。,"UI, system, panel, tooltip, or control label from i18n message bundle."
ui_i18n_message_src_i18n_messages_layout.ts_pc.court.combination.summary.dispute,ui_i18n_message,src/i18n/messages/layout.ts,,pc.court.combination.summary.dispute,새로운 쟁점이 드러났습니다.,A new dispute has surfaced.,新しい争点が明らかになりました。,新的争议浮现了。,"UI, system, panel, tooltip, or control label from i18n message bundle."
ui_i18n_message_src_i18n_messages_layout.ts_pc.court.combination.summary.dossier,ui_i18n_message,src/i18n/messages/layout.ts,,pc.court.combination.summary.dossier,결정적 질문으로 이어지는 조합이 완성됐습니다.,A combination leading to a decisive question is complete.,決定的質問につながる組み合わせが完成しました。,已完成通向决定性问题的组合。,"UI, system, panel, tooltip, or control label from i18n message bundle."
ui_i18n_message_src_i18n_messages_layout.ts_pc.court.combination.summary.evidence,ui_i18n_message,src/i18n/messages/layout.ts,,pc.court.combination.summary.evidence,새 증거가 기록에 추가됐습니다.,New evidence has been added to the record.,新しい証拠が記録に追加されました。,新的证据已加入记录。,"UI, system, panel, tooltip, or control label from i18n message bundle."
ui_i18n_message_src_i18n_messages_layout.ts_pc.court.combination.summary.mediation,ui_i18n_message,src/i18n/messages/layout.ts,,pc.court.combination.summary.mediation,판결 진입에 참고할 힌트가 추가됐습니다.,A hint for entering verdict has been added.,裁きへ進むためのヒントが追加されました。,已加入进入裁决时可参考的提示。,"UI, system, panel, tooltip, or control label from i18n message bundle."
ui_i18n_message_src_i18n_messages_layout.ts_pc.court.combination.summary.note,ui_i18n_message,src/i18n/messages/layout.ts,,pc.court.combination.summary.note,새 단서 기록이 추가됐습니다.,A new clue note has been added.,新しい手がかり記録が追加されました。,新的线索记录已加入。,"UI, system, panel, tooltip, or control label from i18n message bundle."
ui_i18n_message_src_i18n_messages_layout.ts_pc.court.combination.summary.question,ui_i18n_message,src/i18n/messages/layout.ts,,pc.court.combination.summary.question,새 질문 경로가 열렸습니다.,A new question route has opened.,新しい質問ルートが開きました。,新的提问路径已开启。,"UI, system, panel, tooltip, or control label from i18n message bundle."
ui_i18n_message_src_i18n_messages_layout.ts_pc.court.combination.summary.reliability,ui_i18n_message,src/i18n/messages/layout.ts,,pc.court.combination.summary.reliability,기존 증거의 신뢰도가 강화됐습니다.,Existing evidence reliability has been reinforced.,既存証拠の信頼度が強化されました。,既有证据的可信度已增强。,"UI, system, panel, tooltip, or control label from i18n message bundle."
ui_i18n_message_src_i18n_messages_layout.ts_pc.court.combination.summary.statement,ui_i18n_message,src/i18n/messages/layout.ts,,pc.court.combination.summary.statement,새 진술이 기록에 추가됐습니다.,A new statement has been added to the record.,新しい陳述が記録に追加されました。,新的陈述已加入记录。,"UI, system, panel, tooltip, or control label from i18n message bundle."
ui_i18n_message_src_i18n_messages_layout.ts_pc.court.combination.summary.witness,ui_i18n_message,src/i18n/messages/layout.ts,,pc.court.combination.summary.witness,새 증인이 소환 가능해졌습니다.,A new witness can be summoned.,新しい証人を召喚できるようになりました。,可以传唤新的证人。,"UI, system, panel, tooltip, or control label from i18n message bundle."
ui_i18n_message_src_i18n_messages_layout.ts_pc.court.control.confidentialProtection,ui_i18n_message,src/i18n/messages/layout.ts,,pc.court.control.confidentialProtection,비공개 보호,Confidential Protection,非公開保護,非公开保护,"UI, system, panel, tooltip, or control label from i18n message bundle."
ui_i18n_message_src_i18n_messages_layout.ts_pc.court.control.default,ui_i18n_message,src/i18n/messages/layout.ts,,pc.court.control.default,법정 장악 사용,Use Court Control,法廷掌握を使用,使用法庭掌控,"UI, system, panel, tooltip, or control label from i18n message bundle."
ui_i18n_message_src_i18n_messages_layout.ts_pc.court.control.immediateAnswer,ui_i18n_message,src/i18n/messages/layout.ts,,pc.court.control.immediateAnswer,즉답 요구,Demand Answer,即答要求,要求即答,"UI, system, panel, tooltip, or control label from i18n message bundle."
ui_i18n_message_src_i18n_messages_layout.ts_pc.court.control.separation,ui_i18n_message,src/i18n/messages/layout.ts,,pc.court.control.separation,분리 심문,Separate Interrogation,分離尋問,分离审问,"UI, system, panel, tooltip, or control label from i18n message bundle."
ui_i18n_message_src_i18n_messages_layout.ts_pc.court.dossier.unlockDefault,ui_i18n_message,src/i18n/messages/layout.ts,,pc.court.dossier.unlockDefault,결정적 질문이 열렸습니다.,A decisive question has opened.,決定的質問が開きました。,决定性问题已开启。,"UI, system, panel, tooltip, or control label from i18n message bundle."
ui_i18n_message_src_i18n_messages_layout.ts_pc.court.dossier.unlockEyebrow,ui_i18n_message,src/i18n/messages/layout.ts,,pc.court.dossier.unlockEyebrow,결정적 질문 해금,Decisive Question Unlocked,決定的質問 解放,决定性问题解锁,"UI, system, panel, tooltip, or control label from i18n message bundle."
ui_i18n_message_src_i18n_messages_layout.ts_pc.court.recordSummary,ui_i18n_message,src/i18n/messages/layout.ts,,pc.court.recordSummary,기록 정리,Records,記録整理,记录整理,"UI, system, panel, tooltip, or control label from i18n message bundle."
ui_i18n_message_src_i18n_messages_layout.ts_pc.court.recovery.court.cost,ui_i18n_message,src/i18n/messages/layout.ts,,pc.court.recovery.court.cost,스킬 포인트 2,Skill Points 2,スキルポイント 2,技能点 2,"UI, system, panel, tooltip, or control label from i18n message bundle."
ui_i18n_message_src_i18n_messages_layout.ts_pc.court.recovery.court.desc,ui_i18n_message,src/i18n/messages/layout.ts,,pc.court.recovery.court.desc,판사의 개입을 써서 절차를 정리하고 법정 장악 1을 회복합니다.,Use judicial intervention to settle procedure and recover 1 court control.,裁判官の介入で手続きを整え、法廷掌握を1回復します。,使用裁判官介入整理程序，并恢复1点法庭掌控。,"UI, system, panel, tooltip, or control label from i18n message bundle."
ui_i18n_message_src_i18n_messages_layout.ts_pc.court.recovery.court.label,ui_i18n_message,src/i18n/messages/layout.ts,,pc.court.recovery.court.label,정숙 선언,Call to Order,静粛宣言,宣布肃静,"UI, system, panel, tooltip, or control label from i18n message bundle."
ui_i18n_message_src_i18n_messages_layout.ts_pc.court.recovery.execute,ui_i18n_message,src/i18n/messages/layout.ts,,pc.court.recovery.execute,실행,Run,実行,执行,"UI, system, panel, tooltip, or control label from i18n message bundle."
ui_i18n_message_src_i18n_messages_layout.ts_pc.court.recovery.invest.cost,ui_i18n_message,src/i18n/messages/layout.ts,,pc.court.recovery.invest.cost,법정 장악 1,Court Control 1,法廷掌握 1,法庭掌控 1,"UI, system, panel, tooltip, or control label from i18n message bundle."
ui_i18n_message_src_i18n_messages_layout.ts_pc.court.recovery.invest.desc,ui_i18n_message,src/i18n/messages/layout.ts,,pc.court.recovery.invest.desc,절차 통제력을 써서 증거 목록을 다시 훑고 조사 토큰 1을 회복합니다.,Spend procedural control to review the evidence list and recover 1 investigation token.,手続きの統制力を使って証拠一覧を見直し、調査トークンを1回復します。,消耗程序控制力重新检查证据列表，并恢复1个调查代币。,"UI, system, panel, tooltip, or control label from i18n message bundle."
ui_i18n_message_src_i18n_messages_layout.ts_pc.court.recovery.invest.label,ui_i18n_message,src/i18n/messages/layout.ts,,pc.court.recovery.invest.label,기록 재정리,Reorganize Records,記録を再整理,重新整理记录,"UI, system, panel, tooltip, or control label from i18n message bundle."
ui_i18n_message_src_i18n_messages_layout.ts_pc.court.recovery.skill.cost,ui_i18n_message,src/i18n/messages/layout.ts,,pc.court.recovery.skill.cost,조사 토큰 1,Investigation Token 1,調査トークン 1,调查代币 1,"UI, system, panel, tooltip, or control label from i18n message bundle."
ui_i18n_message_src_i18n_messages_layout.ts_pc.court.recovery.skill.desc,ui_i18n_message,src/i18n/messages/layout.ts,,pc.court.recovery.skill.desc,조사 토큰을 써서 현재 쟁점의 질문 각도를 정리하고 스킬 포인트 1을 회복합니다.,Spend an investigation token to organize the current question angle and recover 1 skill point.,調査トークンを使って現在の争点の質問角度を整理し、スキルポイントを1回復します。,消耗调查代币整理当前争议的提问角度，并恢复1点技能点。,"UI, system, panel, tooltip, or control label from i18n message bundle."
ui_i18n_message_src_i18n_messages_layout.ts_pc.court.recovery.skill.label,ui_i18n_message,src/i18n/messages/layout.ts,,pc.court.recovery.skill.label,쟁점 압축,Compress Dispute,争点を圧縮,压缩争议,"UI, system, panel, tooltip, or control label from i18n message bundle."
ui_i18n_message_src_i18n_messages_layout.ts_pc.court.resource.court.desc,ui_i18n_message,src/i18n/messages/layout.ts,,pc.court.resource.court.desc,무리한 압박과 절차 혼선을 버티는 힘입니다. 판결 안정성에도 영향을 줍니다.,This absorbs heavy pressure and procedural disorder. It also affects verdict stability.,強い圧力や手続きの混乱を受け止める力です。裁きの安定性にも影響します。,用于承受过度压迫和程序混乱，也会影响裁决稳定性。,"UI, system, panel, tooltip, or control label from i18n message bundle."
ui_i18n_message_src_i18n_messages_layout.ts_pc.court.resource.courtControl,ui_i18n_message,src/i18n/messages/layout.ts,,pc.court.resource.courtControl,법정 장악,Court Control,法廷掌握,法庭掌控,"UI, system, panel, tooltip, or control label from i18n message bundle."
ui_i18n_message_src_i18n_messages_layout.ts_pc.court.resource.invest.desc,ui_i18n_message,src/i18n/messages/layout.ts,,pc.court.resource.invest.desc,"증거를 더 깊게 조사하거나, 추가 단서와 기록을 확인할 때 씁니다.",Spend this to investigate evidence more deeply or check additional clues and records.,証拠をより深く調査したり、追加の手がかりや記録を確認するときに使います。,用于更深入调查证据，或确认追加线索与记录。,"UI, system, panel, tooltip, or control label from i18n message bundle."
ui_i18n_message_src_i18n_messages_layout.ts_pc.court.resource.investigationToken,ui_i18n_message,src/i18n/messages/layout.ts,,pc.court.resource.investigationToken,조사 토큰,Investigation Token,調査トークン,调查代币,"UI, system, panel, tooltip, or control label from i18n message bundle."
ui_i18n_message_src_i18n_messages_layout.ts_pc.court.resource.skill.desc,ui_i18n_message,src/i18n/messages/layout.ts,,pc.court.resource.skill.desc,"즉답 요구, 비공개 보호, 자동 조합 보조처럼 판사의 적극적 개입에 씁니다.","Spend this on active judge interventions such as demand answer, confidential protection, and combination support.",即答要求、非公開保護、自動組み合わせ補助など、裁判官の積極的介入に使います。,用于要求即答、非公开保护、自动组合辅助等裁判官主动介入。,"UI, system, panel, tooltip, or control label from i18n message bundle."
ui_i18n_message_src_i18n_messages_layout.ts_pc.court.resource.skillPoint,ui_i18n_message,src/i18n/messages/layout.ts,,pc.court.resource.skillPoint,스킬 포인트,Skill Point,スキルポイント,技能点,"UI, system, panel, tooltip, or control label from i18n message bundle."
ui_i18n_message_src_i18n_messages_layout.ts_pc.court.settings,ui_i18n_message,src/i18n/messages/layout.ts,,pc.court.settings,설정,Settings,設定,设置,"UI, system, panel, tooltip, or control label from i18n message bundle."
ui_i18n_message_src_i18n_messages_layout.ts_pc.court.timeline.clickToJump,ui_i18n_message,src/i18n/messages/layout.ts,,pc.court.timeline.clickToJump,클릭하면 해당 시점으로 이동합니다,Click to jump to this moment,クリックするとこの時点へ移動します,点击即可跳到该时点,"UI, system, panel, tooltip, or control label from i18n message bundle."
ui_i18n_message_src_i18n_messages_layout.ts_pc.court.timeline.empty,ui_i18n_message,src/i18n/messages/layout.ts,,pc.court.timeline.empty,아직 기록된 사건 타임라인이 없습니다.,No case timeline has been recorded yet.,まだ事件タイムラインは記録されていません。,尚未记录案件时间线。,"UI, system, panel, tooltip, or control label from i18n message bundle."
ui_i18n_message_src_i18n_messages_layout.ts_pc.court.timeline.mystery,ui_i18n_message,src/i18n/messages/layout.ts,,pc.court.timeline.mystery,이 시기에 무언가 있었을 것 같다,Something may have happened around this time.,この時期に何かがあったようです,这个时期似乎发生过什么,"UI, system, panel, tooltip, or control label from i18n message bundle."
ui_i18n_message_src_i18n_messages_layout.ts_pc.court.timeline.recent,ui_i18n_message,src/i18n/messages/layout.ts,,pc.court.timeline.recent,최근 ↑,Latest ↑,最新 ↑,最新 ↑,"UI, system, panel, tooltip, or control label from i18n message bundle."
ui_i18n_message_src_i18n_messages_layout.ts_pc.court.timeline.recentTitle,ui_i18n_message,src/i18n/messages/layout.ts,,pc.court.timeline.recentTitle,최근으로 이동,Jump to latest,最新へ移動,跳至最新,"UI, system, panel, tooltip, or control label from i18n message bundle."
ui_i18n_message_src_i18n_messages_layout.ts_pc.court.timeline.subtitleFallback,ui_i18n_message,src/i18n/messages/layout.ts,,pc.court.timeline.subtitleFallback,진행 중,In Progress,進行中,进行中,"UI, system, panel, tooltip, or control label from i18n message bundle."
ui_i18n_message_src_i18n_messages_layout.ts_pc.court.timeline.title,ui_i18n_message,src/i18n/messages/layout.ts,,pc.court.timeline.title,사건 타임라인,Case Timeline,事件タイムライン,案件时间线,"UI, system, panel, tooltip, or control label from i18n message bundle."
ui_i18n_message_src_i18n_messages_layout.ts_pc.court.turnPanel.currentPhase,ui_i18n_message,src/i18n/messages/layout.ts,,pc.court.turnPanel.currentPhase,현재 단계: {phase},Current phase: {phase},現在の段階：{phase},当前阶段：{phase},"UI, system, panel, tooltip, or control label from i18n message bundle."
ui_i18n_message_src_i18n_messages_layout.ts_pc.court.turnPanel.currentTurn,ui_i18n_message,src/i18n/messages/layout.ts,,pc.court.turnPanel.currentTurn,현재 턴: {turn},Current turn: {turn},現在のターン：{turn},当前回合：{turn},"UI, system, panel, tooltip, or control label from i18n message bundle."
ui_i18n_message_src_i18n_messages_layout.ts_pc.court.turnPanel.description,ui_i18n_message,src/i18n/messages/layout.ts,,pc.court.turnPanel.description,"질문, 증거 제시, 특수 행동, 반응 로그가 누적되는 흐름입니다.","Questions, evidence presentation, special actions, and response logs accumulate here.",質問、証拠提示、特殊行動、反応ログがここに蓄積されます。,提问、出示证据、特殊行动和反应日志会在此累积。,"UI, system, panel, tooltip, or control label from i18n message bundle."
ui_i18n_message_src_i18n_messages_layout.ts_pc.court.turnPanel.title,ui_i18n_message,src/i18n/messages/layout.ts,,pc.court.turnPanel.title,턴 진행 현황,Turn Progress,ターン進行状況,回合进度,"UI, system, panel, tooltip, or control label from i18n message bundle."
ui_i18n_message_src_i18n_messages_layout.ts_pc.dialogue.choiceJudgeDecision,ui_i18n_message,src/i18n/messages/layout.ts,,pc.dialogue.choiceJudgeDecision,재판관의 판단,Judge's Decision,裁判官の判断,裁判官的判断,"UI, system, panel, tooltip, or control label from i18n message bundle."
ui_i18n_message_src_i18n_messages_layout.ts_pc.dialogue.contradiction.action,ui_i18n_message,src/i18n/messages/layout.ts,,pc.dialogue.contradiction.action,추궁하기,Press,追及する,追问,"UI, system, panel, tooltip, or control label from i18n message bundle."
ui_i18n_message_src_i18n_messages_layout.ts_pc.dialogue.contradiction.bodyGeneric,ui_i18n_message,src/i18n/messages/layout.ts,,pc.dialogue.contradiction.bodyGeneric,{name}의 진술 흐름에서 어긋남이 감지되었습니다. 모순을 찌르면 다음 단서가 열릴 수 있습니다.,A mismatch was detected in {name} statement flow. Pressing the contradiction may unlock the next clue.,{name}の陳述の流れにずれが検出されました。矛盾を突くと次の手がかりが開く場合があります。,检测到{name}的陈述流程出现错位。追问矛盾可能开启下一条线索。,"UI, system, panel, tooltip, or control label from i18n message bundle."
ui_i18n_message_src_i18n_messages_layout.ts_pc.dialogue.contradiction.bodySafe,ui_i18n_message,src/i18n/messages/layout.ts,,pc.dialogue.contradiction.bodySafe,"이전 진술과 현재 진술 사이에서 모순이 감지되었습니다. 모순을 누적하면 거짓 상태가 흔들리고, 새로운 진술이나 단서가 열릴 수 있습니다.",A contradiction was detected between the previous and current statements. Accumulating contradictions can shake the lie state and unlock new statements or clues.,以前の陳述と現在の陳述の間に矛盾が検出されました。矛盾を重ねると虚偽状態が揺らぎ、新しい陳述や手がかりが開くことがあります。,检测到先前陈述与当前陈述之间存在矛盾。累积矛盾可能动摇谎言状态，并开启新的陈述或线索。,"UI, system, panel, tooltip, or control label from i18n message bundle."
ui_i18n_message_src_i18n_messages_layout.ts_pc.dialogue.contradiction.current,ui_i18n_message,src/i18n/messages/layout.ts,,pc.dialogue.contradiction.current,현재 발언 B,Current statement B,現在の発言B,当前发言B,"UI, system, panel, tooltip, or control label from i18n message bundle."
ui_i18n_message_src_i18n_messages_layout.ts_pc.dialogue.contradiction.done,ui_i18n_message,src/i18n/messages/layout.ts,,pc.dialogue.contradiction.done,추궁 완료,Pressed,追及完了,追问完成,"UI, system, panel, tooltip, or control label from i18n message bundle."
ui_i18n_message_src_i18n_messages_layout.ts_pc.dialogue.contradiction.previous,ui_i18n_message,src/i18n/messages/layout.ts,,pc.dialogue.contradiction.previous,이전 발언 A,Previous statement A,以前の発言A,先前发言A,"UI, system, panel, tooltip, or control label from i18n message bundle."
ui_i18n_message_src_i18n_messages_layout.ts_pc.dialogue.contradiction.pursue,ui_i18n_message,src/i18n/messages/layout.ts,,pc.dialogue.contradiction.pursue,모순을 찌른다,Press contradiction,矛盾を突く,追问矛盾,"UI, system, panel, tooltip, or control label from i18n message bundle."
ui_i18n_message_src_i18n_messages_layout.ts_pc.dialogue.contradiction.reasonTitle,ui_i18n_message,src/i18n/messages/layout.ts,,pc.dialogue.contradiction.reasonTitle,왜 어긋나는지,Why it conflicts,なぜ食い違うか,为何冲突,"UI, system, panel, tooltip, or control label from i18n message bundle."
ui_i18n_message_src_i18n_messages_layout.ts_pc.dialogue.contradiction.skip,ui_i18n_message,src/i18n/messages/layout.ts,,pc.dialogue.contradiction.skip,지금은 넘긴다,Skip for now,今は見送る,暂时跳过,"UI, system, panel, tooltip, or control label from i18n message bundle."
ui_i18n_message_src_i18n_messages_layout.ts_pc.dialogue.contradiction.subtitle,ui_i18n_message,src/i18n/messages/layout.ts,,pc.dialogue.contradiction.subtitle,{name} 진술 비교,Compare {name} statements,{name}の陳述比較,比较{name}的陈述,"UI, system, panel, tooltip, or control label from i18n message bundle."
ui_i18n_message_src_i18n_messages_layout.ts_pc.dialogue.contradiction.title,ui_i18n_message,src/i18n/messages/layout.ts,,pc.dialogue.contradiction.title,모순 발견,Contradiction Found,矛盾発見,发现矛盾,"UI, system, panel, tooltip, or control label from i18n message bundle."
ui_i18n_message_src_i18n_messages_layout.ts_pc.dialogue.depth.full,ui_i18n_message,src/i18n/messages/layout.ts,,pc.dialogue.depth.full,핵심,Core,核心,核心,"UI, system, panel, tooltip, or control label from i18n message bundle."
ui_i18n_message_src_i18n_messages_layout.ts_pc.dialogue.depth.partial,ui_i18n_message,src/i18n/messages/layout.ts,,pc.dialogue.depth.partial,부분,Partial,部分,部分,"UI, system, panel, tooltip, or control label from i18n message bundle."
ui_i18n_message_src_i18n_messages_layout.ts_pc.dialogue.depth.vague,ui_i18n_message,src/i18n/messages/layout.ts,,pc.dialogue.depth.vague,모호,Vague,曖昧,模糊,"UI, system, panel, tooltip, or control label from i18n message bundle."
ui_i18n_message_src_i18n_messages_layout.ts_pc.dialogue.empty,ui_i18n_message,src/i18n/messages/layout.ts,,pc.dialogue.empty,사건이 시작되면 대화가 이곳에 표시됩니다.,Dialogue will appear here once the case begins.,事件が始まると会話がここに表示されます。,案件开始后，对话会显示在这里。,"UI, system, panel, tooltip, or control label from i18n message bundle."
ui_i18n_message_src_i18n_messages_layout.ts_pc.dialogue.importantUtterance,ui_i18n_message,src/i18n/messages/layout.ts,,pc.dialogue.importantUtterance,중요 발언,Important Utterance,重要発言,重要发言,"UI, system, panel, tooltip, or control label from i18n message bundle."
ui_i18n_message_src_i18n_messages_layout.ts_pc.dialogue.loading,ui_i18n_message,src/i18n/messages/layout.ts,,pc.dialogue.loading,AI가 진술을 준비하고 있습니다...,AI is preparing the statement...,AIが陳述を準備しています...,AI 正在准备陈述...,"UI, system, panel, tooltip, or control label from i18n message bundle."
ui_i18n_message_src_i18n_messages_layout.ts_pc.dialogue.nextStatement,ui_i18n_message,src/i18n/messages/layout.ts,,pc.dialogue.nextStatement,다음 진술,Next Statement,次の陳述,下一段陈述,"UI, system, panel, tooltip, or control label from i18n message bundle."
ui_i18n_message_src_i18n_messages_layout.ts_pc.dialogue.notReady,ui_i18n_message,src/i18n/messages/layout.ts,,pc.dialogue.notReady,진술이 준비되지 않았습니다.,The statement is not ready.,陳述がまだ準備できていません。,陈述尚未准备好。,"UI, system, panel, tooltip, or control label from i18n message bundle."
ui_i18n_message_src_i18n_messages_layout.ts_pc.dialogue.pending.done,ui_i18n_message,src/i18n/messages/layout.ts,,pc.dialogue.pending.done,확인 완료,Checked,確認完了,确认完成,"UI, system, panel, tooltip, or control label from i18n message bundle."
ui_i18n_message_src_i18n_messages_layout.ts_pc.dialogue.pending.expired,ui_i18n_message,src/i18n/messages/layout.ts,,pc.dialogue.pending.expired,만료,Expired,期限切れ,已过期,"UI, system, panel, tooltip, or control label from i18n message bundle."
ui_i18n_message_src_i18n_messages_layout.ts_pc.dialogue.pending.now,ui_i18n_message,src/i18n/messages/layout.ts,,pc.dialogue.pending.now,지금 확인,Check now,今確認,立即确认,"UI, system, panel, tooltip, or control label from i18n message bundle."
ui_i18n_message_src_i18n_messages_layout.ts_pc.dialogue.privateStatement,ui_i18n_message,src/i18n/messages/layout.ts,,pc.dialogue.privateStatement,비공개 진술,Private Statement,非公開陳述,非公开陈述,"UI, system, panel, tooltip, or control label from i18n message bundle."
ui_i18n_message_src_i18n_messages_layout.ts_pc.dialogue.record,ui_i18n_message,src/i18n/messages/layout.ts,,pc.dialogue.record,발언 기록,Dialogue Record,発言記録,发言记录,"UI, system, panel, tooltip, or control label from i18n message bundle."
ui_i18n_message_src_i18n_messages_layout.ts_pc.disputeRibbon.close,ui_i18n_message,src/i18n/messages/layout.ts,,pc.disputeRibbon.close,쟁점 접기,Collapse Disputes,争点を折りたたむ,收起争议,"UI, system, panel, tooltip, or control label from i18n message bundle."
ui_i18n_message_src_i18n_messages_layout.ts_pc.disputeRibbon.label,ui_i18n_message,src/i18n/messages/layout.ts,,pc.disputeRibbon.label,쟁점,Disputes,争点,争议,"UI, system, panel, tooltip, or control label from i18n message bundle."
ui_i18n_message_src_i18n_messages_layout.ts_pc.disputeRibbon.open,ui_i18n_message,src/i18n/messages/layout.ts,,pc.disputeRibbon.open,쟁점 펼치기,Expand Disputes,争点を展開,展开争议,"UI, system, panel, tooltip, or control label from i18n message bundle."
ui_i18n_message_src_i18n_messages_layout.ts_pc.disputeRibbon.revealTruth,ui_i18n_message,src/i18n/messages/layout.ts,,pc.disputeRibbon.revealTruth,심문과 증거로 진실을 밝혀내세요.,Use questions and evidence to reveal the truth.,尋問と証拠で真相を明らかにしてください。,通过审问和证据揭示真相。,"UI, system, panel, tooltip, or control label from i18n message bundle."
ui_i18n_message_src_i18n_messages_layout.ts_pc.disputeRibbon.verdictProceed,ui_i18n_message,src/i18n/messages/layout.ts,,pc.disputeRibbon.verdictProceed,판결 진행,Proceed to Verdict,裁きへ進む,进入裁决,"UI, system, panel, tooltip, or control label from i18n message bundle."
ui_i18n_message_src_i18n_messages_layout.ts_pc.evidenceMeta.source.a,ui_i18n_message,src/i18n/messages/layout.ts,,pc.evidenceMeta.source.a,A측,Party A,A側,A方,"UI, system, panel, tooltip, or control label from i18n message bundle."
ui_i18n_message_src_i18n_messages_layout.ts_pc.evidenceMeta.source.b,ui_i18n_message,src/i18n/messages/layout.ts,,pc.evidenceMeta.source.b,B측,Party B,B側,B方,"UI, system, panel, tooltip, or control label from i18n message bundle."
ui_i18n_message_src_i18n_messages_layout.ts_pc.evidenceMeta.source.org,ui_i18n_message,src/i18n/messages/layout.ts,,pc.evidenceMeta.source.org,기관,Institution,機関,机构,"UI, system, panel, tooltip, or control label from i18n message bundle."
ui_i18n_message_src_i18n_messages_layout.ts_pc.evidenceMeta.source.third,ui_i18n_message,src/i18n/messages/layout.ts,,pc.evidenceMeta.source.third,제3자,Third Party,第三者,第三方,"UI, system, panel, tooltip, or control label from i18n message bundle."
ui_i18n_message_src_i18n_messages_layout.ts_pc.evidenceMeta.trust.high,ui_i18n_message,src/i18n/messages/layout.ts,,pc.evidenceMeta.trust.high,높음,High,高,高,"UI, system, panel, tooltip, or control label from i18n message bundle."
ui_i18n_message_src_i18n_messages_layout.ts_pc.evidenceMeta.trust.low,ui_i18n_message,src/i18n/messages/layout.ts,,pc.evidenceMeta.trust.low,낮음,Low,低,低,"UI, system, panel, tooltip, or control label from i18n message bundle."
ui_i18n_message_src_i18n_messages_layout.ts_pc.evidenceMeta.trust.mid,ui_i18n_message,src/i18n/messages/layout.ts,,pc.evidenceMeta.trust.mid,보통,Medium,中,中,"UI, system, panel, tooltip, or control label from i18n message bundle."
ui_i18n_message_src_i18n_messages_layout.ts_pc.evidenceViewer.closeTitle,ui_i18n_message,src/i18n/messages/layout.ts,,pc.evidenceViewer.closeTitle,닫기 (Esc),Close (Esc),閉じる (Esc),关闭 (Esc),"UI, system, panel, tooltip, or control label from i18n message bundle."
ui_i18n_message_src_i18n_messages_layout.ts_pc.evidenceViewer.fullOpen,ui_i18n_message,src/i18n/messages/layout.ts,,pc.evidenceViewer.fullOpen,전체 공개,Fully Open,全公開,全部公开,"UI, system, panel, tooltip, or control label from i18n message bundle."
ui_i18n_message_src_i18n_messages_layout.ts_pc.evidenceViewer.investigationBody,ui_i18n_message,src/i18n/messages/layout.ts,,pc.evidenceViewer.investigationBody,증거를 조사하면 열람 내용과 제시 질문이 단계적으로 열립니다.,Investigating evidence gradually unlocks viewable details and presentation questions.,証拠を調査すると、閲覧内容と提示質問が段階的に開きます。,调查证据后，阅览内容和出示问题会分阶段解锁。,"UI, system, panel, tooltip, or control label from i18n message bundle."
ui_i18n_message_src_i18n_messages_layout.ts_pc.evidenceViewer.investigationTitle,ui_i18n_message,src/i18n/messages/layout.ts,,pc.evidenceViewer.investigationTitle,증거 조사,Evidence Investigation,証拠調査,证据调查,"UI, system, panel, tooltip, or control label from i18n message bundle."
ui_i18n_message_src_i18n_messages_layout.ts_pc.evidenceViewer.lockedBody,ui_i18n_message,src/i18n/messages/layout.ts,,pc.evidenceViewer.lockedBody,증거를 조사하면 내용이 공개됩니다. 첫 조사는 토큰을 소모하지 않습니다.,Investigate this evidence to reveal its contents. The first investigation costs no token.,証拠を調査すると内容が公開されます。最初の調査はトークンを消費しません。,调查证据后将公开内容。首次调查不消耗代币。,"UI, system, panel, tooltip, or control label from i18n message bundle."
ui_i18n_message_src_i18n_messages_layout.ts_pc.evidenceViewer.lockedTitle,ui_i18n_message,src/i18n/messages/layout.ts,,pc.evidenceViewer.lockedTitle,아직 열람할 수 없습니다,Nothing to view yet,まだ閲覧できません,尚无法阅览,"UI, system, panel, tooltip, or control label from i18n message bundle."
ui_i18n_message_src_i18n_messages_layout.ts_pc.evidenceViewer.missingData,ui_i18n_message,src/i18n/messages/layout.ts,,pc.evidenceViewer.missingData,상세 열람 데이터가 아직 준비되지 않았습니다.,Detailed viewer data is not ready yet.,詳細閲覧データはまだ準備されていません。,详细阅览数据尚未准备。,"UI, system, panel, tooltip, or control label from i18n message bundle."
ui_i18n_message_src_i18n_messages_layout.ts_pc.evidenceViewer.openInvestigation,ui_i18n_message,src/i18n/messages/layout.ts,,pc.evidenceViewer.openInvestigation,증거조사 바로가기,Open Investigation,証拠調査へ,前往证据调查,"UI, system, panel, tooltip, or control label from i18n message bundle."
ui_i18n_message_src_i18n_messages_layout.ts_pc.evidenceViewer.partialOpen,ui_i18n_message,src/i18n/messages/layout.ts,,pc.evidenceViewer.partialOpen,부분 공개,Partial,一部公開,部分公开,"UI, system, panel, tooltip, or control label from i18n message bundle."
ui_i18n_message_src_i18n_messages_layout.ts_pc.evidenceViewer.stageAria,ui_i18n_message,src/i18n/messages/layout.ts,,pc.evidenceViewer.stageAria,조사 {current}단계 / {total}단계,Investigation {current} / {total},調査 {current}段階 / {total}段階,调查 {current}阶段 / {total}阶段,"UI, system, panel, tooltip, or control label from i18n message bundle."
ui_i18n_message_src_i18n_messages_layout.ts_pc.evidenceViewer.stageLabel,ui_i18n_message,src/i18n/messages/layout.ts,,pc.evidenceViewer.stageLabel,조사 {current}단계 / {total}단계,Investigation {current} / {total},調査 {current}段階 / {total}段階,调查 {current}阶段 / {total}阶段,"UI, system, panel, tooltip, or control label from i18n message bundle."
ui_i18n_message_src_i18n_messages_layout.ts_pc.evidenceViewer.untranslatedData,ui_i18n_message,src/i18n/messages/layout.ts,,pc.evidenceViewer.untranslatedData,Localized evidence-viewer data is not ready yet.,Localized evidence-viewer data is not ready yet.,ローカライズ済みの証拠閲覧データはまだ準備されていません。,本地化证据阅览数据尚未准备。,"UI, system, panel, tooltip, or control label from i18n message bundle."
ui_i18n_message_src_i18n_messages_layout.ts_pc.interaction.actionSelect,ui_i18n_message,src/i18n/messages/layout.ts,,pc.interaction.actionSelect,ACTION SELECT,ACTION SELECT,ACTION SELECT,ACTION SELECT,"UI, system, panel, tooltip, or control label from i18n message bundle."
ui_i18n_message_src_i18n_messages_layout.ts_pc.interaction.ageOccupation,ui_i18n_message,src/i18n/messages/layout.ts,,pc.interaction.ageOccupation,{age}세 · {occupation},Age {age} · {occupation},{age}歳 · {occupation},{age}岁 · {occupation},"UI, system, panel, tooltip, or control label from i18n message bundle."
ui_i18n_message_src_i18n_messages_layout.ts_pc.interaction.cannotMove,ui_i18n_message,src/i18n/messages/layout.ts,,pc.interaction.cannotMove,이동 불가,Cannot Move,移動不可,无法移动,"UI, system, panel, tooltip, or control label from i18n message bundle."
ui_i18n_message_src_i18n_messages_layout.ts_pc.interaction.caseSummary,ui_i18n_message,src/i18n/messages/layout.ts,,pc.interaction.caseSummary,사건 요약,Case Summary,事件要約,案件摘要,"UI, system, panel, tooltip, or control label from i18n message bundle."
ui_i18n_message_src_i18n_messages_layout.ts_pc.interaction.chooseDispute,ui_i18n_message,src/i18n/messages/layout.ts,,pc.interaction.chooseDispute,쟁점 이동,Move Dispute,争点移動,移动争议,"UI, system, panel, tooltip, or control label from i18n message bundle."
ui_i18n_message_src_i18n_messages_layout.ts_pc.interaction.chooseDisputeBody,ui_i18n_message,src/i18n/messages/layout.ts,,pc.interaction.chooseDisputeBody,이동할 쟁점을 선택하세요.,Choose the dispute to move to.,移動する争点を選んでください。,请选择要移动到的争议。,"UI, system, panel, tooltip, or control label from i18n message bundle."
ui_i18n_message_src_i18n_messages_layout.ts_pc.interaction.dialogueRecord,ui_i18n_message,src/i18n/messages/layout.ts,,pc.interaction.dialogueRecord,발언 기록,Statement Record,発言記録,发言记录,"UI, system, panel, tooltip, or control label from i18n message bundle."
ui_i18n_message_src_i18n_messages_layout.ts_pc.interaction.directPresent,ui_i18n_message,src/i18n/messages/layout.ts,,pc.interaction.directPresent,증거만 제시,Present Evidence Only,証拠だけ提示,仅出示证据,"UI, system, panel, tooltip, or control label from i18n message bundle."
ui_i18n_message_src_i18n_messages_layout.ts_pc.interaction.disputeCount,ui_i18n_message,src/i18n/messages/layout.ts,,pc.interaction.disputeCount,{count}개 쟁점,{count} disputes,争点 {count}件,{count}个争议,"UI, system, panel, tooltip, or control label from i18n message bundle."
ui_i18n_message_src_i18n_messages_layout.ts_pc.interaction.disputeInfo,ui_i18n_message,src/i18n/messages/layout.ts,,pc.interaction.disputeInfo,쟁점 정보,Dispute Info,争点情報,争议信息,"UI, system, panel, tooltip, or control label from i18n message bundle."
ui_i18n_message_src_i18n_messages_layout.ts_pc.interaction.disputeList,ui_i18n_message,src/i18n/messages/layout.ts,,pc.interaction.disputeList,쟁점 목록,Dispute List,争点一覧,争议列表,"UI, system, panel, tooltip, or control label from i18n message bundle."
ui_i18n_message_src_i18n_messages_layout.ts_pc.interaction.disputeNumber,ui_i18n_message,src/i18n/messages/layout.ts,,pc.interaction.disputeNumber,쟁점 {number},Dispute {number},争点 {number},争议 {number},"UI, system, panel, tooltip, or control label from i18n message bundle."
ui_i18n_message_src_i18n_messages_layout.ts_pc.interaction.evidenceCount,ui_i18n_message,src/i18n/messages/layout.ts,,pc.interaction.evidenceCount,{count}개 증거,{count} evidence,証拠 {count}件,{count}项证据,"UI, system, panel, tooltip, or control label from i18n message bundle."
ui_i18n_message_src_i18n_messages_layout.ts_pc.interaction.evidenceNeedsInvestigation,ui_i18n_message,src/i18n/messages/layout.ts,,pc.interaction.evidenceNeedsInvestigation,증거를 1단계 이상 조사한 뒤 제시할 수 있습니다.,Investigate this evidence at least one stage before presenting it.,証拠を1段階以上調査してから提示できます。,证据至少调查1阶段后才能出示。,"UI, system, panel, tooltip, or control label from i18n message bundle."
ui_i18n_message_src_i18n_messages_layout.ts_pc.interaction.evidenceOtherParty,ui_i18n_message,src/i18n/messages/layout.ts,,pc.interaction.evidenceOtherParty,{otherParty} 쪽 증거라 {party}에게는 바로 제시할 수 없습니다.,"This is evidence for {otherParty}, so it cannot be presented directly to {party}.",{otherParty}側の証拠のため、{party}には直接提示できません。,这是{otherParty}一方的证据，不能直接出示给{party}。,"UI, system, panel, tooltip, or control label from i18n message bundle."
ui_i18n_message_src_i18n_messages_layout.ts_pc.interaction.evidencePromptBody,ui_i18n_message,src/i18n/messages/layout.ts,,pc.interaction.evidencePromptBody,{party}에게 이 증거를 어떤 관점으로 던질지 고르세요.,Choose the angle for presenting this evidence to {party}.,{party}にこの証拠をどの観点で突きつけるか選んでください。,请选择要以什么角度向{party}出示这项证据。,"UI, system, panel, tooltip, or control label from i18n message bundle."
ui_i18n_message_src_i18n_messages_layout.ts_pc.interaction.evidenceStageAnswered,ui_i18n_message,src/i18n/messages/layout.ts,,pc.interaction.evidenceStageAnswered,조사 {stage}단계 답변은 이미 받았습니다. 다음 조사 단계가 열리면 다시 제시할 수 있습니다.,Stage {stage} investigation answer has already been received. Present again when the next stage opens.,調査{stage}段階の回答はすでに得ています。次の調査段階が開いたら再提示できます。,调查{stage}阶段的回答已经取得。下一调查阶段开启后可以再次出示。,"UI, system, panel, tooltip, or control label from i18n message bundle."
ui_i18n_message_src_i18n_messages_layout.ts_pc.interaction.goto,ui_i18n_message,src/i18n/messages/layout.ts,,pc.interaction.goto,바로가기,Go To,移動,跳转,"UI, system, panel, tooltip, or control label from i18n message bundle."
ui_i18n_message_src_i18n_messages_layout.ts_pc.interaction.gotoMessage,ui_i18n_message,src/i18n/messages/layout.ts,,pc.interaction.gotoMessage,해당 메시지로 이동,Move to this message,このメッセージへ移動,跳转到该消息,"UI, system, panel, tooltip, or control label from i18n message bundle."
ui_i18n_message_src_i18n_messages_layout.ts_pc.interaction.implication,ui_i18n_message,src/i18n/messages/layout.ts,,pc.interaction.implication,의미,Implication,意味,含义,"UI, system, panel, tooltip, or control label from i18n message bundle."
ui_i18n_message_src_i18n_messages_layout.ts_pc.interaction.insufficientSkill,ui_i18n_message,src/i18n/messages/layout.ts,,pc.interaction.insufficientSkill,스킬 포인트가 부족합니다.,Not enough Skill Points.,スキルポイントが不足しています。,技能点不足。,"UI, system, panel, tooltip, or control label from i18n message bundle."
ui_i18n_message_src_i18n_messages_layout.ts_pc.interaction.investigate,ui_i18n_message,src/i18n/messages/layout.ts,,pc.interaction.investigate,조사 시도,Investigate,調査する,尝试调查,"UI, system, panel, tooltip, or control label from i18n message bundle."
ui_i18n_message_src_i18n_messages_layout.ts_pc.interaction.investigationNeeded,ui_i18n_message,src/i18n/messages/layout.ts,,pc.interaction.investigationNeeded,조사 필요,Investigation Needed,調査が必要,需要调查,"UI, system, panel, tooltip, or control label from i18n message bundle."
ui_i18n_message_src_i18n_messages_layout.ts_pc.interaction.investigationStage,ui_i18n_message,src/i18n/messages/layout.ts,,pc.interaction.investigationStage,조사 단계,Investigation Stage,調査段階,调查阶段,"UI, system, panel, tooltip, or control label from i18n message bundle."
ui_i18n_message_src_i18n_messages_layout.ts_pc.interaction.irrelevantQuestion,ui_i18n_message,src/i18n/messages/layout.ts,,pc.interaction.irrelevantQuestion,쟁점과 직접 연결되지 않는 질문입니다.,This question is not directly connected to a dispute.,争点と直接つながらない質問です。,该问题与争议没有直接关联。,"UI, system, panel, tooltip, or control label from i18n message bundle."
ui_i18n_message_src_i18n_messages_layout.ts_pc.interaction.latestEvidence,ui_i18n_message,src/i18n/messages/layout.ts,,pc.interaction.latestEvidence,최근 증거 열람,Open Latest Evidence,最新証拠を開く,打开最近证据,"UI, system, panel, tooltip, or control label from i18n message bundle."
ui_i18n_message_src_i18n_messages_layout.ts_pc.interaction.linkedCount,ui_i18n_message,src/i18n/messages/layout.ts,,pc.interaction.linkedCount,{count}개 연결,{count} linked,連結 {count}件,{count}项关联,"UI, system, panel, tooltip, or control label from i18n message bundle."
ui_i18n_message_src_i18n_messages_layout.ts_pc.interaction.linkedEvidence,ui_i18n_message,src/i18n/messages/layout.ts,,pc.interaction.linkedEvidence,연결 증거,Linked Evidence,関連証拠,关联证据,"UI, system, panel, tooltip, or control label from i18n message bundle."
ui_i18n_message_src_i18n_messages_layout.ts_pc.interaction.majorDispute,ui_i18n_message,src/i18n/messages/layout.ts,,pc.interaction.majorDispute,주요 쟁점,Major Dispute,主要争点,主要争议,"UI, system, panel, tooltip, or control label from i18n message bundle."
ui_i18n_message_src_i18n_messages_layout.ts_pc.interaction.noAvailableSelection,ui_i18n_message,src/i18n/messages/layout.ts,,pc.interaction.noAvailableSelection,선택 불가,Unavailable,選択不可,不可选择,"UI, system, panel, tooltip, or control label from i18n message bundle."
ui_i18n_message_src_i18n_messages_layout.ts_pc.interaction.noCase,ui_i18n_message,src/i18n/messages/layout.ts,,pc.interaction.noCase,현재 선택된 사건이 없습니다.,No case is currently selected.,現在選択中の事件はありません。,当前没有选择案件。,"UI, system, panel, tooltip, or control label from i18n message bundle."
ui_i18n_message_src_i18n_messages_layout.ts_pc.interaction.noLinkedEvidence,ui_i18n_message,src/i18n/messages/layout.ts,,pc.interaction.noLinkedEvidence,아직 연결된 증거가 없습니다.,No linked evidence yet.,まだ関連証拠はありません。,尚无关联证据。,"UI, system, panel, tooltip, or control label from i18n message bundle."
ui_i18n_message_src_i18n_messages_layout.ts_pc.interaction.noOtherDispute,ui_i18n_message,src/i18n/messages/layout.ts,,pc.interaction.noOtherDispute,이동할 다른 쟁점이 없습니다.,There is no other dispute to move to.,移動できる別の争点はありません。,没有其他可移动的争议。,"UI, system, panel, tooltip, or control label from i18n message bundle."
ui_i18n_message_src_i18n_messages_layout.ts_pc.interaction.noRecommendedQuestion,ui_i18n_message,src/i18n/messages/layout.ts,,pc.interaction.noRecommendedQuestion,추천 질문 없음,No recommended question,推奨質問なし,无推荐问题,"UI, system, panel, tooltip, or control label from i18n message bundle."
ui_i18n_message_src_i18n_messages_layout.ts_pc.interaction.noRelevantEvidence,ui_i18n_message,src/i18n/messages/layout.ts,,pc.interaction.noRelevantEvidence,현재 쟁점과 대상에 바로 연결된 증거가 없습니다.,No evidence is directly linked to the current dispute and target.,現在の争点と対象に直接つながる証拠はありません。,当前争议和对象没有可直接关联的证据。,"UI, system, panel, tooltip, or control label from i18n message bundle."
ui_i18n_message_src_i18n_messages_layout.ts_pc.interaction.notTarget,ui_i18n_message,src/i18n/messages/layout.ts,,pc.interaction.notTarget,{party} (대상 아님),{party} (not target),{party}（対象外）,{party}（非对象）,"UI, system, panel, tooltip, or control label from i18n message bundle."
ui_i18n_message_src_i18n_messages_layout.ts_pc.interaction.openEvidence,ui_i18n_message,src/i18n/messages/layout.ts,,pc.interaction.openEvidence,증거 열람,Open Evidence,証拠を開く,查看证据,"UI, system, panel, tooltip, or control label from i18n message bundle."
ui_i18n_message_src_i18n_messages_layout.ts_pc.interaction.partyA,ui_i18n_message,src/i18n/messages/layout.ts,,pc.interaction.partyA,당사자 A,Party A,当事者A,当事人A,"UI, system, panel, tooltip, or control label from i18n message bundle."
ui_i18n_message_src_i18n_messages_layout.ts_pc.interaction.partyB,ui_i18n_message,src/i18n/messages/layout.ts,,pc.interaction.partyB,당사자 B,Party B,当事者B,当事人B,"UI, system, panel, tooltip, or control label from i18n message bundle."
ui_i18n_message_src_i18n_messages_layout.ts_pc.interaction.phase,ui_i18n_message,src/i18n/messages/layout.ts,,pc.interaction.phase,진행 단계,Phase,進行段階,进行阶段,"UI, system, panel, tooltip, or control label from i18n message bundle."
ui_i18n_message_src_i18n_messages_layout.ts_pc.interaction.preparing,ui_i18n_message,src/i18n/messages/layout.ts,,pc.interaction.preparing,준비 중,Preparing,準備中,准备中,"UI, system, panel, tooltip, or control label from i18n message bundle."
ui_i18n_message_src_i18n_messages_layout.ts_pc.interaction.presentAfterInvestigation,ui_i18n_message,src/i18n/messages/layout.ts,,pc.interaction.presentAfterInvestigation,조사 후 제시 가능,Can present after investigation,調査後に提示可能,调查后可出示,"UI, system, panel, tooltip, or control label from i18n message bundle."
ui_i18n_message_src_i18n_messages_layout.ts_pc.interaction.presentDone,ui_i18n_message,src/i18n/messages/layout.ts,,pc.interaction.presentDone,{party} 조사 {stage}단계 답변 완료,{party} stage {stage} answer complete,{party} 調査{stage}段階回答完了,{party} 调查{stage}阶段回答完成,"UI, system, panel, tooltip, or control label from i18n message bundle."
ui_i18n_message_src_i18n_messages_layout.ts_pc.interaction.presentEvidence,ui_i18n_message,src/i18n/messages/layout.ts,,pc.interaction.presentEvidence,증거 제시,Present Evidence,証拠提示,出示证据,"UI, system, panel, tooltip, or control label from i18n message bundle."
ui_i18n_message_src_i18n_messages_layout.ts_pc.interaction.presentToParty,ui_i18n_message,src/i18n/messages/layout.ts,,pc.interaction.presentToParty,{party}에게 제시,Present to {party},{party}に提示,向{party}出示,"UI, system, panel, tooltip, or control label from i18n message bundle."
ui_i18n_message_src_i18n_messages_layout.ts_pc.interaction.presentWay,ui_i18n_message,src/i18n/messages/layout.ts,,pc.interaction.presentWay,제시 방식 선택,Select Presentation Method,提示方法を選択,选择出示方式,"UI, system, panel, tooltip, or control label from i18n message bundle."
ui_i18n_message_src_i18n_messages_layout.ts_pc.interaction.recommendedQuestion,ui_i18n_message,src/i18n/messages/layout.ts,,pc.interaction.recommendedQuestion,추천 질문,Recommended Question,推奨質問,推荐问题,"UI, system, panel, tooltip, or control label from i18n message bundle."
ui_i18n_message_src_i18n_messages_layout.ts_pc.interaction.relatedDisputeAria,ui_i18n_message,src/i18n/messages/layout.ts,,pc.interaction.relatedDisputeAria,관련 쟁점,Related disputes,関連争点,相关争议,"UI, system, panel, tooltip, or control label from i18n message bundle."
ui_i18n_message_src_i18n_messages_layout.ts_pc.interaction.relationship,ui_i18n_message,src/i18n/messages/layout.ts,,pc.interaction.relationship,관계 유형,Relationship Type,関係タイプ,关系类型,"UI, system, panel, tooltip, or control label from i18n message bundle."
ui_i18n_message_src_i18n_messages_layout.ts_pc.interaction.representativeEvidence,ui_i18n_message,src/i18n/messages/layout.ts,,pc.interaction.representativeEvidence,대표 증거 열람,Open Representative Evidence,代表証拠を開く,打开代表证据,"UI, system, panel, tooltip, or control label from i18n message bundle."
ui_i18n_message_src_i18n_messages_layout.ts_pc.interaction.secondaryCrack,ui_i18n_message,src/i18n/messages/layout.ts,,pc.interaction.secondaryCrack,추가 균열 감지: {disputeId},Additional break detected: {disputeId},追加の揺らぎを検知：{disputeId},检测到追加破绽：{disputeId},"UI, system, panel, tooltip, or control label from i18n message bundle."
ui_i18n_message_src_i18n_messages_layout.ts_pc.interaction.selectEvidenceBody,ui_i18n_message,src/i18n/messages/layout.ts,,pc.interaction.selectEvidenceBody,상대방에게 던질 증거를 고르세요.,Choose the evidence to press against the other party.,相手に突きつける証拠を選んでください。,请选择要向对方出示的证据。,"UI, system, panel, tooltip, or control label from i18n message bundle."
ui_i18n_message_src_i18n_messages_layout.ts_pc.interaction.selectMessage,ui_i18n_message,src/i18n/messages/layout.ts,,pc.interaction.selectMessage,제시 메시지 선택,Select Presentation Message,提示メッセージ選択,选择出示信息,"UI, system, panel, tooltip, or control label from i18n message bundle."
ui_i18n_message_src_i18n_messages_layout.ts_pc.interaction.stageLocked,ui_i18n_message,src/i18n/messages/layout.ts,,pc.interaction.stageLocked,조사 단계 {stage} - 해금 필요,Investigation Stage {stage} - Locked,調査段階 {stage} - 解放が必要,调查阶段 {stage} - 需要解锁,"UI, system, panel, tooltip, or control label from i18n message bundle."
ui_i18n_message_src_i18n_messages_layout.ts_pc.interaction.stageSuffix,ui_i18n_message,src/i18n/messages/layout.ts,,pc.interaction.stageSuffix,조사 {stage}단계,Investigation Stage {stage},調査{stage}段階,调查{stage}阶段,"UI, system, panel, tooltip, or control label from i18n message bundle."
ui_i18n_message_src_i18n_messages_layout.ts_pc.interaction.summonToast,ui_i18n_message,src/i18n/messages/layout.ts,,pc.interaction.summonToast,증인 소환: {name},Witness summoned: {name},証人召喚：{name},证人传唤：{name},"UI, system, panel, tooltip, or control label from i18n message bundle."
ui_i18n_message_src_i18n_messages_layout.ts_pc.interaction.targetChange,ui_i18n_message,src/i18n/messages/layout.ts,,pc.interaction.targetChange,대상 변경,Change Target,対象変更,更换对象,"UI, system, panel, tooltip, or control label from i18n message bundle."
ui_i18n_message_src_i18n_messages_layout.ts_pc.interaction.targetInfo,ui_i18n_message,src/i18n/messages/layout.ts,,pc.interaction.targetInfo,대상 정보,Target Info,対象情報,对象信息,"UI, system, panel, tooltip, or control label from i18n message bundle."
ui_i18n_message_src_i18n_messages_layout.ts_pc.interaction.turn,ui_i18n_message,src/i18n/messages/layout.ts,,pc.interaction.turn,턴,Turn,ターン,回合,"UI, system, panel, tooltip, or control label from i18n message bundle."
ui_i18n_message_src_i18n_messages_layout.ts_pc.interaction.unlockedEvidence,ui_i18n_message,src/i18n/messages/layout.ts,,pc.interaction.unlockedEvidence,해금 증거,Unlocked Evidence,解放証拠,已解锁证据,"UI, system, panel, tooltip, or control label from i18n message bundle."
ui_i18n_message_src_i18n_messages_layout.ts_pc.interaction.viewCurrentDispute,ui_i18n_message,src/i18n/messages/layout.ts,,pc.interaction.viewCurrentDispute,현재 쟁점 보기,View Current Dispute,現在の争点を見る,查看当前争议,"UI, system, panel, tooltip, or control label from i18n message bundle."
ui_i18n_message_src_i18n_messages_layout.ts_pc.interaction.watchingDispute,ui_i18n_message,src/i18n/messages/layout.ts,,pc.interaction.watchingDispute,현재 주시 쟁점,Current Focus,現在注視中の争点,当前关注争议,"UI, system, panel, tooltip, or control label from i18n message bundle."
ui_i18n_message_src_i18n_messages_layout.ts_pc.interaction.witnessAdditional,ui_i18n_message,src/i18n/messages/layout.ts,,pc.interaction.witnessAdditional,추가 심문,Follow-up,追加尋問,追加审问,"UI, system, panel, tooltip, or control label from i18n message bundle."
ui_i18n_message_src_i18n_messages_layout.ts_pc.interaction.witnessDefaultScope,ui_i18n_message,src/i18n/messages/layout.ts,,pc.interaction.witnessDefaultScope,관련 사실에 대해 알고 있음,Knows related facts,関連事実を知っています,了解相关事实,"UI, system, panel, tooltip, or control label from i18n message bundle."
ui_i18n_message_src_i18n_messages_layout.ts_pc.interaction.witnessInstitution,ui_i18n_message,src/i18n/messages/layout.ts,,pc.interaction.witnessInstitution,기관 증인,Institutional Witness,機関証人,机构证人,"UI, system, panel, tooltip, or control label from i18n message bundle."
ui_i18n_message_src_i18n_messages_layout.ts_pc.interaction.witnessLocked,ui_i18n_message,src/i18n/messages/layout.ts,,pc.interaction.witnessLocked,잠김,Locked,ロック,锁定,"UI, system, panel, tooltip, or control label from i18n message bundle."
ui_i18n_message_src_i18n_messages_layout.ts_pc.interaction.witnessLockedScope,ui_i18n_message,src/i18n/messages/layout.ts,,pc.interaction.witnessLockedScope,조합으로 단서를 확보해야 소환할 수 있습니다.,Secure a clue through combination before summoning.,組み合わせで手がかりを確保すると召喚できます。,通过组合取得线索后才能传唤。,"UI, system, panel, tooltip, or control label from i18n message bundle."
ui_i18n_message_src_i18n_messages_layout.ts_pc.interaction.witnessRelated,ui_i18n_message,src/i18n/messages/layout.ts,,pc.interaction.witnessRelated,관련인,Related Person,関係者,相关人,"UI, system, panel, tooltip, or control label from i18n message bundle."
ui_i18n_message_src_i18n_messages_layout.ts_pc.interaction.witnessSummon,ui_i18n_message,src/i18n/messages/layout.ts,,pc.interaction.witnessSummon,{name} 소환,Summon {name},{name}を召喚,传唤{name},"UI, system, panel, tooltip, or control label from i18n message bundle."
ui_i18n_message_src_i18n_messages_layout.ts_pc.interaction.witnessSummonButton,ui_i18n_message,src/i18n/messages/layout.ts,,pc.interaction.witnessSummonButton,소환,Summon,召喚,传唤,"UI, system, panel, tooltip, or control label from i18n message bundle."
ui_i18n_message_src_i18n_messages_layout.ts_pc.left.combo.evidencePartner,ui_i18n_message,src/i18n/messages/layout.ts,,pc.left.combo.evidencePartner,증거 {count},Evidence {count},証拠 {count},证据 {count},"UI, system, panel, tooltip, or control label from i18n message bundle."
ui_i18n_message_src_i18n_messages_layout.ts_pc.left.combo.partnerCandidates,ui_i18n_message,src/i18n/messages/layout.ts,,pc.left.combo.partnerCandidates,짝 후보: {items},Partner candidates: {items},組み合わせ候補: {items},组合候选: {items},"UI, system, panel, tooltip, or control label from i18n message bundle."
ui_i18n_message_src_i18n_messages_layout.ts_pc.left.combo.statementPartner,ui_i18n_message,src/i18n/messages/layout.ts,,pc.left.combo.statementPartner,발언 {count},Statement {count},発言 {count},发言 {count},"UI, system, panel, tooltip, or control label from i18n message bundle."
ui_i18n_message_src_i18n_messages_layout.ts_pc.left.evidence.file,ui_i18n_message,src/i18n/messages/layout.ts,,pc.left.evidence.file,증거 파일,Evidence File,証拠ファイル,证据文件,"UI, system, panel, tooltip, or control label from i18n message bundle."
ui_i18n_message_src_i18n_messages_layout.ts_pc.left.evidence.foundContent,ui_i18n_message,src/i18n/messages/layout.ts,,pc.left.evidence.foundContent,발견한 내용:,Found content:,発見内容:,发现内容:,"UI, system, panel, tooltip, or control label from i18n message bundle."
ui_i18n_message_src_i18n_messages_layout.ts_pc.left.evidence.help,ui_i18n_message,src/i18n/messages/layout.ts,,pc.left.evidence.help,단서는 심문 진행 또는 증거 제시 이후 추가로 등장합니다,Clues appear as interrogation progresses or after evidence is presented.,手がかりは尋問の進行や証拠提示後に追加されます。,线索会在审问推进或出示证据后追加出现。,"UI, system, panel, tooltip, or control label from i18n message bundle."
ui_i18n_message_src_i18n_messages_layout.ts_pc.left.evidence.interrogationOnly,ui_i18n_message,src/i18n/messages/layout.ts,,pc.left.evidence.interrogationOnly,심문 단계부터 증거를 다룰 수 있습니다.,Evidence can be handled from the interrogation phase.,証拠は尋問段階から扱えます。,从审问阶段开始可以处理证据。,"UI, system, panel, tooltip, or control label from i18n message bundle."
ui_i18n_message_src_i18n_messages_layout.ts_pc.left.evidence.lockedCount,ui_i18n_message,src/i18n/messages/layout.ts,,pc.left.evidence.lockedCount,잠금 {count},{count} locked,ロック {count},锁定 {count},"UI, system, panel, tooltip, or control label from i18n message bundle."
ui_i18n_message_src_i18n_messages_layout.ts_pc.left.evidence.open,ui_i18n_message,src/i18n/messages/layout.ts,,pc.left.evidence.open,증거 열람,Open Evidence,証拠を開く,打开证据,"UI, system, panel, tooltip, or control label from i18n message bundle."
ui_i18n_message_src_i18n_messages_layout.ts_pc.left.evidence.record,ui_i18n_message,src/i18n/messages/layout.ts,,pc.left.evidence.record,기록,Record,記録,记录,"UI, system, panel, tooltip, or control label from i18n message bundle."
ui_i18n_message_src_i18n_messages_layout.ts_pc.left.evidence.title,ui_i18n_message,src/i18n/messages/layout.ts,,pc.left.evidence.title,증거 수첩,Evidence Notebook,証拠ノート,证据笔记,"UI, system, panel, tooltip, or control label from i18n message bundle."
ui_i18n_message_src_i18n_messages_layout.ts_pc.left.evidenceType.audio,ui_i18n_message,src/i18n/messages/layout.ts,,pc.left.evidenceType.audio,오디오,Audio,音声,音频,"UI, system, panel, tooltip, or control label from i18n message bundle."
ui_i18n_message_src_i18n_messages_layout.ts_pc.left.evidenceType.bank,ui_i18n_message,src/i18n/messages/layout.ts,,pc.left.evidenceType.bank,금융,Finance,金融,金融,"UI, system, panel, tooltip, or control label from i18n message bundle."
ui_i18n_message_src_i18n_messages_layout.ts_pc.left.evidenceType.cctv,ui_i18n_message,src/i18n/messages/layout.ts,,pc.left.evidenceType.cctv,영상,Video,映像,影像,"UI, system, panel, tooltip, or control label from i18n message bundle."
ui_i18n_message_src_i18n_messages_layout.ts_pc.left.evidenceType.chat,ui_i18n_message,src/i18n/messages/layout.ts,,pc.left.evidenceType.chat,메신저,Messenger,メッセンジャー,聊天,"UI, system, panel, tooltip, or control label from i18n message bundle."
ui_i18n_message_src_i18n_messages_layout.ts_pc.left.evidenceType.cloud_log,ui_i18n_message,src/i18n/messages/layout.ts,,pc.left.evidenceType.cloud_log,클라우드 로그,Cloud Log,クラウドログ,云日志,"UI, system, panel, tooltip, or control label from i18n message bundle."
ui_i18n_message_src_i18n_messages_layout.ts_pc.left.evidenceType.contract,ui_i18n_message,src/i18n/messages/layout.ts,,pc.left.evidenceType.contract,계약,Contract,契約,合同,"UI, system, panel, tooltip, or control label from i18n message bundle."
ui_i18n_message_src_i18n_messages_layout.ts_pc.left.evidenceType.dashcam,ui_i18n_message,src/i18n/messages/layout.ts,,pc.left.evidenceType.dashcam,블랙박스,Dashcam,ドライブレコーダー,行车记录,"UI, system, panel, tooltip, or control label from i18n message bundle."
ui_i18n_message_src_i18n_messages_layout.ts_pc.left.evidenceType.delivery_record,ui_i18n_message,src/i18n/messages/layout.ts,,pc.left.evidenceType.delivery_record,배달 기록,Delivery Record,配達記録,配送记录,"UI, system, panel, tooltip, or control label from i18n message bundle."
ui_i18n_message_src_i18n_messages_layout.ts_pc.left.evidenceType.device,ui_i18n_message,src/i18n/messages/layout.ts,,pc.left.evidenceType.device,기기,Device,端末,设备,"UI, system, panel, tooltip, or control label from i18n message bundle."
ui_i18n_message_src_i18n_messages_layout.ts_pc.left.evidenceType.device_log,ui_i18n_message,src/i18n/messages/layout.ts,,pc.left.evidenceType.device_log,기기 로그,Device Log,端末ログ,设备日志,"UI, system, panel, tooltip, or control label from i18n message bundle."
ui_i18n_message_src_i18n_messages_layout.ts_pc.left.evidenceType.document,ui_i18n_message,src/i18n/messages/layout.ts,,pc.left.evidenceType.document,문서,Document,文書,文档,"UI, system, panel, tooltip, or control label from i18n message bundle."
ui_i18n_message_src_i18n_messages_layout.ts_pc.left.evidenceType.email,ui_i18n_message,src/i18n/messages/layout.ts,,pc.left.evidenceType.email,메일,Email,メール,邮件,"UI, system, panel, tooltip, or control label from i18n message bundle."
ui_i18n_message_src_i18n_messages_layout.ts_pc.left.evidenceType.estimate,ui_i18n_message,src/i18n/messages/layout.ts,,pc.left.evidenceType.estimate,견적,Estimate,見積,报价,"UI, system, panel, tooltip, or control label from i18n message bundle."
ui_i18n_message_src_i18n_messages_layout.ts_pc.left.evidenceType.financial_record,ui_i18n_message,src/i18n/messages/layout.ts,,pc.left.evidenceType.financial_record,금융,Finance,金融,金融,"UI, system, panel, tooltip, or control label from i18n message bundle."
ui_i18n_message_src_i18n_messages_layout.ts_pc.left.evidenceType.forensic_report,ui_i18n_message,src/i18n/messages/layout.ts,,pc.left.evidenceType.forensic_report,감정,Forensic Report,鑑定,鉴定,"UI, system, panel, tooltip, or control label from i18n message bundle."
ui_i18n_message_src_i18n_messages_layout.ts_pc.left.evidenceType.institutional_note,ui_i18n_message,src/i18n/messages/layout.ts,,pc.left.evidenceType.institutional_note,기관 문서,Institutional Note,機関文書,机构文件,"UI, system, panel, tooltip, or control label from i18n message bundle."
ui_i18n_message_src_i18n_messages_layout.ts_pc.left.evidenceType.log,ui_i18n_message,src/i18n/messages/layout.ts,,pc.left.evidenceType.log,기록,Log,ログ,日志,"UI, system, panel, tooltip, or control label from i18n message bundle."
ui_i18n_message_src_i18n_messages_layout.ts_pc.left.evidenceType.medical_record,ui_i18n_message,src/i18n/messages/layout.ts,,pc.left.evidenceType.medical_record,의료 기록,Medical Record,医療記録,医疗记录,"UI, system, panel, tooltip, or control label from i18n message bundle."
ui_i18n_message_src_i18n_messages_layout.ts_pc.left.evidenceType.photo,ui_i18n_message,src/i18n/messages/layout.ts,,pc.left.evidenceType.photo,사진,Photo,写真,照片,"UI, system, panel, tooltip, or control label from i18n message bundle."
ui_i18n_message_src_i18n_messages_layout.ts_pc.left.evidenceType.photo_video,ui_i18n_message,src/i18n/messages/layout.ts,,pc.left.evidenceType.photo_video,사진·영상,Photo/Video,写真・映像,照片/影像,"UI, system, panel, tooltip, or control label from i18n message bundle."
ui_i18n_message_src_i18n_messages_layout.ts_pc.left.evidenceType.platform_log,ui_i18n_message,src/i18n/messages/layout.ts,,pc.left.evidenceType.platform_log,플랫폼 로그,Platform Log,プラットフォームログ,平台日志,"UI, system, panel, tooltip, or control label from i18n message bundle."
ui_i18n_message_src_i18n_messages_layout.ts_pc.left.evidenceType.receipt,ui_i18n_message,src/i18n/messages/layout.ts,,pc.left.evidenceType.receipt,영수증,Receipt,領収書,收据,"UI, system, panel, tooltip, or control label from i18n message bundle."
ui_i18n_message_src_i18n_messages_layout.ts_pc.left.evidenceType.record,ui_i18n_message,src/i18n/messages/layout.ts,,pc.left.evidenceType.record,기록,Record,記録,记录,"UI, system, panel, tooltip, or control label from i18n message bundle."
ui_i18n_message_src_i18n_messages_layout.ts_pc.left.evidenceType.repair_record,ui_i18n_message,src/i18n/messages/layout.ts,,pc.left.evidenceType.repair_record,수리 기록,Repair Record,修理記録,维修记录,"UI, system, panel, tooltip, or control label from i18n message bundle."
ui_i18n_message_src_i18n_messages_layout.ts_pc.left.evidenceType.sns,ui_i18n_message,src/i18n/messages/layout.ts,,pc.left.evidenceType.sns,SNS,SNS,SNS,SNS,"UI, system, panel, tooltip, or control label from i18n message bundle."
ui_i18n_message_src_i18n_messages_layout.ts_pc.left.evidenceType.testimony,ui_i18n_message,src/i18n/messages/layout.ts,,pc.left.evidenceType.testimony,증언,Testimony,証言,证言,"UI, system, panel, tooltip, or control label from i18n message bundle."
ui_i18n_message_src_i18n_messages_layout.ts_pc.left.evidenceType.video,ui_i18n_message,src/i18n/messages/layout.ts,,pc.left.evidenceType.video,영상,Video,映像,影像,"UI, system, panel, tooltip, or control label from i18n message bundle."
ui_i18n_message_src_i18n_messages_layout.ts_pc.left.timeline.close,ui_i18n_message,src/i18n/messages/layout.ts,,pc.left.timeline.close,타임라인 닫기,Close Timeline,タイムラインを閉じる,关闭时间线,"UI, system, panel, tooltip, or control label from i18n message bundle."
ui_i18n_message_src_i18n_messages_layout.ts_pc.left.timeline.open,ui_i18n_message,src/i18n/messages/layout.ts,,pc.left.timeline.open,타임라인 열기,Open Timeline,タイムラインを開く,打开时间线,"UI, system, panel, tooltip, or control label from i18n message bundle."
